frame,change 1.x,change 1.y,change 1.z,change 2.x,change 2.y,change 2.z,change 3.x,change 3.y,change 3.z,change 4.x,change 4.y,change 4.z,change 5.x,change 5.y,change 5.z,change 6.x,change 6.y,change 6.z
2,0.00590081890211977,1.9179872940432857e-05,0.0028939880430698395,0.005898733949842083,0.00027440730723553644,0.003058471716940403,0.0001299165826519344,3.227360001269511e-05,0.00033995136618614197,0.0019149158919587184,0.003391642933818946,0.0019158758223056793,0.003286298934238714,0.0014009369821910093,0.0006460472941398621,0.008703861271570579,0.003471151348910722,0.005634009838104248
3,0.00038563315478620797,0.000456478617173392,0.0011575259268283844,0.00023340647527686498,0.00036125822658518783,0.0012557180598378181,0.00038029718489356046,4.032664060222798e-05,5.669891834259033e-05,0.0028696157392759103,0.000997621207952111,0.0003641229122877121,0.0025398750289898284,0.0005743633234463856,0.00024389475584030151,0.0027959204157073647,0.0005456409402292469,0.0012290515005588531
4,0.00048470978545031573,0.0008402940832294009,0.00024185702204704285,0.002153983855861852,0.0001926431878988867,5.6568533182144165e-05,0.00019469968151808806,2.3597929513921546e-05,1.4230608940124512e-05,0.0018639317788065046,0.00011879467958835627,0.00013472232967615128,0.00032213221538510833,0.0008289763447622972,0.0004797261208295822,0.004792213802104928,0.0004798680018792481,0.0030400194227695465
5,0.0011198684512916945,2.00623615385781e-05,0.0005062893033027649,0.0010228476323700109,0.00034816683167989207,0.0007144073024392128,2.541717997096675e-05,4.4194260406058916e-05,6.420165300369263e-05,0.0006520708785269225,0.0009150542689408056,0.000778920017182827,0.0007744515393912771,0.0006575541731115367,0.000469110906124115,0.001004605288954602,0.0004358969923442639,0.0010504722595214844
6,0.00047782259590956055,0.00014883863504151426,0.0013043787330389023,0.0008900914083209976,2.9491060004029068e-05,0.0011137621477246284,0.00013677416735242282,1.8592299732659483e-05,0.0001005716621875763,0.0004080835656300186,0.00022258307619862916,0.00047445204108953476,9.392688055599036e-05,0.0015300381216419284,0.000636029988527298,0.0024385037445898983,0.0005784905913649076,0.0021713189780712128
7,4.478577987265808e-05,0.00021961514535720136,0.0003474876284599304,0.0014626767004390084,0.0002592216347130083,0.00013641268014907837,1.0783313235661687e-05,3.154201884110518e-05,1.584365963935852e-05,0.0003538486992895329,0.00010694807741332829,0.0004519559442996979,0.00034463980597092964,0.0008432102855627996,0.00016022659838199615,0.00020098582296879108,0.0002702447580638541,0.0003432370722293854
8,0.00039821038341200654,6.752078112338966e-05,0.000336257740855217,0.0003606417291328601,0.00041999277224217396,0.00031807832419872284,2.924221415812056e-05,1.6833450900196473e-06,4.8022717237472534e-05,0.0002563645022420763,0.0004967885175499662,6.332714110612869e-05,0.0004577534216022583,0.00035405626966326584,4.859454929828644e-05,0.0004303856824479646,0.00011880083939236168,0.0007799789309501648
9,0.0003228289859883715,0.00021725771142660014,0.0004973318427801132,0.0004969802840913973,1.880646555722093e-05,0.0004443805664777756,4.498804071788147e-05,2.412009017737542e-06,5.009770393371582e-05,0.001443509775731211,0.000734569378468268,0.00032017938792705536,0.0017495524859489353,0.0005085204011713498,0.0003177151083946228,0.0014050590542931951,0.00018212781625344052,0.000918317586183548
10,0.0003089303758080364,1.5243794413376949e-05,0.00039597228169441223,0.0010121162084247015,0.0003474616877270145,0.00018497556447982788,2.485731245938788e-05,2.2890167915427025e-06,4.034116864204407e-05,0.000690062390638499,0.0001894920373976955,0.0004753144457936287,7.784193711970339e-05,0.0002501633501961094,0.0008749458938837051,0.00045056425330713967,0.000298037720116209,0.0007148236036300659
11,6.227004206604825e-05,6.451096012302301e-05,0.0002113059163093567,0.0004908726881393544,4.2111594888517845e-05,0.0003312155604362488,8.387395966297749e-05,4.342637977273935e-06,5.517154932022095e-06,0.0008115121288940486,8.515253614265611e-05,0.0001023290678858757,8.717439774496433e-05,0.001291076071231887,0.0002542063593864441,7.200957949510256e-05,5.888073232844515e-05,0.00035449862480163574
12,0.0006037650116124949,4.9656629327859275e-05,0.000336645171046257,0.001028075486977087,0.0004529454280424658,0.00018607266247272491,4.2507355207480405e-05,1.9607320792349543e-05,2.0250678062438965e-05,0.0005874291665872167,0.0014775768513349274,0.0010541034862399101,0.0005094809908523373,0.00031134386301034066,0.0009332653135061264,0.0007834674210866477,0.0006938375989544061,0.0007879473268985748
13,4.9634015351407434e-05,0.0002370700472472259,0.00019537657499313354,7.667508638256604e-05,5.108274367349869e-05,0.00029069557785987854,6.610458363041916e-05,8.039340696430102e-06,2.5428831577301025e-05,5.971569342774763e-05,0.00012354287699855443,0.0005097417160868645,0.00012919714463102694,0.00018728561856302776,0.0006758160889148712,0.0010924640802415786,0.0003017186158304642,0.00015547871589660645
14,0.00010220704675964476,0.00010940396863225524,9.234435856342316e-05,0.0002247350736843956,7.5192405352697556e-06,0.0002191700041294098,4.331208803944747e-05,2.7420359311139874e-05,2.8558075428009033e-05,0.001954766080049658,0.0009619537624918351,0.00042195990681648254,0.0013081177745587064,8.068248369268172e-05,4.612095654010773e-05,0.0004076375994768733,0.0005772210568463602,0.0005737580358982086
15,0.0007048284177841035,0.00012479035907681998,4.432164132595062e-05,0.00031888802889976087,7.389690571792118e-05,3.6284327507019043e-06,0.00010123977502912371,6.988016590624363e-06,4.5903027057647705e-05,0.0007837263751930765,0.0005218233064653646,0.0009266780689358711,0.0009035857117907498,8.405900452248746e-05,0.0007815789431333542,0.0008590775244719795,0.00031859821647280996,0.0005696937441825867
16,0.00011065464217954735,0.00015492036020861577,0.0010131802409887314,0.00019469839167998715,0.00023722013909032238,0.0008640754967927933,0.00014651245312410736,1.5038556460230529e-05,7.822737097740173e-05,0.0007428788243235632,0.0029625171771123227,0.00021205097436904907,0.00018541081640799373,0.0019334397962644991,0.0004157405346632004,0.0005830947591576319,0.000292374962920304,0.0017749778926372528
17,0.00039934273173392043,1.7120232938913627e-05,0.0009108185768127441,0.00011918397726598529,5.5398199175219626e-05,0.000879194587469101,6.103495109347282e-05,2.342099759790675e-05,4.4036656618118286e-05,0.001346708217441768,0.0005384627271520295,0.00028557516634464264,0.0011211592850925572,0.00045615534138702084,0.00036145560443401337,0.0006299285311672231,0.00016926090802085736,0.0008970350027084351
18,0.0007757480074682965,0.00039564617276720976,0.0007056649774312973,0.0005207665084806801,0.0006265840489891143,0.001022258773446083,0.0001663525755263781,3.503107665073137e-05,3.844127058982849e-05,0.001932433429427359,0.002671066164937945,0.000321204774081707,0.0014276646477892133,0.002545494464392648,0.0007739532738924026,0.0014024369231459,0.0004653531427225646,0.0006537400186061859
19,0.00029598457025428737,0.0006529322124288819,0.0006262436509132385,0.0010100306160625572,3.2576892503455995e-05,0.0002690982073545456,0.00010479375162692449,6.123065531746697e-05,5.230307579040527e-06,0.0010917964952226814,0.006060665397501087,0.0007904767990112305,0.0021947439128964796,0.004768291297158932,0.00040484964847564697,0.0001299098611712013,0.001183579811303695,0.0009589940309524536
20,0.0009190366175727271,0.0010411631667517317,0.0005044341087341309,0.00105411915443826,0.0013271884207211107,3.279373049736023e-05,0.00018647038109882545,3.9689078660566646e-07,0.00011460483074188232,0.0046773069140991705,0.0007838490015970728,0.0019471533596515656,0.004458141296578053,0.0007068334773195073,0.0012698881328105927,0.0004969855802866019,0.00029261983661038257,0.002626359462738037
21,0.001105733470094128,0.00018880642753720325,0.001238793134689331,0.0011478944692043247,0.0002711393297891683,0.0016514714807271957,7.011094262485314e-05,8.082646278545621e-05,0.0001102350652217865,0.005201854534035315,0.00022481805485856377,0.0008896384388208389,0.004364566001093126,0.0002866516218765682,0.00042093731462955475,0.0012958350467423274,0.000993413604166736,0.0014347843825817108
22,3.7657611400787605e-05,6.618486899295783e-05,0.0015637539327144623,0.0015707265190558206,0.000889336224875064,0.0013062302023172379,9.26735661841982e-05,4.5878325157021164e-07,8.605420589447021e-05,0.0031010235825250643,0.0008022459665137857,7.285084575414658e-05,0.002771470097782412,0.0004938356658607517,0.00029971636831760406,0.0011414330714547005,0.00028020535607957073,0.0014182589948177338
23,0.002915366682307158,0.0008742968863979309,0.0007252339273691177,0.002073383377910548,0.00026161001080434593,0.0006683021783828735,2.6626432489932836e-05,2.1996648037146335e-05,3.797560930252075e-05,0.00222088051221591,0.0004402766584335402,0.00019188784062862396,0.0027630505766740934,0.0016461166016950631,0.00029398128390312195,0.00022028892020964363,0.0006107315118584426,0.0004841126501560211
24,2.1110208434038658e-05,0.000476820453050808,0.0006008073687553406,0.0005943418437828751,0.00019061469600105407,0.0006317794322967529,0.00016780344960929533,4.556808320651043e-06,3.6232173442840576e-05,0.0013785739978262879,0.0010669932644074703,0.00010309088975191116,0.0010419852556135395,0.000130508404895157,0.00018569454550743103,0.0023032282010861382,0.00010933821294185041,0.0005806833505630493
25,0.0003334531360216775,1.916867890420018e-05,0.0002259388566017151,0.0003486754608686138,0.00020400823815917846,0.00015471316874027252,6.767440546686862e-05,1.562637142996483e-05,4.790350794792175e-05,0.0008850426338853495,2.168985054615269e-05,0.0003693578764796257,0.0017320055223307498,0.0011570808952405236,0.0005030352622270584,0.0006513343895467594,0.00023041479658323857,0.0008234679698944092
26,0.0009342990129516393,4.808314545034359e-06,0.0005144253373146057,0.00041074026106771577,6.985577869367265e-05,0.0006120335310697556,2.1199858470965713e-05,5.122892446315832e-06,4.5981258153915405e-05,0.0005684452011168947,0.0007207345967763651,0.00037933047860860825,0.000559240238703726,0.0005314285324763256,0.00019537284970283508,0.00043092370404226865,0.00010349475675748565,0.0008320324122905731
27,0.0013772678070346767,0.00010461069910986526,0.0006878264248371124,0.0016717563839372118,0.00019480932780928384,0.0010163821280002594,8.803289414336356e-05,5.307342181738034e-05,4.2866915464401245e-05,0.0015063815608242492,0.0004230991117614019,0.0003521963953971863,0.0014007300349231713,4.022882391681651e-06,0.00012473203241825104,0.0018266625393291436,0.00098441130253352,0.00022055208683013916
28,0.0008147916535877486,8.77106422720042e-05,0.0003406573086977005,0.0010220808858752706,0.00011702943831556206,0.000378534197807312,5.789183599939213e-05,1.2119883380228881e-05,4.317238926887512e-05,0.0003578205324919273,0.001203573316981274,2.3958273231983185e-05,5.434425130568937e-05,0.00011580073458559298,5.304999649524689e-05,0.0004640250854390793,0.00026859422703245234,0.0007900521159172058
29,6.359787993931443e-05,0.00010402208172081637,0.0004822388291358948,0.000402546098823342,8.107705313858266e-05,0.00019032321870326996,4.148013754162912e-05,4.2877850380246014e-05,3.203749656677246e-07,0.0008414097359507391,0.0005160127995617325,0.00048209261149168015,0.00060786441703925,9.817369716367229e-05,5.052238702774048e-05,0.0014014041985108971,0.0005850094592986556,0.00026621297001838684
30,0.00025538221094759117,0.00017091967620134346,0.00013683736324310303,0.00015317630539635196,0.00016749521848041793,0.00010910071432590485,2.050727035214639e-05,1.2932168976795017e-05,1.1391937732696533e-05,0.003947406594432747,0.0017880527317305495,0.00021155644208192825,0.002726918442317622,0.0002899287580602275,0.0001955721527338028,9.043430567939881e-05,0.0004811405417098555,0.00044914335012435913
31,0.00027217565521664433,9.594463022278427e-05,0.00044015608727931976,0.00017302741788399745,2.50348200440606e-05,0.00043708644807338715,1.1163878795022661e-05,3.1142359628020568e-06,2.3826956748962402e-05,0.004875822063446743,0.0010070680963220544,0.0003667296841740608,0.0038283916885862093,0.00019749554618739978,0.00037193112075328827,5.583464969716179e-05,0.00018445354492295507,0.0005131438374519348
32,0.00016154956552444366,6.128726950164684e-05,0.0002646222710609436,0.0001346886022723648,0.00014937599126298856,0.0003020167350769043,2.9064858220762338e-05,7.404913334203974e-06,5.2616000175476074e-05,0.0021952294344753445,0.0005497642797618052,0.0005250507965683937,0.0015939163317804442,0.00029636909220348215,0.0005126763135194778,0.0004164734662648606,0.0003286114734566588,0.0011135190725326538
33,0.0010698464353346981,1.3566392950473821e-05,0.0002918727695941925,0.0005431247471924527,0.00032078251537883545,0.0004099942743778229,3.275760049151026e-05,2.1961440441937074e-05,2.32011079788208e-05,0.0006267111297966546,0.0003029233698770145,0.00018175598233938217,0.0007150769320452069,8.614884756441565e-05,4.9019232392311096e-05,0.0007514113719472026,0.0004919016315316112,0.00019674748182296753
34,0.00039123891434225677,2.4851521920138397e-05,0.0002872701734304428,0.0003082992698182352,2.6212666893572767e-05,0.00028610602021217346,3.086609746893662e-05,1.2616639813958557e-05,6.715580821037292e-05,0.0014237513939316243,0.0006021368840855718,0.00098397396504879,0.0010457173983132381,0.00011421046183646144,0.0010473895817995071,0.0008081203648630797,0.00019889520561140392,0.001202613115310669
35,0.0006071429540747408,0.00015314117226575621,0.00031108222901821136,0.0007755335974442557,8.773487987754486e-05,0.00013447925448417664,2.4201665260565122e-05,1.9311448610656264e-05,2.3245811462402344e-05,0.0021884893435087094,0.00012472113099550042,0.00032267626374959946,0.0022940045507840456,0.00021268562642378502,0.0005502905696630478,0.0009375149189792542,0.00047782339663629894,0.00015980005264282227
36,0.0001229293368056883,0.0002547052948537881,0.00031335651874542236,0.000249104497153263,0.00021914133039245554,1.8291175365447998e-05,7.754919323908933e-05,2.2305048202717016e-05,1.4360994100570679e-05,0.0019108224765400847,0.0010536003650608305,0.00020830146968364716,0.0010269963715594244,0.0013256439307277618,0.00023806095123291016,5.246796307339929e-06,0.00039357479864347497,0.0004044175148010254
37,0.0005427536342985928,0.00021537370661355026,0.0003898199647665024,0.0003724391332602939,0.0003078563117648106,0.0005308948457241058,0.00014637710341816254,2.060757920686429e-05,5.9153884649276733e-05,0.00541531342614418,0.0015479867796562505,0.001189274713397026,0.0038874213659595494,0.000638279081550246,0.0009661614894866943,0.00012883649214640025,0.0003543004215493962,0.0011879466474056244
38,0.0004789886616070882,0.00011835977843331624,0.00024353154003620148,0.0006105576751369857,0.00013829181429893603,8.621625602245331e-05,6.61284977500707e-05,1.6097919465527335e-05,3.251805901527405e-05,0.0030207735939464034,0.000686051896618467,0.0006267828866839409,0.0028352178730976646,0.0002812671363668154,0.0008798837661743164,0.0013381141504386906,0.0001592391083061872,0.0009402111172676086
39,6.52807139533973e-06,0.000141762868986723,0.001040380448102951,2.1266948471598823e-05,0.0004703405292200112,0.0007853005081415176,3.699983310121932e-05,6.087830258112649e-05,1.6085803508758545e-05,0.0022802608697358867,0.0008496441245229025,0.00040587224066257477,0.0026062768332147795,0.0020634054323066565,4.2280182242393494e-05,0.0002078200477460268,0.0008940020906946945,0.0007371231913566589
40,0.001188421022781494,0.000384477297742377,0.0002642739564180374,0.00045079217839466557,0.0002409281457885215,0.00033201463520526886,6.43024632897126e-05,5.234084787881588e-06,3.321841359138489e-05,8.873264651009655e-05,0.00018568807153755695,0.00038302410393953323,4.8533456619058446e-05,0.000285739459714926,0.00038205087184906006,0.0001455806071260224,8.556562530202295e-05,0.0005176663398742676
41,0.0002130380811263266,7.17896217944311e-05,0.00015918724238872528,4.0917481300278835e-05,5.231252138994738e-05,0.00014908984303474426,5.4301147783469145e-05,1.2584866372512956e-05,1.2546777725219727e-05,0.0007418956277840116,0.0007944096859858821,0.0001289956271648407,4.7090663485807593e-05,0.0003573020559884156,9.03196632862091e-05,0.0006270817922229,0.00019592914605672668,0.00043632835149765015
42,2.768955144766272e-05,7.501079393545246e-05,7.20638781785965e-05,0.0008704855717264204,0.0001864727750652516,6.187520921230316e-05,1.2652315507229867e-05,5.465032726283668e-06,1.5117228031158447e-05,0.0006389351364715495,0.00043716582099927875,0.000177823007106781,0.0017866093755289705,0.0008606871811723312,4.408508539199829e-05,0.00024265144903967695,0.00010332316971681937,0.00025508925318717957
43,0.0010091937899136816,5.27904516327074e-05,0.0001291818916797638,0.0007893300091066924,0.00041827051288619715,0.00027787312865257263,4.3965158049731265e-05,1.369479231699887e-05,4.306435585021973e-06,0.003407968820018925,0.00041532381636686516,0.0002311738207936287,0.0019307229187674607,0.00022410151734069544,0.0001133214682340622,0.0012188884643597186,7.647914206887312e-05,0.00031194835901260376
44,0.00035695568336502337,2.92307509413281e-05,0.0005472209304571152,2.2959559269064567e-06,7.248379036497998e-06,0.0002314876765012741,7.704531372644367e-05,2.2687063539931747e-05,1.842901110649109e-05,0.0011862611629589667,0.0008273165655255932,0.0004183342680335045,0.0002569924117745426,0.001113802770245047,1.9749626517295837e-05,0.0014391343057658657,0.00024003136524523676,8.016824722290039e-05
45,0.0009816271304310398,0.00016485677824035205,0.00029672496020793915,0.0001846755804940925,1.579089176416415e-05,0.000278327614068985,1.1164426375952913e-05,2.920879370339887e-05,2.8602778911590576e-05,0.00025535317071147257,0.002462092758970552,0.0006207972764968872,6.763819942606775e-06,0.001399502645723947,0.0005460120737552643,0.00046695724843456854,0.0008107113532796681,0.0008123070001602173
46,0.0003032731171792036,0.0003613556781792704,0.00031547248363494873,0.0002617479226698638,0.00026675400013226325,7.372349500656128e-06,9.882263616646861e-05,4.890202606961638e-05,6.567314267158508e-05,0.00047460532371581404,0.0021128245808720997,0.0020300671458244324,0.0006730246021561595,0.0011907080597472787,0.0015483610332012177,0.0006013863036183065,0.00022708820048725556,0.0011062473058700562
47,0.0010689924399122641,7.178100422990108e-05,0.00048628076910972595,0.0007781426443589645,5.6590122730640346e-05,0.00038717128336429596,4.3338163037367e-05,3.060299121555106e-05,1.1652708053588867e-05,0.001176935645612165,0.0026479824896618737,0.0006755152717232704,0.00165981856316115,0.002808013854691784,0.0004886072129011154,0.0008182273596802347,0.0007622602147302586,0.00017935410141944885
48,0.0004611897590528491,0.0001592016809535482,0.0003024321049451828,0.0003685785967677546,4.976566638260557e-05,0.00039259903132915497,0.00010727082388176969,1.2442040633734212e-05,2.4631619453430176e-05,0.0011435209341873684,0.0003045542436681675,0.0003447141498327255,0.0005776856506193029,0.001066203503146422,0.00022385269403457642,1.7106965395863316e-05,0.00017314302722911193,0.00038431212306022644
49,0.0004607253046698401,9.34167868656341e-05,0.000711534172296524,0.0005953620524155601,3.836100975597792e-05,0.00043952465057373047,8.353945200456452e-05,7.732168867105181e-06,3.0566006898880005e-05,0.001030417215628611,0.0005046778795616338,0.00033872947096824646,6.601730262344174e-05,0.0016202611610506377,4.548206925392151e-05,7.006387943045422e-05,0.0003256675663791276,0.000695493072271347
50,0.0006360771654149722,0.0001111227720520247,0.000845000147819519,0.00039026753486329224,0.00029464333226909833,0.0005779936909675598,8.706615386233976e-05,4.920657552563441e-05,3.714859485626221e-05,0.0007821539345436029,0.0006206598359606852,0.0001186951994895935,0.0007988993961125374,3.441728251071807e-05,0.0003086049109697342,7.57208960648903e-05,0.0010043829038705477,0.0012805461883544922
51,0.001326525828941827,0.00019058148284279916,0.0003037862479686737,0.0013875823754253835,0.00035860326342680715,0.0004025641828775406,2.334985882423285e-05,2.4478502270121306e-05,3.863871097564697e-05,0.00020950920768948028,0.0014905006693570963,0.00045991409569978714,0.0003205413885808972,0.0007491044285337489,0.00031380727887153625,0.0012679281351446192,0.0005117676654058795,0.0007161796092987061
52,0.0006328178702892651,5.945083216215771e-05,0.0009455978870391846,0.0006054184004706809,0.00012299325285864554,0.0008741412311792374,0.00012278267505834266,5.6991388233432975e-06,4.602968692779541e-05,0.0011742615555277794,0.0023649351819348408,0.0004100138321518898,0.0007939706404958766,0.00041041581751689177,0.0003200620412826538,0.0012816422259926408,7.105588280888718e-05,0.0010690763592720032
53,5.5746152081481704e-05,0.0005143267158069786,0.0006591398268938065,0.00031627962628291706,4.474892946491199e-05,0.00027852319180965424,3.0776664537228784e-05,1.778451817382163e-05,3.1288713216781616e-05,0.0008447542142961187,0.0003794830385856901,9.861495345830917e-05,0.00024196034137908412,0.0008777390266442447,0.0004297681152820587,0.00016313872922407713,0.0003794320551455451,0.000522807240486145
54,0.0002290804389754042,0.00023545599413175508,0.000808989629149437,1.4906862154967504e-05,0.00017659431829401134,0.0005684327334165573,9.87272735766976e-05,5.708803411579673e-05,3.542006015777588e-05,0.00022604210711992673,0.0022478158904199533,0.00033910106867551804,0.0001795199692084526,0.0009438153907157763,6.874836981296539e-05,0.0007032457566111816,0.0005882811800449455,0.0010113269090652466
55,9.804097769347542e-05,0.00030779489051446784,0.00015601329505443573,0.00019656086290895103,0.0002081211576018399,0.00012352317571640015,1.4734505151289476e-05,2.1074045537513588e-05,3.706291317939758e-05,0.0019479149248865235,0.0008244208628189059,0.00043292902410030365,0.001922023612847469,6.391783990303268e-05,0.0007554963231086731,0.0012720378033858892,9.604969541108198e-05,0.00031856074929237366
56,0.0004581894677097853,0.00010697981359018144,0.0006505288183689117,0.00047460680449698534,1.575951754887589e-05,0.0005815308541059494,9.264411001397646e-05,1.7897270265817113e-06,5.362555384635925e-05,0.00012174907540472846,0.00037631253185019947,0.00044893473386764526,0.00014943108208448352,0.00018087377501550816,0.00050407275557518,0.00045474611133175524,9.163797445382177e-05,0.001542162150144577
57,0.0001050087044357495,7.261393438277516e-05,0.0001907944679260254,0.00027188519302576153,0.00017172673025655366,4.805997014045715e-05,3.171869787692988e-06,1.503894481881692e-05,6.932765245437622e-06,6.287175633509778e-05,0.00031929492918785635,0.00013955309987068176,0.00020290428848326186,0.00013931317386557326,4.524923861026764e-05,0.00019695144697143285,0.000303086279187929,0.0002071484923362732
58,0.0007377358030511982,0.0002865080784415011,0.000352395698428154,0.0004884183363291494,0.0003636231495837035,0.0003066211938858032,3.674556282701018e-05,1.8856338139941974e-05,2.221018075942993e-05,0.002254835330581864,4.3684130633728224e-06,0.00014846120029687881,0.0017794774387336967,0.0007642790930603282,0.00022149644792079926,0.002014596443449451,0.0003194392014851371,3.0875205993652344e-05
59,0.0007575460524553712,0.0006682204584508092,0.00047769583761692047,0.0008167785629286939,0.00021686136270519796,0.0004040040075778961,1.8827087945151935e-05,3.7264772579329464e-06,2.2880733013153076e-05,0.0015521285883402444,0.00072605582593252,5.872175097465515e-05,0.0013806209634348657,0.0005514268154247527,3.7940219044685364e-05,0.0015359699217052658,7.943330856708536e-05,0.00024981796741485596
60,0.0008435163460807915,0.00020196020314990765,0.00015182234346866608,0.0009498357921977063,2.7873795106703875e-05,0.00016466528177261353,7.671378930989431e-05,3.59562774474736e-05,8.944422006607056e-06,0.0012370066192454315,0.0012774672397146483,1.3452954590320587e-05,0.0005682465495638195,0.00020362885811770794,0.0005274936556816101,0.0016527955918063941,0.0006894426839373531,1.49458646774292e-05
61,0.0011281539303089894,0.00017664513056664388,0.0007647443562746048,0.00024580350151556796,0.0003677204457251046,6.857141852378845e-05,0.00014825394091928963,6.078329982647237e-05,1.1242926120758057e-05,0.001909516485525696,0.0014959129670913396,0.0007434971630573273,0.0011679913173101297,0.0002824107432309493,5.8552250266075134e-05,0.001625851119847005,0.0003215381703850686,0.000450722873210907
62,0.00034388131540222244,3.2838521723838054e-05,0.0001612156629562378,0.00019888856283190037,0.0003952498597202467,0.00026206113398075104,6.633824334415644e-05,2.3506968802715746e-05,1.829490065574646e-05,0.0011604662986664793,0.0018484111703476122,0.00023752544075250626,0.001958499264102062,3.0276319674456265e-05,0.00021540001034736633,0.0021002423818031746,0.00016592242029754393,0.0007649809122085571
63,0.00030696340005831324,0.0002713138276239091,0.0002700015902519226,0.0003098872966169064,0.0004490616562842116,0.00016754120588302612,5.444174902330748e-05,2.70024630646844e-05,4.076957702636719e-05,0.001995754913862162,0.0003117321945112911,0.0010560192167758942,0.002130863120719577,0.0022529757034072326,0.0013226792216300964,0.001190765108832953,0.00043533674197124284,3.460794687271118e-05
64,0.00013440981597301338,0.00036554644556475654,0.0006471257656812668,0.0005661051597418421,0.0003809686235989561,0.001513998955488205,5.13468173189216e-05,8.760625580566121e-05,8.463859558105469e-05,0.001238791918703852,0.004425330752292678,0.0013112779706716537,0.002087874087836755,0.00347145243956545,0.00015379860997200012,0.0002103955904609045,0.0008294587569977257,0.002489931881427765
65,0.0025228616708585505,0.0004160760741885941,0.00038685277104377747,0.0012193960018576921,0.0001055919632057499,0.000761520117521286,0.00010299687013642575,3.13459976359862e-05,3.777816891670227e-05,0.0032264049674039647,0.000340121228288498,8.642952889204025e-05,0.0029459457089031013,0.000992261465409254,0.0006157625466585159,0.002512117015511378,0.0005830925470001122,0.00034346431493759155
66,0.00028490068195649587,0.00042017407435540263,0.00019291043281555176,0.0011668292005839187,0.0003891082016084686,0.0002526380121707916,4.844577453175236e-05,9.504049771336435e-05,2.864748239517212e-06,0.0030880290977255698,0.003232175670459629,1.9447878003120422e-05,0.001408428344742363,0.00319312780442026,0.000595657154917717,0.0010986133498832595,0.0013120408502405112,1.8309801816940308e-05
67,0.0010236134184809509,7.80458742574916e-05,0.001135110855102539,0.0002488720651036558,0.00033398810060445566,0.0006794445216655731,0.00022109957359552068,7.237990944825555e-05,1.9513070583343506e-05,0.0012346414429804456,0.0015442202106351818,0.0003703683614730835,0.0011778525950259869,0.0008800839758377685,5.7211145758628845e-05,0.0010039969920647707,0.0007992442544842949,0.001077260822057724
68,0.0011334051280597057,3.5634769239307335e-05,0.00014442391693592072,3.4420095416737295e-05,0.0003310616550688053,0.0005296412855386734,4.9554513355497265e-05,5.395177373946822e-05,2.2973865270614624e-05,0.0008465773509081093,0.0004947916182820797,0.0003067534416913986,0.0019773018222136243,0.0012634784103288353,0.000336967408657074,0.0009142985722577213,0.0008508961337216001,0.00040993839502334595
69,0.001192132256351175,5.101361140734395e-05,0.0001071486622095108,0.0009925947915473965,7.12428945293872e-05,0.00040694326162338257,8.292823090579916e-05,4.7530333841461474e-05,2.5741755962371826e-05,0.00025281536028120416,0.0014190101151953932,0.0002907775342464447,0.00029464346558535914,0.0004279169884422035,0.0006206966936588287,0.001471617125072766,0.0005853490306040078,0.0003081187605857849
70,0.00017658637747683392,0.00032350166325003857,0.0006807725876569748,6.280115823284471e-05,3.090534502346934e-05,0.0007946155965328217,0.00020224497135308897,8.113978188428392e-06,6.157159805297852e-05,0.002891589385008421,0.0003530545675500332,0.0003331415355205536,0.003213137800076607,0.00068802392189991,0.00023864582180976868,0.0013115049169691306,0.00015944286978070588,0.0018732137978076935
71,0.000323870667347681,0.0002544396775560065,0.0003511030226945877,0.00035174649785155165,0.0007022450732009737,0.0002082083374261856,8.766003965514878e-05,9.16875371226506e-05,1.4331191778182983e-05,0.00269085816223618,0.0008578222039036729,0.000538952648639679,0.003328966599128763,0.0018710038598038353,0.00025633350014686584,1.5389146747091242e-05,0.00120444223205547,7.56196677684784e-05
72,0.0006040723691598526,2.396284755944514e-05,0.00010249391198158264,0.00038144175113427603,0.000128639696269299,0.0003533046692609787,6.22222010485899e-05,4.542952438898833e-05,1.8998980522155762e-07,0.003812872212345886,0.001654632116423891,0.00034019723534584045,0.003766500283140052,0.0008916317177548247,0.0006767567247152328,0.0015602432240061914,0.0008038098458991452,0.00019755959510803223
73,0.0012281835926925,0.00013175738046945426,0.00045817717909812927,6.744048371828959e-05,5.3859699905293296e-05,0.0007657445967197418,0.00015241271102388494,7.700535759548892e-05,5.8069825172424316e-05,0.0017368076685963033,0.0019396051676023804,0.0011507440358400345,0.002572799401696052,0.0021683376126693937,0.0006727948784828186,0.0012869970008081988,0.0012712491575006131,0.0022943690419197083
74,0.0017275773558701468,0.0006221043550409776,0.0009266771376132965,0.0014949610911733635,0.0006530042880478655,0.001463601365685463,0.0002795068181699282,6.519590460705085e-05,7.606297731399536e-05,0.0009419217953025028,0.0004863105533049403,0.00017634406685829163,2.971845031211895e-05,0.0005057138636131303,0.00044330768287181854,0.004274053823504792,0.000683800068363976,0.0011996403336524963
75,3.949141616471641e-05,0.00027235601172464347,0.0013822037726640701,0.00036802905344474057,0.00010225012223835997,0.0015233736485242844,0.0001187838905660956,1.7781041111875458e-05,9.75877046585083e-05,0.0021879021936692528,0.0004593019012678716,0.0007698182016611099,0.002528632924978666,0.0009190112088262557,0.0007569529116153717,0.0018034961890904255,7.79998562446322e-05,0.0014893971383571625
76,0.0015252563122656604,0.00014038778747369612,4.3064355850219727e-05,0.0014390958375685992,0.00017190497052195497,2.0870938897132874e-05,2.26189659977543e-05,2.7267400879595586e-06,3.0856579542160034e-05,0.001105524229697251,0.0006340039252201689,0.00012982264161109924,0.0005370260177109676,0.0008153836772294941,6.0051679611206055e-06,0.002580875190383053,6.031274403013847e-05,0.00019286200404167175
77,0.001918349510115963,0.0004263697084803987,0.00031936541199684143,0.002054220580122418,0.00022836025968540896,0.0006331223994493484,5.528176079234309e-05,4.785330040342081e-05,2.1588057279586792e-05,2.6967114488407606e-06,1.3013323711279223e-05,0.0001014862209558487,0.00034627676753731795,4.8472124294624e-05,0.00041010789573192596,0.0009858604893677458,0.0006675017726876786,0.00011784955859184265
78,0.00010053873673232516,2.962197759329155e-05,0.00018937140703201294,0.0002531677113302988,9.60704589073949e-05,0.0004002358764410019,5.380082727197803e-05,2.5951809516126955e-05,3.1579285860061646e-05,0.0010111356839759764,5.66440523924773e-05,4.163384437561035e-05,0.0008433380185869366,0.00014026898986292322,0.00033084675669670105,0.001593226216404925,0.0004630254835334175,0.0002286173403263092
79,5.709507302834038e-05,2.7921583798280747e-05,0.000333419069647789,0.0001275723395395001,3.009530071384353e-05,0.0003999285399913788,6.834178007706151e-05,2.3905263670282587e-05,2.8487294912338257e-05,0.0005820679038180399,0.00039925509824799074,7.00186938047409e-05,0.0009675193278469371,0.0007639641377509658,7.070600986480713e-06,0.00045193821558056624,0.00036919937118291623,0.0002949051558971405
80,0.0019540088286717494,7.188616210685936e-05,0.0006901994347572327,0.0016535403725526643,0.00021006937084905655,0.0008718725293874741,0.0001794914821650201,3.714725085149033e-05,7.136911153793335e-05,0.0018716187825543323,0.000544194853406621,0.0005996562540531158,0.0017001139644171465,0.00016120245316418938,0.00030789151787757874,0.002655561295222819,0.0005746460846683186,0.0011227354407310486
81,0.0012502933259407878,8.070557549685886e-07,0.0008710063993930817,0.001678848837295549,0.00018244818724328857,0.0001560542732477188,4.3666935620597855e-05,5.764071910805058e-05,5.112588405609131e-05,0.000530610550529477,0.0001659673696939555,0.0002597291022539139,0.000148244397583,0.0018775087151444853,0.0006541945040225983,0.002111950927559253,0.0009362196379230847,0.0009153373539447784
82,0.0006585743806804822,0.0001859431170789204,0.0007906015962362289,0.0008970580171017983,0.0006140345762790274,0.0011849571019411087,0.00014187826244968851,6.290578074195692e-05,8.35619866847992e-05,0.00021236585433866834,0.00015837115094476453,0.0008514914661645889,0.00014446450132085675,0.0004036484580899613,0.0002566743642091751,0.002046369081972199,0.0011621309212861918,0.0010949596762657166
83,0.0008376172218206857,0.00019915273851585716,0.0004547908902168274,0.0006464595838769349,0.00024863109520129045,0.001013588160276413,4.523580613668282e-05,4.617553113567961e-05,3.152713179588318e-05,0.00041181336024513626,0.0005908699782589157,0.00028581172227859497,0.0005614893794809173,0.00019898934591943904,0.00030534155666828156,0.0014219666387870478,0.0007379131044706893,0.0003488510847091675
84,0.00015333900437466963,0.00017612971787949253,0.0002675820142030716,0.0001160701921887608,0.00014813250104581122,0.00045481324195861816,3.2088620920939226e-05,9.319376232248098e-06,1.849234104156494e-05,0.0001590661054566428,0.000284345788087486,0.00032549910247325897,0.0004797790272121419,0.000657719767973481,0.00017532147467136383,0.0013678814896528335,0.0003367872788262367,8.827820420265198e-05
85,0.0014005985763468898,0.0006596538652715797,0.0011785216629505157,0.0015835686405881177,0.0002941833768795518,0.0010036565363407135,0.00015910493516993474,2.8711064457025793e-05,8.236244320869446e-05,0.00040951308752396054,0.0003018617210997533,7.578171789646149e-05,0.0004879806296093983,0.0005225398535052481,0.0002726800739765167,0.0026477859507643975,0.0003968304277680837,0.0013003349304199219
86,0.000468041298412214,9.421973056514613e-05,0.0007430389523506165,0.0008514198540663931,0.00015809311745113366,0.0010084379464387894,4.475153932040864e-05,6.15194856786859e-05,9.024515748023987e-05,0.001216924750018722,0.00023947903745170224,0.0008914191275835037,0.0016818736871207843,0.00127728176080592,0.00047604553401470184,0.0003901743814982983,0.0011167260160545834,0.0013689659535884857
87,0.0002574999449162785,0.0007986515658293218,0.000118304044008255,0.00031899448925568064,0.00022408817707151446,0.0003055725246667862,2.3001195976323635e-06,2.6277359876608554e-05,7.867813110351562e-06,0.0009153189755232508,0.0004160955573662764,7.409043610095978e-05,0.0008524973185497151,0.00030101771485381915,0.00044386647641658783,0.00030949521958154036,0.0005796745512067982,0.0004893951117992401
88,0.0001970854198397043,1.1645771402297306e-05,0.000303756445646286,0.0002700825530943807,0.0004341932254750651,0.00016322173178195953,2.901373682053822e-05,1.0543901371921503e-05,9.715557098388672e-06,0.0014855319728550725,0.000582321077995749,8.801184594631195e-05,0.0015246567623628318,0.000434714428427168,5.976669490337372e-05,0.0005947156540446197,5.815388577438572e-05,8.2407146692276e-05
89,2.4058298074863815e-05,3.0347825738675366e-05,0.0003180168569087982,5.4239281917001225e-05,0.0003062294245790055,1.850910484790802e-05,6.522081248624273e-06,5.897541179511652e-05,1.7132610082626343e-05,0.0014141949845460702,0.0003646932294128248,0.0004818420857191086,0.0016700025220306933,0.0010028201675352337,9.187497198581696e-05,0.0004279977666774848,0.0007747017342483176,0.0004035048186779022
90,0.0002117487177061006,2.7041830275652268e-05,3.4963712096214294e-05,0.0001723071109633323,0.0004812754635878727,7.283873856067657e-05,3.444458292568148e-05,6.304177157827795e-07,1.6458332538604736e-05,0.0006685029016820984,0.0010419237184211456,0.0004180632531642914,0.00035776446593042965,3.9548423807048844e-05,0.00031599029898643494,0.0003027766699520429,7.159683864404196e-05,0.000264190137386322
91,0.00022243488473877582,0.00016994514403914293,0.0012777168303728104,0.000206948762664666,0.00014333213823351787,0.0009372737258672714,0.0002544214784939991,3.7782908257868856e-05,4.167109727859497e-05,0.00042833629553255814,0.0010706853588176093,0.00038040801882743835,0.00041779385395353946,0.000465995227365696,0.00011300109326839447,0.0013722538999557665,0.0005370434662999801,0.0014413632452487946
92,9.854630333661074e-05,0.00012901372480878665,0.00015934742987155914,0.0003097880251403118,5.567953421610136e-05,0.0003590565174818039,0.00020067132904641287,1.2191524412292934e-06,3.4712255001068115e-05,0.0007509319855316665,0.0012389317290687554,0.0005990937352180481,0.0003352291397873339,5.821228721099303e-05,0.0007130801677703857,0.0002894059765203849,0.00020795014762502487,0.00016774609684944153
93,0.0006598314106987524,3.653616873547025e-05,0.00016875192523002625,0.0009236373821688015,0.0002684680282764723,0.0003492627292871475,1.2730288222784908e-05,5.3842079365425436e-05,2.5909394025802612e-05,0.0008527209248135187,0.0007995875080808838,0.0007405076175928116,0.0011790510511749328,0.0007787591159438972,0.00044409558176994324,0.0011232616916835858,0.0009858765854310885,9.076669812202454e-05
94,0.0006475428593831767,8.349381065625439e-05,0.0002122633159160614,0.0008249478629959173,0.00011349117515665336,1.3343989849090576e-05,7.782260569026006e-06,2.81430395390173e-05,5.811452865600586e-06,0.00027740835803630876,0.00026210891125539107,0.0002223961055278778,0.00017742276257599193,0.0007454951187980466,0.0005506761372089386,0.000558617266421646,0.0004612746248956166,3.926455974578857e-06
95,0.00040152853942052036,4.416954041797441e-05,0.0007727108895778656,0.0006724738476121539,9.284309230235196e-05,0.0006770733743906021,0.0001317496317395899,5.0382282600992866e-06,4.050135612487793e-05,0.00038320671919225835,0.000284256648264071,0.00012716278433799744,0.0002690571573575884,0.00019539318212656934,0.000288376584649086,0.0001724998103302955,8.711123796648654e-05,0.000891026109457016
96,0.0003405364437205072,8.023043763836016e-05,0.00022029131650924683,0.0002320609329921619,0.0003614888662652506,4.6955421566963196e-05,0.00010779494442609769,2.092155981848852e-05,1.9069761037826538e-05,0.0006947974691429645,0.0004865842738660635,0.0006643105298280716,0.0006330107812119665,0.00043422928318377976,0.0003048200160264969,0.00038542903531385564,0.0002681294381810177,0.000566970556974411
97,0.0005654642455255043,9.182444437000684e-05,0.00032037124037742615,0.0009753355373068873,0.00019395995939897742,6.073899567127228e-05,9.581488242873214e-05,3.151386463982444e-05,2.942979335784912e-05,0.0009407755483075431,9.707575141332594e-05,0.0002148207277059555,0.0011663048846082547,0.0004888913939452497,2.164393663406372e-06,0.0002902041293018631,0.00045476189352583723,0.00047980621457099915
98,1.9398290894562242e-05,0.00017500009382488343,0.00027215853333473206,0.000401288871939548,0.0002393279986187373,0.0003939680755138397,0.00010106205694377507,2.090004247578048e-05,4.374980926513672e-05,7.846617277346146e-06,0.0011003127886394376,0.0008102059364318848,0.0006610157139588374,0.001055689329244245,0.0005967877805233002,0.0008305445859537464,0.00043147121261218947,0.0012589506804943085
99,0.0002025999957824265,0.0002862967542948715,1.6069039702415466e-05,0.0003662198615442813,0.00030749440463370345,0.000304175540804863,5.864156787493448e-05,4.81094579982093e-05,3.4730881452560425e-05,0.0004517177282669163,0.001071049231918298,0.0007869396358728409,0.00031814259458213395,0.0002659294298261068,0.00033860281109809875,7.5094109085738214e-06,0.000801653385298426,0.0008013583719730377
100,0.0005985996973447982,0.00019169517778579517,0.0007651764899492264,0.0002989749088557203,0.0001884301521512255,0.0010121408849954605,9.780732172953027e-05,2.454802363842975e-05,5.06378710269928e-05,0.0020951938513110793,0.00042479515306019164,0.0002613719552755356,0.001930902086862897,0.0005008447424341873,7.059238851070404e-05,0.001154700052283908,0.00022851104888804946,0.0005074255168437958
101,0.000917223954711055,4.29173142112195e-05,0.0004272926598787308,0.0008036951430469563,0.0001598150936806056,0.00043961964547634125,2.030916801121739e-05,1.725600524435424e-05,1.792609691619873e-05,0.0013230157929427291,0.00012935957526702402,2.4106353521347046e-05,0.0008905021071074562,0.00041638358108719506,8.948147296905518e-06,0.0005393059311460113,0.0002712043604649048,0.00016980618238449097
102,0.0003936807527211983,0.00016180702136127031,3.615953028202057e-05,0.000490728895014475,0.0002448289008264992,8.690916001796722e-05,4.8926242397009934e-05,1.1303547054279992e-05,3.781169652938843e-05,0.000263511820244873,0.0008663687971495852,0.0003635864704847336,3.789770359531597e-05,0.0001138483840337455,0.0005360860377550125,0.00026623779323306507,0.00019253000058108878,0.0005742721259593964
103,9.875332902020695e-05,0.00016647798468796826,0.0002831779420375824,0.0001746344360638863,3.81977900136346e-05,0.0002402663230895996,4.724848121077582e-05,6.430025167583218e-06,4.038214683532715e-06,0.0009086471452723691,6.343608565737707e-05,5.3025782108306885e-05,0.0007180623062762528,0.00012988826403005985,4.9952417612075806e-05,0.0010429248595487661,0.0002235719435560396,0.0002916678786277771
104,7.862079553588863e-05,0.00012491995693765176,0.00047297403216362,3.661175075675427e-05,3.912860618040387e-06,0.00043890997767448425,2.63408867602153e-05,6.8294580990303875e-06,3.3192336559295654e-06,0.000590652091092346,0.000533580316675053,5.399622023105621e-05,0.0003782461144299157,0.00018070982727900683,3.3913180232048035e-05,0.0002801384620734759,0.00026645528519499877,0.0002539902925491333
105,5.568395670155213e-05,0.00014116654603252635,0.0003238040953874588,0.0002609119338558563,6.598868674102462e-05,0.0003194715827703476,9.461151938547352e-05,1.4272983980964053e-06,3.0700117349624634e-05,0.0015065446951899597,0.0002959330497533247,8.788518607616425e-05,0.0012308879126325459,0.00018116572156431573,7.249787449836731e-05,0.0008424716150468303,9.90981194075786e-05,0.00013464689254760742
106,0.0003129357003833211,2.7783986257134963e-05,0.0001558847725391388,0.0008018765313336507,2.403409333943951e-05,9.647943079471588e-05,7.108130390940694e-05,2.6396757900286105e-05,1.30385160446167e-07,0.00020278092992433855,0.0002268279385806947,0.0005923174321651459,0.0009771340659784286,0.00023542238906544555,0.00023756548762321472,0.0011296726506889732,0.0004054436816390977,0.00010834634304046631
107,0.0008127594763623902,2.994441123268729e-05,0.0005161277949810028,0.0010137138647834665,0.00020176952657139854,0.0006326809525489807,4.3113620191749524e-06,3.582824012085886e-05,1.4428049325942993e-05,0.0015935417841903832,0.001126522363682176,0.00014111585915088654,0.001561730604579488,0.0007589702314167411,7.107481360435486e-05,0.00020183586564387346,0.0007729494542829179,0.0009015947580337524
108,0.0010965143724592785,7.328904101460906e-05,0.00021836720407009125,0.0018746308243760001,1.5643323929979275e-05,0.00010448135435581207,4.887597745747291e-05,5.684998002725703e-06,1.2718141078948975e-05,0.0010062152400771088,0.0007128709363197969,0.00027221813797950745,0.00048414539041827936,0.00035445635927154606,0.00019407831132411957,0.001979369912556206,1.5497142349966617e-06,0.00019665807485580444
109,0.002171352677898808,0.000183107520795648,0.0006886031478643417,0.0020885630480515227,0.00017265873519430389,0.0007176175713539124,6.904726692542017e-05,1.5987097134286557e-05,6.700307130813599e-05,0.0019156967391568275,0.0005135730535550768,0.0005134493112564087,0.002134311760364556,5.8046652296236956e-05,0.00042596086859703064,0.0023085668599735765,0.000457972781010417,0.0003177933394908905
110,0.0004993318970149818,0.0004345185883273088,0.0006675776094198227,4.1195524846715514e-05,0.0002851748607614439,0.00038597919046878815,5.6640178727062826e-05,2.9763450758962036e-05,2.3152679204940796e-05,0.00014381911438762773,2.0855229977505968e-05,9.932182729244232e-05,0.000616588463257281,0.0014019984254379121,0.0004108808934688568,9.850237189440447e-06,0.00047614166760495636,0.0008310116827487946
111,0.00048467581395703063,0.00022537084181151884,0.00013430416584014893,0.0004271988802364568,3.725445167152702e-05,6.151385605335236e-05,8.195881583949668e-05,2.797428039389647e-05,8.728355169296265e-06,0.0007172376995502605,0.0007499339951493045,0.00029038824141025543,0.0014834001692342266,0.0017884568125281983,4.955753684043884e-05,0.00016044435321480033,0.0005633701010041982,0.00034669041633605957
112,0.0014338614762147428,0.00010449601768059563,0.0006707515567541122,0.001601642887988114,5.916016110607547e-05,0.0006365776062011719,4.8049768438321316e-05,6.7173582847233925e-06,1.9837170839309692e-05,0.0022646710098882875,0.0007712306630206917,0.0004114825278520584,0.0025341482278797914,0.0005532114424414598,0.0003863424062728882,0.0008269506778861291,4.381016134585511e-05,0.00013660266995429993
113,0.0008316453818964231,0.00020994567149737117,8.630193769931793e-05,0.0009809414084661905,0.00023863033630062286,0.00020000338554382324,0.00013464127083802173,5.731138862691179e-06,8.821487426757812e-06,0.0007411836905779068,0.0010613639644298685,0.0001656990498304367,0.0005924094311878167,3.027581991828232e-05,0.00013465061783790588,0.0006123635973079022,0.00013498541043406326,1.93081796169281e-05
114,0.00030339870474582753,0.00011844419630751418,0.0005068741738796234,0.0002295178320939617,6.898844630464501e-06,0.00044224783778190613,6.996590009511992e-05,2.088315858930073e-06,2.9381364583969116e-05,0.0014459611211714019,0.0009657892132855055,0.000463731586933136,0.0011804379722389416,0.0010297351050103688,0.0004070419818162918,0.0005147487585782928,9.955619073487559e-05,0.0005852803587913513
115,0.0005062971837510588,3.7840020492320436e-06,0.0006164256483316422,0.0005881004782185006,0.0001954198955448419,0.000769931823015213,0.00011213042968775087,3.3786969182403445e-05,3.6094337701797485e-05,0.0017038774279827598,0.0005966682652245349,9.271688759326935e-05,0.0016060432945720904,0.000880066767293599,2.810731530189514e-05,0.0013313088425173092,0.00015604752373088362,0.000690411776304245
116,0.000661986824055022,0.00012331485579965273,0.0004681255668401718,0.0004924168596743272,0.0002783862966259827,0.0009120721369981766,6.457016298410008e-05,3.2759357597108164e-05,4.14140522480011e-05,0.001417900552778649,0.0007814723716642602,0.00030519627034664154,0.0016771379600371908,0.0002130697178735208,0.00032278336584568024,0.0007738495559402869,0.000394714679006568,0.0001186951994895935
117,0.002332926328884599,8.512566312542796e-05,0.0007432140409946442,0.001929197118171272,1.292948052251941e-05,0.00037211738526821136,3.2202510159631825e-05,4.242158680557023e-05,7.85626471042633e-05,0.0018013611093193396,0.0016762394290021979,0.00029757246375083923,0.002104244376049731,0.0008362452249809742,0.0008254610002040863,0.00283310220474553,0.0008235369843977054,0.0008471757173538208
118,0.0007525634083340726,8.166124082821177e-05,0.00017438270151615143,0.0003306469019924707,5.586443212807213e-05,4.118122160434723e-05,0.00017374172309514782,5.90416506488818e-06,6.6980719566345215e-06,0.0027330069826832296,0.0009666612535033474,0.00026975199580192566,0.0029332015166133873,0.0003920485406357886,0.0003159083425998688,0.0003022632482524157,0.0002475738663745815,0.0004126429557800293
119,9.323584271975216e-05,3.284201947769891e-05,0.0001721493899822235,0.0004641817371633661,0.0003971159800531289,0.0003448799252510071,4.05207327165303e-05,7.497182543021253e-06,2.3249536752700806e-05,0.0012232552869756858,0.0013533219909997174,0.0003052409738302231,0.0003107685694654777,8.362819540598879e-05,0.00016600266098976135,0.0001522433355524988,0.0001345493959822113,0.0004118233919143677
120,0.002822990790672164,0.00020799590640266027,0.00025059282779693604,0.0024247709602094603,0.000573532412087005,0.00016045384109020233,4.843679415066082e-05,7.083192848190718e-06,1.95428729057312e-05,0.00012824745189105036,0.001260602781629712,4.642270505428314e-05,0.000836480130571006,0.0005533113005855156,4.897266626358032e-05,0.001641681484891605,0.00010658745062692987,0.0002288036048412323
121,0.002829276649238016,5.256632088906921e-05,0.0006428603082895279,0.002570322534137165,0.0002192808812979813,0.0005008913576602936,8.58530906879592e-05,1.2379938447090299e-05,2.242252230644226e-05,0.0009218689017852708,0.0024047762619207845,0.0006367284804582596,0.0002322395419524434,0.002218620498311164,0.0004954766482114792,0.003054536560650606,0.0002483177122700724,6.806105375289917e-05
122,0.0023039004471861746,1.3745264547400382e-05,0.0008134897798299789,0.0022839091138222023,4.162864529957261e-05,0.00025723129510879517,0.00010775042822369629,3.6957351449331015e-05,6.581470370292664e-05,0.0021034376646470593,0.001517911350612907,1.7112120985984802e-05,0.0008970165415514708,0.001990833769971445,0.0006535295397043228,0.0029747642206089664,0.0006510507607939572,0.00113576278090477
123,0.0018010080153197106,0.00040321966848476387,0.000504709780216217,0.002368132064937384,0.0003235721043536588,0.0005661696195602417,3.6670543866633085e-05,5.638622588570246e-06,3.9521604776382446e-05,3.329693155102592e-05,0.0007892620182695861,0.0003065355122089386,0.00040508307506559316,0.0014439019707166226,0.0002100076526403427,0.001261056652539616,8.488473639365734e-05,0.0004989057779312134
124,0.0010889533562760678,1.8739389258202316e-05,0.00038296543061733246,0.001430436549809344,0.0004369787680569316,0.0002760477364063263,7.746832896097545e-05,1.1964308043672706e-05,1.658126711845398e-05,0.0004962415701327341,0.0018233544883063599,0.00026751309633255005,0.0009124450199217218,9.49188695923836e-05,0.00013121217489242554,0.0022355895329251863,0.0005397347429670499,3.739073872566223e-05
125,0.0008897535505584531,8.62130196902268e-05,0.0002959407866001129,0.0017874424180208126,0.00010717307447661445,0.0005216989666223526,1.8828675828728297e-05,9.172353523411391e-06,4.173070192337036e-05,4.369956651021495e-05,6.311874591428263e-05,0.0005659386515617371,0.0007961351093879604,0.00022546588226382558,0.0003096405416727066,0.0021397624084637246,0.00017971171433909042,0.0001914501190185547
126,0.0012339778806633728,0.0008303072232777285,0.00010619685053825378,0.000425405388141481,0.0006464278066891684,0.0009367093443870544,7.329581232500687e-05,7.080419581374493e-05,9.395554661750793e-05,0.0026079679167811468,0.0009270513262872454,0.0018300218507647514,0.003494025615354883,0.0008368631644099372,0.0008734781295061111,0.00021538844542387525,0.0010986416265030118,0.001911897212266922
127,0.0001364676810271248,0.00018625802123634072,0.00019637122750282288,0.00040132177268201175,0.0007167364865609191,0.00024984776973724365,5.4486292720593715e-05,5.675612310226778e-05,7.456168532371521e-05,0.0012167893559551501,0.0002685900067868549,0.0013445010408759117,0.0022880111597210415,0.0010710716018904436,0.0008203350007534027,0.0011102407557556648,0.00073296872582807,0.001482836902141571
128,0.0003410723441524266,0.00010089538756208327,5.323253571987152e-05,0.00027578843215805837,0.0004632187102008786,5.6663528084754944e-05,3.9654466521685944e-05,1.692461191808649e-05,8.40798020362854e-06,0.00018513347248715062,0.0004553976155230871,9.864941239356995e-05,5.815450096013225e-05,0.0006683337715733678,0.00013597309589385986,0.0003737905894614091,0.0003165223470151246,5.128234624862671e-05
129,0.0007843376678317582,1.4288214207080346e-05,0.0004033725708723068,0.0010979049532932605,0.00032429531689225424,0.0007743239402770996,2.0754804704141427e-05,2.8524898760407176e-05,1.202896237373352e-05,0.0011283506486083894,0.0013443502875613855,0.00017188303172588348,0.0010522411239006352,0.00024072923214382702,0.0007113218307495117,0.0008563692522114696,0.0002810066728282075,2.7041882276535034e-05
130,0.0015994328982526784,0.00033295172335027004,0.0006048660725355148,0.0014916634261488981,9.60115185193594e-05,0.0009526759386062622,4.3723122067310105e-05,1.4894705379690906e-05,7.60294497013092e-05,0.0015469871065326365,0.0013610562131289444,0.0005785860121250153,0.0012512589172364863,0.0003271022845581263,0.00011811032891273499,0.0015911984030284598,9.700082197614673e-05,0.001128125935792923
131,0.00010561533994302152,3.172755906268032e-05,0.0004821866750717163,0.00010823602137594035,4.761593506136946e-05,0.0006198026239871979,7.205904436048162e-05,1.2343736750936734e-05,5.7734549045562744e-05,0.00012146275476149215,0.0005257215423279185,0.0005597006529569626,0.0003896721087879376,0.0006293308342869217,0.00040104053914546967,0.0009377545853532232,0.0003343617789067039,0.0010067634284496307
132,0.000838112045622591,0.00016476491885645053,0.00013232417404651642,0.0001546977902036617,5.432873088311377e-05,0.00016094371676445007,3.639719548371133e-05,8.098062860317431e-06,4.544854164123535e-06,0.00028082464062090945,0.00021454042967918724,5.523860454559326e-05,4.494697028449568e-05,0.00043251036880213173,0.0002979319542646408,0.0011220247189593913,0.00030090583212522785,3.721565008163452e-05
133,0.00027873206939885153,0.00016147273221474648,0.0004106275737285614,0.0005098947940686549,1.0203063647504229e-05,0.0003280173987150192,2.2195587130379932e-05,3.9260467037162145e-06,4.2632222175598145e-05,0.0006528512758645494,0.0005593357992390788,0.0003108736127614975,0.000707728093253257,0.0006411716430810739,0.00031710974872112274,5.154918784203155e-05,7.891187549819486e-05,0.0009684562683105469
134,0.00048459878426079794,7.827897812608814e-05,0.00037422217428684235,0.00047352166576627996,0.0001943176115735308,0.0003575645387172699,9.261215166372558e-05,7.016289321149275e-06,1.3396143913269043e-05,0.001596242145537649,0.0008868636121899948,3.879517316818237e-05,0.0013732552555891994,0.00011217769045634637,1.5733763575553894e-05,0.001999031456050987,0.00031720801890651115,0.0005236193537712097
135,0.001719885561986323,3.4905733092411434e-05,0.0006158966571092606,0.0017054667856402916,3.723767088872551e-05,0.0006288141012191772,5.790072805461621e-06,1.125912750189978e-06,6.796419620513916e-05,0.001539523799621939,0.0006875189521235447,0.0008550379425287247,0.0009930096319546722,0.0008027966355580451,0.0008455701172351837,0.0015799090025265805,0.00012670691126863507,0.0013364888727664948
136,0.0005969396660458759,0.00010544477223758605,0.00017533078789710999,0.0002461385886859957,2.15369742796144e-05,8.079409599304199e-05,6.8913432203100006e-06,7.981444224369044e-06,2.633035182952881e-05,0.00022272549749711296,0.00018341125760396038,5.693361163139343e-05,0.00040637939786841715,0.00029676848016428267,0.0002699773758649826,0.001134927900721755,0.0001995561757995425,7.873401045799255e-05
137,0.0004887202942991109,1.00578272246854e-05,0.0001634843647480011,0.00034339744089151303,8.503295377079723e-05,0.00017864443361759186,9.916364725954217e-05,1.3098264575516784e-05,5.187094211578369e-05,0.0005154375394676863,0.0002106397869416285,0.0007364917546510696,0.0005613609100851846,0.00023136770765456657,0.0007675103843212128,0.00022595914653084082,0.00034200721099741406,0.0005142316222190857
138,0.0005789310499913769,0.00010364436365908891,1.1686235666275024e-05,6.748074920676084e-05,6.154971733498063e-05,0.00012342073023319244,1.227220780994527e-05,1.9379112238718027e-05,9.797513484954834e-07,0.0003374705512431825,0.00034175128546877487,0.0002054646611213684,0.0011558466511911378,0.00062066777306349,6.856583058834076e-05,6.456416751052241e-05,0.00032257842787324423,8.267909288406372e-05
139,0.0012346070123976371,0.0004341926891873217,0.0003539957106113434,0.001734625043467497,0.0003114377527602581,0.0001426059752702713,0.00012715792784904166,5.162230473967433e-05,3.267452120780945e-05,0.00015264575769316502,0.00016385566380306554,0.0006920360028743744,0.00016311921027571674,0.0003854606333208062,0.00013060495257377625,0.0015637409276145209,0.0008939211562448224,0.0002820640802383423
140,0.0011587677865015078,7.306030868655874e-05,0.0011767223477363586,0.00044767832108125183,0.00022220917570606527,0.0011344924569129944,0.0002182138676038968,2.005278088059912e-05,3.441423177719116e-05,0.0012985964890641077,0.0007149809605358423,0.00021818093955516815,0.0012592131277643775,0.0006202775447166319,0.00020548701286315918,0.0017815947404540011,0.0003182120835379422,0.00019278749823570251
141,0.0009957530309845641,3.6905869633015176e-05,0.00015516206622123718,0.0008261106650457595,2.1595605696738546e-05,0.0003329813480377197,5.439099730240003e-05,2.7213338970490076e-05,5.7306140661239624e-05,0.000625082803633048,0.0009918644156973952,0.0006972420960664749,0.00024360310750746322,0.00024183171577428844,0.0012742560356855392,0.00035963437181690816,5.6398183334379834e-05,0.0012048184871673584
142,0.0002440207144006612,0.000339999746458753,0.0001487378031015396,0.00017576447017977892,0.00017259243141107966,5.1079317927360535e-05,7.02459058633479e-05,1.1580046267638234e-05,1.5810132026672363e-05,0.0012617390127463851,0.0016911414601677582,1.3066455721855164e-05,0.0015507393127174515,9.256181076031794e-06,0.00020534731447696686,0.0016828387052832128,0.00024299183506974655,9.629875421524048e-06
143,0.0007287442494120222,0.0001789119742309532,0.00043768808245658875,0.0003708934119655005,0.0002466980884323275,0.0002680588513612747,5.9325727236516496e-06,3.833247284107844e-05,2.8990209102630615e-05,0.000683069854642171,0.0010686462222536108,3.1031668186187744e-05,0.0009213935651746219,0.0008293870075665247,0.00019063428044319153,0.0009502385321876472,0.000624275401468085,0.0006280764937400818
144,0.00032359867464692993,0.00012687748530000598,0.0004922915250062943,7.867872140593368e-05,0.00015988630063951473,0.0001598745584487915,3.651180947147198e-05,1.1387354884267553e-06,4.286319017410278e-05,0.00082579206888235,0.0014043728611505268,0.00014128722250461578,0.0011850405073515133,0.00023416267704777505,0.0005362890660762787,0.0003792472008726233,3.0064077807623844e-05,0.0007184259593486786
145,0.0008218744772670594,2.266851476006443e-05,1.8602237105369568e-05,0.001014448045274563,0.00013176910151198665,6.139464676380157e-05,9.045077547261901e-05,4.815167261755743e-06,4.093348979949951e-05,0.0008101348531978428,0.000847116031466557,0.0005074255168437958,0.0007766543585894028,0.0015623630642426604,0.0005520079284906387,0.0010341839227818173,0.00018006067832157958,0.0004147738218307495
146,0.0019886943491903286,5.797370499722662e-05,0.0005551669746637344,0.0009016960158745313,3.180840654629091e-05,0.00028715096414089203,7.955925442930563e-05,1.29554964111929e-05,5.736947059631348e-06,0.00010158682262422641,0.0008288530836737876,0.0005591027438640594,0.0001223384906396674,0.0004252458824065032,0.000305812805891037,0.0009575131755510669,0.00033561960626384,0.0003723129630088806
147,0.0019641369516104346,0.0001985567054236942,0.0013913940638303757,0.0010171818098993202,0.00021060244529487807,0.0007595103234052658,0.0001364171582020103,4.0890049504269305e-06,2.675876021385193e-05,0.00010205267209189434,0.0009264808824128307,0.001124618574976921,4.6982665522832256e-05,0.0008876703692930199,0.0004798639565706253,4.050268538496882e-05,0.00036162755527600725,0.0002760253846645355
148,0.001049688977379587,0.00023703727930372495,0.0002859774976968765,0.0011734087413641237,0.0007705912341848496,0.00015841424465179443,6.418092272479636e-05,1.0056788191326266e-05,7.024407386779785e-05,0.0025815191097552856,0.0015651418830676875,0.0006947405636310577,0.0025012247656330394,0.00024088357841280106,0.0008517447859048843,3.319695572970294e-05,0.00016948147868854624,0.001219581812620163
149,2.8230545565693932e-05,0.00031684887943126197,0.0004855208098888397,0.0002640644926611979,0.0006107742498345156,0.00043555162847042084,9.618516190218473e-06,9.309377838706708e-06,5.464628338813782e-05,0.0021291174257617035,0.0020201208051118698,0.0005757659673690796,0.0025552447025208383,0.00021864405694188224,0.0006676912307739258,0.0001805353260420084,0.0002734134815254429,0.0009238198399543762
150,0.0001220783539520598,7.200880466389295e-05,0.00012519583106040955,0.0008784790674839504,0.00019159559875163087,0.000293634831905365,2.303131693283736e-05,4.769031983120468e-05,2.6464462280273438e-05,0.000965071762758514,0.0009273169666530225,0.0005454458296298981,0.0010236893390614954,0.0004307394692351814,0.0001521185040473938,0.0006544306624053919,0.0008578465454459404,0.0002579018473625183
151,0.0022982839037408442,0.00010846419342310301,0.0005697794258594513,0.00274822708759756,1.2233449260518059e-05,1.5445053577423096e-05,3.7400709591062925e-05,8.564541943194081e-05,8.401647210121155e-05,0.00017344149382023805,0.0007136150729731769,0.0006058402359485626,0.00039389879212769346,0.0006367583740873352,0.0013294816017150879,0.002020876330720789,0.0015708121494178804,0.0011156648397445679
152,0.0020741070239818915,0.000690499353756379,0.0009513497352600098,0.0018970150278429798,7.993590883151325e-05,0.0004926472902297974,2.6508326253140563e-05,6.507463562747045e-05,6.590411067008972e-05,0.002186690862010447,0.0002876500782325077,0.00033170171082019806,0.0024605360341130172,0.00042152412488136864,0.0008639786392450333,0.002465939673957279,0.0007526051466347394,0.00114411860704422
153,0.00021280134005410845,0.00010535825948928754,0.0007160976529121399,0.00010679848524003388,5.688951920467672e-05,0.00022400356829166412,2.0403372958215094e-05,7.243959057867894e-05,5.163252353668213e-06,0.0006327679446875845,0.0009549776196959674,0.0012075714766979218,0.0009896996682456222,0.0019700433618472617,6.56619668006897e-05,0.0012940401760860587,0.0011429057420979942,0.0005563423037528992
154,0.0012444760269411659,0.0004062967863731025,0.0011289697140455246,0.000288508548380223,0.00017287319606828014,0.00046212971210479736,0.0001368613014581417,9.548926698937257e-05,8.871033787727356e-05,0.003665159165632925,0.0007959196635132088,0.000608053058385849,0.0030120545078181696,0.0011829238227135767,0.00015118345618247986,0.0019182228312808747,0.001633504834935939,0.0012381412088871002
155,0.002048170446152381,0.0001803908280776645,0.0006899386644363403,0.0008574578802575672,0.0001525100002751495,0.0004839301109313965,0.00017869130933585546,1.2331702963014676e-05,7.301568984985352e-05,0.0031228522034836836,0.0005792420234299184,0.0018926728516817093,0.0014030050466206506,0.0005684848370388421,0.0017140358686447144,0.0009022327330773516,0.00035810392624390647,0.001593019813299179
156,0.0006864430186732662,0.00014681820197327833,0.0003130529075860977,0.0008538839018390199,8.829773646679834e-05,0.0009166914969682693,0.00010966155834378141,6.509356979353761e-05,4.592910408973694e-05,0.004609489811382976,0.0027916761558196244,0.0003029201179742813,0.0025497153451159854,0.0004565889508830537,0.00035665370523929596,0.0005618977427754579,0.0008634585774292183,0.00047519057989120483
157,0.004203459016718841,0.0004252294526425997,0.0006243307143449783,0.004697591416922026,0.0004963175957666474,6.915628910064697e-05,0.00044130419506022665,0.00011782412705179588,7.067248225212097e-05,0.002134084526179282,0.0008470973033829557,0.0015487074851989746,0.003943466685747403,0.002681196915135648,0.00074722059071064,0.00032983807975298096,0.0021570355975335655,0.00041024014353752136
158,0.0013281899774650885,0.00044371226732870667,0.0001894589513540268,0.0011844633083619438,0.0002827325737656816,0.0010263435542583466,7.194410767589858e-05,4.390529478393528e-05,2.156198024749756e-05,0.0033749892995939557,0.0020130523161231047,0.0005914419889450073,0.0038825185812496887,0.0010388381618335746,0.001707032322883606,0.0012668249123127528,0.0009245351672657887,0.00012776628136634827
159,0.002042976015626863,0.0002473853763847178,0.0004102550446987152,0.002082912285571892,0.00024319513122271486,0.0006062090396881104,0.00012357811106424206,0.0001240684183724779,2.0973384380340576e-06,0.0009134118919842601,0.00043295488010486674,0.0004549659788608551,0.0008194930342251966,0.001140169038989891,0.0010250117629766464,0.00046789019714713054,0.0023118445013420395,0.0005296766757965088
160,0.003294005439235137,0.0006503917601337617,0.002394283190369606,0.0027351537629954903,0.0003836190868443494,0.0021305792033672333,0.0005821871875305862,2.713194422864423e-05,0.0001398436725139618,0.006263595543976916,0.002091918541213149,4.6484172344207764e-05,0.006324790393416456,0.0006439716217131325,0.0003608502447605133,0.00731620261020044,0.00012972617182292236,0.0021201148629188538
161,0.00047387567396328656,0.0008723451982600681,0.0007468145340681076,0.0001874229361895352,7.394949892758698e-05,0.0003840979188680649,0.0001071354720449981,0.00012687553947850086,6.164610385894775e-05,0.003303333444023039,0.005990016107878967,0.0001536160707473755,0.0022522541584454256,0.0014026146148431173,0.0016956394538283348,0.0011992101553355006,0.0023342976877693215,0.0014335103332996368
162,0.0018878126493016567,0.0004652185020072412,0.00036768801510334015,0.0015163718647330515,4.1572690376290994e-05,0.0002292543649673462,2.0824938871490117e-05,7.737057118166555e-05,4.5202672481536865e-05,0.0018509275211304813,0.0012483299610160925,0.00024502724409103394,0.0018932276597987477,0.0014128359294432596,0.0005220826715230942,0.002190064112950335,0.0011632330571500413,0.0006281211972236633
163,0.0006472627004242004,0.00024803863448752406,0.0007873699069023132,0.00041725227185959723,0.0001524461434402949,0.0008969418704509735,0.0003343903824591238,1.2677974735103613e-05,5.007535219192505e-05,0.000446035455909613,0.0020708861101636465,0.0003309957683086395,6.758933868328959e-05,0.003025857442081434,0.00041519012302160263,0.003537748933856777,4.3326810863060505e-05,0.00122075155377388
164,0.0008338363168969853,0.0005296615241018703,0.00029493868350982666,0.0016148289636400415,7.142184821837261e-05,6.182119250297546e-06,6.773741307176256e-05,3.880402367153178e-05,5.955994129180908e-05,0.0039867010686760185,0.0030908561176388807,0.00044237636029720306,0.0023675437440249456,0.0010058813993883559,0.0009635593742132187,0.0002663966343458002,0.0005673924694488391,0.000666983425617218
165,0.0016530443465168354,0.00039015748797151945,0.0001980569213628769,0.001385046675446061,0.00019906473832408123,6.053037941455841e-05,6.2412697010239e-05,4.6610964700389114e-05,3.5624951124191284e-05,0.0025836996986381977,0.0018691622653968058,1.5867874026298523e-05,0.0027152729425309746,0.00081543006473353,4.865322262048721e-05,0.0024455547608720485,0.0006616003083220606,0.00023576617240905762
166,0.002424759978012475,0.00020442896111562067,0.0018038898706436157,0.0020400782945078355,7.790482514913322e-05,0.001752857118844986,0.00021309480175881954,4.254551139096924e-05,0.00015281885862350464,0.007078984349835102,0.002298236133828218,0.0002267099916934967,0.005166499955731277,0.0008070626820461668,4.13479283452034e-05,0.003866042095292066,0.0007282257058797009,0.0018150396645069122
167,6.107671650579238e-05,0.00030218666387641854,0.0015679970383644104,4.229794880639126e-05,0.0003045190256845756,0.00158633291721344,0.00014673382713035685,6.990309477170249e-06,0.0001393631100654602,0.008021143181409812,0.0014520513551957888,0.0015038661658763885,0.007144481867551011,0.0005837228885605047,0.001475166529417038,0.00018116375958227016,0.00012921700837820703,0.0022887252271175385
168,0.0017340122203117758,0.00021351523658708765,0.00020174682140350342,0.0006423360115457577,0.0001491614702781377,0.0003120359033346176,0.00018133490721960327,3.1652380303643464e-05,1.1529773473739624e-05,0.0013180709459704731,0.00010257587325385176,0.0014627892524003983,0.0011216031995781722,0.001108585295827913,0.0014827810227870941,0.0013611859711577523,0.0004421454846800701,0.0008073486387729645
169,0.0012006340998045872,0.0007373147377944013,0.00029574334621429443,0.0008153270399955947,0.00023729079066344555,5.4115429520606995e-05,9.327805075808049e-07,6.460985655740853e-05,4.713982343673706e-05,0.005665198556367962,0.0031990808414945164,0.00020275823771953583,0.0034822295278676,0.0021155666732226644,0.0001697475090622902,0.003173344065271394,0.0012650995554159133,0.001548677682876587
170,0.00031970284271296,9.646529724131186e-05,0.0007200203835964203,0.0006585505923270563,3.816321392004565e-05,0.0006890948861837387,0.00020230315397350151,3.890612221303983e-05,5.535408854484558e-05,0.004917259518190484,0.0008422305178140445,0.000718437135219574,0.004844814933250466,0.001868902080160481,0.000557449646294117,0.004713191055787436,0.0004270501623381724,0.0005013756453990936
171,0.0013220210674858845,1.0666438917544124e-05,0.0006193164736032486,0.0021521783522972515,0.00010914655827049327,0.0004295129328966141,5.3938200125575736e-05,1.6804028072123223e-05,3.34717333316803e-05,0.0005713891961835194,0.0038663521288931774,0.00027377717196941376,0.002238204223823259,0.004189270471151529,1.4107674360275269e-05,0.0034330983323948294,0.0005952134224948297,0.0005954727530479431
172,0.0034106187546087685,0.0001643925794173745,0.001843215897679329,0.0037995956411655263,0.00021168070826859883,0.001818208023905754,0.00016720855637334525,4.134458455886249e-06,0.00016074255108833313,0.001359532593507018,0.0009117381402074347,0.00024714693427085876,0.0012612216567738227,0.0028329343389703263,0.00023061037063598633,0.003361801675718562,0.0005525927295044839,0.0025694705545902252
173,0.002419473887569329,0.00025308315438819784,0.00010751467198133469,0.0020984527126362285,0.0007074707183280862,0.00018597207963466644,3.428957103559366e-05,2.7229434606932507e-05,2.5175511837005615e-05,0.003518424305076623,0.00030916749949390365,0.00043494440615177155,0.004445154093525791,0.0002553284050669652,0.00037328246980905533,0.0021220839214824427,0.00043768281017470684,0.0006775595247745514
174,0.0005385033685289808,6.1023821060688516e-05,0.0006416952237486839,0.000726887907977869,4.4360297541134325e-05,0.00039635971188545227,0.00012305310343716305,2.1396428636426398e-05,7.319077849388123e-05,0.0004819735419873683,0.0008524536962735661,0.0005037356168031693,0.0006931471470900674,0.00048431336477078313,0.0008590291254222393,0.0008143836312276553,0.00020614136417869758,0.0026927106082439423
175,0.0003860938651845669,8.711380915437175e-05,0.00016440916806459427,4.4430463528255526e-05,0.0001550616966139659,5.9548765420913696e-05,4.533821492609322e-05,2.6003321337134556e-05,4.7229230403900146e-05,0.0001249068493565375,0.0009294533515299477,0.001002281904220581,0.00064958458048818,0.0009700141035865056,0.001206113025546074,0.0006471019487777896,0.0007240342006140203,0.0012116916477680206
176,8.310615338671945e-05,0.00012157618579462445,0.00015437230467796326,2.6224004423258673e-05,0.00019260408003668114,3.867223858833313e-05,3.5474258498518346e-05,2.2027977679775013e-05,8.054077625274658e-06,0.0006619791625207538,0.0006065828563719608,0.0005837995558977127,0.00044008032435056965,0.0011941404225822017,0.00027675973251461983,1.5657081380793247e-05,0.00030048969982358377,0.0005472637712955475
177,2.260112162977279e-07,0.00015405408049447983,0.0003749402239918709,2.4601821301595272e-05,1.948428099338151e-05,0.00028556957840919495,5.383752264842556e-05,2.4991742759065223e-05,8.437782526016235e-06,0.0001304515509906734,0.00037772086364435895,0.00019570253789424896,0.00032508084355327427,0.0003316921398653361,0.00010441849008202553,0.0005147605951620615,0.0003158936916986387,0.0002507716417312622
178,0.0005494451719421367,4.2754100454782396e-06,0.0001691821962594986,0.00039638082758730597,6.222394911365933e-05,0.00015345588326454163,4.7259631865768925e-05,1.6168444230497655e-05,2.6144087314605713e-05,0.0005940675288280683,0.000126135914306328,0.00023821182548999786,0.0007147262150759143,0.00026214545870077016,0.00020617106929421425,0.0018013319295895613,0.00016715719769429607,0.0002955533564090729
179,0.0003139572186726114,7.681452634872993e-06,6.255321204662323e-05,0.00025029615055527366,4.5029849102731084e-05,0.0002961009740829468,9.372412862663354e-05,5.020595849581863e-05,3.356859087944031e-05,0.00012444679262726965,0.0008783687455095196,0.00026152096688747406,0.0002952891209087316,0.0012319388565552175,7.20038078725338e-05,0.0008150893256491376,0.0007773432663685277,0.0005678422749042511
180,0.00031308730916590477,3.789283001098126e-05,0.00010608788579702377,0.00022535202596382642,0.00017636405448588285,5.0146132707595825e-05,7.26497219431417e-05,2.2970555012512923e-05,5.367770791053772e-05,8.392069598854579e-05,0.0003180332321299599,0.00035187602043151855,0.0004952612485619873,0.0014055236685991956,0.0005710050463676453,0.0004768705190847655,0.00030744704949119475,0.0012685731053352356
181,0.00033764187847473703,1.0676299774584758e-05,0.00027437135577201843,0.0010928637866136626,4.966975318495409e-05,0.00020703859627246857,3.933958487658054e-05,2.7283052873663905e-05,1.0676681995391846e-05,0.00012520392434710315,0.0005410989500617969,3.0493363738059998e-05,0.0004594854430250983,0.001477304235973781,0.00014884676784276962,0.0008764473230225278,0.000300892822717648,0.0004151538014411926
182,0.001010903884647918,0.00012285116677914626,0.0004992745816707611,0.0009043268251748837,0.00013494092402269176,0.0003284439444541931,5.333472416707216e-05,3.363626588584901e-05,4.9639493227005005e-05,0.0012421192498703326,0.0002737599382863984,5.071423947811127e-05,0.001880329049931656,0.0003951262882604875,0.0003639119677245617,0.0010559113393332487,0.0004518324992137685,0.001090865582227707
183,0.0007892132570005705,9.659452796573903e-05,0.0008968990296125412,0.0006981397803591249,0.0007321638007601779,0.0006574802100658417,3.9747192063413483e-05,2.4425268742860225e-06,2.8867274522781372e-05,0.000679619050780983,7.228376649856191e-05,0.0004673078656196594,0.00041540889147842486,0.0008169872502856654,7.27260485291481e-05,0.0008829175598724925,0.00011292315715351504,0.00048356130719184875
184,0.00046346010602385523,0.00043460626727075125,0.0006757210940122604,0.0022806819869843897,0.0007763896570244858,7.127970457077026e-05,8.351859571001027e-05,4.599189010618548e-05,0.00010195747017860413,0.0014196122386540833,0.0012987989287534495,0.0006795916706323624,0.000857780638600647,0.0005941584409432446,0.0015173237770795822,0.0008940215204394086,0.0008556378651403407,0.002611994743347168
185,0.0009546124850525195,0.000542959455770757,0.0006376812234520912,0.0003455891563434177,0.0006436215130812377,0.00013194791972637177,6.363177961157124e-05,2.2978679894147163e-05,2.9578804969787598e-05,0.0015080958883176565,0.0009911075451134663,0.0007797665894031525,0.001016921021141176,0.0007334294017760784,0.0014525074511766434,0.0008722608659382236,0.0003963324070798066,0.0021662600338459015
186,0.00013503246653773227,0.0006728922914754527,0.0005586612969636917,0.0011263150859653626,0.0007485044530381353,0.0003976263105869293,0.00020607162436019066,6.770130813352443e-05,1.8738210201263428e-05,0.0017285919806640099,0.0002753819855585704,0.0008270740509033203,0.002254801754683247,0.0027542428939235364,0.0005734646692872047,0.0024469745878585025,0.0007204511527892209,0.0001887306571006775
187,0.0008844447047772486,0.00043734981000352266,0.00019883178174495697,0.0009979163771202948,0.0008862130845345532,0.0004062708467245102,8.48126311632294e-05,7.516401978701335e-05,1.84476375579834e-05,0.002173703676596167,0.0002818215539295496,0.000801602378487587,0.002146857277722361,0.0005055621750252662,0.0001184726133942604,0.00017227643984218943,0.0011869747647736285,0.0006287992000579834
188,0.00028859508468698225,0.00018655975103762032,0.0004828963428735733,0.00016779262315638754,0.00014498462671732812,0.0002729855477809906,1.8324649091436968e-05,7.921665966646534e-05,8.36886465549469e-05,0.002779545152943999,0.003354624040984463,0.0004819091409444809,0.0033395466127477957,0.0017588228863776104,0.0013401610776782036,0.0017913981425810577,0.0010792939306635413,0.0008400045335292816
189,6.23433363221848e-05,0.0002866058342667309,0.0008519645780324936,0.00037870601359293876,0.00020616064253359614,0.0004161801189184189,2.7783170910546107e-05,7.194302374488701e-05,6.705522537231445e-07,0.0005894048662794804,0.00040026800651668873,0.00011189840734004974,0.0013672337286628894,0.0004995572660099548,0.00045785773545503616,0.0015515633783717842,0.0009612459803343323,0.0009321458637714386
190,0.0007085361768277565,0.0008192820860315961,0.00033698417246341705,0.00045046114000460435,0.00038298611358396004,0.0002993345260620117,0.00011101082553452435,8.073204233445276e-05,3.8743019104003906e-07,0.0008218954340362544,0.002622582951410317,0.0005212221294641495,0.00264122584868888,0.0012826957684261148,0.00014615710824728012,0.0009844455995703383,0.0009184699903202736,0.00010374560952186584
191,0.0004988944798073602,6.113277342787576e-05,0.00018106400966644287,2.3215267648951654e-05,0.0002603895915275316,0.0005410555750131607,7.94057057537656e-08,4.260600396064696e-06,1.4290213584899902e-05,0.0006043242381252728,0.00043099475015775934,0.00015254691243171692,0.0002902245124778158,0.0006742369730578859,0.00034090038388967514,0.0002761601622845167,0.0001496691935384195,0.0006128326058387756
192,0.0009839537591670722,0.00042371277220603146,9.692646563053131e-05,0.0009634781699578154,0.0003541155519600249,8.405745029449463e-05,5.2754052298917276e-05,1.6587977177242317e-05,8.597970008850098e-06,0.0014213354771795556,0.0005788086297687373,0.00030799955129623413,0.0008460629514027984,0.0018412124796446869,0.0004617776721715927,8.474852381312736e-05,0.00014198731404676743,0.0006915777921676636
193,0.0007185340096707293,0.00028500325559793413,0.0004223231226205826,3.9134198774576356e-05,0.00012387048036813925,0.0005752760916948318,3.3288270533799597e-05,6.075803758225204e-06,4.252046346664429e-05,0.0006977528526260351,0.0002161501241286501,0.0006792144849896431,0.0002578102728102438,0.0009591492073855595,0.0004547303542494774,0.0009571468529094018,1.673365428669568e-05,0.0009182468056678772
194,0.001928232444549427,0.00030543142898428396,0.00047247298061847687,0.0010197863378057503,0.0008663765684196849,5.472265183925629e-05,7.237020668927549e-05,9.726506883418377e-05,2.4665147066116333e-05,0.002306460699461055,0.0008528417822418477,0.0006384551525115967,0.002456226570837397,0.0011699264331187162,3.40072438120842e-05,0.0003268143538298074,0.0016096452075647152,0.0007986314594745636
195,0.00017149611796282715,0.0005360291053868455,0.000639820471405983,0.0007487278178208712,0.0007677171750813325,0.0004295371472835541,8.921661200253506e-05,2.564584706694781e-05,6.417185068130493e-05,0.0009272707870462832,0.00023553648560871096,0.0012058978900313377,0.0003850302972142755,0.00099937225868027,0.0013890638947486877,7.973043495992926e-05,5.6110331970721586e-05,0.0014306046068668365
196,0.0008264033507878465,0.00017487310171796291,0.0002138391137123108,0.0007365630963895031,5.0635840221087414e-05,0.0002622324973344803,3.6493358833482314e-05,3.606204049612892e-06,3.724917769432068e-05,0.0002666635789802807,0.0005230985088323543,0.00015851575881242752,0.00010302675618040213,0.00034763760746196054,1.9718892872333527e-05,1.2886646674203917e-05,2.6191016759020448e-05,0.0008811540901660919
197,0.000411894545064323,2.8268929193872583e-05,0.0005685724318027496,0.0008821831411844894,2.98792848332681e-05,0.0005377251654863358,8.087662017526934e-05,5.1093615049063e-06,8.286908268928528e-05,0.0016850734444771587,3.319709635321577e-05,0.0006600506603717804,0.0016237349441077381,0.0022112342998802867,0.0006322469562292099,0.00030534879197771647,0.00021700035977090162,0.0018895789980888367
198,0.0001078545616310933,0.00020936597732588297,0.0004962272942066193,0.0003053923532252978,0.0003527999848112473,7.056444883346558e-05,1.6049328791532813e-05,4.796333854821896e-05,3.143399953842163e-05,0.0008990781179989971,0.0007045687388584979,0.00029547233134508133,0.0005806216429612432,0.0007837209007301518,0.0008997255936264992,0.0007276895422015928,0.0006664196185198167,0.0011770129203796387
199,0.00015864880178367846,0.0003285244850833591,0.00013100355863571167,0.0006975897235156348,0.0003451356994254584,0.0001698024570941925,1.2860127368653773e-05,1.2230920333050393e-05,4.8957765102386475e-05,0.00035716908631017175,1.0719300126381393e-05,0.0009996527805924416,0.0006789821270308527,0.00022567006574616966,0.0009658914059400558,0.0010340072452882654,0.0001419124600044114,0.0008135251700878143
200,0.0007677700637087059,8.991643213089248e-05,0.0010531768202781677,0.0003437008361040772,0.0001563219959987358,0.001049242913722992,0.0001511205983684566,5.124267731844792e-06,9.05059278011322e-05,0.0007140276638466919,0.000525796139433661,0.0008550062775611877,0.0007796701220415536,0.0003715188985777204,0.000767851248383522,0.0006687480205308238,5.6428608726607175e-05,0.0016141198575496674
201,0.0008529274150509414,0.00026576530651788166,0.0006418284028768539,0.0009194862682047056,8.81228844618609e-05,0.0009201783686876297,7.616770146944354e-05,1.2474463289928722e-06,7.354095578193665e-05,0.00028105918539257646,0.00046286387124373773,0.00040910951793193817,0.0004442508798692124,0.0007359393785721091,5.336012691259384e-05,0.0017732404106746147,9.013714918687174e-06,0.000601649284362793
202,0.0009911133473864964,8.138098719099457e-05,0.0004056505858898163,0.000763262376085927,0.00014075590532059215,0.00047082453966140747,3.904746969232015e-05,3.620043630723135e-06,1.12876296043396e-05,0.0016152477434953488,0.00020120265649244823,0.00015350989997386932,0.0019823511021208606,0.0002282223091860311,0.0002834191545844078,0.0005338121591650646,0.00017753337876311864,0.00024356693029403687
203,0.0005087600899619238,5.6052535187062213e-05,0.00020975805819034576,0.0009112636172813882,6.453735537803942e-05,0.00010809674859046936,3.986909220709059e-05,7.70955885016374e-06,4.7869980335235596e-06,0.00012936729660385782,0.00040780285327116084,0.00015333760529756546,0.0005375848569649372,0.0008824886275892382,0.0002957908436655998,4.978131676444675e-05,0.00012566574963173392,7.626041769981384e-05
204,0.0027982273921967615,1.2209681846900994e-05,0.000722099095582962,0.0030548665695343258,0.0002482393117042847,0.0006303675472736359,3.750868135486696e-05,6.4533791518421525e-06,6.762146949768066e-05,0.001733909041382431,0.0003298036895643536,6.499793380498886e-05,0.001909569213171397,4.664244153324698e-05,0.00022032670676708221,0.0035848775046797288,4.422027366690704e-05,2.06679105758667e-05
205,0.002193062652704608,0.00033239169282385517,0.0013120286166667938,0.0021635346680730083,0.0001670589807533998,0.0012621767818927765,0.00014350675234787308,7.431080528039983e-06,0.00013934075832366943,0.002080339692858091,0.00016790792418362038,0.0006229327991604805,0.0017991844530128587,9.807645589211822e-05,0.0007428023964166641,0.004762690024908645,0.00014639238278866314,0.0010239146649837494
206,0.0016323646435783823,8.688997646104368e-05,0.001166297122836113,0.0015144160640474524,2.883364386835688e-05,0.0011518057435750961,0.00013222199371670795,4.507976012910414e-06,9.778514504432678e-05,0.0008529243949439574,1.543048895093907e-05,0.0005184216424822807,0.0006864570879015486,0.0008513730770284,0.0005181869491934776,0.0028415451051155005,0.00021404170059974303,0.0009704791009426117
207,8.019152847993372e-05,0.00019709605011147824,0.00013348273932933807,0.00029318675040862496,0.00015526453222771894,6.304308772087097e-05,7.342648359539086e-05,7.023179488546845e-07,1.5657395124435425e-05,0.0009729603162359074,0.0004905450605537584,0.00017066765576601028,0.000976611323305246,0.0007614245292596536,6.878282874822617e-05,7.927559467618694e-05,8.049329319151192e-05,9.513646364212036e-05
208,0.0006693784762685506,0.00023103405509701871,8.975155651569366e-05,0.0011225230509872841,0.0001774399376654988,0.00025431811809539795,8.989435854724753e-06,2.4227169778897142e-05,6.295740604400635e-07,0.0020005076944771133,0.000184637745051789,0.0002696393057703972,0.0011241526569094606,0.0009144828761437837,0.0001277318224310875,0.0015876259364938916,0.00038027372974665415,0.00036701932549476624
209,0.0004813656732002014,0.00010564149116286392,0.0002867523580789566,0.0004209556260810765,0.00015792166503995897,0.00043722428381443024,6.686257289174533e-05,1.6214664930724594e-06,2.327561378479004e-05,0.0013924639784282655,0.0004503926557098449,0.0001765945926308632,0.0018807174971142426,0.0011398251038542764,6.273481994867325e-05,0.00022340422029701323,2.300983159068265e-05,0.00026907771825790405
210,0.0010731370429518938,0.00012979346593599075,0.0009377729147672653,0.0009326690672543103,1.9947310921086814e-09,0.000971747562289238,0.00015096262116618547,5.536169420004497e-06,4.614889621734619e-05,0.0007516201031018965,0.0007855934907340066,0.00014869961887598038,0.000291242267819819,0.0004947790667635676,0.00012903567403554916,0.0012534870855127334,0.00014655648717484034,0.0012028813362121582
211,0.0008004180930946958,0.0003315561438422508,0.0008275266736745834,0.0012695386358505256,8.836594015153298e-05,0.0008173435926437378,6.419278662486011e-06,3.8836314100887e-06,5.934759974479675e-05,0.0009091176826964975,0.00010940901425428654,0.00048280879855155945,0.0010462249536158097,0.0012593730236206482,0.0004469742998480797,0.0005760138417946481,0.0001154242408902854,0.0008733421564102173
212,0.0004632562765437831,0.0001236348851484867,7.841549813747406e-05,0.0003563548445127407,8.751318891200843e-05,0.00017593055963516235,5.287720466975315e-05,2.4679880614121227e-06,8.225440979003906e-06,0.0010567302443224708,4.962961547665123e-07,0.00020802021026611328,0.0012446032044799438,0.0002535465559171113,0.00028390344232320786,0.0006941693285195671,0.00013189388876132073,8.283555507659912e-05
213,0.0010947786974926654,0.00014561620014265364,0.00024965032935142517,0.0011582600287701195,9.404206701601331e-06,0.00024085119366645813,7.364316733431825e-05,2.4774610636967617e-05,3.6619603633880615e-06,0.0016375346063903645,0.00043496109318244894,5.9723854064941406e-05,0.0025348652540649053,0.0008317717251597467,2.1103769540786743e-05,0.00035124330533289894,0.0005397465042050898,0.00014332309365272522
214,0.00037086953135451184,4.754232347375584e-05,7.584691047668457e-06,0.00015355386605642174,7.605102757448148e-05,9.625591337680817e-05,0.00011129476040682915,3.127554720851514e-06,6.809830665588379e-06,0.0003997759633388581,0.0004495248949903316,0.00030326005071401596,0.0007092641484646167,0.0005736713982155417,0.00042435526847839355,0.0005761517641982017,0.0002380183035860517,0.0003551952540874481
215,0.00011928345711434418,0.00037559538889744837,0.0005867071449756622,0.00018184165065718294,0.000395965793205489,9.710900485515594e-05,5.902690071124886e-05,5.077383540088692e-05,1.2274831533432007e-05,0.00010748064932643298,0.0007892034063917211,9.237229824066162e-05,0.0009570668207045246,5.319712792824227e-05,0.0005762269720435143,0.0005956226321342795,0.0004432617653284867,0.0003010556101799011
216,0.0004726475528741836,0.00013120955128995831,7.426552474498749e-05,0.0004649931445550315,0.00018948065737894523,3.986060619354248e-07,3.707455704629256e-05,1.470200816757844e-05,3.022328019142151e-05,0.001117160389777036,0.0003100789141065319,0.0005547143518924713,0.0009180906694174484,0.00048476467637418447,0.00045293569564819336,4.7623318604222975e-05,2.143151271600738e-06,0.0009391196072101593
217,0.000396282425417116,0.00012258249077852154,0.000454658642411232,0.000558156637723628,0.00019368058099754337,0.0008085910230875015,8.87661776117106e-05,3.600006849507908e-05,6.958842277526855e-05,0.00012138396916301641,0.000595870905496905,0.0007073506712913513,0.00015601675542963045,0.0003293297287136343,0.00025545619428157806,0.0004968956647504186,0.0006120108172561886,0.0013559944927692413
218,0.0003571970734973784,4.1753829644743806e-05,0.00013045407831668854,0.00023057322839450944,5.9708429410207375e-05,3.8817524909973145e-05,3.233288296816336e-05,6.184465508234072e-06,7.867813110351562e-06,0.00038928976783729474,0.0001842912800863808,0.0005207397043704987,0.00017859121081083285,0.0003915646262006439,0.00034149549901485443,0.0016084489742775043,0.00016766144819614377,0.0006792359054088593
219,0.0007087858629830635,0.00045086317809039933,0.0005759391933679581,0.0011353500775295733,0.00011409329625555048,0.0005396958440542221,8.19886387702154e-05,2.6837676985496864e-05,6.880238652229309e-05,0.0007485769471840542,0.0001767432733945154,0.0006914576515555382,0.00011857749070486034,0.0004493934216366485,0.000759148970246315,0.0016052351730026504,0.0004969028518207429,0.0014694742858409882
220,0.00038271242733223243,0.00013210439982950378,0.00040754862129688263,0.0007329174185642107,0.00016253891726105557,7.421150803565979e-05,8.959584646479196e-05,1.4218162795320144e-05,1.648440957069397e-05,0.0010392500847400815,0.0006496269361952467,0.0003184545785188675,0.001227909851726966,3.480071001362578e-05,0.000124441459774971,0.000493569222277418,4.761051911229483e-05,0.00037379190325737
221,0.000439830778760808,0.00012874592911244973,0.00031423382461071014,1.133362860100684e-05,0.00014292729870694562,0.00024013593792915344,3.4034487876821035e-05,9.117751815799775e-06,1.0311603546142578e-05,0.0014420510669868741,0.0009958946728312636,0.0006454978138208389,0.0010537968317226587,0.0010315461299586909,0.0005890140309929848,0.000795165754463173,2.264753665534667e-05,5.364418029785156e-05
222,0.00043637971269308573,0.0002890402960445161,0.00038578733801841736,0.0005684806118170793,6.998762056604699e-05,0.0007456112653017044,7.245265370605519e-05,3.915198153733038e-05,6.156787276268005e-05,0.0008962871381934245,0.0007357382117038902,0.0007805610075592995,0.0010768062459578093,0.0014768386355024782,0.0002226298674941063,0.0024759209669010795,0.0006257024647248755,0.000718969851732254
223,0.000558768455946046,0.0001312380467019189,0.0008635148406028748,0.00016600371958677695,0.00017858413365061387,0.00043721310794353485,2.4543437909196886e-05,5.5379138534840595e-05,2.368539571762085e-05,0.0007225715614478517,0.0007329250939319097,0.0012131808325648308,0.00041501557080908524,0.0009503906322763725,0.0005678609013557434,0.001017046788455711,0.0007862806813327731,0.00048277154564857483
224,0.0004116807346933038,1.0549387267428517e-05,0.0006123147904872894,0.0006391914876960059,3.6207404243596836e-05,0.0005534738302230835,0.0002071475408930816,1.8310366538351787e-05,6.775930523872375e-05,0.0007226409915447735,0.000437200556454187,0.0007154056802392006,0.0013694721497846674,0.0040553189132056175,0.0007157502695918083,0.003013945128849088,0.0006620312760178128,0.002233244478702545
225,9.631932263068355e-05,0.00018985976770443183,0.00026525743305683136,0.0006135300720162551,0.00016081721477825828,4.5280903577804565e-05,4.866904607051664e-06,3.806056232782829e-05,1.7214566469192505e-05,0.0022698139803867534,0.00019470415304958383,0.0009433254599571228,0.00185638850705791,0.0024607390985784162,0.000590374693274498,0.001041913766294783,0.001469840415857915,0.000194452702999115
226,0.0003653947959147419,0.00038498118344234417,0.0009434465318918228,0.0004637271052584102,0.0003318169310829004,0.0003631189465522766,0.00013992577506647536,6.576793945617517e-05,1.7683953046798706e-05,0.00011028252486890155,0.001952011551224181,0.0010721469298005104,0.0008282761671846717,0.0007691706871288083,0.0003243396058678627,0.0017116723085817964,0.000992001501357883,0.00025827810168266296
227,0.0005131341066741679,0.000204170438755924,0.00035594403743743896,0.00022602455225917417,0.0002602641145851396,0.0006310045719146729,2.6314923069092888e-05,3.000021765707235e-05,4.3023377656936646e-05,0.0015324008069846629,0.00044520295821978695,0.00025872327387332916,0.0016002020945278805,0.0013703169993195853,5.78584149479866e-05,0.0016490464923690495,0.0005259174443708794,0.0008457973599433899
228,1.6324616517238155e-05,1.6786152538424137e-06,0.0005547460168600082,0.00023867883394781964,0.00011126202673194044,0.0004805009812116623,0.00010196978052139094,3.5941014138073037e-06,3.680959343910217e-05,0.0002137091592250978,0.0014942103049448777,0.0003054887056350708,0.0006368566934196324,0.00042347599364688654,0.0004279082641005516,0.00019646309155910147,9.015875321795493e-05,0.00017068162560462952
229,0.0012155713277355318,0.0007035860954868085,0.0017620418220758438,0.0016041024287843098,0.00041317123139118436,0.0008464641869068146,0.00015544641162545253,0.00010187415367157732,2.7760863304138184e-05,0.0057255398805520635,0.0023295686721804022,0.00011123251169919968,0.005224299201151084,0.0017472692885287973,0.0012660371139645576,0.0028852511999085118,0.001329321089002493,0.0003933757543563843
230,0.001199954075228965,0.00016433883738443608,7.037445902824402e-05,0.0012122227820308418,0.00019762386020918607,0.00015786848962306976,3.0120142051580368e-06,1.848141798051835e-05,8.024275302886963e-05,0.002018170533151731,0.0011129629729674413,0.0002231048420071602,0.0023295215316797013,0.0019328990810903515,0.0006524184718728065,0.0010707988182330763,9.280230580354688e-06,0.0011810176074504852
231,0.0014141094519953823,0.0005828841830488769,0.0010794252157211304,0.0011552436473481198,0.000680961608349788,0.0013011060655117035,0.0003213522718182073,4.7559373485467945e-05,0.00014207139611244202,0.0024167591942165223,2.3838243897275624e-05,0.0010510347783565521,0.0011904351767234866,0.00023283772847409664,0.0008659958839416504,0.003258090249770862,0.0009262590566114582,0.002694312483072281
232,0.00208821183133881,0.000649031701196498,0.0005384869873523712,0.0007712498438246784,0.0010481287112898072,0.0007843691855669022,0.00014076183396143777,7.838230879060745e-06,8.966773748397827e-06,0.000740383539306888,0.000910721564608686,0.0006145229563117027,0.0006239717930550254,0.0008556656765309582,0.0009373091161251068,0.0005160481577473341,0.00016270016237215999,4.466250538825989e-05
233,0.0006925059720405968,0.0003579988849125998,0.0005161389708518982,0.0007507875611999781,0.00011655344827837116,0.0005912985652685165,0.0002951469045414795,1.7427943897866966e-05,1.1146068572998047e-05,0.0016203962666688637,0.0023066760198989338,0.0005062036216259003,0.0006488924860817424,0.0017051633815354413,0.0007683858275413513,0.0017147105972500631,0.00015854121814208024,0.00011641159653663635
234,0.0014446569464373338,0.0008039989085127687,0.00012919120490550995,0.0022988586015623147,0.0007852318854915455,7.711350917816162e-07,9.944758680355964e-05,3.0806537935937686e-05,6.920844316482544e-05,0.0007893387576519834,8.796124656419019e-05,0.00027068518102169037,0.000904938559445706,8.63110697785184e-05,9.720772504806519e-05,0.0005034501838136474,0.00041641320801256944,0.0004867948591709137
235,0.0015417533769440106,0.0003887413121214864,0.0007553156465291977,0.001156990187113932,0.00030309963777323465,0.0006176754832267761,0.00019368268408148995,1.0895374034176539e-05,9.757280349731445e-05,0.00029446919912108627,0.0010817184597194766,0.0004615113139152527,0.0001444169095478759,0.000793209216263635,0.0006739581003785133,0.0008709563348704707,8.31072027952873e-05,0.0022660940885543823
236,0.0006599195678139158,7.60915932336223e-05,0.00011639855802059174,0.0010817505609876377,0.00045189243936658713,6.121955811977386e-05,5.387111107628059e-05,1.4620412187060165e-05,1.677870750427246e-05,0.001350309680259093,0.00011799321108696414,0.00039351172745227814,0.0007193208408959317,0.0007886483849729245,0.00040111690759658813,0.0007214735538935702,0.000223361650534098,0.0006489977240562439
237,0.00017992091217625128,7.747756565534489e-05,9.689852595329285e-05,0.00028736002419840756,9.114891109418544e-05,0.00011655129492282867,1.2575482475629673e-05,1.7241554901115596e-05,7.662922143936157e-06,0.0008746446223628634,0.0008263530576966688,0.0004231845960021019,0.0009680872730349899,2.715464624129804e-05,0.0003541279584169388,0.0007686471521468341,0.0002633129114492619,0.00017306581139564514
238,0.00044045522609797993,0.0003236742743272826,0.00017080456018447876,0.00021729240453530196,0.000274866812368154,0.00011266954243183136,6.641127158173166e-05,2.773751053811586e-05,2.8662383556365967e-05,6.580757386075164e-05,0.0008021850474929579,0.00043858494609594345,0.0001285173252792704,0.0003271862636380733,0.000852576456964016,0.0005678883230301746,0.00044045888236711505,0.00046957656741142273
239,0.0001687527442131853,0.0001618523849063573,0.00023217499256134033,0.0007164713287978741,8.126985423073663e-06,0.00028842315077781677,9.668001457116548e-05,5.234931710672926e-07,5.400925874710083e-05,0.0016342922430822998,0.0006313466744837307,0.0007351599633693695,0.001341617186549099,4.8758729650055094e-05,0.0006220480427145958,0.0006356790609413354,5.263677638690919e-05,0.0011533647775650024
240,0.0003699161870298062,0.00034264056819892363,5.62276691198349e-05,0.0002216740290834074,6.800733795297303e-05,0.00014703348278999329,1.0672598323210186e-05,2.3404799770106296e-05,1.1883676052093506e-05,0.00028952116280715756,0.00029992176417942273,0.0002879844978451729,0.000519846154640638,0.0009100090234351703,0.00040037184953689575,0.0001409751856580599,0.00035570238809728245,4.087015986442566e-05
241,0.0008293212649527482,3.5303159980439036e-05,0.00023068860173225403,0.000553061388865711,7.573466144668306e-05,0.0002809148281812668,5.516818556991834e-05,1.5839252793955387e-05,5.264952778816223e-05,0.00276518108195134,0.0010061738291631608,0.0007308404892683029,0.0023184002347980542,0.0007315955044660642,0.0005899704992771149,0.002370836644799257,0.0002940896013930872,0.0006946250796318054
242,0.0004306554100982074,0.0008637333269809616,0.0005545392632484436,0.00020704784126701625,0.0007175506955286737,0.0005165114998817444,6.661655214667758e-05,1.053290576383118e-05,9.272247552871704e-05,0.000575228161270383,3.973240369294431e-05,0.0012601623311638832,0.00015207864360339274,0.0004635688262276186,0.0012938594445586205,0.002336668881754461,0.00026451549760290083,0.001937825232744217
243,0.0011887455536703229,7.425711512917821e-05,0.0002009700983762741,0.0003291208806587842,0.00047806322059366566,0.00013901852071285248,9.790813828695552e-05,1.020770732958781e-05,5.602836608886719e-06,0.0005815569429166306,0.001045086759733499,0.0001334547996520996,0.0012998618653133065,0.00021935153509813898,0.00015150289982557297,0.001008897254527713,0.00043149000347644274,0.0003311149775981903
244,0.0005295021744816386,0.0006878138446490614,0.0009017139673233032,0.0010746214727801462,0.0005399879060887479,0.001194903627038002,0.0001948920488550228,6.05090403231072e-05,7.300823926925659e-05,0.0013297339841579214,0.0007821785522144666,0.00047761015594005585,0.0015767750188269286,7.75538549541259e-05,1.2600794434547424e-05,0.0011217635311893126,0.0008402510710985441,0.0014417432248592377
245,2.3780174172483015e-05,0.0004339649235610976,0.00040485896170139313,0.0004174120734419251,0.0005045174937832533,0.00046657584607601166,8.200949916423173e-06,7.56946766789735e-06,2.850964665412903e-05,0.00019711537999883566,0.0004376977953174134,0.00026702508330345154,0.00033630656233687994,0.0009542534552729569,0.00016954075545072556,0.0005258401051587147,0.00027850605971247605,0.000232059508562088
246,0.0002799950631890702,0.00019829439359545994,1.983344554901123e-05,0.0016595258000481339,0.001072340388870989,0.00017643533647060394,6.300394831614334e-05,1.987373592482552e-05,5.722418427467346e-05,0.0011635002405429862,0.0015863669568433776,6.982684135437012e-05,0.0013270075347917853,0.0007577711336329979,0.00030178390443325043,0.0005367857714259627,0.00037315796349401997,0.0012116506695747375
247,0.0017286878813494166,0.00012041764769946811,0.0002108439803123474,0.00012590168609777352,0.00010072796837333822,0.00016141310334205627,1.5230096021102285e-05,1.5126788623983896e-05,8.016824722290039e-06,0.0026880662631660474,0.000986154648114971,1.1511147022247314e-05,0.0012943633717864278,0.0003375429262237363,0.00011915620416402817,0.0006651607272866733,0.0003430943111365415,0.00019105151295661926
248,0.0016935334597443785,7.206746361718835e-05,7.422827184200287e-05,0.0012412288418208184,0.0004894082575597619,0.00035233423113822937,3.1393135103221365e-05,3.292386721414039e-05,6.488710641860962e-05,0.0007329793553684932,6.609747298303575e-05,0.0008718688040971756,0.0005005245488666904,0.0003174927282483392,0.0006165113300085068,0.0008121679625602007,0.00037045255388279473,0.001492481678724289
249,0.001518936368604229,0.00011200810495405611,0.00021966733038425446,0.0011087006094783747,0.0003482483228555884,0.0003297962248325348,5.2698074475984735e-05,8.523930464976653e-06,1.9941478967666626e-05,0.0028161670048166138,0.0015187716432310434,8.647143840789795e-05,0.0031328853063428835,0.0007263045970961196,0.0002000005915760994,0.0037819746631214957,0.00023306025042839508,0.0004992745816707611
250,0.000601580598818513,0.00019087099698922305,0.00014233961701393127,0.00041334775507020916,0.0002452465874943459,2.812594175338745e-06,6.120250573246264e-05,3.1350691477596844e-05,6.146728992462158e-07,0.0036615692082092102,7.044585608646445e-05,0.00024258531630039215,0.002793539798343056,0.0004295738664348951,3.7319958209991455e-05,0.0002985550666098902,0.0007184936212587384,0.00026622042059898376
251,0.001726821576297416,0.00032591066362677723,0.0009109713137149811,0.0018916790422363605,0.0003915733863640927,0.000741567462682724,0.00011755148843679841,4.3320473742859434e-05,5.0455331802368164e-05,0.0019426921962501717,0.00044021829851743563,4.1447579860687256e-05,0.001625846957731547,0.0008694997375576913,0.00034882500767707825,0.0021440887288059485,0.000635802248431953,0.0009356997907161713
252,0.00032664641826363194,4.158984705793234e-07,0.0004764888435602188,0.00022284563078234232,7.370570134195356e-05,0.0007088091224431992,7.381404481244733e-05,2.7693242602487938e-05,4.184246063232422e-05,0.0006833999899018145,0.00036916453245441905,0.0004476727917790413,0.0003132846378032378,0.0006380885529040752,8.283276110887527e-05,5.231300329788802e-05,0.00042183196968245494,0.0008287467062473297
253,0.0006293148339738264,0.0001911007215588019,0.0005128160119056702,0.0008336794581165485,0.00028513918354968956,0.000805126503109932,0.00021068133924014368,4.669163108067935e-05,6.577372550964355e-05,0.002382391731268807,0.0010937980974750836,0.0003954106941819191,0.0014978188312110424,0.00030412589012514257,0.00013343989849090576,4.612857151989336e-05,0.0005533758874705373,0.001170136034488678
254,0.0007903322913517252,0.00024805570947910097,0.00024419277906417847,0.0007072618555756804,0.0002793830612950951,0.00010274164378643036,6.571699284523003e-05,2.3197820291748537e-05,6.724148988723755e-06,0.0005134616870029751,0.0007465339100687293,5.921162664890289e-05,0.00018815513940829975,0.00032678778999870386,0.00037886667996644974,0.0014006036268844058,8.125314772286494e-05,0.0003203265368938446
255,0.0010115089071296712,4.5232324561595566e-05,0.0004061087965965271,0.0008689493987834584,0.0001727003221632592,0.00037637539207935333,2.5755122322682067e-07,4.9141764399345154e-06,3.2067298889160156e-05,9.908828418104393e-05,0.0006664865721294419,0.00013885647058486938,0.0005661325125009553,0.00034416549693491727,0.00025191530585289,0.00010428420216845868,1.7829431021072405e-05,0.0009154565632343292
256,0.0003217555447615206,0.00013436136342547325,0.00034857168793678284,0.0005389111101662125,0.0003092494705701325,0.0004010610282421112,0.0001370962574216046,4.466264604540984e-06,2.907589077949524e-05,0.0004716874131242138,0.0004428208468972433,0.00016442500054836273,0.0006231634590316976,0.0004113403353095506,3.7336722016334534e-05,0.0002636312225180182,7.58016089985773e-05,0.0007717311382293701
257,0.0018567306921762894,9.516267779653351e-05,9.999796748161316e-05,0.0019116117005823774,0.00016980368100810717,4.3548643589019775e-05,1.4515943943426562e-05,9.926162840396698e-06,1.3571232557296753e-05,0.0008435857726682705,0.0009055115937195921,0.00017593801021575928,0.0005833340729641048,0.0005378064403260968,0.00010463036596775055,0.0020894964420818396,0.0004041245627071799,0.00035254284739494324
258,0.0009031314637716614,0.000266207924840188,0.00014711357653141022,0.0009292016059719299,0.0001183308558523749,0.00020935013890266418,5.544212705562053e-05,1.2339020901804259e-05,4.503875970840454e-06,0.0022166474379385834,0.0008505353079139889,0.0005950368940830231,0.0028969778046639347,0.0010349023175646108,0.0006420798599720001,0.00048471830877064304,0.00015724972424326804,0.0002937018871307373
259,7.407926100896911e-05,0.00024523657004586405,0.00012002512812614441,0.0001100814302071873,0.0006059469775015584,0.00014187023043632507,9.040849562007465e-05,4.9781245176172255e-05,4.478543996810913e-05,0.0002069236846511252,1.067280983824831e-05,0.0011120568960905075,0.0007127102106394695,0.0015877218186821675,0.0008418634533882141,0.0002123093912926033,0.0007993627584633599,0.0007753819227218628
260,0.0016745102859109795,5.3454497237422766e-05,0.00023354962468147278,0.0015594252696362332,0.00025911805272626,0.00021087005734443665,9.13280098111327e-06,1.2562876857509893e-05,7.90134072303772e-06,0.0009374976555149087,0.0002818299535503714,0.00010365620255470276,0.0004609166676962373,0.00025916992002329026,1.284480094909668e-05,0.00017548592833205312,0.0002787210933778761,0.0004766695201396942
261,0.0005067576927826334,1.9766057298333667e-05,0.0007130876183509827,0.0007083140493793494,0.00012140396901929099,0.0005380287766456604,7.754199550776691e-05,3.1695710597123394e-05,3.2451003789901733e-05,0.0006036308245715091,0.00018747175777085803,9.595602750778198e-05,0.0005596455242433823,0.0003107042445687387,0.00032238755375146866,0.00010292273771125848,0.0005551483465814364,0.0011233650147914886
262,0.0002797525027391501,0.0002948513760617534,1.8145889043807983e-05,0.0004016643517436025,2.9391504450346218e-05,0.00032984279096126556,0.00012216489053087226,3.665551462509333e-05,1.8425285816192627e-05,0.0006990438022974749,0.00037985975475136186,0.00042933784425258636,0.00038502509888845016,0.00044337822923736295,0.000164068304002285,0.0005661927277132994,0.0004358307460044404,1.3131648302078247e-05
263,0.00025131976628847696,0.00037941067738210196,0.00010490976274013519,0.0006777313463834922,0.0002282730800040149,0.00018039532005786896,0.0001127332302135603,2.223942697476121e-05,1.4565885066986084e-06,0.0018439302872420987,9.577223951129019e-05,0.0003447011113166809,0.001622896695087056,0.0001680420415694564,0.0004200246185064316,0.0027329216345164387,0.000185014600935866,0.00043093040585517883
264,0.00025824832474627413,0.00046168899806635355,0.0008211974054574966,0.0004499722744462642,0.0004768641896689789,0.0005666874349117279,2.517324305739352e-05,4.5606194567331874e-05,4.5958906412124634e-05,0.00030112206483176585,7.156651880954601e-05,0.00037736818194389343,0.00045846495007648147,0.0011900085784742782,2.6542693376541138e-05,0.000585889556632746,0.0005956792740017163,0.00018749013543128967
265,0.0004720455713825844,0.0001459573548170355,0.0005140956491231918,0.00024182920765025706,0.0002560693711504379,0.0008857622742652893,0.0001304096269627089,3.4110820390209105e-05,4.478543996810913e-05,0.0008978858253058525,0.0005308758022336026,0.0007242634892463684,0.000808049717173992,0.0007807986141802961,0.00011577177792787552,0.0005472198162963793,0.0005267660683149216,0.0010777190327644348
266,5.624679259619292e-05,7.31777763734974e-05,5.7891011238098145e-06,0.00016220626792354254,0.00021816748326725088,0.00014332681894302368,7.480800498099391e-05,9.746042510507482e-06,7.580965757369995e-06,0.0006375016179348408,0.0018173344233167153,6.26053661108017e-05,0.0005819555103101087,0.00030065761568530067,0.0003901990130543709,0.0002284638630942748,0.0002717078029581435,0.00030060112476348877
267,0.0002186282039135512,6.418538713336489e-05,0.00021866895258426666,8.70283591184462e-05,0.00031487817928602113,3.468245267868042e-05,1.0488244199378938e-05,2.396802784780505e-05,2.935156226158142e-05,0.0014853295164299896,0.00032243468776397416,0.0003728661686182022,0.0010469630339188518,0.0006892959404248417,7.205642759799957e-05,1.3536276321224339e-05,0.0005310187530820827,0.000707186758518219
268,0.0008096435810484581,2.4885455201167223e-05,0.0005473140627145767,0.0008246928372683815,0.00013939329045894316,0.0008068010210990906,5.583452940007699e-05,2.171868951537887e-05,3.762543201446533e-05,0.00026614342704912863,0.000511561443186731,0.0006060134619474411,0.0006791838754622304,0.00056194370759503,0.000322720967233181,0.00022167146555487904,0.000348317578815786,0.0009468905627727509
269,0.0002825643323339788,0.00013850443944113389,0.0004025585949420929,4.7637823644947064e-05,0.00018534180115901966,0.0004439298063516617,6.999804896943781e-05,2.1295737866735992e-05,3.664195537567139e-05,0.0004107874010127882,0.0006169848894697696,0.0003520306199789047,0.0005104496535804498,0.0010076453062288007,0.0003791181370615959,0.00026304657099587847,0.0004553220985143566,0.001058373600244522
270,0.0007558090474894807,0.00023255260704794362,0.00016896426677703857,0.0006883692719736878,0.00010153412957644367,6.698630750179291e-05,0.00010695346756931998,4.1380228319662574e-05,2.830103039741516e-05,0.002478640810114577,0.0005614366816107351,0.0008586961776018143,0.002449508238324294,0.0009600430148420068,0.0007228953763842583,0.001558444265645359,0.0008461337326582617,0.00013794749975204468
271,0.00039032180385700777,2.8574905723173505e-06,0.0006686169654130936,0.0008176700563003181,0.0001205856033555594,0.0006125122308731079,0.00014544973856843446,3.4549267188400905e-05,3.38628888130188e-06,0.001620929444895669,0.0004964244739347999,0.00010484084486961365,0.001385166903683177,0.0003939313417576605,0.0001935390755534172,0.0003375949267459266,0.0004687326793829903,0.0007388703525066376
272,0.0003729740357397149,0.00016726223064255502,8.058547973632812e-05,0.0003107747413647055,0.00013826899936644418,0.00017592497169971466,5.727371108874002e-05,8.560728251823845e-06,3.882497549057007e-05,0.0001489322916631841,0.0004805679681265905,0.0007113814353942871,0.0005659799466454368,4.430077098698318e-05,0.0006107417866587639,0.0004862655796784021,0.0002833580266875769,0.0008569471538066864
273,0.0002952212148052691,5.422319928050437e-05,0.00044885650277137756,2.3509250132919268e-05,2.8374628751350744e-05,0.0003962535411119461,6.24852833509687e-05,1.4458942360886376e-06,5.362555384635925e-05,0.0011746980008269653,0.0002109381718818186,0.0003545749932527542,0.0011833102685955554,0.0005799738201048843,0.00042517948895692825,0.00036258705546993175,5.394397494876732e-06,0.0012738518416881561
274,0.000707851813077337,0.00015470520440224317,0.000398317351937294,0.0004933146383920006,5.241281932944625e-05,0.00013149529695510864,6.702629124638593e-05,4.7422522229947696e-05,6.821006536483765e-06,0.00047311048026585367,0.0007170350725579921,0.0005303956568241119,5.472145777286885e-05,0.000630883257233001,0.0001454465091228485,0.0012113224133701028,0.0007610022910798464,0.00040303170680999756
275,0.00038418732594994176,6.709311451434316e-05,0.00011002272367477417,0.00024617814341013067,0.0003503890390303896,7.317401468753815e-05,0.00010482490361734403,3.043460681158972e-05,1.956149935722351e-05,0.004254321396635105,0.00065655063583284,0.00038316473364830017,0.003845242682154325,0.0010878643376226425,0.00020509958267211914,0.00046772313872686655,0.00033115270663045665,0.0008486621081829071
276,0.002022996413693162,0.0002378938282504399,0.00014868564903736115,0.0014585513081454837,3.1757015655983767e-06,0.00038311444222927094,8.356868669233755e-05,3.1157695279288705e-05,5.1487237215042114e-05,0.0016712379582664444,0.0003722724077733601,0.0011143404990434647,0.0012584170208429085,0.000566428099750136,0.0008634096011519432,0.001490354220190393,0.0005613862108091994,0.0006454586982727051
277,0.0001194335097371435,0.00015329916037572916,0.00029723718762397766,0.0001142335238513148,0.00031022164249837683,0.00040881335735321045,0.0001252556951477305,1.7295431562409062e-05,2.6531517505645752e-05,0.00292024424605504,0.0005678399723373431,6.24852254986763e-05,0.0027203056280158747,2.1140137701554373e-05,0.00019587203860282898,0.0004627146667208759,5.933828961919379e-05,0.0009808838367462158
278,0.0004725068860381154,0.00016964071147446136,0.00017555244266986847,0.0005431043912291489,0.00013242639226659914,0.00029622577130794525,5.071638810716893e-05,2.4664006291739786e-05,7.0035457611083984e-06,0.0026921795929385484,3.8892100368160404e-05,0.00021468289196491241,0.0028576943983138064,2.561867206047827e-05,0.00043261516839265823,0.0015373015315992,0.00024922946633868393,0.0006471499800682068
279,4.549532865763539e-05,0.00015685568749881917,0.00027426891028881073,0.00022666172592364364,0.00010245035889894227,0.00021390989422798157,5.6231200845406615e-05,7.213501052982904e-06,1.0870397090911865e-05,0.002101177362288084,0.0006715174598853763,0.00018897373229265213,0.0024286271174470964,3.567013310994474e-05,9.432900696992874e-05,9.58584575475041e-05,4.4732988298599227e-05,0.0002545565366744995
280,0.00029905331969612425,0.0001227867407675165,0.0001454520970582962,0.0001603245280857868,5.6873399659984614e-05,7.029995322227478e-05,9.153478022904879e-05,1.7429528152551762e-05,1.0289251804351807e-05,0.0007499335289462283,0.00011571617162453585,0.00030418671667575836,0.0002050829381785857,0.0008260866345501106,0.0005602119490504265,0.0006277167359276803,0.00027265989959021826,0.0006258264183998108
281,0.0023053275046605315,4.727802573935985e-05,0.0004550553858280182,0.0017408060064713071,6.975969034379512e-05,0.0011312756687402725,3.2539128154897984e-05,7.9063196495708e-05,0.00010516121983528137,0.0020071295628456,0.0012990651266737534,0.0016100239008665085,0.00257269989337907,0.0020168226286716266,0.0006926590576767921,0.0031992345753717455,0.0011370232209808298,0.001802012324333191
282,0.0004907404092904244,0.0004203739240479683,0.00023281201720237732,0.0011754978273756933,0.0005180941945137803,0.0006900671869516373,6.296300722977502e-05,6.38372932928707e-05,9.478256106376648e-05,0.0005808552191814906,0.000923518173538241,0.0014101173728704453,5.384643266676675e-05,0.0007761344101050102,0.000756491906940937,0.001472119787618048,0.0009773128425891351,0.0023074857890605927
283,0.0003139742215461927,9.820156850215422e-05,0.0004437398165464401,0.0015055489139106648,0.0002550244235357581,0.0008455775678157806,8.601429401274875e-05,6.456590272532345e-05,5.513429641723633e-07,0.001453621280274646,4.2105712191549405e-05,0.00034771859645843506,0.0010794713370817083,0.00023474648304345688,7.179379463195801e-05,8.78966900612621e-05,0.0008769504789151901,0.00043192505836486816
284,0.0004174823412232964,4.1797972408469386e-05,0.0006666537374258041,0.00014301877475986213,8.880057770268776e-05,0.00043777748942375183,0.00016864915442206356,4.560429335944216e-05,1.4543533325195312e-05,0.00015160390720961314,4.502755114008106e-05,0.0007102079689502716,0.000596962928209363,0.001100046524816517,0.0004036054015159607,0.0009823021022523082,0.0009036369056894646,6.71185553073883e-05
285,1.1185442881089802e-06,0.0005761732928045195,0.00024523399770259857,0.00043102726947313874,0.00015991758373821302,7.372349500656128e-06,1.1453191122050288e-05,4.460624591152981e-05,3.768503665924072e-05,0.0018403248722770604,0.0012889289103967284,0.00017628446221351624,0.0018134411261687133,0.0006573504446923915,0.0005402490496635437,0.0015368966100991477,0.0007720464700253344,0.000506427139043808
286,0.0010908489041816793,2.3943148907086542e-05,6.852671504020691e-06,0.0010599067361294345,9.696300012776438e-05,0.00012907199561595917,8.125686001815222e-05,2.3708652333582494e-05,1.0129064321517944e-05,0.0013999152282180571,0.00026611346685665935,0.0006577447056770325,0.0011523314175705124,0.0013338892557019748,0.0005209250375628471,0.00027349055409930934,0.00035737778992360903,0.0002413615584373474
287,0.00032142509862648216,0.0002656564541171323,0.00075518898665905,0.0004305571987626988,4.3463322955902134e-05,0.0007281973958015442,0.0001324592887354155,2.2430324657619948e-05,7.032975554466248e-05,0.001385981485710272,0.00035169984125765774,0.0006518065929412842,0.0014825053109480402,5.2918878152750926e-05,0.0006252983585000038,0.0011697086059265505,0.0003309467021919048,0.0014113113284111023
288,0.0004148459150123407,0.00010690311781951997,5.21242618560791e-05,0.0004247495503509058,7.123484017066209e-05,0.00022605806589126587,7.866004337643909e-05,1.7431991515170684e-06,5.2228569984436035e-06,0.00037665471562457753,0.0004160676919604603,0.00014043226838111877,0.00010600607676222729,0.0007126701996554297,8.690636605024338e-05,0.00040079217157312774,2.773564087076713e-05,0.00021054595708847046
289,3.097100105872719e-05,0.0004925392447808069,8.800998330116272e-06,0.0004355442633892648,7.684308186962918e-05,0.00021424144506454468,7.42970822501382e-05,1.3443790722456994e-05,2.0097941160202026e-05,0.0007340182320920013,0.0005613503695412296,0.00011589191854000092,0.000553656138742073,9.166145167842712e-05,0.00038644857704639435,0.0009021736822295567,0.00023267937598297345,7.372349500656128e-06
290,0.002042023815317373,2.447469420358006e-05,0.0007334481924772263,0.0020500321169119595,0.0005395639204028649,0.000694984570145607,0.00013386329187023774,1.9035187005854307e-05,7.672607898712158e-05,0.0008290850850360132,0.00011432786403678397,0.00037433765828609467,0.00034325810178000016,0.0012668313631397955,0.0003786161541938782,0.001906542502017966,0.0002126691965682495,0.0015349797904491425
291,0.0010627766965534968,9.102336173293785e-05,0.00022531300783157349,0.000545973486360124,0.0003237333384446331,0.00018163956701755524,7.284977416203292e-06,5.475251672370319e-06,7.364898920059204e-06,0.002911049899886095,0.00026205001837397227,6.054528057575226e-05,0.0023058676067683886,0.0003554591848830384,6.724148988723755e-07,0.0006652704350264271,1.5195501278189062e-05,2.6598572731018066e-06
292,0.00028091895177492776,0.00011053243214952796,5.129724740982056e-05,0.0006022134817940394,5.643820766539423e-05,8.073821663856506e-05,1.113873807096974e-05,5.5408332355262894e-06,2.1122395992279053e-06,0.0005287572909113761,0.0007175468520324753,7.12759792804718e-05,8.962677605757474e-05,0.00029420127315869793,0.00017691496759653091,0.00024136089953019635,0.00033803205341340114,0.00014296919107437134
293,0.00047979646044898905,0.00017336192109475984,0.00016685202717781067,0.00019647882552673024,9.228713912112427e-05,8.80267471075058e-05,7.012868100142108e-05,1.164380774888889e-05,2.9783695936203003e-05,0.0004909668678072174,0.0005456584050791864,0.000262310728430748,8.619809540560963e-05,3.902870327363028e-05,0.00027969665825366974,0.0010356268831475113,0.00011641299067138193,0.0008199587464332581
294,0.0005643836390338552,0.0001806047088642182,0.00011448375880718231,0.00032732031033963493,6.904546656648358e-05,8.064880967140198e-05,6.40486475275634e-05,2.584339554146971e-05,5.677342414855957e-06,0.00032636994416508636,0.0004792645648703346,3.3833086490631104e-05,5.487345142474176e-05,0.00025367219715988557,0.0003238040953874588,0.0002830026595600499,0.00032924273230996136,0.00017827004194259644
295,0.0003271748462830848,0.0001896170790089309,0.00011993572115898132,0.0004642270511375779,0.00018228326836508546,9.658932685852051e-05,1.560803572102018e-05,4.8336848420661816e-05,1.2036412954330444e-05,0.0010587062115482576,0.0009190015395824924,0.0005193725228309631,0.0006824795379188758,0.0013254511119556237,0.00019579194486141205,6.03043439127704e-05,0.0006349372129036896,0.0010553635656833649
296,6.70155190207744e-05,0.0001717308974450403,0.0002720709890127182,9.541747497407438e-05,0.0007432296393526626,0.00032480619847774506,1.9735915597274972e-05,8.898285679401063e-06,6.132572889328003e-05,0.0006231017783784459,8.747472528838549e-05,0.0003516487777233124,0.0009599260677442822,0.00031382460819805516,0.0003219638019800186,0.0003706401670098003,6.464137058502539e-05,0.0006471574306488037
297,0.0006535424221063846,0.00017698071631187112,0.0003317389637231827,0.0008096495825861694,3.538615364195169e-05,0.0008786246180534363,4.385393140434596e-05,5.365903271071748e-05,2.91578471660614e-05,0.002255077861646526,0.0016081667976375717,0.00027688033878803253,0.002627970971351881,0.00019941475756969293,0.00047156959772109985,0.001738012509374276,0.0008578142583702848,0.0002693869173526764
298,0.0008974857605111852,0.00028803330948817124,0.000167064368724823,0.0010717904159035785,5.0042336131837784e-05,0.00033392198383808136,3.59622820842731e-05,2.987469057871e-05,4.9483031034469604e-05,0.0008150613931366818,0.00011967742633082687,0.0008555874228477478,0.0009109796619514166,0.00039410709858329895,0.0005308631807565689,0.0013096711082402068,0.0004343603295556669,0.0009357742965221405
299,0.0007510701427717592,3.588236739676329e-05,0.0002866331487894058,0.00072045110831917,0.0002291685834047985,0.0003124456852674484,6.049645282006286e-05,2.3087273599856195e-05,5.171075463294983e-05,0.0005201292919662717,0.0007303024138634803,0.0005653984844684601,0.0008350336601630759,0.0006482759393442554,0.0005523040890693665,0.0003302039464165851,0.00038964805320780213,0.0013651996850967407
300,0.0007453977705262349,0.00019955260454768142,0.0006709955632686615,0.0009588342586237808,0.0003159561622267555,0.0006059389561414719,0.00012863624329055232,2.1759027934220278e-05,3.170222043991089e-05,0.0015930491477752842,4.538685026823572e-05,0.00031776539981365204,0.00136404759187142,0.0006986906554787564,0.00023985281586647034,0.0019354299655416074,0.00027750014670160775,3.626197576522827e-05
301,7.314148005682641e-05,0.0001701341487601836,0.0003133099526166916,0.0002191487358077504,0.0003000092405827555,8.554942905902863e-05,3.97968140788095e-05,5.147908215301547e-05,1.96211040019989e-05,0.0014206091437658358,0.0010044145980215476,3.011152148246765e-05,0.0012198954989549315,0.0002965502511222823,0.00030911900103092194,0.0014956331256869293,0.0005428024712721292,0.0003176666796207428
302,0.0020331046478109793,0.00020016862675373281,2.276897430419922e-05,0.0025168072741997283,0.00021736449053958232,0.0006957463920116425,8.279452615985589e-05,9.423759273859795e-05,5.833432078361511e-05,0.0017481867555627154,0.00023507166711603245,0.0010585952550172806,0.0013561877855995594,0.0007385736066020873,0.00024404190480709076,0.001480189060589332,0.0016367346382521845,0.0005542263388633728
303,0.00010624496656314042,0.00014123150324314715,0.00047781504690647125,0.0006417667041662967,0.00021402417427043505,0.00019365176558494568,9.397890517425997e-05,3.9030287138976425e-05,3.311038017272949e-05,0.0012054282353243517,0.0008519619492068642,0.0008475854992866516,0.0003053875122135813,0.0011692765294891438,0.0004230048507452011,0.001575609132276612,0.0007676958540700125,0.00032142922282218933
304,0.0003885403524856723,0.00012670866521708943,3.339722752571106e-05,0.0004975735245768553,2.0070953370383143e-05,7.936358451843262e-05,3.431622107806162e-05,3.9867945406372345e-06,1.9647181034088135e-05,0.0033159940807418534,7.44434341564057e-05,0.00035755522549152374,0.0031672803105555827,0.00028839679479221794,0.00024956464767456055,6.601307864220751e-05,0.00012294614281058288,0.0002417825162410736
305,0.0006230360309605054,0.00010004504572546508,0.0003265123814344406,0.0005805777185244332,2.1921227930193216e-05,0.0002846159040927887,3.979579759842179e-05,1.0859777349932171e-05,8.186697959899902e-05,0.0017048904129878598,0.00019848680493998738,0.0012969262897968292,0.0014487902931630131,0.0001571136209934168,0.0012730341404676437,0.0010818260280344716,1.577201334703902e-05,0.0016264766454696655
306,0.00017075027815705024,9.88464564280131e-05,0.0002494659274816513,0.0003772143024005914,0.00013924459293441702,3.194436430931091e-05,2.2361701273084997e-05,4.529597469111308e-05,1.737847924232483e-05,0.0009876100081948752,0.00022877751970284965,0.0006067529320716858,0.0009882486237954985,0.0006930653198244131,0.00037635304033756256,0.000816016565383243,0.0008496150032914558,0.00018091127276420593
307,0.0006863838411602097,0.0001311222324503758,0.0005178134888410568,0.0005056620946524981,3.876091695249537e-05,0.0007778853178024292,0.00013414609853888704,7.170486562157129e-06,4.492327570915222e-05,0.0011530281713452092,0.0010291081531549479,8.770450949668884e-05,0.0013013099349524493,0.00036191740203382616,0.00032856687903404236,0.0006796580682778552,0.00020469291394990645,0.0009689629077911377
308,0.0006094439963524045,0.00023176693716341762,0.00037368759512901306,0.00018501017425989752,0.0001821206868742667,0.00026457011699676514,1.5095473737422246e-05,4.258823057361129e-06,4.990771412849426e-05,6.048943194693346e-05,0.0005112237078565389,0.0002842079848051071,0.00012152000073316349,0.000701694007075284,0.0005107223987579346,0.0006445768117067097,6.7904866721453e-06,0.001030951738357544
309,0.0005793798333513789,0.00014421585326506586,3.628246486186981e-05,0.0002245856102530419,0.00030908368696439675,0.00025702081620693207,5.535357618935595e-05,2.3589297634838996e-05,6.3963234424591064e-06,0.00011809684365475526,0.0012980278590624637,4.075467586517334e-06,4.302998598136598e-05,6.310991696432608e-05,0.00033908896148204803,0.00029384910478486015,0.00030716104950020756,0.000164862722158432
310,0.000722112164417088,0.00021134022030453933,0.00018836185336112976,0.0008229125595481113,7.058784881571606e-05,0.0003500785678625107,5.9835426709521286e-05,2.793409065541077e-05,4.486739635467529e-05,0.0004462437166961736,0.0003636150537785765,0.0006271135061979294,4.306357401205607e-05,0.00013779578249588018,0.0004545021802186966,0.00017249528127380453,0.0004452385328255967,0.0011638253927230835
311,0.00010022644373611223,0.0003012604737634497,8.181296288967133e-05,0.000336140164059584,0.0001937630701607483,9.674392640590668e-05,9.499341417466833e-08,2.582554211960175e-07,4.964321851730347e-05,6.480952234663717e-05,0.0004879162217879332,0.0005908878520131111,0.00033027812914342147,6.19653006118416e-05,0.0006448104977607727,4.3237719792865725e-06,7.150266986664152e-05,0.0008997954428195953
312,5.385130490057066e-05,6.280687423202216e-05,0.00039265677332878113,0.0004563439433323824,0.00016751387737433399,0.00047828443348407745,4.9661078027615074e-05,1.9230868823238523e-05,5.4679811000823975e-05,0.001502948095984613,6.036256223698744e-05,0.0008761752396821976,0.0011338669247263206,0.0006687386102712731,0.0006536561995744705,0.0005604666520855894,0.00035636849359160696,0.0017010681331157684
313,0.00045218230127108683,0.00019957799899152431,0.00031912699341773987,0.0008393399772572141,0.0001196326315078336,0.0006780512630939484,7.155251720834636e-05,2.8980767820995976e-05,2.329796552658081e-05,0.0006368668341341713,0.0004436909594182359,0.0005352934822440147,0.000370783126759186,0.0006195183366582285,0.00013210996985435486,4.609165949501226e-05,0.0002745227248537674,0.0009728297591209412
314,0.00011684400803110839,0.0002750962279260555,0.00043680891394615173,0.00018744321690442045,8.732708201566672e-05,0.0004887226969003677,0.00014200561620624462,2.9637694458748863e-06,3.380328416824341e-05,0.0012386854859657986,6.230782614687763e-05,0.00018849316984415054,0.0010773817013355474,0.00013444140373362543,0.00010303966701030731,0.0020369363200145874,7.935132507325398e-05,0.000825200229883194
315,0.0007104782195546111,0.00012765169492170644,0.0006873123347759247,0.0011886581927874895,0.00010922928192337242,0.0007298178970813751,0.00014535464940613335,1.5203056585139227e-05,4.369020462036133e-05,0.0009815684290986962,0.00022274066977982787,0.00031079165637493134,0.001239804344995002,0.0008712594301627762,0.00028554536402225494,0.002521342200357962,0.0006845015214597015,0.000859435647726059
316,0.0007660711754032545,0.00027060391688567276,0.00033678673207759857,0.0008083691363949541,0.00034745229373696687,0.00040869228541851044,1.9904694806602286e-05,1.777921620439623e-05,5.457550287246704e-05,0.0003789113427274393,0.0005115490722735483,0.0007764920592308044,0.00033272501797698695,0.00040593470839277515,0.0006510838866233826,0.0005834452922240663,0.00010613995138480676,0.0014374926686286926
317,0.0005996555708709106,8.513206853188668e-05,0.0002859588712453842,0.00031951817131398164,3.431358879627325e-05,0.0004583969712257385,2.8866827245770804e-05,2.038864900144946e-05,3.353878855705261e-05,0.0006070465159180652,0.0004476279573032427,0.00024736858904361725,0.0007480243656208807,0.00039371733054760147,3.048032522201538e-05,0.00024587324788238885,0.0004894732416278573,0.0005289614200592041
318,0.0011898944177471948,0.0001704498396505015,0.0007160790264606476,0.0010024127398390592,0.00013889463340804875,0.0005050040781497955,4.9710092974442066e-05,2.414787271581831e-05,9.129196405410767e-05,0.0008032516343265961,0.0009735000901034199,0.00025373976677656174,0.001632279129538547,0.0009577414418830525,0.000516967847943306,0.001814983179049906,6.968901875991848e-05,0.0016246214509010315
319,0.0004272410708376362,9.758794026442155e-05,0.0004369262605905533,0.00038945787863123305,0.00010867885767872412,0.00019552558660507202,4.686225576779404e-05,1.5910250490725115e-05,1.4882534742355347e-05,0.0016123078308714137,1.13224886839694e-05,0.00043339096009731293,0.0014166799803889824,0.00030287386638611427,4.162639379501343e-05,0.0008429910512452454,0.00016837372336282828,0.001093246042728424
320,0.0007813743787748184,0.0002402976746429808,2.238340675830841e-05,0.0010201839671860335,9.54659569710678e-05,0.00018324889242649078,8.514774709966755e-05,1.7502969625872293e-05,1.8212944269180298e-05,0.0010008872680889458,0.00016538005921944154,0.0005171224474906921,0.0008430752138089692,0.0003894688559858625,0.0002703685313463211,0.00040392465464605953,0.00019783407204610262,0.0002718530595302582
321,0.0016409070870558318,0.00010824506908176101,0.0006698500365018845,0.0012019983877399887,0.00010369769883023308,0.0009677764028310776,0.00013944892113067903,2.683963225461874e-05,4.6331435441970825e-05,0.004318808402820187,0.0009636236347254565,0.00019305851310491562,0.0037487787713477577,0.00016126467252541507,0.0006095580756664276,0.002198094044562948,0.0005804852270042031,0.00019966810941696167
322,1.6301771307042356e-05,8.30380540372544e-05,0.0008890945464372635,4.594341765168375e-05,5.884537870196743e-05,0.0010358989238739014,0.00022622623019077567,6.036509123873222e-06,3.7338584661483765e-05,0.0011334997917977277,0.00021791530486715838,0.00010905321687459946,0.00014578414479667068,0.0008253239723153075,0.00017870590090751648,0.0006484550074543072,0.0003159507352597079,0.0012306086719036102
323,0.0004887432713307771,0.00030711329104272933,3.13539057970047e-05,0.0004508630555798976,0.00022582428203836782,0.00015917792916297913,0.00014775611474611774,1.8953697212547725e-05,3.520771861076355e-05,0.0003458516415268467,0.0007904604054503397,0.00034744013100862503,0.0006894189590643529,0.0006129967879445405,2.9101967811584473e-05,0.0011809418295663787,0.00025546712506411065,0.001451633870601654
324,0.0002575126054369381,0.000654711288441235,0.0002309642732143402,1.7577653062206267e-05,0.00037523772452514523,0.0002375282347202301,4.723940955248668e-05,4.8574084491928115e-05,3.618001937866211e-05,0.0004931746066832859,0.00045996588662230303,0.0006673401221632957,0.0004052624477087624,0.0007262066511862508,0.0001917574554681778,0.000807418457626996,0.0006606146636028241,0.0008381977677345276
325,1.413577722375603e-06,0.000343026238895712,0.0006018280982971191,0.0003419228074674763,5.296099431468387e-06,0.0005858112126588821,0.00014498214890937972,6.34000573468158e-06,6.068125367164612e-05,0.0009172518898673335,0.0007395425450503965,0.0005837893113493919,0.0007005608505886302,0.00048156700619128925,0.0005281995981931686,0.0005027650693481822,0.00047437431529061356,0.0009119734168052673
326,0.0004787247233942471,0.000460862221656054,0.00029231980443000793,0.0007077752508826418,0.00022940696353816736,0.00019524246454238892,6.829257990930565e-06,1.948248481180607e-05,1.8715858459472656e-05,0.0005048373079951443,0.0004724594438923341,0.0005782246589660645,0.00015100134355534867,0.0003647982898922625,0.0004123132675886154,0.0016048973547510281,0.00023221802086919024,0.000243406742811203
327,4.799864697804801e-05,0.00015392766906791033,0.0003213323652744293,0.00027169910730945324,0.0002356085023783247,0.0003969501703977585,2.807975330355872e-05,1.8569032236986156e-05,2.7511268854141235e-05,0.0014079480920301535,0.0005235274968051623,0.00015274900943040848,0.0017461956838293186,7.551995030196171e-05,1.9839033484458923e-05,0.0010215177804023257,0.0006967863569118703,0.0009568855166435242
328,0.0006199858562389304,0.00012429803445122498,0.00022482872009277344,0.0011007712586454388,4.043708120922765e-05,0.000483781099319458,2.1192255786204456e-05,5.804035935999313e-05,5.453452467918396e-05,0.0003411845205426728,0.0006911875564313968,0.0010566245764493942,0.0004931559293268328,0.00145823994372353,0.00010593421757221222,0.0010426665278978342,0.001191745804410762,0.0005225203931331635
329,0.0011185765919707047,0.00017976668322727818,0.00044235028326511383,0.0013107203966229164,3.787979608221512e-05,0.0006998572498559952,9.453615007586763e-05,2.9737338717872384e-05,7.52471387386322e-05,0.0015872800046719954,0.0015420661773937125,0.0009575216099619865,0.0012491026088641694,0.0011198361997326912,0.0005370322614908218,0.0025026173520660278,0.0008639802969837287,0.0012358799576759338
330,0.0005127285786399316,0.0001817972247238897,3.465823829174042e-05,0.0008523175887726886,0.0004445645143088192,1.2381002306938171e-05,3.774659108815234e-05,4.813212147473738e-06,1.8849968910217285e-05,0.0017299316749394972,0.00043593159434815454,0.0007903352379798889,0.0016840748831695312,0.0008933172962615615,0.000763649120926857,6.74564976019254e-05,0.00027442782256389964,1.9684433937072754e-05
331,0.0009891185619338994,0.00015154692643924023,0.00027883052825927734,0.0011993703222256957,0.0004006160838403369,0.0006983447819948196,1.1870172609458607e-06,5.516361048315296e-05,2.934783697128296e-05,0.0014188954489237071,3.0400252841532305e-05,0.00033173058182001114,0.0008571019582984396,0.000223968392735939,0.0002849847078323364,0.0005425743991888943,0.000803171873113892,0.0012852363288402557
332,0.0002613920036993178,0.00010286795910531554,8.737482130527496e-05,0.00039652652208665984,0.00035815817439887807,0.00043961405754089355,0.0001783673161042977,1.4901574924825736e-05,6.599724292755127e-05,0.0002547686588563747,0.00019433482487862114,0.0010258760303258896,0.00019476485279694422,0.00036695970014160445,0.00046690553426742554,0.0008423299885300939,0.00027540795449915775,0.0014337562024593353
333,0.00027393560135596795,0.00027032844664232406,0.00026610493659973145,0.00019621851255044453,0.0002751204084242148,0.0003311559557914734,0.00011018352801642553,2.7243736462902526e-05,7.341057062149048e-05,0.0032938193315140973,0.00012756147434815623,0.0012221559882164001,0.002722078255803867,0.0008794119900491157,0.0003881528973579407,0.0017933880150661774,0.00014606564497504724,0.0012753233313560486
334,0.0009937319478152684,0.000388933658181375,7.850490510463715e-05,0.0007848069495750287,7.26278180594106e-05,0.00046925805509090424,2.3291293601093027e-05,7.809043553115092e-05,2.68593430519104e-05,0.0017115816107767245,0.0009393851829257657,0.0006460277363657951,0.000994943572404941,0.0006050296016047799,0.00010636076331138611,0.0005983491757459158,0.001236650653919577,0.0005353838205337524
335,0.00026529224804822116,0.0005105669419689929,6.980076432228088e-05,0.00021248592895878327,0.00035064688066157104,0.00020724162459373474,2.6947912527625767e-05,3.226514173906977e-05,3.055110573768616e-05,0.00015922868922091382,0.0006290692016202651,0.00025978125631809235,0.00034664893479663395,0.0007774071520863478,9.136274456977844e-05,0.0008950805986503996,0.00029100402484199227,0.0004634074866771698
336,0.0013389664508048904,2.2408273760883557e-05,0.00037987716495990753,0.0005741695754808429,7.733816413661374e-05,0.000460013747215271,5.960442697775306e-06,1.0548243147443892e-05,3.081560134887695e-05,0.00039091046094735793,0.0003656080779783147,0.00017049629241228104,0.0003469609188451461,0.0006386002886571811,4.99822199344635e-05,0.0005585642588946671,3.011487149581771e-07,0.0005807764828205109
337,0.0002190185603149486,5.9251050326964566e-05,0.00037848949432373047,0.0006512903722468155,0.0001699325436831517,0.00027846917510032654,3.228601764376435e-05,1.555602195453087e-05,2.7194619178771973e-05,0.0014644740138517603,0.0007862111160088017,2.0507723093032837e-05,0.001055972443718814,0.0002688456091656903,0.00015155784785747528,0.0016224175764927018,0.00012412045967250852,0.00022505968809127808
338,0.000826599061372113,2.3099630057383386e-05,0.0005908627063035965,0.0010513376536199215,0.00010242426421675638,0.0003536771982908249,3.581248379494126e-05,5.697278885570252e-05,3.3132731914520264e-05,0.0008844869993102009,0.00045994246289787766,0.0005019186064600945,0.0004564847286338408,0.0014184951027609374,0.00015072524547576904,0.001816166820704318,0.001277814513982848,0.0004493817687034607
339,0.0003050668726245209,0.00019929441741210405,0.0010085124522447586,0.00019772825411495942,0.0005916945170491052,0.0007168091833591461,0.00011839561254011616,2.3807894017053135e-05,5.971267819404602e-05,0.001126117749086289,5.672375964894949e-05,7.318519055843353e-05,0.0009799111804573019,0.00040700486216161194,0.00028147175908088684,0.0007710524262757035,7.804670304142544e-05,0.0004321634769439697
340,0.00082422797009013,0.00012411229664133216,0.00025159120559692383,0.0005088160518395002,5.264680556477802e-05,0.00020664744079113007,7.526297640768689e-06,5.9201649100758e-06,5.684420466423035e-05,0.00011642780835357386,0.00012094782638305546,0.00044871866703033447,0.0009219685619647269,3.358776348780235e-05,0.0005394686013460159,0.0004759680874738548,0.00012734133499282645,0.0010986700654029846
341,0.0003205177659638403,0.00010110883935840476,0.0003118719905614853,0.00033712652391751363,0.000162720167017346,0.00041238032281398773,0.00015000384523633503,4.848289645017394e-06,2.6561319828033447e-06,0.0024750510324609287,0.00033854049681537185,0.0005562072619795799,0.0019506892681563914,6.518977981097296e-05,0.0007016193121671677,0.0008683062457487123,0.00034157947281918816,0.0004145503044128418
342,0.0015935595613969789,9.085816281402537e-06,0.00041056983172893524,0.0015311047692877222,0.00023661021402066051,0.0005428921431303024,8.365174934429724e-05,4.609855085938182e-06,3.8780272006988525e-05,0.000752933674578786,0.00013517040718565715,2.9956921935081482e-05,0.0003958789547142197,0.0003079947588258414,0.0002443939447402954,0.0017523871666646762,0.00021355514357138984,0.0007808022201061249
343,0.0007845694563403116,0.00015893238049680125,0.000293876975774765,0.0010681654958544229,0.00015359690855631242,8.008815348148346e-05,0.00013015399322504478,1.5796888964253225e-05,3.199279308319092e-05,0.0012607624573874113,0.00046821532795872367,1.2731179594993591e-06,0.0008159528115165293,0.0006084001330903532,0.00018001720309257507,0.0003928936940450489,7.18001660466143e-05,0.0007989630103111267
344,0.0008176027967091715,7.495586115749409e-05,0.0001161620020866394,0.00010007129191899611,0.0002403249348411178,7.178075611591339e-05,7.50934702122251e-05,2.7407556028331793e-05,7.316470146179199e-06,0.00014099021489307612,0.0005420088078535862,0.0002572983503341675,0.00012056067706346651,0.0002501280769494872,3.785267472267151e-05,0.00024367143815068326,0.00047690743532281983,0.00023306533694267273
345,0.0007647257575912614,1.3922799481164844e-05,0.0005723275244235992,0.0007704265479261674,1.9169915242169683e-05,0.0007056538015604019,0.00018742481255720408,4.817331465256777e-07,5.3141266107559204e-05,8.726521595905923e-05,0.0015487857113904435,0.00017213914543390274,0.000136408230981995,0.001028611445953967,1.0702759027481079e-05,0.0011910841152988072,7.373958336446065e-05,0.0013119541108608246
346,0.0014938229184396912,0.00015905657585706806,1.2969598174095154e-05,0.0009462767552206874,0.00018662730018728646,0.00011160597205162048,5.412800116597928e-05,2.1888104445373863e-05,6.011500954627991e-05,0.00010650917854333752,0.0015151978345478712,0.0006956802681088448,0.0006824141376524651,0.0008090718249406346,0.0007991380989551544,0.0004526578856937913,0.00014308067269517763,0.0008623823523521423
347,0.0004200733971551629,0.00041319985437279425,0.0002177618443965912,0.0005227835907527234,7.903029574367337e-05,0.0007265303283929825,0.00010337141857816659,6.44261224435422e-05,5.0555914640426636e-05,0.00046759468994527625,0.0026978597781222233,0.0010221712291240692,0.000752131107497292,0.0010477887766424335,0.00032425299286842346,0.0008130417017520597,0.0014647421037863474,0.0009751021862030029
348,0.00011697914188671388,0.000243211173221361,0.0002991706132888794,6.833097555669632e-05,0.00020465447905480827,0.0002582129091024399,4.701416685285592e-05,2.215102962176488e-05,5.9098005294799805e-05,7.231479943747843e-06,0.0011139910723243218,0.0007967986166477203,0.00013054920234788214,0.0004631267836363636,0.0009903404861688614,7.118225640534437e-05,2.998861075232881e-05,0.0007488615810871124
349,0.00017302885999509465,0.0003951592343995336,0.0008969511836767197,8.237859466159181e-06,0.0001676170828295992,0.0007258672267198563,0.0002521115122833817,2.224061812808667e-06,4.936009645462036e-06,1.714421487125639e-05,0.0006727326407874462,0.0009203813970088959,0.00013969725964747826,0.0005181797226886491,0.0007447563111782074,0.0005562712116594926,0.0005233202281882312,0.0006233677268028259
350,0.0009882360685357083,9.135970728903903e-05,0.0001098141074180603,0.000634112895400496,0.0001084024408689703,6.914883852005005e-05,9.418223101969984e-05,4.054277958573534e-05,3.692507743835449e-05,8.544501670016552e-05,0.00012401768432907662,0.0004754764959216118,0.0007431832863678822,0.0004926448724328521,0.000745309516787529,0.0004192328886948038,0.00033497128134783033,0.0001560710370540619
351,0.0007928042174964456,4.1275813934017747e-05,0.000791110098361969,0.0007149844720167053,0.0002201712703784435,0.001057937741279602,3.5831017412366745e-06,1.8769200852811023e-05,2.4046748876571655e-05,0.0018260270889732602,0.0021106730058412237,0.00031679682433605194,0.0009045475911500095,6.352659426011112e-05,0.0007029883563518524,0.0014995412097421057,0.0005291224869045409,0.00015513598918914795
352,0.0011427143039035859,0.0003946161800301856,0.0007217302918434143,0.0009613889767606243,0.0005595961926794513,0.0009186659008264542,3.875205912136359e-05,2.544266356219497e-05,5.083158612251282e-05,0.0006829096169978024,0.0009139208594296441,0.0003804843872785568,0.0014474658148219688,0.00023842165794292838,9.087473154067993e-05,0.0008960983062546446,0.0006314254674054075,0.0006134361028671265
353,0.0002736861010967373,0.00011988218123391153,0.00036814063787460327,0.00011584709926823478,0.00011338450421371354,0.00010524317622184753,8.524846894266379e-05,2.6940955953399484e-05,8.270144462585449e-07,0.0007184398781740556,0.00032853886757663875,0.00046989601105451584,0.0006444422018365009,0.0009338961006513519,0.0001405477523803711,6.450416030678863e-05,0.0004788125176881722,5.9429556131362915e-05
354,0.0001550592740263701,0.000357193320998532,0.00024479813873767853,0.00017810826873074226,6.405020151737523e-05,0.0006226617842912674,0.00012108179246086287,1.4197150690502041e-05,1.6625970602035522e-05,0.0005601861857254808,0.001843998465377833,0.0006986213847994804,0.0006103061730071899,0.0010705700439812022,0.0012124795466661453,0.00016653894033805128,9.80756899283744e-05,4.0445476770401e-05
355,0.0007022894981250638,3.0156943987377782e-05,0.00017229467630386353,0.000317825879281336,0.0001747542590788409,0.0005485638976097107,3.565011787261263e-05,6.30762203753482e-05,5.5812299251556396e-05,0.0037766521960090685,0.0021318518269111686,0.001087225042283535,0.003190275619017212,0.000992212324295626,0.0006012190133333206,0.001214075083010191,0.0012405963689527191,0.0005575940012931824
356,0.0006033321254409196,9.91636428562502e-05,0.0006033293902873993,0.0006867514657576956,6.094260560465803e-05,0.00041596032679080963,9.701851431858505e-05,1.4174600796062684e-05,7.864460349082947e-05,0.0007804856749736577,0.0023979983403759897,0.0009688213467597961,0.0003853279150945882,0.0006534433677485678,0.0011939574033021927,0.0011887879529624557,0.0002961771243701547,0.001887097954750061
357,0.001686056836481764,0.00032584912050746123,0.0006713122129440308,0.0014127079535828924,0.0002928508828850228,0.0007024705410003662,0.00012048313465069793,1.4546777285430511e-05,7.731467485427856e-05,0.0005565901278977575,0.00014878869544263096,0.0007505519315600395,6.680089499007391e-06,2.1851680058254316e-05,0.0007464513182640076,0.0011458223916755994,0.0005079177738686168,0.0013417936861515045
358,0.0004243709486919933,0.00021619800390092203,5.696900188922882e-05,0.0004025770084677416,0.0005756640190775451,0.00045408308506011963,2.895152804651205e-05,5.58460198628102e-05,3.075599670410156e-05,0.0004645568707763101,0.0006000245842131546,0.0006965864449739456,0.00020930518076868465,0.00019814663293619798,0.00017229653894901276,0.0004024868333739051,0.0008891967223951872,0.000958513468503952
359,0.0005214454226846188,0.0003491302339637889,0.00034868717193603516,0.0003113553877023001,0.00021975095847300702,0.00011326372623443604,4.1870706523998436e-06,4.032956832621766e-06,3.331899642944336e-05,0.00010522656852232637,0.0007494227990623159,0.0002960972487926483,4.899685473791493e-05,0.0001523391687607116,0.0005564521998167038,0.0003064083619330471,0.00040301485323405127,0.0006034336984157562
360,2.6614418129067285e-06,0.000194209759912016,0.0008366350084543228,0.0006138170380999286,0.00020256125041308304,0.0007302649319171906,0.0001069004911623539,3.747794984723424e-05,3.213062882423401e-05,0.001020038500114069,0.001936691192982433,5.193892866373062e-05,0.0003597138828779975,0.0011359392407525523,9.628012776374817e-06,0.0001331119776060985,0.0010882652854428618,0.0013018213212490082
361,0.001128806989858011,0.0003743165642588267,0.0004302244633436203,0.00022297531425941042,0.00010705789026310003,0.0002839844673871994,0.00015721990999952723,3.370426771359702e-05,3.300607204437256e-06,0.0004891292866703173,0.0008484233043578385,0.0009516393765807152,0.000665741970129391,0.0022458934355340555,0.0008480288088321686,0.00015194291866391096,0.0008466166086494621,3.748387098312378e-05
362,0.001082345761372755,0.0005166036989449792,0.0007209386676549911,0.0005176054034276012,0.00033422148534824336,0.0004100967198610306,3.4812477991223376e-05,2.1518840839659936e-05,6.230548024177551e-05,0.0030695514811787603,0.0006096829421688502,0.00039883609861135483,0.0031039989734359605,0.001266709851315568,0.0008307173848152161,0.001093399876895329,0.0007415356479878107,4.13358211517334e-05
363,0.0014461604140620365,2.695085472650266e-06,4.263967275619507e-05,0.0009433800513604929,2.976727585496386e-05,0.0002101641148328781,6.722685738237352e-05,1.0120591674886133e-05,3.427639603614807e-05,0.00033255952344182077,0.0016791617903190934,0.0005061933770775795,0.0003940760880034658,0.0006061947978205449,0.00022529810667037964,0.0010508959176770694,0.0007060678362396898,0.00012464448809623718
364,0.0011472086165889295,0.00010460005217157939,0.0009896047413349152,0.0006598776835589348,0.0002922943640063999,0.0006102565675973892,0.00020322027768085622,4.7273207691135794e-05,4.575401544570923e-05,0.0005020374584400328,0.001611499788159436,0.00024765264242887497,3.897388243728761e-05,0.000798204800178599,0.00010210089385509491,0.0007016860771321409,0.0007535256969341368,0.0016215033829212189
365,0.0007397844189288849,0.00028207932996142035,0.0006081815809011459,0.0004764601813888325,0.0003379237790339003,0.000939762219786644,0.00014697042976472008,7.61652132597922e-05,6.32256269454956e-05,0.0013300391147976695,0.00042464154533191495,0.0006918106228113174,0.0017686084611944417,0.0009567603067152115,0.0001688580960035324,0.0014104938460109129,0.0013051725782415244,0.0008513741195201874
366,0.00011105821271115146,8.84835610895883e-05,0.0007787216454744339,0.00021399638645114294,7.910789768844975e-05,0.0010422654449939728,0.00024109522041762185,4.6273406488034526e-05,7.852911949157715e-05,0.0031414736588502787,0.0013844839628200586,0.0009794514626264572,0.0035293889162172076,0.001568959796358519,0.00038727372884750366,0.00189139444678596,0.000875244403050833,0.0018738135695457458
367,0.00042067405952123105,0.00019450619769571798,0.00046827830374240875,1.2799538138597022e-05,0.00035159520366121605,0.0002952311187982559,3.6537194063032685e-05,2.042429677261235e-05,5.797669291496277e-05,0.001306158079746357,0.00043060571212625437,0.0007085660472512245,0.0016790806564649582,0.0008117950829489382,0.0009643509984016418,0.001045953618855483,0.0006083672193334111,0.00106145441532135
368,0.0004437460491077405,0.00016688910712110705,7.457844913005829e-05,0.0006010238390610767,3.977162906601203e-05,0.00017514824867248535,9.289405445642857e-05,4.149710255409861e-05,3.254041075706482e-05,0.00047481655502110143,0.0010248282084386884,0.0006741201505064964,0.0010394271595167495,0.0007166390639854019,0.0005639512091875076,6.595508356790902e-05,0.0006211970148146395,0.0005536824464797974
369,0.00013098444963707823,5.698824015465398e-06,0.00013088062405586243,0.0007416832045929744,9.761416680578727e-05,4.779547452926636e-05,0.00011988122631614341,1.474308953214971e-05,4.383549094200134e-05,0.00474197474150094,0.0002075055513903884,0.0008222367614507675,0.0042513741509023414,5.78592177057375e-05,0.0009010359644889832,0.0007775064017097044,0.0002632306954250402,0.0012673400342464447
370,0.00048126899258590927,0.00010983940347200627,0.0009233281016349792,0.00045134678077857204,0.0001029848954321004,0.0009833276271820068,0.00014953045924067342,2.5385760669566562e-05,8.443370461463928e-05,0.0013800786457046563,0.0001964413586231853,0.0011968035250902176,0.0007444400978901811,0.0007401119490811417,0.0009676013141870499,0.000487328009697946,0.0001645353192795719,0.0016802996397018433
371,0.0003533293917405145,0.00011012365617929856,0.000293731689453125,0.00016819866003414674,5.911674007161999e-05,0.00019808299839496613,5.621873152069495e-05,1.4036242711333493e-06,5.424022674560547e-06,1.9649466966427387e-05,0.0004286832754666556,8.453615009784698e-05,0.0006383821837489187,0.0015592690271272521,6.564892828464508e-05,0.00043849521249544887,0.00021005614300122558,0.00026530399918556213
372,0.0015891365451578543,0.00013189528326305877,0.0001036524772644043,0.00114872158945728,0.00020188793753906156,0.00048703141510486603,0.00020595506638251132,1.1198919806683968e-05,8.657574653625488e-06,0.0008753606997216196,0.0037735046162747227,0.00039018038660287857,0.0013383192870401739,0.0015817851816336097,0.0008903276175260544,0.0017363858148249367,0.0005865811782907633,0.0005877725780010223
373,0.0021041911449846407,0.00016891887238208378,0.00024012289941310883,0.0022613003094495987,0.000160523944219549,0.000646498054265976,5.849555741198331e-05,2.443546689996222e-05,6.531551480293274e-05,0.0023283178490187476,0.000985344729433367,0.0006139678880572319,0.002254913186292312,0.0015132112053017413,0.00014202110469341278,0.002667800743138715,0.0005382115105562399,0.0005518831312656403
374,0.0004823439052038525,0.0003731545668429273,0.0005631092935800552,9.64065932937408e-06,7.68788046197795e-05,0.00036408379673957825,0.00012690938740596638,2.7498117228444332e-05,8.982419967651367e-05,0.0011530712479429148,0.002075250789810981,0.0010322825983166695,0.0007897641733403751,0.0016658606958086172,0.0013684146106243134,0.0018546729748893098,0.00045553122082088796,0.0014408230781555176
375,0.0003235613880687993,0.00016055704551664815,8.158572018146515e-05,0.0011281367294035116,0.0002567192477159752,0.00031452998518943787,5.7533403067426894e-05,2.908435362792769e-05,6.236135959625244e-06,0.0034931828022932293,0.002015300315114467,6.115715950727463e-05,0.00217982555674414,0.00033483401985709427,0.000360097736120224,0.0002750871171166014,0.00044764025410180125,0.0003888532519340515
376,0.00022279462110813553,7.35594442602995e-05,0.00014028698205947876,0.00017269690063370646,0.00019657792055318563,9.117834270000458e-05,4.433113098089615e-05,6.138571235304868e-06,7.201358675956726e-05,0.0009312316751492328,0.0005435032908017862,0.0011932384222745895,0.00042515125286584493,0.00018849606944083483,0.0014178194105625153,0.0013415075189311398,0.0002427665391759662,0.0013176873326301575
377,9.872638824040547e-05,0.00011500455955200384,2.302601933479309e-05,0.00041419240198423135,0.00012260574220567325,0.00013677775859832764,7.09378254105681e-05,5.6410953012552565e-05,7.640570402145386e-06,0.0023737434303727697,0.0008224347822709602,0.0006116731092333794,0.003220074119280096,0.0028922701181483684,0.0005177203565835953,0.0026065707472819055,0.0009377733386654596,0.00046526268124580383
378,0.0006089262989533162,0.00018156888897083445,8.673407137393951e-05,0.0006688751707934482,0.0004213522405657512,0.00019646808505058289,2.8511346610304855e-05,8.893189440959716e-08,3.04393470287323e-05,0.0024504747256674786,0.0021386591583200387,0.000715944916009903,0.0019820684831882013,0.0018239772686171954,0.0002240315079689026,0.0017467471173359672,0.000292338799627527,0.0009028203785419464
379,0.0010846842161475467,0.0001580119147481067,0.0002894066274166107,0.0012277035630724742,0.0005721723665471599,8.034519851207733e-05,4.9989260518266965e-05,4.601706256569891e-05,5.310773849487305e-05,0.0005821648562957873,0.00016391379548729573,0.00027127377688884735,5.4061899143836856e-05,0.00030981639259248205,0.0007817093282938004,0.0006503728354140814,0.0006837223597453979,0.000670120120048523
380,0.00028578017000618905,1.52041748449315e-05,0.00016953423619270325,0.00036888594968781385,0.00010010189567729796,0.0001399945467710495,7.6295431714557e-05,1.3770577225783853e-05,1.346692442893982e-05,0.0017633634659766084,0.0021445044981714817,0.0006379391998052597,0.0008239657884334881,0.0005985346458550218,0.0007413215935230255,0.0007125350255738072,0.00027928100385823246,0.00040649622678756714
381,0.001528391828865383,0.00014706363507551584,0.0008239354938268661,0.0016681416627552237,1.898265333734328e-05,0.00046202540397644043,0.00017519485493128033,7.404919193030983e-05,6.297603249549866e-05,0.0007755650588430058,0.0015010981782548755,0.00018909573554992676,0.0006466916050276647,0.0010311878644350334,0.00026558712124824524,0.002423185901081648,0.0013761957722250584,0.0014327727258205414
382,0.0017626215048143767,8.919100350608666e-05,0.0010578446090221405,0.0009048556231045224,0.0003451303389149403,0.0007839016616344452,0.00022527842825492,6.353226519716895e-05,2.849102020263672e-05,0.000744540159454854,0.00013605599096017107,0.0006571291014552116,9.774987443447042e-05,0.002961485441473073,0.00039608776569366455,0.0011629590816041313,0.0016283524590024467,0.0007823817431926727
383,0.0009600702674925909,0.00020381421846555475,0.00016388297080993652,0.0008713867174446055,4.0165187669125024e-05,0.00025794096291065216,8.812115552254453e-05,1.155436610209351e-05,2.3543834686279297e-06,0.0007447534416001045,0.0015707601773788105,8.666515350341797e-05,0.0004160739948133596,0.0010940014654434553,0.0001558605581521988,0.0010784817947827874,0.0003724483039059291,0.0001543201506137848
384,0.00010499410761249939,4.74090730078168e-05,0.0006429459899663925,0.0005092295205361974,0.00012027245286190882,0.0005028080195188522,2.7940225335476576e-05,1.530448292062477e-05,4.375725984573364e-05,0.0010906876757097311,0.0012278965005343631,0.00021668989211320877,0.0013795366581461077,0.0004286917166503104,0.00047514401376247406,3.969885923352234e-05,0.00018071357970660465,0.0004967749118804932
385,5.7670629225486936e-05,0.0005093143894823286,8.742883801460266e-05,0.00021091465674630272,0.0002772062117619156,0.0003290195018053055,0.00011395258797061887,4.8672307730980276e-05,4.171207547187805e-05,0.00025631282634226704,0.0004345956088453659,7.696542888879776e-05,0.00017861294120197907,8.926470736468108e-05,0.0006113108247518539,0.0008576714929873497,0.0004553569085161968,0.00011732429265975952
386,0.0020067613430668763,0.00021508372238150664,0.0002472884953022003,0.001963939517366481,0.0007006626696935102,0.0011317804455757141,0.0001443278104647696,4.9089686002706454e-05,6.248056888580322e-05,0.0003157562789678492,0.0018258278378432968,0.0007480820640921593,0.0006862983991047095,0.0006833997792026116,0.0004037972539663315,0.0011671438463508321,0.0003860840495745789,0.001100447028875351
387,0.0013935045605052987,0.00022692496358398678,0.00018698349595069885,0.0021930606591828994,0.00028001609614084974,0.00016011111438274384,6.654355023754353e-05,5.291697715582486e-05,8.042901754379272e-06,0.0013850193157053242,0.0006052989635020739,0.00017420481890439987,0.0012185327964921722,0.0013641740158696087,0.0001008845865726471,0.002102960377464519,0.0009063408171505437,0.00026581063866615295
388,0.0026371018479170727,5.3895529819915355e-05,0.0008383188396692276,0.003641265794619597,0.0007054807754656341,0.0014389194548130035,5.5033840646119894e-05,0.00013288447964492317,6.002932786941528e-05,0.0025492903202622708,0.0007966630908599059,0.00047501642256975174,0.0028272634769051785,0.0007568128357514636,0.00029807165265083313,0.003223267066565616,0.0024271143128584555,0.0004024915397167206
389,0.0004291181932944421,0.0009034727173729135,0.0004024971276521683,0.0003067226798817435,0.00035816646453456363,4.3276697397232056e-05,9.936893883698283e-05,1.5627744458188066e-05,1.9680708646774292e-05,0.0015833792268116764,0.0014543830942752162,0.0008990801870822906,0.0026924312736135297,0.00045925695196094227,0.0003078710287809372,0.0005063167126730661,0.0001699971386205125,0.0008224509656429291
390,0.00208140427363393,0.0004953973844147898,1.6819685697555542e-05,0.0022807225541761067,3.8290501504487096e-05,0.00048379041254520416,4.4868724268584334e-05,6.614721002631309e-05,1.2349337339401245e-05,0.00030576090367313846,0.002108377978304453,0.0001818835735321045,0.001079492867471589,2.43249460687555e-05,0.0004438292235136032,0.0028396075938097176,0.001417203436400543,0.00026093050837516785
391,0.0007473882295994383,5.439489351617352e-05,0.0005991514772176743,0.0009602022016345635,3.903785723721742e-05,0.00015772134065628052,8.775022490142316e-05,6.04151665648514e-05,5.324557423591614e-05,0.0011580718261187742,0.0001883849823140285,0.00018025469034910202,0.0010062647643729536,0.001082107710409546,0.000690532848238945,0.0004605575546869911,0.0013615695093575318,0.0012904070317745209
392,0.00014181418191475115,0.0013243350664534845,0.000470602884888649,0.0004429870517064505,0.0016082730305642598,0.0009458828717470169,6.145600961266796e-05,0.00016329729604521218,2.6166439056396484e-05,0.0013985720211743685,0.00022788578488547317,0.0006538834422826767,0.00020891470566400394,0.003413491194942126,0.0011959932744503021,0.0012318062030563792,0.002506824564905842,0.00038029998540878296
393,0.0005784431367296394,0.0007703530604709491,0.0013178233057260513,0.00041403506966605774,0.0011891318706269242,4.689022898674011e-05,9.634583186498256e-05,0.00013911093680831063,4.5884400606155396e-05,0.0011591996550791434,0.00037216752040173523,0.00039702560752630234,0.0006456548764813344,0.0038858827674741712,0.0013277027755975723,0.0009928717547115218,0.002126095317115665,0.0004210434854030609
394,0.0003673089595873369,0.001065055833757416,0.0008317176252603531,0.0001618078393566813,0.0008541454400577096,0.00020144693553447723,0.00015634603308966113,7.14086520683375e-05,8.939579129219055e-05,0.003235615267482936,0.0005253214863564018,0.00045444630086421967,0.0027508628074183125,0.0037910501483459716,0.0018634200096130371,0.0006419616089634872,0.0010406072665110136,0.0017477348446846008
395,0.0008150718201070106,0.0006930912189411706,0.0007613040506839752,0.0012667199834696108,0.0003811010616911921,0.0001241825520992279,5.568418257801029e-05,0.0001235537351859232,1.9472092390060425e-05,0.0017075845014804109,0.0006422421504542267,0.0006986279040575027,0.001218940562491444,0.0004542471090805498,0.0003474261611700058,0.0004900789717484366,0.0019469039192048718,0.00047979503870010376
396,0.0002626372809171884,0.00013831190033606125,0.0014910325407981873,0.00048712379541585027,0.00011073133416499362,0.0010768212378025055,0.00016444009227088892,0.00013078769824777041,2.8815120458602905e-05,0.00019054050550820767,0.0014846314532950336,3.285706043243408e-06,0.0001295289475589656,0.00010612570324303704,0.0003061313182115555,0.00018866268938597108,0.0027506341616254336,0.001559533178806305
397,0.0012510855536498056,0.0002581310028324617,0.0018257927149534225,0.0010669065321416982,0.00017016892938088307,0.0011320337653160095,0.00015049809172587233,0.00015241377987736918,0.00011110305786132812,0.00021619108330702547,0.0009221242918276626,0.0007441826164722443,0.00012495554567210077,0.0020432286644300555,0.0015643686056137085,0.002642632701979203,0.0028711723428233027,0.0025258436799049377
398,0.00018892300599990253,0.00019688003744244842,0.0014401301741600037,0.00012227781072088328,0.0005168698395002225,0.001069696620106697,0.0001704585456725402,6.307305738444927e-05,1.125037670135498e-06,0.00016954228548175104,0.0007906526239821327,0.0005093701183795929,0.0010088892326682863,0.0009971232942077145,8.611567318439484e-05,0.0011064964529545473,0.0011270853094393803,0.0009369626641273499
399,7.159861955799429e-05,0.00038096310541871695,4.2436644434928894e-05,0.0004899099545378205,0.00013445275996006034,0.00019287876784801483,8.367411403677194e-06,8.635430383624595e-05,3.0159950256347656e-05,8.432667669584087e-05,0.0003363033296106266,6.362423300743103e-05,0.001525415011069363,0.0010695129822219478,0.00030055828392505646,0.0007821309404903165,0.0009171969072041541,0.000853709876537323
400,0.0007442807176030464,0.0004184057056181925,0.0004886779934167862,0.0007113325142310001,0.0001365152759142882,5.0475820899009705e-05,3.025087629384207e-05,6.088117808668628e-05,8.542090654373169e-06,0.00010676977427966777,0.0006111272296011189,0.0004399493336677551,0.0004370870055449977,0.0009376127885443661,0.0002868529409170151,0.0017495311013912551,0.0008844192880307251,0.0011937059462070465
401,0.001630392162830313,0.00023853198197984482,0.0014375969767570496,0.0020242602283971345,4.647417093243261e-05,0.0012360718101263046,9.975535625771602e-05,5.9404425757999917e-05,0.00011150538921356201,0.001981648558809279,0.0014766060705561426,0.0007238937541842461,0.001906276304776175,0.0012711458879576185,0.00109117291867733,0.0034285064589685277,0.0004767227071929142,0.0011181868612766266
402,0.000928548632193632,1.283653994357467e-05,0.0010970551520586014,0.0016081200847556099,0.0004003945637520434,0.0003014560788869858,0.00014455634649261986,0.00017576134093375538,8.219853043556213e-05,0.0014985420353888224,0.0021328562977431104,0.0006767343729734421,0.0006363911936832015,0.003056239860825309,0.001913575455546379,0.0035765297460561007,0.002664419625801693,0.0006142333149909973
403,0.001721343891222804,8.445968653455344e-05,0.001415695995092392,0.002085445364227223,0.0005872530281472305,0.0005896203219890594,8.422142274130441e-05,0.00015842194469727847,2.909451723098755e-06,0.0011226313095575383,0.0015880654369066355,0.001176624558866024,0.0008207915510268504,0.002309949619825521,6.413459777832031e-05,0.0042058697988807126,0.0029621855525215554,8.644908666610718e-05
404,0.0004655735809045436,0.0002886540471972801,0.0003885868936777115,0.00028268305503012514,0.0005618677256508282,0.0016775242984294891,0.00014670267005919765,0.00023751670550668607,0.00013744086027145386,0.0011278160313118665,0.0027075563501925484,0.0019173352047801018,0.002163959871072041,0.0041665053811698865,1.6471371054649353e-05,5.863110575241026e-05,0.003732623533006841,0.002092011272907257
405,0.0004307031569222852,0.00010688655265189001,0.0015805475413799286,0.0011087511201973432,6.633918032964911e-05,0.0016413349658250809,0.00033432744921842346,3.094573060207471e-05,4.053488373756409e-05,0.0018583805515983293,0.0011030346976083141,0.00043691787868738174,0.002259388685329114,0.0014062304275602906,0.0008057225495576859,0.0015316550400776008,0.0007701721156067216,0.000417172908782959
406,0.00011874507272752188,2.6198865354435524e-05,1.1313706636428833e-05,0.001005166621117104,0.0001628818422897589,0.0002117585390806198,0.00010310765855951406,1.995446227122822e-05,3.5725533962249756e-06,0.0013778607964382641,0.0001836156476973938,6.027147173881531e-05,0.0018106334889490538,0.0013692869654555202,0.00014423951506614685,0.0017718812751361113,4.853306636809496e-05,0.0003579631447792053
407,0.00023481356255808383,0.00034478505503307555,0.00017273053526878357,0.001402028377278569,0.0002564402529427988,0.00025148317217826843,9.373808761867913e-05,1.3905379929755662e-05,6.921589374542236e-06,0.001313518158012894,9.043433501174092e-05,0.00044427812099456787,0.0016279876070654717,0.0005102789550049513,0.0007247477769851685,0.0002871229909957307,0.00017771462368388127,0.0003177635371685028
408,0.0013270067920645445,0.00010693382133520127,0.0009402893483638763,0.0014642753088489613,0.000547878159109963,0.0007958319038152695,5.5890561115922235e-05,3.308580893340038e-05,6.217509508132935e-05,0.0008616828130551882,0.000985940578143947,0.0003867102786898613,0.000588339501522317,1.2286893080477868e-05,0.0004909522831439972,0.0014957760585139757,0.00040714920734048407,0.000863976776599884
409,0.00017097254308734433,0.00010363690345907561,0.0005876701325178146,6.951440408908827e-05,0.0005003388437078149,0.0006881840527057648,2.8902139879634706e-05,1.516393333811383e-05,1.9785016775131226e-05,0.00010628329277053566,0.00022285287360466338,6.705150008201599e-05,0.00024267443748086232,0.002049630874717257,0.00010682642459869385,0.001444682487561827,0.0002167029655736931,0.00017935410141944885
410,0.00039763490415864466,0.0005646113672329277,5.402415990829468e-05,0.0008239317001414448,0.00013027059373362307,8.678995072841644e-05,9.067105443051962e-05,3.8902348783036904e-05,2.2001564502716064e-05,9.826336971560656e-05,3.9205531970912255e-05,0.0003864523023366928,0.00017653123375630658,0.0015459273779041497,0.0003647729754447937,0.0005312230198923629,0.0005911007643478097,0.00043698400259017944
411,0.0018164740216310427,1.2678733406261411e-05,6.383471190929413e-05,0.00184835127919164,1.2327053597289278e-05,5.172565579414368e-06,8.474355071758088e-06,1.6996116232248244e-05,2.566725015640259e-06,7.068928360610266e-05,0.0003232356360595087,0.00016733352094888687,0.0010038014827787461,3.961278860808472e-05,0.00016722828149795532,0.0013984085575933225,5.180064027050617e-05,0.00010418891906738281
412,0.0008469464831575846,0.00025848288696583843,0.001314869150519371,0.0008207712841978854,6.14825057160262e-05,0.0011790953576564789,8.664915148613381e-05,5.636518140436858e-07,6.254017353057861e-05,0.000978590957030262,0.0006752121144801906,0.00026097986847162247,0.001618116458269335,0.0002207558996327949,0.00031975656747817993,0.0021958466555992706,0.0001094637540098517,0.0011406689882278442
413,0.0001867993048310368,0.0002795065394212218,0.0005395878106355667,0.00022340099547477066,0.00015568311342269853,0.000932157039642334,8.843355530142004e-05,4.870015288437784e-05,8.474290370941162e-05,0.00033561204958434954,0.0006698701137269406,0.0008680699393153191,0.0007256574105330635,0.0003904033418145828,0.0003147833049297333,0.000611229101459998,0.0006823123424090569,0.001461222767829895
414,0.00012761025178342766,0.00040240547823714584,0.00021819956600666046,0.0003204433724794675,0.0006852292230696451,0.0004714448004961014,0.00017646743444396824,2.0156107281548786e-05,1.0617077350616455e-05,0.0003988491915239076,0.0012562724851770332,0.00026380643248558044,0.00015915508649305687,0.00024197607050151053,3.4864991903305054e-05,0.00035598858247015697,9.095931013748323e-05,0.0005016960203647614
415,0.0031983842605715074,0.0004347295707082914,0.0016612894833087921,0.003270535172733874,0.0005268938708542087,0.002004900947213173,0.0001994629057235249,2.0669418320350868e-05,0.0001534968614578247,0.0022135307590517295,0.0013628641195205446,0.001155857928097248,0.0013033647241017313,0.00030312474744933343,0.0006955582648515701,0.003962184813886299,4.018679307892653e-05,0.0025783292949199677
416,0.0016609803653152844,0.00011595522173563425,0.001235486939549446,0.0016682464899610006,0.00013300356083206094,0.0008415859192609787,0.00017208158346215113,5.045178039701521e-05,9.182095527648926e-05,0.0012120585049092344,0.000993553142052253,0.00024845637381076813,3.0278776574653443e-05,0.0005682457769712324,0.0007823966443538666,0.0028980333890425147,0.0010163166368275436,0.001347426325082779
417,0.0017539297251180364,0.0002979904519715519,0.0002719461917877197,0.001738368680012231,6.217769773130336e-05,0.0006527472287416458,9.633374346053152e-05,4.0294304200952586e-05,2.8058886528015137e-05,0.0019673614011288462,0.0006146114918394244,1.9572675228118896e-05,0.0031848969167525484,0.00039396684792454215,0.0005585793405771255,0.0022719060706514194,0.0011623478649047114,0.00011908262968063354
418,0.0004243636767905512,9.570253270809251e-05,0.00024520978331565857,6.688804160775996e-05,0.00015644573514887392,0.000526847317814827,0.00011560497818102061,8.61588880602792e-05,4.7262758016586304e-05,0.0016214930801688593,0.001269209750989729,0.0011905943974852562,0.001985880317289218,0.0032698854272029745,0.0006893761456012726,0.0005744985386455237,0.0015067925016131103,0.00046748295426368713
419,0.002313208615531942,0.00022946318774644953,0.0014480240643024445,0.002966031027471533,0.00021318475427413788,0.0015942156314849854,0.00013375845506996033,3.608830526164678e-05,5.464628338813782e-05,0.0010973759885336623,0.001940861924534118,0.0004917960613965988,0.001228298905865885,0.0007129668713614784,0.000870855525135994,0.0030358497542004315,0.0010167026820162052,0.00047498196363449097
420,0.0009840742975882888,4.2261759610660865e-05,0.0005734246224164963,0.0005631208056385839,0.00022055127947174027,0.0006740149110555649,2.3188104305713747e-05,1.4504916092195844e-05,1.665949821472168e-05,0.0005265123986088818,8.026738502400071e-05,0.0004764944314956665,0.0003029529844240375,0.000179770862451252,0.0007058456540107727,0.0012781796365264886,0.0002392132659575011,0.00016813725233078003
421,0.00021596655451466829,3.0825197824616013e-06,7.463991641998291e-05,4.639861531532952e-05,0.00023802179444203445,0.00016000494360923767,7.302359747483021e-05,1.69245584939428e-05,5.733221769332886e-06,5.3264708990134746e-05,0.0005545124396109727,0.00010561570525169373,0.00026861945427845285,4.5351564363891456e-05,1.1228024959564209e-05,0.0002481429119136902,0.0003956317136035916,0.0003741830587387085
422,0.001323707282651465,0.0002495207040604519,0.00012579187750816345,0.001585669788919275,0.0002466498312474162,0.00020040757954120636,0.00017048426283546372,2.7713915392516193e-05,3.4067779779434204e-05,0.00010383009519983333,0.00020107210510882795,0.000781480222940445,0.00019275270282739093,0.0004891362177343039,0.0003008861094713211,0.0014582337706955106,0.0005346996475784158,0.00023549050092697144
423,0.0026047827061318474,0.0007426994488267981,0.001938939094543457,0.0027379213702503347,8.747674933281407e-05,0.001584082841873169,0.0002862145408953423,1.182518753964335e-06,0.00015441328287124634,0.0010862072288307725,0.0005697922640889239,0.0006440356373786926,0.002409521586938905,0.0011941543200403963,0.0008579958230257034,0.004013885625225755,8.22112556470786e-05,0.003085929900407791
424,0.0028175758064808987,0.00014708969220210422,0.0013124365359544754,0.0022846348834571206,3.1735657686254165e-05,0.0008887369185686111,1.3639767369203956e-05,3.4152313814057823e-06,0.00010341405868530273,0.000913709147920258,0.0002826964193147416,0.0004355423152446747,0.0017197265947922757,0.0006986624284081797,0.0008879397064447403,0.0020896915298301844,7.300230080438744e-05,0.0015742480754852295
425,0.002563270091773262,7.872670788473812e-05,0.000807788223028183,0.0020186165020417424,3.9797204024479005e-05,0.0008692517876625061,0.00010799380659743014,8.675670972879235e-06,8.312612771987915e-05,0.002621592768505203,0.00027620168042817583,0.000506911426782608,0.0020512141008775173,0.0005478394964367854,0.00032462552189826965,0.003209233058040009,0.00044827510094453543,0.0009620301425457001
426,0.0005906796353770671,0.00019107518638856666,5.610287189483643e-06,0.00018861437346812115,0.0003853373220661406,0.0003208983689546585,5.8172053898117304e-05,8.278037145071878e-05,1.7773360013961792e-05,0.0006840263484729839,0.000629159934298594,0.0001538880169391632,0.00023222010015012257,0.0009354542230397313,0.0002126116305589676,0.0003504837684181056,0.0009301411618825688,0.000560276210308075
427,0.0010768592694516133,0.0006066051956739003,2.1666288375854492e-05,0.0008587861345196179,0.00023796162589955275,0.0002146456390619278,5.399759810335858e-05,5.0690171669990876e-05,3.124400973320007e-05,0.001604538053264902,2.9123945199688306e-05,0.0006127841770648956,0.002303802450314432,0.0008755314384912734,0.0002810228615999222,0.00011921080149183971,0.0009248948892297236,0.00025035440921783447
428,0.0004717586986616451,0.0002388476261396648,0.0013420730829238892,0.0004635329672554589,0.00028948093655720847,0.0007131025195121765,2.493239032059537e-05,9.237689069536243e-05,0.00010273605585098267,0.001075264820984148,0.0014528503646645957,9.804964065551758e-06,0.0006405987792196741,0.0007151896453042629,0.0009312033653259277,0.001908034392600913,0.001557577114135171,0.0012869834899902344
429,0.0024268327134858714,7.473559356338533e-05,0.0004554968327283859,0.0008390532434843778,0.0002705395583747945,0.00025228969752788544,6.665910435906842e-05,7.592148927617259e-06,9.825080633163452e-05,0.0012143002826733237,0.0004110692127746382,0.0011799000203609467,0.0025731290290705033,3.8279274726320256e-05,0.0012563634663820267,0.0022215406541642446,0.0005437349549179508,0.001469053328037262
430,0.0017588749556139982,0.00015123262714984362,0.0011421628296375275,0.002032973177582692,0.00045003136820667006,0.0003435686230659485,4.72842722480174e-05,0.00011020996431999669,2.0973384380340576e-06,0.00014123112713253921,0.0017036209985402187,0.0010879132896661758,0.00039403559573138874,0.0017911140612559134,0.00010598637163639069,0.001504817310223533,0.0015465823260177088,4.6018511056900024e-05
431,0.0003642594083811401,0.000755498580819601,9.511969983577728e-05,0.0002886505704824127,0.00017347234797743596,0.0004283115267753601,0.00010541725400273032,9.372295268867922e-05,3.948435187339783e-05,0.0005880659755116285,0.0015838476709923478,0.0003866683691740036,0.0006314369811827869,0.0016318577447886097,0.0009935684502124786,0.0006681722483211916,0.0012154856873809504,0.0005905181169509888
432,0.000518020271344316,0.0006058033720462881,0.00012097321450710297,0.0004439868673128955,0.0004501672921604846,0.0005217716097831726,0.00015217114329548961,0.00010303423030104235,2.206861972808838e-05,0.0010553011439003099,0.0004307267570478543,0.0007753018289804459,0.0006552876587667678,0.0016029850380464318,5.321018397808075e-05,0.000482934054070544,0.0017022164669900147,0.00012018531560897827
433,0.003158629334389096,0.0009147534448712864,0.0003395155072212219,0.0026232868490629335,0.0009522131437443154,0.0013112928718328476,6.603488639700221e-05,0.00017325574100654213,6.83218240737915e-05,0.0022160036421964915,0.00018171281269090817,0.0011107046157121658,0.0011511232987986217,0.001409054857508394,7.508881390094757e-05,0.0016715245347456997,0.0027058486527672884,0.00040126219391822815
434,0.0005357911335402976,0.00037897443001182543,0.0007174089550971985,4.8816350335101344e-05,0.00032331764841631375,0.0005340743809938431,0.00010682666214300272,6.501944477171575e-05,4.4036656618118286e-05,0.0005492296301142993,9.76550353796804e-05,7.812865078449249e-05,0.0010097873474982158,0.0008822305976559607,0.00019154511392116547,0.0009793864629992488,0.0008099580292802557,0.0012267418205738068
435,3.774500117276203e-05,0.00021238578451539258,0.00044117309153079987,0.0006997963945510333,0.00018338398863322267,0.0002484004944562912,0.00014845769417667735,6.921052184814428e-05,1.6976147890090942e-05,0.0007948170174365068,0.0001765753673340434,0.00017995014786720276,0.0007077510769185752,0.0004015664983508735,1.6137957572937012e-05,0.0010719153145764548,0.0006966103671033905,0.0009227469563484192
436,0.0009197747267377099,0.0006438794427219875,7.087178528308868e-05,0.0014014490078408381,0.0005449203455845444,0.0003590099513530731,1.1779498237628194e-06,6.822921768451928e-05,4.254281520843506e-05,0.0010365246374496873,0.0012618161787951061,0.0003113318234682083,0.0016756960719119807,0.00047989069184719776,8.556060492992401e-05,0.0010622809263926003,0.0010485340966892107,6.476417183876038e-05
437,0.001128316210923963,8.193352054677167e-05,0.0003251098096370697,0.001349446587889519,2.0438740722304033e-05,0.0003734733909368515,8.714679441352083e-06,1.1534431901224476e-05,1.570954918861389e-05,0.00022360450598463838,0.0013705001493592023,0.000597713515162468,0.00046904847151955226,0.00011332972065583938,0.0004929210990667343,0.0009962004913800504,0.0003140298699438517,0.00019335001707077026
438,0.0004781982757720016,0.00019266112216760611,0.0003391634672880173,0.0008000009481129167,0.00012997102237220434,0.00015772134065628052,0.0001638477724080177,5.806949437866149e-05,6.530806422233582e-05,0.001470579488384402,0.000922049474221278,0.0005206633359193802,0.0016763834203527145,0.000310564952493958,0.001142093911767006,0.0024284826860380693,0.000821903793565646,0.001063276082277298
439,0.001586661828125141,9.436024177824145e-05,0.00029257871210575104,0.0021947664326850136,1.3666400340978102e-06,5.009397864341736e-05,8.992623794304606e-05,2.574148292033352e-05,4.087015986442566e-05,0.0006755918447024362,0.0001989054693901475,0.0004835836589336395,0.0005848426203777998,0.0013243658133843574,0.00020694546401500702,0.0003358681529791463,0.0004952029671036065,0.00047877058386802673
440,0.00099907935714999,2.291122575191762e-05,0.0003445670008659363,0.0006531210495018536,0.00021363762011340423,0.0005665086209774017,0.00011158921956298286,1.5279428835714864e-05,6.95548951625824e-05,0.001574498956350319,0.0007434711901793921,0.0008686855435371399,0.001205736260804481,0.00021282092397768154,0.0006567128002643585,0.0028736879376422275,0.00017677391758018877,0.0011749044060707092
441,0.0012179519899640778,4.407169344660192e-05,0.0003549531102180481,0.0013895620937373898,0.00013288432442512196,0.00012869015336036682,0.00039124100582276986,4.9647595117848116e-05,6.437674164772034e-05,0.0009255930210197577,0.00042451569094713315,0.0006657764315605164,7.896409969847945e-05,0.001026783687965535,0.0008102953433990479,0.0016535591915560477,0.0015265084164259425,0.001893211156129837
442,0.0009684443506099982,0.0001539935024257623,0.0003495030105113983,0.0005417087229704354,0.00011724014085482543,0.0002956222742795944,0.00012947038450470544,5.088797039265415e-07,3.3210963010787964e-05,0.0003517768525267348,0.00031842561199628763,0.0008016247302293777,0.0003415888122196356,0.00014905706223291779,0.0008141398429870605,0.0006339604928183307,0.000647852440031212,0.00073280930519104
443,0.0018099894254351434,0.0001498311248590463,0.00013976357877254486,0.0019348688731445074,0.00011714932810637929,0.0001960303634405136,4.394317313051628e-05,3.658842703116422e-05,3.127753734588623e-05,0.0008908627482117001,0.0006346641142178332,0.0004974231123924255,0.0015334930194666613,0.0009720588078428773,0.000280207023024559,0.00033727964561353074,0.0005748250541808995,0.0005046539008617401
444,0.00047413215119176955,0.0005505841884173648,0.00027251988649368286,0.00010314759829285758,0.00018028940284147907,0.0009765010327100754,6.264281481717197e-05,8.777712461960712e-05,6.165727972984314e-05,0.0002352362279774492,0.0012244264665807053,0.0008946042507886887,0.00013146791928818347,0.00015099633090338155,2.754293382167816e-05,0.0016383323757964696,0.0016235156429819713,0.0008263587951660156
445,0.00040630334455701855,0.00011657574260653947,0.0006999410688877106,0.0015046752871344105,0.00021651750466957984,0.0011553186923265457,0.00020899468598021415,4.442108234444252e-05,2.0932406187057495e-05,0.0006785496890790096,0.0010571401750592395,0.0003779623657464981,0.0014540628134513123,0.0015400856056525004,0.0007496047765016556,8.827335230698896e-05,0.00030002214844529213,0.0010161623358726501
446,0.0002611115237073358,0.00013224387292404619,0.0001079067587852478,0.0006437726476270778,0.00016443424761518333,7.445178925991058e-05,2.2174625000150397e-05,4.07254901622721e-05,4.254281520843506e-06,0.00022245433314547342,0.0006729750632142595,0.00025109201669692993,0.00043493769703912416,0.0008768171119995193,3.654509782791138e-05,0.0004894557316284243,0.00045843897103988764,0.00022665411233901978
447,0.0003297054233239727,1.557473487046393e-05,0.0007362160831689835,0.00012438338583223296,0.00015599465539458887,0.00045425817370414734,0.0002701972994686823,5.4928698435863845e-05,4.582852125167847e-05,0.000856876129840721,0.00040619267607163237,0.00034997425973415375,0.00045840416615104684,0.00015345429561120297,0.0005761701613664627,0.0033272205655715537,0.000677401699113356,0.000998910516500473
448,0.00016254343742630462,0.0003743329963649643,0.00012767687439918518,1.431617747124636e-05,2.8869962712892855e-05,0.00016186758875846863,6.240485725366764e-05,1.73728267832442e-05,0.00010044872760772705,0.0003929342298891747,0.0013133307978873028,0.0012790225446224213,0.0004778568086475435,0.0004202303408287582,0.0011946558952331543,0.00229821406719935,0.0003114457190314659,0.0008685514330863953
449,0.0011141488835142155,5.3449422572141025e-05,0.001141417771577835,0.0010152023531372623,5.510149149976634e-05,0.0011730603873729706,0.00017825351039068085,2.9355923942516306e-05,7.072463631629944e-05,0.0009468264588665606,0.0008016071074420164,0.0005891863256692886,0.0005887352223904879,0.00031152527390776105,0.0006775259971618652,0.0030282673758639245,0.0008992724863284634,0.0019528232514858246
450,0.0011285673664040152,8.71247983788917e-05,0.0001982618123292923,0.0009542875437206499,3.674059672800767e-05,0.00011841952800750732,2.2561515287119333e-05,1.2851532859675305e-05,6.616115570068359e-06,0.0005559850846848721,0.0005180261229293902,0.0005641020834445953,0.001044656761080169,0.0008377631059487516,0.00025638751685619354,0.00012571190488774864,0.00031983797023675043,0.0007371678948402405
451,2.0958344032984133e-05,0.00023607157718887745,0.000562664121389389,0.0002770919238790637,0.00026098448973850205,0.0004154592752456665,0.00010027663717357589,7.250938738338251e-05,0.00010504201054573059,0.00010710616263998746,0.0009379907301909941,0.0010599903762340546,0.0002426855302057329,0.00027303794047014995,0.0013485029339790344,0.001459295069247496,0.001066108420122186,0.002581000328063965
452,0.0022709054078000612,0.0002629070118239235,0.00135040283203125,0.00347583957001657,0.00029725991915814307,0.0016970057040452957,0.0002687983966841341,3.905906420186044e-06,0.00015294179320335388,0.0014268322243934858,0.0004310471600396902,0.001270681619644165,0.0011263870489774744,0.0006725499266649893,0.0007943958044052124,0.0031687501146079877,0.00042180959745506566,0.0030071884393692017
453,0.002900553427749142,0.0002783886484277291,0.0002646222710609436,0.002443680205049703,0.0002965548383365435,8.201971650123596e-05,5.955589750167821e-05,1.3235613681901497e-05,4.470348358154297e-07,7.33108649813019e-05,0.00020285671982601602,0.00041587650775909424,3.746215618552484e-05,0.0001712789991691055,0.00015360303223133087,0.0020657274447845875,9.307509708135313e-05,0.0002800486981868744
454,0.0010130813157285257,0.0002785731658829227,0.0005424059927463531,0.0008124305902884044,0.0003215029919168347,0.0008129589259624481,0.00017860263464755666,3.962687366614398e-05,4.1581690311431885e-05,0.0010532535322956907,0.00020852068754190212,0.0006386134773492813,0.000830746547242002,0.001013528426063677,0.0002484600991010666,7.900427163309853e-07,0.00044829792337420854,0.0015603899955749512
455,0.001377493158927351,4.693946801299226e-05,0.0007772184908390045,0.0016505185012171408,0.00031031018815252595,0.0004368294030427933,4.4983620211679065e-05,4.423498794223866e-05,5.135685205459595e-05,0.0010474794942108082,0.00017782940097130565,0.00014586560428142548,0.0004071139195809467,0.00041901270590415443,0.0005602855235338211,0.0011906628803968755,0.0007243632509601539,0.000954698771238327
456,0.00012414743872182776,7.328604240634806e-05,0.0003381725400686264,0.0003492292296259636,7.61599494578831e-05,0.0006101615726947784,3.688066625365423e-05,2.3591976119965156e-05,2.6308000087738037e-05,0.0007143011485911954,0.0015028408400587952,7.027015089988708e-05,0.0009443860864620651,0.00037690120668606997,0.00045007653534412384,0.0005247628517176806,0.00030610588789911717,0.00031206756830215454
457,0.0011432632339480886,0.00023077282273808314,8.3141028881073e-05,0.0010144253827407412,0.00018119881690523837,0.0004078354686498642,9.874430785987258e-05,3.0579636099597095e-05,2.561509609222412e-05,0.0009733647962163056,0.0006355504793214076,2.4432316422462463e-05,0.0005892495101678802,4.184640430186792e-05,0.000525347888469696,0.0008194028009358145,0.0006519346803327398,8.236616849899292e-06
458,0.0005090011028774377,0.00015507501670523546,0.0007030423730611801,0.0001252740351705972,0.00015338635424195016,0.0005661938339471817,0.00012693799317839947,3.1684240285957944e-05,0.00010150671005249023,0.0006290777576816176,0.0003986924318844995,0.0014605168253183365,0.00010161403592920393,0.0010511447674670105,0.0017110779881477356,0.0012265026842549764,0.0003089940611005474,0.0019566938281059265
459,0.0006707684384865964,0.0002384340107681321,0.00032928958535194397,0.00043797978597698295,0.00036027716879927577,0.0005081761628389359,6.462839374430686e-05,2.9976019384367754e-05,6.746500730514526e-06,0.0006660683015032379,0.0005900234848983457,0.00031155161559581757,0.0002896727768719465,0.0008799539222543833,0.0007011685520410538,0.000351796491908668,0.00026154688013312706,0.0005176514387130737
460,0.0005181299948771589,0.0005011885151211815,0.00022184476256370544,0.0008246578436067742,3.6096473723646466e-05,0.000284489244222641,1.7973154257944213e-07,2.446433271465158e-05,6.35385513305664e-05,2.9925486083846875e-05,0.0013943042681457997,0.0009195152670145035,0.00018232875518238434,0.001403656227871291,0.0003154538571834564,0.001233348273642354,5.93845371470148e-05,0.001200169324874878
461,0.0010237417319813868,0.0004494767669486095,0.0005558338016271591,0.001388057623314759,0.00019213697274988312,0.0006945803761482239,7.590751206890296e-05,1.0022323886777309e-05,9.212642908096313e-05,0.00016085675050314663,0.001525910449824107,0.0004201699048280716,0.0005471278823865472,0.0006331728451698798,0.0003007650375366211,0.001483825625118923,0.00015380238782664154,0.0013484880328178406
462,0.0012336617263554173,0.00016046655979246385,0.00035114213824272156,0.0012105273113898196,2.6549762974246993e-05,0.0007798504084348679,5.83634931649122e-05,6.402987597080434e-05,0.00010579824447631836,0.0019471561003282026,0.0009635597929997519,0.001270487904548645,0.0019044809514685151,0.0012835604865579497,0.0007618740200996399,0.0029205344433778924,0.0012064200626371382,0.0006312914192676544
463,0.0022619875033938752,0.00027392710207285037,0.00030352920293807983,0.002153868291520894,0.0010991867057215422,0.0005197711288928986,0.00014297962079569057,0.00010530441169903697,1.4971941709518433e-05,0.000873102125000233,0.00016247792942990572,0.0007466934621334076,0.00013946382855364176,0.0026146464481360647,0.0004546158015727997,0.002306587404423993,0.0012742509062167995,4.532560706138611e-05
464,0.0004201086045865776,0.0003209467848364726,0.00044521503150463104,0.0006916256325578407,0.0005579768780348583,0.0006797704845666885,0.00010399356304478281,2.9363508216741013e-05,0.00010227411985397339,0.0013827566489708204,0.0010697453954547805,0.0012284442782402039,0.0016522273503659438,0.001250430332376165,0.0009344536811113358,0.00017113266052590226,0.00040964203630379893,0.0011949241161346436
465,0.0012856716390927114,3.352951766649043e-05,0.0006877128034830093,0.0011198381948435143,0.00018181417794699978,0.0005824379622936249,4.1583498135594824e-05,1.2498118123142698e-05,7.237866520881653e-05,0.0021184196960570417,0.00046437680799258155,0.00039797089993953705,0.0019803948967355503,0.00035870185033854904,0.0005263648927211761,0.003555227141579617,0.0006691910525767949,0.0010365024209022522
466,0.0006385072840876249,2.386736281328322e-05,0.001054598018527031,0.0008298019204432128,1.8744956489652465e-05,0.0007968805730342865,6.001273776105008e-05,5.3836312434611797e-05,8.966401219367981e-05,0.0016578640303874653,0.0013728143397737508,0.000708429142832756,0.0005850731104290532,1.1668701357339661e-05,0.0011254381388425827,0.0005947003754099844,0.0008895578295273882,0.0015330947935581207
467,4.422638351675445e-05,0.00023435877875872813,7.349997758865356e-05,0.0003222808090566909,0.0001438186924751679,1.3710930943489075e-05,8.425922128845603e-05,5.600906088447599e-06,1.2692064046859741e-05,0.00019622255775213898,0.0007737063263088366,0.00018509291112422943,0.0005623341406409826,4.507900100357565e-05,7.779523730278015e-05,0.0003638098587393085,0.0002124540357273635,0.00013023987412452698
468,0.0001867677834944126,0.00013325339990575072,0.0001408550888299942,1.833352969976554e-05,0.0001475302829002656,0.00020757503807544708,7.130635386182714e-05,5.692879710252543e-05,2.473965287208557e-05,0.0018592541212179015,0.000509656652378402,0.0007915180176496506,0.0018788797778343733,0.0009693359284349175,0.00025072693824768066,0.00030507665603363154,0.0007700057065592131,5.6099146604537964e-05
469,0.0020605494884873843,0.00016912594776210405,0.0003811195492744446,0.0021055699453581267,7.958757929442048e-05,0.00040159188210964203,3.0598872707492814e-05,3.569963133486767e-05,4.174187779426575e-05,0.0008393845244333634,0.00014782738023138772,0.00031123869121074677,0.0008299722099302381,0.000591920200797718,0.00016041100025177002,0.0004075504916218886,0.0004960543373174332,0.0007949434220790863
470,0.0005540301038926276,0.00032414201247139146,0.00026664696633815765,0.0003742503971175537,0.00035126506005790994,0.0005214456468820572,8.919551903109439e-05,7.469219132191958e-08,2.7310103178024292e-05,0.0001513577846433689,0.0007155978800701332,0.0005169417709112167,6.593323996054862e-05,0.0004501223526142753,0.00023878738284111023,0.0005936167216758215,0.00017205666941572583,0.0006709843873977661
471,0.0010848569823429244,0.0006257013879361652,0.0010695960372686386,0.0014024096556452537,0.000711599381762372,0.0015936028212308884,4.812737645871687e-05,4.6562204389359704e-05,0.00011891871690750122,0.0020569216910589216,0.0002244969472107311,0.0011816266924142838,0.0010527039145667091,0.00011726985033872969,0.000532250851392746,0.002746683462688221,0.0010053797516246612,0.0016975700855255127
472,0.002256466098204485,0.0002556703934282929,0.0010489597916603088,0.002635219313763343,0.00039543149995810087,0.0011169221252202988,8.043641259470116e-06,7.234984766903499e-06,0.00010006129741668701,0.0015427765365621793,0.001094048627585921,0.0007451530545949936,0.0006789508389105012,0.0005982868865100147,0.0007340125739574432,0.0024562425424724255,0.00013018213720107207,0.001258891075849533
473,0.0018581824344071074,0.0005785095070289376,0.0010632295161485672,0.0017053810737323594,0.0003005807265976414,0.000744897872209549,4.1354437308547404e-05,5.068017655452761e-05,9.987503290176392e-05,0.0012586209369582213,0.0007092610318353912,0.0004730224609375,0.0011696282914777645,0.0016208160087437182,0.0009058676660060883,0.002234422468227526,0.0008841662883853144,0.0018004029989242554
474,0.0010566980560260952,8.009550377963137e-05,0.0008662175387144089,0.0008788280798901205,1.7447154244315533e-05,0.0005818810313940048,0.00013614473904932992,1.811007160487806e-05,1.9587576389312744e-05,0.0010873117028017479,0.0007564685695049672,0.0005578193813562393,0.0011452916477388483,0.0010173839577201638,0.0002408679574728012,0.0007654528426738194,0.00023416730723861776,0.0007288642227649689
475,0.0017288528875739895,6.632063850177394e-05,0.0006485097110271454,0.0020648535824270564,0.00022730052513825205,0.0009304601699113846,0.00010540246998425214,2.8399934945453112e-05,5.4333359003067017e-05,0.0015974629540563695,0.00047128735164564395,0.0005156882107257843,0.0008003712756958284,0.0003772412714535267,9.32794064283371e-05,0.001633020299683291,0.00015698309836789746,0.0010084062814712524
476,0.00018756586126492114,0.00029238971632938177,8.330307900905609e-05,0.00017898160792573226,0.00011669115175414954,4.414655268192291e-05,4.424125094751666e-06,2.598084608290398e-05,6.616115570068359e-06,0.0004351689399655495,3.930884572760085e-05,0.00014981813728809357,0.0005918901804583265,0.0006640132486526937,0.0001973472535610199,0.0008409558287675034,0.00045265603185961224,0.00043784454464912415
477,0.001404370494395235,0.00018413405978736155,0.0006929170340299606,0.0010912901718992118,0.00028552500631353825,0.0004963148385286331,0.0002124980798371874,4.7474330849758004e-07,3.32370400428772e-05,0.0007449464822267618,0.0005746319120790225,0.0003398992121219635,0.0010139785841405471,0.0008216620618134093,0.0001657474786043167,0.0013712229201716108,0.0002049846319230166,0.001065131276845932
478,0.0003583635520932882,0.00040626707102797005,0.00011247023940086365,0.0005079471660231483,0.00011012297759968245,0.00016351789236068726,1.0183370198159e-05,3.80652703546885e-05,8.594244718551636e-06,0.0009840431831948451,0.00016961349920830565,0.00021570362150669098,0.001436540498232615,6.466887347704453e-05,0.00014813803136348724,0.000405655679850514,0.0007206765494005675,0.0006423629820346832
479,0.00022953395865552007,1.2498336436590068e-05,0.00028011761605739594,0.0005703757965681011,1.4446222822254995e-05,2.8399750590324402e-05,6.338997248535316e-05,3.6851173482028835e-05,3.4071505069732666e-05,0.00028267620526852,0.0005739219090540142,0.00013981573283672333,0.00032750373795986665,0.001192724912571455,0.000402962788939476,0.0007791527578389079,0.0005189728582001901,0.0007785782217979431
480,0.0024668567918747775,0.0001932677727194479,0.0008514244109392166,0.0025084921067171084,0.0003900448994621185,0.001051800325512886,8.730269257103788e-05,5.902792927630577e-06,0.00010284781455993652,0.002225687368255236,0.0006646990344651195,0.0007235165685415268,0.0021762832366908486,0.0002162127204482292,0.00044511910527944565,0.0025421084877701727,2.2126095077115368e-05,0.0010535120964050293
481,0.0005705625408825021,0.00034835780976215716,0.0007012709975242615,0.0008177586665403802,0.00024593018450005596,0.0010692384093999863,0.0001162491636820355,1.9507018690336593e-05,6.729736924171448e-05,0.0009525112829542534,0.0002807127992657914,0.0008878950029611588,0.0008449628176779231,0.0006680808883978914,0.00042537692934274673,0.0005379474020454911,0.00033969894314397724,0.0010636262595653534
482,0.00040657944121286205,3.0384003124286907e-05,0.00016860291361808777,0.0003471326999189006,0.00029463348893243174,3.380328416824341e-05,2.948470156603246e-05,2.159459268150641e-05,7.465481758117676e-06,0.0016139874147886382,2.96841680905921e-05,0.0004437509924173355,0.0019747791276443147,0.00036711862303730886,0.0001680329442024231,9.714628415419257e-05,0.00032718213982971256,7.247179746627808e-05
483,0.0009612977282104085,5.756056911449675e-05,0.00011706538498401642,0.0011214241523958002,0.00015812502014928703,0.00014309212565422058,0.00010306809057900566,9.479349515594373e-06,4.443153738975525e-05,0.00023303823410192326,0.00044897131446412775,9.717606008052826e-05,0.0002635420511982317,0.0002652509600854294,0.00017353706061840057,0.0011221953067615809,0.00025852387223385294,6.357580423355103e-05
484,0.0009430620436713388,6.303091485668211e-05,0.0003067031502723694,0.0008009714633084308,4.540012133015178e-05,6.156042218208313e-05,4.028394030935155e-05,2.526309815368839e-05,7.703900337219238e-06,0.0001977467946823533,0.0007580678398146079,0.0003769509494304657,6.514848544178498e-05,0.0012984703564098699,0.00010478310286998749,0.0010254692849343272,0.0003779370678946613,2.7354806661605835e-05
485,0.0023091596767758904,6.661549858492238e-05,0.0012339036911725998,0.0019328342386224495,7.873341535917164e-05,0.001404477283358574,0.0001074315602040115,1.294150906729736e-05,4.2825937271118164e-05,0.0018887569994947007,0.0007522750624907142,0.00027693621814250946,0.0014485802825446245,0.00023517629729310346,0.0004356801509857178,0.002269560723977687,0.00019458570398264968,0.0006442517042160034
486,4.9522093015980095e-05,1.2379504369535582e-05,0.0004857070744037628,0.00021491126961856177,5.946284345619696e-06,0.000223672017455101,7.863614237308553e-05,1.3656947418945508e-05,4.917383193969727e-07,0.0003825057237021104,0.0005976074823780091,0.0004451628774404526,0.0007648640007387186,0.0005730235536032732,0.00014551356434822083,0.000756324369432404,0.0003042666880351281,0.00020309165120124817
487,0.00021989032154814958,3.9247260645212945e-05,0.0005492791533470154,0.00010583048181986299,0.00021162930053167384,0.0005497187376022339,0.00015429027117775176,1.1414400741840817e-05,3.909692168235779e-05,0.0008217260719744976,0.0005674269039375422,0.00014799274504184723,0.0006482176196023204,0.00030695910534850324,0.00014610588550567627,0.00239257817267087,0.00013937776851726848,0.0005110129714012146
488,0.001138953781909785,5.934545427174753e-05,0.0012094099074602127,0.0008988554024459416,1.7887966175848813e-05,0.0009285528212785721,0.00015580102294253037,7.031560948265623e-05,7.126480340957642e-05,0.002931895935060838,0.0011634289156704225,0.0001585204154253006,0.0022798584461515906,0.00031250550787014636,0.00045929383486509323,0.0027854481008505044,0.0011896156936550308,0.0006349943578243256
489,0.0006954235440810586,0.000643616864827997,0.0002134181559085846,0.00028135132646081584,0.00022730912161634392,6.482377648353577e-05,2.550412864124954e-05,6.739162595020007e-05,9.503215551376343e-06,0.00031470649377243753,0.0008486400260141608,9.499676525592804e-05,0.00035514224871443373,0.000498915236765797,0.00041539687663316727,0.00010875529949957996,0.0012918618155209009,0.00026977062225341797
490,0.0008721503126887797,0.000565448588102764,0.0003012828528881073,0.000691014788274269,0.0001930013380891625,0.0003686603158712387,1.4618036617067981e-05,1.799090874371001e-05,1.8786638975143433e-05,0.0005904919424554594,0.00046553036497454583,0.00030988454818725586,0.0001355740846830794,0.0004866615390534332,0.00021906476467847824,0.0002658439050100547,0.0003442847516279745,0.0003090985119342804
491,0.001296039717770564,5.433359721501371e-05,0.00047566555440425873,0.0007810881461853547,0.0003439662963847616,0.000922834500670433,7.684330223434871e-05,4.2710681166386265e-05,1.4942139387130737e-05,0.0015425324222067133,0.00047401271060339145,0.00026088953018188477,0.001841465248576521,0.0009023299846687288,0.0002663237974047661,0.0011357775485079519,0.0006361179651429199,1.7661601305007935e-05
492,8.195832006480108e-06,8.746040918201914e-05,0.0004815477877855301,2.50960547076573e-05,4.3301560988411036e-05,0.00037886016070842743,8.149122714249356e-05,5.570705066789772e-06,1.4845281839370728e-05,0.0008855883180580379,0.0002458382412000755,0.00023511052131652832,0.0005556054806801422,0.0003493493362394448,9.854789823293686e-05,0.00010405828231857539,5.486084860743291e-05,0.0003939792513847351
493,0.00011425888140167983,0.00014336074536806798,0.0001987311989068985,0.00028961641709082664,0.00022881756605165268,0.000135054811835289,4.42122849174352e-05,2.3773481570070433e-06,2.7917325496673584e-05,0.00025374657102188863,0.0005763389728445575,6.0092657804489136e-05,0.00026855086515341353,0.0004168532156672705,7.369741797447205e-05,0.00041191992538723576,0.0001198280386155836,0.00016164034605026245
494,0.0002527736610375697,0.00011643797521003474,0.0004520788788795471,0.0002967968464807069,0.00037435264288662035,0.0005821529775857925,4.59228410347734e-05,1.4600772570132897e-06,4.7497451305389404e-05,0.000916852244195944,0.0012170655094368849,0.0007954780012369156,0.0007300642801164048,0.0010539978533643315,0.0005859537050127983,0.00012726544864510858,0.00023905307511894007,0.0011570379137992859
495,0.0015542066308652236,2.8985469523248875e-06,0.0007745418697595596,0.0013288132325081914,1.7788913616503116e-05,0.0005713179707527161,0.00010854426444925624,2.1227288390825074e-05,7.21663236618042e-05,0.0020561663791723583,0.00039799234973599343,0.00074014812707901,0.0024391641022505073,0.0012897757730906886,0.0010038968175649643,0.0017566891007690932,0.00044416019218987066,0.0008373856544494629
496,0.0009245783366896299,3.029308270574571e-05,0.0003412123769521713,0.000712388003468456,0.00016574197623903802,0.0003302842378616333,4.3442696584405915e-05,1.9228627453326424e-05,2.738088369369507e-06,0.0011378607454338927,6.931637895199808e-05,0.0003117173910140991,0.001071238985767664,0.0009580068755045482,0.00021709036082029343,0.0003165148018205721,0.00026213312781582336,0.00024919211864471436
497,0.0013487135570900421,0.00014856098084183034,0.00023739784955978394,0.0014412695962416344,0.0002250058792966983,0.0004333406686782837,5.983323500109369e-05,3.364250334412838e-05,1.0181218385696411e-05,0.001228094350004573,0.0007323178905612911,0.0007879398763179779,0.0017151201536453262,0.0012000757802619402,0.0009431298822164536,0.00022630919816452044,0.00036644897384630407,8.819252252578735e-05
498,0.0013686882297254954,5.474079168785173e-05,0.000707283616065979,0.0012254570125613262,0.00026529935968029605,0.0007769837975502014,0.00010071447332962204,1.9400228415559833e-05,3.7379562854766846e-05,0.0007124327296526151,0.0008131111696493241,0.00015754811465740204,0.0007430488903761717,0.0001245996208552244,0.00029000919312238693,0.0006885681673538813,0.000152595886000818,0.00029185041785240173
499,0.0004792418455656644,9.166800019249494e-05,0.0005839113146066666,0.0004897021511258148,8.371568100747073e-06,0.0005700681358575821,0.00013911162524737723,2.93949990565098e-05,5.066394805908203e-05,0.0013378192320329454,0.00017969003502782063,1.6009435057640076e-05,0.002023402339853979,0.001260972579214835,6.293971091508865e-05,0.0003111741344197505,0.0004936115413032415,0.0017955712974071503
500,0.0016622802756351418,1.8913790309740136e-05,0.0006002243608236313,0.0010654632305542588,2.6392084758308093e-05,0.0005751177668571472,4.5380436843616215e-05,5.545185652408515e-06,0.0001323409378528595,7.214347688030281e-05,0.0005809509358360096,0.0012865643948316574,5.992547638218604e-05,0.00018300499380724533,0.001393195241689682,0.0016472713114150384,5.8400469870352814e-05,0.0023646652698516846
501,0.0017638055832162047,0.0004996798979047534,9.839795529842377e-05,0.000716199584062327,0.0006576228518648045,0.00020003318786621094,5.4840128718812095e-05,1.0155781261654518e-05,7.733702659606934e-05,0.0013260473512716336,0.0002824111872762221,0.0009634122252464294,0.0015121826008288111,0.0019414727703687545,0.0009095324203372002,0.001844702656609909,9.911433023029187e-05,0.0009360127151012421
502,6.7355132307656e-05,0.00017711901590109977,0.00018713250756263733,0.0006745641454903029,0.0003505317150305082,4.989653825759888e-05,0.0001485915599774689,1.578189526521014e-06,5.6438148021698e-06,0.0002416002810322962,2.3756750725866665e-05,0.00010499171912670135,0.00018323353750218652,1.606958332044106e-05,0.00012767035514116287,7.870150941033383e-05,4.67672647886698e-06,0.0005758292973041534
503,0.0016776871551094086,7.106070284908922e-05,0.00033862143754959106,0.0017930196070658488,5.499242840343102e-05,0.00054149329662323,0.00017343018372185763,4.3399888157409985e-06,8.924677968025208e-05,0.0004347817870354459,0.00018548653770797743,0.0009352434426546097,0.000754596455119036,0.00027082030527812717,0.0006117038428783417,0.0007931949952083295,4.5313774098745124e-05,0.0009098351001739502
504,0.0024326482250466297,9.485740617894839e-05,0.0011485554277896881,0.0020519800938033073,0.00014106137014644957,0.001149553805589676,3.237253968772953e-05,2.120583037230851e-05,0.00013675913214683533,0.0018481250536176094,0.0005212784461344905,0.0011501330882310867,0.002153987020980276,1.3039382179648451e-05,0.0011364957317709923,0.0023466148139318632,0.00017207580412604596,0.0017432011663913727
505,0.0020768029865893545,0.00019462485204349567,0.0011688917875289917,0.0013849637166660766,0.0001498271951710789,0.0011314060539007187,8.05229590024395e-05,1.3888102690368781e-05,0.0001000426709651947,0.0003827803734350044,4.325809622587537e-05,0.0006686113774776459,0.0005381459135791467,0.0006004018197476382,0.0006580036133527756,0.0019068114057644858,0.00016662604578334718,0.0014501921832561493
506,0.0011079510577672869,8.682207367757822e-06,0.0004869457334280014,0.0008259620351680763,0.00024065492685947099,0.0007603242993354797,7.361652798641011e-05,1.749365822595393e-05,7.374584674835205e-05,0.0009154839142607174,0.000781082031647052,0.0008733198046684265,0.0008389426414354972,0.00031708861756474943,0.00046736467629671097,0.0011150922723491274,0.00021563909132205246,0.0012645982205867767
507,0.00015766790674257014,8.473545760637191e-05,0.0004091039299964905,0.00017147579264276125,0.00011023092983141608,0.0005028415471315384,0.00012935118959520736,2.6735227505332777e-05,5.950033664703369e-05,0.00042943198788290143,0.0006923500036485515,0.00041275471448898315,0.000474265362247879,0.00018428352444350982,0.00027184002101421356,0.0007521088131596798,0.0004951636512092877,0.0008470416069030762
508,0.00034410151347408213,0.0002514619972724709,0.0008858498185873032,0.00019452790527035857,0.00035807072648987026,0.0006508156657218933,4.7918432728928304e-05,4.734684426615046e-05,4.384666681289673e-06,0.0004688199507572738,0.00038711414699835883,0.0006570573896169662,0.0005217672438748155,0.0016027175634553692,0.0001749461516737938,0.0008711575355052625,0.0005989532557750653,5.973130464553833e-05
509,0.0010209235548503948,5.900761642857813e-05,6.783381104469299e-05,0.0013147747761813877,0.0001874167291250617,0.00024571269750595093,7.5279497045166455e-06,2.238859900906688e-05,6.444752216339111e-05,0.0019797986861025407,0.0009377386673346533,0.0009662937372922897,0.001555078569328211,0.0015304546510669856,0.0005001286044716835,0.0015520843314389965,0.00040982113272636754,0.0009162351489067078
510,0.0005187019722359965,9.330464294726726e-05,0.0005779135972261429,0.0003295386772323994,0.0002578188628465129,0.0005566775798797607,5.935297998346453e-05,1.1734211026123448e-07,1.1935830116271973e-05,0.0005709703770015381,0.0003634986181188238,0.0004146173596382141,0.0007355275216570853,6.802023059990225e-05,0.00039213523268699646,0.0004347856154233165,0.0002874281138193092,0.00023654848337173462
511,6.602279381182075e-05,0.00014630231717112016,0.0006425492465496063,0.0007009799682536622,0.0001437792500695173,0.0009285993874073029,3.004319330725952e-07,2.4658250366390915e-05,3.789365291595459e-05,0.0003065075209192844,0.00038404685572548253,0.00017157569527626038,3.068422570794843e-05,0.00036929812960394964,0.0001801270991563797,0.0010003154151072557,3.213020417051557e-05,0.00038522109389305115
512,4.125507205232637e-05,5.695983288398626e-06,0.0002583451569080353,0.0001540532466345057,9.777339855088218e-05,0.0005564223974943161,0.00011182701971214175,1.1403950931403281e-05,1.903623342514038e-05,0.0012810984341197068,0.00013811812785920197,7.836520671844482e-05,0.0011745645253338904,0.0003695881447048979,0.00023272540420293808,0.0004915351408612822,8.461695353357765e-06,0.0002996399998664856
513,0.0004366141507084753,0.00014783628640635885,0.00014067254960536957,0.0002168725548467032,8.296455305966191e-05,0.00021847710013389587,6.724018310074777e-05,8.010343637894859e-06,2.279132604598999e-05,0.0018135711501964594,0.0013661113129856683,2.4374574422836304e-05,0.002201866913667423,0.0011988272911143683,0.0003430871292948723,0.0005568724991321938,0.00012285735721126283,0.0001417882740497589
514,0.0007810139275525041,3.1071421224132534e-08,0.000512612983584404,0.0008573875214504811,8.160809365475447e-05,0.0005801431834697723,9.622933528495581e-05,6.672582367694751e-06,3.37846577167511e-05,8.87766909255655e-06,0.0010962424253730015,0.00013357214629650116,0.0003622353942357992,0.0008832315444534597,0.00012785103172063828,0.00027506302422380946,0.00024275372603765194,0.000733397901058197
515,0.0002839444477445441,0.0001735963615166411,0.0001872926950454712,0.0004334372941892928,4.0576095553860464e-05,0.00024434179067611694,0.00012936719028398304,1.5161097772872995e-05,5.647540092468262e-06,0.0007768552724046404,0.0004449284893645218,0.00025932304561138153,0.0008915709403338121,0.0011643264582277754,9.044166654348373e-05,0.0011850397029954662,0.0005133556011157683,9.673461318016052e-05
516,0.0013329946703092566,0.00017969811676709496,0.0007734913378953934,0.0007869929528077635,0.00017380967659708785,0.0007877647876739502,3.9037465255282663e-05,2.6201990014207118e-05,2.4460256099700928e-05,0.0013335550821354444,0.00014758455647168392,0.0002059098333120346,0.000576900649793613,0.0008477079109012117,7.345899939537048e-05,3.378755931865429e-05,3.6828108201662074e-05,0.00028364360332489014
517,0.001403386997520184,0.0001470518828593642,5.8438628911972046e-05,0.0017103536682853415,0.0008300173791890887,0.00020525045692920685,1.8709318621985133e-05,1.4215781770897948e-06,3.6075711250305176e-05,0.0002417620970039669,0.0003393509933200256,0.000621449202299118,0.0005649668950031619,0.0007348507555682351,0.0008528577163815498,0.0002424733802536827,0.00031733582277238513,0.0006390251219272614
518,0.00036849856924456303,0.0015559859013056405,0.00035831518471241,0.00014506651317217067,0.001257531377703753,0.0003931373357772827,0.00016520529580131213,3.0117774216600738e-05,2.413615584373474e-05,0.002409689631152019,0.0011909417935782422,0.0005309451371431351,0.0021743881135177293,0.000167351574192183,0.0007426096126437187,0.0034302144962727044,0.0003420905947479763,0.0012674741446971893
519,0.0007624304670545978,0.0005027746050132939,0.00012986361980438232,0.0008545065727668666,0.0001695515515848442,0.00018961355090141296,0.00013942264252222135,1.8311450507098553e-05,3.150850534439087e-05,0.0005265198677534347,0.0006329397401384981,0.000619981437921524,0.0014975327481176748,0.0006868120247195825,0.000491277314722538,0.00036309467684189634,0.0001261565647082503,0.0004802793264389038
520,0.002073892536253341,0.0010916463828511656,0.0006311777979135513,0.00017921203722129353,0.000981902643852433,0.000655055046081543,1.2597205427030897e-05,5.10509993905295e-07,9.041279554367065e-06,0.0016588604682204883,0.00029926910701149126,0.00019663572311401367,0.0018470824970921104,0.00042754151585374517,0.0002297358587384224,0.0023020437885573064,2.727674748212016e-05,5.470588803291321e-05
521,0.0017719717733689078,7.675440213333537e-05,0.0005413815379142761,0.001430462475358829,0.00023609403284565247,0.0006353296339511871,6.586028291780295e-05,5.930752792868968e-06,3.574788570404053e-05,0.0008364771611061722,0.000775504136283179,0.00043135136365890503,0.0008412623310029149,0.0001715153334841263,0.0003245873376727104,0.0009439495480832449,0.000215305210692256,0.0007325261831283569
522,0.0013539414824232099,0.0002420620148241119,0.00047339312732219696,0.0004585426740335574,0.0003733067729104131,0.00038446858525276184,0.0001846482786439195,2.014541990198477e-05,1.706928014755249e-05,0.0012058861540377996,0.001041244644908127,0.00011712498962879181,0.0008127571655667035,0.00024798007715931547,7.31535255908966e-05,0.00033361959221533954,0.0003545984619167074,4.7538429498672485e-05
523,8.271503026680005e-05,0.0001300948876553909,0.00021352618932724,0.00018903283835428053,5.712360574977593e-05,3.158301115036011e-05,8.465355964119674e-05,1.7924446647790367e-05,4.67933714389801e-05,0.00013801998992481884,0.0009302063827397837,0.000982571393251419,0.000359288791894688,2.3512128195998794e-05,0.001211157999932766,6.124528009140984e-05,5.360587252028169e-05,0.0011123977601528168
524,0.0001514114393620647,3.3138511089471356e-05,3.8525089621543884e-05,0.00014654065093064328,2.148702641325065e-05,0.00014641880989074707,4.700620977638077e-05,2.4893934533987854e-05,1.3522803783416748e-05,0.0011806470091407784,0.001740967542393012,0.00040780194103717804,0.001135719980216332,0.0010095425013959408,0.0005463538691401482,6.729947635833455e-05,0.000265615386948111,0.00026566535234451294
525,0.0007250273280871855,2.492117904576152e-05,0.0005502421408891678,0.00039123881879704614,8.552056979975117e-05,0.00042823702096939087,8.035103182895374e-05,1.2336768317800927e-05,2.5738030672073364e-05,0.00032912540933500295,0.0011897178164873012,0.00016362033784389496,5.606440452755879e-06,0.0009694613451707579,2.0917505025863647e-06,0.0017735284712129817,9.571022725091399e-05,0.0003172345459461212
526,0.0002695942502332904,0.0002779109919057998,0.00020042434334754944,0.0006365224281581483,4.813448834002296e-05,0.0003203749656677246,1.591954271849133e-05,2.958547067479498e-05,3.2708048820495605e-06,0.0005052885125925305,4.442716546066913e-05,0.00013791583478450775,0.0007093354662363882,0.0004660351716360839,7.52350315451622e-05,0.00011858888716767546,0.0005636573672018535,0.000399269163608551
527,0.00011663061815603282,7.566902130805644e-05,0.00013978220522403717,9.652055564585149e-05,0.00026124628974528996,0.000159507617354393,6.312899918767441e-05,1.8949605368368807e-05,1.0907649993896484e-05,0.00015965747070886827,0.00041200259878137677,0.00021162070333957672,0.00014020960026217555,0.00044693976986182743,0.00032011326402425766,0.00030138366242019043,0.00034385428033415887,0.00014443323016166687
528,0.0005829483283468495,0.0001705358533017655,0.0002615731209516525,0.0006486504335107279,0.0002465039291029425,0.00014724582433700562,8.602842926955581e-05,2.338129105531532e-05,7.800757884979248e-06,7.02018334052465e-05,0.0009802401888854596,0.0001835804432630539,0.00014056858856245635,0.0006159665036841316,1.5439465641975403e-05,7.32326482685286e-05,0.0004283732540798389,7.459521293640137e-05
529,0.0002654501715788071,0.0001685653035173318,5.28823584318161e-05,0.0005085149390708088,0.00029824826761099335,0.00016190297901630402,4.6678785104359646e-05,2.9292158563313077e-05,5.029141902923584e-06,0.0003092566357749474,0.0003789959387921968,0.00029266998171806335,0.00036569498230715203,0.0013040857335086045,0.00012780725955963135,0.00041621335170499707,0.0005979331052319639,0.00012930110096931458
530,0.0010548647482901408,0.0003071300918794581,6.951950490474701e-05,0.0003952225663864106,6.0845650267989104e-05,0.00013404712080955505,1.7607527880870305e-05,3.148085129804027e-05,2.5022774934768677e-05,0.0011821036265539375,0.0006352219995634859,0.0005960501730442047,0.0013074920359855552,0.0003699730628848527,0.0006464570760726929,0.0008402422684960775,0.0006955692215380753,0.0006203688681125641
531,0.00048585036059464737,0.0008062277756703817,9.841471910476685e-05,0.0004494868012107911,0.0001869397167021912,1.5897676348686218e-05,7.437959417975863e-05,1.1158425309507492e-05,4.610791802406311e-05,0.0016558161109240799,0.0010660477420419145,0.0011882614344358444,0.0018117895569001244,0.001233165025948224,0.001180359162390232,0.0007490208635062556,0.0004376740015111487,0.00038175657391548157
532,0.0014063182885741266,5.5436638087338896e-05,0.0003726556897163391,0.0007248122945814339,4.7428408242716075e-05,0.0003212336450815201,5.535151652129311e-08,7.712452713926022e-06,3.472715616226196e-05,0.001991731773447074,0.001083868893248921,0.0005360916256904602,0.0024317861194859333,0.0014228003415930196,0.0006794054061174393,0.00011292596715820058,0.00016907359286209844,0.0001165829598903656
533,0.0013596217864108029,0.00012120250154700266,0.00020586326718330383,0.0012728265630686797,0.00014088245457364104,0.0002557523548603058,3.935056378541989e-05,2.3154442555744495e-05,2.329796552658081e-05,0.0002697246174344775,0.00012796674311535416,0.0001958254724740982,0.0004885282499546631,2.312372987882394e-05,0.0003503803163766861,0.00039926449315100254,0.00017928795977234513,8.843839168548584e-06
534,0.0011152260222667965,0.00033770902182373927,0.0005020387470722198,0.0013533547546364655,0.00018244535681474425,0.00045567750930786133,4.823408558008238e-05,4.305710222281397e-06,5.920231342315674e-05,0.00010483544655690707,0.00020435366531796131,0.00044394657015800476,0.0004276638786454637,0.00034359563643349134,0.0004479261115193367,0.0008930738711349362,0.00014375189110666688,0.0008659586310386658
535,0.0014193252433612191,0.0001718255988521905,0.00030184537172317505,0.0012276331413067776,0.00015957231795199478,0.0003595072776079178,1.1976746316661596e-05,3.5701974015890365e-05,6.237998604774475e-05,0.0007017973918207673,0.00015209687118846946,0.001016991212964058,0.0001283419598256605,0.0007405039635064656,0.0009055044502019882,0.00023011709329634478,0.00043252436149575704,0.001426510512828827
536,0.0004877403885481524,0.00015899672585435037,0.00017121993005275726,0.00027168953725659195,7.791861127461053e-05,0.00016638636589050293,7.246796887495563e-05,4.226532770488752e-05,4.163011908531189e-05,2.889365103946051e-06,1.89565939112471e-05,0.000538170337677002,2.4130869812351297e-05,0.0007510858687341596,0.00045282114297151566,0.0002901675112804425,0.0005357584872977203,0.0007186420261859894
537,0.0006930426240481513,5.706687774154756e-06,0.00047487765550613403,0.000513359963252108,4.9815896665583725e-05,0.000549590215086937,0.00010833256811456152,2.1885041544475567e-05,4.797428846359253e-05,0.000502025102202347,0.0007798519820735421,0.0003903135657310486,0.00021805698960956216,3.5182355750028316e-05,0.00027426425367593765,0.0002515870310802193,0.00021932148043093957,0.0013595819473266602
538,0.00014513646306038575,0.00021165975386778016,3.8158148527145386e-05,5.900363232375083e-05,0.00015731773686281786,3.826059401035309e-05,2.082341348040584e-06,1.161099245899585e-05,6.671994924545288e-06,0.0004667718084901268,0.0001644402848288394,0.00026596710085868835,2.818648224434117e-05,0.0004481264469452448,0.000209759920835495,3.0858877615891345e-05,6.112213372407374e-05,0.00016264989972114563
539,0.0007956317544485503,1.7963378037531147e-05,0.0008853208273649216,5.980126089502602e-05,0.00012366784638603162,0.00042588450014591217,9.88108643565043e-05,5.3870875279280286e-05,4.119798541069031e-05,0.00025803335540575123,0.0004736059400367032,0.00038144737482070923,0.0001461336246698433,0.0008469128542608201,0.0002856142818927765,0.001664998682737312,0.0006681754421578451,0.0006168633699417114
540,0.00035961933247530276,4.199090019451138e-05,0.00012129917740821838,0.00011181443678515146,0.00011610784809898411,6.068497896194458e-06,0.00010610715016746118,3.0806610703376625e-05,1.1857599020004272e-05,0.001017754556417165,4.486530669961172e-05,0.0004039295017719269,0.00051204215551022,0.00026785934836946745,0.0005153585225343704,0.00024572292882471536,0.000252579653138291,0.00034558773040771484
541,0.0011385088889029338,3.622749598333752e-05,0.00041864998638629913,0.001232519061259707,0.00011422516018254683,0.0004572346806526184,0.00011143993566784145,1.7865380433911416e-05,2.872943878173828e-05,0.0007315546351331775,0.0012654490654401412,0.0002699941396713257,0.0006238570525571446,0.0002551605556989772,0.00029100291430950165,0.000885001040548894,0.0003706922683347283,0.0006512664258480072
542,0.0006847326482227467,0.00033660928775184826,0.0008262712508440018,0.0010685399207913948,0.00015718931300874248,0.000698411837220192,0.00016089472744610332,2.6910810993320403e-05,4.929676651954651e-05,0.0002038788275560005,0.00042874795690278633,2.0079314708709717e-05,0.00022792335675675401,0.0006783667679133437,0.0001284060999751091,0.0011959368445745855,0.00015407248651354462,0.0008952058851718903
543,0.0006642700478275698,0.0002540319343392883,0.0008070431649684906,0.0010767142675067731,0.00016977544628914848,0.0008246675133705139,9.77949551257927e-05,7.85643055426882e-06,6.785988807678223e-05,0.0018474023416518645,0.0010743005830686145,0.0010563451796770096,0.0012242036244688725,0.0005531679731937619,0.0009918352589011192,0.0010725279103404872,7.204385098812105e-05,0.0014058277010917664
544,0.0003158918447642989,0.00010594740558146284,0.00013351067900657654,0.0002054275390308835,0.00012582984117918278,9.235180914402008e-05,8.09601726761526e-06,1.1875035327221783e-05,9.927898645401001e-06,0.001347933584446237,0.0016295691501957282,0.00047121383249759674,0.0015180371298774628,0.000793218418727204,0.0004953211173415184,0.00040878515057243825,0.0003477551933085228,0.0004583783447742462
545,0.00047893859819578277,3.707103919180915e-05,0.00034629739820957184,0.000736714710795644,2.8845174322368605e-05,0.00024678558111190796,0.0001125432926767575,1.9722529108417682e-05,5.941838026046753e-06,7.441706842901963e-05,0.0001405280212341438,0.0007299426943063736,0.00021626064432470754,0.0013709660789000683,0.0005720993503928185,0.00035425916177372896,0.0003153391876530489,0.00030738115310668945
546,2.5653772924155716e-05,5.613400129332244e-05,0.0002802889794111252,0.0005693948852134867,4.12688553645818e-05,0.00043541379272937775,3.09906832030131e-05,4.126513217501829e-06,1.8164515495300293e-05,0.0010826749412481684,3.563940932017201e-05,0.00035834312438964844,0.0009424645460977196,0.0006681603185236668,8.174031972885132e-05,0.0005531319313267502,0.00022999676930105222,9.432435035705566e-06
547,0.0002975512395797242,0.0001748924243458183,6.671622395515442e-05,0.0002268673157141965,0.0002933168214310465,5.488842725753784e-05,3.772056705928992e-05,1.5260070852031286e-05,2.6542693376541138e-05,4.905439505886733e-05,7.750074222654876e-05,0.0004920214414596558,0.00010465863645143375,0.0014597514758446367,0.00042564887553453445,0.0008287332908492595,0.00015639490366840293,0.0007070042192935944
548,0.0005964807295965602,0.0003629103471117362,8.695945143699646e-05,0.0009341273593096444,3.231305256257144e-05,0.0003015100955963135,0.00014160474197838502,1.473063700605762e-05,3.5509467124938965e-05,0.001977563365994882,0.00010165217865655551,0.0003709476441144943,0.001599908428586795,0.0012832572432671246,0.0008071586489677429,0.0015991067251933666,0.0003030343164335597,0.0009900890290737152
549,0.0009946893336095775,0.00015788092441716348,8.51508229970932e-05,0.001165929873560928,0.00033118962533071686,0.00046035274863243103,8.466635863590283e-05,3.476873395102465e-05,1.5214085578918457e-05,0.0005976612216066005,0.0004901870322702659,0.00013588368892669678,0.001679523276276823,0.0007879007628000048,0.00042546261101961136,0.00012441038864699494,0.0008641788530108904,1.13658607006073e-05
550,0.001595056856577709,0.00023186508616286974,0.00022715702652931213,0.0013619573574994992,1.988469300630291e-05,0.00029278919100761414,0.00013952847870327134,5.777736199815027e-05,3.962218761444092e-05,0.0013046036695972055,0.0010034304802318018,0.0014468617737293243,0.0016937822367678532,0.00132130651293684,0.0006749974563717842,0.00020434134544661253,0.0007412282523444336,0.0005147531628608704
551,0.0003484452537513838,4.1839902601922135e-05,0.00039453431963920593,7.56590762218956e-05,0.00010741765586589486,0.0005183983594179153,3.532301999282193e-05,4.191998308726043e-05,5.7425349950790405e-05,0.0027033482914449666,0.00019830149056397628,0.0013644397258758545,0.00346253484403463,0.0016038641465194181,0.0009924247860908508,0.0015609716581671818,0.0006268338234634348,0.0009740255773067474
552,0.00047256492976374687,0.00036376592459351834,0.00043916329741477966,0.0006516705334415895,0.0001540153051969896,0.0011237487196922302,0.00017127478449925453,7.643456892958585e-05,5.451217293739319e-05,0.0018576351635675864,0.0004833900030379902,0.001123383641242981,0.001985446244916249,0.0019798252024216118,0.0002283882349729538,0.0007486651952293422,0.001231016888749003,0.00021672993898391724
553,0.0012554889356510002,9.517816764128065e-05,4.908628761768341e-05,0.0010516561296158577,0.0001224142849340394,0.00016420148313045502,0.00022254868734266665,1.2167837151639887e-05,1.4625489711761475e-05,0.002339533112797325,0.0020985405243352413,0.0006618257611989975,0.001615862614441306,0.001346743284859099,0.0003649881109595299,0.0026329344438588143,3.4194677783875443e-05,0.0005147866904735565
554,0.0015945276848471635,0.00023679342176244692,0.0005813837051391602,0.0013168810764876138,0.00011015139482958153,0.0006963573396205902,2.5154217465184203e-05,2.6339773017761354e-05,6.190314888954163e-05,0.00204811922018764,0.002891077970627695,0.0006058141589164734,0.0023024573819958247,0.0015734767469275726,0.00032929331064224243,0.0030981595054202504,9.09392147060168e-05,0.000544767826795578
555,0.000358818126990873,0.00039957810430700166,0.0007622502744197845,4.3253115946911835e-05,0.00038015842184894316,0.0002038814127445221,0.0001084047150306227,8.106522986172661e-05,4.129856824874878e-05,0.0009143402616591106,0.0005776308682101418,0.00022703967988491058,0.000640832804506164,0.001141255170384707,0.0005769114941358566,0.00011332307956360421,0.001125054205781538,0.0003503188490867615
556,0.0004953156766805689,2.1836778810901958e-05,0.0004320051521062851,7.092618058499034e-05,0.00017812880667505623,0.0007375441491603851,2.3988791769123316e-05,2.044611084373309e-05,9.514391422271729e-06,0.0009699769791148075,0.0004623745747191488,7.531791925430298e-05,0.0006533037029837901,0.00018516223302771084,0.0003256583586335182,0.0005169247472977256,0.0004244088427998831,0.0002818293869495392
557,0.0005348105587966168,0.000167011795298138,0.0006811581552028656,0.0006208753575085435,1.8656796355581012e-05,0.00039411522448062897,8.284012560230702e-05,1.1685193763304874e-05,2.2917985916137695e-05,0.0004983580172781138,0.0015492623920776993,0.00010400451719760895,0.00014947391028041074,0.0005639138058365703,0.00026827864348888397,0.0006894906390727817,0.00024330993623617077,0.00025695934891700745
558,0.0010594704828631452,5.97903036006521e-05,0.00016846507787704468,0.0012005833951172495,0.000275427290962596,4.321150481700897e-05,3.169047740460458e-05,3.518223063319866e-06,8.195638656616211e-06,6.984118024170455e-05,0.0005452595611898058,0.00034711137413978577,9.28739258972966e-05,0.000836109105474922,5.6752003729343414e-05,0.0017483648157256004,0.00021648895145331103,0.000440843403339386
559,0.000402045413009644,2.8725388621246573e-05,0.00052599236369133,0.00028289634687136966,6.957329930346728e-05,0.0005578082054853439,0.00011691057886449238,4.211892029290336e-06,3.847479820251465e-05,0.0017151424788801467,0.00020994467167164202,0.0007377546280622482,0.0017466198565180072,0.0011747900322370414,0.0006585195660591125,0.001655281838615158,2.7887941044168682e-05,0.00043159350752830505
560,0.0007822833246571015,0.0002639544599806823,0.0007028598338365555,0.0010080255805944571,7.004488504918499e-06,0.001079084351658821,4.147265242773063e-05,4.873643379354835e-05,7.103756070137024e-05,0.002261825014646085,0.0018163779584491231,0.0007278118282556534,0.0021854584248833103,0.001113072864670002,0.00020162202417850494,0.0016878116845194246,0.0010165968854271117,0.0005989409983158112
561,0.00040234979961872863,0.00013311853369288654,0.00025973469018936157,0.00018776249340302087,0.00046289767727835524,0.00029693543910980225,4.305383501143102e-05,2.728500184295227e-05,2.927333116531372e-05,0.0009822984790355815,0.001279684768618828,0.0006976518779993057,0.0008866865642658192,0.0007368499940127726,0.0007227640599012375,0.0011530438090310569,0.00031920861360998365,0.0011552423238754272
562,0.0021828743197795097,0.0001764037783151401,0.0012611392885446548,0.0022604462299059824,0.00036555657309666686,0.0009975749999284744,3.2926724095079865e-05,2.203957678459053e-05,0.00010589882731437683,0.0033587915281369993,2.5422130176727675e-05,0.00040853023529052734,0.003525611610691995,0.00012829580313430955,0.0006856312975287437,0.0037509477061596908,2.193135962552488e-05,0.0012007318437099457
563,9.363041789695048e-05,5.926050242919048e-05,0.00020308047533035278,0.0007690248417053513,8.449693984828241e-05,0.00021154619753360748,3.4577058635404737e-05,4.9761730188977804e-05,4.76837158203125e-07,0.0004239355436344225,0.0015290189894235778,0.0002889670431613922,0.00017779625487941708,0.0004509390587294354,0.00041958037763834,0.0005180216172903651,0.0009422383303042056,1.0270625352859497e-05
564,0.0004482059029446428,0.00038408677135139124,0.000327112153172493,0.00021320824924986326,0.00037241364446322783,0.0005583595484495163,0.00011357892792534553,5.960359499552147e-05,3.8817524909973145e-06,0.0016187761003108592,0.0010656260741338762,0.00032344087958335876,0.0013331339311966617,0.0004785415706990495,0.0008255681023001671,0.0005108106665782652,0.0009917584412816628,0.0008188560605049133
565,0.0001533905768350552,0.0003270829242928777,0.0004117172211408615,0.00031806278099819063,0.00034370930989248427,0.000973578542470932,0.00016610148792491758,7.739145418930444e-05,3.195926547050476e-05,0.0007469526937080723,0.0008971318257092395,0.0007827430963516235,0.0007595282952261515,0.0012341121859250279,5.854293704032898e-06,0.001641154816985152,0.0013520721569800116,0.000779472291469574
566,0.0018340905459731105,0.0005843046894916624,0.00024093128740787506,0.0023137901677788564,0.00031481680100936896,0.0007342156022787094,5.7083356327317786e-05,7.17252341958305e-05,1.0699033737182617e-05,0.0014759257334034867,0.0012093399256672948,0.00057203508913517,0.0012875770316196841,0.0011840755405746542,0.0002499120309948921,0.0008149781211087281,0.000877484863340959,5.003437399864197e-05
567,0.0014458497903248047,0.0003681878794988998,0.0001895856112241745,0.000976102042351823,0.00027687060172449166,0.0002894178032875061,0.0001201727949133452,7.775455593715121e-05,3.3095479011535645e-05,0.00032192810868778704,7.362332197592171e-05,0.0008845943957567215,0.0002081087977893331,0.000912834695785722,0.00032633543014526367,0.0012656091457256546,0.0011634187314859563,0.0010501518845558167
568,1.7022571050129276e-05,0.0001675952227892727,0.0005089044570922852,0.0002511556323483155,0.0004581339309479224,0.000667063519358635,0.0001877998723510306,1.4824178608188981e-05,3.33636999130249e-05,0.001994972972716502,0.0003466116573820049,0.0004189610481262207,0.001849938819848039,0.0003479267366917477,0.0006449799984693527,0.0032634096112446054,0.0006438450853184733,8.048117160797119e-05
569,0.0007174921626265374,0.000862896374999398,0.0010664984583854675,0.0011554532808184803,0.00026022637518693936,0.0007964223623275757,0.00010863434670261782,3.570830333421025e-05,7.55898654460907e-05,0.0017139178128039306,0.002936063614477494,0.0003758445382118225,0.0024323637597165465,0.001768193811636662,0.0006762184202671051,0.0005723341079112154,0.0007985462431916134,0.0011278390884399414
570,0.0012611121003949233,6.964573282370115e-05,0.0008892025798559189,0.001584163604050698,5.342181206499305e-05,0.001141941174864769,0.00014607223374972153,1.5587397474501512e-05,7.896870374679565e-05,0.0034550212452653384,0.0032848234735358747,0.000158580020070076,0.002830379006219824,0.0014321976817702198,0.0001954697072505951,0.001825446660459945,0.0003868449977710957,0.000591818243265152
571,0.0003743369526170437,0.0002946227111378201,0.0007018875330686569,0.0005510242459827175,0.000358063723628458,0.0007030051201581955,2.074082794840254e-05,1.3362380822054282e-05,4.034489393234253e-05,0.00028240348030630913,0.0010080220508445707,8.402206003665924e-05,0.00033049666015706747,0.0004077932337382892,0.0001487964764237404,0.0007931591280396777,0.0002960373012336308,0.0005806013941764832
572,0.00016547523230653338,0.00031320774397932544,6.59208744764328e-05,0.00027344062988218787,0.00021977242187841764,0.00023187324404716492,2.5222567321757372e-05,3.9522889210262665e-05,3.91155481338501e-06,0.001100951516621325,0.0006840774944797939,0.0002630092203617096,0.0010149512736796623,0.0014297798538365283,0.00022017862647771835,1.8893996235141985e-05,0.0008484410055990509,9.027868509292603e-05
573,0.0007214312069256934,0.0004484283546189287,0.0005371067672967911,0.0008320133200311053,0.0001901036452851973,0.0005234330892562866,2.9304826303078874e-05,7.128418389045106e-06,5.431845784187317e-05,0.00010158619952727738,0.00027056586957981653,0.00011611729860305786,0.0002851674091620335,0.00014101697747776615,0.0001412220299243927,0.0001372976295076489,8.938829834260337e-06,0.0009485259652137756
574,3.390769959263351e-05,0.00033454278539490553,0.00013204291462898254,0.0005052608951233162,0.00020402827256178757,2.6835128664970398e-05,7.756988877676702e-05,4.625671700485322e-05,1.9099563360214233e-05,0.0002833551439537438,0.0005209596760178698,7.84657895565033e-05,0.00023142234052898197,0.0003177844238634528,0.0001250486820936203,0.0004777748791398584,0.0007228006241827636,0.0003749169409275055
575,0.0012032473505237673,0.00024501891311182536,0.000841991975903511,0.0010757928786148674,0.00023125114788716608,0.00038656406104564667,6.826180819300212e-05,3.665233318016301e-05,4.392117261886597e-06,0.00013308073526458603,0.00033781479238333655,0.0008033774793148041,0.00017132409301435364,0.00137632213294097,0.00017072632908821106,7.901072815952315e-05,0.0006166368616623667,0.0006773807108402252
576,0.0011745546922142247,0.00032245978640652734,0.0001938454806804657,0.0008747374331605773,0.00040783950282357456,0.000740833580493927,2.2805923849823773e-05,7.842846601303064e-05,6.13182783126831e-05,0.0010602533188139238,0.002664848463395557,0.0011032242327928543,0.0009673092786608092,0.001287161393768367,0.00028224848210811615,0.0002749399574584477,0.0013251419207243008,0.0014778673648834229
577,0.0005445649722017332,0.0002089170431601381,3.092549741268158e-05,0.00014113706360957545,0.00038088120401639017,7.923133671283722e-05,2.7665580135480955e-05,3.3872930429527156e-05,1.4975666999816895e-06,0.0016923666805028562,0.002058164507966035,0.00014434382319450378,0.0013222295397617018,0.0007156709078640147,7.528997957706451e-05,0.0004322771202494857,0.0005198630518420365,0.0006572939455509186
578,0.0003776621319511453,3.8626671097757165e-05,0.0001983828842639923,0.0008226496899883529,0.00027291202170693155,0.00018522143363952637,3.94983614932648e-06,1.1195939843716609e-05,4.954636096954346e-06,0.001545675905225849,0.0003042167549983481,0.0001674555242061615,0.001278696815108643,0.0004918989244898711,9.012408554553986e-05,0.00027023311632978775,0.0001542874287061187,0.0002240017056465149
579,0.0004628347583555126,0.00013795399774755787,0.00019305385649204254,4.689149248091051e-05,0.0001022255847012675,0.0005224104970693588,8.116878681371092e-05,4.289153956248018e-05,9.04873013496399e-06,0.0009009276512614295,0.0009174232413691457,0.0004589725285768509,0.0012312297236347636,1.9007220334099628e-05,0.0007152846083045006,0.002271588972061367,0.0005136749904858517,0.0003156140446662903
580,0.0015158004078152931,0.0008624393608204148,0.0006769504398107529,0.0010185057381701945,0.0006169488820265932,3.7964433431625366e-05,6.648506754646996e-05,8.055692613207193e-05,6.454810500144958e-05,0.0014087594522525018,0.0022885110374366475,0.000494588166475296,0.0013196262818820637,9.91164082096152e-05,0.0012575211003422737,0.0019017181874614597,0.0012270771183853259,0.0013186857104301453
581,0.0021201735072902683,0.00011933632344051509,2.3674219846725464e-05,0.0017717303350570923,2.5369857801115642e-05,0.00026532821357250214,6.374482649552579e-05,3.1931018003624216e-05,2.175942063331604e-05,6.717748047510574e-05,0.00044034315143276666,3.606639802455902e-05,0.0005437372277920585,0.00033791599867608046,0.0002360725775361061,8.230714464402267e-05,0.0001977676362026129,0.0003616847097873688
582,0.0013680892491742813,0.0003075897903042253,4.7637149691581726e-05,0.0014425171573369255,0.00042096361201631946,0.0004369467496871948,0.00016481140797546673,7.674190336994218e-05,5.196407437324524e-05,0.0005033882094050909,0.0010402893787661172,0.0003581605851650238,0.0006267974703787066,0.0003836152287253064,0.0009047100320458412,0.0012955159932658278,0.0012045728445105736,0.00034478306770324707
583,0.0001491948354900574,9.66311587573647e-05,0.0003673601895570755,0.0006829715702975359,0.00010784333606456836,4.6176835894584656e-05,5.882660989755574e-05,3.65749699388154e-05,1.5560537576675415e-05,0.0021418435400755165,0.0005045286406026618,0.0006070844829082489,0.002591819481488046,0.0001386733385815575,0.00024311989545822144,0.0011520375120468995,0.00044621096292260867,0.00041650980710983276
584,0.0020095493316049096,0.00013636888865542832,0.001133989542722702,0.001774059928408983,9.614238046815049e-05,0.0013512466102838516,9.885257226793093e-05,5.990792707332056e-07,0.00011275708675384521,0.0029110260237621907,0.00038245685303577547,0.000414503738284111,0.002010475485238701,0.0008590923737104988,0.00012632180005311966,0.00355346856331179,0.00011962186569034958,0.0013052932918071747
585,0.0014725132424532883,9.648534951508386e-05,2.9399991035461426e-05,0.0008867580259933894,0.00026590660864677165,0.0002180691808462143,5.18430983965229e-07,1.020479471403827e-05,3.6988407373428345e-05,0.0013241836153894404,0.0008086665973736969,0.0005112625658512115,0.0010451050228441755,0.0010727141084762304,0.0003439011052250862,0.0014198551239839874,0.0004648909409559858,0.00012236088514328003
586,0.00026343673030340686,0.00037566553164182503,0.00027818605303764343,0.0011785799425210464,0.0003679369088003398,3.5045668482780457e-05,0.00011468135370692675,4.0579622910796734e-05,2.0265579223632812e-06,2.4307551229930946e-05,1.3452664592971536e-05,0.0007237996906042099,0.00026345457587151344,0.0005552446388767535,0.00032807607203722,0.0005629083838688542,0.0006637628628106823,7.935240864753723e-05
587,0.00028402166506477644,2.4304143740161432e-05,1.1770054697990417e-05,0.0003772658908737514,0.00016911017080509932,0.00010619312524795532,1.887604452691441e-05,3.200731424276909e-06,1.2345612049102783e-05,0.00032737897655611,0.0001941451598256195,0.00016659125685691833,0.0001555973186462556,0.0003239240797526244,5.103461444377899e-05,0.0007829590675531017,1.995037512050185e-06,0.00014268606901168823
588,0.0008985564666069701,0.00021785291546087132,0.0006499700248241425,0.0004978375866985796,0.0002329324915235284,0.00048470497131347656,0.0001738930877867445,2.6367289248177724e-05,3.525242209434509e-05,1.8107990752531944e-05,0.0003117503222490464,0.0003666803240776062,0.0003339684315174507,1.825750199908882e-05,4.998501390218735e-05,0.0013211319795913556,0.0004901241460408164,0.000486522912979126
589,0.0009364910863743914,0.0002288550142153338,0.0006474070250988007,0.00033331544909445676,0.0003748046993113721,0.00041803158819675446,7.541829228859334e-05,2.685173669727289e-05,9.145587682723999e-05,0.0005637546782010991,0.00037578276861372634,0.0006459858268499374,0.0008901205018371702,0.0013490971184474537,0.000989546999335289,0.0006802394996009986,0.0003565051995703013,0.0007851943373680115
590,0.0013268647688011448,6.560043148809425e-05,0.0006279665976762772,0.0009448701201877907,0.0003186132023410941,0.0004931129515171051,0.00012182055697892644,3.538419498051921e-05,4.5612454414367676e-05,0.0023110170435596683,0.0006407059459075156,2.8330832719802856e-06,0.002159799844245587,0.0005624567039752768,0.00012372899800539017,0.0026638366236181044,0.0005118675198915006,0.0004923976957798004
591,0.001886584395607599,2.4103691672702765e-05,0.0008280295878648758,0.0011509606219331225,0.00018651238450742222,0.001100633293390274,0.00017233517411626743,3.684128130960638e-05,7.222965359687805e-05,0.0025806580876591226,0.0008451223161653511,0.0005014482885599136,0.002283873537277839,6.417000750522095e-05,6.010662764310837e-05,0.0013079483401852166,0.0005058822313661789,0.0011974088847637177
592,0.00045056824728606504,5.516963620342402e-05,0.00022980943322181702,0.00013957462130664844,1.3888497239725184e-05,0.00032483041286468506,0.0001297919553751442,4.332245335770136e-05,4.86522912979126e-06,0.006022907786018744,0.0029854743024638284,3.3622607588768005e-05,0.005559793816048798,0.0002785314207643455,0.00012701284140348434,0.00046271605059566845,0.0006352527115036505,0.0005772188305854797
593,0.0004876729036921712,0.0002439761577881991,5.412288010120392e-05,0.0007662998607767812,0.0004048366667289624,0.00038376450538635254,7.511336564783658e-05,7.194936243565936e-05,9.510666131973267e-06,0.0030083862047915813,0.001899117900710517,0.00020509213209152222,0.001509966690407899,0.00027617049847068753,0.00028974469751119614,0.0007175953977077154,0.0011119971416726666,0.000330604612827301
594,0.0002959366375805683,0.00023788289450240446,0.0002788696438074112,0.0008626176517778084,0.00013823366931947287,0.00011381320655345917,3.548575700779849e-05,3.8806150343811355e-05,1.87605619430542e-05,0.0029165633485096973,0.0012749995640827204,0.0004872288554906845,0.002961773152404361,0.00132937169805733,7.736310362815857e-05,0.001501038843799568,0.000681817505890395,3.740936517715454e-05
595,0.0029917621971702058,0.00041069176946795585,0.0006766896694898605,0.003341723755794057,0.0005255944667565439,2.771243453025818e-05,1.984333027855653e-05,8.465195462558132e-05,6.573647260665894e-05,0.0034477343798007473,0.0002159418516850583,0.0005587097257375717,0.00266592825331069,0.0009050657577519411,0.00026644859462976456,0.005045053893780932,0.0008835464418788311,7.040798664093018e-07
596,8.880056111243428e-05,7.577378805748852e-06,0.00104597769677639,0.0009785958476196954,0.00038083593288582365,0.0004063807427883148,0.00023605562103544593,5.9624323274370906e-05,5.431473255157471e-06,0.0023354697965476956,0.001971200736563006,0.0006527304649353027,0.0034406926768749332,0.0013472626024012696,0.00018117111176252365,0.00044663063687533366,0.0009935312912627264,4.227086901664734e-05
597,0.00011418615420477618,0.00022958460034575717,0.00034541450440883636,0.0005224312683395349,0.00011053288682084939,0.0007438752800226212,5.736818704384257e-05,5.807927826394525e-05,6.1802566051483154e-06,0.0003298336312664782,0.0008977374466878334,1.2142583727836609e-05,9.963037572646022e-05,0.0001758843372295163,0.0004796339198946953,0.0016009319615026552,0.0008142814926310315,1.306086778640747e-05
598,0.0016192099133729987,3.823597547858437e-05,0.0007386934012174606,0.0018997251763175904,0.0005259985818697674,0.0003605186939239502,0.0002688983086032628,2.5945803686274306e-05,7.343292236328125e-05,0.00029452189862008704,0.0031896097596027777,0.0005409903824329376,0.0004818157848659188,0.0005535587648446555,0.0011576339602470398,0.002245708914880268,0.000691112566216472,0.0015594810247421265
599,0.0006158555189520465,0.000258765916721717,0.00031130947172641754,0.0003060554183319242,0.00011943534398203143,0.00010614097118377686,8.938136946566588e-05,2.7310607432803717e-06,5.693361163139343e-05,0.003558327824166478,0.0014422202949751356,0.00038058310747146606,0.0029019961335541786,6.701576297554052e-05,0.0007382547482848167,0.0005998525023949708,7.312894756447696e-05,0.0008567348122596741
600,0.0018914281502240005,0.00012065525811845446,0.0004116576164960861,0.0027852371842239376,2.319919683469937e-05,0.00039596110582351685,1.050296227180815e-05,0.00010473288173267967,4.450604319572449e-05,0.0005313749565534209,6.845510271850583e-05,0.0003767479211091995,0.00012445118950311224,0.0011850097421671618,0.0007107695564627647,0.002533902329693194,0.0018233415986371963,0.00021297484636306763
601,0.0006673481817898452,0.00015172128900396709,0.0007041599601507187,0.0005926526709798818,1.804940399590879e-05,0.0005617085844278336,0.00010176002135307491,2.164891886885273e-05,5.427747964859009e-05,0.00041418883755456326,0.0017116005543669384,0.0007405374199151993,0.000824730636734064,1.5057108581378875e-05,0.0007562236860394478,0.0023441397769244088,1.6736935967889832e-05,0.001577034592628479
602,0.002089364987192782,0.0002814552096198561,0.00039774179458618164,0.00196691632682644,1.7211225687371184e-05,0.000427858904004097,8.608312617233195e-05,9.994044318819228e-05,7.878243923187256e-05,0.0009945007070068304,0.0022403766006003287,0.0018504466861486435,0.0013740937853388424,0.002404863224525114,0.0006069997325539589,0.0014876116140452866,0.0018754497334887823,0.0013730786740779877
603,0.0003770807957550748,0.0006932987298137148,0.00026219524443149567,0.00013431318408080317,8.62318469413495e-05,0.0005002487450838089,0.0001415099248671739,0.00010469379975398905,3.4611672163009644e-05,0.00040333641063883957,0.0012197158719618253,0.0009624846279621124,0.00014332039641328648,0.0014901017747901077,0.00010490231215953827,5.689382060167225e-05,0.0015551113110787466,0.0005339048802852631
604,0.00012610064636606189,0.00019667429021817673,0.000308183953166008,0.00023788185759743286,0.0001028731914921345,0.0002450309693813324,7.703173539609295e-05,0.00011519140253608861,1.6279518604278564e-05,0.0006863332665707628,0.0011343531235152096,7.442012429237366e-05,0.0004907613945524039,0.0012231231025682035,0.0005703577771782875,0.0022818341923092345,0.0016081148281696742,0.0001753494143486023
605,0.0018657914229857353,2.302628572603202e-05,0.0009311903268098831,0.0015821630522166175,3.491904833685666e-05,0.00026806071400642395,0.00016285908800863294,0.00013144997020977472,8.25151801109314e-06,3.383526493166977e-05,0.0017030025873685378,0.0014540590345859528,0.0007253591185415395,0.0019201315578358698,0.00023597478866577148,0.0016364101193012681,0.0020998229499452907,0.0002111196517944336
606,0.0015986166283085967,0.00060615802673121,8.701346814632416e-05,0.0008115037514839496,0.0007259697387392676,0.0005224365741014481,9.364801999586087e-05,8.721513492377858e-05,3.0431896448135376e-05,0.000658481220579335,0.001589104091540873,0.0012722425162792206,0.0012815032253174624,0.0026894870839164788,0.000594528391957283,5.936700882852586e-05,0.0012023606332111296,0.0006339699029922485
607,0.003492629366711769,0.00021306750748292108,0.0014715883880853653,0.0037050442338712186,0.00010597099508651356,0.0010444242507219315,0.00022600364128916826,4.063560105252922e-05,9.917840361595154e-05,0.001278170455340344,0.0006089476065022116,0.00013020262122154236,0.0010954975317296195,0.0010042378179587336,0.000443972647190094,0.004007262330610328,0.0006251415277559018,0.0007079616189002991
608,8.570551797990045e-05,0.0004709615307240851,6.562657654285431e-05,0.0007642116689024758,0.0004377141453072442,0.00043433718383312225,8.76802629717257e-05,7.76019051217828e-05,2.9869377613067627e-05,3.4980426342819115e-05,0.0009307374168432969,0.000819692388176918,0.0009491093482197135,0.001890251305429639,8.253753185272217e-05,0.0009143457206794714,0.0011800016172924235,1.4696270227432251e-05
609,0.0009795807192319872,8.989201487216367e-05,0.0005822796374559402,0.0011713868260452565,0.000369050095431981,0.0009650252759456635,6.77698183673206e-05,2.7433496896592713e-05,4.159659147262573e-05,1.094854161998171e-06,0.001014537191554029,0.00042689405381679535,0.0007344476616521281,0.0015017594066401366,0.0008570495992898941,0.0021754471280693577,0.00022067572109450289,0.00034084171056747437
610,0.003576796183502595,0.0005245544256969395,0.0004648324102163315,0.0034807922697353832,0.00048390921379513896,0.0015359148383140564,6.76826486946825e-05,0.00014496666268941642,0.0001495257019996643,0.0030736338312219724,0.0003287414840554212,0.0021794047206640244,0.0033377890699954754,0.0023454927752145915,0.000682516023516655,0.004123958005621348,0.0024436278345867264,0.0017803236842155457
611,0.0006972185903289796,0.00037384980480840296,0.0009178407490253448,0.0005962827877443455,0.0001350250193693052,0.0010541658848524094,0.0001786775579717438,7.825078680651933e-06,7.173791527748108e-05,0.0015918476196427056,0.0018445590117330546,0.00020443089306354523,0.0018772139392879902,0.0001325816500725753,0.00014450214803218842,9.343941191441996e-05,0.00033174223790602983,0.0018138326704502106
612,0.0002957046906969796,7.877510609513583e-05,0.0007194969803094864,0.00017325282856431312,3.236103657917877e-05,0.00010868161916732788,0.00023581016188319558,9.833531970442872e-05,3.0193477869033813e-05,0.001273444906995852,0.00028221159435478163,0.0013389736413955688,0.0015086444389941014,0.0018154705751140393,0.00027856603264808655,0.0007964231677741185,0.0019857703728529312,8.735805749893188e-06
613,0.00033341287156432586,4.452628560804375e-05,0.0001231227070093155,9.881884546453223e-06,0.00016403534071847067,0.00063326396048069,3.532414225086884e-05,6.340315539864883e-05,2.2016465663909912e-05,0.0002554875452166275,0.0005448206239884283,0.00034036673605442047,0.00022977388174402757,0.0008151383487133394,0.0001343321055173874,0.0009551790658982595,0.0009052239017191318,0.00011940672993659973
614,0.0007485627423336749,0.00010280070667307087,0.0006234943866729736,0.0006315138212955596,3.486106769526667e-05,0.00013970397412776947,1.736791114143564e-05,4.850784273402941e-05,0.0001321732997894287,3.993383226840591e-05,0.0009197998152798807,0.00141866784542799,0.000421437510658422,1.7386903790213987e-05,0.002213524654507637,0.0006349715631475128,0.0008221013811505837,0.00205143541097641
615,0.0017634699948930466,1.0262444043604435e-05,0.0010441392660140991,0.0019556608177525303,0.00023640897928095192,0.0006008166819810867,8.008954371492745e-05,4.1371860559202736e-05,4.200637340545654e-05,0.0005587105459515657,0.0012593428985265068,0.0005362154915928841,2.689759434611194e-05,0.0002638556858152036,5.494803190231323e-05,0.00080565101446603,0.0006120823194699547,0.0002404637634754181
616,0.001035057456348104,4.784017735703222e-05,0.0003146268427371979,0.0006282310081366649,0.00022849000862736404,0.0005778651684522629,7.431531282200109e-05,6.300837203901356e-06,6.908923387527466e-05,0.0021663455455046693,0.00046232728680858926,0.0012365859001874924,0.0015419730408596302,0.0006548423490308555,0.0008440837264060974,0.0011879687488850488,0.0002668955614174946,0.0011589527130126953
617,0.002496370985711288,7.846985665254172e-05,0.0009319651871919632,0.00230738808839856,0.0004318222831855949,0.00141155906021595,0.00017445589714629173,6.148890637238129e-05,9.702146053314209e-05,0.0021164639142983374,0.0008086832450115364,0.0005052192136645317,0.0017607174989043503,0.0008947890758948633,0.00021178275346755981,0.0036609013068476526,0.0010570082432706848,0.0015178956091403961
618,0.001677229697637811,1.5952857466434295e-05,0.0007623489946126938,0.0014261686898988657,2.6693020075668067e-05,0.0003567822277545929,0.00013588813758906929,3.063540807914165e-05,6.318092346191406e-05,0.0014483588870392097,0.0005676766744802872,0.00023092981427907944,0.001687074604213322,0.00034950176545116285,0.0007596667855978012,0.0024653674892151367,0.0003636981986554575,0.000989764928817749
619,0.0015208227625202742,0.0002733408746551716,0.0005124956369400024,0.0008711608824349404,0.0004937198557972977,0.0011632200330495834,6.686396095219836e-05,6.0376021316425085e-05,9.277462959289551e-05,0.001911173027464727,0.0010192008863731464,0.0014112042263150215,0.0017008525517193049,0.00036348215667125067,0.0005468465387821198,0.0010991962689888835,0.0004111773970320986,0.002093035727739334
620,0.0015205807366354407,0.0002784174839134748,0.0007231626659631729,0.002336728644510344,0.0001403717001220925,0.0008352063596248627,0.00010186560946115822,1.87968666671628e-05,4.3239444494247437e-05,0.0012514852139884555,5.967587873262348e-05,0.00011063367128372192,0.0014583001287649597,0.00023948332960642069,0.00020494498312473297,0.0022113917389619264,0.00042954237012590886,0.00040570273995399475
621,0.0008012634524509621,0.00026150037294776426,0.00029579922556877136,0.0008963490902737514,0.0006583467136719069,0.00021814927458763123,3.0395003297382234e-05,2.4287995011502235e-05,1.6469508409500122e-05,0.0009388258154948634,0.00036791019804276875,0.00018259137868881226,0.0007034702650271993,0.0016888891402536618,8.109956979751587e-06,0.00302654985687692,6.587493247533181e-05,0.0003894604742527008
622,0.0018041930860865918,9.01965725347044e-05,0.00030338019132614136,0.002422093206545073,0.00031628699799629567,0.00016877241432666779,0.00010042049943675448,3.649317311336139e-05,1.3336539268493652e-06,0.0002881266494418333,0.0004410594608756993,0.0005336161702871323,0.00027613756065128503,2.4981369053180685e-05,0.0002584736794233322,0.0007649261547923447,0.0005970515494939151,0.0004354938864707947
623,0.0007215484163080321,0.000337961099979113,0.0005465410649776459,0.0009557602164503021,7.000345222640814e-05,0.0007130242884159088,0.00020141355907498867,2.0866338171011078e-05,5.8736652135849e-05,0.0007122037265705275,0.0001448049489870054,0.000520254485309124,0.0010802902607691886,0.00172842184387733,0.00023028254508972168,0.0008294208540274017,0.0004469519970998169,0.0017595142126083374
624,0.0001405237201049514,8.59131647161504e-05,8.544698357582092e-05,0.0007289217390821223,0.00028298277121881904,0.00031773559749126434,3.4529128114796706e-05,4.3812453569393585e-05,4.858151078224182e-05,0.0027417056509579513,0.00021643944982961683,0.001009657047688961,0.002079079107108431,0.000554747614946071,0.0005216784775257111,0.001703675593145909,0.0008294053886429391,0.0011894255876541138
625,0.001278817151886713,9.228000240564874e-05,0.0003006700426340103,0.0024972273522491095,4.042419606103964e-05,4.789605736732483e-05,5.395308195053558e-05,6.271158622389605e-05,3.038346767425537e-05,0.001955739135419035,0.0016220471510588821,7.809046655893326e-05,0.0025719727510519624,0.0020045504226290853,0.00044633448123931885,0.00041304672095757167,0.0007184388098567824,0.0012768357992172241
626,0.0009427274289685317,0.00011395702066099508,7.19074159860611e-05,0.0007343225271573828,0.0005893870401915691,0.0002716965973377228,4.917113496099787e-05,1.1912641397715637e-05,3.8780272006988525e-06,0.0009342773073180641,0.0007898172394366909,0.0005110539495944977,0.0008971409210298056,0.000585886096201603,0.0008575189858675003,0.0007738381080712731,2.404986748176692e-05,0.0012172497808933258
627,0.0016807000192561317,0.000185797877542377,0.0008531827479600906,0.0016164177075540243,0.0004027573834115561,0.0004448406398296356,4.037536193967836e-06,4.4993355489477815e-05,2.9962509870529175e-05,0.0004238833066251696,0.00014476122885922343,0.00034783780574798584,0.0005156603795732073,0.0014897808651522862,0.0001276545226573944,0.0019297337919343405,0.00036597089344970676,0.0001529604196548462
628,0.0002483814969823639,0.0004330352107722868,0.00020658038556575775,0.00027669356989104554,0.0006089785314066787,0.00016855821013450623,2.9442775108726518e-05,4.836522050985373e-07,2.2627413272857666e-05,0.000656753267824231,0.0008402549786077976,0.0006832201033830643,0.00042457391603786115,0.001028441152089006,0.0006409268826246262,0.0013490557167507022,0.00020834301349707124,8.548051118850708e-05
629,0.0003930405933726122,0.00028160272532622155,0.0001750495284795761,0.00043619194362154445,0.00012366618372074492,0.0006851106882095337,8.268594510724148e-06,2.946352395914861e-05,2.773478627204895e-05,0.0023826244828516197,0.00010949524917236442,7.884297519922256e-05,0.0029504173176749734,0.0025882813363501712,0.0007259361445903778,0.0015002967809178702,0.00037288384714658125,0.0004446357488632202
630,0.0013963094236720541,0.0002873609088464256,0.000751931220293045,0.0010223498280882426,0.0004729487065676212,0.0007518306374549866,7.493217761368742e-05,1.2318834739082096e-05,4.7326087951660156e-05,0.0009051822585734726,0.00032086125653738723,5.730148404836655e-05,0.0011847834095512974,0.0023113340860946574,0.00010664574801921844,0.0007423424848020388,0.0003981178216710488,0.0004826374351978302
631,0.00013675576298310954,2.9782428221970803e-06,0.0002710726112127304,0.00046700808063318555,0.00011170231680476816,0.000316103920340538,8.598692853598218e-05,2.135685440444806e-05,2.7127563953399658e-05,0.0012519930343844535,0.0017246257296768194,0.0002176184207201004,0.0010554566823165398,0.0005935874201135616,0.0003105420619249344,0.0005502922026451862,0.0007484086860076646,0.0006071552634239197
632,0.0001309452629122687,9.124961944263765e-05,0.0004105959087610245,0.0006679287954143853,0.0003438188622280902,0.0010639261454343796,9.083151839230086e-05,6.89382698653724e-05,8.545070886611938e-05,0.0018362318492596147,0.0006058498190645509,0.0011844271793961525,0.0016920830365858008,0.002189618850487591,0.0003520417958498001,0.0013045453613009794,0.0013136873415378787,0.0013971813023090363
633,6.3513149664296e-06,0.00011698314452784561,0.0005827154964208603,0.00034793668355320717,2.5526494796604404e-06,0.00024007819592952728,3.58726629072284e-05,6.447712114436349e-05,3.329664468765259e-05,0.0001736994061219202,0.0011666475200988666,2.275872975587845e-05,0.00028329876991078917,0.0012158504721330506,0.00045813247561454773,0.0010039738361781736,0.0007363871695912506,0.0009341277182102203
634,0.0002871549881422464,0.00013990457573790152,0.000554647296667099,0.0002530813752933403,0.00017416147127871998,0.000638917088508606,4.0874260729784756e-05,2.7533310530681405e-05,7.544085383415222e-05,0.0005517663605048642,6.533420979316917e-06,0.0003069806843996048,0.0002564646571601645,0.0020528636764489943,0.00021379627287387848,0.0004745564328076102,0.00023086785713694047,0.0012098923325538635
635,0.00030459900874682533,0.0005489163251494282,0.0007644873112440109,5.1488852096520654e-05,0.00012136065998876941,0.001049155369400978,0.00020214483548635677,4.430109505336693e-05,2.6289373636245728e-05,0.0012816079011106485,0.0028321099376314926,0.0002731550484895706,0.0007280852315082534,0.0007658632369915257,0.0005474705249071121,0.0003018479909652483,0.0005797077000723287,0.00043256208300590515
636,0.0009426325788278456,0.00019170599908168232,0.00015557743608951569,0.00024984637278804844,0.0001354027693526265,0.0007179304957389832,0.00011853955151772295,5.2046726874827075e-05,5.926936864852905e-06,0.002341903542488734,0.0011118896173961529,0.0002144528552889824,0.0019580049257166138,0.0001292610817289399,0.0005427133291959763,0.0012711076990664094,0.0006059660057124716,5.175545811653137e-05
637,0.0010128622139417842,0.00037090533233897355,0.0001926366239786148,0.0001959578023735531,0.00041096912935444443,0.0005302149802446365,0.0001548247517496812,4.276014621642458e-05,3.6582350730895996e-06,0.0011897719961702288,0.001210572908146551,0.00015478674322366714,0.0006814960837055462,0.0009219247310827423,0.0007679127156734467,0.0025567653852074657,0.0006884061066901072,0.0006223656237125397
638,0.002070943150090654,0.00023383000085381786,0.00021107308566570282,0.001278325093635152,0.0006029184019409536,0.000643949955701828,7.775107094504588e-05,6.412719249959697e-05,1.3787299394607544e-05,0.0020863026571492915,0.0010553560022321176,6.014388054609299e-05,0.000551455228666807,0.00045185239801255606,0.0005819853395223618,0.001676838684759041,0.0010464042823438435,0.00013254955410957336
639,0.00444785415923038,0.0007406105827121971,0.0006781741976737976,0.0032753703455483396,0.0012101176985210502,0.00027409009635448456,7.020712481789482e-05,0.00016362741372404023,0.0001167692244052887,0.001419159746377345,0.0004175937956491238,0.002369294874370098,0.0015526842956155515,0.0032600116742209743,0.0012314096093177795,0.003957069608231306,0.002410222203131286,0.0015644393861293793
640,0.0006450763564074813,2.6210430646100846e-05,0.0009690951555967331,0.00015204251884282094,0.00031501704585368967,0.0013638045638799667,0.00026203736919710487,3.120099417603956e-05,4.65884804725647e-05,0.0027987627436383555,0.0012692421220281275,0.0004011932760477066,0.0020465395225954877,0.0008775284715961873,0.0009525809437036514,0.0005207020608594681,0.0001985318692910333,0.0011103525757789612
641,0.0022021019368808903,7.961251916145662e-05,0.0006692185997962952,0.0007417768985216178,2.8762880101371874e-05,0.0005909092724323273,3.3366766213944674e-05,3.177567700747997e-06,2.855062484741211e-05,0.0007905278014451039,0.0013534784088681667,6.928108632564545e-05,0.0008594817384883768,0.0008739715628647421,4.4133514165878296e-05,0.0021591976845677097,6.689737456463257e-05,0.000269521027803421
642,0.00027235753151097497,1.6728264669904624e-05,7.487274706363678e-05,0.0008842017441251515,0.00011802515085459347,0.000100722536444664,0.00019339982981166244,8.47592968205896e-06,2.446398138999939e-05,0.0005980292163027118,0.0023647563246485537,0.0003832196816802025,0.0008368738783487012,0.0007286684810892726,0.00023143552243709564,0.00044522660068063713,3.1301110080848155e-05,0.0018029138445854187
643,0.00031224640683544247,0.0005104447180324795,0.0003209933638572693,0.001663555946984141,0.00020628870968007404,0.00012869574129581451,7.810476748833055e-05,4.672110395261778e-06,9.748339653015137e-05,0.0030292818792554688,0.003047743647621483,0.0014322157949209213,0.0024719528699645096,0.00022175874116569985,0.001270841807126999,7.882688083044043e-05,2.2970387829796685e-05,0.00253504142165184
644,0.000548891318280037,0.0006997181629036162,0.0006264336407184601,0.0007811672317363516,0.0005011537780174775,0.00014372728765010834,4.946943744478863e-06,5.246227178941484e-05,8.822977542877197e-05,0.0006276612297641676,0.0005443932550199745,0.0007874658331274986,0.0008766069943494659,0.0010684357144530744,0.0014087483286857605,0.000579217364199025,0.00091867128116499,0.001843094825744629
645,0.0010331714671128756,1.3282176513002009e-05,0.0001669507473707199,0.0003529021786722042,0.00019342415792161435,0.0001810658723115921,2.7473334307680577e-05,1.8785760468441586e-05,4.215538501739502e-05,0.002459414676998027,0.0006123119217582504,0.0002553919330239296,0.0021621003580740636,0.0007979084687565613,0.00024712085723876953,0.0012136913702013308,0.00046494327446079675,0.0009389966726303101
646,0.0035183837208067337,0.00017437068751484375,0.0003154631704092026,0.0030777244503339407,1.958818617861166e-05,0.0006012190133333206,1.0066314861749068e-05,2.018948215220303e-05,1.8402934074401855e-05,0.0015743213871784387,0.0004942829618186165,0.00011336617171764374,0.000784292331400753,0.00016509185701081217,0.0004529990255832672,0.0018649748795645793,0.0003044701199843014,0.00017079338431358337
647,0.0013208637674989865,0.00010160969046162094,0.0012333113700151443,0.0014184988058351944,2.5256753641136886e-05,0.0013275891542434692,0.00029521216045999554,1.44499885478158e-05,0.00011042878031730652,0.002201403622208553,0.0002149538189721925,0.0006033675745129585,0.0014619497350431276,0.0006126192186383383,0.0003600362688302994,0.0035331786899715223,0.00012448700118199152,0.0022888556122779846
648,5.981456148554387e-05,3.452529674661045e-05,0.00011884793639183044,0.0003125286421397644,1.3999929899081998e-05,0.00028084032237529755,4.99573966840014e-06,8.068994563735152e-06,2.1792948246002197e-06,0.00016223194965696297,0.0007601368282027024,0.00044152140617370605,0.000365194967321944,0.00027075213390112193,0.00030341558158397675,0.0015018701034712478,0.00035614251829937243,0.0008732788264751434
649,6.71876375422098e-05,2.8926804971064063e-05,0.0008956976234912872,0.00015664320661840092,2.1906281617321832e-05,0.001134360209107399,5.2811112610056526e-05,3.444534913536637e-05,0.00010387971997261047,0.0007969469172722371,0.0004200586079306304,0.0008971509523689747,0.0004875026966526669,2.078152779034885e-05,0.0005572289228439331,0.0016571546616471755,0.000702100592685842,0.001229066401720047
650,0.00016937691463769777,0.0005739300402607429,0.0004217959940433502,0.0012389262888967134,0.00031694929428648794,0.00037063565105199814,1.2115323314128984e-05,1.5328644198989725e-05,3.1013041734695435e-05,0.0043323526260811845,0.0018303717804234593,0.00015791971236467361,0.00406659625718702,0.0007671802791662536,1.6279518604278564e-06,0.001865579477028645,0.0006038258483911166,0.0006406269967556
651,0.002082313771776756,0.0015660148572985595,0.0007039997726678848,0.0004937757628831196,0.0003500295869677296,0.0003793705254793167,0.00021325361238731105,3.9497251339260485e-05,1.7996877431869507e-05,0.0007451707428257348,0.0019804787518850273,0.0017172894440591335,0.0014405851445120355,0.0028335962429394176,0.0012624431401491165,0.0012981164015108682,0.0012359657642998512,0.000224284827709198
652,0.002661218622775824,0.0001599507523948676,0.0012899655848741531,0.0027393704671792862,0.0009369601960906547,0.001985258422791958,0.0001647955903116994,6.323198817325933e-05,0.0001733638346195221,0.0015705441025341688,0.001147335392017522,0.0009933440014719963,0.0018550905869901962,0.0003414089464017535,0.0001024194061756134,0.0010229851427637493,0.0011344892606180504,0.002508796751499176
653,0.0003995834506412832,0.0010535322506488795,0.0022222623229026794,0.00038850021693059844,0.0008185314587666574,0.0016194265335798264,0.000260815844277203,0.00017927785931043513,1.3198703527450562e-05,0.002372582505120388,0.0008633529994836464,0.0031174970790743828,0.0011990566618961251,0.006704161418737276,0.002305196598172188,0.005170357710331225,0.002523234374499028,0.0008675158023834229
654,0.0017872666790574865,0.0008977051848938419,0.0013681519776582718,0.002829381285583077,0.0011019607203545945,0.0010758638381958008,0.0003961141420141881,0.00010240966873608325,0.00020292401313781738,0.006653782698790661,6.32805799349323e-05,0.002341511659324169,0.0066922158341456844,0.0038462685153693443,0.002647995948791504,0.00031183838654294527,0.002281272202838953,0.004580255597829819
655,0.0012133157449117637,0.00024978790565804293,0.00014628469944000244,0.0016057327014918632,0.0005172770671841992,0.000284525565803051,0.0001243903700710973,2.7137202723102514e-05,3.759562969207764e-05,0.00041694315221937894,0.00042508262129101193,0.0009784139692783356,0.00020492553948237013,0.0016755577803980251,0.0011073872447013855,9.15007802843315e-05,0.0006834699551704956,0.0010501407086849213
656,0.0009774006201237473,0.00021671636285566093,7.559359073638916e-05,0.0004021866877755298,0.00041984133014087016,0.0003780750557780266,2.6743790122032984e-05,1.9840984639586364e-05,4.373490810394287e-06,0.003003598624653478,8.889727440598155e-05,0.00019062403589487076,0.004057300839168575,0.0016145580734122818,0.00018730387091636658,0.0013950305885798153,1.8098559321531177e-05,0.00033959001302719116
657,0.00035214975139410964,6.767989986574893e-05,0.0002887565642595291,1.1560895461504295e-06,0.00024735282138806797,0.0008815797045826912,5.4277788407577215e-05,8.46796682271245e-05,6.923824548721313e-05,0.0002835140296979233,0.001480403958984508,0.0011161593720316887,0.0006855465761776425,0.0013107480619297882,0.00017864257097244263,0.0004414171929867372,0.0010696344619366277,0.001441802829504013
658,0.002618453577718921,0.00036826477377010017,0.0014278478920459747,0.0025497802695405025,0.00020276384368179967,0.000904615968465805,0.00019323323843132428,0.00015599448261740373,0.0001008063554763794,0.001146472204062693,0.0009266429024441594,0.0002674851566553116,0.0004255293035588942,0.0020151799594436345,0.0008069463074207306,0.0019249426179623608,0.002403030469075345,0.002275437116622925
659,0.001928066042103882,0.0002666632318083992,1.2166798114776611e-05,0.0018553262558028416,0.0004364607077779331,0.0006745895370841026,5.4227429243696584e-05,4.264609059540696e-05,1.7374753952026367e-05,0.001144660067687972,0.0017310098606098528,0.0002763606607913971,0.0007493563132429937,0.0010397269142209085,0.0006640180945396423,0.0004051943028758609,0.000702689586545519,0.0006306283175945282
660,0.00038257007228065243,2.884685414773075e-05,0.00017068348824977875,0.0006375184825408442,0.00017605244151668725,0.000364888459444046,2.8825502568073647e-05,6.354529178387357e-05,7.95908272266388e-05,0.0008564322230924237,0.0004228396333927839,0.0013798698782920837,0.0004826848224940908,0.0014942863937411344,0.0006894730031490326,0.0004543577032374013,0.0010571457475130504,0.000873032957315445
661,0.0005963005537344135,0.00017099378671495136,2.2755935788154602e-05,0.0007590808647862657,9.226888160672117e-05,0.0007810741662979126,4.538385346759474e-05,4.8324278412791716e-05,3.172829747200012e-05,0.0016800145923226012,0.0008872581635015961,0.0008470127359032631,0.0032967977089129533,0.0003664838571271131,0.00010608881711959839,0.0005243642460505682,0.0004889224050560123,0.00024673715233802795
662,0.0001754739818280726,0.0007951691099330575,0.0004516337066888809,9.778130651086347e-05,0.0005570962114377354,0.0012420490384101868,4.2823662509402366e-05,7.693050626725014e-05,2.4031847715377808e-05,0.0012344651997400896,0.00045531995413303217,0.0006837258115410805,0.002230298062532783,0.00036037226871566547,0.000363033264875412,0.0013520947977059827,0.0007663427589992226,0.0008633695542812347
663,0.0011929809476087239,0.00020889536324701294,0.0010697096586227417,0.0007568090808249273,0.0002461442027712722,2.7379021048545837e-05,6.250399402829565e-06,3.2683359483584e-05,0.0001378282904624939,0.0007991490030380966,0.0027158517908525623,0.0012061959132552147,0.0032452561097834065,0.004443710027421981,0.0025582872331142426,0.0020461978647325907,0.00047108691908342125,0.000888969749212265
664,0.0007591555577479148,0.00021522993483167122,0.00031139515340328217,0.0010816938502486162,0.00020019860764875982,0.00017660856246948242,9.190935042245954e-05,6.155930776264153e-06,7.018446922302246e-06,0.0028664950988969706,0.0007574777340467742,9.671133011579514e-05,0.0036605777511429655,0.0004190534864359288,0.00013868696987628937,0.0009293138372059861,0.00012835438403152512,0.0005269423127174377
665,0.0014675865657485243,0.00021260347268873755,0.0005200505256652832,0.0016467312820767632,0.00010122990336445051,0.0003281533718109131,3.301799031675892e-05,3.311749427569577e-05,9.313225746154785e-06,0.0011736724926871278,0.0006720846153835738,0.00044526904821395874,0.0021194114349465804,0.0003325792642517138,0.0006791213527321815,0.0008188169212741958,0.0006029497685680566,0.0008173622190952301
666,0.00011060186470915334,0.0003097717678511164,0.00011231750249862671,0.00026496587469707067,0.00010400043299954934,2.7982518076896667e-05,2.2094744983464087e-05,2.927880074972644e-05,2.0850449800491333e-05,0.001753810145433063,7.875377331421213e-05,0.0008599888533353806,0.0011713105578656374,0.0009974326733548297,0.0007938072085380554,0.0006786108836802363,0.0006001822820226078,0.0005361810326576233
667,0.0008214192242292362,0.0001397158990880075,0.0002653021365404129,0.0007213401742761916,0.00014344540502287534,0.0006164386868476868,4.808199254921486e-05,6.266027450579854e-05,7.671117782592773e-05,0.0020821971857311883,5.497740296134257e-05,0.0014347070828080177,0.0016273970724507286,0.0007429887650536697,0.0009757690131664276,0.0018422283032203113,0.001479101476203954,0.0012551061809062958
668,0.0011611779841122494,0.00013422098566116467,0.0003325473517179489,0.0007952664528149411,0.0002554347688077836,0.0002570357173681259,0.00010781838814769712,6.626837175486514e-06,3.039836883544922e-05,0.0023189429264222072,0.001134210869136041,7.508974522352219e-05,0.0021984326109067143,0.0004954903852413643,0.00018844753503799438,0.002409827119873781,4.017444708927101e-05,0.000226486474275589
669,0.0011757671028826133,0.0001350003034900904,0.00016772188246250153,0.0006401794766715263,5.575755898529211e-05,0.00037741102278232574,1.2044568436949538e-05,2.9101733433717207e-05,3.706291317939758e-05,0.00010916096022429989,0.0006673469519599684,0.0007138047367334366,0.0001924983568403621,0.0003384186449575631,0.0004914971068501472,0.001939872784325558,0.0004172410960462435,0.0004992522299289703
670,0.0018637205565347759,8.272951351776317e-05,0.0009270943701267242,0.0012350283819540508,0.0003087152138607635,0.0011718887835741043,0.0001544359417260284,1.1706753676005068e-05,9.70698893070221e-05,0.001248772537877585,0.0017558553672011902,0.0007544159889221191,0.0007178461724795526,0.0009769259655464692,0.0003793928772211075,0.003630302029204585,0.00017577249929036408,0.0017390623688697815
671,0.0011101165052499473,0.0004741084725910505,0.001404857262969017,1.3884077859349642e-05,0.00058882949965193,0.0008848514407873154,0.0002648564029466907,5.264935677601795e-05,6.521493196487427e-05,0.0028952091049019857,0.0016435293752638733,0.000675673596560955,0.0024535940890178937,0.0005464325137319592,0.0014731548726558685,0.0013460658885683652,0.0009569204140868351,0.0017209462821483612
672,0.00256292277591863,0.0004185008186206318,0.0007401332259178162,0.0024179177637411176,0.00014329187050612577,0.0010888203978538513,0.00023589055217344487,2.7410697959607926e-06,4.9836933612823486e-05,0.0019483913918913742,0.0003105762106102687,0.0007605860009789467,0.0006223466732958732,0.0014368295744877808,0.0011779479682445526,0.00512363501412344,0.00016729136469690242,0.00034582242369651794
673,0.0009909618967863798,0.00021246942253737647,0.0004113689064979553,0.0006721575807709379,0.00012035059546518234,0.00025864504277706146,8.519545459083344e-05,5.365769563110185e-05,7.081776857376099e-06,0.0021200137987208365,0.000867823232425867,0.0008260598406195641,0.0013620443144952143,0.001595375890191434,0.0005064923316240311,0.0018725640894841633,0.0009101157478235773,0.001056808978319168
674,0.00080598562697623,7.744614033632774e-05,0.00020349398255348206,0.001752315993842457,0.00033685292420659527,0.00015762820839881897,1.2650514453947659e-05,1.6834674357361695e-05,1.7404556274414062e-05,0.0028566718281960238,0.0003867436213242578,0.00012287218123674393,0.0019604529066722665,0.0004489529844889338,8.629262447357178e-05,0.00031551749319458366,0.00021648642314016885,3.341585397720337e-06
675,0.0018581059483158413,9.795562473338335e-05,0.0003652889281511307,0.001872547290835358,0.00021771150970988085,0.0002771969884634018,0.00015558362552584894,1.5971911698610744e-05,3.2160431146621704e-05,2.5397909329746837e-05,0.0008101866203764248,2.7123838663101196e-05,0.0007279488053585081,4.975762677422377e-05,0.0001707654446363449,0.001378483901123495,0.00015167512027546015,0.0002595745027065277
676,0.0013638804340440902,0.00012014983326001996,0.0010265707969665527,0.001511949567836901,1.306602019681205e-05,0.0010707937180995941,0.0001239973983689583,1.656340779810061e-05,6.901100277900696e-05,0.006081083729591458,2.714294218374852e-05,9.270384907722473e-05,0.00528018673542878,0.00026125289131769674,0.0002039056271314621,0.003986126616071839,0.0002643290642700734,0.0005308613181114197
677,0.0006223337496591708,0.00013001170621929417,0.0005358122289180756,0.0004961868168268935,2.564018337329263e-05,0.0006578490138053894,2.008969810969423e-05,2.0241350667221116e-05,4.3179839849472046e-05,0.0022715615441721224,9.205135172053736e-05,0.00017917994409799576,0.0019545240211284107,0.00035433079818460167,1.171790063381195e-05,0.0010018497864258957,0.0003486878497395681,0.0005913116037845612
678,0.002452654284508249,0.00018322712192974863,0.000732002779841423,0.0023581744515297487,0.00014770560671847205,0.0008498169481754303,9.904904692288954e-05,3.207584120510845e-05,0.0001040920615196228,0.001091222799460105,0.0011475901174888524,0.0007928702980279922,0.0012996327992499251,0.0002786475250383183,0.0006521772593259811,0.003272960216394366,0.0006563529418291162,0.0018943734467029572
679,0.0007922695317697515,0.00026340268492724625,3.380700945854187e-05,0.0008423857859460038,0.0002962314313667072,0.00047532469034194946,1.3377230183748978e-06,9.46827366740409e-05,2.761930227279663e-05,0.0008003858856607884,0.0003853138106960641,0.0003328099846839905,0.00021766513257791276,0.0015670076851448562,0.0004587098956108093,0.00019611992129572875,0.0016450167194777899,0.00048562511801719666
680,0.0014672580250440492,1.8998760788892927e-05,0.00043504126369953156,0.0008600663551473764,0.0002819243111563986,0.00016087666153907776,4.511032126668091e-06,2.283011923838815e-05,3.811344504356384e-05,0.00024466130293844535,0.0017396617905100532,3.8117170333862305e-05,0.0010046639497734364,0.0025486081446312453,0.000718994066119194,0.0021883207539357963,3.088252612840764e-05,0.0006194338202476501
681,0.0009670881703360001,0.00010203440525870591,0.0004924051463603973,0.0010039223105803574,0.0006137990453148265,0.0009702425450086594,0.0002232656248881866,6.998741038192097e-05,4.233419895172119e-05,0.0019856273779722683,0.000248246840793484,0.00021777860820293427,0.0020653013852113614,0.0004280251076766335,0.00042943283915519714,0.0024496912346133604,0.0009617436873670285,0.00045854970812797546
682,0.0012083909983772734,0.00015810722117031578,1.0151416063308716e-06,0.0005185867156409507,0.00020645551956400068,0.00044650956988334656,4.334797733936829e-05,0.00010190039696605539,5.010142922401428e-05,0.0005705271520969682,0.0009370137198597833,0.0010468987748026848,0.0012678848281632363,0.001666093930456393,0.00043382495641708374,0.00043001087370039826,0.0016475812975101796,0.0008606426417827606
683,0.00010175383121802106,0.0002681952746327078,0.0007482878863811493,0.0003411912882460566,7.960027847188356e-05,0.0013057254254817963,0.0002248249180806898,4.685488018822437e-05,5.4020434617996216e-05,0.00044014638529562417,0.00026084171757347063,0.0003505982458591461,0.001343950310652972,0.0010551474874731133,0.00047064758837223053,0.00047266581705759925,0.0006023793133671518,0.0014095790684223175
684,0.0007348145268862849,0.00010299834177093445,0.0007668863981962204,0.0005414467571167314,0.0002708574889714495,0.0008616875857114792,0.0003215548652180135,1.287610132586674e-05,8.082389831542969e-05,0.00013531932508895061,0.0002383892772445037,0.0010545654222369194,0.0007279245607099138,0.00141319128555421,0.0008709114044904709,0.0010723095746175415,3.267627210763735e-06,0.001917090266942978
685,0.0004194905415960959,0.0005237416684037814,3.36766242980957e-05,6.400957846514066e-06,0.0003783370819792249,0.0008458085358142853,0.00016888853208152713,6.967966844161218e-05,3.3292919397354126e-05,0.0004973839612611997,0.0018080028280731061,0.00016239657998085022,0.0005787065216769083,0.00033990861228117356,0.0013822466135025024,0.0023740266524699127,0.00139441089495374,0.00037506595253944397
686,0.0013603011432142265,0.00018257358333039625,0.0001927558332681656,0.0004312355318604466,9.387051572158286e-05,9.838491678237915e-06,0.000218815354629533,3.6307887350953746e-06,5.2712857723236084e-05,0.0006124411335688765,0.002316690774759371,3.884918987751007e-05,0.0012788160331694068,0.002073486609530325,0.00030282698571681976,3.381591891568614e-05,0.0001602938948665738,0.00041675567626953125
687,0.0009485901648727257,0.0003032576063554601,0.00018808990716934204,0.0016225763055439657,2.8368410296280427e-05,0.0005772039294242859,0.00016065416459841615,3.772962286543015e-05,5.364418029785156e-06,0.0021605392702276627,0.0017067126461955198,1.5469267964363098e-05,0.0004035600875331516,0.0026188254510862187,0.0005709249526262283,0.0013150122026723554,0.000757239761798003,0.00011471286416053772
688,0.0017398400002569536,1.758128624988059e-05,0.0005691889673471451,0.0017314956984241514,0.00029151438310622696,0.0004342738538980484,0.0001813398594420184,9.638375169350954e-06,5.848705768585205e-06,0.0017649214997257287,0.0026280312176511222,0.0011076107621192932,0.0006793293961945834,0.0009594192471592718,0.0011035222560167313,0.0024992946119130888,8.137227696033977e-07,4.887580871582031e-05
689,0.0008506750773954186,0.0001411686161097818,8.80807638168335e-05,0.00020124472362795243,1.2199865496352602e-05,0.0003692563623189926,2.480015484555148e-05,3.243277270906133e-05,3.929436206817627e-05,0.0005817648853356366,0.0011110455195802726,0.0006660567596554756,0.00032823915532441406,0.0012238210711830975,3.273040056228638e-05,0.00012922484958546865,0.0007101250776906775,2.5723129510879517e-05
690,0.0021771957095803873,2.9691655202584988e-05,0.00030533038079738617,0.001941929837649209,7.151546805812814e-06,0.0002528876066207886,0.00010149384812136071,2.0861245328653607e-05,2.6669353246688843e-05,0.001788654358211475,0.0018327841365794392,0.000619618222117424,0.001871735050558515,0.0010500033459584814,0.0005048085004091263,0.00038103446650078476,0.00029780044175969043,0.0004705861210823059
691,0.0008309886886012641,0.00011375585028627552,0.0004366990178823471,0.00047109254982088955,9.547474439835363e-05,0.000480014830827713,0.00021942046655977834,2.966792428395768e-05,3.1713396310806274e-05,0.0014795920631363382,0.0013426875371806424,0.00023588724434375763,0.001350923199149548,0.00048141251044446845,0.00034920312464237213,0.0004070139950703988,0.0005411854105821078,0.0002459026873111725
692,0.0007647263569380003,0.000164457145018726,0.0003785211592912674,3.413684969325037e-05,1.3914152693715598e-05,0.0003028940409421921,6.884164692439083e-05,3.557047510832222e-05,3.0390918254852295e-05,0.0014457893448941578,0.0015176688896140766,0.0007837219163775444,0.0009260897510443289,9.071348363421522e-05,0.00013713166117668152,0.0013086134883553424,0.0006396528887059241,0.00024546682834625244
693,0.0008727519772323278,0.0003565434768742527,0.00013823993504047394,0.00030814219865588077,0.00016832621095688727,0.0007435623556375504,8.266606866777493e-05,7.481252948400119e-05,5.8241188526153564e-05,0.0003746447396560104,0.000597639217972977,0.000864226371049881,0.0005228350999365444,0.0012197037928761041,4.916079342365265e-05,0.001118844545134584,0.0007779961337235804,0.0008588247001171112
694,0.0016306051421038081,9.469620362182254e-05,0.0007717013359069824,0.0018489509104068491,7.881096844914934e-05,0.0006745345890522003,5.928733947754318e-05,5.572238975406867e-07,9.375065565109253e-05,0.0005192647033620476,0.0010098980520153525,0.0005025584250688553,0.0001255161035718308,0.0005115007418444,0.0006230548024177551,0.0020540923226220753,0.00028461989702740706,0.0014777667820453644
695,0.0007546512977259778,0.0001959660189519985,0.0006510764360427856,0.0013756457765876362,0.00018101537281581606,4.3502077460289e-05,0.00016113535912143546,4.618687841147174e-05,2.251937985420227e-05,0.000345865543474988,0.0005814565701228458,0.00018500536680221558,1.3161276910353403e-05,0.0011535118815376548,0.0006433799862861633,0.0010728105107524755,0.0007768400103908488,0.000963602215051651
696,0.0009023469682045149,2.160617451348046e-05,0.00038708746433258057,0.0004923174105509742,9.183532995228963e-05,1.5946105122566223e-05,4.178915720614608e-05,2.4744357116827584e-05,5.8595091104507446e-05,0.0008627110011636754,5.598289406077983e-07,0.0003147656098008156,0.00043814691360253427,0.00010535134544286187,0.0007322598248720169,0.0005659408001278121,0.0005446887548622645,0.0010041072964668274
697,0.0005751449010169551,0.00011318869935980982,0.00024698302149772644,0.00013383123413471254,1.0653100547947797e-05,0.0004029255360364914,3.808474237390093e-05,5.1609060670188694e-05,4.500150680541992e-06,0.0013009582932733549,0.0015334266159004462,0.0001798495650291443,0.0008072427491263301,0.0001955774180052612,0.0004605446010828018,0.0009456698874881209,0.0011310294056051072,2.5212764739990234e-05
698,0.0005737909498295668,0.00013737485916364908,2.9979273676872253e-05,0.0009466368790849999,0.00011083622627501566,5.0202012062072754e-05,0.00011809489518410828,5.6689084830532964e-05,2.0965933799743652e-05,0.0011817103879160143,0.00020828412768503224,0.00022433139383792877,0.0012616106944152924,0.00010821378204509818,0.00023699365556240082,0.0006537694273869854,0.0007220639513977056,9.075552225112915e-05
699,7.115488722325702e-05,3.192918379970114e-05,4.295259714126587e-06,0.00036955009375036485,0.00015951126018645678,0.00028936564922332764,9.761961148975484e-05,4.5813627844036326e-05,5.077570676803589e-06,0.0008403930634147336,0.00031339668186533554,5.081295967102051e-05,0.0007406204081417539,0.0007752625995523441,0.00039785169064998627,0.0010657115361058234,0.0010485116324638714,0.0002205483615398407
700,0.00015984968991139548,2.6747031725074533e-05,0.0003638342022895813,0.0007888246872488902,0.000137918209149393,0.000308450311422348,2.0953111006824163e-05,3.001449456450445e-06,3.102049231529236e-05,0.0018575638419672247,0.001008160274268026,0.0005642296746373177,0.002287600075543239,0.0006129867903181159,0.0006347987800836563,0.0007917776869335591,0.0003740325469916046,0.00010476261377334595
701,0.00032448848450256085,0.00010043666750663219,0.0009860415011644363,0.0007051464801521579,0.00020846776455629365,0.001000143587589264,0.0002143971711403847,7.949330960717316e-06,3.151595592498779e-05,9.905734201261229e-05,2.952140545391807e-05,1.548975706100464e-05,2.888590600016311e-05,0.0018290402743619469,4.2654573917388916e-07,0.0025192116979368406,9.414821668556062e-05,0.0005368031561374664
702,0.001536716399513277,9.454721736711774e-05,0.0020100735127925873,0.001017792816899371,0.0002365718363365743,0.0020639318972826004,0.00024217556568878473,1.6778330410416862e-05,0.00020033493638038635,0.002196087170227498,0.0009481911456172137,0.0013483501970767975,0.0031499080826359604,0.0006274098898621048,0.0011394396424293518,0.002862987539090145,0.00020910902738811507,0.0034960098564624786
703,0.001609723635359911,0.00013759612283643224,0.00015224702656269073,0.0014174948208945937,0.00042117892498831633,0.0005528442561626434,2.524767793582461e-07,0.00010810621122940469,2.250075340270996e-05,0.0012992634148173768,0.002396110480658749,0.00025287363678216934,0.0024296832425881806,0.0021304519302687477,0.0003292318433523178,0.001155366194510593,0.0018296451839884022,0.00014224648475646973
704,0.0006179113057395436,0.0005218827130095555,0.00013952143490314484,0.0010863147640778892,0.0005981090133039269,0.0010429900139570236,0.00014132893245725336,0.00015555942258837227,1.8611550331115723e-05,0.0006714263063176129,0.0034732396055889153,0.0007327143102884293,0.00012973957905967198,0.0014919348543372124,0.00035803206264972687,0.00028889528155381927,0.0028196405800771374,0.00023265928030014038
705,0.0005584936914127259,0.0005530818834444187,0.0006594732403755188,0.00041653650189860114,0.00036461200447903894,0.001046082004904747,0.00019331527337600012,0.00010391388504183145,2.675876021385193e-05,0.0012145535050780351,0.0022397482073235123,0.0006074318662285805,0.002544568315905202,0.0019894083387491657,0.0013024583458900452,0.0025978615472810607,0.002052621994428785,0.0010332167148590088
706,0.0006786601176246021,0.0006617975531446642,0.0005760379135608673,0.0006569412305575395,0.0009566307361352708,0.00019085779786109924,1.7667025825738106e-05,9.624926972929583e-06,6.054714322090149e-05,0.000432672698564264,0.00029273005783453376,0.0009849164634943008,0.0009843596300990604,0.0007021931263849687,0.0005933456122875214,0.0013343951139819232,0.0003210932006362955,0.0007587000727653503
707,0.00018189505363599978,5.8823266812915026e-05,0.0006072185933589935,0.0009243362220303641,0.00025594596321879687,0.0005741547793149948,8.127136131895647e-05,5.8327879882680875e-05,4.331767559051514e-05,0.0013573821747374579,0.000943425847722959,0.0003010360524058342,0.0016715072960371141,0.0016030185633960393,0.00018481910228729248,0.000617054939693551,0.0010837085342896412,0.0011359341442584991
708,0.00017095356778210058,6.263467901237302e-05,0.0002319570630788803,4.0260765300975665e-05,0.00035435203602631957,0.00016135908663272858,8.814414699916638e-05,1.1805560457625662e-05,2.411752939224243e-05,8.523813485397658e-05,0.00017416416770432708,0.00014166813343763351,0.000683961081338294,0.0003338379768251104,0.0007659681141376495,0.0005215849156036123,0.00037638989992885147,0.0007457360625267029
709,0.00011161921395269614,0.00034563040687580343,0.0007883645594120026,0.000567557518598022,0.0004952286127389398,0.0004781614989042282,0.00021728242098443228,7.992192577107541e-06,6.813183426856995e-05,0.00031360531672263575,0.0012023953778485738,0.0004153130576014519,0.000499996076708184,0.0001330727767133253,0.0008457954972982407,0.0004381813137117885,0.0007586269475228589,0.002067502588033676
710,0.001551866725074763,3.508327277266382e-05,0.00010993145406246185,0.001499954711941226,0.0003255509864631412,0.00023273378610610962,3.0723124996646575e-05,3.0421057267697948e-05,1.7199665307998657e-05,0.0006341106194749646,0.0020819567366263877,0.00014079920947551727,0.0004977783932932078,0.0008816930758421115,0.000513540580868721,0.0023975077889811514,0.000395383414708364,0.0009482875466346741
711,0.00014742252795318933,0.00011588786298895315,0.0007922779768705368,0.0005710628875274237,0.00027526677486187576,0.0008618179708719254,0.0001165495264543806,6.385256583619505e-06,2.532079815864563e-05,0.0009578991780655952,0.0012566063246893591,7.320567965507507e-05,0.0008830085406018109,0.00016643764977090914,0.00022468902170658112,0.0009555659962175167,0.0001548176909888059,0.0004774518311023712
712,3.6133450697001246e-05,2.67634120624978e-05,0.0006276443600654602,0.0004766219291170992,0.00042137234002663157,0.0006568096578121185,3.096787209856157e-05,9.299793428015719e-06,5.6274235248565674e-05,0.0011131834838950666,0.0007189804608643824,0.00041077379137277603,0.0010266369568588951,6.328467391436901e-05,0.0004413127899169922,0.0011214995901727143,3.8058823111811885e-05,0.0005848519504070282
713,0.0018560908339264603,0.00010261957258644178,4.163011908531189e-06,0.001566190473479584,0.00018513769780802852,0.000639054924249649,0.00013985916041182704,7.695008914127195e-05,4.692375659942627e-05,0.00020905612711154264,0.0017814711815547224,0.0006198836490511894,0.0005437869823578315,0.0014918145743435599,0.00012103281915187836,0.0006686997146061746,0.001180193844074296,0.00041789188981056213
714,0.0024100194267278885,0.0004890122987423473,0.00015348941087722778,0.0026598610845345594,0.0011676331771173082,0.0008325353264808655,2.7803196055503285e-05,0.0001026102760577274,3.5356730222702026e-05,0.0011915833450178437,0.0021068018961088453,0.00031641870737075806,0.0014038614291506865,0.002024129814683367,0.0009803473949432373,0.002651374154285485,0.0017562768892520307,2.290681004524231e-05
715,0.0005624168637414217,0.00044751500436153793,0.00037909671664237976,0.0007717353833862073,0.0011910091419657202,0.0006552767008543015,8.890500724390016e-05,0.00013682676032950578,1.15223228931427e-05,0.0004766822753922012,0.0012409744242969437,0.0002950914204120636,0.0007341802249363344,0.0024329382478232523,0.0011010076850652695,8.746285641894613e-05,0.002254803687235244,8.48919153213501e-05
716,0.0021056631136559256,0.0006264508636535729,0.0011232122778892517,0.0018540062235171961,0.00118784248426183,0.001750953495502472,0.00014532590578133012,6.50436396323617e-05,1.9103288650512695e-05,0.0014845497807654678,0.0004560726035041651,0.0005282685160636902,0.0013142220948517136,0.002087713566487877,0.001539507880806923,0.0029345092494081626,0.001358127116702107,8.057057857513428e-05
717,0.0006303672233929636,0.0002847125574313332,0.0003444775938987732,0.0002338761858804994,0.00027084925191064174,0.0004822108894586563,3.6321158085208735e-05,0.0001043124032057926,4.0881335735321045e-05,0.00046318864160663914,0.0004165384197986344,0.0005474910140037537,0.00028923654285310796,0.00196494603381683,0.0016467142850160599,0.0006143213142951187,0.0018061787256650405,0.0012609101831912994
718,0.0015335836665067437,0.00020931595966087665,0.002091147005558014,0.0015598654274345258,0.0002567319049837126,0.0018762871623039246,0.00019347900886544991,1.942290971638258e-05,0.00012616440653800964,0.0034074524700254127,0.0018098189033123255,0.0003733476623892784,0.0038052861565779778,0.0006125822521346608,0.0006187465041875839,0.0017431224992215388,6.653257310855476e-06,0.0018036551773548126
719,0.00226064642216392,0.0003242274533832544,0.0004347600042819977,0.0022661861710012166,0.00045910681497811703,0.0010864324867725372,5.24984653891003e-05,8.690995144084129e-05,4.9289315938949585e-05,0.0016687181096131584,0.001381539802774251,0.00016031600534915924,0.0014007435423451023,0.001464867245610008,0.0007131733000278473,0.002632247883994132,0.0014606870064924962,0.00012171268463134766
720,0.0013216903905276245,8.65384354128973e-06,0.0005951970815658569,0.0018750600666778416,0.0002246870586849782,0.0009616613388061523,3.8176051599650776e-05,9.322040636737874e-06,8.082389831542969e-05,0.0001346443974506173,0.0008615679010129038,0.0003072740510106087,0.0002665267811448463,0.00043717541769117303,0.00023213401436805725,0.0017026936060096365,0.00017045788909458848,0.001086752861738205
721,0.0006675331640829119,0.00014395904466533646,0.00032835453748703003,0.0008051663413405352,3.115006609007501e-05,0.0005521159619092941,5.4980373733125656e-05,6.602062543923314e-05,0.00011450424790382385,0.00033845259659944643,0.0010649851359730914,0.002150965854525566,0.00020371044728442061,0.001623269539461042,0.0010482855141162872,0.0014590154013694734,0.0012972116043587813,0.0014974437654018402
722,0.0009790040682410572,0.00029817602434727836,0.001322578638792038,0.0017084395781113426,0.0007735426038548432,0.00048049911856651306,6.584547014177114e-05,0.0001049690588732471,0.00011190399527549744,0.0012554757855073387,0.0002866069492165266,0.0005002422258257866,0.001667178483873294,0.0018498140601115372,0.001646440476179123,0.001811471917015528,0.0016336269303129716,0.0015622042119503021
723,0.002131245265919013,0.0006076732186278272,0.0010582804679870605,0.0023561278373726846,6.087151308134531e-05,0.0007193535566329956,9.705932604555517e-05,5.144847216518103e-05,9.028241038322449e-05,0.0006791228702866595,4.2528005657245516e-05,4.8500485718250275e-05,0.0010657631659968941,0.001981275598148013,0.00027345865964889526,0.003577909145187741,0.0005605780561234869,0.0009087435901165009
724,0.001871319621325862,0.000367017167476516,0.00160176120698452,0.0018868685025610343,0.00036216287057559693,0.002011829987168312,0.00023559901049575657,1.1095692158487888e-05,0.00016775354743003845,0.0009115558111370756,0.0011333060040626258,0.0013678502291440964,0.00019754958035808623,0.0010326360529735908,0.0008846838027238846,0.003144273546996229,2.9871186079860612e-05,0.0031295232474803925
725,0.0007997594036457667,6.593874141539932e-05,0.0003403797745704651,0.00042636181136343487,0.0001404040149747543,0.0004402734339237213,4.466561645617012e-05,4.056744324881334e-05,7.116049528121948e-05,2.8065886385222893e-05,0.0002883348145791831,0.0006784768775105476,0.00013140466772138676,0.00016057761910042052,0.0005801394581794739,0.00048805603448770496,0.00041745271323229485,0.0016608573496341705
726,0.0005886202999966228,0.00021664260181792142,0.00035588815808296204,0.0005288680523221623,0.00014998642324619282,0.00035064108669757843,4.2926982768608235e-05,1.7568486482006512e-07,1.1838972568511963e-05,0.0024997682491159565,0.0005457465203061104,0.0001820400357246399,0.002649842042142414,0.002195295897138976,0.0001254696398973465,0.0006325166366364099,0.00018655241701404784,0.00014639273285865784
727,0.00199735381681021,8.016729496409386e-05,0.0009671635925769806,0.00245570284391064,1.241135635757229e-05,0.001155909150838852,0.00022364956498934462,7.895995643418356e-06,7.296726107597351e-05,0.0007450083433200722,0.00021718881166548493,3.6366283893585205e-05,0.0010885095037634698,0.003129689247815112,0.00030943937599658966,0.0023335673302172233,0.00043203024810300333,0.0015955455601215363
728,0.0006689048432677036,0.00014648201804078054,0.0002283342182636261,0.0008579004096840037,0.00013217076828859337,0.00030202046036720276,3.22117225138481e-05,1.7686107566598037e-05,4.6312808990478516e-05,0.0008407372259907203,0.00013596156847094087,0.0004970449954271317,0.0005198657160593589,0.0007835570202367713,0.0003913380205631256,0.0010168621575760428,0.00038666046617027647,0.001224379986524582
729,0.0008319235435389483,0.0001938824546894105,0.000609109178185463,0.0008748678529603149,0.000209614258524303,0.0007405411452054977,0.00012716314702881058,1.3557200643278663e-05,7.31050968170166e-05,0.0008515620241897337,0.0012442759881413148,0.0007399097084999084,0.0006014892482739884,0.0005318923435149812,0.0005011055618524551,0.0002679293919107262,0.00014444585897663287,0.0016606561839580536
730,0.0005167716495347585,0.00010605940899167249,0.0004535336047410965,0.0008301881197877725,8.074840677388395e-05,0.0002611912786960602,0.00018887361018339426,4.440575509620081e-05,1.0013580322265625e-05,0.0014752038227948683,0.0011262102234876822,0.0004746755585074425,0.0016792984704574188,0.0013474267942278802,0.000346282497048378,0.0008658322437638533,0.0010763120848040104,0.000590786337852478
731,0.0005732518683933541,0.0005092173074676687,0.000141780823469162,0.0010221233568633858,0.00010793633695569543,0.0001856684684753418,4.205953000074175e-05,3.8950303024160504e-05,3.940984606742859e-05,0.0012514274998437352,0.0015285010217142847,0.0006835544481873512,0.0013863381513738518,0.0013589541309970768,0.0008049681782722473,0.000598135572614733,0.0007405359528899827,0.001439422369003296
732,0.0007369953695020581,3.241302305142385e-05,0.0005164816975593567,0.0006402795394613581,0.00044022926079921587,0.0007778424769639969,5.703998242194419e-05,2.630476517836381e-05,4.20399010181427e-05,0.00033925128396149196,0.002282418829627507,6.971694529056549e-05,0.0001402988861603366,0.00042666097934918566,0.00025082938373088837,0.0005205126802238502,0.0004935370453633472,0.00011238083243370056
733,0.0009638614377710242,0.0002762481900031588,0.0007804706692695618,0.0011829718250327692,0.000198130435017152,0.0008351504802703857,0.00010978566881607657,1.3765604038257565e-05,5.8166682720184326e-05,0.0011204425981122465,0.0014065281744149727,7.818080484867096e-05,0.0013492899901477243,0.0017698557275974396,2.47173011302948e-05,0.00012758814561258935,0.0006362585419879309,0.0015297643840312958
734,0.0031444039033102777,0.0002513331890153861,0.0009491126984357834,0.0035973155415562064,0.00045994790478707387,0.001697128638625145,0.00017491187759988494,5.6923073177673296e-05,8.6173415184021e-05,0.0018097262953809187,0.0017898725104481608,0.0003035692498087883,0.0017113844110221502,6.781186916514446e-05,0.0006791576743125916,0.003030672382049099,0.000959880952675924,0.0012040883302688599
735,1.511992983160848e-05,0.00019043604432139594,2.5890767574310303e-06,7.881328713718605e-05,0.00011063127709485046,0.0004489421844482422,0.00016246639609085803,2.6095014489338616e-05,7.850304245948792e-05,0.002196906600703513,0.0013108541803427687,0.0017441622912883759,0.002303923367280039,0.0010849237040258643,0.002358846366405487,0.00271482906239473,0.0004713230289464798,0.0023812688887119293
736,0.0008201169940817155,0.0003844010647494796,0.0005565062165260315,0.00015999381061637674,0.0001025254922527169,0.0005066059529781342,0.00017125605125205105,1.1986036182133099e-05,6.571412086486816e-06,0.0011389357611819584,0.00021518335872529326,0.0005869264714419842,0.0016499634201922117,0.00014791077232453875,0.0005657300353050232,0.001629674840794182,2.430414577154691e-05,0.0003917589783668518
737,0.0003424347973661479,1.8885540088237757e-05,0.0007406920194625854,0.00024118963080074773,0.0008198144055636854,0.00013441592454910278,8.214933280070377e-05,8.608133914637592e-05,4.8100948333740234e-05,0.0008541888203925443,0.0008531076227459092,0.00035916082561016083,0.0007212928219196765,0.0009725037557825542,0.000374840572476387,0.00041226723702614265,0.0014426927262900166,0.0013760514557361603
738,0.0022463504738399476,0.00010462127593050333,0.0007484741508960724,0.0023303204978659398,7.414193272714531e-06,0.0007759574800729752,2.5530287676883354e-05,2.9493459596651546e-05,8.547678589820862e-05,0.0005387446545682614,0.0003381501346730667,0.0002630935050547123,0.0011143256502439414,0.00027115689692631083,0.00021228007972240448,0.0009092067080806177,0.0007476138663296689,0.0017594359815120697
739,0.0012213030630536248,6.632423676991919e-05,0.0002892445772886276,0.0012246074243718597,6.736390387212382e-05,0.00018967688083648682,8.045715239150819e-07,3.608957092188724e-05,3.8817524909973145e-05,0.00023097811936483026,0.0007006061038930811,0.0001975344493985176,0.0008431186178969943,0.0010013722004584454,0.000325249508023262,0.0014045190512319838,0.0007076927895517428,0.00046638399362564087
740,0.0006911850830164101,9.419623542283873e-06,0.00010383687913417816,0.00045123470923319475,2.4562140268982735e-06,0.00017466582357883453,4.853311053071296e-06,1.5567529384390242e-06,2.6732683181762695e-05,0.0001534836325778402,0.0004238493405721369,0.00032763369381427765,0.00018111309173875212,0.00037740250970395676,0.0002647135406732559,0.0002976057881954597,0.00011099574059618422,0.0005413144826889038
741,6.282526071679784e-05,0.00028414786964731445,7.196888327598572e-05,0.00034923687302640394,0.00040264332938863903,7.679220288991928e-05,2.6447067117985404e-05,1.1100812042589637e-05,7.4729323387146e-06,0.00024177903526671762,0.000522714822188762,0.000237281434237957,0.000764103825686209,0.00033716713764317396,3.2495707273483276e-05,0.0002895090251371357,9.025701086258497e-05,0.00039001181721687317
742,0.0015192910875687082,0.00037130182368772316,5.507469177246094e-05,0.0019748246335888897,0.00039517414886992147,4.6863220632076263e-05,9.732837502350947e-05,2.9455336061182417e-05,1.12876296043396e-05,0.000983294539884369,0.0007726702020238521,0.00017493590712547302,0.0013338795838276074,0.0011522373484561914,2.8854236006736755e-05,0.0003062267152010856,0.0005690397861561822,0.0001253671944141388
743,0.000580327002407427,0.0001520661016387037,0.00037650763988494873,0.0007927813498348202,5.6096344080280164e-05,0.0004238644614815712,1.4920876515205767e-05,8.964706865760563e-06,2.6188790798187256e-05,0.001479757715438644,0.0004256389890940557,0.0005712877027690411,0.0012290572870516034,0.0005030278419232079,0.0007013045251369476,0.0012287868596216611,0.0002884298695084303,0.0005179345607757568
744,0.000580939252101953,3.0227083512607278e-05,2.1476298570632935e-05,0.0003698277163309005,0.00013299735831709056,0.00013766996562480927,4.7434933601183185e-05,2.5272937220188838e-05,2.1129846572875977e-05,0.000632385064842228,9.148804127925153e-05,0.00015589455142617226,0.0005434821936283057,0.0005015348523913551,1.576542854309082e-05,0.00024043196891865293,0.000547240667048067,0.00024225562810897827
745,0.000890126744335834,2.455001526521089e-05,0.00023472681641578674,0.001039817079508537,6.501297496134748e-05,0.00029547326266765594,1.4156154285110273e-05,8.604867373043779e-06,1.3668090105056763e-05,0.0004260538536589517,7.500815095618646e-05,5.6690070778131485e-05,5.8782016369933465e-05,0.0006837207639048982,1.379847526550293e-05,0.0007763588499970775,0.0002211296593081849,0.00031489506363868713
746,0.0015918582871671527,4.632599123877146e-05,0.0009899251163005829,0.0017063181169717223,0.0002546419505015038,0.0011580875143408775,0.00010885345344852776,1.412743587113699e-05,5.6900084018707275e-05,0.0007469098292638282,0.000606399623149366,0.00018223188817501068,0.0011032907652630541,3.2064025772059884e-05,8.158944547176361e-05,0.0014610422293289127,0.00012447720190485179,0.0011055991053581238
747,0.0007017337689698977,2.638774187605636e-05,0.0001578349620103836,0.0007544002374865189,2.7571377186497853e-05,0.0002943770959973335,5.915685377740239e-05,5.2065173778001114e-06,1.5690922737121582e-05,0.0005734969286114583,0.00031695714260523977,0.00014873361214995384,0.0007254514005495608,0.0003169425890567016,2.0565465092658997e-05,0.00011386762764911684,1.5340532231924303e-05,0.0003228522837162018
748,0.00013803583475652248,0.00011484022977160946,9.787455201148987e-05,0.0002205757416775811,3.0245956785652367e-05,0.00011372752487659454,6.276237081929981e-06,5.4823822336620524e-06,1.341104507446289e-05,0.0005419352458128079,0.0005768843811619975,0.00016418518498539925,0.0005149997503770265,0.0004059827965396494,0.00018790550529956818,3.0369206419467165e-05,7.931822851633269e-06,0.00023844465613365173
749,0.0004429126545168749,0.000251252828149022,0.00035122595727443695,0.0007257834563163534,9.861727344635807e-05,0.0003605624660849571,3.7606607755542865e-05,1.624132567813459e-05,2.0138919353485107e-05,0.0005596752319253218,0.0002264946284948957,0.00011583836749196053,0.0006049269266399995,0.0003087077823091342,0.00015981681644916534,0.0006826037049059985,0.0002111761510575176,0.00020827725529670715
750,0.00016515329582608707,0.00017641887663103623,0.00011168420314788818,0.0003659290478579269,2.039620743378781e-05,0.00015799794346094131,3.28455444570698e-05,1.6831741282158407e-05,3.3527612686157227e-08,0.00029431806764278895,7.113541314316546e-05,0.00020590843632817268,0.00015163206344343677,1.708961755662354e-05,0.0001118537038564682,0.0003309426303066132,0.00017152698139833236,1.218169927597046e-06
751,0.0006166575030475685,0.00016154457447004056,0.0005353391170501709,6.795431468706314e-05,2.328198558415595e-06,0.0003947010263800621,6.572715351354716e-05,9.352179391867912e-06,4.728138446807861e-05,0.0005279050774928545,0.000689959155765231,0.00042314641177654266,0.0011147960549174815,0.000273025196592034,0.0006980504840612411,0.0017002174185068442,2.1232640510390755e-05,0.0006038174033164978
752,3.8955750423758095e-05,0.00022662697131099058,0.0002180039882659912,5.420854879276127e-05,2.7398994780852837e-05,0.0002190321683883667,3.148692465297469e-05,5.470040063326395e-07,9.689480066299438e-06,0.0010280055304206434,0.0003196232366898047,2.7810689061880112e-05,0.0013015702745050803,0.0007485458873011351,4.324503242969513e-05,0.0003905912269485945,1.1846443409364166e-05,5.249679088592529e-05
753,0.0005399339763633715,0.00014163329489431248,0.00020069442689418793,0.0006758110445133358,0.0002629039087088704,0.00029794126749038696,7.7884191670409e-05,2.909675750733306e-06,1.714751124382019e-05,7.526930567339218e-06,0.00017582346750376343,0.0001405775547027588,0.00020819371450540164,0.00029349897234746784,1.0697171092033386e-05,0.0002970185108347734,0.00011203235468936965,7.707253098487854e-05
754,0.0005665401095242273,0.00018052391916302535,1.1434778571128845e-05,0.00017803242745800807,1.903645310261104e-05,7.532909512519836e-05,9.413110826471047e-05,1.910761472171665e-05,2.7906149625778198e-05,0.0010631186934570297,0.0012091674192831262,0.0001779794692993164,0.001003456523222701,0.000265565162993045,0.0004192981868982315,0.0008442649277153047,0.00029923840582014166,0.0001573115587234497
755,0.0010099298867830564,2.017845776032534e-05,0.0004200562834739685,0.0010954458851065996,0.00010243101841451996,0.00045708101242780685,1.869523030535898e-05,4.514119218365382e-06,2.4143606424331665e-05,0.000739238575653195,0.00040693721842331027,0.00018562190234661102,0.000730614422132507,0.0003596992497285293,0.0003216322511434555,0.0004215197959854533,8.787713851647616e-05,0.0006142407655715942
756,0.0013481542652506728,0.0005667184176670892,0.0007814913988113403,0.001565280249661627,0.0006630224421301581,0.0010473830625414848,3.8459005295112675e-05,3.7249305068605626e-05,0.00011110678315162659,0.0011511241967317107,0.0001251728050716619,0.0008907290175557137,0.000917474259318117,0.00021257291901120162,0.0005150195211172104,0.0008025080479787394,0.0005358018719256695,0.002499643713235855
757,0.0020207785501874798,0.0003402945106761972,0.0007169283926486969,0.002839717330198499,0.0006780556414409979,0.0011383993551135063,7.730644253432783e-06,3.776758347226266e-05,0.00013314560055732727,0.0012412354713462193,0.0006664761890041726,0.0011564483866095543,0.0008413403868032104,0.0006925896087933391,0.0006454754620790482,0.0012031751975590255,0.000494982685393202,0.0029107779264450073
758,0.0018813107562501152,0.00017972577433215606,0.0007788799703121185,0.0013127248660909918,0.0009255447621336517,0.0007574176415801048,3.18595080933716e-05,3.7651803450878835e-05,9.435787796974182e-05,0.0004615893060982493,0.00029777325203973054,0.0006107012741267681,0.00016976611174654432,0.0009757376301100986,0.0006934776902198792,0.0009204490090983786,0.0009251742464539033,0.0020333975553512573
759,0.0021240774041851596,0.000203838154102208,0.0005240235477685928,0.002677864264683666,0.00013953197577402585,0.0008378131315112114,5.362241555433543e-05,7.046825167867331e-06,0.00010053068399429321,0.0009219900362605615,0.0016029919570124812,0.000726635567843914,0.0014896887793464791,0.0008607085301475005,0.00035303086042404175,0.002224616914394184,0.000218809043738364,0.001900549978017807
760,0.0011511386777688926,1.2906986789861657e-05,0.00028993934392929077,0.0016845147239562541,0.00023214476509997306,0.0006143590435385704,0.00011578618029523847,2.2791649288043773e-05,6.101280450820923e-05,0.00028682281548521316,0.0007651468945808759,0.0005276473239064217,0.00022550575825713154,0.00052565402716868,5.3960829973220825e-05,0.0013954490581708223,0.0003321737383077984,0.0011472925543785095
761,0.001786613543943355,0.00014291759624402225,0.0003696177154779434,0.0026733694531432817,0.0005236060211980427,0.001090281642973423,9.246925212548322e-05,6.756803420477795e-05,0.0001064985990524292,0.0008289298210694337,0.0008777303139027998,0.0008901320397853851,0.0006403673687210773,0.0006629617996308885,3.628246486186981e-05,0.002018244350320081,0.0012649609996915022,0.0017066411674022675
762,0.0008097598499882397,3.5799009859074915e-06,0.0001560896635055542,0.0018452832953235188,0.0005248624636068136,0.0005746679380536079,1.5107112939326608e-05,3.733508506225595e-05,4.463270306587219e-05,0.0011993583470763236,0.001492576095244412,0.000291681382805109,0.0006385500115647369,8.882749118287181e-05,0.00025931745767593384,0.0004880455772099668,0.0006140421523599185,0.0007591024041175842
763,0.0007137049901377868,0.00039163371994113336,0.000533517450094223,0.0014113594415313402,0.00041545769393834184,0.0009048348292708397,5.555604030469535e-05,5.114839521458436e-05,0.00014651939272880554,5.359415135665346e-06,0.0010307355642227428,0.0014356491155922413,0.0002597622927709847,0.0004300289902437844,0.000990418717265129,0.001199108244347602,0.000911316620288951,0.0026569701731204987
764,7.965539366192043e-05,0.0003525589361011404,0.00013960152864456177,0.0006657490268230648,0.00025010727363851404,0.00018956419080495834,0.00014242920210167861,2.5232924909337736e-05,6.73346221446991e-05,0.0006408061442314122,0.0003221405787144013,0.00113733671605587,0.0013659362133701738,0.0008703773396062662,0.0008196141570806503,0.001068325069812831,0.0007815687372101192,0.001090116798877716
765,0.00030318701060103037,4.5750303853467345e-06,0.00037353113293647766,5.16173579456769e-05,0.0005258213919596792,4.09027561545372e-05,9.877999852304052e-05,8.937085896295596e-06,1.7579644918441772e-05,0.0012327247427853238,0.0008419688300789208,0.0004965518601238728,0.0007113307939345462,0.00025147558523123427,8.288025856018066e-05,0.00032684806487767726,0.00021030448165966498,3.7264078855514526e-05
766,8.013334109235881e-05,0.0001961465725237102,0.00037400051951408386,0.00047794135929379866,0.0002878910728728312,8.782930672168732e-05,1.0668302118883866e-05,4.8231917970513113e-05,3.2961368560791016e-05,0.0005083847089232332,0.0011446085964377309,5.791941657662392e-05,0.0003272724917944697,0.000541732649680873,0.00022499263286590576,0.0003954622542692299,0.001115889114934307,0.0009186714887619019
767,3.53547401554799e-05,0.0001195044293811065,0.0005249381065368652,0.0003513856644561941,6.925987279780138e-06,0.0004199612885713577,0.00017877647640697318,1.2746379620605895e-05,6.1355531215667725e-06,0.0014943337574649385,0.00012398794049096884,0.0004942663945257664,0.0008665887658389215,0.0007846329799940793,0.00046377070248126984,0.001592133527069578,0.00024007414584669567,0.0006276257336139679
768,0.0009828975006025698,4.9127935538829937e-05,0.0008979123085737228,0.0002951978520455145,0.0002911067885206682,0.0006037577986717224,5.1834946805134896e-05,3.130353836455291e-05,6.802380084991455e-05,0.0009974343715500253,0.0013004849905792135,0.0005126171745359898,0.0010327703418769804,0.0009357295405120845,0.0008189678192138672,0.0011926869987587685,0.0003591611960907931,0.0010561980307102203
769,0.00019664212052217245,0.00028834490764392817,7.08363950252533e-05,0.0006579205216168948,0.00014091355476170825,0.000353875569999218,0.00010055963156047759,1.359724795446421e-05,2.3458153009414673e-05,0.0008132604809338168,0.0004980103770708816,0.000362906139343977,0.0007862689766507322,5.512508177601006e-05,2.7505680918693542e-05,0.0025824238389246523,2.8028023278798414e-05,0.00011980533599853516
770,0.0013966353964013634,0.00011942894980353919,0.00012302957475185394,0.0015111707847453582,0.0001997243749095115,0.000203792005777359,4.510890386310272e-05,4.393637436835994e-05,5.1394104957580566e-05,0.003432982357079846,0.0008361706581256276,0.0009709382429718971,0.0035495488239994308,0.001155548464815281,0.0006065983325242996,0.0006740181070131745,0.0008391505208721721,0.0007358305156230927
771,8.261552412436313e-05,0.00031123798845879985,0.00042751990258693695,0.0002773973489074988,5.0806199123228785e-05,0.0006848489865660667,5.158295417754741e-05,3.3303944292004117e-06,2.353265881538391e-05,0.0006646924404526827,0.0008415482163749502,4.896428436040878e-05,0.0007892837911911699,0.00015359221239585278,0.00028660334646701813,0.0002655621678546438,0.00015230822617072481,0.0005794838070869446
772,0.0003673230139868977,0.0006608196019266127,0.000589100643992424,0.0006464718067423769,0.00025961114672357413,0.00038511864840984344,2.5378765351484825e-05,2.4823455559440854e-05,3.553926944732666e-06,0.0037701384520856807,0.0009703409716951689,0.0007183756679296494,0.004045810572181528,0.0008761262427690372,0.00043102726340293884,0.00023743735777681518,0.00032862420372806525,0.00041816383600234985
773,0.0014633845473504825,0.0003843740019826708,0.00039866380393505096,0.0021010832303398896,3.02329140278966e-05,0.0006869593635201454,7.735272534029058e-05,3.693980802385393e-05,5.884096026420593e-05,0.004703051081537429,0.0020956287022160028,0.0005714357830584049,0.00469369269168949,0.0007972369438235625,0.00014510564506053925,0.00030147949219463954,0.0005257337211644376,0.001606520265340805
774,0.001438365891410831,0.00012444643145531967,0.0007071364670991898,0.0017327017925829746,0.00027969801767235847,0.0010915137827396393,0.0001354596568662516,3.137811188765787e-05,5.4892152547836304e-05,0.0012252435990312213,0.00030424028611353987,0.00020034518092870712,0.0007534293817453366,0.0005611262236372566,0.0002634786069393158,0.0019030512923652598,0.0006629771238976165,0.0005021430552005768
775,0.0009686193578677671,0.0002062255962963673,0.00039223581552505493,0.0011983216504277694,0.0001982128952849778,2.2491440176963806e-06,9.131050919380587e-05,4.90697078316647e-05,5.035102367401123e-05,9.89370259843192e-05,0.0003659719284448415,0.0005403142422437668,0.0002737197944080519,0.0007813761228821605,0.0009101498872041702,0.0006494825238721191,0.0009607860769425339,0.001032605767250061
776,0.0006471439561432368,0.00033255510156191687,0.0004340559244155884,0.0009275994789423314,0.00014216767711808243,0.00041599106043577194,1.6482678148906776e-05,4.759619150552239e-06,2.458319067955017e-05,0.0036073907346232045,0.0015299049050151864,0.00011390866711735725,0.004048417277711089,0.0007943940174259916,0.00020298361778259277,0.0006551419478764142,6.663186476094096e-05,0.0007770955562591553
777,3.669273471179624e-05,0.00011297672844805956,0.0001550428569316864,0.00029788440445011055,0.0005498456308126384,3.5327859222888947e-05,2.5284212522500016e-06,6.820452850459652e-06,2.1062791347503662e-05,0.0021403925187469044,0.0008612161497621382,0.0003041471354663372,0.0024903472259442394,0.0009167739889071264,0.000463021919131279,0.00011833703553706942,7.550772071819589e-05,0.0005026422441005707
778,0.00018314742988068122,6.22172074984037e-05,9.022839367389679e-05,0.0006159981002256676,0.00015558712562173393,0.00024868082255125046,5.646920591719992e-05,2.785545545363208e-05,1.5117228031158447e-05,0.0020579529945912584,0.0010582484909905307,0.000258701853454113,0.0029207560557275927,0.0009941294505049388,0.0004466790705919266,0.000917012502269221,0.00036653150065943385,0.00038020312786102295
779,0.0004944091717270505,7.508905772290325e-05,9.411759674549103e-05,0.0005478731158256867,9.216931527947225e-05,0.00012184306979179382,5.0830704770854496e-05,1.6719124471991417e-05,4.287809133529663e-06,0.0020301250461883663,0.0011023212019851264,0.00029795989394187927,0.0018642795767347883,0.00014646420678147021,3.742054104804993e-05,9.940794935797692e-06,0.0002461386517717615,0.00014308840036392212
780,0.00017194271057016652,1.6014072974739058e-05,0.00038283877074718475,0.0004484351838734968,5.022590169305105e-05,0.00019708089530467987,1.5478548648570345e-05,2.6609384230614694e-05,3.1050294637680054e-05,0.0006251872294783106,0.0001420635255303046,0.00013361265882849693,0.0011828655468675495,0.0007929520252126553,0.0003337990492582321,0.0003174733614225156,0.0003501907643686797,0.00027662888169288635
781,0.00011411515044587595,0.00013336422345452612,0.00011118873953819275,0.0005385916206757935,6.050928620743995e-05,0.00023233890533447266,2.7441994627916064e-05,1.3846180209263611e-05,1.940503716468811e-05,0.00018209851719081654,0.0014467595173518616,0.00028325291350483894,0.000505418199679121,0.00046947824145762707,0.0005941689014434814,0.0008849572009954065,0.00020415372469621829,0.00014018267393112183
782,0.0014246039609546457,0.0002072448298532474,0.0012317430227994919,0.0009311945662306975,0.000277944809673112,0.00106052216142416,4.6541534892630826e-05,2.194735316626991e-05,4.4383108615875244e-05,0.00036898048433522956,0.0009026221831500564,0.00026913173496723175,0.0010606562917499368,0.00031179494668824234,0.0001919139176607132,0.002822699240772941,0.00038637265691418565,0.0006495676934719086
783,0.0001178804068882322,8.743001778786785e-05,0.00048084557056427,9.936119716258407e-05,0.00048216301342206974,9.390898048877716e-05,1.764041643577928e-05,6.169471969020104e-05,2.775341272354126e-06,0.0007713819443957437,0.001085352338798369,0.0006059855222702026,0.00037093251352023765,0.0008129483569631821,0.00028607621788978577,0.00021856445365564525,0.001183216384157755,0.00042068585753440857
784,0.001258326266376203,0.00016993462146335653,9.344704449176788e-05,0.0016717985509524524,0.0004594019007838346,0.0003734119236469269,8.153938800407531e-06,5.6498072710466215e-05,2.750009298324585e-05,0.0014852926934726743,0.0006866475915455472,0.00010747695341706276,0.000636730123179656,0.0005877487817961729,0.0007574371993541718,0.0006507099638533576,0.0010026998448431426,0.0004922784864902496
785,0.00030812119512391156,2.9984114636654596e-05,6.836093962192535e-05,0.00032476963510047474,0.00048424538682072943,0.00041719619184732437,4.465058312228855e-05,3.966804889455255e-05,1.7508864402770996e-05,0.0025096474192934926,0.0003412652123711557,0.0004754769615828991,0.0018513130787706014,0.0010009164294523054,3.3721327781677246e-05,0.0010126560918616578,0.0007550743112911124,5.179271101951599e-05
786,0.0005265058924766031,2.4676639327748245e-05,0.00038574449717998505,0.0005751595451338187,8.049721737294485e-05,0.0005521439015865326,1.0981357034247838e-05,1.8107081852995147e-05,1.2692064046859741e-05,0.004568807742223145,0.00011082645460550739,9.620655328035355e-05,0.0038860260491923038,0.0014023007801459942,0.00012724287807941437,0.0010985453545676038,0.00023535743269036818,0.00012443587183952332
787,0.001927092173934164,7.940314471303889e-05,0.0011886321008205414,0.0021314166580837235,7.517473633436578e-05,0.001252644695341587,8.724839003493648e-05,1.4147304682976276e-05,0.00011895596981048584,0.002074789622431565,4.86981565428965e-05,0.000594929326325655,0.0019945834454521,0.00013704056005122128,0.0004755314439535141,0.002618478684976472,0.0002864925888159883,0.002033066004514694
788,0.0019530592153914894,0.00020042217825889247,0.0006551072001457214,0.0017155762798274632,2.5396645908344617e-05,0.0005682222545146942,3.5524798417004705e-05,1.1299778512868959e-05,7.981434464454651e-05,0.0021052650760270616,0.00041481165197540526,0.0003817630931735039,0.0007066119657293118,0.000277446096729546,0.00044587627053260803,0.0017860047770368592,0.0002375929176964553,0.0015130937099456787
789,0.0009378092915386105,4.314859988593239e-05,0.001129288226366043,0.002793580258591305,0.0003819729976440103,0.001693657599389553,0.00012856713189632676,2.5362484273691154e-05,8.859485387802124e-05,0.001311518131575276,0.0002482168377214433,0.0005034981295466423,0.0005822575935605923,0.0005291913790718026,0.00023165345191955566,0.0012386702160863405,0.0003443016112912936,0.001679733395576477
790,0.0015868743996213797,0.00045000841407246556,0.0007206536829471588,0.00354482924939184,0.0016127123039630063,0.0009575430303812027,5.020973859312487e-05,5.826737862258714e-06,0.00010846555233001709,0.00161226898274789,0.001385794282400786,0.0011628661304712296,0.0021672724131421295,0.0007220808141515612,0.0008537732064723969,0.00021626456846846054,0.000316752626456307,0.0022809430956840515
791,0.0013093789878791118,0.00022286201669428907,0.0003472026437520981,9.860075094247911e-05,0.0005451556988689925,3.756769001483917e-05,4.303411067471154e-05,6.51190966274326e-05,1.7452985048294067e-05,0.0010901620370315224,0.00019793813727798232,0.0006832107901573181,0.0013572717020938,0.0010725549975711844,0.00020544975996017456,0.00039632845462644894,0.001340128787408107,0.0008611120283603668
792,0.0022460593085572023,0.00040711718350317644,0.001156466081738472,0.0012794806950031379,0.00035701003845967777,0.0010054092854261398,5.949925026943817e-06,5.861535960136554e-05,7.202476263046265e-05,0.004456000710020343,0.0011970663042633126,4.027411341667175e-05,0.004149848103021672,0.002951762244797729,0.0003600120544433594,0.0010602044609749617,0.0012036020322520047,0.0011740177869796753
793,0.001956911841169612,0.0005699268182436379,4.999712109565735e-05,0.0003064045095397261,0.0013172784135530025,0.00026227161288261414,1.958956854582368e-05,3.918824451666549e-06,4.023313522338867e-05,0.00697240010519163,0.001453968141270981,0.0001645316369831562,0.006262655509894348,0.0021089192307809186,0.0005741678178310394,0.001998410905234088,0.00028555049326603466,0.0004368200898170471
794,0.003921238377184055,0.0011937718219129957,0.0016719996929168701,0.0039007041043817303,0.00014600459012107866,0.0013408996164798737,5.7104233974198185e-05,6.374808488118712e-05,0.00012780353426933289,0.004133002625494257,0.0017776944555258564,0.00042885029688477516,0.004675898226281797,0.0031066642944078066,0.0008633658289909363,0.002169134515876775,0.0012677648638454928,0.002093624323606491
795,0.0006163601856815915,0.00018590363434850196,0.0003725234419107437,0.0006743047164084193,0.00036640329902086835,0.00022567808628082275,5.9451149454178495e-05,1.0306367334550655e-05,3.826618194580078e-05,0.0001539098127638014,1.3501135126783859e-05,0.0009985845535993576,0.00012307999218980764,0.0011370797156782606,0.0008478797972202301,0.0008629034825925197,0.00013410289089421656,0.0008917488157749176
796,0.00015267481263914195,2.164082003412726e-05,0.0004416927695274353,0.00011976958723999842,1.7602112652781443e-05,0.0005261879414319992,1.4870375213849735e-06,1.210151097132627e-05,3.925710916519165e-05,0.004197868414575229,0.00030864004033637205,0.0002130689099431038,0.004611958218434339,0.001468022223712488,9.492971003055573e-05,0.0004107114060009909,0.0001632486067162653,0.0006765536963939667
797,0.0006537823997865289,0.0003110099152636228,7.635541260242462e-05,0.0005855370190044062,0.00045903228642253657,0.0001376420259475708,1.8431357459059924e-05,5.39534608759158e-06,3.7997961044311523e-06,0.0017945326305177159,0.00048268750282837863,8.736876770853996e-05,0.0022456999247704723,0.0011796064241852639,6.48796558380127e-05,0.0001683441722881429,9.618230601937325e-05,0.00014374777674674988
798,0.00042580760502114456,0.00026797135235007846,1.1324882507324219e-05,0.00018455878920967117,0.0008651415560562078,0.00023258384317159653,1.1577933836177251e-05,2.379954147987127e-05,1.2721866369247437e-05,0.0010218928076882808,0.00024848028456214005,0.0004242677241563797,0.0002581666070527733,0.0008433395141636884,0.00019103474915027618,0.0007643591410908257,0.00031383335876122506,0.0002515353262424469
799,0.000900434177229209,3.426888965429864e-05,8.510425686836243e-05,0.0009301968449686171,0.00036633538746034394,1.8291175365447998e-06,4.2461909596634706e-05,2.939400538936026e-05,3.380700945854187e-05,0.0020763540647608103,0.0009342510486402417,0.00024734577164053917,0.0015958620896321801,1.799064121669157e-05,0.00029211491346359253,0.000779266378162502,0.0006158307387834315,0.000773359090089798
800,0.001076677831772066,0.0001827656978276651,0.00016242824494838715,0.0016764101560828304,0.00012495398471615987,0.0003512296825647354,3.978836631173856e-05,2.602533136788262e-05,2.6542693376541138e-05,0.0003206736565775081,0.0009873863983072828,0.0002835998311638832,0.00014695069743072414,6.43618725401857e-05,0.0006357356905937195,5.709151016078384e-05,0.0005481292243613121,0.00020197033882141113
801,0.0011901100326124625,0.00037029811423335696,0.00017341412603855133,0.0015070722602107955,0.0007144880680873406,0.00031386595219373703,7.179059477119276e-05,8.520440935558173e-07,4.832819104194641e-05,0.00030846613862166306,0.00025810626773960926,0.0007387120276689529,9.102626437607064e-07,0.00016822580697925787,0.0005513448268175125,0.00053652381750105,0.00016396356372910467,0.000779077410697937
802,0.0015393839267771048,0.00016301701723112766,0.00021374039351940155,0.00043797581334450997,0.00045381400750194034,0.00020292401313781738,1.4256763790566201e-05,3.792256720481818e-05,9.357929229736328e-06,0.0016266495535539674,0.0005543737468679741,0.0005011027678847313,0.00162206595443367,0.00027158366995820755,2.1984800696372986e-05,0.0007313280415449097,0.0006801206518000751,0.0003630444407463074
803,0.0004781395169500269,0.00028720557556890375,1.1095777153968811e-05,0.0005344206355215597,0.0001512566076454329,0.0001002410426735878,4.112504299058975e-05,5.800467838546798e-06,3.5762786865234375e-07,0.0016564216133944515,0.0009585808427949941,4.7761015594005585e-05,0.0013081733895362532,0.0005110123201903568,8.473172783851624e-05,0.0002499339808813006,0.0003216514997749255,1.0263174772262573e-05
804,0.0001640839822290574,9.972939720691992e-05,3.654882311820984e-05,0.0005610904893213198,0.0004093584969680486,4.395283758640289e-05,6.266538362693919e-05,2.5950359200154274e-06,5.926191806793213e-05,0.0009051261352251497,0.00011682934926721816,0.0009738467633724213,0.0008044573462184026,0.000722436889313588,0.0007869713008403778,0.0006960487773669255,0.00014560891434699935,0.0012771748006343842
805,8.58833626563027e-05,0.00041932559513273293,3.5429373383522034e-05,0.0005020533999562093,0.00014308504935344954,0.0003557223826646805,2.647073417686406e-05,7.547472290816808e-06,7.64802098274231e-06,0.0029370306376833993,0.0007786364463862605,0.0002484777942299843,0.002675289962876942,0.000908742304680115,0.0001607052981853485,0.0008302104165934521,0.0003331001197181653,0.00023087859153747559
806,0.0006632338248700187,0.00013528829527372985,0.00044191814959049225,0.00046082137354860886,0.00012553388998536724,0.000637715682387352,5.6492514461837715e-05,5.150581580108064e-06,1.989305019378662e-05,0.0024295307579967826,0.0015547207648995767,0.0003211316652595997,0.0013420397513711907,0.00039524949226896807,0.0006604529917240143,0.0010384827171119326,4.674364313255602e-05,0.0002978295087814331
807,0.0015925773701702117,0.00021454827382437133,0.0003558378666639328,0.0008052909975952705,7.599432631788527e-09,0.0002928543835878372,1.6055671739219e-05,1.554222997820218e-05,4.838034510612488e-05,0.0031317029901501772,0.0006959210499977095,0.00020857900381088257,0.0022462270913140847,0.0007832633259773538,0.00021502934396266937,0.001666705937747065,6.0457259572425925e-05,0.0008582659065723419
808,0.0013356580473541935,0.0002369349317194215,0.0006515700370073318,0.0012175566630688028,0.00020989799326153954,0.0005308501422405243,9.703907931413007e-05,5.987766707486828e-06,3.5550445318222046e-05,0.0005873295028663503,0.0001124021153179472,0.00019634701311588287,0.0008640425619096878,3.598149465774362e-05,0.00033555924892425537,0.00223334539354883,8.577255924336474e-06,0.0005326159298419952
809,0.00022339845923133317,8.536080762519202e-05,0.0009422581642866135,0.0006225134635607366,0.0007543172796898832,0.0009228494018316269,0.00011729331213385444,1.4090102440632605e-05,5.2928924560546875e-05,0.0014337770366476613,0.0001675097589433558,0.0003887978382408619,0.0012165919468374586,0.0012219833849303014,0.0004538465291261673,0.0012947746137040028,0.0001092039097797988,0.000928245484828949
810,0.001613138525745017,0.00028536433621563495,0.0003722887486219406,0.0012146346487117154,0.0005709262585257592,0.00012618955224752426,4.406667784513131e-05,4.526477740859143e-05,4.449114203453064e-05,0.002582983522511767,0.0010959419766102818,9.235227480530739e-05,0.002843639718239012,0.001174296285091696,5.996972322463989e-05,0.00203027693486324,0.0005399060455558678,0.0006868913769721985
811,0.001062068103152708,0.00011472452457058149,0.0004501771181821823,0.0008965077501464358,0.00018760938879324937,0.00025139283388853073,1.3499364622030635e-05,1.6343883609802124e-05,1.884251832962036e-05,0.0009694728838827507,0.0007002274771813755,8.38148407638073e-05,0.0008487543477319406,6.279371720699627e-05,0.0003909226506948471,0.0007191147561869116,0.0004302437636781245,0.0003386884927749634
812,0.00023228339242706286,6.010154599710507e-05,0.0006726514548063278,0.0005762019981468691,0.00017890896087384076,0.0005220621824264526,0.00011413034332474238,4.216307212601741e-07,8.706003427505493e-06,0.0012260281393723302,0.00022632668465982775,0.00038696127012372017,5.021466893579546e-05,0.0015975385801046595,0.00028312578797340393,0.0002791192030776879,0.00019675649397188008,0.00017684698104858398
813,0.00012510337390253534,0.00020193247194175493,0.00041237473487854004,7.121955752070752e-05,8.865702217144764e-05,6.404239684343338e-05,2.8887930639834303e-05,2.323066504565305e-05,5.438923835754395e-07,0.000893427171064401,0.00014831275618353706,0.00026610586792230606,0.00016967794795402086,0.001092593253638567,0.00011195987462997437,0.0005477649364216963,0.00048348925519005326,0.0003235563635826111
814,0.0018312119956346018,0.0003743099233038845,0.0006679221987724304,0.0014353345672021012,1.209188015940249e-05,0.0007445309311151505,4.038514236008421e-05,2.5119244261072836e-05,7.745251059532166e-05,0.0021853950739108494,0.0013841867527620982,0.00048010190948843956,0.0020212156817909707,0.0007644867083049971,0.00039555877447128296,0.0015202959674226468,0.000257787481208388,0.0017775893211364746
815,0.00024009057568372127,0.0002152631152967932,0.0001894179731607437,0.00043391774894280255,0.00045189060404613596,2.5871209800243378e-05,2.2274578808170742e-08,6.10783953518899e-05,2.1230429410934448e-05,0.002270946190300778,0.0016075100255197802,0.0003164168447256088,0.0018290082814508696,9.273959429030847e-05,9.272992610931396e-05,0.0005808123387601172,0.001143350610854004,0.00021500512957572937
816,0.0008266274845420696,0.00031091899641370185,0.0003840755671262741,0.00019818483940101106,0.00020179408655759956,0.0006184186786413193,2.707975135920332e-05,6.591608315988334e-05,5.477294325828552e-05,0.0017095228712835434,0.00010971708992341817,0.0007857484742999077,0.0023941297085664295,0.001483615719987715,0.00037448108196258545,0.000642590044234892,0.0012795486801315537,0.000972013920545578
817,0.004651763222907279,0.0001382557156849873,0.0019445065408945084,0.004251807023111787,0.00033347885631209925,0.00220381747931242,0.0002237178175383183,1.6424190516021705e-05,0.0001470707356929779,0.0021894677005984547,0.0013753879630914873,0.00039953552186489105,0.0023152308328881765,2.82758551267406e-05,8.567795157432556e-05,0.005093741755760051,0.00010316193620212369,0.0022445321083068848
818,0.0014883317949072605,0.00026683413812961937,0.0008914992213249207,0.001781979393848887,0.00012027346784066265,0.0008034650236368179,7.317116273991564e-05,1.9847421826326176e-05,7.199868559837341e-05,0.00035435901354200633,0.000813235537088168,0.00044282712042331696,0.0005633896192734217,0.0001347017675025642,0.0004307348281145096,0.0020729798268155075,0.0003182704973603012,0.001516934484243393
819,0.00046879832867732785,5.381661276571831e-05,6.712600588798523e-05,0.00031719614521621975,0.00018379380487169514,4.767347127199173e-05,1.7792800789021013e-05,3.1154679943825453e-06,2.993643283843994e-05,0.0017058401147165836,0.001242093640250068,0.0003103804774582386,0.0007921783863940046,0.00013497879536536646,0.00019201450049877167,0.0006264559336089104,0.0002773114605780086,0.0001694709062576294
820,0.0019157582421075736,0.0002882200642700429,0.00030149705708026886,0.0024277040946095174,0.0002472822084305902,0.0010039890184998512,5.0929607003882826e-05,7.002980450392907e-05,8.016824722290039e-05,0.005132767998943237,6.813981954099241e-05,0.0006216429173946381,0.004066643012776143,0.0018149967889708619,0.00031618960201740265,0.0029216580177602036,0.0009207678235793951,0.001492813229560852
821,0.0016976726849034507,0.000529057334653027,0.0015565063804388046,0.0018108417928177079,3.4222091045213454e-05,0.0013301875442266464,0.00018829302724076256,4.590347753887858e-05,9.330734610557556e-05,0.004459183688803568,0.0014955632498521998,0.0004099542275071144,0.0035603807697828158,0.00035554767176688203,0.0002490580081939697,0.002495518047052947,0.0007359398052731066,0.0008033700287342072
822,0.0018669274197034291,9.855687384901016e-05,0.0007522702217102051,0.0022303535949145803,0.0002970767627301085,0.00031109340488910675,0.00022288083290064077,5.205709541635764e-05,5.8691948652267456e-05,0.0016114444734082814,0.0009905034266487756,0.0013329829089343548,0.0013788105181424884,0.001064956005775837,0.0008201655000448227,0.000789290363995776,0.000807231324635501,0.0005983784794807434
823,0.0004368534762312082,9.672915264276327e-06,0.00020199082791805267,0.0003369223081391981,0.0002763027021316297,0.0005268920212984085,5.4715797433071284e-05,9.346281821369764e-05,1.1634081602096558e-05,0.00564550764264838,0.00014881963536225035,0.0005941856652498245,0.005091753234765906,0.0039672606386630515,0.0005107708275318146,0.000439215879061039,0.0015079988652123288,0.0007309354841709137
824,0.0012188324769680792,5.2379444506811534e-05,0.00039974041283130646,0.0006299760551802536,0.0001898910427769844,0.0007592104375362396,2.5821285595285792e-06,5.0701521451459704e-05,7.898733019828796e-05,0.002072890766522416,0.0016876343881943798,0.000866432674229145,0.001758770693826149,0.0004970740311689217,0.00039632804691791534,0.0007441021703477879,0.0009802212386339354,0.0004455000162124634
825,9.502422988680315e-05,0.0002833564315080535,0.0008797328919172287,0.00043617701263182207,0.0008250399820944505,0.0002942606806755066,6.268716014781045e-05,0.00012444093373298088,1.0319054126739502e-06,4.413401772241504e-05,0.0002930443881425798,0.001045416109263897,0.00023135753650862373,0.0012900722368683181,0.0003780703991651535,0.000981047363968035,0.002085340903500134,0.0002129673957824707
826,0.0006888492190849083,0.00031854514475015624,0.00037634558975696564,0.0008000853986826484,0.00034449519644515203,0.0006318185478448868,0.00010784294093973794,2.093591794079014e-05,2.2407621145248413e-05,0.00018587453534253673,0.00018270269672841094,0.00026365648955106735,0.0008800902021091628,0.00016924918767873345,1.4970079064369202e-05,0.001956741749329527,0.00024520761799189106,0.0003519579768180847
827,0.0015793897163371151,0.00015790725296972383,0.000948779284954071,0.0010826729360692566,3.832984602619022e-05,0.0007226988673210144,0.00021908577686178404,3.78337458836009e-05,5.716830492019653e-05,0.001755935676035436,0.0012901380629468384,6.070733070373535e-05,0.0024289528685165485,0.00038123092254370786,0.0003574453294277191,0.003200579703073164,0.0004461793682568778,0.0008247345685958862
828,0.0011289250611079826,9.241094318761939e-05,0.000771641731262207,0.0011845923210338227,0.0002256614851814734,0.0008383281528949738,4.594246881124697e-05,1.3664399368038243e-05,7.016584277153015e-05,0.0005355422334036644,0.000131222027583075,0.0006052320823073387,0.0005835793164056732,0.00011283792662654564,0.0006128419190645218,0.0005523297021392259,0.00012638048001982136,0.0015392228960990906
829,0.00020527619698004762,0.0002652718160082654,0.0007634535431861877,0.00013854795763182381,0.0005052937525426675,0.00020374730229377747,6.454467275262936e-05,8.517204095828245e-05,2.752244472503662e-05,0.0009777843202693134,0.0011052303956231649,0.00047027692198753357,0.0011371670357164798,0.001059935704902558,0.00019689276814460754,0.0017823186663511181,0.0012146377942375223,0.0002605728805065155
830,0.0004450980652209724,0.000727035766914675,6.546266376972198e-05,0.000859798147359564,0.00028412244686730134,5.274079740047455e-05,1.1806857843818172e-05,5.3152552053361245e-06,8.318573236465454e-06,0.0004483078724632772,0.0024507120752623665,0.00034581124782562256,0.0006332598226313699,0.0008743636832899363,0.00033948011696338654,7.67693588839824e-05,0.0002507174542329734,0.00012303143739700317
831,2.615377005138475e-05,8.460323112130172e-05,0.00016795098781585693,0.00021991436040624812,0.0005175021179023714,0.00011960603296756744,4.216675102075573e-05,2.8498237857947813e-05,2.191588282585144e-05,0.0016444971239143805,0.0016619124370218785,0.00047087855637073517,0.001762520044340174,1.758881410840983e-05,0.00010479241609573364,0.0002755871279069566,0.00039761546029697115,0.0002595260739326477
832,0.0004100800653216441,0.00012701142066063806,0.0002504754811525345,0.0008561945734271159,0.000429899512775736,0.0002821199595928192,4.2308292656060426e-05,2.5625851786941585e-05,4.623085260391235e-06,0.0001575251267205216,0.0005010199605435667,0.00040075182914733887,6.123843453167965e-05,0.00015781554500188082,0.00044413842260837555,0.00018691850466628912,0.00038992813392907735,0.0002617686986923218
833,0.001051867217224417,0.00015334567797233717,0.00029874593019485474,0.0012981048752584157,0.00019243934425062365,0.0001885686069726944,7.063948873729797e-05,1.603998047773332e-05,3.6954879760742188e-06,0.003964594872385298,0.0004252528025698518,0.0006073117256164551,0.003901816931542644,0.0017417328273540977,0.0005090367048978806,0.002063452891332973,0.0004060235237870122,0.0004153251647949219
834,0.0005106820719520122,5.5037642942325216e-05,0.00016438588500022888,0.00044971267177029706,4.537197441852048e-05,5.6492164731025696e-05,3.3908941860817665e-06,9.207945172646538e-07,1.640990376472473e-05,0.0011556357740561615,0.0007544599965243759,3.712158650159836e-05,0.0009220669100758749,0.0003773859453336491,0.00011949427425861359,0.0003549916598928615,4.42210583287278e-05,0.0004226267337799072
835,2.454486243291809e-05,5.022669431190355e-05,0.0002420525997877121,0.00022706569238362118,0.00023315444521755657,1.784414052963257e-05,2.4608499272639472e-05,4.609582047318691e-05,2.4959444999694824e-07,0.0005342488575357865,0.0004130587433244723,0.0003966391086578369,0.0003776526696746621,0.0006905505911147872,4.2047351598739624e-05,0.00046167870994773264,0.0009623499135763304,8.013471961021423e-05
836,0.0001630747097726981,7.607667813321756e-06,0.00028638169169425964,0.0008682745734400754,0.00034842920919357645,2.0792707800865173e-05,1.958743482092032e-05,4.173923618659508e-05,1.4845281839370728e-05,1.5593737270509778e-05,0.0004224145469665652,0.00042776577174663544,0.0003647743649220561,0.00026140692758207587,6.015785038471222e-05,0.0004457002853512637,0.0007666890246384554,0.0003383271396160126
837,0.0001574553450569005,0.00015880786254436619,0.0006978660821914673,0.00047472434886944304,0.0002249707520744458,0.0006614029407501221,0.00014299364649245777,3.130882946452253e-05,3.8817524909973145e-05,0.0016695277686328697,0.0009927713142166006,0.00012038461863994598,0.0017694804883743379,0.0007898440832393855,0.0001697000116109848,0.0002834147762603434,0.000487124998858942,0.000866476446390152
838,0.0005323734840056993,8.095954091919683e-05,0.0005875341594219208,0.0014562913821141443,0.0007548864745894578,0.0007311888039112091,0.0001341926879583604,1.8174326839697375e-05,3.0044466257095337e-05,0.0010514148095474296,9.149076416908875e-05,0.00034136418253183365,0.0004366741386236106,0.0007642957516117987,0.00022313743829727173,0.0007555310161579676,0.0002758337559193146,0.0007393620908260345
839,0.00038344086901473395,0.0006314994946420467,0.0012205429375171661,0.001384784415100232,0.0005111996145747005,0.0008881352841854095,1.6160839539553634e-05,2.0955840627532663e-05,2.6013702154159546e-05,0.0005237809096173343,0.00037762642682485914,0.0004509640857577324,0.0011569866225963413,0.0021075932744283148,4.104152321815491e-05,0.001857307574836431,0.0003262961533288932,0.0005135573446750641
840,0.0019470051441253522,0.00034776991820763964,0.0009473077952861786,0.0014733353163016993,3.2623014405999684e-05,0.001018572598695755,5.9701152581335265e-05,1.553457000599075e-05,4.795938730239868e-05,0.0004320887541772525,8.454272737173224e-05,9.282771497964859e-05,0.0002547456425973371,0.00013963286218002247,0.0002038944512605667,0.0017673220688498859,0.00039703037311977774,0.001000523567199707
841,0.0005546398374203787,0.00010186691845932155,0.00023247674107551575,0.0008658098695890348,7.381942425219862e-05,0.0007311180233955383,6.239385016258876e-05,6.40036314679827e-05,2.767890691757202e-05,0.0006856865851411556,0.0016701185675851923,0.00024999864399433136,0.0006447414035703827,0.0007499653209342219,0.0004235468804836273,0.0005534465213935247,0.0010491002388002633,0.00030237436294555664
842,0.0008791316344999855,0.00033740715343235153,0.000401228666305542,0.0003015794853605258,0.00020260005173541526,0.0006045568734407425,6.296180331370402e-05,7.034059303664118e-05,4.433095455169678e-06,0.001350468528230786,0.0013347703781600995,0.0005250293761491776,0.002225066226474122,0.0006580672409509727,0.0009183865040540695,0.000413726060769809,0.001295442469955643,0.00033619627356529236
843,0.0006183340254392045,0.000139220300162491,0.00022172927856445312,0.0002889738284777843,0.00012741753174534687,4.6156346797943115e-05,2.3167979739311534e-05,4.9598204560389984e-05,2.9981136322021484e-05,2.2849780903166916e-05,0.0013855940095722635,0.0005638599395751953,0.000489468325750822,0.0003352825430597232,0.0009813327342271805,5.596820029957206e-06,0.0010032735009009013,0.00041904300451278687
844,0.00029886247398197563,0.000259916259298866,0.0006914790719747543,0.000497179294822736,0.00022056760703817804,0.000551098957657814,6.896109710806397e-05,2.5140428199450608e-05,3.2708048820495605e-05,0.0009542473924589456,0.0008706907285585749,0.00032101571559906006,0.00013822989232583488,0.0005316132353691255,0.00023706071078777313,0.0005416335019788887,4.681331886138666e-05,0.0002326183021068573
845,0.00012035170972102271,0.0004530202682575986,0.00017480924725532532,0.00045352292181446985,0.000202063978004402,0.00017369166016578674,2.359457895360559e-05,4.6487787294132886e-05,4.548579454421997e-06,0.001527383873660991,0.0017603904558052552,8.877366781234741e-05,0.0018936031656631713,9.976713381816375e-05,0.0004988014698028564,0.0001143631872465023,0.0007998886450456075,0.00036310404539108276
846,0.0002470094929632738,0.00041285028017100725,0.0001447051763534546,0.0003470932196406873,0.0003699391028822163,3.3676624298095703e-06,7.502191777029356e-05,4.0041964513787623e-07,1.2069940567016602e-06,5.031586820521822e-05,0.0008005731987910866,0.00012479256838560104,0.00010106436090102922,0.00033282215612124785,4.4560059905052185e-05,0.0002450172518339844,0.0001295694994407244,0.00016555190086364746
847,4.9809285515234336e-05,0.00023589124556641639,0.000517919659614563,0.0006704572369639339,0.00015804481219438768,0.00046280212700366974,3.921495379357459e-05,8.433470531746885e-06,2.3711472749710083e-05,0.0012776785576241456,0.0006667265683460086,4.6768225729465485e-05,0.001263924876398613,0.0025177093727546725,7.242709398269653e-05,0.00026379369717283163,7.854668258302708e-06,0.00024198740720748901
848,2.7860890258468718e-05,1.8725320978216914e-05,0.00010680034756660461,0.00024097468987052673,0.00013143964214962917,0.0001868847757577896,6.12110674560358e-05,1.7637385738389724e-05,4.0978193283081055e-08,0.0014739976625225207,0.000306089802116577,0.00010432209819555283,0.0013975821131966062,0.00037413874472273095,0.00022408366203308105,0.0005856954498846267,0.00040872605937262996,3.7997961044311523e-06
849,0.0014044099795368914,3.8510995553239086e-05,0.0003754422068595886,0.0009362243427761263,6.528959204570375e-05,0.0007230285555124283,9.411474434301709e-06,6.788031286251517e-05,5.99883496761322e-05,0.00015649784670863226,0.00035943981470895614,0.000679992139339447,0.0005367872550278707,0.00032521364958672944,0.0002594534307718277,0.0011092927603713887,0.0010556956650445634,0.0006451494991779327
850,0.00019739923869607767,6.211855803628374e-06,0.0003857910633087158,0.0005235180892554925,0.00025566014611327903,0.0002602953463792801,3.2064478538013086e-06,5.280007906208759e-06,3.393739461898804e-05,0.0004190911112864279,0.00080226899101183,0.0004286179319024086,0.00032057025493373303,0.00025251776903696677,0.0003508199006319046,0.00013823309411017948,6.704599418576145e-05,0.00042236223816871643
851,0.0013286042077822746,0.00021844175242294664,0.00021000206470489502,0.0010401433140171112,0.00023454339302508842,0.0002682860940694809,1.4489245319798671e-05,6.27342181478965e-05,1.3902783393859863e-05,0.000743950861926107,9.720020964808229e-05,0.0002746637910604477,0.0012858252823073624,0.0013675457154227431,0.0004554037004709244,0.0015827202176023347,0.001184886293726364,3.264099359512329e-05
852,0.0036632336795740794,7.677079748508869e-05,0.002309536561369896,0.003752669264965508,0.0004462062479511607,0.002370338886976242,0.0002724627009247863,8.635485146307352e-06,0.00013982504606246948,0.0027878118977743976,0.000619052627179692,0.00036492105573415756,0.00288835164678989,0.0013968852876268013,0.00021136365830898285,0.003930843217741398,5.2445587426352275e-06,0.002279244363307953
853,0.002267738372994821,0.000240660648388364,0.0008505210280418396,0.002863918911827107,3.732032192484136e-05,0.0005788914859294891,6.982109193951272e-05,1.2671828975809344e-05,6.991252303123474e-05,1.5721644513778943e-05,0.00028623126158412726,0.00013798102736473083,0.00015890026178129457,0.0010832830837493035,0.0004493165761232376,0.002571219994859625,0.0001112460581993574,0.0006948299705982208
854,0.0021074814097560846,0.00015018156607462044,0.0004419200122356415,0.0022026167534327235,0.00012500174575290346,0.0006611235439777374,3.644701883413065e-05,3.930381282401998e-06,2.3916363716125488e-05,0.00048659124413186206,8.623848283517699e-05,0.0005144895985722542,0.0005955273982576684,0.0006435513067500273,0.00022231414914131165,0.0006511592741578198,2.238525791956221e-05,0.0003617703914642334
855,0.00010428346699564717,0.00029962275001669744,0.0005137454718351364,0.0008111223671534995,0.00013818743993556856,0.00035003386437892914,0.00015996006423588463,2.402477929019269e-05,3.2454729080200195e-05,0.0008018297802022192,0.00021511201476807906,0.00027452968060970306,0.0010937081304266474,0.0005319781505003819,3.0528753995895386e-06,0.0007600499687082096,0.00027125206524768533,0.0007364414632320404
856,0.0012926747577367281,0.0004819817238574421,0.0011386610567569733,0.0009534259110215715,0.00022302407464985796,0.001233801245689392,0.00018281786063956834,2.8215289754637113e-05,9.457394480705261e-05,0.00027145635648460203,0.0008994919179682939,0.0003312099725008011,0.000378577963204077,0.000692023348031437,0.00022518262267112732,0.0006995631699737159,0.0009505115668333002,0.0012848637998104095
857,0.0013427616001733533,8.40786443190994e-05,0.0005159676074981689,0.0014190128807956282,0.00029183882077270587,0.0002944488078355789,0.00012008116236850337,1.5630389277335936e-05,5.8613717555999756e-05,5.466654118226749e-05,0.0020259115197288832,0.00022444315254688263,0.00017328219139157996,0.0010474101195577477,0.00043064728379249573,0.001005877110518666,0.00020914466655087838,0.0009116008877754211
858,0.001957097483500231,2.71066848922287e-05,0.00022672675549983978,0.000579994276832918,0.000336525132589794,0.0004967004060745239,8.915019570776388e-05,3.0012396999395865e-05,7.290393114089966e-06,0.0008340124119322542,0.0015506308667276036,0.00021685101091861725,0.001423232585835238,3.7164128415957676e-05,0.0006573759019374847,0.0007354910873496046,9.299882045804911e-05,4.331767559051514e-05
859,0.0005487189242497914,9.550951928475465e-05,0.0012941919267177582,0.0007155146478080299,0.00018934384556135858,0.0008582696318626404,0.00012690862623918053,6.916228431104302e-05,8.181482553482056e-05,0.0004964438768371021,4.0909076968999314e-05,0.0002652043476700783,0.0006403434001803973,0.002094470456281635,0.0010402519255876541,0.0015167280331510324,0.0013312130576766668,0.001547049731016159
860,0.0012604186255836536,0.000610504941157778,0.0003877505660057068,0.0012642397843972975,0.00040338478397032584,0.0011367704719305038,1.5309849342622084e-05,4.627706206931177e-05,6.45369291305542e-05,0.0019727246793819417,0.000965988896504337,0.0008434941992163658,0.0032261993132154873,0.002466457291257468,3.303214907646179e-05,0.0007530468385087419,0.00031094496496320706,0.0017692483961582184
861,0.00045689356454806096,0.0002870023948616379,0.00022902153432369232,0.0002266433908290899,0.0002910773623840679,0.00019996613264083862,8.860806576108972e-05,3.5018593874956206e-05,1.2278556823730469e-05,0.000535344881702364,0.00027620104979621946,0.0003975480794906616,0.001137408019733159,0.0018811210174188298,0.00033789873123168945,0.0011157082034317645,0.0005897661558754708,0.0006369389593601227
862,0.0013310591460417853,0.00037329384973647586,0.00035994499921798706,0.0014381898343315824,0.00026057518959211184,8.353963494300842e-05,3.682970184118277e-05,4.664108075806944e-05,1.6026198863983154e-05,7.873413133484969e-05,0.00043906745137296116,0.0009260745719075203,0.0002695404524681311,0.001076368648711256,0.0002967510372400284,0.0004022883860262394,0.001182429645758789,3.460422158241272e-05
863,0.0015288140024582453,8.51168300068858e-05,0.0013081710785627365,0.0015633326395169955,8.381206290660609e-05,0.0012136977165937424,0.00010478011643534971,1.4988533891984943e-05,7.609650492668152e-05,0.001640712198364952,0.0005450590713506898,0.0002815490588545799,0.001731411611746246,0.0012622108708393032,0.0005184561014175415,0.0031824853260622177,0.00040407082999149163,0.00033750012516975403
864,0.0037247028423308404,0.00016381678646340894,0.001481756567955017,0.003509958592630036,0.00012684387867711172,0.0013089291751384735,0.0001565355649998934,8.437728502232091e-06,0.0002132803201675415,0.0003558008249646277,0.0010683242219714298,0.0014055147767066956,0.00048294617540804025,4.339952184631915e-05,0.0015397444367408752,0.0038177237852423385,0.0005382598312248348,0.003985010087490082
865,0.001376445923364722,0.0007852838884239467,0.001162756234407425,0.001826222159156704,0.000836732633833135,0.00013615190982818604,0.0002052184727526999,0.00020097122736541196,1.0624527931213379e-05,0.0004161054247171572,0.0016918468035791862,0.0012516072019934654,0.000571891982132873,0.0023755671758736926,0.00024716928601264954,0.0016518380135137345,0.003524036758832144,0.00013341009616851807
866,0.002101730801832874,0.001000447753554172,0.0009381566196680069,0.0022699353135529066,0.0007247204688784932,0.0014509279280900955,5.772285793740478e-07,9.342810333376732e-05,6.471201777458191e-05,0.00018647661712707653,0.001793139774009557,0.0002926606684923172,0.0010660041369529444,0.0009739767662974193,0.0004471614956855774,0.0023838428634429254,0.0017600993889622767,0.0006902255117893219
867,0.0014669505691291829,8.287901948322157e-05,0.00041946396231651306,0.0012724305666052815,6.146073065729091e-05,0.0006571859121322632,2.976699164351608e-05,9.094944569686516e-05,3.4458935260772705e-06,0.0007682914399920332,0.002024397062187676,0.00025037769228219986,0.0005168287695184182,8.141459957388894e-05,0.000583600252866745,0.0010085828580502776,0.0016134603393129013,0.00044169649481773376
868,0.001224803023818638,0.00011683304797665411,0.0005532875657081604,0.00023017876851932906,0.0006108121071195446,0.000492628663778305,2.502948585793828e-05,1.855747020263008e-05,2.5093555450439453e-05,0.00021908047549575732,0.0007217135162722321,0.0009729163721203804,0.0008569319842108292,0.0010640273162248158,0.0008563287556171417,0.0003423434316688623,0.0004023913785653685,0.0006561726331710815
869,0.0008145350816982366,2.8655397275954148e-05,0.00012790411710739136,0.0008667458503041625,0.00017542759730884705,4.639849066734314e-06,2.6525581863752826e-05,2.129812735675524e-05,2.985447645187378e-05,0.0006168471642383558,0.00086034561732206,0.0005714911967515945,0.0006709980820124098,0.00035154055908092827,0.0007402412593364716,0.0007531010045974951,0.0002325815028295583,0.0007102377712726593
870,0.0010856205990994183,0.0008375723509465513,2.080574631690979e-05,0.001505760019162694,0.00048340516902526526,2.88989394903183e-05,4.882892584823217e-06,3.517776081065965e-05,3.1478703022003174e-05,0.0008741127347347832,0.0012479600663866663,0.0006149429827928543,0.00044313709127936224,0.0007052055119185722,0.000613754615187645,0.0005744148782332315,0.0010736884694890446,0.0007948018610477448
871,0.0006155659522714685,0.0002121712570160167,0.0011311471462249756,0.0018089553331316899,6.100079943714698e-05,0.00017868541181087494,0.00015528207544190584,0.00011596512710576688,8.577108383178711e-05,0.0008485594954783376,0.001996094456487553,0.0004991199821233749,0.0011170614849075125,0.0007202557427713561,0.0016956832259893417,0.0004635544818401144,0.0023405547883366892,0.0023914799094200134
872,0.0010961522537575874,0.00040787360769405784,0.0005495324730873108,0.0005748241471005555,3.219274358276861e-05,0.0010080281645059586,0.0001006126652473762,4.275310854306904e-05,2.7157366275787354e-06,0.0008552537584059286,0.0005414335808849799,0.00021529290825128555,0.0016741979104280547,0.0003252201245252193,0.0006919503211975098,0.0006566206628808996,0.0003980870152556562,6.547197699546814e-05
873,0.001185690630069569,0.00043345370216926055,0.0010185688734054565,0.0009637971152137159,0.0001438044238339653,0.0006063338369131088,0.00013972361252919882,2.1144670784248743e-05,4.682689905166626e-06,0.0011211245117329141,0.0007788926676853339,0.0008407430723309517,0.0009251665597119763,0.0013910886516018753,0.0002992488443851471,0.0019779539351223313,0.0006006261975310505,0.00025177374482154846
874,0.0012181201033157618,0.0002616598002358958,0.00013432279229164124,0.001323881391930598,0.0006673277196534606,0.000293537974357605,0.00011689470755023822,9.71568664455305e-06,9.12696123123169e-05,0.001002961251057144,0.0013371240178890187,0.0016538100317120552,0.0002546966157068245,0.0009147029505010996,0.0011542905122041702,0.0003659123962995725,0.00019887095057748855,0.0015014372766017914
875,0.0029861001195997106,0.000146465185770394,0.000374816358089447,0.0030821475989374902,0.0001814682130449191,0.000789981335401535,0.00017410027010958222,2.37400251207841e-05,4.250183701515198e-05,0.00010569581722236904,0.00026685749342973686,0.00012594647705554962,0.00036174900688909495,0.0022143458904279253,0.00033434852957725525,2.334726647855445e-05,9.374184865271196e-05,0.0008683577179908752
876,0.00012107529006938345,7.993095515987023e-05,0.00038456544280052185,0.0010169648803165232,3.648605309548164e-05,0.00031964294612407684,8.242187308468707e-05,4.4332133818566696e-05,3.9637088775634766e-05,0.0021030411844924143,0.0016534720019093369,0.0006987396627664566,0.0021484900933140677,0.0007326579868455405,0.0007200185209512711,0.0013857939945294273,0.0011218346057269984,0.0002026669681072235
877,0.0008145386126962306,2.1360770738998447e-05,0.0006912387907505035,0.0007686222219038252,0.0002899624232464565,0.0005874503403902054,0.00016613998545161011,0.00010109527418105421,4.701688885688782e-05,0.0006772262765323972,0.0008964441424910499,0.00041704997420310974,7.965316848101978e-06,0.0018737347746060583,0.0005672946572303772,0.0011920540756373693,0.0020146778163930776,0.0021108612418174744
878,0.0004032013793602296,0.0002059757124664753,0.00019454583525657654,0.0009255010299428768,0.0005010546138251096,0.0004891548305749893,1.8344707648894343e-05,5.8624961201422235e-05,2.9690563678741455e-05,0.00047418024782741597,8.915793507543318e-05,7.811933755874634e-05,0.0009479790428027976,0.00016418794043642632,0.0009073503315448761,0.0003747563816133559,0.0007349557266471407,0.00044140592217445374
879,0.0008358542431823046,0.0002025171299243518,0.0008442364633083344,0.000830681464005556,0.00016531456917875248,0.00030497461557388306,5.0232394605418534e-05,8.925728634325155e-05,9.512156248092651e-05,0.0003198416936717047,0.0004962052471024492,0.0006324676796793938,0.0010695922579173345,0.0014887770994013918,0.0012348871678113937,0.0015186565735898355,0.0015105882689702282,0.0019853413105010986
880,0.002461821745081444,9.453477074411118e-05,0.0016839802265167236,0.003343193555709195,0.0003124477444914481,0.0022725723683834076,6.133365448001554e-05,2.568560244518435e-05,0.00021469593048095703,0.001545889984231122,0.0006889580916119992,0.001902175135910511,0.0005607739923008948,0.00018253936756098578,0.0011647455394268036,0.0038642562652135976,0.000581490049249022,0.00354887917637825
881,0.0006322796561183397,0.00021648282243554376,0.0006785839796066284,0.001066674477468249,0.0003656163314598379,0.0010071955621242523,5.816207160590746e-05,3.3716063669621916e-05,8.147582411766052e-05,9.352705977320325e-05,0.00027217821054271313,0.0008041141554713249,0.0005307797819119886,0.0006242581744780023,0.0003842972218990326,0.0004253361432012548,0.0004550197881340451,0.0014260746538639069
882,0.0010356846759149718,0.00020060036753686422,0.0016586706042289734,0.0013441250551313177,0.00035000317470451625,0.0010068919509649277,0.00018525051187773256,0.0001194428512301391,0.00015819072723388672,0.0008961482438578638,0.001813094890935181,0.0010336656123399734,0.0009045790044311872,0.0016406204416509022,0.001866258680820465,0.0017916816121185813,0.0020428695106665916,0.00364481657743454
883,0.00031375430043073527,0.00041713810663682876,6.593018770217896e-05,0.0007614252361743956,0.0009924021400922883,0.0005545429885387421,4.349921727884315e-05,8.331766645788439e-05,1.3407319784164429e-05,0.0023423717169716793,0.000139228512634329,0.00021383818238973618,0.0011909450719995648,0.000680769999418105,0.00048401951789855957,0.0008060359803273437,0.0015703069351599985,0.00048207491636276245
884,0.001333454933995698,0.00018288638763142712,0.00028742849826812744,0.0010131938402073715,8.470993539368143e-05,0.0006000753492116928,3.6000854702284216e-05,1.8076934783569244e-05,4.147365689277649e-05,0.0007450718875536971,0.0006115926872258814,7.353909313678741e-05,0.00028271815097440783,0.00017192548479353503,0.0003504473716020584,0.000977355282229253,8.489526141807271e-05,0.00011153146624565125
885,0.001093853051006205,0.00014988083748887146,0.00011854991316795349,0.0011215186248023368,0.000354686762709909,0.000665886327624321,5.1452604217863684e-06,9.724638718522577e-05,3.068894147872925e-05,0.001251287658292112,0.0004926356657555253,0.00033628568053245544,0.0014428294572395792,0.0016413389006411285,0.0004055313766002655,0.0013673767030544098,0.0015583897556233697,6.745010614395142e-05
886,3.009134922660195e-05,0.00024591553452716144,0.00041880831122398376,0.00020539957283649546,6.807027562739931e-05,0.000299941748380661,1.9316931784462213e-05,3.521973875288088e-05,2.8256326913833618e-05,0.0014595671800984103,0.0006863079399598154,0.00024531036615371704,0.0017764440578819651,0.0013436993950511362,0.00032715871930122375,0.0005791338538035651,0.000641929039270895,0.00041971728205680847
887,0.0018492311882944146,2.0332811191889344e-06,0.000408906489610672,0.0019383593335405014,0.000278487799791817,0.000719049945473671,2.8556006130013925e-05,4.675852605917283e-05,7.167831063270569e-05,0.0017420762238953488,0.0007740565277562228,0.000608585774898529,0.001378137144233793,0.0009476215091512759,0.000169290229678154,0.0020678887325533135,0.0008338989228999089,0.000944141298532486
888,0.0009188286540503521,2.379487767245614e-05,0.00010390952229499817,0.00015860515734023029,0.0004839891009993033,1.0460615158081055e-05,6.348278521251839e-05,3.396406254483307e-07,6.027519702911377e-06,0.001431602990039263,0.0013910954311570772,0.00011232774704694748,0.0018480998779366181,0.00031091474495079964,0.0002903435379266739,0.0010987409909977292,0.00027864041609538745,0.00010936707258224487
889,0.00033024550812721376,0.0002578559023998228,0.0004055686295032501,0.00032003013903050825,0.00018262747171366583,0.0009891297668218613,0.00012120007300870511,6.648669174712327e-06,6.0595571994781494e-05,0.00120432004968022,0.001455552547532886,0.00048677995800971985,0.00030660805318071666,0.00032217983945145856,0.00023296475410461426,0.001004081197089099,0.0003459159187771989,0.0013421028852462769
890,0.0006899299785505797,0.00014562442443559823,0.00045622512698173523,0.0007349914134126001,0.0005758392916610441,9.077228605747223e-05,0.0001915756590567877,3.7365805990321934e-05,1.7508864402770996e-05,0.0014509062017238686,2.697694305159315e-05,0.0004935264587402344,0.0009525519121391449,0.0006918207837391136,4.887394607067108e-05,0.0016287098976678488,0.0004065449860269285,0.00032136961817741394
891,0.0021593775319019293,0.00011336586219800118,0.0007776059210300446,0.002104867166491886,0.0005521618833563141,0.0005238838493824005,4.49404228192226e-05,1.0186962305038091e-05,7.678195834159851e-05,0.0013403192819074483,0.0006492437927800299,0.0003495914861559868,0.002490606116982083,0.0014296158167851044,0.0006587859243154526,0.0019012674279034747,0.0001149305206440479,0.000624489039182663
892,0.002170614433506468,0.0004182025034587776,3.466382622718811e-05,0.0020896404780980926,0.0008285874158627318,0.001266341656446457,4.690712233647136e-05,0.0001670783344941537,4.296749830245972e-05,0.00024814787448369097,0.0019010495716554401,0.0003121327608823776,0.0002258000240450489,0.0017399445914426563,0.001168806105852127,0.0018738745107555882,0.0031590610370142713,8.195638656616211e-07
893,0.0017169124664485613,0.000790587123989623,7.939338684082031e-05,0.0028155309200416923,0.0006694744200081253,0.0004935935139656067,0.0001557175841782176,2.1497063311462722e-05,4.727393388748169e-05,0.0025955565622643104,0.0003829977024047346,0.0007925825193524361,0.0015451783637303387,0.0012507249952466932,0.0003605801612138748,0.0012969228346759315,0.0005678820245164085,0.00012059137225151062
894,0.0012651658486885764,0.000204967977570341,0.00016016140580177307,0.0010781160236536524,0.00010631895044664261,0.0003528706729412079,4.469367778786766e-05,3.7776438802476775e-06,1.4603137969970703e-05,0.0024495864945774243,1.8461649421777637e-06,0.00029485952109098434,0.0021029126429182865,0.00011336962216150319,0.00015072710812091827,0.0008866358682793896,0.00019093087936207162,0.0003114528954029083
895,0.0008490641813186095,0.0002287574318043141,0.0013590231537818909,0.0019638336577311732,0.00015942219784734896,0.0012401863932609558,6.503209960594808e-05,8.630402920754192e-06,8.633360266685486e-05,0.0020935340203173947,0.00028896437458616336,4.721246659755707e-05,0.0014591577208409243,0.000558113734701539,0.00018683262169361115,0.002112183089313893,0.00016706323929607456,0.0011728964745998383
896,0.000310797796076151,0.00034355948868982494,0.0005632340908050537,4.711945411345342e-05,0.00029976917522336194,0.0013836231082677841,0.00015869115910911377,7.252058377312507e-05,4.937499761581421e-05,0.0015553952795065926,0.00034638379327388974,0.00044340360909700394,0.0005592522833491598,0.0003041218882100455,0.0006282366812229156,0.0006348324756441509,0.0008936779702237094,0.000973384827375412
897,0.0030459537842966733,0.0003431684311732963,0.001277044415473938,0.003340828085048403,0.0002866620030887515,0.0015638619661331177,6.852665628051188e-05,1.786040091343111e-05,9.341537952423096e-05,0.0025339543862073557,0.0008251288555283787,0.0005044080317020416,0.0019350043332442349,0.00043919843605498294,0.0001592002809047699,0.0022473717304201113,0.00019118820394688207,0.00109061598777771
898,0.0006849127418241951,0.0006987603040270185,0.0003134682774543762,0.001432960419347734,0.0003920219501232988,0.001005128026008606,4.689300377631184e-05,6.66655439881367e-05,3.777444362640381e-06,0.0001075497070515824,0.0013035416945626765,0.0003310674801468849,0.0001306179727666515,0.00012656077882831993,0.0006087236106395721,0.0006156453421308772,0.0010567696936747764,0.0005163326859474182
899,0.0011690469252862157,0.0006607705836980532,0.0008566826581954956,0.0015244055043997229,0.0003974480111117659,0.0009934082627296448,3.26473656778771e-05,3.279537498153493e-05,6.179884076118469e-05,0.0005509960180814163,0.0011577673474733527,0.0006907917559146881,0.0004537623017992279,0.0007656312869458604,0.00039234571158885956,0.0014958111524391304,0.0006854997932385018,0.0014452636241912842
900,0.0029263243837902853,0.00023412147089125687,0.0009409487247467041,0.002722113608512239,0.0003382050099245207,0.0014924164861440659,4.9392509886871105e-06,9.491118903571876e-05,0.00010897219181060791,0.002244794696510191,0.00020393689552150596,0.0011751893907785416,0.0022102874685462764,0.0010058716221161322,0.0005015060305595398,0.003166350735402987,0.0018156407335065267,0.001155998557806015
901,0.0017060804195701829,0.00011126362849173121,0.0002171136438846588,0.0021272034114137306,0.0004872763644862832,0.001299981027841568,5.208446784955856e-05,0.00012765470334276906,1.7091631889343262e-05,0.0026220967754262275,0.00214110440606894,0.0005655456334352493,0.002339234258187335,0.0015759952933317826,0.0008893962949514389,0.002544531627074992,0.002517632261933578,0.00012603029608726501
902,0.0016048525043146356,1.2418920835303993e-05,5.496665835380554e-05,0.0024904322084314534,0.00018543503433918196,0.001057986170053482,4.3018880236202206e-05,0.0001259280140911128,2.1710991859436035e-05,0.0036835472462429103,0.001386943283030219,0.0007415805011987686,0.0033345132215676088,0.0021710303356655657,0.0007051117718219757,0.002491991186116496,0.002511403270869045,0.0005444325506687164
903,0.002377805325457838,0.00033020803525935644,0.00027902424335479736,0.0027473626205514745,0.00015399437894601103,0.0006451476365327835,1.9259514885371087e-06,0.00013646234738181945,3.1985342502593994e-05,0.0034061333986000614,0.002196901714823389,0.000245802104473114,0.0031931632294786363,0.0022660305160046605,0.001485675573348999,0.00228883012843209,0.002516904383038164,0.0014007650315761566
904,0.0028047173230945077,0.00021518887824403116,7.274001836776733e-05,0.0030350269435817367,0.00028292536024604464,0.0011178553104400635,0.00011364352684558807,0.00014539660001188209,7.800757884979248e-06,0.003936375295587526,0.0018107759512494964,0.00032027997076511383,0.003788130647793972,0.002010067803276127,0.0012197457253932953,0.004627736535681146,0.0026861208229625316,0.0005675032734870911
905,0.0025463956392944576,0.0003913473214214938,4.503875970840454e-06,0.0025132862407801493,7.536539074685933e-05,0.0005604848265647888,2.3772313269250847e-05,6.364692562677585e-05,3.5800039768218994e-06,0.0026318789798743247,0.0001980886486968106,0.00038786232471466064,0.0020942527154300464,0.0009091560920790193,0.00035813450813293457,0.002092773369110304,0.0012803082414637248,0.0006200820207595825
906,0.0011195447012380677,0.0003940064104604006,0.000299651175737381,0.000783962135681715,0.0005339277726198015,0.00045139528810977936,2.941758043133874e-05,1.9468784110237376e-05,4.051625728607178e-05,0.0015140487563730168,0.00020524309148187841,0.0005293786525726318,0.0011043571901949364,5.182598576519183e-05,0.0007901471108198166,0.0013455396014269844,0.0005866130787337484,0.0013081803917884827
907,0.0024121883480429096,0.00018184129423119005,0.00023033469915390015,0.00264295325169403,9.518950939127815e-05,0.0004196874797344208,3.158800139644799e-05,2.721688153762441e-05,1.1578202247619629e-05,0.0010646741901154042,0.00041195285883594,7.111299782991409e-05,0.0008059838232071306,0.0002724136675932246,0.00047900713980197906,0.0021843558713475764,0.0006343744178245597,0.0001803077757358551
908,0.0017151403569873602,2.365899896723811e-05,0.0001605898141860962,0.0020121308394942528,0.000276434851308828,6.0228630900382996e-05,4.862100884281059e-05,1.1905301925247379e-06,1.3746321201324463e-06,0.0009588141098438793,8.985883423481139e-05,0.00011771731078624725,0.0007380740447481063,0.00027676757777929384,3.705359995365143e-05,0.001052729739971378,1.018586728852855e-05,0.00014348700642585754
909,0.0011125978606796871,0.00023396679259676118,0.00045146793127059937,0.0012631952853224548,0.00022307477237922327,0.0006025433540344238,1.11099563609076e-05,2.42542601194553e-05,5.6393444538116455e-05,0.0008417958225623925,1.4791824678617171e-05,0.0006083976477384567,0.0007611944573057416,0.00021917118996616584,0.0005203448235988617,0.0010056589045569775,0.00040623963058368864,0.0009018965065479279
910,0.0005461191959324208,0.0003902795648830608,0.0002304762601852417,0.0005351225546215976,2.956157886730218e-05,0.00025495700538158417,2.1137601969693776e-06,2.1652932971854113e-05,1.0076910257339478e-05,8.971243018643382e-06,4.875555411863047e-05,6.774626672267914e-05,9.483859857074839e-05,0.00026052224785237405,0.00010862946510314941,0.0007032171190952952,0.00044154925731560574,0.00018189847469329834
911,0.0017451423714236747,0.00026570777395846373,0.0006364770233631134,0.0016180160725436654,0.0005337630914340197,0.0006267856806516647,0.00010070426189981094,7.324976063697707e-06,4.954636096954346e-05,0.0018800847747583033,0.000339116835186018,0.00018439441919326782,0.0016786692852079066,0.0004792832222788512,7.953494787216187e-05,0.0017196156515925654,9.909419140988543e-05,0.0008965693414211273
912,0.0015801921184002699,0.00042582115029469667,0.0003630444407463074,0.002017834164368626,1.6796396634620459e-06,7.101520895957947e-05,4.975350447350077e-05,9.708898118991746e-05,4.4114887714385986e-05,4.399560512827888e-05,0.001451391389996337,3.82252037525177e-05,1.923871278527306e-05,0.0009476888532690417,0.00044476427137851715,2.8164552153486788e-05,0.001920682630437532,0.0011194348335266113
913,0.001324629975256314,0.00023801648549839904,1.9937753677368164e-05,0.0015588255995744316,0.0002573577972329634,0.0002307705581188202,5.6569573415096025e-06,6.001670109615962e-05,2.7533620595932007e-05,0.0021629029256044,0.001928944778755104,0.00039579998701810837,0.0026447726362036905,0.0008260590085872798,0.0007514264434576035,0.0008204174476563325,0.0012383601793688297,0.001148473471403122
914,0.0010329220217741575,0.0001553023967690581,0.0005166791379451752,0.0005202421382565214,0.0006740208919257008,0.0002548694610595703,6.124194980600302e-05,1.1601972719865348e-05,1.8201768398284912e-05,0.0020328536709326855,0.0002363036913722652,0.00011630915105342865,0.0015793382518348442,9.582344637025422e-05,0.00015598908066749573,0.0010247383124162013,1.1674900290848528e-05,0.0003655925393104553
915,0.0004455016357093611,0.00029850728338498556,0.00015601888298988342,0.0001292276830840433,0.0006161201333214038,0.000308111310005188,5.156888472246032e-05,1.698324464509274e-05,1.6905367374420166e-05,4.289349532089759e-05,0.0008725679169010112,0.0005073491483926773,0.000211211493976092,0.0004282232691196295,0.0003399290144443512,0.00035627293047271746,8.406606759632507e-05,0.00018594041466712952
916,0.0014091670351727703,0.00011448089285995972,0.0012059621512889862,0.0011985260174190993,0.00042867738439149317,0.0009019896388053894,0.00011017312149607175,7.339683608006747e-05,5.083903670310974e-05,4.086251402467961e-05,0.0017522326378198588,4.347600042819977e-05,0.0007270182832924479,0.001613340488579109,0.0002899337559938431,0.0013413867313749744,0.0015322763238014778,0.0011490583419799805
917,0.0010556809434610903,0.0003052074568405047,0.0007031634449958801,0.0020157529446764577,0.00018665245194671512,0.00014287978410720825,9.023867674653671e-05,0.00010883988497055182,2.969801425933838e-05,0.0006430500770781278,0.0022442965398231374,0.0006145713850855827,0.0008177784960220827,0.0009266693976679678,0.0003869272768497467,0.0009009706037924059,0.0018184250113196035,0.000807739794254303
918,0.0004692994129213701,0.00016008379116594362,0.0006332471966743469,3.3591941027671934e-05,0.0005753268932482437,0.0008201804012060165,0.00011846006214418815,2.1919278821077573e-05,6.97895884513855e-05,0.000596033482562007,0.0003966329438427965,0.0007451996207237244,0.0004845897078317729,3.3248021938372604e-05,0.0005109328776597977,0.00031002036111703324,0.00045061376986005666,0.0020291320979595184
919,0.000986984612833114,0.00045227132635517614,0.0006736405193805695,0.0004641082483962389,0.00037225568999690525,0.0005399715155363083,0.00013650134367051633,4.853964673582419e-05,7.606297731399536e-05,0.0007385278976190235,7.204193222355715e-05,0.0007452536374330521,0.0005122534992980585,0.00013300503998674856,0.0008631404489278793,0.0006205553736077785,0.0010144124359606627,0.0017688795924186707
920,2.714416259358421e-05,0.00024168335240606562,0.0008142478764057159,0.00044167476976669784,0.0002624701047770177,0.00041530467569828033,0.0001535533275099244,6.236114431957206e-05,2.1163374185562134e-05,0.002253383047576378,0.0014267404755340593,5.823653191328049e-05,0.0010179004053344695,0.0014186223081693455,0.0005732830613851547,0.0008867809967895851,0.0012345329392613597,0.0005446188151836395
921,0.0012459636985722444,0.00022753303537712335,0.0010139420628547668,0.0021125198550459856,0.0002363020117738049,0.0005599111318588257,0.0001276482828854869,7.014000967081125e-05,8.936971426010132e-06,0.000672891761408688,0.001121061466343061,0.0005726935341954231,0.0010877654672691722,0.0013558685427060187,9.143725037574768e-06,0.0016397267626380718,0.0017061841911525204,0.0006659254431724548
922,0.001990029324496295,0.0003307494467553948,2.059340476989746e-05,0.0020991606722927936,0.0001427764729677039,0.00016280077397823334,4.652117010822861e-05,4.280598009283776e-05,6.416812539100647e-05,0.0009728413824526411,0.0008725045571939399,0.000715731643140316,0.0008747964584116183,8.013237382291805e-05,0.0008714720606803894,0.0018151463723808658,0.0005669563273990007,0.0008609890937805176
923,4.980873888782433e-05,0.00031310875109661837,0.0006499923765659332,6.61395233755302e-05,0.0004574665858446368,0.00014653988182544708,9.703133494629035e-05,0.00011652943659311407,2.193450927734375e-05,0.0001723183003204884,0.001246708095478298,0.0003652051091194153,3.8334759520884665e-05,0.0016031203022846222,0.000673290342092514,0.0008867345692392808,0.0019575517094516173,0.0008263364434242249
924,0.0018408044614527386,0.00012283528088474424,0.00032359734177589417,0.002654374316541419,1.7045462121601657e-05,1.2010335922241211e-05,8.387369640300811e-05,8.939815299794165e-06,4.412233829498291e-05,0.0002420830248984901,0.0007856364221974638,0.00029627513140439987,4.4435773499662545e-05,0.0009926753693799062,0.0005824025720357895,0.0013942402360100081,0.0005116257452275688,0.0005272179841995239
925,0.0009526702952909472,0.00014390895337352064,0.0004261285066604614,0.0005449263899427459,0.0003596053424638479,0.0003778822720050812,7.798711260591923e-06,1.6629066451535023e-05,4.9892812967300415e-05,0.0010204582035777746,0.0007784947661241479,0.0005648564547300339,0.0009248979561491816,6.086172705634368e-05,0.0005242880433797836,9.849356037777701e-05,0.0005490289332000693,0.0009526871144771576
926,0.000701027822891831,0.00015614221115172952,0.0005236044526100159,0.0006404314486633811,0.0001042571226612006,0.00014344975352287292,4.5617300048263545e-05,9.363588078118898e-05,2.613663673400879e-05,0.000940822628577212,0.0018010191059247699,8.118432015180588e-05,0.0017240263955105584,0.0016229596304812698,0.0004629697650671005,0.000911357403813387,0.0017793317956375544,0.0006411746144294739
927,0.0001448172361784017,0.0002184258654191959,6.986409425735474e-05,0.0005530504047215334,6.112071356776175e-05,0.00044035352766513824,7.427172039362225e-05,8.997495334935458e-05,3.0465424060821533e-05,0.002447365141235766,0.0011650946389981168,0.0004412960261106491,0.0018110077957504203,0.00031941120181329646,0.00012953393161296844,0.0003403475104332282,0.0012250117330728054,0.0007184594869613647
928,0.0005058185944948335,0.00028971733233611185,8.307397365570068e-07,0.001909563198908587,0.0010372828822890895,0.0005303900688886642,8.016193100032591e-05,5.0881409313828724e-05,1.3705343008041382e-05,0.00020080073112294095,6.22416800584516e-05,0.00016770325601100922,0.00026273317710566457,0.0003503626300543818,0.0009195636957883835,0.0005583417892851689,0.0008374080564661421,0.00014822930097579956
929,0.0019029329277351903,0.0005139507155234035,0.0003219582140445709,0.001985728948646237,0.00020306824301477566,0.00010272115468978882,3.5301217072786564e-05,7.869933906120424e-05,4.245340824127197e-05,0.0018690495820959524,0.0007556999248991489,0.0005263751372694969,0.0018493147046207484,0.001691873697593627,4.577822983264923e-05,0.0032493003053553626,0.0017096589379350553,0.0003752894699573517
930,0.0020153716729703897,6.769578998241932e-06,0.0009339675307273865,0.002099799809861247,4.318814775548796e-06,0.0009944643825292587,9.839077356190926e-05,5.397547670785044e-05,3.6213546991348267e-05,0.0021532045699946545,0.000736282316277162,0.00019443780183792114,0.002461750107938414,0.001350600532335832,4.6230852603912354e-05,0.002701316207634988,0.000918362997334568,0.0002715699374675751
931,0.001384943990937415,0.00023686556385861535,0.0005735233426094055,0.0017614686822290393,0.000337885406775873,0.0010949429124593735,6.954195593895061e-05,0.00010848551596541944,6.0264021158218384e-05,0.002123381985898995,0.0018861140094789605,0.0005476558580994606,0.0020971251960508266,0.0019534466108149743,0.0001730751246213913,0.0021093668765119894,0.0018590398689671897,0.0007293336093425751
932,0.0022737362116040938,8.221689991391029e-05,0.00016407668590545654,0.002364936818253588,1.231089671387825e-05,0.0004673190414905548,8.092037991394921e-05,6.89882010586351e-05,4.314258694648743e-05,0.0025158225545257804,0.00011010509705375315,0.0008972501382231712,0.0019366421740881629,0.0012782619618676213,0.00012148916721343994,0.0029630112825737576,0.0011494713843068147,0.00010755658149719238
933,0.00022648148752746344,0.00047108328658351795,0.0003926008939743042,0.00045671979992761846,2.491309323147256e-05,0.0006353240460157394,1.0972570613236934e-05,2.02299234408189e-05,3.0875205993652344e-05,0.0004635682089958043,0.0001633533384189298,0.0007264325395226479,0.000654823986538336,0.00038867013432821763,0.00047636404633522034,0.0008748923994455621,0.00020979580647305374,0.0006543323397636414
934,0.001270115752193851,0.0002083757820750022,0.00036952272057533264,0.0005743991097341972,0.000165487743799108,0.0004969686269760132,9.273139984656599e-05,5.713859674637755e-06,7.946044206619263e-06,9.295987294193758e-05,0.0006343277195831123,0.00025023147463798523,0.00010665927624695787,0.0001992973047658421,0.00045590661466121674,0.00028382456572957626,3.043664240996724e-05,1.0423362255096436e-05
935,8.036859497601023e-05,0.0003791047649087907,0.00013969093561172485,9.989146475680721e-05,0.0007574459757816628,0.000544404610991478,1.4496906695662254e-05,8.389738731407891e-05,5.959346890449524e-05,0.00038958053899033895,0.0008461351792404329,0.0011481847614049911,0.0005934750237657216,0.0003904541086756728,0.0003589969128370285,0.00022967077801196167,0.0011646536854862874,0.0011490024626255035
936,0.00018043436426201653,5.005238980517607e-05,0.0007072985172271729,0.0003272137279009546,0.00041247425798061205,0.0001805964857339859,0.00012615058944339015,4.453085663731434e-05,6.336718797683716e-05,0.0007724054120152937,0.0012691341997338734,0.0002698339521884918,0.0005390177555512146,0.0002993559662165784,0.0008902642875909805,0.0008556051380754492,0.0005511241904220116,0.001047760248184204
937,0.00035961630264369493,0.0006169424647142763,7.30752944946289e-05,0.0003821040597151715,0.000314970542003825,0.000245116651058197,8.786867129167292e-07,3.467660086776741e-06,3.237277269363403e-05,0.00030370750533038893,0.00047525807848298324,0.0003399280831217766,0.00023010776921122966,3.6729025488374534e-05,0.0005241464823484421,6.410011489363376e-06,3.242010083178565e-05,0.0007284320890903473
938,0.00038431844216824107,3.7060930990730906e-05,0.00022144988179206848,0.00020037409426229558,4.3561207876869484e-05,0.0008964184671640396,0.0001157243328010378,5.699647063369621e-05,7.128342986106873e-05,8.175814224016531e-05,0.0005468880240700261,0.0009370502084493637,0.00030554763434002125,0.0005653372843543551,7.015839219093323e-05,0.0017835686514387633,0.0009155915212243348,0.0011966042220592499
939,0.0006100567275376667,9.142273274120871e-05,0.0009000301361083984,0.0005775559753998238,1.1646445574664543e-05,0.0010385289788246155,5.415615347507778e-05,1.3605081930261921e-05,4.5496970415115356e-05,0.0006722411078962376,0.0006576205660131021,0.0004574824124574661,0.0006234475129393013,0.00027401246892107614,0.00024829432368278503,0.00011991303703398626,0.0002407362228031562,0.0009314753115177155
940,0.00013648008157113312,1.541773170827057e-05,7.680431008338928e-05,0.000553408472196093,5.999366584190369e-05,7.479451596736908e-05,0.00013018897725871476,7.354262730973823e-05,6.05359673500061e-06,8.767801333530584e-05,0.0006384544250716828,1.9375234842300415e-05,0.00012498299621901965,0.0007079161232317662,4.1961669921875e-05,0.0004720862823988231,0.0016787559543565804,0.0005601383745670319
941,0.0014040691612474954,3.17720024151924e-05,0.0002632029354572296,0.0014372794800718014,0.0003783108727545663,0.0005391910672187805,6.866665697993768e-05,4.145950843190095e-06,4.684552550315857e-05,0.0019149377606904674,0.0003392991829169467,0.000512213446199894,0.0021175773817145582,0.0009372115796617269,0.00011152215301990509,0.0018317221163579728,9.011544974285926e-05,0.0009915158152580261
942,0.00018437094371759333,5.374339031319342e-06,0.0005118213593959808,7.059714382443016e-05,0.00011370700809279141,0.0006592646241188049,9.220832877940462e-05,5.3219737472571475e-05,1.1485069990158081e-05,5.239691057858098e-05,0.0003114025266724649,0.00018061697483062744,0.0004465688631591913,0.0008855474636880207,7.11437314748764e-05,0.00023100375969119236,0.0008374544036435505,0.0001160353422164917
943,0.00044965034888441724,0.00039323490299432093,0.00011400878429412842,0.0002781758426096126,0.0006978823366482548,0.0002834796905517578,1.6615733601297103e-05,3.812626242015861e-05,3.471970558166504e-06,0.0022767875190646894,0.0012208566479703087,0.0007147835567593575,0.0020361269149024655,0.0012859389607760216,0.00019097328186035156,0.000916781264487937,0.0006058290720714794,8.258968591690063e-06
944,0.0014890018084625645,0.00015923677846253065,0.0003356263041496277,0.0014707608552947116,0.00017434736001769452,0.000540444627404213,1.73529205355627e-05,6.972644390483736e-07,6.489083170890808e-05,0.001828192982359235,0.00037788909329913856,0.000897369347512722,0.0013481073804895577,0.0002921825963431036,0.000672442838549614,0.0004725558853252432,5.038374827747924e-05,0.0011957809329032898
945,0.0008055503863100277,8.028045474004972e-05,0.00014431774616241455,0.00027088743407133187,0.000530599344730362,0.0006009358912706375,5.2218225388023926e-06,6.0876496211376314e-05,2.130866050720215e-06,0.00018377765494455994,0.0015119875147168033,1.8931925296783447e-05,5.722138704046531e-05,0.00028648072182529613,0.0006469488143920898,0.0012626392579253298,0.001269798970909626,0.0002900026738643646
946,2.1951128700209432e-05,0.00041026809399576786,0.0002639405429363251,0.000412546221499388,0.0007691511531962847,0.0012171436101198196,1.5320598011027073e-05,0.00013835298319647368,4.1812658309936523e-05,0.001385854800585118,0.0029963270472536455,0.0007394673302769661,0.0013329126129349236,0.0011009115675673815,0.000581229105591774,0.0007904961979898623,0.002520163707262317,0.0007516033947467804
947,0.0009796235257174546,5.8167158389483414e-05,2.1327286958694458e-05,0.00045546216577688203,0.0004409867693770213,0.0006000697612762451,2.8607511809025654e-06,0.00013827229815361946,1.473352313041687e-05,0.0016913825384183775,0.001960749296534496,0.0003844369202852249,0.000861919702062848,0.0017853304839890241,0.000494491308927536,0.0009346649664370432,0.002420043997181133,0.00014179572463035583
948,0.001573815060051803,0.000387728604371574,0.0005087889730930328,0.001409514577324772,5.606399048926208e-05,0.00028944388031959534,6.4412196460143095e-06,7.801232791828077e-05,8.343532681465149e-05,0.001505341260448087,0.002027050611942631,0.00030916929244995117,0.000685886029320619,0.0015339555100479293,0.0006578303873538971,0.0011843219925958687,0.0013858837170430405,0.0014959760010242462
949,0.00253745919575718,0.00021403303755979097,0.0008246786892414093,0.002022778865728131,0.0005226619896580194,0.0006562657654285431,9.046228955623091e-05,4.0256167700489795e-05,0.00010212138295173645,0.002440491823959459,0.002214008071682802,0.0004951832816004753,0.0028196703486767227,0.0001432937751959639,0.0007404536008834839,0.0021052654953889888,0.0006679153382738584,0.001879766583442688
950,0.00225249022578608,0.0005969370075150013,0.0005006156861782074,0.0027253292898329062,0.00039057622432701194,0.0012195445597171783,0.00012314710055241415,4.5052695398829085e-05,8.303672075271606e-05,0.003558194769917901,0.00028168053725229764,0.0006622038781642914,0.0036525000051172707,0.0008283812369897416,0.00020868703722953796,0.0031883673027068987,0.0007707931263450998,0.0009496808052062988
951,0.0020933347829069915,0.0003787008675902766,5.568936467170715e-05,0.0023128153296685383,0.00013027851634125204,0.0004076622426509857,7.113537898579235e-05,6.832482815728822e-06,3.722682595252991e-05,0.0031990881451969128,0.0010707908841602332,0.00022365804761648178,0.0032427038989719867,0.0011429314682809156,0.00022325105965137482,0.00239233615648779,3.095707688277258e-05,0.0001855604350566864
952,0.00029633359735667386,0.0001370501877143264,0.0009897984564304352,0.0014697760363651113,0.00018520839602362282,0.0012939944863319397,9.692776642682838e-05,6.0969744679838104e-05,0.0001025274395942688,7.1928042230523515e-06,0.0018036962468532605,0.0008862875401973724,0.00045577160735540967,0.00028368526376204746,0.0004315171390771866,0.0010550188235402685,0.001171518754286352,0.0015975944697856903
953,0.0005682187485235857,1.6197648645778495e-05,0.00035595521330833435,0.00013680785822822727,5.8201166861292924e-05,0.00010488741099834442,7.84357291815068e-05,6.839298454668096e-05,8.195638656616211e-08,0.002599107216846093,0.00046332070010642046,5.516130477190018e-05,0.0026677557481544836,0.0014039252951497747,0.00017242133617401123,0.0005240939498999536,0.0013007647510973226,0.0012591555714607239
954,0.0005769466288197411,4.9336032772656635e-05,0.00015060976147651672,0.0004299423817019088,0.00042367226899874336,0.0002587568014860153,3.0184462184713184e-05,4.195306531823645e-05,5.973130464553833e-05,0.0019520505813762218,0.0009391600096664982,0.0004455260932445526,0.0020465289139955864,0.0016548879477046134,0.0003984440118074417,0.0007995190951493314,0.0008653060494720546,0.001468665897846222
955,0.0008022443423884584,5.0258552498357034e-05,0.00046595558524131775,0.0006734043320490435,0.00023240043377495412,0.0011850129812955856,9.918012747053666e-05,0.0001354251023256293,6.041303277015686e-05,0.0008047097211667867,0.001136181054548338,0.0009641889482736588,0.0009299577512686674,0.0023516332413728823,5.116686224937439e-05,0.0005575627705772523,0.0022800837267338003,0.0011110976338386536
956,0.0017332318530324797,0.0005853967121929315,0.00042116641998291016,0.001187597432997789,0.0008699327669429401,0.0005338247865438461,7.404371313534178e-05,0.00014220151417855217,3.8061290979385376e-05,0.0004007642926327909,0.0016060607498875334,0.00011482834815979004,0.0005721917695328468,0.0020181467848339445,0.00112871453166008,0.002593836680320913,0.0022627287072264288,0.0005012191832065582
957,0.0014176786295255206,0.00035817706942126853,0.0008196458220481873,0.0006634249126479252,0.0006453018347595679,0.0003034602850675583,4.7695865844054816e-05,0.00016387851914861787,1.2502074241638184e-05,0.0004295123330438702,0.002136356823169719,0.00044529885053634644,0.00013620086327881947,0.0028222091352512104,0.0010539405047893524,0.0018211020122909927,0.0027974810662316947,0.0004128776490688324
958,0.002491976499380655,9.943313146309335e-05,0.0009771548211574554,0.0023382237985787313,7.237213472644291e-05,0.0009843111038208008,0.00010234083860611275,2.3597583010255725e-05,0.0001254640519618988,0.0003665232256743617,0.0006110027198948306,0.001223139464855194,0.0007777668011640995,0.0011265677644039587,0.0011769011616706848,0.0031169980905008388,0.000473317146346762,0.002323504537343979
959,0.000948449981497318,0.00032577696111762283,0.0006377808749675751,0.0011295039446317379,0.00039953915058225237,0.0004955325275659561,5.7279696695380564e-05,1.11435233688768e-05,2.089887857437134e-06,0.001029873840999826,0.00038441614873901964,0.000337870791554451,0.00044963107606298125,0.00011551767261278045,0.00027621909976005554,0.000891489437461826,2.053790793886054e-05,4.6800822019577026e-05
960,7.974323937881556e-05,2.0060858843033713e-05,0.00029293447732925415,0.0001476835377056951,0.0001984758024114637,4.374794661998749e-05,2.3353203348034854e-05,4.1365973577339645e-05,1.7177313566207886e-05,0.00038419589033954205,0.002593009431718342,0.000670701265335083,0.0008760374859467651,0.0009894774781919746,0.0004065483808517456,0.0007281842865582977,0.0011622759776902941,0.0007618777453899384
961,0.0003699572187880751,0.0002841662276123133,0.0002512224018573761,0.0004324108568585505,0.00048045749356552883,0.0009552910923957825,2.4233782697394984e-05,0.00012968571193304273,7.8592449426651e-05,0.0019337670672094284,0.0014399086888074938,0.0011248290538787842,0.0025507258329495394,0.0017794043923328624,0.00023602880537509918,0.00147621121329701,0.0022960465202968225,0.0010759346187114716
962,0.0004763346770360888,0.00031669736146638233,0.0006490424275398254,0.00042364036384684445,0.0003225968671844541,0.0011741481721401215,1.870519460206617e-05,7.368995277579082e-05,0.00014666840434074402,0.0007631189552263912,0.0006255318705399721,0.0017317552119493484,0.001227387394848678,0.0012612789745549084,0.001074744388461113,0.0008015013205597832,0.0011878175874935441,0.0023889541625976562
963,0.00024512602780751847,6.157061956105214e-05,0.0011299140751361847,0.00041518387451727756,9.753297852990034e-05,0.002019595354795456,0.00013652029271228258,0.00014517390391233839,0.00015512853860855103,0.0012727883405654963,0.001834079327704581,0.0019400548189878464,0.0008837804091599566,0.0022526939399391144,0.0007328465580940247,0.0018848550418667787,0.002504236431353127,0.0028877630829811096
964,0.002287567690203801,0.0002809200130804851,0.0012388788163661957,0.003926661093523132,0.0001732552916748585,0.001308852806687355,0.00027785585723938064,6.67006451441287e-05,4.1350722312927246e-05,0.0010300291528149083,0.0012804727193447413,0.00010902248322963715,0.0013168227098546773,0.0016464622734805555,0.00014778226613998413,0.0016278920824511073,0.001172116835734132,0.0006582587957382202
965,0.0024038522813175367,0.0005910543601752513,4.06801700592041e-05,0.0017619034635978637,0.0005486193560363464,0.0005794819444417953,0.00011918462150153908,5.496607421208552e-05,5.491077899932861e-05,0.0012645352817870215,0.00022943938972691535,0.0006650052964687347,0.00035740738473030026,0.0003694605992414432,1.4565885066986084e-05,0.001294590433746648,0.001044411286839183,0.0006672926247119904
966,0.0009439586230270414,0.00014905386569209061,8.610635995864868e-05,0.0016179816960425475,0.0003272577348512537,0.0001720637083053589,0.00011405965658338457,2.8051534199207947e-05,1.5422701835632324e-05,0.0005664332531933741,0.00023266749967817968,5.0652772188186646e-05,0.00019340469401238347,0.0003451014800372205,0.00021321699023246765,4.4601828934356935e-05,0.000335902846169139,0.0007696785032749176
967,0.00101997279414337,0.0003484416236141097,0.0006441622972488403,0.0011154747572111046,7.635525067014454e-05,0.0010182708501815796,2.053006070813594e-05,5.3858738963941414e-05,3.520399332046509e-06,0.00032736685016250544,0.0007728987258649594,0.00023294612765312195,0.0007736444214652832,0.00028045926497328143,0.0008357614278793335,0.002033966140886148,0.0010354157913925344,0.000740785151720047
968,0.0014409866001147131,3.48343611252383e-05,0.0009092129766941071,0.0009173959599378945,0.00016772376631653263,0.0010165385901927948,8.720373330647901e-05,9.181566919835545e-06,4.056468605995178e-05,0.0013506505320976733,0.00037926071895179325,6.095319986343384e-05,0.0011860507094576256,0.0004791952452141753,0.00013778172433376312,0.002490525473755889,0.00011451369116197152,0.00037191808223724365
969,0.0008220365346212621,0.000573164743031214,0.0008858069777488708,0.0009437612449919308,0.0004644457137053318,0.00022166408598423004,3.6631258071335646e-05,0.00011596948883111323,4.443526268005371e-05,0.0004598830647512403,0.002244449506283601,0.00012873485684394836,0.00022278054039794742,0.0019495431567157235,0.0008227657526731491,0.00037879973036003545,0.0017590816588954703,0.001166217029094696
970,0.00019672377609644687,0.0007549809144253988,0.0006207041442394257,0.0005457826367197272,0.0006827456921531111,0.00012447312474250793,2.3012275063991755e-05,9.050855168777402e-05,5.60954213142395e-05,0.0007240332713539105,0.0007917177544539064,6.859190762042999e-05,0.00041792564074220884,0.000723807707101811,0.0008897501975297928,0.00029693630230979984,0.0012967579374435056,0.0008187256753444672
971,0.0015722075586130646,0.000857780853909116,0.0011253021657466888,0.0009260392113692173,0.0003270414575210004,0.00017379038035869598,6.591165520797478e-05,0.00014262971446959776,5.65946102142334e-05,0.0003713486385750059,0.0010536246654033812,0.0005087945610284805,0.0012833072701647907,0.0015788534811950784,0.0011544916778802872,0.0009638840935693449,0.002045305729733389,0.0007627680897712708
972,0.0007762654474103292,0.0005357989482454202,0.0010999180376529694,0.00012455897137880756,0.00010350683417246348,0.001264907419681549,0.00016436805696497074,1.716667295720471e-05,1.6901642084121704e-05,0.0012320641345217806,0.0010637919331662263,0.0003600865602493286,0.0013303165083534754,0.000739661659461429,0.0005271155387163162,0.002092421120321472,0.0002418559090089263,0.00016516447067260742
973,0.001736232639950458,0.00017105822276305277,0.0012951642274856567,0.0005353147543928627,0.0001691804168892294,0.0011825598776340485,0.00013502244179046732,1.580183950745072e-05,9.689852595329285e-05,0.002068908068916693,0.000512599872733624,0.0002592969685792923,0.0020811575684576283,0.0001751381918465439,0.00028072111308574677,0.001933662643163775,0.00030837825811456596,0.0011840946972370148
974,0.005465480615466589,0.00010226936859215191,0.002262301743030548,0.004348327006936242,8.089423242466087e-05,0.0020853951573371887,4.161871349693362e-05,2.66948200109996e-05,0.00021256506443023682,0.0039046793480788516,0.00018335626202826277,0.0010805334895849228,0.0034338700587360493,0.0006660770574879044,0.0012051276862621307,0.0055722744560903065,0.00032929460680680527,0.0029680058360099792
975,0.002241039215305468,0.00023550315154314064,0.0006590932607650757,0.002445385838992231,0.0003223584631595333,0.0007142052054405212,6.030697252564811e-05,1.801965226077987e-05,6.950274109840393e-05,0.0006334505954930306,0.0014768379422678835,0.0002808254212141037,0.0012371552026494911,0.00047689097191011554,0.00019921734929084778,0.0018579147959696396,0.00021888153344847526,0.0014120228588581085
976,0.00011134172510254836,0.0001909259990917657,0.0001587308943271637,0.00018619564997701676,0.00010941814534854918,2.368725836277008e-05,4.2624316089766995e-05,6.302317281749073e-06,1.9513070583343506e-05,0.0005654688045691331,0.0005311055544623272,0.0003378596156835556,0.00041555572585132844,0.0003665548819757128,0.0006261598318815231,0.0003118538450388453,0.0003488033426781306,0.00040657445788383484
977,0.0004365442784381446,7.795868517981169e-05,0.00014314055442810059,0.0003162622638494539,0.00019460010785185902,0.0001122504472732544,4.915206107115877e-05,2.7854517889502775e-05,3.866851329803467e-06,0.0006267534607418829,0.0003670902551150129,0.00017005391418933868,0.001240411788381468,0.00013925904878033316,0.00011498667299747467,0.0009483776616471262,0.0005431536251016868,9.445473551750183e-05
978,0.0007241452748338595,0.00011479195341335818,0.0004903227090835571,4.634879106443779e-05,0.00012558398751947447,0.00039191171526908875,8.669708303684145e-06,1.5503519313506196e-05,3.011152148246765e-05,0.0010986418518069696,0.00026570450295792386,7.012486457824707e-05,0.0011396860107588877,5.489231450890239e-05,0.0001216549426317215,0.0011863332743374672,0.00013821765139370237,0.00024495646357536316
979,0.00023320821272546088,0.0004220599158967081,0.0002961382269859314,0.0008378043806146207,1.5900347693088845e-05,8.962303400039673e-05,0.00010001628107671537,3.14943423526797e-05,5.457550287246704e-06,0.0004175890048544878,0.0001436901028312662,0.00030130520462989807,0.0005086806548415118,0.0005869265597152722,0.00010933168232440948,8.778842320911195e-05,0.0005852870724370046,0.000418197363615036
980,0.0004050216709680643,0.0001532313639803079,0.00030753761529922485,0.0011788207380874771,0.00022896941107726498,0.0004253704100847244,4.0754804256904614e-05,1.968297411744299e-06,2.0254403352737427e-05,0.0005625844467513144,0.00042014627561465234,8.391961455345154e-05,0.0007961599075204384,0.0005056968694742529,3.0230730772018433e-06,0.0016198199666917767,0.000164183763082075,0.00044169649481773376
981,0.0022197994410723676,0.00012362550117460402,0.0011387765407562256,0.0027436239090083414,7.342220067811656e-06,0.0012620631605386734,3.082548377484132e-05,1.0199695167523821e-05,0.00011956319212913513,0.002563044458198098,0.00033952225774361994,0.0008101519197225571,0.0018745600219562883,0.00028755687085962184,0.0007081497460603714,0.0016842883333557934,0.00032227464169873495,0.001606624573469162
982,0.0012216477327839925,0.00035030492129683316,0.00013074278831481934,0.0013708415205189173,0.0004128793650877323,3.0426308512687683e-05,1.256395890784738e-05,1.3701381379131478e-05,3.2749027013778687e-05,0.0009653554897214658,0.00045909496898176305,0.0001567453145980835,0.000653505257255188,0.00026210497340735384,0.0002483632415533066,0.0009995827679614294,0.00014051459253429724,0.00023388490080833435
983,0.0008508816646377315,8.31736663445097e-05,0.0005730055272579193,0.0009371945333568887,4.0187482170706695e-05,0.0005380958318710327,2.6887386933354893e-05,5.823522596774301e-07,2.999231219291687e-05,0.0002783925872151677,0.0013140744008349123,0.00023808889091014862,0.00018562014523104686,0.0006165719021663206,0.00017132237553596497,0.0009302190483801293,2.7807407740200463e-05,0.0007428377866744995
984,0.0009283330840839654,0.00020725444360943437,0.0006346628069877625,0.00010873000050684589,0.000451791702607833,7.919035851955414e-05,1.6015331032294758e-05,9.107981498137762e-05,6.183981895446777e-07,0.0011948850763598001,0.0017105092388670223,0.00015545077621936798,0.0015002006958027558,0.0016031120140688575,0.0006308611482381821,0.0014863150608583203,0.0015195624671108434,0.0006817691028118134
985,0.0017061413904379263,0.00010492849898914233,0.0013512931764125824,0.002461538107967537,0.00046945033237281997,0.00017942488193511963,9.865217716191824e-05,0.00015108951866310983,9.417533874511719e-06,0.0014824332881407734,0.0006014957491496456,0.0012896396219730377,0.0016191589190219235,0.0030948638945792716,0.00031147152185440063,0.0013976877781405467,0.0023965016894488197,0.0008166097104549408
986,0.002549015482305572,0.00022948323874542528,0.00033641234040260315,0.0030424696192054845,0.0007402415119246303,0.00013345293700695038,9.049603570700226e-05,5.788633725609907e-05,8.489936590194702e-06,0.00022787069920193054,0.00023890330761739548,0.0006880201399326324,0.0005087011473585978,0.0009489318959120495,0.00011255219578742981,0.000692738148006411,0.0006287148022395932,0.00022541359066963196
987,0.0008639173927306454,0.00037201896340000734,0.0012075603008270264,0.00023082881805103206,0.00033384797618459666,0.0014372505247592926,9.096432787836922e-06,5.144831905221981e-05,0.00013444945216178894,6.350539773093689e-05,0.000316156990239555,0.000803038477897644,0.00014796649661340255,0.0002132144239603631,0.00043685175478458405,0.0008216705022099369,0.0008975448933959962,0.002070333808660507
988,0.0014966966104064117,0.00026130399800346205,0.0007457323372364044,0.0005488218345662266,0.00017437837439568046,0.0005829241126775742,2.6881027607852936e-05,8.218194092798848e-06,5.326420068740845e-05,0.0007539443981918192,0.000679345507732014,0.00017001107335090637,0.0005668816516371383,6.688764442620843e-05,0.0004032552242279053,0.00020732295948823476,0.00011808166890928465,0.0005712211132049561
989,0.00016082732089894858,0.00043840941568939334,0.00011675432324409485,0.00040130767409313206,0.0006402450431364851,0.00024351105093955994,1.4915669227441586e-05,3.1605113082771425e-05,2.3107975721359253e-05,0.000669836347411211,0.0007108416147485197,8.709914982318878e-05,0.0010158630815141137,0.000559923810223191,2.3327767848968506e-05,9.619181478986993e-06,0.0006720558207163885,4.768744111061096e-05
990,9.381504401709262e-05,2.1990485669094728e-05,0.00048542022705078125,0.0005827074173191671,0.0005895593679708273,0.00028945133090019226,5.9858828557737484e-05,1.7263030669013553e-05,9.551644325256348e-06,0.0008052450554781598,0.0011948811213471425,0.00015117786824703217,0.00029673840841292626,0.0008759584076998804,0.0004659164696931839,0.00028160865877510655,0.00039024793824807627,0.00047210976481437683
991,0.0016585943424012872,0.00024640848087634226,0.0018556080758571625,0.002130848511168709,0.0006162218676036522,0.0014823153614997864,7.339035349813831e-05,0.00010387147067893534,8.973106741905212e-05,0.0009303327788347318,0.0005984607113497173,9.566359221935272e-05,0.0005728804172488375,0.0022354238389642074,0.00044637173414230347,0.002795839126048791,0.001911045878016892,0.0016332492232322693
992,0.00013470094247267084,0.0006092910463779966,8.837133646011353e-05,0.0006723972358600727,0.00043695760016236596,0.000146523118019104,4.443430314462517e-05,3.9378934525938366e-05,3.5021454095840454e-05,0.00010474003273123339,5.1509098783569796e-05,0.0004328545182943344,0.0008983399839046433,0.0009526171738989293,0.00038349442183971405,0.0010909962176119947,0.0007138776658283733,0.0008588768541812897
993,0.0012798515436798774,0.00040293146420130807,5.9898942708969116e-05,0.0010363160187278064,0.0004823694575182384,0.0007115751504898071,2.2925954502444126e-05,0.00012166168472001432,1.979246735572815e-05,0.000304740416352256,0.0009758397710185954,0.00031535327434539795,5.671041014931183e-05,0.0016886032618532356,0.0007059499621391296,0.0002463441262993138,0.001768589517293792,0.00044294819235801697
994,0.0009810919825114228,0.00012067373912856214,0.0004750154912471771,0.00040567530707824595,1.9239331939722992e-05,0.00046743080019950867,1.2833326636096931e-05,1.8760212383112226e-05,2.9787421226501465e-05,0.0002462364244895168,0.000996394875503695,0.00018642470240592957,0.0003452768495163655,0.000531170390277733,0.000186871737241745,0.0007593607039850098,0.0003486488131003475,0.0007255487143993378
995,0.0010978810806986095,0.0004433621121678333,0.0016330555081367493,0.0012250365939247554,0.0005406393337090455,0.0011788289994001389,6.883973974676841e-05,0.00011567579838868088,7.390603423118591e-05,0.0011838275072338991,0.0008164455788520139,0.0001108366996049881,0.0020208539703690798,0.002047980326131871,0.0006146896630525589,0.00039912484167788087,0.001985982308815429,0.0020960234105587006
996,0.0002917839311183945,0.00010982903238029862,0.00044287368655204773,0.0010808438717129776,0.00019431101007518978,0.00023138709366321564,5.513856831710143e-05,0.00011008843042429315,2.3890286684036255e-05,0.001084487627523778,0.0012063175196268955,0.00011392869055271149,0.0007007506962344312,0.0027011647510341175,0.0006972514092922211,4.9929949907157045e-05,0.0018362552491494669,0.0007824264466762543
997,0.0018721553790326528,0.0005239392618466773,0.0002313666045665741,0.002347420402180417,0.0002946439865942861,0.00028088130056858063,9.639067553599868e-05,1.835203449548537e-05,5.560740828514099e-05,0.0009220753445747035,0.0010623433229694085,0.0005643703043460846,0.0010000350166966404,0.00013989801831323923,0.0007353276014328003,0.00154733466235632,0.0005110242919162782,0.0006119310855865479
998,0.00014743874778991306,0.0003678252681639932,0.0008770488202571869,0.0003445757767994162,0.0001537312480282757,0.0008974652737379074,7.263405044354541e-05,1.0974307086642973e-05,7.306039333343506e-05,0.0022702403200524357,0.00010716513848933046,0.0006661508232355118,0.0024539236424386476,0.0003030912654741324,0.0004779268056154251,0.0006466452326896327,9.467295355760838e-05,0.0018994249403476715
999,0.00019018100803999682,4.875017110586577e-05,0.0004681013524532318,0.00014402736235086255,0.00011416418566339778,4.0339305996894836e-05,6.636761954414636e-05,4.660337878684118e-05,4.779547452926636e-06,0.000417301976270934,0.0010771418828950177,0.0005718804895877838,0.00019462728083115277,0.0006757340575474086,9.690597653388977e-05,1.8886692703376506e-05,0.000977193397936539,0.0002212226390838623
1000,0.0015997719838432567,1.2129889808150385e-05,0.0003283172845840454,0.0017337393546476287,9.380625870884785e-05,0.0002764388918876648,4.654568474421299e-05,1.0067757965383922e-05,1.2964010238647461e-05,0.0010714367498715488,0.00040506244085043025,0.00011478736996650696,0.0006816095808565084,0.00012736419541209236,3.756210207939148e-05,0.0007883580553762204,0.00012298111048867147,4.645437002182007e-05
1001,0.0011993805377812083,6.456145117700318e-05,0.0011103712022304535,0.0015709229505337097,0.0005061519100116561,0.0018142946064472198,0.00011675636620388057,3.9464040436865784e-05,0.00013860315084457397,0.0024325943662899807,0.0002552261383960003,0.0012689270079135895,0.0017526566152774106,0.0007159904325837376,0.00043713487684726715,0.0021236068361214777,0.0005520776273210994,0.0025048889219760895
1002,0.0015801029022773638,0.0003611530104630431,0.0014070384204387665,0.002466847789695692,0.0010335501738119902,0.0017206370830535889,8.805723686560081e-05,1.9340420071941493e-05,0.00014333054423332214,0.0028017050039150296,0.0001114870259282183,0.0011482574045658112,0.0024490811777190535,0.000958406624417622,0.00066416896879673,0.002137179710065884,0.00042817062535778494,0.0020581334829330444
1003,0.00015901120724978735,0.00014263044688226853,0.0002446696162223816,0.0004932752844541144,0.0006440978987642954,3.4090131521224976e-05,3.042741585147432e-06,5.882817340880156e-05,1.2647360563278198e-05,0.0019870349004023763,0.0003270978316577272,0.00022822804749011993,0.001883041932675869,0.0015761874887505398,0.00014528073370456696,0.00022790614744788718,0.0009440378448662586,0.0006387904286384583
1004,0.001741495755624739,0.00020518071811969837,0.0001005120575428009,0.0022181311278577365,6.563553720798782e-05,0.0004697795957326889,2.046676342379837e-05,3.240340161184997e-05,9.13664698600769e-05,0.0017044642660472703,0.0005335793216602117,0.0009053274989128113,0.0019785091735665186,0.001105274903651022,0.0004548095166683197,0.002268291450889748,0.0004923306942296486,0.0007353201508522034
1005,0.0008206422213108688,0.000640382993462342,0.0010006986558437347,0.00026205928925002175,0.000569582033583562,0.0009461306035518646,3.888538745148648e-05,2.4619423851284612e-05,0.00011797994375228882,0.0005759456489593043,0.0015157949336671792,0.001317756250500679,0.0011345405656478166,0.0006250480251881636,0.0013735461980104446,0.0005681518118289819,0.0004024873922704002,0.0029472559690475464
1006,0.00024862249269960723,9.258315297879655e-06,0.0003811940550804138,0.00015351047177117327,8.077513832847535e-05,0.0004224143922328949,4.144742400650353e-05,2.7351662206125983e-05,1.5787780284881592e-05,0.00011073334229157877,0.0011212824780118397,3.5334378480911255e-05,0.00018816060866136408,0.0012302814622807395,7.712841033935547e-05,0.00041219493667850327,0.0007416695112136829,0.00013661012053489685
1007,0.0006407284196537355,0.00017873575665641392,0.0010101757943630219,0.0007396581524137247,0.00023647849381912278,0.0007850863039493561,0.00011138396912605854,1.2576929885419787e-05,3.727525472640991e-05,0.0016900290826327852,0.0005678589875417889,0.00020057335495948792,0.0016764651479465181,0.00022333124451473074,0.0002755541354417801,0.0015510843913114775,0.00011484300970764083,0.00035001710057258606
1008,0.001728604621684282,1.3917418264751402e-06,0.000708460807800293,0.001526934061564067,0.00014944401739500762,0.000670168548822403,0.00011751539153619095,2.2603965332147497e-05,0.00011583790183067322,0.0011288163104547916,0.00030587165401975425,0.001355934888124466,0.0008761464895859147,0.0005069503960793325,0.001369168981909752,0.0014543041393351303,0.0004975277340943593,0.0025931373238563538
1009,0.003595552977110783,0.00021194687112120053,0.0020267777144908905,0.004131279440550639,0.00045181783233061434,0.0025062188506126404,0.00012909852084677133,1.4074753346430147e-05,0.0002588219940662384,0.0025926790423034946,0.0017086873720477402,0.0025709522888064384,0.00222842889998566,0.00026489409996648464,0.0019852351397275925,0.004567623690167735,0.0007229720320376977,0.004602991044521332
1010,0.000196790843853073,0.0001872169097547026,0.0007902905344963074,0.00017340369214577378,0.0006654099936366856,0.0009756609797477722,7.282013772558389e-05,1.251894980062963e-05,6.60233199596405e-05,0.0010475632543731211,0.0009190102178124882,0.00030740443617105484,0.000993066750250321,0.0009563393939724819,0.0001137368381023407,0.0007215615664505487,0.0004236245469766281,0.0011926516890525818
1011,0.0012300143931014418,4.209424175481008e-06,0.0003153197467327118,0.001325087663324842,3.0016412853640928e-05,0.0002479478716850281,0.00015664010759809145,3.750297104190489e-05,6.562098860740662e-05,0.0007966481814450851,0.002016501244747365,0.001009644940495491,0.0002304104377060176,5.927057705412339e-05,0.0011670887470245361,0.0007726408743753965,0.0009131086536862398,0.0014794766902923584
1012,0.0009098467157854506,1.823936894862141e-05,0.00010997802019119263,0.0023189963239646783,0.0004938246414651383,0.0009411796927452087,2.697003487448814e-05,2.486965298275929e-05,8.22022557258606e-05,0.00032963126701868184,0.0006364629335565142,0.0009263409301638603,0.0020583790727039253,0.0018314426184299652,5.0785019993782043e-05,0.0012880334451666475,0.00013542054908557977,0.0015695728361606598
1013,0.0007684162961570373,0.0008534868127263902,0.00030247122049331665,0.001460986517456131,0.0004954132375878904,0.0005205869674682617,6.513229112490963e-05,8.88799880062257e-05,2.9828399419784546e-05,3.657085190286041e-05,0.0015028599409601315,0.0002122325822710991,0.0009724514738369064,0.0014293036447796089,7.756426930427551e-05,0.0004140728389207815,0.001472921600071963,6.0323625802993774e-05
1014,0.0009176766366589539,0.00022019468335141706,0.00046995654702186584,0.0005510548068497212,0.00017364251861895497,0.0003625955432653427,0.00016702105195102318,4.781251707101854e-05,5.1800161600112915e-05,0.00044664473468036814,0.0019489804888851991,0.00023960229009389877,0.0011991894119841723,0.0002672322671956988,0.00023431330919265747,0.0011885780127492973,0.0011588644818593258,0.0011548735201358795
1015,0.0004993577876404032,5.6272676589069065e-05,0.0014048144221305847,0.0015109682926834067,0.0004584494029170952,0.001045089215040207,0.00015736539249200723,9.058741311578945e-05,3.794580698013306e-05,0.00027062588212187905,0.0014090410003739853,0.0005792323499917984,5.1289413005584095e-06,0.002175104765790952,1.1660158634185791e-05,0.002521863129485602,0.0011767030486567985,0.0003121905028820038
1016,0.0025352337606925623,6.301555648837234e-05,0.0005212686955928802,0.003419568354114527,0.00014553447324950133,0.0010211560875177383,0.00012025694066098228,2.140244148736035e-05,8.210167288780212e-05,0.0001142117134709103,0.0019675741013719036,0.0005409903824329376,0.000662398002841437,0.00023007519594860255,8.814223110675812e-05,0.0019063867617865743,0.0004066552579306028,0.0009776465594768524
1017,0.001488523231179928,8.239982330519868e-05,0.001436728984117508,0.0016608870190293612,0.0005957470010008424,0.0010418538004159927,0.00020190575509164595,6.986279384141509e-05,9.579211473464966e-05,0.0007917529519432531,0.00027321714223001864,0.00010282080620527267,0.0014706951200368981,9.866546844110834e-05,0.0005499422550201416,0.0027965745722327157,0.0016294995163226751,0.0020902417600154877
1018,0.0015522462682987515,0.0002117870792473428,0.001707678660750389,0.0009813880813175357,0.0006576283830129655,0.00102214515209198,0.0001936020639080379,0.00012740163224349722,9.115040302276611e-05,0.0019304916995174365,0.00036007851509845673,0.00028980616480112076,0.0012583325976204332,0.0023773430573084276,0.0004557967185974121,0.004580502348519963,0.0022052077052878045,0.0016441158950328827
1019,0.00121189853153994,0.0004096813374400571,0.0009902939200401306,0.0006708537135551862,0.0004349988121944044,0.0014788862317800522,4.831558568000986e-05,0.00010547657763986299,6.055086851119995e-05,0.0011317699523035948,0.0012486620343261576,0.00026035401970148087,0.0017864452802402314,0.000617307849191482,0.0005425307899713516,0.0021996973433675293,0.0019622236027411546,0.00034076347947120667
1020,0.0008452636355494592,0.00026999551920951423,0.00025487691164016724,0.0004543337451427265,0.0006071389696987936,0.0012856367975473404,5.1909697306631863e-05,0.00014892469352595123,7.086992263793945e-05,0.0018821954099914884,0.0004976824890295939,0.0013831472024321556,0.00202215629474696,0.0021623297878068277,0.00012345612049102783,0.000749203452166336,0.0027373022442371085,0.0005607716739177704
1021,0.0003701102880405427,0.00012837454461914893,0.0006684623658657074,0.0010677221497878142,0.0004466593374942013,6.089545786380768e-05,0.00011300216766923533,5.126099109349527e-05,7.860362529754639e-06,0.0016324512652629644,0.0005595846507809865,0.0007347622886300087,0.0018542018449273362,0.0022144508898174313,2.5423243641853333e-05,0.001121911146847121,0.0015592505150754717,0.0004565231502056122
1022,0.0007014695755620526,0.00026696246123694353,0.00020700320601463318,0.001593100534718922,0.00023658864945193606,5.239434540271759e-05,1.2146445204294642e-06,1.0568147131048092e-05,1.0613352060317993e-05,0.00022979124492050057,0.00019915245568660062,9.641330689191818e-05,0.0002743184094069623,0.0013803925432156038,0.00020459294319152832,0.0018940559214538355,0.0005287544526571819,0.00014874711632728577
1023,0.0008277515398967816,3.1982143161909254e-05,9.018927812576294e-06,0.0005640370466856448,0.000114062012647069,0.0004860609769821167,3.207870703170364e-05,6.223831483206108e-05,1.827627420425415e-05,0.0005617377554652594,0.0016665433893932047,0.00033999793231487274,0.0006187107937103212,0.000862169760400584,0.00047482922673225403,0.001139480347794375,0.0010520405644863524,0.00027204304933547974
1024,0.0006626782416629118,3.581147660500217e-05,0.0003087185323238373,0.0009486843034997305,9.004154240024528e-05,4.024989902973175e-05,7.857243116843673e-05,8.414758532822374e-06,1.5556812286376953e-05,0.0009134126118031452,0.00118460618963908,0.00033434759825468063,0.0009945206648059382,2.12756373181109e-05,5.984306335449219e-05,0.0003988007114729686,9.979519232441482e-05,0.000560712069272995
1025,0.0005226855684553888,0.00015710563115362702,0.001081397756934166,0.00044328699117143766,9.050618731683974e-06,0.0013954006135463715,0.00018645560222991554,6.140621473255841e-05,8.325278759002686e-05,0.0010018496090680243,0.0006536873815353866,2.4816952645778656e-05,0.001333328533775574,0.00018969597844870935,0.0005342327058315277,0.0014043608042337286,0.000803143355470463,0.0017064958810806274
1026,2.1664576796087687e-05,7.012432471661598e-05,0.0010128244757652283,0.0003267891513666632,0.0003358160513407295,0.001005861908197403,0.00017112273005854585,1.1733119433415405e-05,0.0001268237829208374,0.00045544507765747644,0.00025358098870111034,0.0011639362201094627,0.00034405522442523817,0.0014757722184771845,0.0012695658951997757,0.002572003237776399,0.0006369626030142718,0.001960489898920059
1027,0.0012626763267103158,0.00013041286088520676,0.0010096952319145203,0.001689826004863254,0.00029418218188175665,0.00030694901943206787,4.196153819214024e-05,7.315530042682316e-05,6.206706166267395e-05,0.0009181632976350898,0.001475054466401969,0.00013610534369945526,0.0009041774263930102,0.0014313504106180722,0.0009326953440904617,0.00028878543221994013,0.0017051601252779623,0.0013855546712875366
1028,0.00014013992148143029,0.0005687328690040273,0.0008570551872253418,1.1098291491817847e-05,0.0005837888625553067,0.00019811466336250305,3.8105391420673734e-05,6.750153792686026e-05,0.00011605769395828247,0.0005953953164195072,0.000889020644483797,0.0012078694999217987,0.00023622011949592236,0.0006040272447328954,0.0020116865634918213,0.0024254425632401627,0.0014035371962149625,0.002136971801519394
1029,0.0010892399605489933,0.00022119535685361652,0.000891420990228653,0.002300392039188387,0.0001233852898626514,0.0004897434264421463,1.3539175277179835e-05,8.851173060917775e-05,2.256035804748535e-05,0.0014029843386485497,3.59352714233499e-05,0.0004862584173679352,0.00020387758168599612,0.001473867387209702,8.016638457775116e-05,0.002579547376027322,0.00129073643745976,8.374080061912537e-05
1030,0.002055705644137984,0.0007377846521562717,0.0008227266371250153,0.0019922042047964827,0.00037260857812332696,0.0011071935296058655,9.325065682782956e-05,7.227839869839781e-05,6.833299994468689e-05,0.0018391386811720464,0.0005101409159427583,0.00042566098272800446,0.002624473243605742,0.0027048903136327566,0.00013269297778606415,0.002633343623713258,0.0016624256194570745,0.0009727701544761658
1031,0.00010699426246887911,0.00019105760395824595,0.0003321059048175812,0.00016844444130897918,0.0004363366657257721,6.288290023803711e-06,0.0001060106258047918,5.2010245614629016e-05,6.138533353805542e-05,0.0021964076033110236,0.0010150496464653713,0.0015293117612600327,0.002022239393811902,0.0007299788413549849,0.0012081675231456757,0.0019433998975958017,0.0009832787268222523,0.00033271685242652893
1032,0.001283136828882564,0.00022215525233602526,0.0007052719593048096,0.000972292579058065,0.0005677890276388486,0.001542193815112114,0.00022581416982034481,0.00012426452129573717,0.00014908984303474426,0.001676391145829452,2.2607537405454348e-05,0.0017771795392036438,0.0010251704026970065,0.0010971498956348531,0.0008001048117876053,0.0024128591440287783,0.001497112602191127,0.0018316954374313354
1033,0.0007302400483080174,0.0003987147387993044,0.0003328360617160797,0.0010424738592434979,0.00026300906623364165,7.079914212226868e-05,1.2288073657029316e-05,6.0052372352980155e-05,1.7430633306503296e-05,0.00037133922708113,1.1615574188147959e-05,0.000467933714389801,0.00018293396531309652,0.0007355885913115263,7.174350321292877e-05,0.0003632858452366494,0.0008277420496649746,3.730878233909607e-05
1034,0.002499050165563399,0.0001746367689672429,0.0003086477518081665,0.0025477173034666456,0.00034791438403353886,0.00024082139134407043,9.15559858961669e-05,2.3482970577779947e-05,3.9774924516677856e-05,0.0015668899643601145,0.00039122700985281395,1.379847526550293e-05,0.001768164642650373,0.00038401148262296944,7.400289177894592e-06,0.0027817112268279792,0.0005570278298449721,0.00015878677368164062
1035,0.0008438465051986699,0.0005808299088928826,0.0003613196313381195,0.0010306510757878695,0.0002409789588673633,0.0008870251476764679,6.663769182314871e-05,2.1714700376076514e-05,7.081031799316406e-05,0.00043652268702561864,8.973685305953272e-06,0.0007306542247533798,0.001046421848611298,2.520428921019141e-06,0.00014952383935451508,0.0008227771294608416,1.9183351271837012e-05,0.001453842967748642
1036,0.0014333201478704816,0.00038394298809909036,0.0007063485682010651,0.0014469187385180993,0.0002786102810782634,0.0007788203656673431,3.4274957508757115e-05,1.5082841081685231e-05,8.701533079147339e-05,0.0006855286055596557,0.0004938105722440689,0.0010410994291305542,0.0008811345723659172,0.00045178456253995233,0.0010007023811340332,3.946821250484789e-05,0.0001952668432613422,0.0018854402005672455
1037,0.0018487497850601664,0.0006541177455101146,0.00030614063143730164,0.0016361516757889827,0.000241907702645993,0.0009931959211826324,1.2351935020943339e-05,8.674096225414147e-05,0.0001599043607711792,0.00026443470709039407,0.0004586117055884534,0.0022151414304971695,0.00031918289663623867,0.0013066831650013697,0.0014375858008861542,0.0006131377191912757,0.0016276062663265478,0.002848561853170395
1038,7.314606049060868e-05,0.0004651170382718797,0.0010063983500003815,0.0004488377248767217,0.0006531703706561705,0.00032347068190574646,1.0722531999619173e-05,8.054862111940336e-05,5.0302594900131226e-05,0.0006105524892453945,0.00018503553554847368,0.0014940090477466583,0.0012595332958218325,0.001247679743893934,0.0006580892950296402,0.0006698618725086425,0.0015180391346382646,0.0012337081134319305
1039,0.0025187505747517047,0.0006558361196253061,0.002003844827413559,0.0016517338077814414,0.0007370524498584892,0.0016905870288610458,6.252277126072951e-05,6.759006611767033e-05,0.00011516734957695007,0.0009738105896698462,0.0003185094676497399,0.00025460124015808105,0.0004313525114972988,0.0013881384381158601,0.00015619397163391113,0.0017574050103685707,0.001294148099848253,0.00200662761926651
1040,0.00014984187729624732,0.0003790863362620779,0.00022360309958457947,0.00012851022972262816,0.0002515682997528343,6.485730409622192e-06,2.4189851550780392e-05,6.170209034746861e-05,6.735324859619141e-06,0.0004485590836125347,0.00015211021366386135,0.00035796500742435455,0.000812560322545744,0.00027659990366684165,4.652887582778931e-05,0.0004258219033636962,0.0012589984102359779,0.0003681294620037079
1041,0.0006458131833728675,0.00025112251574436334,0.0005638487637042999,0.0007247896890585914,5.97705993232063e-05,0.0007072705775499344,4.238280360488282e-05,4.38850055309441e-05,5.660206079483032e-05,0.0006777954264288247,0.00026499750662561244,0.0007216855883598328,0.0007668259914047626,4.323002450923319e-05,0.00046200305223464966,0.0005548083862136344,0.0011876080598673781,0.0008009709417819977
1042,0.0016930671968650723,0.00038100020598026696,0.000569220632314682,0.0013286106059398062,6.282953492013979e-05,0.0007518511265516281,6.686626688260852e-06,6.732896501198001e-05,7.9374760389328e-05,0.0014800166424701958,0.0002888204668342678,0.0007884446531534195,0.0023149966548881434,0.00129398415458188,0.00043848343193531036,0.0021250302088441086,0.0014686037167971674,0.0006277002394199371
1043,0.0011305304194588472,6.496613172342e-05,0.00025419890880584717,0.0011147787872130832,0.00033296084754999566,9.362958371639252e-05,0.00010157836078573783,7.235133618078158e-07,3.9264559745788574e-05,0.000729713642031414,0.0009223350042362813,0.0006130356341600418,0.0003451031759142825,0.00040388593977865386,0.00023436173796653748,0.0012281623041167228,0.00015113887659348214,0.00011839345097541809
1044,0.00017051200254025733,5.820993213140335e-07,0.0005333051085472107,0.0004110857703400195,0.00016954196235574592,0.0012666713446378708,8.87828958954541e-05,4.629419246731249e-05,0.00012210756540298462,0.0007994331710597935,3.556620990089604e-05,0.0015676580369472504,0.0003177207073712593,0.0003426146800677085,0.0007873363792896271,0.0004158317264448125,0.0006442137928080131,0.0022323429584503174
1045,0.00011688590165465085,0.0003036360213545426,0.0003430582582950592,0.00021586114971020032,0.00012990177286513124,9.04873013496399e-06,1.5516467963726938e-05,5.723932459195591e-07,4.507601261138916e-06,0.0024974612339306104,0.0005588918826763892,0.00043964385986328125,0.0019265748053706802,0.00041902867626337353,9.387359023094177e-05,0.0006684976912779,7.76158782189746e-05,0.00034962594509124756
1046,0.0008823510917244926,0.0001505155013894685,0.00016020238399505615,0.001217013006049844,7.226740820891198e-05,0.00028756074607372284,6.033406017393571e-05,1.2133888750819684e-05,4.8294663429260254e-05,0.0005645156901842377,0.0003189684596173817,0.0005166511982679367,0.0002050818513393976,0.0002477627086571732,0.00041446462273597717,0.0003528888373692529,0.00038141008745908034,0.001131303608417511
1047,0.0013659118181687246,5.176332567850481e-05,0.0013524554669857025,0.0015642644479242351,6.303528692203422e-05,0.0009113289415836334,5.6143313761421176e-05,4.92121855838227e-05,0.00010165944695472717,8.098828855444828e-05,0.00027090059863902477,0.00028110481798648834,8.900205153367091e-05,0.0007682967632320625,0.0007868148386478424,0.0009663447935155112,0.000790579378216312,0.0017285756766796112
1048,0.0040476696789782385,0.00017120750653816172,0.0021572262048721313,0.0040303248229212885,6.465375872907742e-05,0.0023416168987751007,1.0085563189482852e-05,3.442148077978423e-05,0.00020731985569000244,0.0024529681275389584,0.000682359844524201,0.001442423090338707,0.002243130643553984,0.00014941011662769274,0.001310860738158226,0.004214052421318615,0.0006270730264030348,0.0030745863914489746
1049,0.0005482715550517991,0.00015243878875674174,1.6588717699050903e-05,0.0008618102132520455,1.0324493493883702e-05,4.4407323002815247e-05,2.172362426705772e-05,3.3400943528444447e-06,7.9423189163208e-06,0.0006326672940689948,9.355097811314383e-05,5.402974784374237e-05,0.0007455012588438864,0.00020688686129637784,5.1626935601234436e-05,0.0007951468361976632,1.216359654964902e-05,0.0001012943685054779
1050,0.000374179761628346,0.0004060191904082522,0.00027938559651374817,0.0001524499585729422,0.00040001468949879895,0.0004134681075811386,2.9228962359437866e-05,2.7428221358534715e-05,3.620609641075134e-05,0.001179885626942767,5.351409793301343e-05,0.0005781333893537521,0.001331763526484779,0.0004646773304086346,0.0004120524972677231,0.000520948932020468,0.00038695617184510665,0.00037193670868873596
1051,0.0015509217199596026,0.0001464479193553879,0.00028242170810699463,0.0010199809101323065,0.00013357284986917003,3.007054328918457e-05,0.00011784995292136828,3.5391733380807e-05,6.120651960372925e-06,0.0008196262392302853,0.0007448923422758991,0.00044445134699344635,0.0013107588717745436,0.000630518034145832,4.883110523223877e-05,0.0016165794388072197,0.0004744246834221689,0.0004516206681728363
1052,0.0017551556377513322,0.00063512099192891,0.0003734007477760315,0.002157557014030448,0.0006120362172787573,0.0001962408423423767,4.3068403753355675e-05,4.826085056321475e-05,4.427134990692139e-05,3.399285124049828e-05,0.00014226770123715315,3.119930624961853e-05,0.00029972164941905605,0.00018658334595874834,0.000604681670665741,0.0011311860926454392,0.0003079676956901055,0.0010992176830768585
1053,0.00029602026568298356,7.099001176067224e-05,0.0004420354962348938,9.668844389942866e-05,7.225335741574412e-05,0.0002383347600698471,4.002942505241733e-06,3.082102131174555e-05,1.8712133169174194e-05,0.00031147925222907435,2.9715039643919694e-05,0.00014189258217811584,0.0008892434384307826,0.0007589947225983933,0.00012124702334403992,0.0006139950842605074,0.0004787547855246328,0.0003128647804260254
1054,0.000487472094137853,0.0001603265238498061,0.00014715641736984253,0.0004737796255438187,0.0001534438129989664,0.00016724318265914917,3.1664025089677555e-05,3.079158830131409e-05,3.4712255001068115e-05,0.0014900941823338884,0.001249279426130366,0.0005914792418479919,0.001474376985600899,0.00012836448944654466,0.0009220633655786514,0.0007967045906219772,0.0006214687299501247,0.00018436461687088013
1055,0.0033910452099768784,0.0005046105840513619,0.0008531473577022552,0.0029585900621379724,0.0006259179466391596,0.0012168847024440765,2.044720054475771e-05,4.304490691317336e-05,0.00012697651982307434,0.001879289176452574,0.0006584019884179407,0.0009800605475902557,0.0019765236446520965,0.0006824020450041587,0.00061086006462574,0.0020315890501812206,0.0008284110753665093,0.001607317477464676
1056,0.0017960924608345086,0.00029219746941240923,0.0004357956349849701,0.0026072915922775997,0.0005504446153825095,0.0009564962238073349,3.054032980108999e-05,5.533879405067042e-05,0.000112093985080719,0.0019519370350452453,0.000369698701834599,0.0007222667336463928,0.0021048366234018775,0.0007702129138439998,0.00013273954391479492,0.0017733417988459316,0.0011043367928756723,0.0008952580392360687
1057,0.0010699472723019188,0.0002557439760778879,0.00047175586223602295,0.0002633672163966094,0.00010445290815256844,0.0004953388124704361,1.0048788042416393e-05,1.558843913031054e-05,4.9717724323272705e-05,0.0011721289528826978,0.0011775981229673813,0.0006554368883371353,0.0010348266043531534,0.0003992907209267628,0.0007295757532119751,0.00010780118773136282,0.00013668034984021943,0.00045082345604896545
1058,0.0009242997857209223,5.662248403419043e-05,0.0004241727292537689,0.0008692846677220145,7.108046654886319e-05,0.00046242401003837585,7.083507015984494e-05,2.8974953514629745e-05,6.971880793571472e-05,0.0009536293974173743,0.0007959230146109206,0.0006942432373762131,0.001127799970074922,0.0005584969588230508,0.000626610592007637,0.00031632331069493536,0.0007543115264891306,0.0005748197436332703
1059,0.0027559554498276517,0.00013223059803769976,0.001325894147157669,0.00312269916882027,0.0006883348975344553,0.0015256032347679138,6.418272684676103e-05,3.8459147385937567e-05,0.00016224756836891174,0.0017510541149024991,0.00010221779825922428,0.001400703564286232,0.001126240166383817,0.0001047534707069725,0.001215631142258644,0.0024848236458834966,0.0007407265245036425,0.003444261848926544
1060,0.0015706398872636362,0.00015203006729586077,0.0008849985897541046,0.002471846636082048,0.00034411345527104314,0.0008254833519458771,7.1344035816049e-05,1.808084041435775e-05,0.00010504201054573059,0.0014557739206140091,0.0003495920183787457,0.0009028129279613495,0.0012001202593319646,0.0009342795984723859,0.0010067354887723923,0.0014707300793726091,0.0009301532202620443,0.0018888041377067566
1061,0.00017346767422873888,0.00017491136714097022,0.00032382458448410034,0.0003239836895717052,0.00038656824491021397,1.549534499645233e-05,9.860900766980527e-06,8.03223688426002e-05,6.0755759477615356e-05,0.0004297467942971575,0.00037374724153288463,0.001131972298026085,0.00043888143997321966,0.0015529281839915792,0.0007104799151420593,0.0007347099417067265,0.0012562745746963408,0.0005003288388252258
1062,0.001572508796464367,0.0003327740457945809,0.00023176521062850952,0.0022272319899793724,0.000389474830440089,0.00018811970949172974,5.49880582771476e-05,4.7996583209738986e-06,8.032098412513733e-05,1.408520339372249e-05,7.893008178752603e-05,0.0010710731148719788,0.0010578816587336476,0.0003470770160241884,0.0006871912628412247,0.00018008803700450549,0.0005586326098972055,0.0019262433052062988
1063,0.000406832469845686,0.00014911058107013736,0.00030963122844696045,0.0005051233629143614,0.0011069702987939571,0.0010395143181085587,0.00017122963326173316,5.5889464128373693e-05,0.00010577589273452759,0.0008120831516651231,0.00035076361576410336,0.001743142493069172,8.191061964387542e-05,0.0004957873847397064,0.000785214826464653,0.0003502731084880639,0.0008401562225180334,0.0017890259623527527
1064,0.0008349697312069193,5.396408963604521e-05,0.0003926306962966919,0.00029366957036675023,0.00014127509570587005,0.00070207379758358,1.5573187369666286e-05,2.896456527982515e-05,4.637986421585083e-06,0.0006609884514172104,0.0007132125619175936,0.00010963808745145798,0.000979589374431905,0.00045008379862480213,0.0005303341895341873,0.001548844930956042,0.0005587942338754759,0.00016535073518753052
1065,0.0001741495429027906,0.000591594449419218,0.0012436099350452423,0.0002762869828533965,0.0010028551412264025,0.0002755187451839447,0.0001140585510751458,5.462375979678252e-05,4.4498592615127563e-05,0.0003519490851309065,0.0009922597239857903,0.0005069505423307419,1.5011314980828416e-05,0.0012150647214598555,0.0006365962326526642,0.0012583200446927845,0.0007162645216917882,0.0009139999747276306
1066,0.00015124168045732578,0.0003359543935038331,0.0005575716495513916,0.0004720287631186093,0.00027142527719126175,0.00012313015758991241,3.212152247208597e-05,7.735832920068649e-05,7.65584409236908e-05,0.00024029947332737667,0.0014472585480677994,0.0006534121930599213,0.0011238654689662356,0.0010307995677793901,0.0015691723674535751,0.0008515724941067088,0.0013985377388893647,0.001777704805135727
1067,0.0007275562338959762,0.0003234972077975941,0.0008409358561038971,0.00016586744520230567,0.0003284922706721441,0.001637488603591919,0.0002842778540604069,9.863562996755113e-05,2.8721988201141357e-06,0.0028111384571523693,0.001815317751173988,0.00013080798089504242,0.002399882206429671,0.0007786821054493326,0.0012311730533838272,0.0033249292004548237,0.002058903202036267,0.0008799582719802856
1068,0.0028793531529972827,0.0001682502476311465,0.0008802637457847595,0.00354385953094033,0.0006082646619157694,0.00021080486476421356,0.00022034309545073717,0.00010303300017611063,2.6535242795944214e-05,0.00038774813706129313,0.0005931724754330292,0.0009645083919167519,3.07522698136109e-05,0.001554233457827299,0.0003407429903745651,0.0019272644307072317,0.0017976739067165903,0.0010307356715202332
1069,0.0003756191107559259,0.0001490642197467286,0.00018833205103874207,0.00032372553699838713,0.00011256971265783539,4.284270107746124e-05,2.7464378561001604e-05,2.0052335765735965e-05,5.5339187383651733e-05,0.000553419941734079,0.0001355347111428734,0.0007084822282195091,0.000545300791386559,0.0005853187950220357,0.0007984992116689682,0.0005625760564169219,0.00022429566624810118,0.0008329115808010101
1070,0.0003151208509876713,1.876707086313073e-05,8.337199687957764e-05,0.00041177872865877374,0.00012831205493695277,0.00015565566718578339,7.8945185551774e-05,9.534004506564671e-06,1.3135373592376709e-05,0.001143754855624901,0.00026986398147595125,0.00012012757360935211,0.0010909808545540717,0.0007131306668406202,1.0546296834945679e-05,0.0009835642372126724,6.187318647619955e-06,0.00038724392652511597
1071,0.00044636887963794836,7.171857852157626e-06,0.0003905855119228363,0.00029280457734714993,1.9003137388968333e-05,0.00030612386763095856,8.412032641397053e-05,2.5894975593156438e-05,2.4273991584777832e-05,6.297280814569067e-05,0.0005774183989144463,0.00014949217438697815,0.00022990060650427552,4.359270720998357e-06,0.00022987090051174164,0.00010359593324180127,0.0004543378595299602,0.00021478161215782166
1072,0.0006540894063736258,6.045470215452001e-05,0.000391591340303421,0.0017302679217588157,9.086332602909614e-05,0.00010671466588973999,7.098493539579517e-06,4.2110994870346195e-05,2.5540590286254883e-05,0.0003441303898903611,0.00017770741886416475,0.00017793290317058563,0.0004038118785731487,0.0004115506426904357,0.0002405419945716858,0.00023589083764685714,0.0008388104556283152,0.0004379153251647949
1073,0.0014190708753259729,0.00012912507251057123,0.0007318258285522461,0.0007495386837864104,0.0001235187199268989,0.0011887568980455399,7.390666539106375e-06,4.978578201148736e-05,7.130950689315796e-05,0.0012863505115880622,0.0011117468654775337,0.0007237223908305168,0.001580908543158413,0.0009791894885157557,1.3107433915138245e-05,0.0017074731141932808,0.0006507053244782443,0.001276955008506775
1074,0.0019382453336380112,0.0003062173861018945,0.00102272629737854,0.0014911395555275986,0.0002296736885632339,0.001614835113286972,1.7481825380359292e-05,5.319088448911828e-05,4.3589621782302856e-05,0.0010030922509379203,0.0011919799816205376,8.561089634895325e-05,0.0004554677033645829,0.0005476507353460221,0.0006971471011638641,0.0014474729187330532,0.0005527594864999444,0.0006886869668960571
1075,0.001293930263493892,0.0002461840781330833,0.0003298856317996979,0.0011156559163136015,0.00012508812192275204,0.0006567556411027908,4.650115005496412e-05,4.9274542966246376e-05,1.545622944831848e-05,0.0005412246516014185,0.0017301939604510291,7.480382919311523e-05,0.00037608922750113905,0.0003994246703002465,0.00044319964945316315,0.0013120249611345558,0.0008931584420051215,0.000139724463224411
1076,0.00045250718762129827,0.00024881580609218204,0.0002459287643432617,0.0005418297603982936,1.8785172309181142e-06,0.00032594799995422363,6.651064729404528e-05,6.770095371117467e-05,1.9632279872894287e-06,0.00036422419606615963,0.0014930552839315658,1.1763535439968109e-05,0.0005395724707303318,0.0006042068316777765,0.000776899978518486,0.0009931011173350546,0.0013337765640101668,0.0002866573631763458
1077,0.0003195372310081379,0.00031166760210760494,0.0008399598300457001,0.0002529459143546242,0.0002696400500569081,0.0002776049077510834,0.00010385124908569507,5.346981219760041e-05,3.1694769859313965e-05,0.0003048911996858042,0.0004505141657258488,4.506763070821762e-05,1.6251506509190605e-05,0.00035247248602680165,0.0006931181997060776,0.0006029379873439544,0.0009063720457671773,0.0008679106831550598
1078,0.0010552222136442913,2.249157876434843e-05,0.0004872456192970276,0.0014822763026672847,0.00015798520774226374,0.0008622501045465469,3.070951273092051e-05,2.896590306948263e-05,6.642192602157593e-05,0.0015908633754085702,0.0007457672005260138,0.0006814310327172279,0.00034649416022976276,0.0004990335129016546,0.00017606094479560852,0.0017975851552524125,0.0005341777696953806,0.0010371394455432892
1079,0.0006828329354886531,3.6305060240049425e-06,0.0006547197699546814,0.0007833793091145402,8.883159596471957e-05,0.0008576419204473495,2.3981946885281297e-05,9.919875063139297e-06,6.852298974990845e-05,0.0012556325741742078,0.0011031633861108975,0.0004273112863302231,0.0005238967899468677,0.0005358054435094274,0.00018254108726978302,0.0025593098775945344,0.0003492020106762514,0.0010247640311717987
1080,0.0013324932149002822,0.00021359340578117406,0.0005881711840629578,0.0010872180174937296,0.00035949530894972825,0.0010048020631074905,8.904351341548766e-05,4.280815286038242e-05,7.475912570953369e-05,0.000614721969236072,0.0001833033153656044,0.0006857644766569138,0.00018538007004925,0.00011512262075423496,0.0002121180295944214,0.0017662935717165512,0.000647749551617241,0.0011802688241004944
1081,0.00048309935476656407,0.0002630613613856768,0.0005042776465415955,0.0005630890119198706,0.0001367106253430464,0.0006023775786161423,7.490828263310469e-05,9.967937763337518e-06,3.9029866456985474e-05,0.00018452327809743985,0.0007084601906279103,0.0001598447561264038,0.0007603889872199732,0.0008650632323923789,1.3796612620353699e-05,0.0012352624733129036,0.0002414604459343543,0.0006018280982971191
1082,0.001290432620048576,0.00037460301566379084,0.00034256651997566223,0.00044404255191099473,0.0004915585123145237,0.00030352361500263214,0.0001111554734232658,3.218378611747133e-08,1.981109380722046e-05,0.0005986369782488288,0.0008004465025749918,0.0001064985990524292,0.00036220599099111295,0.0004620371990778603,5.54155558347702e-05,0.0012450044702634194,0.00030992173908440945,0.00011584535241127014
1083,0.0013142946023618207,0.00026230082435792224,0.0005235262215137482,0.0010685859052056712,0.00037563241736751976,0.0013266857713460922,0.0001429689981677744,0.00011478590523653987,8.351355791091919e-05,0.0010539494783981945,0.0024074038392278424,0.0011748848482966423,0.0009029574286083808,0.0017273511343802658,7.616356015205383e-05,0.0007912087655987804,0.0019357198895586444,0.0015278346836566925
1084,6.894873745891261e-05,7.622815218884249e-05,0.0002464577555656433,5.8897115888995044e-05,5.589364461859245e-05,0.00022892281413078308,2.841451229452889e-05,4.2146455900718936e-05,2.152472734451294e-05,0.00013518933103905117,0.00021977448390331222,0.00041948631405830383,0.0004270669731135657,0.0005906463910113485,0.00021399185061454773,0.0003205940429003712,0.0007025398718644646,0.0003266856074333191
1085,0.00035901131552698584,1.4203033932378567e-05,0.0010230392217636108,0.0007176112056522521,0.0003312711131272135,0.0004050862044095993,0.00014892282003358542,5.532247526289632e-05,1.9244849681854248e-05,0.0005595111679899956,0.0009800526339669782,0.0004240339621901512,0.0010783936306039965,0.00010094234105865844,0.00031724758446216583,0.0001239952341886147,0.000783673893231699,0.00046877190470695496
1086,0.00025605460706074057,7.884658436889055e-05,0.00027607381343841553,0.0002575178498075148,0.00021765115239004776,0.0004719756543636322,9.383302019577884e-05,4.822179358267634e-06,3.805011510848999e-05,0.001266030173098856,0.0010045488815228903,0.000308014452457428,0.0014449544237685602,5.62882558729598e-05,8.236616849899292e-06,0.0008920689246243313,0.00016470540143452908,0.0013086460530757904
1087,0.001306767787563612,0.00044670757003929806,0.0008448921144008636,0.00132690287733081,0.000598486304006586,0.0012627094984054565,4.7604266406830326e-05,2.0370750634257466e-05,0.00010684505105018616,0.000922023908259427,0.0003390454122507852,0.0010860413312911987,0.000643402089756856,0.0004472095006721154,0.0007218755781650543,0.0014316036120643888,0.0002123735856593839,0.0016954876482486725
1088,0.0005781725495678791,0.00020280320149288628,0.00035174936056137085,0.0003969581680649259,0.00038191067270006845,0.00019820965826511383,0.00012305138396238695,1.3336867267037342e-05,2.469867467880249e-06,0.0005954660991285901,0.0002439059732499277,0.0006269291043281555,0.00017588474318868536,0.0008947254700145818,0.0005497187376022339,0.0017580511196229748,6.845762736929287e-05,0.00023747235536575317
1089,0.0009869854889866525,0.00016261924196642533,0.00032393261790275574,0.001039571968650732,0.00026757060620043877,0.0005988292396068573,0.00012024810567926904,4.6031179952352695e-05,9.804964065551758e-06,0.00010874048942145081,0.0015767599345751157,0.00016638822853565216,0.0004685262076078653,1.2814460697703825e-05,0.0006788726896047592,0.00019684115123541623,0.000767670555753143,9.303539991378784e-05
1090,0.002332054945795109,0.00016287438184014666,0.0009747147560119629,0.0025926746223501884,0.0007572476650183346,0.0004764776676893234,9.946651987318214e-05,8.422955982972458e-05,6.541237235069275e-05,0.0006562669725047737,0.0008306916097757799,0.0004839375615119934,0.0007125190141184165,0.0011487654446513968,0.00023400411009788513,0.0014114422480842742,0.0011151403803446001,0.000706944614648819
1091,0.0007674463936472309,0.001715598877166706,0.0008251257240772247,0.0017682823960475935,0.0020975025091483947,0.0002148747444152832,5.009281049720565e-05,4.2382146283385675e-05,6.3925981521606445e-06,0.0016227275598316646,0.00039874092150233437,0.0009413585066795349,0.002302732997988846,0.0012155347815113703,7.111206650733948e-05,0.002869436386787494,0.000510974066788579,0.0009913034737110138
1092,0.0025102084924613077,3.3921200503828075e-05,0.0011437945067882538,0.004249136137931153,0.000303010227473189,0.00016900710761547089,0.00019469028588609168,0.00016859955689271702,0.0001651272177696228,0.00020237727761122232,0.001298203075823172,0.001017184928059578,0.0006658578180690697,0.0012287829578760488,0.0022865552455186844,0.0007220784565367816,0.002724638337145816,0.002274133265018463
1093,0.0005015333719912141,0.00019122317332975758,0.00012771040201187134,0.0007450666741289635,0.0001914824667541143,0.0006283652037382126,0.00012011500123584873,0.00013389651685829498,2.243742346763611e-05,0.0008356948156350574,0.0022978679741366415,0.0007701143622398376,0.0019175881083112536,0.0010567064287536117,0.0016033723950386047,0.0014615696411854062,0.001963937968046489,0.001126416027545929
1094,0.0025759663426707935,0.0002453199016275859,0.00041415542364120483,0.001110521884380461,0.0007648848147614497,0.00025991909205913544,0.00013534978175401037,0.00017819496835838784,8.709728717803955e-05,0.0017653924493047854,0.0024026405401310347,0.000720243901014328,0.00017166590172094237,0.0020611791900091853,0.0017879623919725418,0.001647046181257869,0.003176070784000385,0.0017766281962394714
1095,0.003672078466209011,0.0012560437542448871,0.001365605741739273,0.0048517253888465395,0.0007586839613469912,0.0007291603833436966,0.00019677776571641256,0.00015280328505546358,0.00023748353123664856,0.004052116852473378,0.0033223238383366938,0.0023768115788698196,0.002145088968234919,0.0010903026384367354,0.003323882818222046,0.0037254000553195443,0.0027086012327070565,0.0044256411492824554
1096,0.0014828261239471507,0.00021741808807385077,0.0014781877398490906,0.0015244554850013803,0.0002398444364588477,0.0013601388782262802,9.753469801808065e-05,9.564792998655123e-07,0.0001888759434223175,0.00477804565865219,0.0029317075596621348,0.0020713210105895996,0.004383565791777892,0.0005816829063614096,0.002399733290076256,0.004745827210928408,0.00018805346250759178,0.0027789026498794556
1097,0.0008247967008274959,9.864125503191573e-05,0.00018988549709320068,0.0009249504241880258,0.00015565467004056976,0.0003078822046518326,6.279359502958659e-05,4.329283280516739e-05,3.593415021896362e-05,0.000582010815437746,0.000343902343747593,0.0005005821585655212,0.0002771674852508829,0.0002235010137407959,0.00011940300464630127,0.000778598676901901,0.0007699578757030257,0.0006740354001522064
1098,0.0007455296285158175,3.6517188767851844e-05,0.00010452046990394592,0.000476931066699271,0.00022748759424930098,3.855116665363312e-05,6.069366035526928e-05,2.2324334465376834e-05,3.1653791666030884e-05,0.0002470800625831923,0.0011140774938185813,0.0005170926451683044,0.00031608318950093056,0.000512952472703292,0.0003302842378616333,0.00019073388402476854,0.0004422112526751079,0.0006548166275024414
1099,9.55508192936605e-05,0.00030912174729196343,9.238719940185547e-07,1.2849721943569703e-05,0.00023406997367237878,0.0002606995403766632,2.736597542639385e-05,4.0513946114642844e-05,3.349781036376953e-05,0.0007186662919890091,0.0010078527208044197,0.0003310907632112503,6.13114783693941e-05,0.00017689313926567973,0.0006990339607000351,2.9680089924100095e-06,0.0006204162249821843,0.0004517994821071625
1100,0.0005832046761221898,0.00023650250046258758,0.0007364600896835327,0.000244701530646263,1.6963007080313813e-05,0.0009385757148265839,6.003530765466385e-05,4.9322438267843105e-06,7.906556129455566e-05,0.00027534562745777647,0.0006460034888993368,0.0007582958787679672,2.870564042225382e-05,0.0003749238989312117,0.0004904940724372864,3.2797732766973176e-05,0.00010204150620215374,0.0013546235859394073
1101,0.00021534675920426016,0.00010087054922212207,0.0005564242601394653,3.889187823791218e-06,0.0001448872307763839,0.0005162190645933151,5.618767710328931e-05,2.4664352381280168e-05,4.9989670515060425e-05,0.0003913715659486644,0.0013537519217556165,0.0003461148589849472,0.0003523230736828045,0.0005169329036086544,0.0004095733165740967,0.0005543842729403142,0.0004328065301767124,0.001259680837392807
1102,0.0013277696438714348,0.00019844110489988798,0.00023334845900535583,0.00047247436175568147,0.0004075142365061006,0.00021135807037353516,1.3838816383121219e-05,5.416682366631356e-06,7.515400648117065e-05,0.0015916384238179315,0.00019887610591485388,0.0006921142339706421,0.0013460007421185194,7.767730724328979e-05,0.0007916372269392014,0.001177395326297348,0.00018191573893534124,0.0007197260856628418
1103,0.0018688222541659028,9.311239097353763e-05,0.000927407294511795,0.001132432746713874,0.00012911370176383816,0.0009592268615961075,0.00011616284131651597,2.459556391788036e-05,7.414817810058594e-05,0.0016333956648897155,0.0001266780811297677,0.0002218484878540039,0.0026817094740680253,0.0006150559892677265,0.00018325448036193848,0.0019445552041626596,0.0004171871553220012,0.001032307744026184
1104,0.0007977511020386407,0.00036806553118925306,4.614889621734619e-05,9.354241079836956e-05,0.00017386044377834878,0.0006459932774305344,0.00010700955010085542,5.85238968904226e-05,1.9744038581848145e-05,0.0006039528207226544,0.0006482497826745953,0.0007936693727970123,0.00015490103230758612,0.0008006866333055748,1.605786383152008e-05,0.0005336212819056496,0.000777495589614291,0.0004253685474395752
1105,0.0023940103870813967,0.00011500802224217316,0.0014469437301158905,0.002247263285192924,3.066497542178123e-05,0.0014734752476215363,6.161291896861383e-05,3.268499497906469e-05,5.280226469039917e-05,0.00021443234954424822,0.0007804693523411343,2.0079314708709717e-06,7.165804961373895e-05,0.0006230472303633897,0.0001772213727235794,0.0020604475415089835,0.0005379555552275962,0.001193169504404068
1106,0.002341408927833355,0.00036416030769542,0.0007230639457702637,0.002351387935562693,0.0002662084620334605,0.00013034045696258545,5.474268782493241e-05,0.00011687834037188254,6.835535168647766e-05,0.0014218909923210399,0.0019004797182029312,0.00036882609128952026,0.000319270917166839,0.001962143643372584,0.0011948645114898682,0.0011496516818659819,0.0017305083440727065,0.0014752745628356934
1107,0.00015955664179506668,0.00019152550972922205,0.0012312084436416626,0.00037585686170482635,0.0002908278581679469,0.0013971198350191116,0.00031744579436347904,4.23197856499356e-05,5.646795034408569e-05,0.00021370903947329212,0.0026764636578636286,0.00013349950313568115,0.00018707879542513572,0.0003410333198234049,0.0004369746893644333,0.002069936784252477,0.000692568682204759,0.0010125339031219482
1108,0.001088356700139792,0.00010274508872393229,0.0003608390688896179,0.0010094069793755989,6.487117873167289e-05,5.470775067806244e-05,2.7584109340341237e-05,3.0316645741685667e-05,2.5700777769088745e-05,0.000701668807591406,0.0011048637213144571,4.789233207702637e-05,0.0010523153640420307,0.0002535211519425415,0.00031940266489982605,0.0016596446530077469,0.0003784645175643475,0.00024895742535591125
1109,0.000933817342285953,6.637266298954725e-05,0.0010917223989963531,0.0005484158112045168,0.00027404953807989504,0.0009056273847818375,0.00013948126577787226,1.4248959245454244e-05,5.10290265083313e-05,0.0006129518668855707,0.0006676941041112647,0.00014612823724746704,0.00034094308693812664,0.00102963092695834,6.520934402942657e-05,0.001369780883034799,3.2121589185144656e-05,0.0010029152035713196
1110,0.00041465043337027274,7.182089562570229e-05,0.000251084566116333,0.0007966365686244148,0.0003167202288863538,3.8053840398788452e-06,4.0040601099713274e-05,1.1173461838659719e-05,2.3137778043746948e-05,0.0017464802412086242,0.00012292064791299961,0.0006501767784357071,0.0023043399867074196,0.0011068783642963417,0.00032349303364753723,0.0019276489955872417,0.00020777072340157424,0.0001430809497833252
1111,0.0005779018026921268,0.00028883535222367154,2.750009298324585e-05,0.0010931615127703631,0.0002502772123015515,2.351030707359314e-05,3.208372336111105e-05,3.39737895136338e-06,9.231269359588623e-06,3.4804995931558835e-05,0.00025735993597569146,4.803948104381561e-05,0.00035436646113446574,0.00046454341710159067,8.014403283596039e-05,0.0012010744970246262,5.9793441752484244e-05,0.00032880157232284546
1112,0.00025830871103724173,0.00013245363789326017,0.00018463656306266785,0.0004109954341545152,0.0001063227978153336,5.7365745306015015e-05,1.8105058666820564e-05,1.2664994926190167e-05,4.6640634536743164e-05,0.0009511285492353333,0.00024253120610188972,0.000441892072558403,0.0001620326712822931,0.0008017805604120416,0.0006061550229787827,0.000664727788859204,0.00029447785442189567,0.0009717606008052826
1113,0.0018487450970806618,0.00023521491763524652,0.000613134354352951,0.002353884334902273,4.037861114970093e-05,0.000576285645365715,3.3091943292783144e-06,1.227767092372759e-05,5.783885717391968e-05,0.0005553412709865604,0.000765028268622743,0.00035449862480163574,5.153570054002021e-05,0.0014360997629496546,0.00040785782039165497,0.0020167879457062138,0.00016407579161429459,0.0005905665457248688
1114,0.0020411636058498273,7.979837436307424e-05,0.0009112544357776642,0.00268408789695615,0.00014375532144360673,0.0008630212396383286,4.5425562346847886e-05,1.9895069798756644e-05,7.8592449426651e-05,0.0014947849456632273,0.0002852869599930183,0.0004535038024187088,0.0008107372590381232,0.00044899673232178493,0.00043179839849472046,0.002508880736456498,0.0001586868930561862,0.0012795813381671906
1115,0.000597640349791817,6.629748905227772e-05,0.001142159104347229,0.00037867740371508307,0.00031535284170604305,0.0007388554513454437,0.00010783837394498855,6.606673894109889e-05,5.618855357170105e-05,0.0007108600137022275,0.000397772622572623,3.793835639953613e-05,0.0006048218817553963,0.0010108430234432465,0.0004957951605319977,0.0013935136068422838,0.0011011335923769017,0.0013059638440608978
1116,0.0018048653206862997,6.933187900818802e-05,0.0016677863895893097,0.001726031936680611,4.489989974260783e-05,0.0015117339789867401,0.00014078342046254175,5.9704638965384126e-05,0.00014129281044006348,0.00040941232735590416,0.0014753599124720657,0.0011996328830718994,0.00102245417771471,0.0015533463159718534,0.0015255771577358246,0.0013981393719321306,0.0011310994955186296,0.0028056763112545013
1117,0.0022157886926354453,6.453917528280104e-05,0.0011847056448459625,0.002549223609021156,0.0002889041679139219,0.0012318026274442673,7.488867061248433e-05,8.26064733949099e-06,7.884576916694641e-05,0.00039758711491676146,0.00027735506135342924,0.0006395392119884491,0.0007752140377111361,0.0003747747686773401,0.0006095822900533676,0.0017351225906081652,7.986006165211848e-05,0.001199137419462204
1118,0.000908696696603678,0.00041869987401129544,0.00047203153371810913,0.00127407998763171,0.00011439489133055133,0.00013292767107486725,3.6106706329322447e-06,4.600507312157564e-05,7.392466068267822e-05,0.0008198452633493142,0.0006575662817492056,0.0006417296826839447,0.0005580186162667325,0.000532065511700255,0.0011169388890266418,0.0007223465207486929,0.0009280444945566277,0.0013480186462402344
1119,7.103287886192633e-05,5.710335510203737e-05,0.00018903613090515137,4.108805995120535e-05,0.0002781238504607625,1.3284385204315186e-05,7.230921760460751e-05,5.0434829817670983e-05,2.345442771911621e-05,0.0008481332521563245,0.0014417793231313036,0.00023362226784229279,0.000519917135473294,0.0007272265615296154,0.00042155198752880096,0.0006353464935390102,0.0008474048713549287,0.0007908269762992859
1120,0.0013969021672582405,0.00041005815488487016,0.0012097805738449097,0.0018650055063849647,9.37852377936553e-05,0.0007713250815868378,0.0001143627139426652,4.8042959149724365e-05,0.0001054815948009491,0.002508699522084358,0.0010476501892073553,0.0010913573205471039,0.0016459751848517876,0.000468020807025361,0.0016341973096132278,0.0017868808695127997,0.0005388913465608075,0.0020945966243743896
1121,0.0005888299598829638,0.0004050045416567685,0.000485740602016449,0.0006245287128889276,0.00011899836730525082,5.8572739362716675e-05,8.5117955955177e-05,4.927281831371166e-05,3.566965460777283e-05,2.0276154754458875e-05,0.00037310905108437625,0.0010098926723003387,4.529917774899472e-05,0.001494950487691056,0.0002991240471601486,0.0003791213879924399,0.0007058164646501601,0.0006881766021251678
1122,0.0005644191911462482,0.0001259376474761001,0.0006236694753170013,0.00034335502659496586,0.00024372865715420813,0.00043500959873199463,0.00011653677134334552,1.3883913149405824e-05,4.5027583837509155e-05,0.00036108837196832666,0.0001933668591311416,2.22083181142807e-05,0.0004175198543497488,0.0004185189516302725,0.00030206143856048584,0.0014105758309620048,5.4885226264060616e-05,0.000817466527223587
1123,0.0003663099341607301,0.0004938582353902904,0.0004709996283054352,0.0002179816688027969,9.390191215083443e-07,0.00042279064655303955,9.998755021274272e-05,8.036118488239513e-06,1.8399208784103394e-05,0.0007052375876576283,0.000383415881083371,2.121366560459137e-05,0.0004479871787465839,0.0006865973117475971,8.683651685714722e-06,8.950215880353107e-05,0.00018085985346950537,0.0004147663712501526
1124,2.1537455905690228e-05,0.0008425163140389491,3.866851329803467e-05,0.0004976474060814917,0.00028764313405247807,0.00017065741121768951,2.1306768406437887e-05,1.6531011908320868e-05,1.642853021621704e-06,0.0005339801500753513,0.0006843717031583679,1.1194497346878052e-06,9.495116795672082e-05,0.0010791878231947282,0.0002467166632413864,0.00045247542363811843,8.672552256162869e-05,0.00025193020701408386
1125,0.00022369891654414054,0.0004458113231426905,0.0008633770048618317,8.216050305298594e-05,0.0001913292820459843,0.0007380098104476929,0.00011219201928156473,2.455753018891461e-05,5.760788917541504e-05,0.00048780611209370967,0.00026619121715048405,0.00035118497908115387,0.0004977525147060458,0.0009197129275249731,0.0005364622920751572,0.0013773815400843492,0.00037322836627199166,0.0008768439292907715
1126,0.000736503080870865,0.0005022813963510113,0.00026906654238700867,0.0014839125572456147,0.0006867619837554392,9.829550981521606e-05,8.207715515493562e-05,8.936703438533608e-05,6.415322422981262e-05,0.0001301211033432892,0.002509652903942533,0.0005523655563592911,0.00035657446159700207,0.001953817156540376,0.0011740494519472122,0.0004141160660770249,0.0016419836994149527,0.001456093043088913
1127,0.005344210901450597,2.2628633956713745e-05,0.001966279000043869,0.0046316652405592185,0.000470710719033509,0.002036832273006439,9.369418695056794e-05,1.8129648763120674e-05,0.000200711190700531,0.002847189180908115,0.0018192878600757426,0.0015905220061540604,0.002873765592841443,0.0008639790638749045,0.0016768332570791245,0.004295159388101419,0.00021267822467865502,0.0031331852078437805
1128,0.00224725402048892,0.00013729488496935782,0.0002561509609222412,0.0023458002134977007,0.0007156469973773616,0.0004921033978462219,0.00011364620295065478,1.3145370164875094e-05,6.489455699920654e-05,0.0004497009892538914,0.0013206001441400106,0.0007585883140563965,0.0003362537239351149,0.00031740688009347304,0.0004979837685823441,0.0005881432290836403,0.00047903766489904714,0.0006082169711589813
1129,0.00018085141809831562,0.00027939409902904416,0.0002858303487300873,0.00038528107764038144,0.00027906254731278196,0.00039682537317276,8.44201979704421e-05,6.551254387524713e-05,4.684180021286011e-05,0.00038138778333920986,0.001636084761503849,0.00027273595333099365,0.0008035171991205708,4.434702131482331e-05,0.00038330815732479095,0.0014161709419271973,0.0011751132721691607,0.0006835088133811951
1130,0.00025509407985666033,0.0003458168299441955,0.0001886226236820221,0.0008636424338244741,0.0003654042330211993,4.990026354789734e-05,9.455758770304627e-05,8.89415843380011e-05,5.5361539125442505e-05,0.00101720314891756,0.0020790807597191457,0.0004404168576002121,0.0003596030742690423,2.5368448659076476e-05,0.0007044859230518341,0.0006346500418029366,0.0017630681186539404,0.0009331591427326202
1131,0.0006627368871892358,0.00027285457268178687,0.0005882121622562408,2.8386957112769284e-05,4.9610319934279e-05,0.0006401631981134415,7.672096145236625e-05,5.0216499932305035e-05,1.6380101442337036e-05,0.0014465656060236934,0.00256720548779852,0.0005152542144060135,0.0008999389325981058,0.00020503563908610967,0.0006633345037698746,0.000732366331285525,0.0008620471283093435,0.00020512565970420837
1132,0.0005328473068172968,8.231273721109184e-05,0.00025265663862228394,0.0003243720776031911,0.00014737193308110574,0.00013008341193199158,6.899015646345819e-05,3.0469411970664596e-05,2.8561800718307495e-05,0.0007274995983844179,0.000486178307494492,0.00018956325948238373,0.0006779678760882382,0.00039306659211441747,0.0004128366708755493,0.000737657697685315,0.00048025059107512785,0.0007006116211414337
1133,0.0005825053577223349,3.986585320674488e-05,9.648129343986511e-05,0.00079679378721495,1.8252576653471353e-05,1.7980113625526428e-05,4.474749476946101e-05,2.701959111043109e-07,3.4712255001068115e-05,0.00038249447512355567,0.0003209081062122421,0.0004131961613893509,0.00038022483508850374,0.00030952469247874995,0.0005775969475507736,0.0007550166370770828,6.181209078464853e-05,0.0005288757383823395
1134,0.0007823017941694377,3.177257236971001e-05,7.839500904083252e-05,0.0001884465670018154,6.154993185875784e-05,4.646368324756622e-05,3.508077833634833e-05,3.139084761093853e-06,2.421438694000244e-06,0.0008787751006775618,0.000417041706288368,0.0002183876931667328,0.000979556941805064,0.0011909593287467452,3.100372850894928e-05,0.0003599730699071907,2.0934646599638645e-05,0.0001255124807357788
1135,0.0007502015254337302,0.00021384635951243042,0.00029199570417404175,0.00020807820955762169,0.00020102357118664121,0.00041922740638256073,7.105944005658671e-06,2.739351863670662e-05,4.654005169868469e-05,0.0008916898413044716,2.7856913217175205e-05,0.00042236223816871643,0.0010628445135128853,0.0001402320829582953,0.0002800747752189636,0.0001459045851677221,0.00047099011740898977,0.0009509474039077759
1136,0.0003803438001793724,0.00044094675630546726,0.00030123814940452576,0.000471399760306912,0.0002026849251079918,0.00010073743760585785,8.099394864372923e-05,2.2692982983033233e-05,3.0547380447387695e-07,0.000385348676177448,0.00017899890145561814,0.0002802666276693344,0.0007776461949492858,0.00013593811249431112,6.081536412239075e-05,0.0006810059443721206,0.0003463502621062521,3.5684555768966675e-05
1137,3.278911826529174e-05,0.0032446182722492833,0.0003769584000110626,0.0005585910742518796,0.0010595966392742892,2.76174396276474e-05,0.00012767001499789168,3.648527553855156e-05,5.82374632358551e-05,0.001155408082959393,5.401239465217811e-05,0.0008818674832582474,0.001479790648692303,0.0004487423294427077,0.0011859126389026642,0.0007513698083970455,0.0007229998699855994,0.001959972083568573
1138,0.0006076545012682899,0.0007350455723141303,0.0014938823878765106,0.0015850232371570072,0.0012406548061302675,0.0012190546840429306,0.0003173082769583578,2.7424283653180656e-06,9.991228580474854e-05,0.0018598353306300552,0.00037312044103074427,0.000523274764418602,0.0014848658004483276,0.0010294644227017927,0.0007807575166225433,0.0029868095630575797,0.00012222906227267114,0.002511214464902878
1139,0.0019213660313215086,0.00046785555773675574,0.001801658421754837,0.002353459242386835,0.0006418146628131387,0.0012076888233423233,7.147852681236959e-05,0.00010959636224723134,0.00015909969806671143,0.0007071892442233746,0.0017131676374913668,0.0006787963211536407,0.0001601542989140975,0.001879079216096492,0.001468513160943985,0.00011516310721941536,0.0018420131054680614,0.002587646245956421
1140,0.001980938417876832,5.2859623774867415e-05,6.834790110588074e-05,0.0021340429371039804,0.0012545151321513605,0.0003438517451286316,0.00012842952428568193,3.1372402973265864e-06,0.00012402236461639404,0.0017087457994164057,0.0020411635765019004,0.0015417207032442093,0.0011935435264052371,0.0013019067894424353,0.0012544170022010803,0.0009326791019432373,0.00032199902678949066,0.0015801601111888885
1141,0.0007818339558604559,0.0002076933454587468,0.001137804239988327,0.002509725383729733,0.0006750041233977884,0.0010432563722133636,0.00010699366093473023,2.4719029128348908e-05,8.422508835792542e-05,4.720890949147516e-06,0.0003696059898744483,0.0008266642689704895,0.0006535472495187641,0.0011087867522108358,0.0009188316762447357,0.0011303560478242436,0.000610607805069982,0.0008761100471019745
1142,0.0010154473685278775,0.0004669825491428678,0.0005682036280632019,0.001045231194762325,0.00031427551296011463,0.0007718224078416824,0.0001525987493282803,2.907770313060774e-05,5.6415796279907227e-05,0.0012810124931128125,0.00013254516728028465,0.0009656399488449097,0.0006924644958168982,0.000421486575198261,0.0007710549980401993,0.0006311938580362414,0.00048076983666917386,0.0012168847024440765
1143,0.001997182966431338,0.00022811344008177165,0.00011929124593734741,0.002235665773239748,0.0003585707704768133,0.0007855221629142761,0.00015209688190722173,0.00010172114237074034,7.749348878860474e-05,0.0009447011619139606,0.0006188240451287311,0.0011808760464191437,0.001349704573769303,0.0013471564561511728,0.00028103403747081757,0.0013351747065880604,0.0018310143764551576,0.0011509619653224945
1144,0.00010467843457356851,0.0002719559706799088,8.552893996238708e-05,0.00043455318650609254,0.0006584121879190559,0.00021543540060520172,9.724921153578085e-05,5.4960450918137196e-05,2.2739171981811523e-05,0.0008520612079916876,0.00022122576632328805,0.000422084704041481,0.00124889870256642,0.0004460664339768546,0.000799449160695076,9.733505111934881e-05,0.0006833567516080462,0.0006269589066505432
1145,0.0015291380985969494,0.00014193352233892592,0.0006600767374038696,0.0015949549271795926,0.00012935451978328752,0.0006995871663093567,4.942838643651887e-05,2.986707909216472e-05,3.0297785997390747e-05,0.0010901314439325238,9.54566221767969e-05,0.00026046670973300934,0.001048081586939302,0.00021583517408905496,0.00019922666251659393,0.0018168994629977342,0.00046849885815446884,0.00014088302850723267
1146,2.7819573463927494e-05,0.0001459962497938616,0.0003225170075893402,0.0005718256319454385,0.00016048990431367927,0.00023788586258888245,1.9484359103658436e-05,1.281315941125045e-05,4.278495907783508e-05,4.658512006936594e-05,0.00029752270313854884,0.00019461289048194885,4.269726060546902e-05,0.00015422424793319102,0.00034070760011672974,0.0005813567818460236,0.00010927512287297811,0.0008829794824123383
1147,0.00010060288500518544,4.468160835698065e-05,0.00047158077359199524,6.362693131675701e-05,1.094886419663113e-05,0.0002624858170747757,1.8920808229655472e-05,2.4324087130009418e-05,6.593763828277588e-06,0.0006839011052782937,2.2801920567631917e-05,0.00024325214326381683,0.00019353470750081703,0.00019495914380104895,9.44044440984726e-05,0.000259252034877297,0.0003758081058343639,0.0003033354878425598
1148,0.0006333215244664625,0.00040403398985588285,0.0003663375973701477,0.00034722212328883173,0.0003113221594380003,0.0005071535706520081,7.20375089270607e-05,2.9805308196335575e-05,3.734976053237915e-05,3.2823956209571126e-05,7.559952366362199e-05,0.000353911891579628,2.913665902379292e-05,0.0002919835443320213,0.00015841983258724213,0.00038161007491722965,0.0007579095338629202,0.0005666576325893402
1149,0.0011861516854351772,7.862413005548657e-05,0.0004925839602947235,0.001353409369339087,0.00018139331052534,0.0004297476261854172,7.935722126428679e-05,9.976081381651717e-06,5.8025121688842773e-05,0.00045257435795417744,0.0007325429280935908,0.0004775058478116989,0.0005026504256631786,4.3717160085991746e-05,0.0005118902772665024,0.00017755093141137712,0.0001213776881101511,0.0009324662387371063
1150,0.0011230494757768217,1.7752473379831213e-05,0.0006001293659210205,0.0009426989334219149,5.504791068789219e-05,0.0005444604903459549,1.9365196482200656e-05,3.974299229991818e-06,5.846843123435974e-05,0.0005409880570503775,4.1564216533472587e-05,0.00017314031720161438,0.0005263174185914168,0.00033893473697822925,0.00027281977236270905,0.001328395214982389,3.820647439784636e-05,0.0009223334491252899
1151,0.001118192141727481,7.461688319312931e-05,0.0004767179489135742,0.001184354883272648,6.309187639549213e-05,0.00023486465215682983,8.372012719216719e-05,3.741293864739496e-05,1.878291368484497e-05,0.0004735159205158518,0.0004966777269685071,9.156763553619385e-06,0.0001063284496909539,0.0002646789303423665,0.00017049163579940796,0.00041975424342821643,0.0006587461897452976,0.000551220029592514
1152,0.0010759745481188077,0.00040617466295742727,0.00014273449778556824,0.0010296519235525603,0.00043339053127461336,0.0003257244825363159,2.0293469710381054e-05,7.030553105301612e-05,2.1342188119888306e-05,0.0005363631501372479,0.0006373133130801664,0.0001333523541688919,0.0006194511028117938,0.000389905826097426,0.0006953999400138855,0.0015277835194934114,0.0015527527840022148,0.0008164010941982269
1153,0.0001895051426925587,0.000113388765648266,0.0005203224718570709,4.5586654883605915e-05,0.0002162553348184562,0.000248100608587265,1.0892435237382786e-05,3.173560740097172e-05,2.4512410163879395e-06,8.905799072304876e-06,0.00018436562818496816,0.0003321804106235504,0.0003829702616077943,0.0006053747486569096,9.037554264068604e-06,0.00019711704610037017,0.000586735578010953,5.4951757192611694e-05
1154,0.00037457731230786107,0.00013065288031281763,0.0004871934652328491,8.891855224232859e-05,0.00016074451385111183,0.0005826521664857864,7.798697160732275e-05,1.993912180336347e-05,7.874146103858948e-05,0.0008870524840395647,4.5700334726984926e-05,0.0006712190806865692,0.0003575605456374725,0.00030654466619070043,0.0005542971193790436,0.0005473363635820905,0.00027723641761684056,0.0014273077249526978
1155,0.001883218251775759,0.000207660213413903,0.00039974600076675415,0.0016148548413334463,9.471034495856998e-05,5.033053457736969e-05,0.00011704488725550535,4.7261697723238825e-05,6.791204214096069e-06,4.077809035393787e-05,0.0007272325024815715,0.0003015846014022827,0.00044245248087971395,0.0006710401444046891,0.00012380070984363556,0.00014497818540851193,0.0009460129431495511,0.0002647414803504944
1156,0.00020402398719468473,0.00013111644173896195,8.712336421012878e-05,0.000405289426888944,0.00032010757512078436,0.00036281347274780273,6.10657597734255e-05,2.4356787730857223e-05,2.1509826183319092e-05,5.81392865013769e-05,0.0005763604610760434,0.00039457157254219055,6.227427630645793e-05,0.0003138024136834384,0.0002201516181230545,0.00034800748738152143,0.0002797272327238372,9.177997708320618e-05
1157,0.0015775470692262483,0.00018378951361090398,0.0007145404815673828,0.0015193129805937122,0.0002653326768715346,0.0007692761719226837,2.5018065815960236e-05,1.583272860818932e-05,9.177997708320618e-05,0.0016492480516259594,0.0004269450759952567,0.0006473101675510406,0.0014114766637852785,0.0002449259204153377,0.0005670338869094849,0.0020936575345743696,0.0002722685869467785,0.0011170096695423126
1158,0.0011107002154957246,0.00015915249987113328,0.00011054053902626038,0.001722885060424395,0.00013725338394155948,0.0002692900598049164,7.213669325597909e-05,9.6629902252331e-06,7.484108209609985e-05,0.00025804446699531636,0.0004294910838493343,0.0009854994714260101,4.5848488129517084e-05,0.0007553041119103664,0.00070958212018013,9.195845596361718e-05,0.00033530125411706385,0.0011283420026302338
1159,0.0001780331395585255,0.00030619598629421166,0.0008076876401901245,0.000822845807705197,0.0002605907992861631,0.0006438735872507095,9.433595067767815e-05,2.0285644397359786e-05,2.658367156982422e-05,0.00047332248828139273,0.00010496551981452329,0.00022763945162296295,0.00011764980926528418,5.124361294461116e-05,8.620508015155792e-05,0.0007591046790397793,0.00035048299497151755,0.0006467178463935852
1160,0.0012142394463235395,1.8240765123033603e-05,0.00029939785599708557,0.0008860343373974511,0.0005106829607413078,0.00033681467175483704,8.834828952014769e-05,2.5025022760971627e-07,4.939362406730652e-05,0.0014317313378453267,9.438310866879962e-05,0.0004509538412094116,0.0014532494142984742,0.0005184273289916379,0.00042220577597618103,0.0014698966507760147,0.00024983248136082464,0.0002502612769603729
1161,3.340941460230895e-05,6.293727554326778e-07,5.396455526351929e-05,3.3294975724351694e-05,0.00025022512739727304,0.00013370439410209656,6.0647067504733185e-05,5.42290292902467e-06,1.1064112186431885e-06,0.00029451350564137224,0.0003168839290030659,1.4249235391616821e-06,0.0007779540278915892,0.0008457445272843107,0.00021851062774658203,0.0001268772605867302,0.0003802180508957788,1.5813857316970825e-05
1162,0.0008196707125033842,2.6802394976488397e-06,0.00043301284313201904,0.0010752145737133179,8.640609501878171e-05,0.0002932213246822357,4.70362765812634e-05,2.4070595902083488e-05,5.07645308971405e-05,0.0014704769377861943,0.0008728222806631686,0.0003465712070465088,0.0012915896801953056,0.00018426497368523483,0.000545283779501915,0.0009637675940494111,0.00030769626045586834,0.0006540566682815552
1163,0.00029442058303044694,8.638672151246168e-06,0.00041503459215164185,0.0004298616222853102,9.695462948626846e-05,0.0002811867743730545,4.363374737819878e-05,6.571097936722585e-05,4.336237907409668e-06,0.0008152248598125647,0.00015580806528358443,0.00010939501225948334,0.0009115276096042374,0.0011875404953532488,3.5468488931655884e-05,0.00014867077792710126,0.0012380303093400442,0.0004273243248462677
1164,0.0001873382907178478,0.00017267240980735343,9.457021951675415e-05,0.000573564775806279,3.575042900827094e-05,0.0002522561699151993,3.744382776544285e-05,4.0532324894260174e-05,4.179030656814575e-05,2.8986922065092624e-05,0.00019577798053906775,0.0008989796042442322,0.00016438816090613706,0.0004455180441764045,0.0008408129215240479,0.0003044911986138793,0.0005043868196737099,0.0008333660662174225
1165,0.0005033198754245405,9.011288102475298e-05,0.0005001649260520935,0.00025444093758858477,0.0001097018938067372,0.0005691014230251312,9.608842210374544e-05,4.013085617652701e-05,6.917864084243774e-05,0.0005731765322717144,0.0001292401650569916,0.000877106562256813,0.00034217581987227436,0.0003433638034621555,0.0008829832077026367,0.0008624340594587526,0.00038970235817301427,0.0011025778949260712
1166,0.00014840448669123374,2.9290023960348854e-05,0.0004053264856338501,0.0010777530312456596,0.00026782397249222947,0.00018616579473018646,9.534818610004714e-06,3.2683553547392316e-05,0.00010035187005996704,0.0015448199296250117,0.00019400756081232318,0.0008399616926908493,0.0014657399480372119,0.0004971327672928221,0.0011980384588241577,0.001707281073626818,0.00025710152389950974,0.0015707872807979584
1167,6.860547257514504e-06,0.00014850609922579389,0.00034886598587036133,0.0010306997625608993,0.00025699612396136787,6.1007216572761536e-05,0.0001362574738138396,5.48009937467891e-05,6.534159183502197e-05,0.0014650250132533446,0.0004312449040808769,0.0006391983479261398,0.0014786519950837906,0.0002582181087330132,0.0011214949190616608,0.002066145696392463,0.0006309244707971978,0.0010857246816158295
1168,0.0023146583901671736,0.0004902957313456732,0.0009448565542697906,0.002715322417039534,0.0002544124880970583,0.000576583668589592,0.00012912745894443946,8.826255971370418e-05,0.00013877823948860168,0.0018311071037014764,0.0004311762451854051,0.0010881144553422928,0.0025186341788235034,0.0004420349652593204,0.0015658531337976456,0.0030855416076274456,0.0013972547143252974,0.002775076776742935
1169,0.0022982742850153615,6.872143117617191e-05,0.0016187876462936401,0.0026616439569747963,7.656189360527935e-05,0.0018314346671104431,0.00016839607691951364,3.2872716310291226e-07,0.00022415444254875183,0.0013336595183148503,0.0005627609747894113,0.0019475631415843964,0.0017100487403608963,0.00011858878481641865,0.0015936847776174545,0.0031943632938002398,0.00027769780152330295,0.004310581833124161
1170,0.0009595275019351202,0.00016255944278809747,0.00024742260575294495,0.00013755879112395397,0.0003010279804286885,0.0006388798356056213,4.920002619149787e-05,0.00010768055246640029,3.5628676414489746e-05,9.215715405529873e-05,0.0016297411714368895,0.0007653441280126572,8.410691188619895e-05,0.0015672263438394809,0.0003841668367385864,0.00025763806406345346,0.0016097641820131403,0.000722348690032959
1171,0.0020559134072245244,3.4625848055958725e-05,0.0008516348898410797,0.0021358458476970765,0.0002356649092158207,0.0009658616036176682,4.690770661053972e-05,3.0322319823255063e-05,0.00013683736324310303,0.0001601580291496832,0.0016200544608082346,0.0013461746275424957,6.704549822402622e-05,0.0011600686646914028,0.0012279525399208069,0.00190312434925545,0.00022284619087635169,0.0026272423565387726
1172,0.001591211395141373,0.0001713572945128035,0.0009241662919521332,0.0022467547106584107,0.00018806449129824682,0.0006146691739559174,8.183540018979335e-06,4.799854515662302e-05,0.00011129677295684814,0.0008447838029300991,0.0006422324627735551,0.0008624736219644547,0.0007762992378978276,0.0008969635304184684,0.0013402216136455536,0.0005238412265527181,0.0005341579378748927,0.0021206997334957123
1173,0.0006210728500891938,0.00025804750530962484,0.0006125420331954956,8.540070627457985e-05,0.00025332409072174183,0.00042815878987312317,0.00011723282859027635,2.3863579126803857e-05,3.328174352645874e-05,0.0003274441977076936,0.0006269865785515499,0.0010411888360977173,0.00024351097917497955,0.00011510090299217228,0.0008371882140636444,1.2714773785005296e-05,0.0008063011885901805,0.0003474690020084381
1174,0.0006534260784038515,0.00020671221283466434,0.0006296634674072266,6.463057637370873e-05,0.0001600589252812694,0.0008732788264751434,0.00017068540658562135,1.3072841080156517e-05,4.731118679046631e-05,0.00027833763909027726,0.0007409142323919551,0.00027204304933547974,0.0003170684983198335,0.0005338552504187489,7.257983088493347e-05,0.0002982074574826299,0.00017641767266560887,0.001373782753944397
1175,0.002145412966064436,0.00024365265981865503,0.0001444779336452484,0.0018798182325562018,0.0002217220503530279,3.798864781856537e-05,6.870697698403358e-05,3.818856172813469e-06,5.5167824029922485e-05,0.0011192855123040787,0.0006854440409155421,0.0006867609918117523,0.0010860339154685344,0.0004438654468896094,0.0009138695895671844,0.0008040973164325921,0.00045275737582195844,0.0005759000778198242
1176,0.0015156315486646033,0.00023896380704518938,0.0010575763881206512,0.0015132379756850889,5.113023151629911e-05,0.0010885484516620636,7.644107635262215e-05,1.2016181504204138e-05,5.397200584411621e-05,0.0002393349294087313,0.0006666581216191389,3.0957162380218506e-06,0.0006499831068277062,0.000171868423517396,1.5322118997573853e-05,0.002029837416624436,7.991841078418618e-05,0.0006401762366294861
1177,0.0010001754781171213,0.00027149444645270526,0.0009977556765079498,0.000895371247601584,3.646623853298045e-05,0.0005842074751853943,0.00010335320399563856,6.145469016366001e-05,3.30805778503418e-05,0.0007605177750108355,0.0008412753827960681,0.0003034062683582306,0.00042958232664070534,0.0008466929914941398,0.00030291080474853516,0.0018103498954591957,0.0011793061412029432,0.0005760565400123596
1178,0.00014349244919298343,0.00021838366514524699,0.0005027838051319122,0.0005826979207358696,0.00048127677536169075,0.0007800813764333725,4.205328452866822e-05,8.795914124421801e-06,2.047419548034668e-05,0.0016365413882272195,0.0009002215890514254,7.10412859916687e-05,0.0016671375550849493,0.0008118689575249615,0.0004606693983078003,0.00013942036928857315,0.0004956011509372298,0.0008733868598937988
1179,0.0003629624096916084,0.0003414151582220755,0.00011158734560012817,0.0002340598320636489,0.0007540365969188577,0.0005581993609666824,2.1048586704201788e-05,5.575471050620192e-05,3.654509782791138e-05,0.001953706683481618,0.002183735347871564,0.0001126956194639206,0.001423278450253522,0.00024688360615620665,0.0005223378539085388,0.0004898941892634567,0.0010021900166954575,0.0003301464021205902
1180,0.00039018878323640593,7.48840578127831e-05,6.144493818283081e-05,0.0007371476656374554,0.0009329321150174374,0.00029937364161014557,4.350253636789883e-05,5.3918371709015585e-05,1.5325844287872314e-05,0.0011445229853350516,0.0009196788196369557,0.00017287395894527435,0.0014531829478705294,0.0004598010073085593,0.0004322156310081482,0.00010411707439338114,0.0008039315517239971,2.2158026695251465e-05
1181,0.001934882402981758,0.000545958114509984,0.0008651763200759888,0.0018469875933778135,0.0014608528727945679,0.0007019490003585815,1.4621799878232478e-05,3.775284775796111e-05,7.339939475059509e-05,0.0017057264106629597,0.0010272606503088436,0.0004041176289319992,0.0017760476652597251,0.000369017447668896,0.0006904378533363342,0.001243951117548922,0.0005579105759215865,0.0011210516095161438
1182,0.0005786996064752192,0.0003846135956517699,2.7254223823547363e-05,0.0004539462076133538,0.0006960666636429483,0.00012873858213424683,4.57656867083895e-05,5.2255359329943804e-05,3.133341670036316e-05,0.001034778985184323,0.001512098044898609,0.0002640914171934128,0.0011048176626086217,0.00014255280916107733,0.0005551706999540329,5.4268895346085144e-05,0.0010056090195901778,0.00036420300602912903
1183,0.00044682666233203383,5.5511446830570216e-05,0.0007343776524066925,0.0004531630000878528,0.00028935836814130214,0.0007480215281248093,5.540144218950903e-05,9.384476188439676e-06,2.197176218032837e-05,0.001037855309055126,0.00042982621565228196,1.527741551399231e-05,0.0010880369005769122,0.0003145574461710203,5.553103983402252e-05,0.0006738329983237701,0.000113794870329538,0.0007971413433551788
1184,0.0023951153086103905,0.00024518401620458527,0.0013343095779418945,0.0021173877069181335,6.679090578308455e-05,0.0012636110186576843,2.978808810226094e-06,1.9040306854814677e-05,0.00010227411985397339,0.000653478572357577,0.00032599212575434855,0.00047362782061100006,0.0004719151070688987,7.411123780710557e-05,0.0005668178200721741,0.0027357588104035546,0.00017570267093659428,0.0012815594673156738
1185,0.0025526058157076814,0.0003679641309314863,0.0011837109923362732,0.0027812426234994636,6.488797931010135e-05,0.0014948602765798569,7.755658770810386e-06,9.750393612575035e-06,0.00012277066707611084,0.00015840144684001883,0.00042863546123523416,0.0007557608187198639,2.840963124593754e-05,0.0002963509765705327,0.00035439059138298035,0.0020867469481679335,0.0004952279591666706,0.0018928162753582
1186,0.0016887675139061475,0.00039472282997870395,0.0005704909563064575,0.0019779633151490728,0.0003893126054204388,0.000291336327791214,8.243328361279625e-05,5.9174822146083146e-05,5.221739411354065e-05,0.0013472139846982048,0.0007741237764694459,1.4631077647209167e-05,0.0011511874449201473,0.0009010374818487379,0.0003154054284095764,0.0017126644308128464,0.0008861543688305461,0.0003575347363948822
1187,0.001343125056794764,0.0002906452971702389,9.931996464729309e-05,0.001116350474293204,0.00020955799439084655,5.759671330451965e-05,7.896697616405386e-05,7.224189341025595e-05,2.2839754819869995e-05,0.0006774500301891945,0.0013737820693515632,0.00015907548367977142,0.0004971595181361421,0.0004019268560124553,0.000413648784160614,0.0006192374363610809,0.0011143458488433872,0.00023516640067100525
1188,0.0013049407037488414,0.000370904872174959,1.4565885066986084e-05,0.002054295911599724,2.8478000331681047e-05,0.0005433037877082825,2.1679313248704896e-06,6.2095122986191836e-06,6.0595571994781494e-05,0.0005795947667044457,0.0011998284902758963,0.001035669818520546,0.00021203206552409398,0.0005128941626048522,0.0004040338099002838,0.0009861503360768242,0.00028425861781381304,0.0011758096516132355
1189,0.00031250512456371116,6.591022262602761e-05,0.00024183839559555054,0.000980013998842566,0.0003833928012371632,0.00030202604830265045,2.7195524361318946e-05,3.130312834299649e-05,3.1892210245132446e-05,0.0017617507397924767,0.001303886170265188,0.00019042380154132843,0.0003686465821964441,0.0006277498801438731,0.00011540204286575317,0.0007884107708825555,0.00037622895043997254,0.00018398091197013855
1190,0.0011336645908171517,0.0003765196936795119,0.0001328885555267334,0.001083464380930571,0.00045249236644709714,9.481608867645264e-05,8.08793926840995e-06,2.2654691973110746e-05,1.5325844287872314e-05,0.00012540640156279148,0.00020027817333171521,0.0002746209502220154,0.00035845522946312963,0.00023288128326119217,0.00039757415652275085,0.0005592735901421841,0.00019294961415517592,0.00022466108202934265
1191,0.0019211901128934061,0.00010148143610154425,0.001608971506357193,0.0018969808378521968,1.863929893387503e-05,0.0014370493590831757,3.3157510264373094e-05,9.696677035120251e-06,0.00010432302951812744,0.00017704295822089378,0.000850537122654732,0.00035526417195796967,0.00032188316794565935,0.0006479730423442397,0.0004973001778125763,0.0013099010125344895,0.0001065794403172643,0.0014499835669994354
1192,0.0016644418731987798,0.00010289598110361023,0.0017573460936546326,0.001948050868927631,4.837607218816792e-05,0.001606866717338562,0.00017044754856455728,2.569063764144494e-05,6.775930523872375e-05,0.0011140569460946909,0.000463475165172228,0.0002570655196905136,0.0008727768220797918,0.00168743208134493,0.0001239180564880371,0.003004338049635763,0.0007080935742842936,0.0012113675475120544
1193,0.0014513620459759846,6.915316805884697e-05,0.00025071948766708374,0.0017969450540978316,0.00021941702846413336,0.00029289722442626953,5.4829878645659e-05,9.866544384945302e-05,2.855062484741211e-05,0.0005341491819363803,0.0016759359185343284,0.00027909688651561737,0.00022280709221002976,0.0020278380178744802,0.00035550445318222046,0.00011591993441290027,0.0019340512845084402,0.0005162432789802551
1194,0.0017481655938385576,0.00038491521976820667,0.0010301992297172546,0.0015074454331506504,0.00048352892749129947,0.0015225019305944443,0.00016090212798164708,6.711298772866321e-05,9.145215153694153e-05,0.002260480083162847,0.0004010953427831254,0.000806223601102829,0.0019291686875038544,0.0008068755796301376,0.00024762749671936035,0.0030628750488602002,0.0007343255871616293,0.001218065619468689
1195,0.0006892189487524292,0.0001785321999813426,0.0004200749099254608,0.0004987013974137311,0.0003511268527707778,0.00012098252773284912,5.697422579837609e-05,4.787492199942933e-05,2.3640692234039307e-05,0.0012890211521727757,6.453235504594312e-05,0.0006489194929599762,0.0004309809999037406,0.0012378444720355184,0.0002950802445411682,0.0007047055424099086,0.0011775937016224175,0.0005925782024860382
1196,0.00020654123343002984,0.00022520067144870745,0.000638473778963089,0.0001246073629093125,0.00016917013383092525,0.0009017009288072586,4.8039934405502346e-05,3.8577529106758766e-05,3.982707858085632e-05,0.0008814792568317131,0.0011255374413638095,8.31950455904007e-05,0.0003935514878650598,4.824591034501523e-05,0.0003703087568283081,0.0005791054362591086,0.0006177788323880815,0.0010477788746356964
1197,0.0029131583505847825,4.817524448004831e-05,0.00098516047000885,0.0027033163725138643,1.2604798043415466e-05,0.0007540304213762283,8.993962391210843e-05,3.73320989227508e-05,0.00011144950985908508,0.0025272327965229005,0.0009293876459201683,0.0008782707154750824,0.002105883267686362,0.00044109303208496667,0.0012697726488113403,0.0019443250038874565,0.0003536703496937639,0.0009553208947181702
1198,0.00100856702271937,0.00010514914443173276,0.00040122121572494507,0.0009348233438318809,4.987060975815416e-05,0.000523056834936142,1.1937376186934093e-05,1.8998956478739415e-05,3.6343932151794434e-05,0.001219052130532354,0.0003554312787533917,0.00011853128671646118,0.001490212110784303,0.0008330370878035388,2.627447247505188e-05,0.0019429375451212594,0.0005715721881806683,5.3491443395614624e-05
1199,0.0011293487635206656,0.00025509640658594526,0.0005947239696979523,0.0017361858369368544,0.0003891146825439652,0.0011066608130931854,2.9205063185315516e-05,5.1540083403662975e-05,0.00010596960783004761,0.0005875474243179635,0.00016663047222866684,0.0008870847523212433,0.0006350259992059445,0.0010186685702873767,0.00021110475063323975,0.0019424536835666306,0.0008301951515725069,0.0015766359865665436
1200,0.0021015341800109666,5.7315113127967554e-05,0.0016586929559707642,0.002139641261864861,0.00017208962190190524,0.001335369423031807,5.5736102331137294e-05,6.228812252282909e-05,0.00010195747017860413,0.0004301815912301915,0.000391295160579945,0.0002230815589427948,8.130856722538687e-05,0.0011300385150278917,0.0006073229014873505,0.001001667546756707,0.001160554935112735,0.001641400158405304
1201,0.000404385777581201,7.004793090860384e-05,1.9825994968414307e-05,0.0005803806866766514,0.00021738235508645537,0.000479087233543396,1.829250715537807e-05,1.3656885953775314e-05,5.1897019147872925e-05,0.0011721851674850736,0.0005920285167302919,0.000920366495847702,0.0011659735550080957,0.00035767840246658453,0.0003410428762435913,0.0017561712621151082,0.0002759830947588471,0.00100751593708992
1202,0.0010418597220281656,0.0002006992492353775,0.0007101520895957947,0.0016837719346392,0.0003351712071310159,0.00012297183275222778,3.0427984810278003e-05,6.426326415911923e-05,4.407018423080444e-06,0.0006074212229554218,4.3694746603442636e-05,0.0006409063935279846,0.0009222318769893309,0.0011438834197033463,3.128126263618469e-05,0.00016017527225554995,0.0012370481284648266,0.00016999617218971252
1203,0.0012441383533655093,8.173101903856742e-05,0.0006823651492595673,0.0021924688852411056,0.00025093325567226293,0.0007653944194316864,3.4008572698158296e-05,1.1916205329617728e-05,7.022172212600708e-05,0.0006463025100876402,3.863150403139726e-05,0.0005076806992292404,0.0008713103449593668,8.9539151962339e-05,0.0004963427782058716,0.0012031324631214257,2.6929239007877914e-06,0.0008276253938674927
1204,0.001125603120866514,0.00019047305419550922,0.000613335520029068,0.0009059853752934055,0.00024890304497353355,3.4166499972343445e-05,4.1515747810345546e-05,5.7114702292631854e-05,9.566545486450195e-06,0.000256335674658284,0.000741546950209844,0.0005399100482463837,0.00021612180529159003,0.0005410617951139597,0.0002423115074634552,0.0011288642766993928,0.0010381736141079484,0.00026712566614151
1205,0.000655617348887777,0.00024942506446760243,0.00018029287457466125,0.0011987689490097764,0.0002562512598114179,0.00017957761883735657,1.4454342675149223e-05,3.179876895059936e-05,9.085983037948608e-06,0.0009387235894129792,0.0004425607219575786,0.00010718777775764465,0.0007579943932018093,0.0005718963625825197,0.00012008845806121826,0.0009344805005541551,0.0004932139752597195,0.0002165958285331726
1206,0.0008958601140990619,1.8762197014233345e-05,6.471946835517883e-05,0.001232619246437583,2.485998707783474e-05,0.0004343446344137192,3.799502756719579e-05,4.817767111284536e-05,1.416727900505066e-05,6.725245599685514e-05,0.0010082863344673051,5.134753882884979e-05,8.788494602259e-05,0.0011134584750703133,0.0005096383392810822,0.0013663794484353592,0.0008313092313704494,0.0001323297619819641
1207,0.00099647947264353,6.574335581339963e-05,0.0005349926650524139,0.0006476717598625503,0.0004822100942373682,0.0005854032933712006,3.71922999422257e-06,2.4137015799524262e-05,3.10949981212616e-05,0.0005446432644362342,0.00012969649574404163,3.534369170665741e-05,0.00047593586010256234,0.00014229655977556887,2.8390437364578247e-05,0.0002085363080502195,0.00020948516858245933,0.0003609471023082733
1208,0.001907470335427125,0.0001317819040075191,0.0008111037313938141,0.001576277721495739,0.0007754591901950533,0.0010775625705718994,3.502965950504672e-05,3.164316546466024e-05,8.704513311386108e-05,0.0013867051757620388,0.00042838240504519676,0.0009930729866027832,0.0011527705333296556,0.00036081420404094917,0.0006825365126132965,0.00035425024377884473,0.0003239300371135345,0.0014828816056251526
1209,0.002340604582626138,3.877122338143829e-05,0.0010558851063251495,0.0016914381355319363,0.0005885146567422908,0.0010845419019460678,1.3643088122605382e-05,6.633795182875088e-06,0.00010832399129867554,0.0008224366893050672,0.00011390660992403184,0.0008674580603837967,0.0003247483847503285,0.00010236884370488225,0.0008257701992988586,0.0012528800195468343,2.511509374802587e-05,0.0014147348701953888
1210,0.00040554708494464076,0.00014429436995625627,0.00016380473971366882,0.0003595771021957517,0.00017759641800055292,0.00022083334624767303,5.2216104051518164e-05,3.8577224496503994e-05,1.5445053577423096e-05,0.00029664337111676153,0.00023189192169852796,0.0001128222793340683,0.00019785824440509553,0.0003636120569924916,0.00011425092816352844,0.00022919454235449666,0.0007644811049390965,2.812594175338745e-05
1211,0.0006207636281576334,0.00010755086959455401,0.000396091490983963,0.0006777569147449203,0.0005580040159513106,1.928769052028656e-05,3.9672903836074705e-05,7.92013777910596e-05,1.2483447790145874e-05,0.00033732308703189606,0.0008640435971499077,0.00045764632523059845,0.0002191246832692964,0.0015086960219847945,9.910017251968384e-05,0.001036749014153529,0.0011293532801116765,0.0004772208631038666
1212,0.0014128524440864265,0.00036383498759532534,8.985772728919983e-05,0.0014218149270651403,0.0007529568933420591,0.0002588219940662384,6.277798130622375e-05,0.0001227591543881189,1.5638768672943115e-05,0.0006339638675174689,0.0017804446394774354,0.0004446599632501602,0.00025361912609600523,0.0018964009516267526,0.00011395290493965149,0.0016071445483349378,0.0018846051082212455,0.00010637566447257996
1213,0.002471627100428836,0.0004809820181103479,0.0008470863103866577,0.0025828687300109843,0.0005714063828431148,0.0007469486445188522,0.00013791720624294936,7.793178445983547e-05,6.487220525741577e-05,0.0011384986796367583,0.00040401163380819616,2.7460977435112e-05,0.0013090415326364527,0.0010075902947188084,0.0001710653305053711,0.004316090501683412,0.0012098663717662293,0.0009988509118556976
1214,0.0014564104694939628,0.00016703343947458912,0.0002556741237640381,0.0021315357936032286,1.7562212890551154e-05,0.0005155112594366074,0.00021287775183500592,2.4872460778496957e-05,4.641711711883545e-05,0.0013260692768067087,0.00018394208129437345,0.00035383738577365875,0.0012436489420290034,5.6027059728762894e-05,4.554912447929382e-05,0.003110422615298064,0.00047889533962968897,0.00024261698126792908
1215,0.0008450536971520428,6.546366373812174e-05,0.0002421252429485321,0.0014154429223601495,0.0001383761102013853,0.0001253187656402588,0.00013919668625812787,5.625119689879523e-06,2.4858862161636353e-05,0.0005032188850225897,0.00043808942932323236,0.0004770364612340927,0.0006713282364462295,0.00021995790647699916,0.00012720748782157898,0.0012422046799351882,0.000244862875175042,0.0001982077956199646
1216,0.0007235446343774043,5.760123581279725e-05,0.0006022080779075623,0.0006120886149454385,0.00018721076045594837,0.0005940478295087814,7.021219533796808e-05,5.710520012071948e-06,3.746151924133301e-05,9.428591324806695e-05,0.0012340680547705193,0.00039764121174812317,0.00019570866320782476,0.000455646469757421,0.0003143809735774994,0.0001944764467366883,0.0001139034009776975,0.0007842294871807098
1217,0.0024069017140598836,0.00022836087382464149,0.0008227676153182983,0.002104792040438286,6.281225372336413e-05,0.001149037852883339,2.853987093043124e-05,5.149774475361052e-05,0.0001029185950756073,9.1656673174359e-06,0.0008358543237361113,0.000750834122300148,0.0003674567269829482,0.0008873852550834744,0.00030914321541786194,0.0015999897714876615,0.0010082163565107959,0.0016084276139736176
1218,0.0008640798086372303,9.568591780628397e-05,0.00016034767031669617,0.0013272044577001818,7.831022562978379e-05,3.9093196392059326e-05,7.574797659366805e-05,3.1347681275202197e-05,4.821270704269409e-05,0.000307839058848014,0.0003040469382604438,0.00044258683919906616,0.0003278056433474452,0.00023012700681261915,0.0007226057350635529,3.1466658197476516e-05,0.0004808492705476765,0.0007403753697872162
1219,0.0008489152365898922,0.0001179481335135818,0.00036770105361938477,0.000497630676540961,3.98969211754599e-05,0.0005217660218477249,3.962779139091155e-05,2.949650138923932e-05,5.904585123062134e-06,0.0005827991978207686,3.682279513522735e-05,0.00015685707330703735,0.0006071131305339997,0.000477703210749956,0.00015654414892196655,0.0005232771279226611,0.0004977318512037233,4.4889748096466064e-05
1220,0.0003736762367211599,0.00014318989044036917,0.000577285885810852,0.0005379359306935672,0.0006984112356983596,0.0004948470741510391,0.0001223525164346824,6.806159278631104e-05,6.451830267906189e-05,0.0004696403642852412,0.0014366362540137595,0.0007168054580688477,0.0003934135652404469,0.0006552750584761201,0.0008775480091571808,0.0007620790969343205,0.0013162139336474685,0.0019588209688663483
1221,0.0014596258067416934,2.468055224051635e-05,0.0007358267903327942,0.0010809985987718929,0.0005711447894105881,0.0005239788442850113,3.220220635759795e-05,1.1888242709110885e-05,1.696869730949402e-05,4.48852608136846e-05,5.657688723991611e-05,0.00035133957862854004,5.752131873585503e-05,0.0002930323052136464,0.00011220201849937439,0.0010371793705140214,7.344116050111982e-05,0.0004032328724861145
1222,0.0003575173912106211,9.212177371641095e-05,0.0007960312068462372,3.157524001928813e-06,0.0008177513114320731,0.0008607059717178345,0.00018988187338439023,1.2256770107767906e-05,2.527981996536255e-05,0.0004032682123089326,0.001056434750305764,2.2724270820617676e-06,0.0005793152655073006,0.00012132136416810255,0.00016260147094726562,0.00046736584599443853,1.6331064260039635e-05,0.0005821138620376587
1223,0.0006287453991643543,0.00013272105996718284,0.0009686872363090515,0.0012118891482788552,0.0009830614221919172,0.0010527204722166061,0.00011374811043094422,3.370893753618098e-05,7.550045847892761e-05,0.0004665302282139683,0.00029539753790632645,0.0005231816321611404,0.0003457180957622402,0.000912908756050291,0.00034844130277633667,8.340929521805096e-05,0.0006028381469949835,0.0013185814023017883
1224,0.00029585905395201895,6.571768392221733e-06,0.00047550350427627563,0.00034658870539922004,0.00012571557565586866,0.0008135773241519928,3.0921890041859385e-05,5.824925242528447e-05,7.295235991477966e-05,0.00029784936317776844,0.0006351761769471803,0.0009322464466094971,7.993237804077707e-05,0.001060472908413526,0.0005129575729370117,0.0003004459371820506,0.0011647873586765577,0.0015100538730621338
1225,0.00021014436301972084,0.00015665990047194697,0.0002378597855567932,0.0010312290428959592,0.0004895712730398107,0.0005072765052318573,4.316161428151097e-06,6.835298978041153e-05,5.871802568435669e-05,2.0592726936302652e-06,0.001101727913803495,0.00043463148176670074,0.0001438055421346257,0.0012953140392866925,0.00010919198393821716,0.0007845545960868949,0.0012060798130157056,0.00048669055104255676
1226,0.0005692116801655489,0.00015326625377385175,0.0008179023861885071,0.0006687146708781178,0.0002837811898607559,0.0009109843522310257,0.00017651903322316552,3.8247590831918914e-05,2.6747584342956543e-05,9.872044289684773e-05,0.00046599223860194217,0.00033017992973327637,0.00040852803836883417,5.357860054232971e-05,0.0005141794681549072,0.000782078058421426,0.0005479268023485494,0.0002903006970882416
1227,0.0007428004504720365,3.8973520320638444e-05,0.00033224746584892273,0.00023344848886536207,0.0003251328788037369,0.0008070170879364014,0.00019020955073277557,4.0484386006799794e-05,2.950429916381836e-05,0.000257969575406955,0.0004970308023505704,0.00036966800689697266,7.417377717331558e-05,0.00018518337859665945,0.000233430415391922,0.0008510726924368939,0.0006073044925998389,0.0009945258498191833
1228,0.00047671198997212283,4.6567220420748456e-05,2.898275852203369e-06,0.0003624655985921821,0.00024360962469853129,0.0002798996865749359,6.160360279973583e-05,1.116991380705791e-05,4.9114227294921875e-05,0.0013599545820249664,0.0013400866305082401,0.0011115837842226028,0.0009105684434476194,0.0008699002889023455,0.0008439794182777405,0.0008927585866034815,0.0004138084885473396,0.0008930414915084839
1229,6.342431244241165e-05,0.00016192446569296415,0.0004812777042388916,8.959405350042471e-05,0.0002465331716453162,0.0004869401454925537,1.6787252995517643e-05,1.2114938536436203e-05,1.2975186109542847e-05,0.0008660786873392334,0.0001920459619302664,0.0003801342099905014,0.0005236570011431449,0.00021351680378656201,0.0004280470311641693,0.0005518538490085767,0.00021445537909165271,8.412078022956848e-05
1230,1.563205677795887e-05,0.0004128826767844894,0.000523839145898819,0.0009401379526338405,0.0008144376311429898,0.00036454200744628906,7.105826031207282e-06,1.7457984998882174e-05,6.413459777832031e-05,0.001111754299821785,0.0002456277930706699,0.0005313456058502197,0.000806503540474901,0.00042824149745007527,0.0007647015154361725,0.0005898077102880206,0.00014297951143966633,0.0011884793639183044
1231,8.367908902931487e-05,0.00015507392159042413,5.3241848945617676e-05,0.00042392170971000676,2.5913718534529423e-05,1.4953315258026123e-05,1.476936942329879e-05,4.74289148298104e-06,1.665949821472168e-05,4.734539507481039e-05,0.0002208973575726983,0.00018345005810260773,0.00023339581969028522,0.0007983186297726543,0.00018628686666488647,0.00021350450458829107,3.71911192230262e-05,0.0005331598222255707
1232,3.270779295436177e-05,0.0002902422348536951,8.98800790309906e-05,0.00016177390793653545,9.947166904751212e-05,0.00019350089132785797,8.267160023477278e-05,4.016056083137832e-05,3.450736403465271e-05,0.0005716262843529496,0.0006003958250087524,0.0005072932690382004,0.000899986070398838,0.0011834870896883414,0.00014273077249526978,0.0001345295642489197,0.0007362041541155266,0.0002937689423561096
1233,0.0017458614352605373,7.154583210726428e-05,0.0006231106817722321,0.001979483219736372,6.117585079879612e-05,0.00036239251494407654,1.7153673392916735e-05,1.697837933106478e-05,1.7173588275909424e-05,0.0001798751493252218,0.001191791336887349,0.0009268950670957565,0.0002214885079144316,0.0005073504038495217,0.0006366074085235596,0.0017967770804241112,0.0002152710213883767,0.0002023540437221527
1234,0.001904122378498907,0.0002728385284636557,0.000328894704580307,0.0020242287683064075,0.00025439851782945583,1.1041760444641113e-05,9.58750498036981e-05,3.853032330922179e-05,3.4347176551818848e-06,0.0006097418586395245,0.00041427743925193106,0.0005748532712459564,0.0006185904104938841,0.00037280703238119425,0.00016360729932785034,0.0015702899743097604,0.00038647486554463373,0.0005688965320587158
1235,0.002280386538823953,0.0002463371307965083,0.0010401234030723572,0.0020098326602613903,4.664163728282378e-06,0.0012795422226190567,9.229843663685795e-05,4.402086700521727e-05,0.00014352425932884216,0.0022549436130867365,0.0006088229153903765,0.0009513944387435913,0.0026230085010384083,0.0011268035836310628,0.0006348714232444763,0.0029244492783811332,0.0005702783387192475,0.0020369701087474823
1236,0.0011167325094091352,0.0006201431761447794,0.00011378899216651917,0.0008538545889769933,2.0373441716427937e-05,0.00021763145923614502,2.5837056693737287e-05,3.3064898470172794e-05,1.084059476852417e-05,0.0011669291397223072,0.0007794143247605717,0.00011896900832653046,0.0010432107738926263,0.0006326074258863204,0.00035936757922172546,0.0018292749752595594,0.00043235642860008083,0.00035201385617256165
1237,0.00196407567281609,0.0002809497292120544,0.0012244395911693573,0.0020999068402885457,0.00024819482722386946,0.0011800993233919144,7.556827191746406e-05,4.292945818806901e-05,8.327886462211609e-05,0.002784939904829309,0.0009863563343377943,0.0005961265414953232,0.0023835052015498265,0.0002817942504713582,0.0006769485771656036,0.002170696739138722,0.0008277497756975193,0.001543637365102768
1238,0.0012553188249482816,4.6471801582671085e-05,0.0009039193391799927,0.0015126148985528942,6.210393701706549e-05,0.001792311668395996,2.450897311969888e-05,4.0815653141259645e-05,0.0001244470477104187,0.002788030954822017,0.000561705167931463,0.0016085486859083176,0.002422140632834427,0.0007003945831920867,0.0006284136325120926,0.0016575453688915526,0.000691899876285415,0.0018604472279548645
1239,0.001181036089166837,0.0007019945671463516,0.000288940966129303,0.0011340896114529209,0.0005528131181873862,0.0004986226558685303,4.23855897069593e-05,8.607378831015922e-06,2.839788794517517e-05,0.00022256371446439938,0.0011593110812434318,0.00029009860008955,0.0005470314893651906,0.0003226149228860147,0.0006030220538377762,0.0012042156777734153,0.00011802833426429252,0.00015106797218322754
1240,0.0010521453647184542,0.00021226376219224755,6.243586540222168e-06,0.0010391563381288993,0.00022531577855144577,0.00042818114161491394,8.883060635627403e-05,2.045949108801055e-05,2.6598572731018066e-06,0.0002575231011282611,0.00013302237225366192,1.7391517758369446e-05,0.0005245773664081105,0.00047412651250855475,0.0005035772919654846,0.0017935557535186664,0.00023605981484203092,0.0002558603882789612
1241,0.00022928723959447783,0.0004767797729652093,0.0004463493824005127,4.653229983664353e-06,0.00027681686556515,0.0004369392991065979,1.6003077991395137e-06,1.0287309212372604e-05,7.510185241699219e-05,0.0007922132345778779,0.00042464025581021025,0.0006604185327887535,0.000836265596747432,0.00038385421857885065,0.0006265211850404739,0.0005309395322628113,0.00010556027717362193,0.0013232976198196411
1242,0.001217675106385513,7.472868226563248e-05,0.0009345486760139465,0.001318087571544363,0.0001974126214601482,0.0011040698736906052,0.00017786880326372406,9.656854815200209e-06,7.773935794830322e-05,1.8051140301712787e-05,0.0004773426574976869,0.00032185763120651245,9.038169136254409e-05,0.0008060060628910454,0.00010539963841438293,0.0027115325095072584,0.0003236876301478571,0.0015789121389389038
1243,0.002774731083071885,0.00011290828124990715,0.00016111135482788086,0.0027350109838175374,0.00023280524937830185,0.0003235936164855957,2.3277134522730128e-05,4.71164020447775e-05,3.255531191825867e-05,0.001967927471528838,0.00038619738453479074,0.0001035984605550766,0.0007667892854011302,0.0004659571251918928,0.00022852234542369843,0.0027734388114375452,0.001072073083759239,0.0006495416164398193
1244,0.002128808423064371,0.00029415384214345405,0.0009982846677303314,0.0022377817659291477,2.648696437350731e-05,0.0012675579637289047,2.6828610057346228e-05,4.566802846242297e-06,7.703900337219238e-05,0.00021060527470997958,0.00012027291456088995,0.00032364577054977417,0.00019760191758280005,0.0008860253868473522,9.063445031642914e-05,0.001961154631419007,8.690049879536699e-05,0.0016826577484607697
1245,0.0005077561723142998,0.0005199026487604022,0.0008618086576461792,0.0001816328837602188,6.77479823864846e-05,0.0005130153149366379,0.00014825931560398867,4.540475817174389e-05,7.580965757369995e-05,0.000405383904704959,0.0003479043190382086,0.0003833035007119179,0.0008831353562484198,0.00022347979413902576,0.0007834546267986298,9.438229983228796e-05,0.000688611596826455,0.0015695393085479736
1246,0.00011956710348914878,7.395124851520413e-05,7.703155279159546e-05,0.00014039998270523601,1.1060598931099397e-05,2.701207995414734e-05,5.844062682465109e-05,1.2561332804825057e-05,1.2565404176712036e-05,0.0010382750830381857,0.00030267402219702477,0.0004904968664050102,0.001305089998794244,0.00019620061456854243,0.0005242787301540375,0.0007955088629205548,0.0002266329726353343,0.0003076791763305664
1247,0.000626747920254439,8.734158653286167e-05,0.00028801336884498596,0.00023127924832166968,0.0003810128972887676,0.0009730122983455658,6.784603852219226e-06,9.341118209946838e-05,8.314847946166992e-05,0.0003625463713733956,0.0001624079440045792,0.0013221027329564095,0.0006111479269984635,0.0009411317720935224,0.0005276147276163101,0.0010615051516334878,0.001533225917919833,0.0015851929783821106
1248,0.001373674286810983,0.0004505972105706968,0.0016440600156784058,0.0019329230393252406,0.000140484060909888,0.001364331692457199,0.0001653882438952571,2.516481012457836e-05,9.378790855407715e-05,0.0009852807280918419,0.0006985480477946851,3.371201455593109e-05,0.0009984236303739041,0.0009428494435297433,0.0003475155681371689,0.0018738019708949422,0.00027189245390792094,0.0014628246426582336
1249,0.0009321469724232478,0.00034392975212841487,0.0003734380006790161,0.000622192597667548,2.5497421119576036e-05,0.0011072736233472824,2.7553264458132082e-05,5.9877689381639294e-05,7.325783371925354e-05,0.0021114985891917334,0.0001485236418406824,0.0009283162653446198,0.0023195465630881373,1.4400845500477273e-05,5.8943405747413635e-05,0.002405500008279937,0.0009183167680119064,0.001235518604516983
1250,0.0005806116469417588,0.00021557896788319125,0.0005880929529666901,0.0010422698870841962,7.194896852266014e-05,0.000533275306224823,6.91319676528624e-05,4.439739592486825e-06,0.0001253671944141388,2.89545407970368e-05,0.0008028084173618416,0.0012556007131934166,7.782558769791476e-05,6.354730802261149e-05,0.0013591181486845016,0.0003845940649712942,0.00016382030702106684,0.00217612087726593
1251,0.0020314208734118766,0.0004845072313534038,2.866610884666443e-05,0.00257390334783017,0.0008146421448045477,0.000990595668554306,3.3759892034313996e-05,7.806495712546057e-05,0.00014656409621238708,1.7472659082570785e-06,0.00011227630166881636,0.002063671126961708,0.000168355170378158,0.0015008912547715076,0.0008890591561794281,0.0017240008661814493,0.001501806865989927,0.002027176320552826
1252,0.0003414684953349234,1.212413692864428e-05,6.385892629623413e-05,0.0004453474146913772,0.0005224670121126568,0.0004829969257116318,2.1453637444992027e-05,8.251321678896719e-05,1.6395002603530884e-05,0.00022690066501630107,0.0011844681092781154,0.00023353006690740585,8.313462052039061e-05,0.0005811416109253887,0.00037681497633457184,0.00039717631789656926,0.0012684132968532706,0.00021528825163841248
1253,0.0001902602341005144,0.00041037951364408104,0.00023916363716125488,0.00043077586254022804,0.00035270094966422666,0.000209050253033638,3.1552869231130445e-05,6.431662842248335e-05,9.034574031829834e-05,0.000775364820478873,0.001833304543904242,0.0012477096170186996,1.4378659435577978e-05,0.0005888379310405225,0.0014312267303466797,0.0009004160346292867,0.0011554339056359907,0.001612737774848938
1254,0.00016511063196433806,0.0004942329966659241,5.668029189109802e-05,7.552978411998201e-05,4.1434692673501805e-05,0.0002641528844833374,1.1017857434861278e-05,1.3911888593712632e-05,7.358938455581665e-05,0.0015240038819491625,0.0012578760748600815,0.001346358098089695,0.000714808570459427,0.00036298914762643644,0.001106230542063713,0.001567510181872983,0.00029973827246317086,0.00137392058968544
1255,0.00020719754103168397,8.760068059092754e-05,0.00014368444681167603,0.0004862538420736806,6.0939442545114575e-05,0.00017524883151054382,3.800599417056773e-05,4.1373353330560053e-07,1.257285475730896e-05,0.0006992815124304483,0.0005237848769647155,0.0003293640911579132,0.0002867845870378957,0.0004234264321688521,2.738088369369507e-07,0.0009945007857323496,0.00017801828867488115,0.00031703338027000427
1256,0.0019220346852036052,0.0007435260325183782,0.001062970608472824,0.003193471638594819,0.0009714583517176391,0.0011533014476299286,8.169523662994102e-05,1.8768673627065323e-05,0.00020971521735191345,0.00031663343314329573,0.0005697127994650913,0.0020543131977319717,0.00037010948972322766,0.0008137412339182014,0.0017595868557691574,0.0015662470013168422,2.859275815179918e-05,0.004207108169794083
1257,0.002716909188043487,1.01515951284048e-05,0.0014098212122917175,0.004049971208591158,0.0017256121832580698,0.0020238514989614487,7.695328533700863e-05,6.505813001729077e-05,0.00018924474716186523,0.00033836240970058773,0.0005127125615600123,0.0018520122393965721,0.0007532739354407444,0.0016774888717659047,0.0009954757988452911,0.0012487808702558029,0.0012197664922556535,0.0028358660638332367
1258,0.0007131258699750453,0.0003091338874054786,0.0008009746670722961,0.00047900249899182623,0.0006754909068315308,0.0008991528302431107,1.6676332193576657e-05,3.5921362063946706e-05,7.991492748260498e-05,0.0007006559067318577,0.0005901976383175661,0.0005346629768610001,0.00010264361891094281,0.001196405808823726,0.0002526547759771347,0.0010063225230178968,0.0005406191667361344,0.0015640072524547577
1259,0.0017887727564249722,0.0005372510283275234,0.0003468431532382965,0.003369895611630064,0.0010314890775572072,0.0005031228065490723,5.523513806935179e-05,4.576750028587734e-05,0.00010325014591217041,0.00034186972532677246,0.0005543336458865636,0.0010476773604750633,0.00025332579448954923,0.0006810699335989788,0.0008678697049617767,0.000925356104554409,0.0007121722668454109,0.0020928047597408295
1260,0.002385373918936312,0.00023109077788317778,0.0016106106340885162,0.0025949101881695136,0.0007124120021112477,0.0021163783967494965,0.000140820831657772,4.800278364621314e-05,0.0001961737871170044,0.0009071962906219491,0.00011685974142024158,0.0020031677559018135,0.00045548294364877034,0.00030981512144981436,0.0013142731040716171,0.0014822154758531436,0.0006852816914422293,0.0036795027554035187
1261,0.00013465909206591964,4.725884716910711e-05,0.00020001456141471863,0.0003847986378650581,0.0006846724948476914,0.00021830573678016663,2.3520249759262715e-05,5.8546125323127125e-05,2.477690577507019e-05,0.0004976506494961397,0.00019733212435360525,0.0008347006514668465,0.00030763239460242925,0.0013411772231744761,0.0002651624381542206,0.000833062139339355,0.0009284500468475128,0.00048182904720306396
1262,0.00034043950048440186,0.000295188140725787,3.5509467124938965e-05,0.00021577992523780232,0.0001466098003874497,0.00025507621467113495,1.8148624685878495e-05,4.429939904782997e-05,4.082918167114258e-06,0.00020261508124527067,0.0007622389553636616,0.00041495636105537415,0.00020586359469996346,0.0004005258266256773,2.3534521460533142e-05,0.0005684201913133957,0.0007887448348534998,0.00011455640196800232
1263,0.00010341088789819763,3.3860478380082215e-05,0.0003225058317184448,9.253426358316053e-05,0.00019722137373016924,9.44528728723526e-05,3.6181425982457355e-05,5.9172100232672336e-05,1.3444572687149048e-05,1.6013502453837702e-05,0.0007559088923040289,0.0005845436826348305,0.00028602226768562056,0.0011437242015574995,8.66185873746872e-05,0.000745754412277394,0.0009792442800879292,0.00028461217880249023
1264,0.0007754791168939346,0.00012351450798934668,1.0248273611068726e-05,0.00028995372237711203,0.0003341358834017469,0.0003376901149749756,5.3621872682117766e-05,3.313824561155263e-05,3.1694769859313965e-05,0.00018934364933296394,0.0010118764459822183,0.0006367089226841927,0.0002650151125371536,0.0010185583473237775,0.00016635842621326447,0.0004693527050571855,0.0005491985952537359,0.0007266514003276825
1265,1.3862816310328263e-05,0.00028955148531136995,0.0003984086215496063,0.00034734053002988263,0.00016947794956307521,0.0004145577549934387,6.0705550515969056e-05,9.60006467861838e-06,4.6174973249435425e-05,7.673689121800997e-05,0.000460109065754756,0.00047086644917726517,6.747946752249517e-05,4.234358050711484e-05,0.00038488954305648804,0.0007677904613855591,0.00028006173189077527,0.0008710473775863647
1266,0.0006340183292078139,8.882950472308138e-05,6.224960088729858e-06,0.0004418318645213748,0.0018374115535223015,7.574260234832764e-05,3.4544796356885885e-05,2.2137590046592513e-05,1.4137476682662964e-05,0.0007240702879855454,0.00028015878716149134,0.0002481117844581604,0.00040829757387984833,0.00023168366713637294,0.0002105236053466797,0.00026033584274159915,0.0005723958214137147,0.00019370019435882568
1267,0.0004987094595027275,5.296482472133546e-06,9.223073720932007e-05,0.0004422927081183803,4.179107349654154e-05,1.9634142518043518e-05,7.804342383080365e-05,1.305923484871312e-06,2.7157366275787354e-05,0.0002115631846758559,0.0009475675158569022,0.0005360273644328117,3.38973659567976e-06,0.00021227723896468775,0.0005073212087154388,0.00018825555077503497,0.00023729825846870167,0.0001938939094543457
1268,0.00015519307713179886,6.486843275595872e-05,0.00020533055067062378,2.7707907126917064e-05,0.00014211494064412383,8.680857717990875e-05,1.3915980136183781e-05,8.140382384337098e-08,2.656504511833191e-05,0.00030757172806893107,0.0003583757536940735,0.00016928836703300476,0.00019511547621630515,0.0002432373653336777,0.00033296458423137665,7.73382803517797e-06,1.0505767615315992e-05,0.00035417452454566956
1269,0.0004533640284242191,0.00015458154996473433,6.776303052902222e-05,0.0004700958855062276,0.00035219236445376,0.0002687908709049225,3.0533220818328155e-06,2.645549165120574e-05,2.9068440198898315e-05,0.0003652375824319404,0.0004697265108808135,0.00032371096312999725,0.0002473619746644895,0.00031479932403238355,4.70038503408432e-05,0.00036360024164108773,0.00033692284986710716,0.0002880096435546875
1270,0.0004183948753536948,0.0002435156057729107,0.00021265074610710144,0.00041960403387572565,0.00030125887903454523,0.00013234280049800873,3.044433339208924e-06,2.2380428170662133e-05,1.1134892702102661e-05,0.001110035142023763,0.00040007579962898776,0.0002491753548383713,0.0009045745739911445,0.00028023677171255725,0.00014244206249713898,0.0009085695662470472,0.00036117214278126933,0.0002978295087814331
1271,0.0006488163771048994,0.00010791734098286598,2.527981996536255e-05,0.0004051508557637862,0.0001151135076822643,0.00014552287757396698,7.73440757350849e-06,2.667751721691287e-05,4.470348358154297e-06,0.00033472806408162137,9.694838802951772e-05,0.00025098491460084915,3.060423996230355e-05,0.0005799725729850134,0.00013832002878189087,0.0011569579919148976,0.0003332071209676962,7.19614326953888e-05
1272,0.0006718631294576616,0.000273108545462121,0.0010956153273582458,0.001093413355051892,0.00020732212531281505,0.000981595367193222,7.486158796516165e-05,3.99275120012638e-06,6.889179348945618e-05,0.0005668309286502513,0.0005296972270503325,0.0002405252307653427,0.0010969879924807302,0.0004576789436486796,0.0003370530903339386,0.0016960956436274377,2.6429935065148263e-05,0.0011341683566570282
1273,0.00026768601380897095,0.00015346799839919406,0.00022270530462265015,0.0005736918957721382,0.00011339614327694411,0.0005513802170753479,2.080192996467556e-06,5.657043090059313e-05,3.617629408836365e-05,0.00027855861573735513,0.0006899444323427151,0.0005553485825657845,0.0004697938278813568,0.001108045829516238,9.582377970218658e-05,0.0003264089318095048,0.0008310935643208207,0.0007579103112220764
1274,0.0008230057861613738,0.00013179935815285648,0.00030188262462615967,0.0011479797166806804,2.539853708422718e-05,0.00016034580767154694,1.1940061872885502e-05,2.4155115588033165e-06,2.2903084754943848e-05,0.0002540486906914899,0.0007147099985750499,7.668230682611465e-05,0.00025071775016580894,0.00017208580364961017,0.00016433745622634888,0.0007739203746802564,2.432223542318465e-05,0.0005481429398059845
1275,0.00032626349374567654,0.000472447235979237,6.739795207977295e-05,7.636480473241503e-05,0.0006258731624568942,0.0005283486098051071,1.517296384535155e-05,3.761258824313868e-05,5.264580249786377e-05,0.00019616951204096816,0.0004908290194446663,0.0013383738696575165,0.0007823474863162677,0.0003350693643438263,0.0006696954369544983,0.00048452268729921866,0.0009386160575897903,0.000904574990272522
1276,0.0011500730885649624,9.280039947619223e-05,0.0006977133452892303,0.001235858123046274,4.0718242370452185e-05,0.0004544723778963089,7.204580910006794e-05,4.17937108775615e-05,6.85565173625946e-05,0.0020763588490952598,0.0011222025460707954,0.00028971489518880844,0.0016042812328178266,0.0009546796852503217,0.0006423816084861755,0.0014596124511568748,0.0008131424945059876,0.0011244267225265503
1277,0.0009530593084433325,3.233937938893622e-05,7.774680852890015e-05,0.0010335526036967246,0.00011199974469409263,2.257712185382843e-05,4.025990058664081e-05,2.2333773932244278e-05,5.5730342864990234e-06,0.0013256605954220513,0.00041197559090458413,2.215523272752762e-05,0.0011192981036321284,0.0005078262389456162,0.00011640600860118866,0.0005007787220081827,0.0003398501836457679,0.00021301209926605225
1278,0.0004147401931459127,9.64260774691042e-05,0.0005699805915355682,0.000720779292654905,0.0007811675082620949,0.0013423338532447815,0.00017700192999165094,6.857409848496938e-05,6.369128823280334e-05,0.0014273345712051896,0.0011183149777426946,0.0006474079564213753,0.001302549709977223,0.0004676404878808842,0.00033712200820446014,0.0006195279526083619,0.0009587352368701785,0.001471545547246933
1279,5.680254051138034e-05,0.0001897645396312167,0.0005842335522174835,0.0007828424106094412,4.923476487515843e-05,0.0008430834859609604,0.00015665231073923834,1.728731865188564e-05,7.097795605659485e-05,0.001023275471188717,0.0003634160379678078,0.0006651198491454124,0.00032316482215778014,0.0011466218384847933,0.0002500023692846298,3.977761705267757e-05,0.0004256745320597548,0.001700419932603836
1280,0.0007020467131610697,3.9829899814020076e-06,0.0002986714243888855,0.0003916032555669746,8.502051752333831e-05,1.4677643775939941e-06,2.995506017733872e-05,1.6953808627937286e-05,3.180280327796936e-05,0.00021874459650467887,0.0007462169559923904,0.0002727704122662544,0.0004785814280527448,0.000693699950428766,0.0005493070930242538,0.0014070912077766284,0.00024195665585244677,0.0007022805511951447
1281,4.992263900216454e-06,0.0002552122800677653,8.082389831542969e-05,8.348800853533178e-05,0.00015301646669958063,9.554438292980194e-05,0.00011673389456067461,2.8088654051234944e-05,1.590326428413391e-05,0.0004194172941289487,0.0002015518946909059,0.000165523961186409,0.0007683244995886976,7.090536356939292e-05,0.00016515515744686127,0.0004218138243169689,0.0004809900618287649,6.552785634994507e-06
1282,0.0006928645467456362,0.00026820464654664367,7.266178727149963e-05,0.0003098693664660146,0.0004137708484607816,7.08606094121933e-05,6.562200624534928e-05,6.226603891841716e-06,7.774680852890015e-06,0.0009600126864340655,0.000425310571458129,0.00023998785763978958,0.0006746633646937186,0.0007259325575303156,0.0002538952976465225,0.0009402718200984955,0.00015412071159291718,0.0003011561930179596
1283,0.0013741726385994024,2.4640815895975166e-05,0.001748543232679367,0.0014529970713571538,0.00027208947403439127,0.0013139266520738602,0.00026474130978071386,8.673501772897465e-05,0.00011339038610458374,0.0018156008396719575,0.0010731097198326614,0.00030945800244808197,0.000790165065048469,0.0018789488566682477,0.0007834136486053467,0.0021481519043710234,0.001957001299451328,0.002063233405351639
1284,0.003151682671419881,2.9117042126221293e-05,0.0017297081649303436,0.003875063578790444,0.00021287881846494133,0.001986132934689522,0.00026223942445018425,3.6964678635587403e-06,0.00012579932808876038,0.003159031664400229,0.0011594560853313007,0.00022851862013339996,0.0026847562881696443,0.0006603898647375211,4.889257252216339e-05,0.003392362720276751,0.000261781879920292,0.0021822936832904816
1285,0.0019341189541085546,0.00014184446551050028,0.0013198666274547577,0.002009956057678536,8.254443972850051e-05,0.0010209232568740845,0.00017932438980448884,6.677828848445592e-05,6.280839443206787e-05,0.0008849579564571899,1.6933679170889893e-05,0.000521533191204071,0.0007904400272099113,0.0013425165023711778,0.00017905794084072113,0.0017005834312392581,0.001324896043859644,0.0011279135942459106
1286,0.0013467773580207454,0.00027145391068508773,8.209794759750366e-05,0.0013741587406480016,0.0002680341311283099,0.0011503007262945175,4.2291241325004975e-05,9.568446283483053e-05,7.717311382293701e-05,0.001499365695450984,0.00040529247198204527,0.0011504348367452621,0.0019730369276624027,5.162003131047033e-06,0.00017831474542617798,0.0020855140460113025,0.0015881952270571376,0.0016949474811553955
1287,0.0026534127375063554,0.00020668639297679453,0.0007390305399894714,0.002422513464243825,0.00044764072165839885,0.0011057481169700623,0.00014746219359918107,3.1399155121010535e-05,6.48200511932373e-07,0.0012803302766927135,0.0009852936921037614,0.0005844878032803535,6.125060012891759e-05,3.402098415815347e-05,0.001198338344693184,0.002131765990079318,0.0004109495021997478,0.0004056505858898163
1288,0.001968816894728248,9.832483243381318e-05,0.0015220306813716888,0.0021026084279914814,0.00018658909233178894,0.0015437491238117218,0.00026382938456032297,2.3018510356529256e-05,8.950009942054749e-05,0.0026328758226945095,1.4801200280245563e-05,0.00011453405022621155,0.0018622362493031092,0.0003843916415159033,0.0001094769686460495,0.0032537010878027073,0.00046603645345219546,0.00150299072265625
1289,0.0013687576972372106,0.00022885679186646773,0.00019646808505058289,0.0007234756955732391,0.0003975522028955812,0.0002843458205461502,0.00015997361521404192,7.086812908722265e-05,4.731118679046631e-07,0.0005859761380533623,0.00017378000838765006,0.0001726057380437851,0.0003660389620753074,0.0004267566339922037,0.0007313210517168045,0.0011501077684287209,0.0009541332271924899,0.00012330710887908936
1290,0.0012627833488385032,0.00029416424627098925,0.0001747123897075653,0.00268618865831724,3.446693423574468e-05,0.00011617131531238556,3.2649670958739135e-05,4.433473628525069e-05,4.898756742477417e-05,0.000661763498859512,0.0008558460736490178,2.5888904929161072e-05,0.00042193199157502387,0.0014790922681330925,0.00037330761551856995,0.0007577123043815692,0.0009385064319838363,0.0011076480150222778
1291,0.0011359013690908915,0.00013853678597426644,0.0007736049592494965,0.0016737548715847206,0.00048295273817291345,0.00046525709331035614,5.705717297572327e-05,3.289660437205428e-05,0.0001071542501449585,0.0004393348047010068,0.0004928309649192622,0.0008517997339367867,0.0008577195695285075,0.002161875715311218,0.0013213660567998886,0.0015657736107269893,0.0005881028115049675,0.002579309046268463
1292,0.0011377811690587714,6.795791590086947e-05,0.0008692704141139984,0.002076972794672838,0.0007021739780764223,0.0014592967927455902,2.8460214314044927e-05,6.319025956214638e-05,0.0001361742615699768,0.0010080132436773095,0.0013258002110852415,0.0020342497155070305,0.0005635771634652578,0.00024803298152068984,0.0013426020741462708,0.0012240610052732664,0.001088507448581251,0.0028093867003917694
1293,0.0001053055481622378,0.00015705502672444527,0.0004817843437194824,0.00035745217275326424,0.00020140048267449848,0.0004937201738357544,9.667514510192446e-05,3.7212085842343876e-05,2.2444874048233032e-05,0.0004721661572292396,0.00011898764487902613,0.00025748834013938904,0.0010664709055451735,0.0006177031343970827,0.00017828121781349182,0.0003675677447260578,0.0007812754379580567,0.0007508806884288788
1294,0.00014318332418256086,0.0008236934126607046,0.0011842772364616394,0.00024335359707325366,0.0008740235841979624,0.00032399408519268036,0.00015630385989174635,0.00010460231768568665,4.050508141517639e-05,0.002000450807223525,0.0022544367381594696,0.00040256697684526443,0.0024320384448605487,0.0007676187856897367,0.0005852077156305313,0.002456792643685382,0.001655211416859273,0.0004890672862529755
1295,0.002487052898544062,0.000419163172059471,0.0007309019565582275,0.0022177977633210944,0.000449967005528764,0.0005101412534713745,0.00011051600921129466,2.9059148272540195e-05,2.0019710063934326e-05,0.000128076668507289,0.0008320406396878505,5.311798304319382e-05,0.0006438616820714921,0.0005493759063758923,0.0004160422831773758,0.0008542804082326272,0.0003712912311591224,0.0001519620418548584
1296,3.036534243355815e-06,0.0004224224003310448,0.00026248395442962646,0.00044244667833034934,2.3870180274419145e-05,0.00014987215399742126,6.772772224553775e-05,1.0179244354965866e-05,3.1035393476486206e-05,0.00011876957676811017,0.0003370957129504998,0.0004114704206585884,0.0001839796004719646,0.00012497933012683982,0.0005813520401716232,0.0003662073997486165,0.00019844764915337779,0.0009374246001243591
1297,0.0010674741174226399,3.9815829999192975e-05,0.00011073052883148193,0.00017183288406752428,0.000342130529973117,0.00019074790179729462,4.5720812916021786e-05,6.107700089436519e-05,1.4901161193847656e-06,0.0007926389254262686,0.0005033081769453482,4.0587037801742554e-05,0.0008205750572015807,0.0002434380071480273,0.0003384798765182495,0.000510314333346612,0.000965609573112345,0.00023917481303215027
1298,0.0027466467870307376,0.00010632958026656619,0.0005485713481903076,0.0029027076855304423,0.0003785744277878811,0.0009421929717063904,2.388666821540389e-05,2.3348486082760056e-05,0.0001246631145477295,0.0018683608673179947,0.00039449091534862063,0.0010969778522849083,0.0014303218609776555,0.0010273201379981702,0.0006160885095596313,0.001828230602344147,0.00022578111881926127,0.0018759965896606445
1299,0.00043117741528017617,4.3254137721059766e-05,0.00039871782064437866,0.00022729007074340224,0.00011986163885821521,0.00038693659007549286,7.362611273774647e-05,6.759608014514883e-06,6.85080885887146e-05,0.0014806442351722737,5.0390720938098266e-05,0.000412793830037117,0.001307373104298508,0.0001020471022552677,0.0004544183611869812,0.0010952681789524465,0.0004054556133194706,0.0013375729322433472
1300,0.00014677197041490508,5.310367147456571e-05,0.00010378286242485046,0.0001836823592069048,0.00036727392385241253,0.00013807602226734161,1.4730150527874145e-05,1.990183286123279e-05,1.775100827217102e-05,0.0007559707396246271,0.00033940226818005015,0.000447896309196949,0.0005482829803383563,0.0005295181709099282,0.00018701888620853424,0.00041754478886615876,0.0001013456839698279,0.0003008991479873657
1301,0.0011988646675260284,0.0002467302593820858,0.00021409615874290466,0.0008626131457578345,4.0861520292534426e-05,0.0002674981951713562,3.35215198985217e-05,1.806578927777665e-05,5.7220458984375e-05,0.0006704544856203781,0.00043022058772690386,0.0010142438113689423,0.0010413113444795036,0.0011941077990397977,0.0008424222469329834,0.0003095069483641383,0.00028040511424941295,0.0009392239153385162
1302,0.001153375036005877,2.9830229432009636e-06,0.0006967373192310333,0.0015011888160506859,0.0001069826452229812,0.000661047175526619,2.504089840005795e-05,1.5359662006675986e-05,3.266334533691406e-05,0.0006187358478704219,3.314113361212179e-05,0.0002065524458885193,0.0005885506814780755,0.00023236685368904428,8.231401443481445e-05,0.000753692139550316,0.0003942152353756598,0.00045577436685562134
1303,5.6699378956776014e-05,0.00040896357445131815,0.0004995912313461304,0.0006634739801164302,0.0002894447476065147,0.0003635995090007782,4.9663947336235637e-05,3.887121324953717e-06,3.427639603614807e-05,0.0008445556157698278,0.0008410770023053252,0.0010875724256038666,0.0007758345716770074,0.00225888857428015,0.0009344983845949173,0.0009060988616032828,0.0002359838396232966,0.0004921555519104004
1304,0.002433666792893169,0.0003486635276404859,0.0008459240198135376,0.0022892038730498165,8.570156907659887e-06,0.0009002909064292908,9.857621483752056e-05,2.9242926828594844e-05,4.8786401748657227e-05,0.0012491719055394493,8.113682775164055e-05,7.276423275470734e-06,0.0016471646007733057,0.00026079863251535565,0.00020348653197288513,0.002831268755710298,0.0005201672513723797,0.0008166953921318054
1305,4.398503469757453e-05,0.0004298174221141343,1.7851591110229492e-05,0.0007654244295655921,0.00014318756610602612,0.00014784932136535645,4.033876215605789e-06,2.3894494195510685e-05,7.7076256275177e-06,0.00030007673991890027,0.0001316168793195488,8.423812687397003e-05,0.000171644450132874,0.0008832916799100896,0.000453118234872818,3.286372007799132e-05,0.0004429430269341575,4.86224889755249e-05
1306,0.0006944895863634504,0.0003438786569373922,0.00013054534792900085,0.00041716529386154333,1.0097581895275598e-05,0.00048091821372509,9.164284827417601e-06,4.028583841001929e-05,2.7604401111602783e-06,0.00023115267025263647,0.00022992164934618198,2.2190622985363007e-05,9.149014127344396e-05,0.00028751502294363865,0.0003874674439430237,0.00012186392776766808,0.0007709396889638044,1.652538776397705e-05
1307,0.0008722100934366039,0.0005587336012989781,0.0002705901861190796,0.000902002821553366,0.00021819639023705484,0.0001703910529613495,9.487238072715919e-05,1.834631629434101e-05,1.969560980796814e-05,0.0005193648425028535,0.0004108422960335603,0.0004416033625602722,0.0005121328549813758,0.0013832458961525306,0.0002051275223493576,4.547647302918789e-05,0.0002689685419155624,0.00029354915022850037
1308,0.0012277977433644283,3.976383662839325e-05,0.0002226009964942932,0.0018026460545187417,0.00015105976415373187,0.0005816929042339325,7.820641790454684e-05,4.381386522608367e-05,8.367002010345459e-06,0.000593245404008326,0.0009410730708594717,0.0002409825101494789,0.0009059136266976672,0.0004701595139923881,0.0007253643125295639,0.00047587304502408334,0.0008638018761415837,0.0004333667457103729
1309,0.0006551298196323385,8.892112569950511e-05,3.001093864440918e-05,0.0015274267204619663,2.6565341700122286e-05,5.06080687046051e-06,3.452137749153719e-05,3.68380058869864e-05,7.208436727523804e-05,0.0007571194357518171,0.0006226689194343826,0.0008796518668532372,0.0006356124330063537,0.0014238267550344599,0.0009137541055679321,4.402994248769998e-05,0.00035508290074095367,0.0011712685227394104
1310,0.0009911002280239,0.00038153142084912384,6.393343210220337e-05,0.0011452595176217606,0.00034911920772694865,0.0005900394171476364,9.03476899581819e-06,2.183522420016841e-05,6.791204214096069e-06,4.8861205080283354e-05,6.635155354420275e-05,2.22623348236084e-05,7.531701973180482e-05,0.0007400624527208396,0.0005972366780042648,0.0007549559974595055,1.0222522553254842e-05,1.1354684829711914e-05
1311,5.468876393177613e-05,0.000505804985898646,0.0002951622009277344,0.00043985209947436377,0.0005654603033260278,0.0006592273712158203,0.00022006691585497833,6.773953567652292e-05,6.7427754402160645e-06,0.000843675489753809,0.001171992224811312,0.0003982763737440109,0.0008942361870667229,0.00038244098526673577,0.0009995251893997192,0.0011365932633385645,0.000962150661717915,0.00024232268333435059
1312,0.0008566031261123264,0.00030597895164550734,0.00022953376173973083,0.0009572535315435227,0.0005365560537096345,0.00012366287410259247,1.1203954243425157e-05,1.3802353921271455e-05,1.0184943675994873e-05,0.0009062116717913002,0.00019658280730603522,0.0005229758098721504,0.00012856497867531902,0.0010216853038704857,0.00014290213584899902,7.09361894500049e-05,0.0005008714788523258,3.867596387863159e-05
1313,0.0007796975771669767,5.864998934538776e-05,0.0001899413764476776,0.0005940929548997054,0.00014836547993829843,0.0003652255982160568,7.606774502996738e-08,1.8730207892692433e-05,6.802380084991455e-06,0.0006794970375782888,0.0009585308207177429,6.853695958852768e-05,0.0004617061455961871,0.000671425112338659,0.00015908852219581604,0.0005269200299331256,0.0003265821301678927,0.0002197660505771637
1314,0.0008615232731070399,0.00018327881157648163,0.0009935647249221802,0.0010507858094426503,0.00015174843796889395,0.0006818976253271103,6.32051724600291e-05,3.9311271270488484e-05,5.762651562690735e-05,0.00022654316388885654,8.815213121942528e-05,0.00015856511890888214,0.00018668240996053131,0.00021138313638202968,0.0004953611642122269,0.002105702066742196,0.0006839760577412347,0.001028742641210556
1315,0.0012823953587849102,0.0002299637057678744,0.00016158819198608398,0.0004333066503319216,0.0002943235351020035,0.0003569014370441437,1.593162815032717e-05,1.87741766245874e-05,7.2158873081207275e-06,0.0008102989135896146,0.00019249684236726655,0.0002955961972475052,0.0012625184334415854,0.00027766341802762905,7.759220898151398e-05,0.0008683867929481365,8.874959478027966e-05,0.00021922960877418518
1316,0.0011621002646189649,0.00033132039013393164,4.485994577407837e-05,0.0011331457526407296,6.398617397125606e-05,0.00022580288350582123,5.012773312095334e-06,1.8949072503413305e-05,2.603977918624878e-06,0.00025751426856131937,4.245341756307919e-05,0.00014989357441663742,4.28122492610733e-06,0.00021368667840598356,0.00010254792869091034,0.0005895404699415713,0.0003994838738647609,6.337463855743408e-05
1317,0.00010067540923811014,6.778745605135611e-05,9.969621896743774e-05,0.001081755387429717,0.0001590984154517701,7.344037294387817e-05,1.859513102465786e-05,2.513504627523833e-05,8.437782526016235e-06,0.0003328970632368658,0.00024365424946216213,3.281421959400177e-05,0.00026940862508210983,0.00038582392371479084,6.260350346565247e-06,0.0008050242167579047,0.0005364342054745078,0.00012882426381111145
1318,0.00012671531479116482,6.508974265565307e-05,0.00010500848293304443,0.0006937445541022047,0.00019768623649026387,0.00018958188593387604,1.370408837096139e-05,1.5880713230802777e-05,2.438947558403015e-05,0.00021682005275746458,0.00018021220263897408,0.0003497712314128876,0.00033638191702935194,0.000247926000280424,0.00023680739104747772,0.00024030145832308614,0.0003649417845801757,0.0006415396928787231
1319,0.0001110217855499196,0.00019516546597762863,1.1123716831207275e-05,0.0003597739441401071,0.00010826166800573245,0.0001478102058172226,4.684272156018146e-05,7.305826034522517e-05,1.4454126358032227e-05,0.00043277213843889717,0.0007247943956878167,0.0005716877058148384,0.0007983514369101774,0.0006416638548956289,0.0002630092203617096,0.00029741582452136317,0.0014098009351980086,0.0002188943326473236
1320,0.00010097267448369585,7.656852741765724e-05,0.0008913353085517883,0.0007676852639162679,0.00022719109265663395,0.0007677450776100159,0.00013712378052017568,2.168369461172403e-05,8.274242281913757e-05,0.0005274040250654935,0.001118078618028144,0.0005568787455558777,0.00039400004103438274,0.00040630612972407214,0.0008524749428033829,0.0009329951071025133,0.0006787620727407885,0.0021136626601219177
1321,0.000503760163271666,0.00018318366831354335,0.00048595666885375977,0.0002088829282183846,0.0003361741687509315,0.0005281474441289902,3.818452480749274e-05,3.0068830288573854e-05,4.606321454048157e-05,0.0007092655453026786,0.00010898361974513021,0.0005511529743671417,0.0010330782477246045,0.00010368318788472712,0.0005792845040559769,0.0007571294438496606,0.0006753944549393529,0.0010044462978839874
1322,0.0006319885265404779,4.9506205955750227e-05,8.861720561981201e-05,0.0005556181576958363,5.965927051178668e-05,0.0004893727600574493,8.856697587770503e-05,4.202831810199261e-05,4.436075687408447e-05,0.0015682283113889126,5.116849514964772e-06,0.0005708802491426468,0.0015906770798814682,0.0008829148954204967,4.928186535835266e-05,0.0011098343709041725,0.0005877576022495709,0.0009594336152076721
1323,0.00028154092758933547,0.0002891847095602522,0.0004264041781425476,0.0008467308571101229,0.00015373985432447917,0.00043396279215812683,3.791579781610953e-05,1.2948179653399835e-05,3.1497329473495483e-05,0.0002202555995572536,0.0003220263711195062,0.0002565719187259674,0.00043909919025896665,0.00011174599368358323,0.00021102651953697205,0.0007257400451454316,0.0002259941981922406,0.0005027465522289276
1324,0.000967233595373318,0.0004044093282938449,0.0004191771149635315,0.0008878634326878188,0.00040497999018936776,0.0010197404772043228,6.505933905483902e-05,6.202034142598024e-05,6.321072578430176e-05,0.000689184642353291,0.000477442862334497,0.00040614139288663864,0.0005884171736752833,0.0002987095270061465,0.0003293342888355255,0.0019717728007323937,0.0010247735185186096,0.0006833188235759735
1325,0.000690770298985538,0.00015829552324611237,7.931515574455261e-05,0.0010204388646031792,0.0002586140236992239,0.0001624971628189087,6.171827088008452e-07,4.345977326489594e-05,9.804964065551758e-06,0.0009480346977428292,0.0005707465910402623,0.0002889959141612053,0.000923397197394038,0.0008692255243513292,5.699321627616882e-05,0.0008584540308860245,0.0009658250140397381,0.000545203685760498
1326,0.00012082600142618305,5.9875694043812905e-05,6.585940718650818e-05,3.6947736010817245e-05,4.504506809589054e-05,0.00038781948387622833,0.00010882218066068927,6.92672685385096e-07,2.6747584342956543e-06,0.0005261807152192946,0.00013764771786361346,1.9327737390995026e-05,0.0006908248262092812,0.00033055835150146325,0.00043236836791038513,0.0004760091599002314,4.11947016201869e-05,0.000221889466047287
1327,2.001212282812248e-05,0.00012434118663667143,0.00037721917033195496,0.00024132987325067856,7.762773877825757e-05,0.00022176280617713928,4.774269323114949e-05,2.2441330642214777e-05,4.880130290985107e-06,0.00021198678608503468,0.00017006469998846752,2.1821819245815277e-05,0.0006199383736890246,0.0005313131230548183,0.0001348629593849182,0.0002089501318522785,0.0003651514747930046,0.00014212727546691895
1328,0.0009641523125732965,6.473603956133958e-05,0.0005062483251094818,0.0013032212984781244,0.0003670941538643363,0.0004959125071763992,6.977050140898229e-05,8.844304152625e-06,3.0182301998138428e-05,0.00010808562299764735,0.00014587389034560055,3.872718662023544e-05,5.79058387445569e-05,0.00017343651204118106,5.2304938435554504e-05,0.0016129085063439075,0.00019577787388767864,0.0004349648952484131
1329,0.0004736617390219966,2.6812855274137293e-05,7.774680852890015e-06,0.0004885024477503108,1.7864362401733003e-05,0.0003474205732345581,6.802074814481023e-05,1.5491713578401952e-05,3.1366944313049316e-06,0.00016192721654385844,0.0004351146844493309,0.0001269988715648651,0.0004250690287278744,0.0003986957433144544,0.0002987552434206009,0.0001772533406754484,0.00012074067221929871,2.2679567337036133e-05
1330,0.0002526402709887299,0.00021530789760057512,0.00022912770509719849,0.00015301319809934988,0.00015236680583216936,5.508586764335632e-05,4.63528449173925e-05,3.384409724168508e-05,2.4400651454925537e-05,0.0004716861458486238,0.00027688136774307176,0.0002156747505068779,0.0006713229137806781,0.0013982693878412528,0.0001436285674571991,0.00016172064405806097,0.0006302415501577112,0.0006804727017879486
1331,0.0004716668943799407,0.0001584884407855279,0.0003711432218551636,0.0005314317678692948,8.231022191321907e-05,9.481795132160187e-05,0.00012602052824818404,4.170267420862059e-05,4.7869980335235596e-06,0.0007014802482804491,0.00012595858280867872,0.00023760832846164703,0.0006077968873502218,0.00033275638685351973,0.00011027418076992035,8.312450658973236e-05,0.0007459169498889862,0.0004645884037017822
1332,0.0008529299800690837,0.00025121766682694585,0.0007510669529438019,0.0007192321328887974,0.00014052478504326948,0.0005989670753479004,3.024675037545041e-05,1.1572852639867622e-05,7.50124454498291e-05,0.0003212137479665436,0.0005304372293055554,0.0005084173753857613,3.263054602022086e-05,0.000794215726417977,0.0007524378597736359,0.0013794107803210554,0.00026545862464019687,0.0015479139983654022
1333,1.8706009939362112e-06,1.0814951802155803e-05,0.00033647194504737854,0.0005783483151285407,9.341621027043195e-05,0.00029326044023036957,1.240295410767818e-05,1.272939672986289e-05,2.8636306524276733e-05,0.000189756446518273,0.0003044990190838176,0.00016050878912210464,0.0005192162514491422,0.00013840937920088763,0.00022604316473007202,0.0006442901876932972,3.2585005097229836e-06,0.0007542259991168976
1334,0.0015137853412496571,7.158308396849888e-06,0.0007588006556034088,0.0018227790212073103,0.00017427841652503315,0.0010517388582229614,2.9019220851137645e-05,3.1066758385284426e-05,3.0819326639175415e-05,0.0002846256310167078,0.0002402419153870461,0.00017379038035869598,0.00023525027314983543,0.0005111930612338054,0.0005942564457654953,0.0012860448608135733,0.00029083254975579426,0.0008226223289966583
1335,0.0009013685415528994,0.00010724541994256223,0.0010617822408676147,0.001169836822334347,2.922753565385086e-05,0.000761762261390686,7.888966999809385e-05,1.4449722700050991e-05,1.4334917068481445e-05,0.0006295635279407602,0.0004964741326856925,0.0005562296137213707,2.6024294880432064e-05,0.0008154977319197367,0.00020627863705158234,0.0014056318359978726,0.0002920164981113603,0.00012292712926864624
1336,0.0005569071031898409,8.740740612863188e-05,0.0001133158802986145,0.00047630598077239017,8.266636526765153e-05,0.00012947246432304382,9.154706635848206e-05,1.7043589693743278e-05,1.658499240875244e-05,0.0010269054694723445,8.488737983570332e-05,0.00016499869525432587,0.001477034565852152,0.00042921466220008104,0.00022839009761810303,0.0008947208053223382,0.00028512883998737387,0.0003143884241580963
1337,0.0008813760221674793,5.7929973712102234e-05,0.00026383623480796814,0.0010066455879134684,0.00022802374161822944,0.0003086160868406296,5.843671272787523e-06,1.5658467386791587e-05,5.2809715270996094e-05,0.0003174899093806513,0.0012850954097908193,0.00046858005225658417,0.00018281623173473094,0.0011599235107786912,0.00043596699833869934,0.0009244384572111852,0.0003937821382285177,0.0013116225600242615
1338,0.0002871931120527471,6.197126933266822e-05,9.484589099884033e-06,0.0006913733451858195,0.0001691015611590338,0.00041526369750499725,2.8296356473073853e-05,4.9786489115479686e-05,4.2576342821121216e-05,0.0003253878261067558,0.0011046947927623452,0.000491543672978878,0.0003020833371556453,0.0004494767880769551,0.001051226630806923,0.000524146610168294,0.0007559556846126296,0.0009355954825878143
1339,0.0003058859485614851,3.5825668120367804e-05,0.00026522204279899597,0.00018113039991615731,1.3366618615118231e-05,1.2490898370742798e-05,0.00011640555387174185,3.661448447193688e-05,2.203136682510376e-05,0.0005412577074936434,0.00010678911396881652,0.00036147143691778183,0.0009562194265611904,0.0011660838285898088,0.0006667114794254303,0.0005528072918664778,0.0006842228568771855,0.001331038773059845
1340,0.0014062743750695439,0.0005443403147108658,0.00018263980746269226,0.0010307052447021403,1.4376238346953257e-05,4.1291117668151855e-05,3.216448363248421e-05,8.839344202761848e-06,4.728883504867554e-05,0.0003903444312743573,0.00041128066195374874,0.0009651817381381989,1.9000357192551498e-05,0.0001662216734664235,0.000753398984670639,0.0009689790943049059,0.0002529621894685301,0.0006671696901321411
1341,0.0019225025803954743,0.0008336293581856016,0.0001138933002948761,0.0008336547475274736,0.0010586942648188984,0.0007357075810432434,0.0001497468438513682,4.828893374134212e-05,8.216872811317444e-05,0.0009375569405552509,0.00027632922285038275,0.0018070442602038383,0.0006433407315574943,0.0003198313442604808,0.0007871389389038086,0.0013201896035170274,0.0009865143239476404,0.0020607784390449524
1342,0.0003218868012246079,8.377199958952558e-05,0.00027720630168914795,0.00017748901671757467,0.00014671517123832425,3.767572343349457e-05,2.938654566156211e-05,6.429020077216717e-05,4.314631223678589e-05,0.0007748665648441774,0.000585022615761592,0.0005366075783967972,0.0006309544639348519,6.31987273512491e-05,0.0001809634268283844,0.0011821570410351923,0.0012580553828610008,0.000310603529214859
1343,0.0007219642021348838,4.32178282697912e-05,0.00013783574104309082,0.0002628244166804905,0.00013388559179304885,8.319690823554993e-05,3.5112346185809523e-06,3.6833505738258134e-05,5.145370960235596e-05,4.300543633883186e-05,0.0012056487170626906,0.00044362153857946396,0.0003784174764520573,0.00018028020760788542,0.0004073195159435272,0.0010940578760693237,0.0005307105919736127,0.0005721449851989746
1344,0.00017837619900074042,0.00031093665810982135,0.00039482489228248596,0.0008718734675515483,0.00022169469673942108,0.00047405436635017395,9.512262601944939e-05,1.111017068330662e-05,2.4084001779556274e-05,0.000680980653913553,0.0010275388473691693,1.6405247151851654e-05,0.001315980940914084,6.22183109049183e-05,6.753019988536835e-05,1.5287557546136976e-05,0.00018949018440152232,0.0005608387291431427
1345,0.000996753770331399,4.3708582192675954e-05,0.00044300779700279236,0.0010036494345593838,0.00020215669925425714,0.000814070925116539,6.510985621076965e-05,3.32169467874492e-05,6.185472011566162e-05,0.000698853289287607,0.00023801107335212623,0.0006498312577605247,0.0012568383487082738,0.00040575985342310075,0.00030465424060821533,0.0004332891520360399,0.0005122415637552613,0.0005388408899307251
1346,0.0003092430240431432,1.7289746498932307e-05,9.970366954803467e-05,0.00048014437826537915,6.291737270454345e-05,3.975816071033478e-05,7.828456052423778e-05,1.252885389674968e-06,1.2233853340148926e-05,0.0003687813899062656,8.589928058699847e-05,0.00046301260590553284,8.062137067171848e-05,9.923735461418292e-05,0.00039725378155708313,0.0009087315864024365,0.00029614251574180614,0.0003437809646129608
1347,0.00018698788092194607,4.012804499721814e-05,5.003064870834351e-06,0.0002277186931371744,0.0003569331303964751,0.0003152713179588318,3.9130912399104253e-05,1.667407439937289e-05,5.753710865974426e-05,0.00010212310902152355,0.00035393285701362104,0.001002032309770584,0.00017601349676572842,0.0003919020768222486,0.00061015784740448,6.220089658018346e-06,0.0002884610347289908,0.0009354837238788605
1348,0.0003649031586435425,0.00038216021097737043,0.0005023777484893799,0.0002893064400691925,0.0001711036583985949,0.00029999762773513794,6.767942860112092e-05,3.3421462812978104e-05,2.520531415939331e-05,0.0007856204957977925,0.00042191158137198925,0.0002747410908341408,0.00040118184555899133,0.0009933450484886901,3.758072853088379e-05,0.0008946774450703104,0.0005445356449445271,0.0005574449896812439
1349,0.00016722306488800576,0.00043948265277971715,9.361281991004944e-05,0.00027234059621999984,0.00036973148952440527,1.4685094356536865e-05,8.589659935292517e-05,2.993303864596772e-05,3.638118505477905e-05,0.0008290533189985252,0.0007801538967795452,0.00015022233128547668,0.0009582692592350894,0.0008029414037508467,0.0002525933086872101,0.0001357029116404035,0.0007043285005168959,0.0013943947851657867
1350,0.001065496821237022,6.206085606440606e-05,7.300451397895813e-05,0.0016962854675882932,0.0004603664088492915,0.0002914983779191971,0.00012056997263236446,2.0975243833765145e-06,4.4260174036026e-05,0.000792924102551891,9.11259616996618e-05,0.0008635390549898148,0.00035263189152171664,0.0006167700125602775,0.0005999505519866943,0.00011771794841421157,0.0002633887953629212,5.661696195602417e-05
1351,0.0012853645508091593,7.080285459867483e-05,0.0010981447994709015,0.0012156114743606394,0.00032816874383318276,0.0006928667426109314,0.00013188714619999202,3.847652661365759e-05,3.7863850593566895e-05,0.0012113287757316848,0.00025285463427731497,0.0002803020179271698,0.0014105138478148274,6.720888075879405e-05,0.00017427094280719757,0.0013480224213785752,0.0008640725476151898,0.001150030642747879
1352,0.0018282222429267525,0.00045241806398529927,0.0006791539490222931,0.0018842958740087346,5.6762415879242634e-05,0.0008344613015651703,1.5997914803937696e-05,1.779314980250796e-05,9.620934724807739e-05,0.0008561980671322467,0.00033373568338421894,0.0009826691821217537,0.0008710350387237942,5.6172539405714705e-05,0.0008122753351926804,0.0026331137640060454,0.00031218471075419515,0.0019372738897800446
1353,0.001025823291331357,0.00013314785250688813,0.0007641278207302094,0.0015830113893552933,0.00010379249667223991,0.0006144903600215912,2.5901929924417033e-06,5.075055166694608e-05,0.00010611861944198608,0.0004966770078469115,0.00043313490132637633,0.0007451986894011497,4.5620929321137094e-05,5.292562660890593e-05,0.0010013692080974579,0.001185636978958557,0.000827493487613875,0.001756671816110611
1354,0.0010023947477554862,0.00033243876081473847,0.0007958188652992249,0.0010512378867202077,0.0008324177574323618,5.754828453063965e-05,1.6329741018956956e-05,2.8003924704661336e-05,7.752329111099243e-06,0.0005725693632243553,0.0003978118542333209,0.0007589841261506081,0.00018226344720047305,0.00011643285712160164,0.00011922791600227356,0.0014121680806361697,0.0005570071317186967,4.25390899181366e-05
1355,0.00011722028353694514,0.00023641548977607063,0.0017021112143993378,0.00010564755409347981,0.0008737163984584538,0.0009365491569042206,7.874339492642234e-05,3.8214755068265464e-05,8.613243699073792e-05,9.207568753732964e-05,0.001024861515285691,5.035754293203354e-05,0.00017492699950923812,0.00024003124644494337,0.0008200090378522873,0.0010982344178916276,0.0008633339435980235,0.0014773942530155182
1356,0.0007623104254537161,0.0002659866963359951,0.0008511506021022797,0.0005467789182050375,0.00035385015026916794,0.0008613765239715576,9.343217463981222e-05,1.7542672331332266e-05,8.619576692581177e-05,0.0002484993594852117,0.0006075083886245974,0.0003367988392710686,0.00018647316971182049,0.0003253687032017689,0.0002956278622150421,0.0005772711760492627,0.00043787909969544847,0.0012814663350582123
1357,0.0011518472534990942,4.812080425581691e-05,0.00036484748125076294,0.00033153329237045615,0.000288322712282494,0.00048580393195152283,6.98499892979685e-05,2.534257837189728e-05,6.341561675071716e-05,0.0006282064571819096,0.00026833799820717014,0.0004426427185535431,0.0005708231600047298,0.0002694280521073709,0.0002569444477558136,0.0009647656619196365,0.00039905179738997446,0.0010939575731754303
1358,0.002556366192017101,9.147430671249679e-05,0.001598358154296875,0.0033617834253946155,0.0002816743716015854,0.0012639202177524567,0.0001755321166869387,1.720328312122127e-05,9.556114673614502e-05,0.0014126721363650827,3.580487875214783e-05,7.198192179203033e-05,0.0016577080197885605,0.00015013827298043791,0.00024375878274440765,0.0029788207476305895,0.00024977733933354354,0.001240801066160202
1359,0.0025369555464436477,9.519040430992776e-05,0.0010520108044147491,0.0030581933912971204,8.975899544988106e-05,0.0011271890252828598,0.00016284283089145445,2.7428527539778702e-05,7.957592606544495e-05,0.0021558989613510715,0.00019482534112010702,5.5458396673202515e-05,0.0021559894717591427,0.0008231151783375072,8.52290540933609e-05,0.004702872884665629,0.0006832938465600805,0.0005644671618938446
1360,0.0033389888924716116,2.239126605420999e-05,0.00132051482796669,0.004367024560241989,0.00021553557124767003,0.0012482143938541412,2.5593584257655247e-05,1.9196389489524587e-05,7.695332169532776e-05,0.0017173387504507906,0.0012270787628258784,0.00020074006170034409,0.0021593648065372853,0.00024416789644084516,0.00015494972467422485,0.004297211496765471,0.0005542648638229945,0.0002751350402832031
1361,0.002042703203190277,0.00023769132667580267,0.0009668245911598206,0.0024353963205745732,0.0002302148420682687,0.0008763615041971207,1.1048217809181762e-05,1.015174234928807e-05,7.073953747749329e-05,0.001332318332910351,0.001116991240663709,0.00025335047394037247,0.001347880182925705,0.0011753639150108037,0.000276980921626091,0.0018204638972280363,6.886204082317757e-05,0.0009458661079406738
1362,0.0015015342724997716,0.00041615217151145384,0.00042301788926124573,0.0018671014529470786,0.0003127925471954618,0.0001942608505487442,3.0569299265797295e-05,3.0520489867130393e-07,1.519918441772461e-06,7.650544530245218e-06,0.00016479893650771238,0.0006290338933467865,0.00031411866990883885,4.409024399283992e-05,0.0003967899829149246,0.0006005511784457906,7.828030011211226e-05,0.0006652064621448517
1363,2.7183901214006267e-05,0.00015555055714928587,1.823902130126953e-05,0.00011775000988781259,0.00030576628269373893,0.000990491360425949,0.0001511962956534038,0.00011149426986678621,1.0557472705841064e-05,0.001731719495533926,0.0007623109267866912,0.000490853562951088,0.001933883250751986,0.0013140427155031945,0.0008202176541090012,0.0012504287755075727,0.0016564680496236918,4.8354268074035645e-05
1364,0.0013044416605071663,0.00010603167634119434,0.0002859868109226227,0.0010121997757775447,0.0006474819434074686,0.0005553681403398514,0.00020949075475536032,4.841705224995765e-05,7.946044206619263e-06,0.00045354447787518404,2.7183909391922945e-05,0.0003888336941599846,0.0007415949300636493,0.0012552431126434394,0.0007569193840026855,5.1076888903475726e-05,0.0006005718212150485,0.0003609098494052887
1365,0.000282648446473438,3.9521759894491776e-05,0.0006665326654911041,0.00025072109808269016,0.0001252634523404711,0.0008951369673013687,0.00010405329260334759,1.105374168037989e-05,2.6524066925048828e-05,8.169369151158484e-05,6.773823390112538e-05,5.386490374803543e-05,2.9899410694415873e-05,0.00013153763478274995,0.0004565287381410599,0.0005551175465589864,7.156611441715144e-05,0.0005673356354236603
1366,0.000395140158559959,8.088339539286116e-05,0.0003912709653377533,0.00020561048825523676,3.884260686672775e-05,5.673803389072418e-05,4.184979575169549e-05,1.7725083491583558e-05,5.304813385009766e-06,1.1501886371625969e-05,4.871855182581736e-05,0.00039369985461235046,0.00028431189948627256,0.0005266120091851874,3.0426308512687683e-05,0.00041824427617377646,0.00029989617911324595,0.0004937462508678436
1367,0.0005183829481381075,2.4934474547363972e-05,0.0006248317658901215,0.0007397906027038215,0.0002008965047215136,0.0003637131303548813,1.736760676739578e-05,3.549690193688161e-05,2.7436763048171997e-05,0.00033419402577536395,0.00016268207355743525,0.0001224372535943985,0.0003578153646104851,0.0007213579368719209,0.00045006163418293,0.0003359907322391942,0.0008004303958149689,0.0008237138390541077
1368,0.00045850138889938497,0.00010778903629505773,0.00016602873802185059,0.0003212040785161574,9.885315085988305e-05,0.00029489584267139435,8.019842332490125e-05,2.8808505296563447e-05,1.8149614334106445e-05,0.001242411452429544,0.0004379134940194762,9.559094905853271e-06,0.000852542401297271,0.0008019245260098423,0.0005095917731523514,0.0007411578306820155,0.000681179907992123,0.0002674125134944916
1369,0.001851400724717428,0.00040099291181684704,0.0007506236433982849,0.0020387174991261803,0.0005927122924533831,0.0013041496276855469,2.723265035752334e-05,6.486542585595022e-05,0.00010907649993896484,0.001380154183441215,0.0009586514883557495,0.0007118368521332741,0.0019326863437276326,0.0009145971318833043,5.206838250160217e-05,0.0018587254672026016,0.0013850925335610366,0.0009476915001869202
1370,6.851633333324059e-05,3.5178149910226886e-05,0.0004065372049808502,0.00025641567689241307,0.00011901034985232345,0.00033234991133213043,0.0001009773372799734,7.426491339883106e-06,2.4691224098205566e-05,0.00010439234816767701,0.00042128804512005236,0.0001034121960401535,4.5027446693025885e-05,0.0005769231183279473,0.00022119097411632538,0.0006751426131418603,0.0003983512977428598,6.235390901565552e-05
1371,0.001714982419390887,0.00016979229299459234,0.0002415291965007782,0.002045589807511655,0.0004950152212928847,0.001014919951558113,5.862187621738166e-06,8.269925130255872e-05,5.7987868785858154e-05,0.0009654627151375675,0.0009572300523203597,0.0005899416282773018,0.0011775341207969844,0.0007289576095546512,0.0003764703869819641,0.0010163687951875583,0.001247851887365644,0.0009057968854904175
1372,0.00016686685015410152,0.00016815604876365894,0.00015479698777198792,0.0003049570170732818,2.0251396740854355e-05,0.00019243359565734863,1.4748765546001782e-05,1.2061627590830709e-05,2.3145228624343872e-05,0.0019945338922434663,0.000957411791546188,0.0006509618833661079,0.0013491347342320242,0.00042427043319160414,0.0006426423788070679,0.0010354328595822415,8.263409269510663e-05,0.00012108311057090759
1373,0.0009804932759526208,0.00017096280398712013,0.00022132322192192078,5.53167447569225e-05,9.920969251828171e-05,0.00038863345980644226,5.764733430503946e-05,2.293707747377848e-05,2.728402614593506e-05,0.0005778345551622974,0.0005890123602725408,4.558544605970383e-05,0.0006593029126352248,0.0002648049073507956,0.00018971599638462067,0.0006392926803075738,0.0003203386806115982,0.00012921541929244995
1374,0.0007679515762679945,9.69323513576488e-05,0.0006186291575431824,0.0008829728261979808,0.00014163084979264967,0.0009047407656908035,3.38184181127299e-05,4.316439274895255e-05,0.00010682269930839539,0.0005574237208915631,0.0006673144014768123,0.0013853488489985466,0.00043498675212771953,5.053023237283193e-05,0.0009909290820360184,0.0008282264235743297,0.0008326252358631832,0.002004120498895645
1375,0.0018377865373197244,0.00022939730629373267,0.000626537948846817,0.001821764392358094,0.0002939109957213887,0.00014357641339302063,8.631463080192338e-05,2.609902913027406e-05,4.9583613872528076e-05,0.0005016002385867871,0.0012175630354662945,9.876396507024765e-05,0.00023103817235903962,0.0005899392312773274,0.00048820488154888153,0.0014007957304229268,0.0003684932759845036,0.000421963632106781
1376,0.0001858751827177041,0.000132939404006778,0.00011817365884780884,0.00020791913878878687,0.0002168945007262786,9.810924530029297e-05,4.2790087647414515e-05,5.304642739460642e-06,3.2410025596618652e-06,0.0005257064633656452,0.0007552766983969089,1.781713217496872e-05,0.0006237415450508974,0.0007676059534216396,0.00023279525339603424,0.00039211946075767834,0.00017091218808536549,9.723007678985596e-06
1377,0.0008300022001152263,0.00023264903009901153,0.00023220106959342957,0.0008433632892759779,1.5687227713171575e-05,0.0002955719828605652,0.00015730920412334454,1.890873468436867e-05,1.0874122381210327e-05,0.00046347674307135184,0.00011984816876034476,2.5013461709022522e-05,0.0002464733155488341,0.0005420406374618582,0.000104537233710289,0.00019745138049079292,0.00015902968769494763,0.0001591891050338745
1378,0.00024150095614480782,4.228618217531205e-06,0.00010668113827705383,0.0004987586937699462,1.7815839674882594e-05,0.00011228956282138824,7.013387804912126e-05,1.84661284767405e-05,3.2223761081695557e-06,0.00039670591673955646,4.3138939442841084e-05,0.00020126625895500183,0.00045401434316433287,0.0007257577277255019,0.00029582902789115906,0.000134345377318823,0.000411261729633388,0.0003307610750198364
1379,0.0003019716414648099,0.00028069473513282067,0.0006139390170574188,0.00030114450345647414,0.00019182911709719752,6.895512342453003e-05,2.9749192360086982e-05,4.449039572123497e-05,4.9971044063568115e-05,0.00011696758503616095,0.00016314042371072535,0.00044420454651117325,4.218010767939595e-05,0.0003909101919297737,0.001147167757153511,5.9195562641667365e-06,0.0007758569418090284,0.0010902471840381622
1380,0.0008991210880870959,0.00045556824716942376,0.00049629807472229,0.0008810203525565774,3.2453836528834046e-05,0.000392276793718338,8.738955528664501e-05,4.188385050438604e-06,3.5237520933151245e-05,0.0003544891852016105,0.0010463886885396234,0.0005122208967804909,0.0004757803959450427,0.0015730990475314212,0.0007006339728832245,9.73369753740072e-05,1.718322094911018e-05,0.0007395371794700623
1381,0.0002981871323447516,0.0002099269992143389,0.00025518983602523804,0.00031574084285604376,8.366125925143159e-05,0.0001767762005329132,2.1488014500567476e-05,5.2230875394564244e-05,2.199038863182068e-05,0.00010570986232343732,0.00010919904237084721,0.000377642922103405,0.00041634945426777953,0.00043373523559506535,7.67335295677185e-05,0.0008991776570676513,0.0007434402467947528,0.0003082975745201111
1382,0.0017620204892509206,0.00012959057978177008,0.001316763460636139,0.0016094871149327505,9.768588820339291e-05,0.0010006576776504517,5.0128341404907795e-05,3.585223391631715e-05,9.07406210899353e-05,0.0016361742732288465,0.0018811272073708321,0.00027546193450689316,0.001357110385176323,0.0007266940528865215,0.0007505528628826141,0.001134156837930958,0.0005601699070507671,0.0015002153813838959
1383,0.0011148706699328215,2.561705141821552e-05,0.0002984553575515747,0.0011654174899903835,0.0005077866617813516,0.00038092024624347687,2.4676109037701996e-05,1.2214475848234922e-05,8.025020360946655e-05,0.0009672848110544655,0.0008292065778341476,0.00039024464786052704,0.0007760996437564671,0.00019655454658025658,0.00028790347278118134,0.0007336348633125572,0.00026913213762040297,0.0014247149229049683
1384,0.0032888866342198897,2.4248550974537847e-05,0.002032838761806488,0.003976133512424346,0.00031523810805073396,0.002114560455083847,5.060923773255073e-05,4.390738113947581e-05,0.00015111640095710754,0.000995433231193367,0.0009196692313044319,0.0003848634660243988,0.0014662159327531732,0.0007755933687816317,0.00026826001703739166,0.003314775881112869,0.0008639981753464539,0.002238590270280838
1385,1.0790687887340944e-05,4.59554063921494e-05,0.00015557557344436646,0.0004954197397844806,0.00012138577636388106,0.0004544369876384735,7.205313853376333e-05,5.4637511135919355e-06,6.638467311859131e-06,0.00020705854734471424,0.0006545559400797998,0.0002700025215744972,0.0002607867126731972,0.0005562388791515256,6.64200633764267e-05,8.341443684992123e-05,0.00012139459570218933,8.502230048179626e-05
1386,0.000818453858413476,2.7867803370048433e-05,0.00017342343926429749,0.0007046286890375619,4.733166763453214e-05,6.230361759662628e-05,0.0001214400207359672,4.488454132667817e-05,3.2044947147369385e-05,0.0006428162135108106,0.001431597030763579,0.00025461800396442413,0.000805832669938035,0.00018614361221223983,1.3647601008415222e-05,9.530733099286093e-05,0.0009379992517391002,0.0002109631896018982
1387,0.0003757947363410563,0.00029805948436570015,0.0005151145160198212,0.0005381281137218086,0.00012880696221361648,0.0007559899240732193,7.705728470207458e-05,3.997014511311907e-05,5.139783024787903e-05,0.00041679250920340083,0.0007566179826083291,0.00017567072063684464,0.00028250501688909663,0.0013522026100566131,0.00011510215699672699,0.0009046712362219822,0.0006912886759635438,0.00025503337383270264
1388,4.8766250041742953e-05,5.954431603020366e-05,0.00045696645975112915,0.0001435818560301394,0.00016433998492881852,0.00039097853004932404,0.00010192453911466066,1.799489670659929e-05,3.059953451156616e-05,0.0009099305405941144,0.0003585209372004572,0.00012414157390594482,0.001096329651174191,0.0007799569404176344,0.00014813244342803955,0.0008654144944539865,0.00022641987855703816,0.0006410069763660431
1389,0.0003361395206530615,0.00010051949478256939,0.0005660019814968109,2.9829289057259345e-05,1.93406723089061e-05,0.0004243887960910797,0.0001064822917541848,1.3612375529443999e-06,1.786649227142334e-05,0.0008445591009668477,0.0006914744547145968,0.000132841058075428,0.0008016131492018241,0.0007580749056340106,3.8351863622665405e-05,0.0014603872331927503,0.00013237206577494318,0.0005991719663143158
1390,0.00045889550547378866,7.544130249104511e-05,0.0008660256862640381,0.0007471323291437237,2.0035078024761843e-05,0.0005711372941732407,0.0001254635547489058,4.515653106076066e-05,5.494430661201477e-05,0.0005448882704263136,0.0003046440682140661,6.988737732172012e-05,0.00019005824168612934,0.0006629112279433443,0.0004970263689756393,0.001083404204037297,0.0005212785645621817,0.0006922446191310883
1391,9.744286311672012e-05,0.00012646142471549673,0.0001659579575061798,6.602647133990835e-05,0.00015405264460519388,0.00014465861022472382,1.7648698633460427e-05,1.752870589262121e-05,9.6149742603302e-06,0.0007568426835817335,0.0001436515419605891,0.0004207007586956024,0.0007664397648487892,2.937130902365935e-05,0.0003480222076177597,0.0005748494012834116,0.00012593102843422993,0.0005870237946510315
1392,0.0010743902871196975,0.00019167642049207345,0.000667821615934372,0.0010347178157284476,0.00016117176766751798,0.00043609924614429474,2.4271594100500754e-05,6.954319528053527e-06,1.619383692741394e-05,0.00038318405739057315,0.00019278779702467524,0.00018752366304397583,0.0005066188918298117,0.0003523596986360995,4.7594308853149414e-05,0.0008769463541307976,0.00030258337067878144,0.0006245113909244537
1393,0.00011622972611011195,0.00011960317703832435,0.00010503455996513367,6.920284094352747e-06,0.00010565260751399866,4.577822983264923e-05,2.72988455490928e-05,4.334529863242193e-06,8.31112265586853e-06,5.320459439699804e-05,9.959018107445067e-05,2.0936131477355957e-05,0.00022748371086480507,2.931262954058208e-05,0.000205187126994133,0.00023157958314801164,1.1157780895734715e-05,4.789978265762329e-05
1394,0.00025829870320961956,2.4139121871626784e-05,5.010515451431274e-06,0.0002501482070860761,6.559467408530362e-05,8.611567318439484e-05,2.0426775982573808e-05,2.55859988696123e-05,2.4341046810150146e-05,0.0001526315304243922,0.0005391605938443456,0.0002188216894865036,7.968248550366958e-05,0.00027080111028631327,0.0002240259200334549,0.00015233462144825793,0.0004968525619114539,0.0001546330749988556
1395,0.000720141979157457,0.00010759058863215806,0.000418294221162796,0.0006534643904386184,1.3023869479329708e-05,0.0003968663513660431,2.2958938646396726e-06,3.489494553726713e-06,3.7822872400283813e-05,0.0006464426346164606,0.00017203568243305545,2.5238841772079468e-05,0.001078261165984959,0.0009236432453251803,0.00010837428271770477,0.0005094671562180797,0.00013277705347981839,0.0004246272146701813
1396,0.0011684861083549047,0.000163347996638738,0.00043496862053871155,0.0011819321980419129,0.0002590398111632086,4.0568411350250244e-05,6.245048451283819e-05,5.956125069181244e-05,1.8946826457977295e-05,0.00022446281602316737,8.681503939945989e-05,0.00023202784359455109,0.00016987174923181747,0.00025163983264278513,0.0003936048597097397,0.001182458982570772,0.0008676050469165822,0.00011189281940460205
1397,0.0005837600664906351,0.0005032805273878331,0.00037948042154312134,0.0013453144712932963,8.129524962513512e-07,0.0006913747638463974,7.193286426544591e-05,3.869477487813272e-05,5.032867193222046e-05,2.2626702978069402e-05,0.00042429573689975464,0.0001976294443011284,0.0002692856795009288,0.0014954062817410362,7.908046245574951e-05,0.0018820901978572058,0.0006318538827695432,0.0002976320683956146
1398,0.0004697212292587294,0.0002849076313278104,0.00029294565320014954,0.00044462223918007027,1.4180532180888689e-05,8.970312774181366e-05,1.438403904853447e-06,2.397700813899133e-05,1.940503716468811e-05,0.0007255985577702545,0.0006820588759212098,0.00023109279572963715,0.0011269018263156128,1.5477832987985732e-05,9.913928806781769e-05,0.0002243153260091113,0.0004911892824603012,3.5066157579422e-05
1399,7.749291158121174e-05,1.6504933781094633e-05,0.0002906210720539093,0.0009281827969762901,0.0006725065653035954,0.0005814190953969955,2.0095261961432936e-05,4.4193583952301975e-05,3.9346516132354736e-05,0.0007946720961922518,0.0010957452621790029,0.0005263760685920715,0.0004447478413939776,0.000354814767138641,0.0002308245748281479,0.0006463659652835019,0.0007311086044721297,0.00023057684302330017
1400,0.0004346090361430077,0.00035763621213755203,0.00026062317192554474,0.0008110671289131288,0.00018594564342089281,0.00020509213209152222,3.2266963176392355e-06,5.434872051712672e-05,1.8365681171417236e-05,1.2666902728379614e-05,0.00017481280572455293,2.651754766702652e-05,5.0667049428868016e-05,0.00012425635576905712,8.510425686836243e-05,0.0015173300153865643,0.0012869980837172806,0.00115247443318367
1401,0.0012800648368634926,8.979047945426033e-05,0.0003672223538160324,0.002376115287024083,0.0004401913544454239,0.00037627294659614563,1.1939134116912761e-05,3.806440793899441e-05,1.6357749700546265e-05,0.00038444918484242807,0.00015265525897865256,0.00035374797880649567,0.0001306315615766246,0.0007031499027339546,0.0005284231156110764,0.0008906290185536625,0.0011670901173014663,0.001139868050813675
1402,0.0007024772602984564,0.00020646178135157872,0.0002510249614715576,0.00036204430717856617,0.0003391059479761864,4.4226646423339844e-05,4.015980910830261e-05,2.506071851380849e-05,8.936971426010132e-06,0.000674453271765435,0.0005013650184277213,0.0004356019198894501,0.0012447157384027421,0.000723913807347017,0.00019720755517482758,0.00016441800554783947,0.0006374743086500316,0.0002076849341392517
1403,0.0013077886191859012,0.0001190443429658905,0.00030540861189365387,0.0009158026890568882,0.0001481199647095227,0.0004673320800065994,1.058412193364125e-05,4.932615464885615e-05,1.9740313291549683e-05,0.0013643305096027458,7.402447796585332e-05,0.0002633389085531235,0.001450747778547215,0.0006434928084580885,7.212162017822266e-06,0.000747469656868005,0.0008410201257570728,0.000593625009059906
1404,0.0002600919399876056,8.973876153668334e-05,0.00017968006432056427,0.00046626461662907515,7.420012834926173e-05,0.0005266033113002777,1.7148171156609535e-05,7.123195822847199e-05,3.268197178840637e-05,0.0006776441316530685,0.00015372171932099415,0.0004660673439502716,0.00097890617723842,0.0013548572629710877,9.381771087646484e-05,0.0010843955526119442,0.0014480737225936423,5.5462121963500977e-05
1405,0.0006369599853553176,7.742259716340613e-05,0.000395752489566803,3.865180987189243e-06,0.00039769685280969386,0.00014490820467472076,4.4292987733011296e-05,4.919254914674499e-05,8.03917646408081e-06,0.00016861550213612825,1.0544863936944038e-05,3.891997039318085e-06,0.00017689981126785964,0.0007708866436678397,0.00045969896018505096,0.0013548866387852465,0.0012525143414654494,0.0011227764189243317
1406,0.0009791767733655088,0.00017553190816003983,0.0007952265441417694,0.001157762270015128,7.055593862739101e-06,0.0010885931551456451,4.7577778546598753e-05,2.1188568465035137e-05,0.00010491162538528442,4.917882309082855e-05,0.0010645680726681164,0.001089414581656456,7.15169912080052e-05,0.00010160452728194547,0.0008170139044523239,0.0012330906452906187,5.839367412212651e-05,0.0013879649341106415
1407,0.00047849366369137614,9.708107912292929e-05,0.00025961175560951233,0.0005811804846049262,0.00013732863368984272,3.462657332420349e-06,6.555096296781936e-05,2.0672195339308756e-05,2.491101622581482e-05,0.0003095790316259492,0.0011369130230468663,0.00022179912775754929,0.0001332465327786303,6.30416029855363e-05,0.0005411766469478607,0.0007294432899311587,0.00014613350648806298,0.00023955479264259338
1408,0.0018636738064847502,0.00025244758485142016,0.0005681179463863373,0.001980858540199998,7.640414146417585e-05,0.000560421496629715,0.00010936523655671188,4.863742298106145e-07,4.7847628593444824e-05,0.0004259048714517072,0.00043840303150154136,0.0003863787278532982,0.0004050196203409795,0.00015795157629901017,0.00051877461373806,0.001193432928729976,9.073251488171674e-05,0.0006110481917858124
1409,0.0010405031008330623,0.00010242492744728937,0.0009963922202587128,0.0014294316497153459,1.627661358242008e-05,0.0015668869018554688,0.00013260504521043874,3.746544581661386e-05,9.002909064292908e-05,0.001550142691118389,0.00014509929507883906,0.0007149530574679375,0.0013281460869570202,3.1731046261520776e-05,5.097687244415283e-05,0.001427984097056384,0.0003681171009738207,0.001744236797094345
1410,0.0017854584046448074,0.0006847338426652638,0.0009297169744968414,4.59919227429606e-05,0.0011143503849374466,0.0004684850573539734,0.0001755150246536552,7.635476332003115e-06,7.304921746253967e-05,0.0005352859384118724,0.0002614444181704839,0.0004232926294207573,0.0002880224027488054,0.0008865497976257904,0.001031186431646347,0.0006944417001830405,0.00016154791881867192,0.0010151416063308716
1411,0.0002813609611491963,0.0004430321254624836,0.0003992244601249695,0.00029078036526952733,0.0006118066659672426,0.00011914968490600586,4.786479916030206e-07,2.820957432710146e-05,2.792850136756897e-05,0.0002730197309293511,0.0008522247156195761,0.0005258787423372269,0.00010163458875368792,0.000999560507970407,0.00017406046390533447,0.0010322735901610314,0.000663444875719052,0.00013102591037750244
1412,0.0006798589885667061,0.00016596000889801052,0.0003117471933364868,0.0008082505859928202,0.0004996389394891811,0.0007047262042760849,3.829117268450144e-05,5.697172602484664e-05,7.158145308494568e-05,5.490867236936092e-05,9.859915004029052e-05,0.0006830142810940742,0.0006273271710736314,0.0014397822475381416,0.0002310425043106079,0.00013919274213985977,0.0009417830898382218,0.0007185190916061401
1413,0.0008122553518288833,0.00024232275612835405,0.0008915401995182037,0.0014051225966416891,0.00029043932993744886,0.0009372923523187637,6.017991203694992e-05,1.495228682853048e-06,4.186481237411499e-05,5.782835204853204e-05,0.000897923282635063,0.0002522282302379608,0.00028552152803655584,0.00027086965706961744,0.00041598640382289886,0.0009784870861307415,0.00016132967510767288,0.0005574263632297516
1414,0.0004704190702528033,0.00010405482790573628,0.00010774284601211548,0.0010036879988175873,0.0006715484645153404,0.0004224851727485657,6.638385304904952e-05,6.804732081771127e-05,2.7447938919067383e-05,0.00013530903063965066,0.00013666593852453696,0.0004603192210197449,0.00023660904418821432,0.000816954298179429,6.961449980735779e-05,0.00039157299768963205,0.0010274313281863415,0.0003957785665988922
1415,0.0002494095246577399,4.787720957336039e-05,0.00016126036643981934,0.000870523561218195,0.0004797256145532766,0.00045192986726760864,0.0001734287262371275,5.1111182699120974e-05,6.69918954372406e-05,0.0007576417418657666,0.0006425497707969532,0.0010323980823159218,0.00012077869269504216,0.0001805602367655982,0.0006888974457979202,0.0008447673104636233,0.0012450878876994094,0.0007449127733707428
1416,0.0005083065816825216,0.000188167707876382,0.001156676560640335,0.00016668298768507395,0.0006738799570399807,0.0005043316632509232,0.0002001729813683635,6.056362153237507e-05,4.056841135025024e-06,6.159738052679414e-05,0.0005840126563956896,0.0009761657565832138,0.0005800512253908083,0.0011427256708091693,0.0002875272184610367,0.0015237877293577118,0.001263263414107884,5.373358726501465e-05
1417,0.0004673894886099983,0.00019950481302796752,0.000277932733297348,0.0010289992221256539,8.887229703883476e-06,0.0002504587173461914,6.266834499288852e-05,1.467197888753045e-05,6.025657057762146e-05,0.0009110062274607089,0.00038093889321477725,0.0003913920372724533,0.0011844920070481144,0.0010903477021288071,0.00034195929765701294,0.001296069383745685,6.547865354622484e-05,0.0014800988137722015
1418,0.0005138717665770509,0.00024902601225960594,0.00046800076961517334,0.0010074761473786165,0.0005914808773430438,0.00014081783592700958,5.7656906949341696e-05,9.282793645999958e-05,4.871189594268799e-05,0.0008189888686248939,0.0006914001616934798,0.00040561892092227936,0.0006130695649365289,0.0020539609807118495,0.0005834624171257019,0.0013737922829455684,0.0017062824132155,0.0005640648305416107
1419,0.0011795723224317656,3.068344363627018e-05,0.002507448196411133,3.2635949084841576e-05,0.00046138187608829595,0.0016641337424516678,0.0002093032036505696,6.793234787078745e-05,5.422160029411316e-05,0.0024612013596953183,0.0010654752623343866,0.0006603272631764412,0.002397500178470964,0.00180507130028593,0.00042862631380558014,0.0021783283621766014,0.0014085497790957344,0.0005716010928153992
1420,0.0017272009025105506,9.084463893423156e-06,0.0011835135519504547,0.0011225470952945793,0.0005540567158410815,0.00041919201612472534,0.00010587441570089791,6.53618440996373e-05,5.6996941566467285e-05,0.0026265220952472815,0.0016617306831805331,7.572956383228302e-05,0.0023083951846891715,0.0005897061194538563,0.0011814869940280914,0.0009956251184233267,0.000976709563338958,0.00025194138288497925
1421,0.0001759323617924191,2.383346620379173e-05,7.360801100730896e-05,0.00041987746084204414,6.270616519944011e-05,0.00010134093463420868,4.429294733260085e-05,2.9569904099080013e-05,4.769861698150635e-05,0.0020512590784815543,0.0004279331799205352,0.000825793482363224,0.001955699077522792,0.0021301181082279933,0.0008631814271211624,0.00037423357525778744,0.0007742392630895531,0.00036730244755744934
1422,4.2002237510135876e-05,0.00022118476077729113,0.00041481107473373413,0.0009483185746719247,7.287820036958048e-05,0.0005521588027477264,5.706757686962764e-05,2.77270592751273e-05,8.039921522140503e-05,0.001104742311136317,0.00015269305292490987,0.001070627011358738,0.0012817174440842224,0.0013591962428302529,0.0009220186620950699,0.0008067726428370725,0.0006330049212787889,0.0010543502867221832
1423,0.00038408483034557683,0.0003591288738787092,4.1935592889785767e-05,0.00037897537088416033,0.000444409060095758,9.381584823131561e-05,1.0686700647058803e-05,2.512728725066705e-05,7.137656211853027e-05,4.985774731781217e-05,8.976004370008644e-05,0.0009724711999297142,0.0005166551261458763,0.0014976951793220154,0.0008813273161649704,6.556295171533666e-05,0.0004876130332624601,0.0009826608002185822
1424,0.0006135199232592814,0.0005592682736701368,0.00030580535531044006,0.00038377430526073675,0.0006666935019435521,0.00034186244010925293,7.215144928437132e-05,1.1385223507461711e-05,5.453452467918396e-05,0.00018208813014490566,7.127083301986664e-05,0.00047652702778577805,0.000275764615968066,0.000513980792254373,0.0004431121051311493,0.00015540620735796096,0.00021971361146256446,0.0009607672691345215
1425,0.0004338564656721222,0.00040650617429301497,0.0005025379359722137,0.0005640449728168684,0.0002604685794202338,0.0004333220422267914,9.968712620789591e-05,1.068004180987403e-05,6.793439388275146e-05,0.000669018778400858,6.177803840157897e-05,0.000508798286318779,0.0003387381922110369,0.001113682272341918,0.000573446974158287,0.0009766113735614201,0.0003064966037158723,0.0009608641266822815
1426,0.0008334270345381756,0.000140862557363345,2.1569430828094482e-05,0.001065243565027213,0.00018138555207496826,0.0001215226948261261,8.361144371639602e-05,5.004729356669537e-06,4.0978193283081055e-08,0.00046597894120401634,0.00017352616320242403,0.0003266613930463791,0.0004341105556257621,0.0002181988577773606,0.000228051096200943,0.0001554395648925011,3.2391252833684214e-05,0.00033703818917274475
1427,0.001409316412765066,0.0009841349380745323,0.0002410002052783966,0.0010796527349062057,0.0006583105890438576,0.0004659760743379593,0.000153395346052361,5.7357279346625326e-05,7.466226816177368e-05,0.0001420019580739909,0.0004055544489268356,0.00032386183738708496,3.389970538963949e-05,0.00036853139815317673,0.0001483391970396042,0.00040396763116229417,0.0012476071069697017,0.00024940818548202515
1428,0.0005382608220315943,3.197920891804401e-05,7.533282041549683e-05,0.0008606012867882762,0.00013060009493189376,0.0004221182316541672,0.00011572353775638963,4.8735398552944825e-05,3.3713877201080322e-06,0.0009584378665604479,3.595780540284477e-05,0.0003039296716451645,0.0010772718358783018,8.33084513696355e-05,0.00026457570493221283,0.0013360866474032562,0.0006966410565096628,8.626654744148254e-05
1429,0.002485487318839602,8.418837704662202e-05,0.0005127713084220886,0.003338276405946139,0.000283354237992816,0.001097375527024269,1.8940118314729817e-05,3.769296121597333e-05,9.824708104133606e-05,0.0007349496792811161,0.0006980621676139706,0.0009513292461633682,0.0007617342468383553,0.0004840268909705077,0.0003519579768180847,0.0016355041051387686,0.0006059924994206226,0.0013551115989685059
1430,0.00227224011741764,0.00015811745592664295,0.0003978461027145386,0.0016613766606494162,0.0002324346959867718,0.0006434693932533264,1.1847474089370785e-05,3.640310668058099e-05,7.22929835319519e-05,0.0008477888829525326,0.00026925364905824867,0.0005856407806277275,0.0010217651745095327,0.001518077604843291,0.00029780156910419464,0.0025820915957554813,0.0007156169371374255,0.000745728611946106
1431,0.0004974687152924373,2.2082741936185757e-05,0.0008092746138572693,0.0005094676087242234,0.00026530722114881736,0.0008287839591503143,9.298687584385727e-05,2.6455707943729995e-05,8.097663521766663e-05,0.0006955940184725784,0.000287841011820375,0.0005098804831504822,0.0007015184117484946,0.0010546623608585566,0.0004871375858783722,0.001242641938892397,0.0006074907832075219,0.0015345551073551178
1432,0.0023248412876275826,0.00041987793768057807,0.0003709644079208374,0.001801575311611514,0.00028188936456318217,0.0010298416018486023,6.11927766881095e-05,5.4103636402735855e-05,9.048357605934143e-05,0.00021360245592063482,0.0007710207111891881,0.0008091051131486893,0.00010153014778826325,0.0004816471154539437,1.7821788787841797e-05,0.001393102167432353,0.0009494597213545036,0.0013803951442241669
1433,0.0014529726422969624,0.0002701648623886464,0.0007041729986667633,0.0010464324729831387,0.00028177510873560185,0.0007695946842432022,2.8926427335675825e-05,1.654015275439312e-05,6.836280226707458e-05,0.0014334547714296916,0.0019942679287631646,0.00038760341703891754,0.001286467617256086,0.0015361986159072648,0.00034495629370212555,0.0004884142354795173,0.0005256830307213342,0.0012943334877490997
1434,0.0002102787740790868,3.837286075013269e-05,0.0007244348526000977,5.184548244635545e-05,0.00037250314015015856,0.0006048344075679779,0.00011660051610255968,1.4611299086839374e-05,4.3857842683792114e-05,0.0008215994808434823,0.0008847347438123709,0.00043914560228586197,0.0005477078098834257,0.0007255225744990722,0.000578003004193306,4.29756361960687e-05,0.00041649981674114767,0.0009729489684104919
1435,0.0010782998434037128,0.0011518723468185686,0.0001764744520187378,0.0008056881402407623,0.00028088369388021284,0.00040178559720516205,2.449111904115689e-05,0.00010622683747106912,5.169212818145752e-05,0.0029777840510010756,0.0010127953884943725,0.00043433811515569687,0.0015151881966614794,0.0002742139441804241,0.00032642483711242676,0.0005782957640512731,0.0018333870123760782,0.0003907829523086548
1436,0.0001038965138410175,0.0009431251064034932,0.0003420636057853699,0.0008156918625280563,0.0006551679844402358,0.00031333789229393005,2.06787017316655e-05,1.3261263410120627e-05,5.584210157394409e-06,0.00014797753746594033,0.0008229415663114428,0.00031863804906606674,0.0003293145457577487,0.0003125427345556475,0.0002566557377576828,0.00023442884244795348,0.00036315017143658673,0.00017124414443969727
1437,0.0003144907006900344,0.00014741525654167822,2.0351260900497437e-05,0.0002587292385701212,0.0002951881065199613,3.193318843841553e-05,5.945325463799396e-05,3.498793403769072e-05,4.546716809272766e-05,0.00011458566215354765,0.0005278579542036463,0.0008064936846494675,0.00025723296285715125,0.0013445024729412374,0.0008427537977695465,0.000859995306510708,0.0004355951908560744,0.0008379481732845306
1438,1.442345436283854e-05,0.00020392537413025866,0.00028209760785102844,0.0006127440274916462,0.000230770306896666,0.0004197247326374054,7.625467487878436e-05,2.557384220274253e-05,8.322298526763916e-06,0.0008052333742379209,0.00018368406602271153,0.00016430020332336426,0.00101316777212853,0.0007983744883339212,0.0003436189144849777,0.0008640406928281941,0.0004095467176440139,0.00023237615823745728
1439,0.0009090575132148226,9.211308444936547e-05,0.00029156357049942017,0.000613812273999037,4.0380814790054453e-05,0.0006739050149917603,4.744986054151974e-05,5.210902864969053e-05,3.72081995010376e-05,0.00025761824153767293,0.00047013236066752173,0.00036158133298158646,0.00017164248373992969,7.135299456277394e-05,0.00011028163135051727,0.0014907810519142473,0.0008263971854718458,0.00033064931631088257
1440,0.00217891830693398,0.000497966684484142,0.0011682212352752686,0.0029364958674167607,0.000505895248347682,0.001198580488562584,0.0002113385655877261,1.0669741527761546e-05,6.926432251930237e-05,0.0011178337543409425,0.0008490282647370881,7.181428372859955e-05,0.00032754777495621473,0.0006374755472672716,0.00011718086898326874,0.0032061322207110887,0.00015863599148027013,0.0008728876709938049
1441,0.0008006340984910709,0.00023194724387267524,0.0002704039216041565,0.0014397318790198566,0.00038830984299545457,0.0007975250482559204,7.081614582980615e-05,3.325099610306057e-05,3.091990947723389e-05,0.00030665793811385234,0.000926464465846169,0.00018459558486938477,0.0004444281279424242,0.00018195282545137564,0.0005469098687171936,0.0009266987621937006,0.0006226437339838138,0.00045665353536605835
1442,0.0023125221980392907,0.0003985301066385047,0.0004978813230991364,0.0018551947500360655,0.0005321774634203906,0.0012822635471820831,6.201561414108034e-05,6.026609457400814e-05,0.00010653957724571228,0.0012064105629750535,0.0005673962457181381,0.0011026314459741116,0.0006522536828741932,0.0003900749687254638,0.00012507103383541107,0.0016081615990637121,0.0010779269972366196,0.0017622411251068115
1443,0.0015985153407019892,8.240832843214169e-05,4.6897679567337036e-05,0.002195024604057655,0.000646020804337729,0.0005919039249420166,0.00010371712309543979,7.845776303280587e-05,5.70639967918396e-05,0.0007965002874856172,0.0013714198488099238,0.0006324904970824718,0.000656174655487167,0.0006570976620661091,5.19677996635437e-05,0.0021680177669096135,0.0012374571320908148,0.0010855421423912048
1444,0.0009548497781230736,0.0005196874623076865,0.0001316368579864502,0.0009939460428015079,8.967138563589078e-05,3.8951635360717773e-05,6.295262580709518e-05,2.980945814539662e-05,2.438575029373169e-05,0.0005116040671963723,0.0006085049614650423,0.0001233872026205063,0.0012578039490308002,0.0012878207154953512,2.5797635316848755e-06,0.0009983806816626917,0.00042165385006246933,0.0004281438887119293
1445,0.0009540787942973472,0.00023263163208838214,2.559646964073181e-05,0.0019418598318701186,0.0002580457455540683,0.0006734598428010941,8.059798176533219e-05,5.601017384851848e-05,7.296726107597351e-05,0.001043247291904005,0.0003579402815529903,0.0009543132036924362,0.00027727560601723683,5.8830568453378286e-05,0.00017875619232654572,0.0010119218759917503,0.000784124839631601,0.001169312745332718
1446,0.0013037317144802552,0.0001371555368039519,0.00090070441365242,0.0009776331943639749,0.0004895016906257751,0.0005615800619125366,6.528827633730042e-05,2.7015482235596532e-05,6.768852472305298e-06,0.0008490892263825281,0.00031178328013076184,0.00035231374204158783,0.0013609772663420797,0.0013055894693597358,0.0001290682703256607,0.001541026807125645,0.0005919160206513049,5.2947551012039185e-05
1447,6.7520522046699e-05,0.0001271479715275088,0.0008618347346782684,2.575798000087337e-06,0.00040460993036062556,0.00028847530484199524,3.6827371338400694e-05,6.052039557314943e-05,1.862645149230957e-05,0.0012441425725007726,0.0017145708479926747,0.00026190653443336487,0.0014440666607695649,0.001626765253031358,0.00045293383300304413,0.001962085997972096,0.0008548947948767843,0.00027802586555480957
1448,0.00016353633030649628,0.0002007250592991755,0.00033314526081085205,0.0007633646512198999,0.0005387409804844569,4.6797096729278564e-05,4.4218974862224314e-05,9.227572354785418e-06,2.6874244213104248e-05,0.0021759488095607835,0.0016947063446339228,0.00045560672879219055,0.002543366026120139,0.0005875113576849136,1.5716999769210815e-05,0.00014703908937629961,0.00015078992385749238,0.0008942782878875732
1449,0.0017994782124599595,0.00033332992047562654,0.001678556203842163,0.0021955736007115145,0.0002598126001814374,0.0010810848325490952,1.994591003017833e-05,5.076552162482117e-05,0.00013602152466773987,0.0017131719035734655,7.791982805598757e-05,0.0006348639726638794,0.0019674380058047197,0.00029992427955719686,0.0013259146362543106,0.0017947253622758452,0.0009907595545962794,0.002024531364440918
1450,0.0012475405513364957,1.5602556610178064e-06,0.000712832435965538,0.0017727881675241586,3.9969503868322875e-05,0.0007603801786899567,5.269857309873893e-05,1.0598990024754135e-05,8.946284651756287e-05,0.001753802352935603,0.00013116885823133417,0.0005989512428641319,0.0016472154531173497,0.0005728588341314261,0.00047025270760059357,0.0003847517939584155,7.338777966534038e-05,0.001140199601650238
1451,0.0014554140973918606,0.00023114779575728744,0.0004699733108282089,0.0010638360502295552,0.0006605176627827482,0.0007564965635538101,6.27019768375623e-05,2.369674575604581e-05,9.217485785484314e-05,0.0010954420494617076,0.0011393046589583816,0.0006183283403515816,0.0005498539509384837,0.0003791603526408661,0.00023609772324562073,0.0009745342455023398,0.0004069162768123996,0.001404445618391037
1452,0.0020593816938068166,7.710493609865837e-06,0.0007897950708866119,0.0023910914800501226,0.00020518469657005226,0.0011377818882465363,2.47819436171217e-05,3.036207373805248e-05,8.932873606681824e-05,0.001242894664560533,0.0005859327171373052,0.0006229709833860397,0.0015070004820915903,0.0006450308280853741,0.00025532208383083344,0.0015305097014353675,0.0005936769492854571,0.001241438090801239
1453,0.0006099532920867679,2.8594796711391146e-05,0.0002658963203430176,0.0007445985225259244,6.65937165444247e-06,8.863955736160278e-05,4.0912869716332526e-05,3.8278245837277715e-07,1.53370201587677e-05,0.00014828316824803955,0.0006650108998484464,0.00028109829872846603,4.8796698888922685e-05,0.00034252758089804106,0.00011053122580051422,0.000421965911729133,4.034089668002172e-05,0.00021696463227272034
1454,0.001748893705120852,0.00030220311113031764,0.0012828502804040909,0.0018772057744759763,0.00013445503503032794,0.0013605449348688126,0.00019346072986379734,5.913683064926421e-06,7.483735680580139e-05,0.001692632698142904,0.00040851189864761495,0.00016758590936660767,0.0017043664078895682,0.000475243563909474,0.00010485760867595673,0.0013748208239349469,0.00040892493271409147,0.0010417811572551727
1455,0.00056670743498069,4.410648071379378e-05,0.00045876018702983856,0.00027574519506523565,0.0002797178256081431,0.00045715831220149994,5.5665284950356594e-05,2.668447645653646e-05,3.197789192199707e-05,0.0003127865290269635,0.0003653717962756875,0.00017620064318180084,0.00044200587883658216,0.00026095434863611724,0.00023341365158557892,0.0002477389155610965,0.00022670336434857385,0.0005746446549892426
1456,0.00017368733981251716,4.280725580622924e-05,4.410743713378906e-05,0.0005355915594918159,0.00021648097480335762,0.0003253016620874405,1.0355112285351242e-06,4.487626090747326e-05,3.191456198692322e-05,0.0007111743054563427,4.678429022433178e-05,3.965478390455246e-05,0.0003554917854819567,0.00011390953540919152,0.00028888508677482605,0.0013081828554535047,0.0009887124431778097,0.00015963613986968994
1457,0.0006298183332715257,4.041677740511049e-05,0.00022673606872558594,0.0009633921665851697,7.287513530344902e-05,8.807703852653503e-05,9.210756024083909e-05,1.6682874786210986e-05,1.8812716007232666e-05,0.00012767089858109482,0.0006321352307025185,0.0003951471298933029,0.0006210975085680984,0.00032792345353967797,0.0005335509777069092,0.0005094082914283704,0.00029814160727497513,0.0010009333491325378
1458,0.0011049414324239837,0.00013015010830427776,0.0009524598717689514,0.0013567978836584726,0.00018305940610276183,0.0008225366473197937,2.8934083737806177e-05,2.3223255499115955e-06,4.2844563722610474e-05,0.0014176812055492205,0.0002398208635694815,0.0002642674371600151,0.0008253930262480946,0.00032612982024468606,8.206628262996674e-05,0.0016867643256368858,0.0001327613496135971,0.0003156699240207672
1459,0.0002705280672506416,0.00012103777490299686,0.0003997534513473511,8.981877428193563e-05,0.00011259397268889582,0.00036514364182949066,7.665221580722449e-05,2.5841460472053254e-05,2.396106719970703e-05,0.0003779792745432012,0.00041783574149249075,9.111501276493073e-05,0.00035148002844104936,0.00019092726456402826,9.981542825698853e-05,0.0007976171698380885,0.000508362386691788,0.0002571679651737213
1460,9.82252856904231e-06,0.00011695703242377287,0.0002273060381412506,0.00014959755396265484,8.373865692725552e-05,0.00021182000637054443,4.234669500854764e-05,3.573822217685092e-05,2.0910054445266724e-05,3.94813046005818e-05,0.00018752021754771253,0.00021512992680072784,8.448122434510236e-05,0.0002386419385543466,0.0003173667937517166,0.0003664955368609668,0.000778025316195266,0.00040274858474731445
1461,0.001618829684977341,1.3767414838355974e-05,0.0008293688297271729,0.0016180044288951478,0.00010150738670198362,0.0007816031575202942,2.656438531734029e-05,1.0083836712502159e-05,8.96751880645752e-05,0.0013499967250198766,0.0005954686225080677,0.000479772686958313,0.0009516080580619229,0.0008203623930731242,0.0005551055073738098,0.0014292160279481825,2.2166525622036026e-05,0.0013631843030452728
1462,0.0008986565673554658,0.00010065869232337918,7.747858762741089e-05,0.0009681341051028802,0.00026147369322152003,0.00016279518604278564,5.954001654874183e-05,2.4210933754066676e-05,2.3089349269866943e-05,0.0006739226151157296,0.00012422463344889667,0.0003766557201743126,0.0007190239636094345,0.0008998258550366022,0.00025189295411109924,0.0002987489573511304,0.0006113638893100806,0.0003381073474884033
1463,0.0004176770234793348,0.000156926430075352,9.949132800102234e-05,8.864337185121585e-05,0.00031946832055615784,0.0003963988274335861,4.185439562879971e-05,2.823501910143131e-05,4.7888606786727905e-05,0.00040779479842147776,0.0002923535105149658,0.0006200782954692841,0.0001911603435644435,0.0001869621632924895,0.00022195465862751007,0.0002474615877525732,0.00039612194946181054,0.0006564222276210785
1464,0.0014773928311499207,0.00019683011157066443,0.000596899539232254,0.0014247875528175802,0.0002799212228720184,0.0002743285149335861,6.431434819034396e-05,1.1081866360385367e-05,6.866455078125e-05,0.0010901146907514522,8.59904182362245e-05,0.00028374791145324707,0.0013805051084437234,0.0010885113091100313,0.0005945935845375061,0.002251993712769851,3.862192841485104e-05,0.0008211284875869751
1465,0.00014400481764889617,0.00031271549481315386,0.0009091980755329132,0.002231218454966294,0.0008319808705669028,0.0007785391062498093,0.00010195355349180285,1.8957178220903748e-05,3.7904828786849976e-05,0.0001207095813137854,0.00035152650372135413,0.00028292927891016006,0.000804382237332632,0.0008641363605389014,0.00042623095214366913,0.00022620697646949517,0.00029556308940880197,0.0011289454996585846
1466,0.0001787445867856008,0.00026885284371486184,0.0007973834872245789,0.00013142595119067235,0.0010936972172029234,0.0004589445888996124,8.624111541301153e-05,1.86639614865175e-06,5.21540641784668e-05,0.0013927949333954331,0.0014489507072633495,0.0004993816837668419,0.002158718897462636,0.0009629389370228976,0.00019863806664943695,0.0011151607758939641,2.8399479779634557e-05,0.0008041076362133026
1467,1.5075489465166125e-05,4.2262196250367895e-05,7.713586091995239e-05,0.00033874935525513017,0.0009047392239242974,0.00014345161616802216,1.7731936888368965e-05,1.7938158307404407e-05,3.3933669328689575e-05,0.0001758706409256544,0.0003888285842073638,0.00018607918173074722,0.0001996952435935062,0.00014801101998983355,0.0003549717366695404,0.0010393702575204333,0.00012167111925479035,0.0005850642919540405
1468,1.3820745454473649e-05,0.00017105950440741285,0.0005545355379581451,0.0009143273829760046,0.0004392522350645592,0.00014665350317955017,0.0001421156824404999,3.007774635453101e-05,3.3095479011535645e-05,0.0005252304326908291,0.002352929879776984,0.0009557995945215225,0.0003441954915234108,0.00025546296829194546,0.0005609672516584396,0.0019244658628096156,0.0006320748967574355,0.0004583485424518585
1469,0.000655411179641463,0.00010792941587804,0.00037148594856262207,0.0004479787002364122,0.00024015047689910154,0.00042637065052986145,1.8286965136588007e-05,2.7360371050126966e-05,4.836171865463257e-05,0.0009722996860702174,0.0020607683872360533,0.0007046675309538841,0.0007596089714432541,0.0006200071606881873,0.0006981212645769119,4.132036997331334e-05,0.0004530955925313926,0.0011770203709602356
1470,0.0007689193219495571,0.00028600418782056755,0.0010107345879077911,0.0003481046943432098,0.0005366808582744943,0.0010385643690824509,1.9952042469942657e-05,4.341223546767991e-05,2.5760382413864136e-05,0.0010387998431859238,0.00070717025886851,0.0002335812896490097,0.0016557718158645984,6.2915038143394886e-06,0.00020881928503513336,0.0019677200552827845,0.0008362496445785822,8.720904588699341e-05
1471,0.001484760176909683,0.00010796705413355923,0.0005765222012996674,0.0005604554075544221,6.168758642113512e-05,0.0013285055756568909,1.913404118591977e-05,7.664883740524857e-05,3.347545862197876e-05,0.0006697434460567753,0.002073178920496112,0.000635283999145031,0.00031656263049410077,0.0009876168792714666,0.00022943317890167236,0.0009803703930303664,0.0013880469536439108,0.00028144195675849915
1472,0.00036300467275990345,3.6440118064990507e-05,0.00018383562564849854,0.0001562671509389435,3.588385814033701e-05,0.00023437850177288055,1.2438538818581799e-05,6.427781244141878e-05,3.100931644439697e-05,0.0003689136089588263,0.0016966616720851396,0.0002453867346048355,1.3255478889910577e-05,0.0011888802979578787,0.000894227996468544,0.00047084676590919416,0.001222799389738051,0.0007946975529193878
1473,3.368433942441129e-06,0.00034829726444363454,0.00022498145699501038,8.775960023066354e-05,7.602683600498386e-05,0.0003694165498018265,8.018500795003124e-05,2.5007370452012666e-05,1.4353543519973755e-05,9.306957707522212e-05,0.000983149982525855,0.00031151529401540756,0.00012391253636626076,0.0009116984631473632,0.0005949512124061584,0.00032391954104715737,0.00035371834066660543,0.00030648335814476013
1474,0.0007053830179672704,7.84760229033711e-05,0.0007547177374362946,0.0012551329503079078,0.00019614440257116963,0.000836540013551712,0.00021070744062979575,2.9416055299633136e-05,4.474073648452759e-06,0.0010826540706133161,0.000863095807872305,0.0004501808434724808,0.0013777290301765222,0.000490177811108293,0.0006917901337146759,0.0015313749727801917,0.0003255745489867505,0.00018275156617164612
1475,0.0014721117099273373,0.00030021572010537415,0.0007490739226341248,0.001809785492179139,0.00033283493373396575,0.0007916688919067383,0.00020029513253474497,2.6314189446253545e-05,1.2956559658050537e-05,8.428371628344672e-05,0.0003216046006115289,0.000610722228884697,0.0005973069204708858,0.0003891262786870648,0.0007452685385942459,0.0017242235165187414,0.00031889673068006413,0.00023194029927253723
1476,0.0004688581975706152,1.929342109039181e-05,0.0003336779773235321,0.00044317936320872886,4.9267202560324824e-05,0.00017424114048480988,4.7201251112787e-06,6.957859919005938e-06,2.0287930965423584e-05,0.00034047930024194706,0.0003141210132837566,3.584194928407669e-05,0.00010159278306941244,0.00019658110840201082,0.00018246658146381378,0.0006306838850600738,0.00020584804578543947,0.00012002140283584595
1477,0.0010032099234358605,3.139466868352231e-05,0.0003871023654937744,0.0012764412407180736,9.950635175684855e-05,0.0001797657459974289,5.4059516522616743e-05,5.0759229952750465e-06,3.1892210245132446e-05,0.0005851721883829084,5.643599454760451e-05,0.00010550115257501602,0.000586365119518012,0.0008989720492385304,0.00034567713737487793,0.0010312209473459788,0.000134208525749243,0.0006093606352806091
1478,0.0004932705765806067,1.216461396509258e-05,4.6018511056900024e-05,0.0006997468479013613,0.00034966029141123706,0.00011393614113330841,4.222242469100086e-05,6.307308238353345e-06,2.8189271688461304e-05,0.00034833121562221486,0.0004976434699509313,0.0003671431913971901,0.00027332899589659065,0.00017717661231105453,0.0005851592868566513,0.00016917341338734682,0.0002908182426302232,0.000706017017364502
1479,0.000589511645754548,0.00022889597825057756,0.0007297247648239136,0.0008538045036433073,0.0002529638266197745,0.0008612014353275299,9.729609268648541e-05,5.593676773856058e-06,4.5184046030044556e-05,0.0008253836227533548,0.0003567113720928175,0.00015843845903873444,0.0011113747674001764,0.0006790173628757491,0.00011135824024677277,0.0009700389791971187,0.00016563102353191195,0.0008327402174472809
1480,0.0005107661736861724,4.865239573122876e-05,0.00017483346164226532,0.0003341573932416353,2.5998316453244852e-05,3.8370490074157715e-07,0.00012064505238615873,1.3550146800595745e-05,1.230090856552124e-05,0.00024273818273095465,0.0001420818686683964,0.0001562945544719696,0.00011422089405518226,1.8082444138570533e-05,9.106099605560303e-05,8.681820355135872e-05,0.00016360645576050936,2.1629035472869873e-05
1481,5.0775132281632995e-05,2.0881556466307433e-05,0.000380856916308403,0.00018946349924772732,0.0003344821570201127,0.0001050364226102829,6.126317196149603e-05,4.5932740276602e-05,2.1979212760925293e-05,0.0005174421858108527,8.353411863253057e-05,2.113357186317444e-05,0.0002809343646996837,0.00016785660371325221,0.0005531739443540573,0.0009231106784564902,0.0006912352474571226,0.0002103373408317566
1482,0.00030848585953049956,5.7818564949723567e-05,0.0010974481701850891,0.0002475564028955046,5.3870238689409516e-05,0.0007336866110563278,0.00013539378193392314,2.365300501183513e-05,4.1961669921875e-05,0.001194485347007286,0.00023571361157365828,1.0137446224689484e-05,0.0009687804194671579,0.0009491386451254743,0.0003879982978105545,0.001790705311782187,0.0002758214171807924,0.0009501725435256958
1483,0.00032801476163873966,0.00018555695154829147,0.00021849200129508972,0.0003680216439445605,0.0004930542172312154,0.00037517398595809937,4.510576347523977e-05,2.6112966639563326e-05,1.5869736671447754e-06,6.959332910634608e-05,0.0002773748277367649,0.00019413139671087265,0.000145734552544928,0.00047710528151482384,3.994069993495941e-05,0.0011244798484570384,0.00039403617031259774,0.0001371428370475769
1484,0.0014763966659459005,0.000510881025268934,0.0013202931731939316,0.0018346412272388646,0.00030178992316596057,0.0017361287027597427,0.000149287651745756,4.644838708535524e-05,0.0001002289354801178,0.0014102988054564211,0.0005158319618126586,0.0004062904044985771,0.0010721781514535997,0.0005528129852657264,0.00020477548241615295,0.0017036401726538697,0.000689063551385094,0.0015587098896503448
1485,0.0005253518183381545,0.00011778214416492683,2.47173011302948e-05,0.0008486755242194666,0.0002828473943887501,0.0003677085041999817,1.1171592600439997e-05,5.773199068237998e-05,1.093745231628418e-05,0.0010182214453380509,0.0010162763886445367,0.00030208099633455276,0.0013941151909951863,0.0020252888433451135,0.00017654336988925934,5.960045953293247e-05,0.0009685449739394031,0.0003357119858264923
1486,8.633865951873654e-05,5.523652516290986e-05,0.0005752537399530411,0.00023945107489822814,0.0004730738052580556,2.3348256945610046e-05,5.1243624381676e-05,8.201030978222936e-05,9.190291166305542e-06,0.00024111119185558222,0.00012009825339631686,0.0006770677864551544,0.0003054348317157868,0.0015347008934832344,2.7798116207122803e-05,0.0006072211418065854,0.0014485192042327268,0.0006307624280452728
1487,0.00018641933691967982,0.00011880863380888534,0.0008934475481510162,0.000440486379398336,0.0006819648950917301,0.00021182559430599213,6.0819925962334737e-05,0.00014662005911215666,1.6830861568450928e-05,0.0006415722986221062,0.001010925940865784,0.0014130212366580963,0.0006036304756774566,0.001720676011083517,8.917972445487976e-05,0.00046741876683145667,0.0025764211831063553,0.0006788596510887146
1488,0.0012190485690554698,0.00043050308779460714,0.0016559716314077377,0.000476623728031339,0.00017625279356876106,0.0010610483586788177,6.84592934460139e-06,7.814973040279468e-05,6.371363997459412e-05,0.001237654590548816,0.001170684162119233,0.0004719831049442291,0.001740183229923406,0.00020191595148208452,0.00017598457634449005,0.0010528867793285213,0.0015631358155078906,0.0008288472890853882
1489,0.0007101803075245938,0.0005757081918955145,0.0007359776645898819,0.0013408029247781172,0.00018891738122213397,0.0003447122871875763,3.0932351022631976e-05,2.715143209403633e-05,1.9300729036331177e-05,0.0005006963379177859,0.0010043551664065536,0.0005942517891526222,0.0014137258574031114,0.0009855524292022742,0.0001793988049030304,0.00028052906407821654,0.00048523249037476374,0.0007724165916442871
1490,0.0022073145108255365,0.00037719818341183653,0.000283287838101387,0.0017100328528212583,0.00014095940335672602,0.000354178249835968,5.505237732928055e-05,6.631438620998981e-05,5.167722702026367e-05,0.0013435699213792812,9.366417559065338e-05,0.000875481404364109,0.0012806621904569576,0.0008578498551999776,9.143538773059845e-05,0.0019369606999491418,0.001139168418833096,0.0012310147285461426
1491,0.0009432872999539654,9.445604544735392e-05,0.0002962350845336914,0.0004564595424242368,0.00019762608616260072,0.000363985076546669,7.935705796202445e-05,9.347938577435023e-05,2.5331974029541016e-07,0.0007331937794047144,0.0008999293673550499,0.0003395741805434227,0.0011822829100479396,0.0014378044150483403,0.0005740299820899963,0.0014560199275676644,0.0017358980497549012,4.194676876068115e-05
1492,0.0009872404797085788,0.00011197472346377926,5.774572491645813e-05,0.0010061055253837992,0.00011497616156649557,0.0004728604108095169,7.331000973343285e-05,5.0473117379505085e-05,2.3171305656433105e-05,0.0006289221458344874,0.0014742683809187904,5.3661875426769257e-05,0.000548676902703854,0.00020827762123502153,0.0007687825709581375,0.0005319975527692811,0.0006717719385653867,9.122490882873535e-05
1493,0.0009829491229791099,8.084855953031586e-05,8.132681250572205e-05,0.0016122160927684315,6.257189394557813e-05,0.00019794143736362457,5.3624262699234274e-05,1.986887168706577e-05,1.7918646335601807e-05,0.0010657086843734662,0.0008520530728713324,0.00014596804976463318,0.0010263689966899317,0.0008779834133575354,2.8366222977638245e-05,0.000867643296360715,0.00045473562955779256,0.0005329735577106476
1494,0.0008727220594320073,0.00020504155339907612,0.00020514801144599915,0.0013161939643654141,0.0003929766839215927,0.0004443712532520294,6.410914173174756e-06,3.090620232418023e-06,6.119906902313232e-05,0.00014724536112479397,0.0004014135201955704,0.0007440755143761635,0.00036314609485128824,0.00043338610156783836,0.0005121883004903793,0.0005522904359885339,0.0001383948870924412,0.0012309066951274872
1495,0.0002734489178065347,7.320993794559041e-05,0.0004220791161060333,0.0002588691925191622,2.3431163356658902e-05,0.0001796148717403412,2.6275207282966048e-05,3.4408268448580734e-05,1.6666948795318604e-05,3.3288291652694424e-05,0.001004104527388347,0.0001590019091963768,3.4434292309759584e-05,0.0011444066887733636,0.00017679855227470398,0.0006012018882170511,0.0006880508322090195,0.0003263838589191437
1496,6.188186919595107e-05,0.00011634638549065657,0.0003831889480352402,0.00010815093113214491,0.0002358170215355504,4.8706308007240295e-05,5.1441452485751285e-05,3.997022626405313e-05,2.9228627681732178e-05,0.0001301015228925978,0.0010561881760250205,0.00011802557855844498,0.00010850542200657037,0.0004241327216139585,0.00025034695863723755,0.00017949000085926148,0.0007024594718328912,0.00037521496415138245
1497,0.0001775912894023124,3.210943505548014e-06,0.00011560320854187012,0.000302495139648723,0.00018136520553438396,0.00011479482054710388,5.137588745552854e-06,4.520328305445591e-06,7.398426532745361e-06,0.00017973598482470127,0.0002698159618027482,0.0001769745722413063,6.558169212490805e-05,0.00060694146919015,0.00013939663767814636,0.00020720436622356786,0.00012768239972713036,8.633732795715332e-05
1498,0.0013920839948076968,0.00013483745825953325,0.0005952436476945877,0.0019113700965798508,0.00036255522293781803,0.0005986224859952927,3.857500087225789e-05,5.8911851221821795e-06,6.0442835092544556e-05,0.0019707297240600663,0.00029980423399771083,0.000165632925927639,0.0015711604125266607,3.2836000792407435e-05,0.0001773349940776825,0.0011205175137991852,2.5585638925226806e-07,0.0009072050452232361
1499,0.0011092037775829178,0.00018379399191785842,0.0001682732254266739,0.0013363769194937036,0.0003255658995525122,0.00011581555008888245,1.0356850463215037e-05,7.380385259061172e-07,1.7434358596801758e-06,0.001300744527540705,0.0002506499125313477,0.00019121170043945312,0.0010586775727500775,7.75895622184622e-05,9.653903543949127e-05,0.00041083559669868874,9.779028909644161e-05,7.081404328346252e-05
1500,0.00016164888313568992,0.00011091459124816169,0.0009158998727798462,0.0004868964194262304,0.00028467879203884425,0.0008002948015928268,6.265152917290032e-05,7.932062326598951e-06,7.262080907821655e-05,9.765983920759225e-05,0.00027057949666672854,0.0003945073112845421,0.000245858363477125,3.422858118669499e-05,0.0004625283181667328,0.0004910582572816846,0.0001248855636756703,0.001079067587852478
1501,0.0006817523490226796,0.000328661280669329,0.00015962310135364532,0.0016445595485573283,0.000142314577806852,0.0001270826905965805,6.855315850614815e-05,1.1676572894796016e-05,2.4028122425079346e-06,0.001009889728426458,9.779174490516518e-05,5.323439836502075e-06,0.0006962618985068697,0.0006119092179952051,0.00031781382858753204,0.0005979306471297907,0.00034282129840558853,0.0005185827612876892
1502,0.0003190526780696701,0.00035207777276882735,0.00035296380519866943,0.0007012320195298183,0.0003261056571095995,5.941838026046753e-05,1.5491434732005024e-05,2.0532580718242346e-05,3.091990947723389e-05,0.00017079073656108695,7.419078182035327e-05,0.0006310250610113144,0.00026551477016192176,0.0006267826593467042,0.00025854259729385376,0.00010847803425281799,0.0002618539408426948,0.001071445643901825
1503,0.00044373116360110765,9.86269845564755e-05,0.0004970189183950424,0.0004659024369394471,0.00028203910211516484,0.0002599898725748062,1.0672868919909748e-05,3.492082373411339e-05,4.5746564865112305e-06,0.0004940095452857854,0.0006039201849186923,0.00047407113015651703,0.0004854859835322148,0.0010652410252411744,0.00019728392362594604,0.0008945439479798312,0.0005780090759034198,5.567818880081177e-05
1504,0.0009470351752979833,6.344266964349032e-05,0.0002886652946472168,0.0007194912472267279,4.4354322874175234e-05,1.023896038532257e-05,7.037866337455088e-05,2.4512446376909365e-05,1.0244548320770264e-06,6.637684615974637e-05,0.00033941527949678946,0.00016214419156312943,0.00030799878904536754,0.0001761026301731845,0.00016305223107337952,0.0004196218568627008,0.0002899794094037532,0.0003875903785228729
1505,0.000800931937963989,0.00029100764488993597,1.0166317224502563e-05,0.0008641777972864806,0.00016567386783920487,0.0002595186233520508,2.233978200287534e-05,3.314453264558707e-05,1.0188668966293335e-05,0.0006555205808629408,0.0006149520889671967,4.771444946527481e-05,0.0006684395432194276,0.00043738261563384083,0.0003780350089073181,0.00028273617857307864,0.0005113750118639696,0.0005745925009250641
1506,0.0011074364809199877,3.762878802587161e-05,0.00013254955410957336,0.0007807066410035757,0.00022390674999826776,0.00012260116636753082,4.889311702799791e-05,1.1311401558153442e-05,2.598017454147339e-05,0.00012365378418724426,0.00028296778204168344,0.0002519972622394562,0.00010889862595479805,0.00021561686806973943,0.00028476864099502563,0.0013881892713925037,4.100882123677166e-05,0.000248834490776062
1507,0.0003507611526615273,1.9221351439807632e-06,0.0006210505962371826,0.0006390902873072979,0.00032780626741554103,0.0006628930568695068,3.695374308049573e-05,2.0076655937091266e-05,5.270540714263916e-05,0.0012021780557823006,0.0003649516958955448,0.0003184722736477852,0.0008031196761092915,0.0008770917390560837,0.0002657342702150345,0.0007389903445139678,0.0003495596587466815,0.0007811747491359711
1508,8.056134050307695e-05,6.65170929298152e-05,1.4510005712509155e-05,0.0005319234695056463,4.306904096733691e-05,0.0002860911190509796,7.194018240794589e-05,1.124853928038223e-06,1.0326504707336426e-05,0.0010730003984487785,0.00016516730095725296,0.00011606421321630478,0.0011411110751504555,0.00017941816970631647,0.00022746995091438293,0.001286395386795619,2.1662947981445496e-05,0.0004043281078338623
1509,0.0010315514596809239,3.4863205334939584e-05,0.00010793842375278473,0.001218559168267963,0.0001066724149301479,0.0006365831941366196,5.391856059613204e-05,2.4086282064496745e-05,1.0438263416290283e-05,0.00014263818622489016,1.3879014851968241e-05,0.00028880778700113297,0.0004607747050149949,0.00034269591250407714,0.00030776672065258026,0.000537288077646636,0.0002460612648617598,0.00043913349509239197
1510,7.494743576125229e-05,7.431600356872306e-05,5.7220458984375e-05,0.0003409654841837473,2.8575648076980403e-05,0.00011505931615829468,1.2502736526791985e-05,1.4793448635358822e-05,6.671994924545288e-06,0.0005464685165354546,0.00012827934930400436,0.0002835458144545555,0.0005930999620579469,0.00012541226986782263,0.00035746023058891296,9.952194795734282e-05,0.00042117240002317174,0.00034205615520477295
1511,3.357761513139712e-05,0.00017374511484048727,0.00026274286210536957,0.00011439220578762788,3.410336199958369e-05,0.0003203190863132477,7.800333548308239e-05,1.2367897977073449e-05,1.0222196578979492e-05,0.0004807023549047232,0.00020742554215086306,0.00021474435925483704,0.00037292887619284204,0.00042922265986075625,0.0003067757934331894,3.6290322707188682e-06,0.0002955813127817307,6.764382123947144e-05
1512,0.00032216963629919104,0.00016806943596440332,1.5206634998321533e-05,0.0003636833684209084,0.00012851071452906968,0.00012426823377609253,3.391476754150552e-05,6.9255328523395825e-06,2.789124846458435e-05,0.0006985078836138844,0.0002311133435011839,0.000484648160636425,0.0006867874034260715,0.00035630850563981957,0.0004163626581430435,0.0005820393031411852,2.4507547696308446e-05,0.0006951503455638885
1513,0.0002526659981229029,9.92297272448539e-05,0.00021728873252868652,0.00023143694426536188,7.933392151596858e-05,5.583278834819794e-05,1.6069295595581498e-05,2.2601920092331883e-06,1.5348196029663086e-05,0.0006584719276045217,0.0003075438032301217,0.0005155261605978012,0.00048950434382624,0.00039125681788799733,0.0004675108939409256,0.0006128175346904741,6.592601409221438e-05,0.0004362650215625763
1514,0.0001333451472952385,5.0636620116919356e-05,3.5429373383522034e-05,0.0006862105159437526,0.00021798833654311858,0.00047677941620349884,6.528452984002654e-05,4.7410523569008794e-05,2.068653702735901e-05,0.0003717462564623228,0.0008341328957478453,0.00029968656599521637,0.0006531008786396647,0.0007181524175274264,0.00029861927032470703,0.0007812556716133567,0.0007355354553724436,2.316385507583618e-05
1515,0.0007689595509385583,0.00019275239828051363,0.0005094278603792191,0.0007212646029855774,0.00018426298743022887,0.00018378719687461853,8.07670014612398e-05,9.758967218122163e-05,1.0881572961807251e-05,0.001668580323905787,0.0017590768587418398,0.00023047812283039093,0.0021721943858610607,0.00035424128803115094,0.0006817355751991272,0.000567223696521485,0.001714844092784197,0.0002769194543361664
1516,0.00169479327419933,0.0002467382746922722,5.966797471046448e-05,0.0017391631155529719,0.0001266754673743889,0.00023323483765125275,6.560992106695133e-05,3.4971820970529366e-05,2.0503997802734375e-05,0.0014514231427028498,0.0006737615273018915,0.00043610576540231705,0.0024413605810323785,0.0012863596188932968,0.00012948550283908844,0.0008938350761680813,0.0006715587049782,0.0008651018142700195
1517,0.0002432225098484564,2.5167919161205032e-05,0.00015940703451633453,0.0007462540284063346,1.5701505290881962e-05,0.00045786798000335693,0.00019633338454552209,1.3211466267532349e-05,2.941116690635681e-05,0.0007311037689425592,0.0002737955297318906,0.0006064865738153458,0.00010432050632187134,0.0008365163550001966,0.0002937130630016327,0.0010105842697432366,0.0003688730187400256,0.0012549422681331635
1518,0.0007025184107767868,0.0001648050232067877,0.00048501230776309967,0.00038549089919062696,4.727590147647273e-05,0.00011094287037849426,0.00017351403486789985,1.7298376854921844e-05,1.8659979104995728e-05,0.0023014023150568774,0.0005008549162967488,7.481314241886139e-06,0.0020325071471023123,0.00046050948036785964,0.0004091709852218628,0.00042761483023351365,0.00012855991958323626,8.704885840415955e-05
1519,0.00048239099495703264,0.0002457371509996288,0.0005760081112384796,0.00039325888695240785,9.654552122428939e-05,0.0002568960189819336,0.00018697904608851873,6.14331422764383e-05,1.0844320058822632e-05,0.00022555852700551632,0.0013738598438099436,0.00031121447682380676,0.0006344002845014018,0.0017030990480357087,0.0007974840700626373,0.0009051085763246147,0.0010886115060168185,6.420165300369263e-05
1520,0.0008354284257843236,9.944484262517858e-05,0.0002680886536836624,0.0007428407993087804,0.00030980376942978116,0.0003057178109884262,0.0001369792820817787,7.238277736227369e-05,9.149312973022461e-06,0.001030301065826765,0.0014900120782747744,0.00011639297008514404,0.0012391366071989526,0.00100139186246323,0.0007424149662256241,0.00029786148126795253,0.001249563531998562,0.00033470243215560913
1521,4.196063915293258e-05,0.0001083492661653751,1.3470649719238281e-05,0.0001636778464873534,0.0005229270897370783,0.0003445912152528763,0.000162566016272115,6.701209376545631e-05,4.44948673248291e-05,6.992539911569035e-05,0.0018738366677626614,0.00039506424218416214,0.0007708925492552129,0.0007362852435367859,0.0010042209178209305,0.0006152393675551426,0.0009893572029337078,0.000626876950263977
1522,0.0007592097276541976,0.0003229627779438998,0.0001914631575345993,0.0009901509179288115,0.00019758883039354413,0.00021851621568202972,0.0002478941458314756,5.367302095657172e-05,6.826967000961304e-05,0.000979615714234737,0.0013192792633515277,0.000522238202393055,0.0014534628245549894,0.0004220072855065059,0.001184765249490738,0.0015473798159059415,0.0005120431918039479,0.0005555897951126099
1523,5.974564017408035e-07,0.00043682407856885513,0.00013250485062599182,0.0001587531816822363,0.00017383812796316692,0.00038679689168930054,0.00012912567347240882,5.085731489498516e-05,2.9668211936950684e-05,0.00042196888309189995,0.0014265245240985824,0.00038205739110708237,0.0009390667109833023,9.603821969762782e-05,0.0006783287972211838,0.0006176194722525286,0.0004389888383995004,0.0007028654217720032
1524,0.00017676908909539102,4.672616166963989e-05,0.00045849569141864777,5.344287142827753e-06,0.00027889732441086987,0.000529976561665535,9.688949468816647e-05,1.0368640454570636e-05,3.575533628463745e-05,0.0016783565114441568,1.4523748391753744e-05,0.00024323444813489914,0.002125636397366175,0.0010042124879445103,8.91275703907013e-06,0.0013914777655016364,0.00033037049569150517,0.0008543133735656738
1525,0.0018628993223703538,0.00018571938272086974,0.0011829342693090439,0.0015526934632082712,5.793926752880804e-05,0.0010899398475885391,0.0001663223014439271,1.0831722602057826e-05,6.819888949394226e-05,0.0009129727787826059,0.0012814678507910987,7.741712033748627e-05,0.0006391438972979044,0.0008564159228072396,6.99460506439209e-05,0.0017445505045805554,0.000322917664753182,0.0012125484645366669
1526,0.0002820048309870038,0.0005251337746488977,3.6973506212234497e-06,0.0002650911109309817,0.00020333664339991162,0.0002655293792486191,2.13401081260306e-05,2.5470650341620927e-05,2.6874244213104248e-05,3.016531831043917e-05,0.00012111323910133504,0.00019022170454263687,1.5110552868326244e-05,0.0003980882023183708,0.0005358941853046417,4.3342036146892804e-05,0.00041598888061465666,0.0005481578409671783
1527,0.0010060536258528485,0.0005721063831585979,0.0010327193886041641,0.00026068622096658833,0.0005992531111941451,0.0010464508086442947,0.00020473787303013948,6.864013032581613e-07,7.5560063123703e-05,0.0005250446289950111,4.381293978601014e-05,0.0002330159768462181,0.00025186629964551316,0.0005657513343278932,0.00020742788910865784,0.002235537994927428,1.8479070865565217e-05,0.0013833865523338318
1528,0.0009615699405888245,0.00014909764118507807,2.9686838388442993e-05,0.00147569162685951,0.0012192307134263267,0.00028298236429691315,0.00017250887640610744,9.421945121779792e-06,3.463774919509888e-05,0.00017343155594477105,0.0005998841842218133,0.0001792432740330696,0.00016993478285153713,0.0005659323420631026,0.00029796920716762543,0.0006150613872472899,0.000214633089379513,0.0016635358333587646
1529,0.0002031260418765557,0.00016175532781683918,0.0004174821078777313,0.00010756382552318255,0.0003051473408062534,0.0005346816033124924,7.73142426990902e-05,4.6391391532820715e-07,2.7570873498916626e-05,0.001437535841915312,0.0010758847777839683,0.0002225227653980255,0.0010079597820571579,0.0010842381712815388,0.00010566040873527527,0.001201496222908216,8.373125448493321e-05,0.0004397854208946228
1530,0.00035556419090759794,4.09837731877756e-05,0.00021537020802497864,0.0010302438620885257,8.365908642068293e-05,0.00045659393072128296,7.74302350491432e-06,3.758780985461344e-05,3.493949770927429e-05,0.0010263258442469725,0.00028407440973374914,0.0007183495908975601,0.0007180694294466744,0.0005128073368256165,0.0010833684355020523,0.0005948604560625792,0.000779934922411199,0.0007934942841529846
1531,0.0007288956283693637,0.00011533313133289813,0.00035560131072998047,0.0006405257650412555,3.0695090443243894e-05,0.00028250552713871,4.4397006298825883e-05,7.803574949064073e-06,1.8518418073654175e-05,0.0010889573819111015,7.357186393934512e-05,0.00042430590838193893,0.0007251242743950143,8.501035231544933e-05,0.0006102081388235092,0.0007268415179464138,0.00024590297520785814,0.00022142380475997925
1532,0.0012151073451900918,3.376981838396076e-05,0.0008707046508789062,0.0010095824119115415,0.0002027494869859467,0.00029791146516799927,7.976815466317032e-05,4.651821420367493e-05,5.318969488143921e-05,0.0008343099159345904,0.00027432821338088664,0.0002237437292933464,0.000624252959174211,0.0017417925720150254,0.0004099849611520767,0.0009124944903554089,0.0009701284867146588,0.0007894784212112427
1533,0.00016401389044631842,0.0005640546242644956,0.0003424398601055145,0.00011253708399192042,0.0003462408688323544,0.0001132674515247345,5.266748667717008e-05,4.2787777147091765e-06,4.696100950241089e-05,0.0006806071947519504,0.0010131216267978138,0.0004090750589966774,0.0007763340101340846,0.00021544162393448505,0.0005540009588003159,0.0012303389208931925,7.379516974974354e-05,0.0011135973036289215
1534,0.0005364866858763029,0.00038106831196236396,9.882822632789612e-05,0.0005363846724759924,0.00011541131842429317,0.0004061218351125717,8.802269555409185e-05,5.1911683153415536e-05,1.2218952178955078e-06,5.021275591501895e-05,0.0011058142985258465,7.535237818956375e-05,0.00013406970543568264,0.00012413479151099187,0.0004049912095069885,0.0007013887398664986,0.0011943868145196136,0.0003680028021335602
1535,0.0014627846769679764,0.00012036097112097521,0.0009374991059303284,0.0013905962950747641,0.0003201822741123739,0.0008692704141139984,2.142232091993483e-05,5.9258672264017424e-06,4.8492103815078735e-05,0.00035178366653357274,0.00039824653776171504,0.00014876015484333038,0.00015264321336672104,0.0007916029528080987,0.0001751203089952469,0.0014414177490049418,0.00017386761267182416,0.0008598975837230682
1536,0.000547192583548739,0.00011818908180603535,0.001032903790473938,0.0010869373656447467,0.00013957736561115777,0.0012959260493516922,0.0001761944341600978,9.436808424552814e-06,0.00013280287384986877,0.0007658223504193803,0.0005628564545998166,0.0013701841235160828,0.0006719861227876753,0.00044650918210992555,0.0011341515928506851,0.0012334983151638668,0.0002400906717957632,0.0026138722896575928
1537,0.0008314008894318159,0.0003445390589000598,7.715076208114624e-06,0.0009062857345230879,0.000233662921793356,0.0001736469566822052,4.168554436036892e-05,4.28070926820805e-05,4.552304744720459e-05,0.0008215583296420567,0.0002537070450388951,0.0008472297340631485,0.00036033602698828243,0.0003886614350389799,0.0011938456445932388,0.0012096564074449284,0.0008306449559045484,0.0007834658026695251
1538,0.0015516590049634016,0.00014676272657802858,7.730722427368164e-05,0.0012621862931306016,0.0006851197196295414,0.0005240961909294128,2.5885121183370427e-05,5.357770971528867e-05,4.362314939498901e-06,0.0008069767994809407,0.0006725613345866591,0.0005091074854135513,0.0004113733358408478,0.00016663932992821593,0.0002633295953273773,0.00020839302151040573,0.0006494869572845827,0.0001046992838382721
1539,0.0024421145265006716,0.0002311247052430715,0.00023444369435310364,0.003151321913320959,0.00043339309323135733,0.00025598518550395966,0.00022166744841676383,5.639693967823085e-06,2.4709850549697876e-05,0.00040616183701952524,0.002022198652837731,0.0002330988645553589,0.0005482065198025785,0.0002508729216417595,0.00021059252321720123,0.001211064974856943,8.561141159495536e-05,6.196275353431702e-05
1540,0.0010066226255942279,0.00012045265192088539,0.0012612678110599518,0.0013911786055459674,0.00013062751243730908,0.0008635185658931732,1.1303390460305415e-05,8.012707306542929e-06,8.022412657737732e-05,0.00034060690209736927,0.0007616232498785028,0.00014467816799879074,0.0005171973665752602,0.000634283962159692,0.0006598271429538727,0.0009667493973874591,9.753645051593582e-05,0.001133643090724945
1541,0.0014496811569641999,5.312606905757272e-05,0.001993488520383835,0.0016108083171188226,0.0003552282933399521,0.0023708324879407883,0.00013105960900450936,6.0893102195231676e-05,0.00011841580271720886,0.0026989844201131125,0.0001005216349132948,0.00030949991196393967,0.0027802960344747024,0.0009167496370748314,0.00016967765986919403,0.003981291342448304,0.0008434160488460553,0.001632247120141983
1542,0.0030689106191821303,0.00037667698440647934,0.001465030014514923,0.0037319333285256717,0.0002713853489610847,0.0013535507023334503,3.400950286263499e-05,6.160212672628486e-07,0.00012799352407455444,0.002184051308142601,0.00040352386510104227,0.0005494924262166023,0.0013332130867723599,0.0009453883508734593,0.0006829407066106796,0.0036325263192553553,0.00019001701223856152,0.0010764971375465393
1543,0.0022297340484823958,5.2428697248006056e-05,0.0009025596082210541,0.0030682380869249126,0.00037302724881730157,0.0002315044403076172,7.154191837054936e-05,5.147160392854561e-05,7.264316082000732e-05,0.0008165299520483393,0.00015183383719160476,0.000127401202917099,0.0004543231023622432,0.0001770579078134659,0.000789642333984375,0.0007345541805809236,0.0009195380844359627,0.0006873719394207001
1544,0.002759929503021008,0.00012000480405226222,0.0004216693341732025,0.0026359336511389275,0.0006290889605277024,0.00017037615180015564,0.00014024848558728646,7.1763639910051025e-06,2.6963651180267334e-05,0.000856768392789295,0.0016307931724024935,0.0011049127206206322,0.0002731130252922806,0.0005764823564164325,0.0008946433663368225,0.0003509925274204906,0.0006318095834639964,0.00035984814167022705
1545,0.0017031596328045129,2.4776198741232464e-05,0.0005560964345932007,0.001301462508649931,0.0005070693543020761,0.0003859512507915497,7.12792638550043e-06,2.2948628360785345e-05,2.619996666908264e-05,0.00016295238453647304,0.000708755801106617,7.628928869962692e-05,0.0003929826776928047,9.710937089300181e-05,0.00017249956727027893,0.0016707978290370074,0.00035153357139427674,0.0004960522055625916
1546,0.0026289783284402513,3.9674709511119954e-07,0.0009253770112991333,0.00358434600723484,0.00037724845192258286,0.0012407414615154266,0.00011943466273996693,3.90235006565941e-05,0.00010044872760772705,0.001043382607124041,0.00020407688578434613,0.000849645584821701,0.0012826249486069877,0.0004996392955146493,0.00039913691580295563,0.0032479766537829857,0.0005088890602582934,0.0017263740301132202
1547,0.0015316502090435835,0.0008252247456807492,0.0007643885910511017,0.0020798995354620875,0.000676258724695001,0.0010015461593866348,0.0001282829562275819,3.3781824108692184e-05,2.491474151611328e-05,0.000915109011845959,0.0004309447213636866,3.495905548334122e-05,0.0009595148964293074,0.0007061451496605978,0.00036532431840896606,0.0012213076727162209,0.0005304242138226001,0.0007012784481048584
1548,0.00018749072425822133,5.469793839937842e-05,0.00014290958642959595,0.0006406875734562278,0.00023025053487297706,0.0005611535161733627,1.4433436562943242e-05,5.631998460274806e-05,6.388872861862183e-06,0.00023083337709191992,0.0008534937550658123,0.00014596246182918549,0.00020570047238950562,0.0007533284324278823,0.0006929785013198853,1.891031179585001e-05,0.0012450240910504007,0.00039383769035339355
1549,8.034182140737034e-05,8.594364923459469e-05,0.0005893595516681671,3.0466246289967414e-05,0.0001102634269927738,0.0006239358335733414,9.20179048969922e-05,2.104703700479241e-05,3.27378511428833e-05,0.0005947987770429305,0.0005613617233470106,5.417130887508392e-05,0.0005439322299762225,0.00015543144609152758,0.0001828521490097046,0.0010868976577657896,0.00035645178951167894,0.000253334641456604
1550,0.0002714279015063603,0.00011061060814308854,0.00014463067054748535,0.00013950947724541973,0.00018791037831974305,0.00018019601702690125,5.073115223958903e-05,3.72745635109778e-06,4.6294182538986206e-05,0.001762050837444358,0.001068005844391741,0.0005258647724986076,0.001179943537780892,9.481299856921961e-05,0.0005984138697385788,0.0009110126892820092,9.431260054623691e-05,0.000895187258720398
1551,0.0002697093135557438,6.504633064157578e-05,0.00010881572961807251,0.0005166251495888619,0.0004494621465337065,0.0003117416054010391,2.1552577518121202e-05,3.593410085771329e-05,1.9937753677368164e-05,0.0006808167194638365,0.0003709575038169585,0.0003782389685511589,0.0007949392463840119,0.0004688677239274258,0.0006279367953538895,0.00020438233891348356,0.0004897521606682873,0.0005043447017669678
1552,0.0009606236994846862,0.00035908957835102673,0.000401083379983902,0.0010671619552546363,0.00035531448019954573,0.0006080456078052521,1.0824609674497943e-05,5.178676285041636e-05,3.471970558166504e-05,0.0007377182655608633,0.0002908816386818225,0.00019998755306005478,0.0008607839904618345,0.0004477250274710731,4.217028617858887e-05,0.0005407813053225352,0.0007793279859295947,0.00019422173500061035
1553,0.0020758908367063122,0.0006640138532687141,0.0011735446751117706,0.00018978028498817245,0.0002533172242915431,0.000912744551897049,0.00019935768738626146,3.282151889855492e-05,7.884949445724487e-05,0.0012076433441008672,0.0015209370487288473,0.0005711168050765991,0.0003536331524649633,0.0009343524795849918,0.000857645645737648,0.0014636625444638673,0.0006520428024087525,0.001672070473432541
1554,0.0017859031692477045,0.0005535608443748181,0.0016196705400943756,0.0016226809329821235,0.00023514940311836902,0.0017844494432210922,0.00021328151188311321,3.510961849251455e-05,0.00010217353701591492,0.000717306548336856,0.00013329231907249078,0.00026597827672958374,8.378732725904114e-06,0.0006297830636742083,9.964406490325928e-05,0.003172788356620493,0.00030976975253339464,0.0019918233156204224
1555,0.0007239119678089379,0.0006974954312461354,8.076056838035583e-05,0.0008139210130810037,0.0005415459556988161,0.000556550920009613,4.999250827816479e-05,6.0173668257664436e-05,2.2899359464645386e-05,0.00035989715410584405,0.0011025059339107232,0.0006491765379905701,0.0002761138001498853,0.0012473855903756266,0.0001825578510761261,0.000703058047143712,0.0012075893170372283,0.00017967820167541504
1556,0.00011257806248696212,0.0007538930920296602,4.06317412853241e-05,0.0014498043062408927,0.0002014975346704001,0.000822160392999649,7.571416208670793e-05,9.179296016153171e-05,5.0477683544158936e-06,0.001188732438493198,4.166282131089216e-05,4.98257577419281e-07,0.0011487869421647756,0.0004045136880180232,0.00097702257335186,0.0007860953849392338,0.001743250228368097,0.0004703812301158905
1557,0.0005760814502653311,0.00026977812599099024,0.0005334652960300446,0.0001553934123656453,0.00022213248482910036,0.0005599223077297211,8.458015801310163e-05,2.5558815064951257e-05,2.3134052753448486e-05,0.0006799294282813645,0.0008724659717219488,0.00033922214061021805,0.00023433519439772232,0.00044573234039075454,0.00044869445264339447,0.0007623915093639966,0.0006191052055167165,0.0003421083092689514
1558,0.00034337384281157846,0.00024085150412449935,0.0004337616264820099,0.00041028432075371213,0.00032112501028785934,0.00013992004096508026,0.00010207153701770506,8.479166139730137e-05,8.121132850646973e-06,0.00028342355145926507,0.001485644993302275,0.0003382572904229164,0.0006336953859347599,0.00149053627873044,0.0010926146060228348,0.000583540607681593,0.0015885703845246145,0.0010803081095218658
1559,0.001406974578536918,0.0003853859051875727,0.0013372674584388733,0.002312124021287554,0.0003258075781968281,0.0012501832097768784,5.6727554214644135e-05,6.994735709440363e-05,0.0001261383295059204,0.00027297956860969363,0.00031916849501750083,0.0009385989978909492,0.0011199974538302696,0.0014820046339725289,0.001199040561914444,0.001334270381025543,0.0013291265745157647,0.0022731684148311615
1560,0.0013923582004312096,0.0007554945552247679,0.0003245435655117035,0.0021510437243221214,0.00013536201465484676,0.0002452600747346878,3.6152114973877006e-05,4.7714045475745264e-05,5.689263343811035e-05,0.0018777685468945662,0.0009342665748943643,0.0005471175536513329,0.001138578542541048,0.0005909005897145585,0.0007578916847705841,0.00140593335415104,0.0009291316641440867,0.0009407550096511841
1561,0.00013283191231142077,0.0005064422508235383,0.0005842335522174835,0.00010827920133715807,0.0001538014507592722,0.00039774738252162933,0.00014537843016667294,3.0213937227467147e-05,4.1697174310684204e-05,0.0003338670932651541,0.0008968025722130707,1.9204802811145782e-05,0.000526584386929721,0.0009078853044711573,0.00016980990767478943,0.0008695824493452076,0.0005218680029098199,0.0009378716349601746
1562,0.0007605386622214771,0.0003203961504089116,0.000909946858882904,0.0010507292869238738,0.00019261354928671454,0.00064057856798172,0.00013981176641252036,5.811899126545797e-05,5.907192826271057e-05,0.0007842298467559405,0.0004135375799892635,2.3021362721920013e-05,2.3020375772980772e-06,0.0005850987589096097,0.00015742704272270203,0.0008517773031001263,0.000915219808212589,0.0012622624635696411
1563,0.00022861914430699626,0.00054158829005857,0.00041473284363746643,7.739804794848482e-07,0.00015597399040195511,0.0006634499877691269,0.00012144105339563505,2.3157076584409166e-05,2.275407314300537e-05,0.0008893489928845366,0.001528474864829689,0.00017959624528884888,9.428643387202756e-05,0.0007903727868966617,0.00018605217337608337,0.000596822820499554,0.0004965135827422057,0.0004367455840110779
1564,0.0019594673829903264,0.00033896577461947977,0.0009026937186717987,0.0018384659114375757,0.00014037928351987375,0.0010352935642004013,0.00010758733976457338,1.6442497160014955e-05,8.89897346496582e-05,0.0013429378371501918,0.0004397262169956312,0.0006797211244702339,0.0009958765094917055,3.924360397839985e-05,0.0005637388676404953,0.0028615895626340204,0.00033079238057023147,0.0014116503298282623
1565,6.112930996590715e-05,0.00016902625925511658,0.00013843923807144165,0.000825960981987589,5.448723197909455e-05,3.600306808948517e-05,7.393827951701279e-05,8.366736119360665e-06,5.11854887008667e-06,0.0007182019707449236,0.0001831164016963746,7.222220301628113e-05,0.0008962680525706618,0.0005795092410797124,0.00011629052460193634,0.0002507484853926101,1.324546888096384e-05,1.381710171699524e-05
1566,0.0007568664863797647,1.9876819311513e-05,0.0004804171621799469,0.002281419447201255,3.314905541546703e-05,0.00029585324227809906,2.1565221202375293e-05,4.2801625775136e-05,3.14861536026001e-05,0.00043142703614931777,0.0003398282782140008,8.650403469800949e-05,0.0004583614799323066,0.0001970945618556567,0.00017962418496608734,0.00032431709778149576,0.0009098777344372089,0.0008706972002983093
1567,0.00024739324254660633,7.097990736989329e-05,0.0003406330943107605,0.0001804075847172959,0.00013895127936013746,0.0004491303116083145,0.00012112664433713144,6.978118489417212e-06,3.345683217048645e-05,0.00010176693440644424,0.002268537548863206,0.0002572527155280113,0.0001587711845487394,0.0012494113980193759,0.00010476820170879364,0.0003840932966887034,0.0001288332036990178,0.0009204894304275513
1568,0.0007719418715713133,0.00019619451707954955,0.0004489906132221222,0.0012953240882358497,0.0002251079049101143,0.00036718323826789856,4.068633590784826e-05,1.3593682022000186e-05,3.2100826501846313e-05,8.702859239739097e-05,0.0008700129011256774,0.0001881420612335205,0.00021254127490123037,6.52775894246305e-05,0.0003231596201658249,0.0011087513355897693,0.0002556650732378554,0.0003314092755317688
1569,0.00010190696794820653,0.00014437640543068717,6.029754877090454e-05,0.0007691755902301256,7.690254699889085e-05,0.00040190108120441437,6.75719194498034e-06,3.8828306658740585e-05,3.938749432563782e-05,0.001169624091229178,0.000543462290365275,0.0005428139120340347,0.000982381901832384,0.000807830008347111,0.00017381086945533752,0.0014546540487965498,0.0007929520606371546,0.0002485699951648712
1570,0.0001589684605870223,0.00023322328326278244,0.0004062354564666748,0.0004993471091553348,0.00045806539244446984,0.0003039054572582245,3.278792119146626e-05,8.894248796790507e-05,5.127117037773132e-05,0.00013184184364812418,0.0006296065344444032,0.0011304104700684547,0.00016244915963806866,0.0014620874709613471,0.0002864208072423935,0.0008235313846218228,0.0015135178984186128,0.0006982497870922089
1571,0.0015341214526406466,5.1341819105984315e-05,0.0005245283246040344,0.0018381164490011148,4.4981094998296917e-05,0.0006979834288358688,2.5099486274722527e-05,3.0435895920163892e-05,2.631545066833496e-05,0.0004822114669948696,0.0006151792077564375,2.763420343399048e-05,0.0005234089186464327,0.0002601407931868069,0.00021425262093544006,0.0016122953655698657,0.0004299661466775871,8.359923958778381e-05
1572,0.0020799473047479755,0.000399900541848356,0.0007512904703617096,0.0024770696129328418,0.000346983898244977,0.0008886903524398804,8.377148386416386e-06,7.748957476180502e-06,4.7791749238967896e-05,0.0007652741263533616,0.0008662857202726623,0.00017979182302951813,0.0006388722792081622,0.0010016913266658366,0.0004878733307123184,0.0020756508915081295,7.770643325055032e-05,0.0003054998815059662
1573,0.0002911908305603117,7.705443117090455e-05,0.0003471262753009796,0.0006829612027225151,4.2042592022513425e-05,0.00046051666140556335,5.424239786923704e-05,5.207410508003803e-06,1.0274350643157959e-05,0.0001444567049990464,7.945134801471548e-05,0.0001376420259475708,0.0004126225821389773,4.09115786105755e-05,0.00022030062973499298,1.8401654240302046e-05,0.00030669466701894674,0.00016180425882339478
1574,0.000963532274516371,0.00017686515358443858,8.858367800712585e-05,0.0012672498567261326,0.0003725371000516259,0.00024372339248657227,1.545376486200567e-05,4.632866359028992e-05,1.7154961824417114e-05,0.0008012434327184167,0.0007180852780013514,4.541128873825073e-05,0.0003898572962691277,0.00023744174908139296,0.0002103615552186966,0.0013999796250420415,0.000873957298695046,0.0003467164933681488
1575,0.00011594787606081236,0.00027542485405683895,0.00015677884221076965,0.0006578567464943508,1.8350110084552895e-05,0.00029951147735118866,4.752285296662391e-05,5.496509306191638e-05,5.383044481277466e-06,0.0001517828306132757,0.0005105913053796152,0.00022147875279188156,0.00026430199103357616,0.0002543142256443247,0.0003226548433303833,0.000767269318037167,0.0007562511843436717,4.863366484642029e-05
1576,0.0005720609626423123,0.0006621341762442362,0.0001480095088481903,0.0005524276301560049,0.0005792404911945208,0.0001024194061756134,1.4898433024752508e-05,1.6910223450312262e-05,2.8286129236221313e-05,0.00018128935075364255,0.000735496243544756,0.0004467777907848358,0.00011148904563870049,0.0005487881903187362,0.000613311305642128,0.0005639855278033179,9.144224207184581e-05,0.00044461339712142944
1577,0.00045696432001557374,9.927126866402652e-05,0.0003488808870315552,0.0002687573305638624,3.550588216038458e-05,8.171983063220978e-05,7.720319299964369e-05,4.232843586763984e-05,1.2762844562530518e-05,0.00014378131441561415,0.0006503322152566146,1.9655562937259674e-05,0.0003964677664764771,0.0003370243000657275,0.000303780660033226,0.0006593906291667007,0.0006300018765362375,0.0006224885582923889
1578,0.0003976490132684696,0.0001255993177013623,0.0007923468947410583,0.0003227807280170858,0.00027105684824046614,0.00022873468697071075,9.480643679749337e-06,6.762825585561135e-05,2.434477210044861e-05,0.0002591227221050915,0.00046022641428829225,0.0006615845486521721,3.162827209903657e-05,0.0010346095643087097,0.00012014247477054596,0.000263776489671963,0.0011893679837300178,0.0006695464253425598
1579,0.0005756932387648572,8.42099142643396e-05,0.0008038617670536041,0.00037627964802841585,0.000513618709811009,0.0006689205765724182,0.0001573753368871219,2.1961036076054282e-05,4.702433943748474e-05,4.5242645904261525e-05,0.0002546526173899735,0.0004374329000711441,6.858387518982739e-05,0.0009412701729654936,0.0003385227173566818,0.0006941688459570772,0.0006165395248362432,0.0010725446045398712
1580,0.0009230480182667034,7.72652396971163e-05,0.001102738082408905,0.0006064128091754495,0.00034612515017638443,0.000958513468503952,0.00020103663171489733,1.0393593927061429e-05,6.04577362537384e-05,0.00023121076785394962,0.001374600797012425,2.530403435230255e-06,0.0003276078706682464,0.0002804013976804697,0.0001569986343383789,0.0019735670158778362,0.0002732714776096934,0.00127328559756279
1581,0.0005859223640558853,2.126238059561164e-05,0.0005762837827205658,0.0005669323229044176,0.00021022331880494668,0.0003387685865163803,2.4196747239503547e-06,3.376218640346743e-05,1.66185200214386e-05,0.00015960273608291858,0.0019303957868029367,9.973905980587006e-05,0.00019937437558842364,0.0006070011742385752,0.00019261613488197327,0.0007750578070676584,0.0005427283194908185,0.00040362030267715454
1582,0.00013366813352183593,0.00022391228851181832,0.0003597550094127655,2.5326552355986465e-05,0.00038440375681231265,0.00022864900529384613,1.5904232413089386e-05,4.797732611197536e-05,5.405396223068237e-06,0.0005039241548309842,0.0010237232714114808,4.379916936159134e-05,0.0007813034957312795,0.0012529939278734257,0.00010581314563751221,0.0011737584194794204,0.0008032569967887822,0.0006688274443149567
1583,7.944015633662427e-05,0.00031719450069341015,0.00032844021916389465,0.00022222350948164493,0.00042784913397079724,0.00038719363510608673,6.964388980322707e-05,1.6460537864849273e-06,1.70096755027771e-05,0.0009685231985800333,0.0008097712224101258,0.0001902477815747261,0.000832917727999441,0.0009594780338669957,0.00032244063913822174,5.2827895538926084e-05,9.174748439340352e-05,6.510689854621887e-05
1584,0.0008197884118592846,0.00032061929212530427,0.00043587014079093933,0.001143020394330646,0.000531865996583749,0.0007252898067235947,6.586050984473679e-05,1.949207352723364e-05,5.986914038658142e-05,0.002097181154510755,0.000265014480184525,0.0007716547697782516,0.001756405780338123,0.0005114213363174563,0.0003978163003921509,0.0003123360732575631,0.0001885577932296094,0.001130860298871994
1585,0.001602203071085967,0.0001663040186888655,0.0010766759514808655,0.0020371313828718984,0.0001683304165744741,0.0009864475578069687,9.655524995005015e-05,3.136245561529251e-05,7.673725485801697e-05,0.0018748909479203643,0.0002003850652832484,0.00021455064415931702,0.0014851900252543654,0.0002881628923503358,0.00027268193662166595,0.0015028777090884404,0.0007576376441198428,0.0013110600411891937
1586,0.0013645375985076869,6.607205687951534e-07,0.000618617981672287,0.001619606238615151,8.016636538834068e-05,0.0006438065320253372,9.82259162107136e-05,4.4500526800264704e-05,4.10228967666626e-05,1.2403932751814395e-05,0.000419680460519177,0.00011922139674425125,0.0007900858540325559,0.0013226373155267195,2.617575228214264e-05,0.0008200788619110999,0.0009576518665464148,0.000948883593082428
1587,0.0007212753471821931,0.00010479277860070413,0.0007167086005210876,0.000657270836804974,9.803950158577407e-05,0.00043950043618679047,4.3543519023537744e-05,4.636846248179437e-05,5.1107257604599e-05,0.0002741814024693062,0.0011707416069653281,0.00028298981487751007,0.0002853796543800455,0.0013598472979713355,0.0005621723830699921,0.000760591415602474,0.0007834680553356274,0.0009476244449615479
1588,0.0002876297840462283,0.0002630796689810748,0.0006911307573318481,0.00018016398067885464,0.00018434124751311176,0.0004651900380849838,8.089270653934694e-05,4.834762586622171e-05,5.996599793434143e-05,0.0003313409790568281,0.0007309766673807908,0.00045704375952482224,0.00043408343167562063,0.0014679889832883183,0.0007070433348417282,0.00020852417250297184,0.000898774849501037,0.0013256631791591644
1589,0.0018383650921172112,0.00018172000535987207,0.00103025883436203,0.0019132571233312634,0.00023129080295115206,0.0007996503263711929,5.36137275301031e-05,5.7904133483460294e-05,9.438022971153259e-05,0.00024214406777862268,0.0008593394954984832,0.0005691163241863251,0.0006825349483920232,0.0027002164940885796,0.0008680522441864014,0.0013958191340583959,0.0011330763202339125,0.0017256475985050201
1590,0.00122694385358052,5.8166973309556336e-06,0.0008574649691581726,0.000712140810979589,8.239455037126198e-06,0.00044380128383636475,9.771989858451194e-05,4.597867360034164e-05,2.563372254371643e-05,0.0010771464963181057,2.956492189541693e-05,0.00040207430720329285,0.0016627908436083055,0.003284028166952277,7.016398012638092e-05,0.0009822245187618428,0.0011499246826592174,0.0007270723581314087
1591,0.0010447786721873298,0.00029322750059468036,0.0006812065839767456,0.0009128759768234906,0.0005174083364494694,0.0004951152950525284,0.00013926303705270524,4.214890307840426e-05,3.182515501976013e-05,0.0009349947697751687,0.00017624901992795844,0.0001706751063466072,0.0019004686009524152,0.0033007129765237906,2.5598332285881042e-05,0.000990249504471713,0.0009513454284770378,0.0006938725709915161
1592,0.001732095686801688,0.0004320147471894957,0.0010185502469539642,0.0022560140582018606,0.000836314809261364,0.0010056085884571075,0.00011491660881988823,1.9391810806901767e-05,7.777288556098938e-05,0.00046403350413705413,0.0012910895555457713,0.00042893923819065094,0.0007834607429418883,0.0024430464825695524,0.00039990246295928955,0.0015746054414930155,0.0006344834976669718,0.001576889306306839
1593,0.000979898870390461,0.0002921008903029598,0.0009050369262695312,0.0011184246182668334,0.00046086934855919803,0.0007302779704332352,0.0001589661786595281,2.924142863967253e-05,8.775293827056885e-05,0.0011583118322342004,0.0013828498441077128,0.0005041416734457016,0.001168242490697087,0.001992925564388379,0.0006346050649881363,0.0007378113054841984,0.0007368631062014651,0.0023149363696575165
1594,0.00017467590046799097,0.00016983652941703065,0.0010802894830703735,0.00030655428450249156,0.00032658835954433446,0.0009076651185750961,0.00020145523699893406,2.9241276552261723e-05,8.898228406906128e-05,0.001993770343309255,2.0291050051392256e-05,0.000372457318007946,0.002134505539897781,0.0017449635617523096,0.000575777143239975,0.0005159138913602979,0.0007140580459825234,0.0022311359643936157
1595,0.0001814846702386519,0.00031150171762182183,0.0009411647915840149,0.0006565233865557518,0.0005660337732585896,0.0003210846334695816,0.00013183380155701308,6.93947084884545e-05,5.067512392997742e-05,0.0009443666824630534,0.0006825772714170314,0.00025566481053829193,0.001383933851401578,0.0008267225053520811,0.001145787537097931,0.0011886911058574534,0.001362278862157923,0.0013182014226913452
1596,0.001796424478372527,0.00011556109033643985,0.001977834850549698,0.0022184900797972695,0.000242729583705404,0.001467932015657425,0.00010846615735545309,7.333178958940844e-05,0.00010552257299423218,0.0021697024421821476,8.062626296891084e-05,6.242282688617706e-05,0.0017204336948608498,0.0006949027105865625,0.0006116945296525955,0.0013679158741699837,0.001729870558440802,0.0018561333417892456
1597,0.002318301215432389,0.0001221890020436968,0.0014320425689220428,0.0017367382483039207,5.522811404974973e-05,0.0008140038698911667,0.00017042661490696172,9.292939738795203e-05,7.991492748260498e-05,0.0015077077142318512,0.00023521155777283392,0.00015005096793174744,0.0015634704255126225,0.0009822292942063956,0.0006561391055583954,0.0013558965009090873,0.0020411585212839894,0.0020194165408611298
1598,0.0022139964981524873,0.00028386097228708454,0.0008016377687454224,0.002379458449948302,0.0003791647324812471,0.0004123542457818985,4.560359701434591e-05,5.272286562243013e-05,3.4030526876449585e-05,0.0014298245209758073,9.593296658984979e-05,0.00036884285509586334,0.001545536013417212,0.0002785112450027251,0.00012529641389846802,0.0010639735955281504,0.0009133592942252196,0.0009947866201400757
1599,0.0012090283352266806,5.7511851439789874e-05,0.0005345568060874939,0.001766312920255586,0.00023525369507493635,0.000690113753080368,2.7827603385932598e-05,2.9216207300143075e-05,3.565102815628052e-05,0.0017175543965912005,0.0002380223871028403,0.0002262396737933159,0.0015969750318158074,0.0005685481379155586,8.599832653999329e-06,0.0006676268989977696,0.00043864230095137097,0.0007934607565402985
1600,0.0010127619189080894,0.0002379550269270593,0.0002564080059528351,0.0005638045662858249,9.878438375577822e-05,0.0006248634308576584,3.0097249856711472e-05,2.9517473751815944e-05,4.9524009227752686e-05,0.0015790217237296941,0.0010573982036792343,0.00032209884375333786,0.0011079079833812011,0.0003960468388739674,9.30149108171463e-05,0.001164658021120868,0.00032329275472274543,0.00040803104639053345
1601,0.0013556921787732934,0.00031053313316935227,0.0007061399519443512,0.0012623032228183673,0.00027285096821394114,0.0009813923388719559,8.77498759184487e-05,2.4824246032677634e-05,5.331262946128845e-05,0.002058167511426172,0.0006027280086938272,0.00017487816512584686,0.0016932670528369484,0.00012463208275132094,0.00019594281911849976,0.0023484719932105325,0.000321462891854557,0.0006824992597103119
1602,0.0007697263979359326,0.0007612308218336895,0.0009021088480949402,0.0025702052385888075,0.0011458700962686079,0.0006195399910211563,3.0229292825242893e-05,3.864209167398847e-05,3.484264016151428e-05,0.0013026488072885242,0.00043898360650467677,0.0005598245188593864,0.0015326138847739298,0.00026815533680448703,0.00042833760380744934,0.0028233179517627993,0.0006156088722235886,0.00066341832280159
1603,0.0009383189261933933,0.00043258411350063225,0.00014635175466537476,0.0009109380234017528,0.0002075455467560848,3.6189332604408264e-05,9.755574719920619e-05,1.6119642557166098e-05,2.0481646060943604e-05,0.000773672318581789,0.00025906552218381285,0.00010259728878736496,0.00039498526605576123,0.000495570253232277,4.654005169868469e-05,0.0005296299743130783,0.00045753147379166276,0.000477030873298645
1604,0.0009170528549319601,0.0005171237813551069,0.000532153993844986,0.00024325699366994913,0.0001288815287246864,0.0006018690764904022,6.378438333175251e-05,1.6796036342120197e-05,2.2098422050476074e-05,0.00029211243320000774,0.0002506808122934717,0.00022114068269729614,0.0009653666042073808,0.0015662679291448232,0.00028961338102817535,0.000551665492411646,0.0003600422475543222,5.8945268392562866e-05
1605,0.00044194955643606093,0.0006013933484943293,0.0005868375301361084,0.0005095723593948887,0.00024907464658646683,0.00047534331679344177,3.6552866382339594e-06,3.2857836089945393e-06,3.349408507347107e-05,0.000802473798895198,0.0004993938106959833,7.048249244689941e-05,0.0010352259852626708,0.0006287750172885844,0.0001985561102628708,0.0004213330284084382,8.368718202124426e-05,0.000558316707611084
1606,0.00017922582999840841,0.0001345694565241598,6.685778498649597e-05,0.00018048715499802137,8.821934132234588e-05,4.5802444219589233e-05,2.0463026552342e-05,2.2516562486691325e-05,1.5638768672943115e-05,0.0005661913464132945,0.0004364324429118535,0.00016818754374980927,0.00029684572395368564,4.076253373305142e-05,2.8461217880249023e-06,0.00017510109459137335,0.000480027259520073,0.00022256746888160706
1607,0.00010177418004914118,0.00024364279072828024,7.288157939910889e-05,5.0908826716572486e-05,4.473219175852444e-05,0.0002370830625295639,1.6084300015926575e-05,4.6797730253470655e-05,1.2408941984176636e-05,0.00180898138365293,0.001546303939937023,0.00024358462542295456,0.0016826803063384327,0.0002162774436712707,0.0001540686935186386,0.00015479583849933864,0.0009171050158533513,0.00021540001034736633
1608,4.7308817537922154e-05,0.00025189437500168846,0.0001104213297367096,0.0005182177448128655,7.294535359014809e-05,0.000581745058298111,4.5084876177181946e-05,6.844853886305187e-05,6.426498293876648e-05,0.0005310621816874694,0.0004991941435027597,0.00098327174782753,0.0008208310862404949,0.0016146047259714322,0.0003265850245952606,0.0005881598242937491,0.001388498469074035,0.0006177760660648346
1609,0.0001382190192407151,0.0005011939631559201,0.0003156326711177826,5.417357108256082e-05,2.6806238176371733e-05,4.678592085838318e-05,4.23423706001607e-05,5.605239677008685e-05,2.8166919946670532e-05,0.000507458378013699,0.00019465018385585175,0.000150216743350029,0.0007997479042713695,0.0013723763593782817,0.0005467403680086136,0.00014193492480582548,0.0011873523092812283,0.0009179934859275818
1610,0.00010860381605848346,0.0008867404938697025,0.0008572563529014587,0.00024804045261950236,0.0004246298080583591,0.0008446890860795975,6.865639771894659e-05,3.3734242467036574e-05,5.003809928894043e-05,0.000702015222294794,7.819516347232908e-05,0.0003968533128499985,0.000993449581834463,0.0010732883961646986,0.00039505958557128906,0.00047593715867916275,0.0007943000683489423,0.0012256838381290436
1611,0.0008465945178513512,0.00016756774182530645,0.0003728419542312622,0.0010017954902586113,0.000105917008612684,5.9507787227630615e-05,9.28174015090398e-06,6.496287879671965e-05,0.00011907890439033508,0.00266411406845745,0.0018623296441748899,0.0010875081643462181,0.0036194553500024096,0.002312706536609562,0.0016310382634401321,0.00042557073178461913,0.0009111848873556497,0.0016627013683319092
1612,0.0005065271459185894,0.00014759932233514989,0.00010353699326515198,0.00015888040131767367,0.0003677333578792144,0.0003292858600616455,7.973704319250499e-05,3.605757905941905e-05,1.5009194612503052e-05,0.0008167815197648448,0.0018497027644318043,0.0002769269049167633,0.001874465984510111,0.002570894814635835,0.0007900353521108627,0.0008296634653184864,0.0005878706833371619,0.0004036650061607361
1613,0.0008151907673420722,0.00011830283440334571,0.0005910024046897888,0.0011512180249352855,1.7989226017041393e-05,0.0005283504724502563,1.7180077536689195e-05,3.0563625585328276e-05,5.41098415851593e-05,0.0019990658369912415,9.601052090656148e-06,0.000309942290186882,0.001398564513556154,0.0007826713631188583,0.0003883037716150284,0.001001350130241635,0.0005140256515832609,0.0005892552435398102
1614,9.256941897806126e-05,0.00023892991314141548,0.0003899410367012024,0.00014619716345010136,0.00014571627284301614,0.00032985955476760864,2.38812413874967e-05,6.422659086996203e-06,2.5577843189239502e-05,0.002218747589485315,0.0006664840633150843,0.00018458813428878784,0.0021614651435277743,0.0008629041051515201,0.0002843644469976425,0.0009040035887361575,3.4710677464841466e-05,0.00020916014909744263
1615,0.0005398941085802411,0.00044396939339961736,0.0004519224166870117,0.0007636323836650583,0.00027756066211129596,0.00011818110942840576,6.015439486060578e-05,3.661682365157506e-05,3.789365291595459e-05,0.0007988148106580911,0.0010945261021928082,8.586794137954712e-07,0.0013180080842839087,0.0008420178722678179,0.0004172716289758682,0.0011477245288928906,0.0006874096487592338,0.0007179416716098785
1616,0.0010070524064471342,0.0003591475223194869,0.000780101865530014,0.0011815478771804167,7.805382241681327e-05,0.0008367076516151428,0.00011286804272184897,1.7262256110531964e-05,4.678964614868164e-05,0.0023269099555535966,0.0002441485123846343,0.00012685824185609818,0.0016562983720090699,5.594170891498997e-05,2.0721927285194397e-05,0.0009798621465213764,0.0002549759527160633,0.0008150301873683929
1617,0.00025432550733342496,0.00018745467158349724,0.0005178041756153107,4.00038174377948e-05,7.165246995451124e-05,0.00044301897287368774,5.871432712276428e-05,1.4894351600694194e-05,3.8158148527145386e-05,0.0012792152868584677,0.0011707632450785668,0.00020314939320087433,0.001244435193558567,0.00039298876210099466,0.000303780660033226,0.0018200489212260307,0.00021160849844118618,0.0005490370094776154
1618,0.003083444708782773,0.00015641045925104957,0.0020015500485897064,0.0028084071211801065,0.00012055448972847493,0.0016274023801088333,0.00014303459338533414,3.6257360983028234e-05,0.00014217570424079895,0.0029272344028765454,5.0520911981211114e-05,0.0006481334567070007,0.0024091873215731016,0.0003454488892918766,0.0010306034237146378,0.002301196666133598,0.0006997349148987961,0.0025231018662452698
1619,0.0023188665882475645,0.0006089772013272467,0.0020731687545776367,0.002110421113134947,0.00031582692884471117,0.001643940806388855,0.0001735310430934795,1.8074947391320643e-05,0.00016970932483673096,0.0013215362512018838,0.0002499576078148699,0.0007752971723675728,0.0016458374421242858,0.000500499390183015,0.0012311860918998718,0.0016515480469874722,0.0007242378784903906,0.0031945519149303436
1620,0.0003890947305119352,7.02959831739014e-05,0.0010957717895507812,0.0005935388314528556,0.0001895852368423677,0.0004298631101846695,9.887225354987365e-05,5.462245546379932e-05,2.6047229766845703e-05,0.0007215677565002646,0.00016992925992182634,0.0004847245290875435,0.0009142424172137731,0.000608868233048304,0.0003803279250860214,0.0005390711975198359,0.0013859787207108308,0.0003394223749637604
1621,0.0009950466711522443,2.282203770066077e-05,0.0014607422053813934,0.0013163913477267086,0.00022842122224168981,0.0014520380645990372,0.0002164008960834768,1.9690161959807486e-05,0.00015481188893318176,0.0005826817631913797,0.00011267211566614449,0.001168917864561081,0.0010306894522286308,0.0012162468485097245,0.0011631418019533157,0.0017564483004025855,0.00016157031061379834,0.00299922376871109
1622,0.002062813737666036,0.0002025687457920186,0.0014366433024406433,0.0024861498838402163,0.00018279900353299766,0.0013963859528303146,1.0141437757382396e-05,1.9051797994264165e-05,0.00010448694229125977,0.0016094693378702202,0.00129078047272764,0.0008334098383784294,0.0012194381859520279,0.0004811637007455,0.0007848907262086868,0.001190881426919005,0.00029028018358862734,0.0021174363791942596
1623,0.0005004334762290508,0.00016507316527006322,0.000391494482755661,0.0007792362819361576,0.00037625977307122194,0.0007260143756866455,6.384820113137894e-05,4.059423108077878e-05,6.508082151412964e-05,0.0006461056709675811,0.0014365512988356172,0.0007586842402815819,0.0011086168839196178,7.316543781402118e-05,0.00042682886123657227,3.820699569215269e-05,0.0006537568548340388,0.0010273456573486328
1624,8.908897269130356e-05,3.939166483103024e-05,0.0003992542624473572,0.00048104846201854623,0.00031215484332246246,0.0003955140709877014,2.5791222108040995e-05,0.00010602817539456452,2.403929829597473e-05,0.0008344712755229272,0.00081109417145344,0.00028180424124002457,0.0005682530662510718,0.000294484167243347,0.0007221847772598267,0.0010165500403004069,0.0018360399428560478,0.000493999570608139
1625,0.0013619927277918331,0.00014858279426629983,0.001680854707956314,0.0010649665203572023,2.520899120794437e-05,0.0013444051146507263,0.0001416406180870626,4.883263539590815e-05,8.585304021835327e-05,2.857247789350703e-05,0.0003537289229892382,5.127023905515671e-05,0.0005702467685888557,0.0011694399350515678,0.00041452236473560333,0.0027668486914314977,0.0008349831617368055,0.0016314499080181122
1626,0.0014223480621153028,0.00025757642652612933,0.0004498399794101715,0.002360221648037092,0.00026803414650402105,0.0009865202009677887,1.051737666024101e-05,7.205991888862792e-05,7.155537605285645e-05,0.001189023744570604,8.471823506904508e-06,0.0010361848399043083,0.0012219363368882324,0.0018292297952127827,0.00033137015998363495,0.0008427823874763707,0.0009407080204908852,0.0009626820683479309
1627,0.001438137909151399,0.0007063488695530154,0.00022550299763679504,0.0005084538280537565,2.35662331061412e-05,0.00022084452211856842,3.222942167754525e-05,3.419142565116626e-05,2.8304755687713623e-05,0.0003140654099685544,0.00022253057837953727,0.0005255844444036484,2.1815210888301295e-05,0.0008324018725305968,2.446584403514862e-05,0.0006231903733914662,0.0006500508840122377,0.0005649812519550323
1628,0.0002581226935066405,0.0004218277565126369,0.00012495368719100952,0.0011260428498650332,0.00034763201949987096,0.00044015049934387207,9.407933259424073e-06,1.7926770522548032e-05,5.484744906425476e-05,0.00020334999636686946,0.0005419452419060944,0.001182793639600277,0.0009748503404060777,0.0002923587367657057,0.0007208604365587234,0.0003246384941124475,0.00048518233345856004,0.0012325644493103027
1629,0.0006555159707951619,0.00017511900311781292,0.0004997178912162781,0.0010127905424145989,0.0004845192959662334,9.431689977645874e-05,2.926193420624973e-05,3.35065525778912e-05,9.685754776000977e-07,0.000504008303960829,0.000305680002865745,0.00035896338522434235,1.9204126030833435e-05,2.17473943607098e-05,1.5059486031532288e-05,0.00046639648803230294,0.0006247726646720353,0.00031578168272972107
1630,0.0016485873760907765,0.0005268018568032676,0.0010282546281814575,0.0014599150542278228,0.00017638344415282434,0.001056147739291191,9.114465840651467e-05,1.9268997952020302e-05,9.603798389434814e-05,0.0006863613043530323,0.00013436976728165018,0.0010944101959466934,0.000783367271393276,0.000543427849977806,0.00113711878657341,0.0006486243095019106,0.000565051105062768,0.0015791244804859161
1631,0.0012187935890892176,0.00016125665299843162,0.00019987672567367554,0.0010946167286259578,0.00022741578523589878,0.00012818165123462677,4.3123600792142544e-05,4.1939554178354634e-05,5.139783024787903e-05,0.00026137773605179604,0.0006011309024077094,0.0008045751601457596,0.0012442003171642749,0.00018520859263797956,0.0007072370499372482,0.0011809571547383851,0.0009442388144859648,0.0013832561671733856
1632,0.0011152159965094333,0.0002621498304842644,0.0002495907247066498,0.0007696720142514601,0.00011420173240794113,6.617791950702667e-05,2.311504609518386e-05,6.356098308412305e-06,2.3670494556427002e-05,0.0010376874537568886,0.0013120970831293488,0.0008561406284570694,0.0018355759351526904,0.00012255533062893557,0.0005357768386602402,0.0007223810642617567,3.598320419695433e-05,0.0011823959648609161
1633,0.0026266808773041384,9.85257557365414e-05,0.0006293244659900665,0.0026278860969201345,0.0006229655847387258,0.0018172524869441986,2.8542792169856945e-05,0.00011359703229635223,0.00015584751963615417,0.0010803537721600018,0.0017128242569433572,0.002073594368994236,0.001071771755573582,0.0010823266005047447,0.0006660129874944687,0.0021718494055451704,0.001878485732025141,0.002376291900873184
1634,0.00015612022805835957,0.0005203873845657792,9.730085730552673e-05,0.0008202475353681071,0.0008260400222154726,0.0005622152239084244,2.922084207813286e-07,2.9143865017217064e-05,1.3597309589385986e-06,0.0014156862321634059,0.000986350034507616,0.0003519617021083832,0.0007867613272162857,0.00013865586894027705,1.68774276971817e-05,0.00014152786607048162,0.00047719680585608243,0.00018523260951042175
1635,0.0011146436423631612,0.00014516884844517283,0.0003398023545742035,0.0016177421141616022,0.00027981801567697473,0.00021014176309108734,3.562856353576428e-05,1.2771252177747397e-05,0.00012971088290214539,0.00020139898688616847,0.0008253223982290434,0.0014114240184426308,0.0002401786573741349,0.0011759034823337518,0.001469561830163002,0.0007301214226446556,0.00020619402988193009,0.002181805670261383
1636,0.0008219949325977416,0.00011099874731467993,0.00020598992705345154,0.0007609482362734288,2.2561197693123092e-05,3.147311508655548e-05,0.00016860174090612377,4.653100016919088e-05,3.326684236526489e-05,0.0009468044684902491,0.00011132031598613812,0.00036315806210041046,0.0014165571188486659,0.0011582642523441065,0.00016272813081741333,0.00010354248494827412,0.0009346057189847032,0.0002011507749557495
1637,0.0012096057793518356,5.586095835417859e-06,0.0007131136953830719,0.000635965464225563,4.2607476056822496e-05,0.00046340934932231903,8.739052004776149e-06,2.198281827037402e-05,9.803846478462219e-05,0.0007376117375373498,0.0003140351865867294,0.0010126223787665367,0.0005653972580121208,0.0003392558848187028,0.001407301053404808,0.00030675326709167505,0.0004755863701714075,0.00176982581615448
1638,0.001666902765831646,0.0005073964733408598,0.0018392447382211685,0.002194883957329752,0.00016888801485289914,0.001866128295660019,0.00016818299958558727,5.7363817548121594e-05,8.900463581085205e-05,0.001906158998960468,0.0006035585082116504,0.00016591697931289673,0.0007790641715313892,0.001479658325646038,6.98436051607132e-05,0.0023753909751058067,0.0010775689448541959,0.001682329922914505
1639,0.0019809177103791153,4.4739688018935464e-05,0.0007301699370145798,0.002498681815433529,0.00012905881202290165,0.001094343140721321,5.5425022503953134e-05,1.2454980463829333e-05,9.310990571975708e-05,0.0009220899477211664,4.616452897533707e-05,0.0006706221029162407,0.0007502995541275384,0.0007910126379260789,0.00027679838240146637,0.0016461004264599899,0.00023031610304559066,0.0012840814888477325
1640,0.00044806307111042165,5.3474872809895074e-05,0.0002525597810745239,0.00033957452207239447,0.00010443542244177595,0.00022593140602111816,1.3867165560810593e-05,6.029063120403127e-05,9.443610906600952e-06,0.00047005223912176264,0.0005698533693761151,0.0003272201865911484,0.0004145211658541925,0.00043465243302385527,0.00026005133986473083,0.0005548110373973791,0.0013787821316441143,0.00017255544662475586
1641,0.0007260196386700002,5.089598812851523e-05,0.0004258006811141968,0.001184962503076148,0.0004088044113884706,0.0005815494805574417,7.302738728471106e-05,0.0001092842692818174,1.2278556823730469e-05,0.0008847915139039361,0.0015152602141084992,0.0006223032251000404,0.0010320114102501596,0.0011679642182197336,0.0006168130785226822,0.00021565742742202243,0.002045091764826975,6.911531090736389e-05
1642,0.0014481436960354366,0.000125113743736395,0.0010356120765209198,0.0015470942881739003,0.0006766485266787581,6.454810500144958e-05,5.154488382663573e-05,0.00013823607333423703,2.6736408472061157e-05,0.0024844409072062035,0.002236350193966445,0.0005945190787315369,0.0022696536802874895,0.0012431284205156245,0.0007561463862657547,0.0010336329548978895,0.002175970735741911,0.0004437193274497986
1643,0.0017932940977993805,0.00014971654971121517,0.0008605681359767914,0.0021849754773297647,0.0006763039962584885,9.33576375246048e-05,2.1566974412207812e-05,0.00016432780074473606,2.760067582130432e-05,0.002897633951798949,0.0017581502813808214,0.000508398748934269,0.0026176040220767527,0.0018491132930387021,0.00043476931750774384,0.0030399621510201896,0.002936007759065336,5.716457962989807e-05
1644,0.00018084969479997826,0.00012883426925128227,0.00022494792938232422,0.00017834542201677905,0.0007562061365898043,0.0010911524295806885,2.0407756561506216e-05,0.00016261032069207954,6.135180592536926e-05,7.532738736096278e-05,0.0011453383277954948,0.0009422395378351212,0.00020160474024548403,0.0025799777366743567,0.00012323446571826935,0.0007368960054274232,0.0027113616545834038,0.0008599236607551575
1645,0.00024683584244405976,0.0005157295169235451,0.00024262815713882446,0.00021230922708581623,0.00016481518218092184,0.000518210232257843,5.3266911190178595e-05,7.641424176080486e-05,4.87789511680603e-05,0.0009876611841009644,0.0005050488471576298,0.000616476871073246,0.0005748333217999377,0.0022090221650303407,0.00019172579050064087,0.002564068207257311,0.0011763487926600702,0.001146893948316574
1646,0.0004329362728386077,0.0002462461921946199,0.00040916167199611664,0.00016162733260949302,8.799000950144784e-05,0.00035843625664711,0.0001358442677267882,1.3743842721182422e-05,2.5879591703414917e-05,0.0013960457239649907,0.0008127743847584218,0.00036267470568418503,0.0016559316569421112,0.00038418054406740877,0.000407559797167778,1.6057666203911358e-05,0.0007296871960071755,0.0010356754064559937
1647,0.001078311074188848,0.00013402694131167334,0.0011239107698202133,0.0016927657530869666,0.00033278979853557447,0.0003377888351678848,6.128150776579973e-05,8.885236100331572e-05,1.4763325452804565e-05,0.0024605878654122143,0.0010063473036536971,0.0006127478554844856,0.0024113747130974778,0.0009901511886721915,0.0003430228680372238,0.0016062124949149936,0.0015196275284966969,7.378682494163513e-05
1648,0.0013452794006094948,0.0002686877482107018,0.0015846900641918182,0.0018113503849193635,0.00010326112825793932,0.0012539587914943695,0.00016524575590756187,5.334474871499439e-05,2.7198344469070435e-05,0.0014718629578975226,0.0013562041999021293,0.0009948639199137688,0.0012979863129302521,0.0017176338543265042,0.0006780754774808884,0.004090695251861218,0.0009234884916371165,0.00023082271218299866
1649,0.0018028768580436172,6.702812541672237e-05,0.001065172255039215,0.00141991836773403,0.0005956863661532967,0.0009323284029960632,6.139758044527988e-05,2.7243399981835125e-05,2.6699155569076538e-05,0.0006876863559840685,0.0017488893101796008,0.0013513760641217232,0.0005387875657464555,0.0014328464101758046,0.0012227986007928848,0.0021903438274214343,0.00040904431360824084,0.0008142180740833282
1650,0.00011547771047379363,0.00019587842092667895,0.0009119473397731781,0.00017073511138238073,5.7065689503102424e-05,0.0012851115316152573,7.752300563226844e-05,1.7626991795434595e-05,8.020177483558655e-05,0.0006585943272588088,0.0011473461963759368,0.0006452929228544235,0.0008724779937381022,0.0010840297982575263,0.00027894601225852966,0.0013847583579251616,0.0004037495365780963,0.0013096891343593597
1651,0.0006507249419296368,0.00032591431564852474,0.00030108168721199036,0.0005024612898768543,0.00025664053553594787,0.00022083893418312073,5.357719413092571e-05,1.4292699728543938e-05,1.5389174222946167e-05,0.0015448949264056794,0.00043253883362649737,0.0002587204799056053,0.0028096524853635507,0.001100688164475964,0.00022067688405513763,0.00175008053810502,0.0006227031398181454,0.00028117746114730835
1652,0.0008916960287687625,0.00040333851375137786,0.0006747990846633911,0.00042171982779257156,0.00026903977300126586,0.0009270608425140381,0.0001022905316414996,1.7019099077395005e-05,9.808316826820374e-05,0.00012505657890916205,0.0006328563696108985,0.000838511623442173,9.579567564562547e-05,0.0007765089401869825,0.0005844291299581528,0.0009474246879377923,8.471942479474498e-05,0.0017854422330856323
1653,0.00047817525155066654,0.00019824223164198462,0.00011346116662025452,0.0009735454603906069,6.426295511818142e-05,0.00021990947425365448,1.0699127897370944e-05,8.415807949963341e-06,6.835907697677612e-06,0.0008052112629218094,0.00016418041928075583,2.862699329853058e-05,0.00038256675142284147,0.0002297199831988875,0.00039100833237171173,0.00046098315683987257,3.396934751195846e-05,0.00015343353152275085
1654,0.0010623185543672808,0.00023909085627645335,0.0007409490644931793,0.0006803332304647636,0.00011269347008625863,0.0005123056471347809,7.560888144761066e-06,8.078655807441677e-06,2.033635973930359e-05,0.0011554505974949725,0.00010989954360988985,0.00043767131865024567,0.0015182174998798828,0.0001294582188273389,0.0001163724809885025,9.093013837638275e-05,0.0002878886750417517,0.0004086494445800781
1655,0.000768747145956955,6.571537832456356e-05,0.0008658412843942642,0.0010309005466158094,0.0002692987109430972,0.0008453130722045898,1.1057928580209334e-05,5.6012138315584496e-05,5.577877163887024e-05,0.0002230844081692121,0.00043727296533264265,0.00012560933828353882,6.51564114240652e-05,0.0014212880978528852,8.186511695384979e-05,0.0016957022671417465,0.0009954241609151891,0.0009820535778999329
1656,0.0006520707393085357,0.00037005274403659194,0.001080309972167015,0.0006173846171833863,0.0005876691429025846,0.00047960877418518066,6.392239414363537e-05,6.91264470421627e-05,2.4128705263137817e-05,0.001107792638486725,0.001043692187051616,0.0003973972052335739,0.0012240118670977795,0.000544260935703633,0.000249665230512619,0.001240758963891253,0.0011015586041350466,0.0005022883415222168
1657,0.00041015754272225036,8.387884586594924e-05,0.0012852475047111511,0.0014873713439210179,0.00019531594847324238,0.0007739607244729996,0.00018535996365161983,8.224781323655527e-05,4.3705105781555176e-05,0.0008820122492080307,0.00019662675569434573,0.0002238703891634941,0.0004631266679631929,0.000774369859896768,0.0003324560821056366,0.0006432783895722605,0.0016016503084122502,0.001497555524110794
1658,0.0020602863934629234,0.0004910736940526225,0.0013706125319004059,0.0026608526722154136,0.00012604887613611518,0.0007760114967823029,4.861485615551692e-05,9.893636289677729e-05,9.023770689964294e-05,0.0004461495231046497,0.0008532084384474878,8.952990174293518e-05,0.0005778240690598804,0.000413926664121057,0.0007002092897891998,0.0019147890023785696,0.001612161661718993,0.0015174038708209991
1659,0.002336955839171151,0.0009336056798437097,0.0013419725000858307,0.0027738442533521146,0.00038462878280186297,0.00034215860068798065,0.0001261757990045076,0.00015656628331310596,0.00010833516716957092,0.00036407160457276044,0.0016743221073263759,0.0003235870972275734,0.0006401069457160277,0.000629626520414945,0.0014494303613901138,0.0021465840255831536,0.0027002879662662536,0.0018979161977767944
1660,0.0009589520675590546,0.00043345903401886474,0.0005623940378427505,0.0011475600721799761,8.786310295748334e-05,5.773268640041351e-05,4.900483138867845e-06,5.178876497781968e-05,2.4121254682540894e-05,0.0008924585731442322,0.00035783781284286914,0.0005705608054995537,3.705680030854225e-05,2.3690238068268046e-05,6.352551281452179e-05,4.782902274744205e-05,0.001050193974633181,0.0002750679850578308
1661,0.0013233191305498104,2.5143032352258066e-05,0.0005660522729158401,0.0011401973629074913,3.2462625832847813e-05,0.0011589489877223969,3.1980805718600375e-05,9.690734747071672e-05,4.659965634346008e-05,0.0008202951271254547,0.0007581566657217723,6.670504808425903e-05,5.809838930390804e-05,3.4081812052205035e-05,0.0004897993057966232,0.0008581056799878417,0.0016049563182500004,0.00037238001823425293
1662,0.0007375971471330345,9.082632596366103e-05,0.0003877319395542145,0.0006084065755106172,0.0008743864238434929,0.0003783460706472397,6.423028103419264e-05,1.2806420577102413e-05,7.656589150428772e-05,0.0016470343842453147,0.0010422421993097966,0.0009386874735355377,0.001797814817892894,0.0006655076553784087,0.0010085701942443848,2.128926176103718e-05,0.0002183042544856885,0.0012612752616405487
1663,0.0012783464014061718,0.00039805710392443877,0.0005215220153331757,0.0013968886071852038,0.00012045117002978944,0.00028415024280548096,7.277298938979798e-05,3.377426069157627e-05,8.062273263931274e-05,0.00035967254416499617,0.0007104729630449669,0.0008706254884600639,8.954909540437317e-05,4.3022341861865404e-05,0.0011498034000396729,0.0005350655448884412,0.0006487178559175764,0.0012425519526004791
1664,0.0011347683578921686,0.0004476976402811583,0.00025057047605514526,0.00018933270317636475,0.0005750183445580349,0.00046641193330287933,7.181835155427654e-06,4.1374850087454694e-05,8.307397365570068e-07,0.0005180442466349439,0.00021117831349255767,0.00018020346760749817,0.0005965597365314365,0.0004161031264081601,0.00041916780173778534,0.0011565237779961879,0.0009749339198696291,0.00029867514967918396
1665,6.700947739579632e-05,0.00016847416276621202,0.0007059592753648758,0.0011806393129020765,0.00016663124276247374,0.0009247176349163055,9.351286139384386e-05,1.6803289468129284e-05,7.275864481925964e-05,0.000666989904350046,0.0006637898947573009,0.0004957113415002823,0.0010300172589934598,0.000244951754172113,0.0001576598733663559,0.0012740592433462816,0.0003968082068010817,0.0017063505947589874
1666,0.0004527912829386249,2.5289059378298673e-05,0.0001848079264163971,2.7224503308831416e-05,0.0002768459246294784,4.43384051322937e-05,4.960403634599389e-05,1.1583610876836e-05,3.1832605600357056e-05,0.0011790051784149602,0.00028861681900167746,0.00036681443452835083,0.0011571601032847184,0.0008564273534100927,0.0005598161369562149,0.00043765580407967297,0.00012187288571166577,0.00037800148129463196
1667,0.0008074544666915873,0.00010421671809825173,0.0003590267151594162,0.0005067745494723996,4.579788848912275e-05,0.0003039948642253876,3.3409633342067896e-06,1.9072246393047644e-06,3.39411199092865e-05,0.0009883668671908721,0.00021131657581636293,0.0003124633803963661,0.0009079091050378726,0.0003627941842560562,0.00034857168793678284,0.0008424170632901073,1.4136496187637515e-05,0.00037540122866630554
1668,0.0006519004007476126,0.0001307175368900279,6.662867963314056e-05,0.0007599568989728744,0.0002966857087262978,0.00026863254606723785,5.554290291933349e-05,4.8610217269738805e-05,2.0965933799743652e-05,0.0005336754788386674,0.0002596975312741598,0.000184754841029644,0.0008362780630363706,1.628809227592013e-05,2.395734190940857e-05,0.001135139438338234,0.001027428199123978,4.7262758016586304e-05
1669,0.00036632242392320435,0.0004159064553332578,0.0003245938569307327,0.0015192785068158243,0.0002981966844617552,0.0006603952497243881,9.9685726067094e-05,3.273242305139269e-05,7.495656609535217e-05,0.0014789561471257942,0.00033008369049465636,0.0009223837405443192,0.0016891347644984109,0.0009224944156572988,0.0005338788032531738,0.0003087699162412638,0.0002733432170729799,0.0013469047844409943
1670,0.00025461226515338664,0.00011344018494864605,5.4525211453437805e-05,0.0006726595631929011,0.00013502218642851005,0.00012315250933170319,4.1463160190789716e-05,8.609170929292989e-06,3.049895167350769e-05,0.0021399735108253853,1.3586312332197759e-05,0.00037701986730098724,0.0015888070333041696,3.552088573133619e-05,0.0003286357969045639,0.0004057035548326038,0.00037453664965066136,0.0009068325161933899
1671,0.0035209488422681956,6.404890439681843e-05,0.0005631204694509506,0.002496307348724247,0.00018773931046522918,0.0009229741990566254,8.553934924458717e-06,3.3880681967080484e-05,0.00013666599988937378,0.00039767921603044154,0.0006454341941233774,0.001408543437719345,0.0005464966981247946,0.00042696864301394397,0.0010734125971794128,0.0037677131723136137,0.0007991209356644075,0.0015535242855548859
1672,0.0007187080196034146,2.7095311280415924e-05,5.5845826864242554e-05,0.0006204298163512978,0.00011588736999402355,0.0002288036048412323,5.909737876388932e-05,2.9455884274531483e-05,1.0248273611068726e-05,0.0005849608780845381,0.0007835250774762131,0.00022956635802984238,0.0009183461658592643,0.0011299141583343622,0.0001666788011789322,0.0004103641442293471,0.00035991331404206656,4.707649350166321e-05
1673,0.00033031746680245444,9.419481982994582e-05,0.00027532875537872314,0.0008388350308306536,0.0001244262948955424,8.101016283035278e-05,2.0566243577676765e-05,2.7302643144094287e-05,1.627206802368164e-05,0.0004820689244031673,0.0003937041425172011,5.536805838346481e-05,0.0008433102598913375,0.00024245055190479092,0.00029819272458553314,0.00046288210702361,0.0005253394818165585,0.000204429030418396
1674,0.0005102854851850025,0.0001213275229872135,4.743412137031555e-05,0.001258469090801767,0.0003257650810584503,0.0007934365421533585,8.011739319001981e-05,6.740644768652316e-05,8.051842451095581e-05,0.00031918384565834956,0.0007746895353317323,0.001218266785144806,0.00021970348093704184,0.0002840008518719978,0.0002939607948064804,0.0005019202663553157,0.0009599664830654137,0.001504894345998764
1675,0.0005079672814093661,0.00037780157894024696,0.0009592212736606598,0.0002752033985677915,1.7420831204983944e-05,0.0006529968231916428,0.00020995323537667185,2.1544945345026295e-06,2.898275852203369e-05,0.0004621115981949461,0.0011651123349939799,0.0010416097939014435,0.00012032506597439013,0.0002967072567401255,0.0008649900555610657,0.001450658081567413,3.766684378188334e-05,0.00013532117009162903
1676,0.0012637250065782313,0.00014476000161477154,9.834021329879761e-05,0.0010906123036399373,6.608327414410475e-05,0.00016503594815731049,3.2638844614298404e-05,5.39927940396449e-06,7.714331150054932e-05,0.0021877866668307613,0.0001892302875019375,0.0009999601170420647,0.001835722626143746,0.000287078217696845,0.0008728653192520142,0.0007189096857168897,2.8721199608172654e-05,0.0016284361481666565
1677,0.0007581166005383722,8.636450687564759e-05,0.00018091872334480286,0.0009899035252211863,1.8309767913036318e-05,0.0002518724650144577,8.653169998632318e-06,6.155627431420497e-07,5.693361163139343e-05,0.0001902640679840098,0.0005586051711925846,0.0007723988965153694,0.0006449323177767433,0.0010012483069781032,0.0006149504333734512,0.0014284761289665437,0.00018131660556457846,0.0009409524500370026
1678,0.0012502298017009195,0.00014434772969296877,0.0007099956274032593,0.001597083048945902,4.5047067883177694e-05,0.0005733706057071686,6.375160553375239e-05,2.2618109219137714e-05,4.702061414718628e-05,9.425720151208516e-05,0.0006219240280024504,0.00017903652042150497,8.275208736885364e-05,0.0003403841293881625,0.0003028362989425659,0.0003483803275412811,0.0004935870088631049,0.0010113567113876343
1679,0.0006524987329378784,4.5749572068192607e-05,0.0007926113903522491,8.480740428390421e-05,7.72473911150734e-05,0.001063559204339981,0.00012956549053022744,6.512398362932669e-06,3.484264016151428e-05,0.0014917853953975366,0.0002220986931699212,0.0001303432509303093,0.001364665336815278,0.0010221116155973292,0.00043438561260700226,0.0020219877273050524,3.6763874876156316e-05,0.0006562694907188416
1680,0.0021204317243857795,0.00020664093631840574,0.0008836723864078522,0.002803552749305549,0.0003431486765889981,0.000237954780459404,7.314340952069981e-05,7.902009289259201e-05,5.307793617248535e-05,0.0020271438840295045,0.00041590237686546516,0.0003959396854043007,0.0015231541266395102,0.0010471070164891827,0.00036022625863552094,0.0006289828782921059,0.0017365576519030382,0.0010273084044456482
1681,0.0034223246109559846,0.0001383450856838192,0.0017880424857139587,0.0026060802268049743,2.458924599479939e-05,0.001715315505862236,0.00021579759402604905,1.6911332320927817e-05,0.00012185424566268921,0.0039030328253968835,0.0013285522131692012,0.0003335149958729744,0.003787092879704211,0.0007457138636071175,0.00040511973202228546,0.004696071818853023,0.00046895484016722805,0.0018684640526771545
1682,0.00042052282333585045,0.00020226967601253212,0.00017557293176651,0.00041999961972619126,7.094850729976593e-05,0.0002784896641969681,8.004593162557784e-05,2.206945200981976e-06,6.280466914176941e-05,0.0011583556705419273,0.0002869747995402627,0.0009332979097962379,0.0011061639649138644,1.2582874920785692e-05,0.0011063143610954285,0.00039566729697969316,0.00021616270809802357,0.000913519412279129
1683,0.0031874266670476326,6.0819453320305056e-05,0.0013863742351531982,0.0032005848111211765,5.9169492693387366e-05,0.0016655158251523972,3.634432993538522e-05,7.262581393341306e-06,0.00010650232434272766,0.0013263617641386463,0.00035031237152841066,0.000721869058907032,0.0014949841913411213,9.685815032983193e-05,0.0003627203404903412,0.0030780291829919093,7.248897552985384e-05,0.001626715064048767
1684,0.0007596746403570331,0.00040673247059590245,0.00040461868047714233,1.626153821787657e-05,0.00017857801070763485,0.00020247697830200195,0.00014742833793918338,2.380071374839289e-05,2.2932887077331543e-05,0.0014068817214224136,0.0005556204795388736,0.0002639526501297951,0.001099497954952837,0.00024628325075613626,0.00011315755546092987,9.570160286928586e-05,0.0007856892351774947,6.748735904693604e-05
1685,0.001719593093364502,0.000226878197750989,0.0019332878291606903,0.0014493255921826098,0.0007552209524745515,0.0012774839997291565,0.00013350574303143924,0.00010493393162868086,9.545683860778809e-05,0.0022015124562345945,0.0010693226021416813,3.8922764360904694e-05,0.0013876680645537529,0.001072381670866828,0.000813772901892662,0.002464952981188026,0.0018104800211784476,0.0015293024480342865
1686,0.0012115415355009596,0.00019843514413124888,0.0003391839563846588,0.001173601477237135,0.00037493028751221444,0.0006592702120542526,2.903189818176735e-05,3.3276996907470255e-05,5.043298006057739e-05,0.0011637870906662726,0.0006335215003359165,0.00022548343986272812,0.0004079022609189409,3.0258228004534544e-05,0.00019375421106815338,0.0013001903733127623,0.0008484223456521472,0.00043839216232299805
1687,0.0007068298628076231,2.8644498484570874e-05,0.0005975998938083649,0.0012785760716315653,0.0002949540149219561,0.0007515344768762589,0.00013100165239340877,1.896500130379726e-05,5.772337317466736e-05,0.00036062280211613534,4.733745989637939e-06,0.0006266161799430847,0.00019607241390225127,0.00030690233496944667,0.0004578661173582077,0.001762303855916414,0.00043221511227557394,0.0008027441799640656
1688,0.0011545274495961821,0.00024625995005634477,0.0006100013852119446,0.0006348364739428014,0.00014273782117963166,0.0009109936654567719,0.0001110172176622265,1.2635437632708057e-05,6.499141454696655e-05,0.00034994821311503527,0.0009014383956901656,0.0008431179448962212,2.7503611308120346e-05,0.0007433354805249752,0.0004861019551753998,0.0007688174803205244,0.0003893780873576412,0.0014599785208702087
1689,0.00042961146204784084,0.0002712575675560859,9.405985474586487e-05,0.00046128703249406766,0.00018829965121735376,3.777816891670227e-05,2.006402034711134e-05,1.87508280413062e-05,6.609410047531128e-05,0.00010306825303860179,0.0001588660663041988,0.0011041229590773582,8.46344122224646e-06,0.00040817643894127753,0.001122666522860527,0.00037795092061559954,0.0005869842125613735,0.0006333068013191223
1690,0.0003895992893460931,0.00023997954226914406,0.0002414695918560028,0.0012925740139307085,3.353978872101121e-05,0.00025585293769836426,2.9225358667549564e-05,1.3629627509313853e-05,5.66430389881134e-05,0.000971929732367427,0.0007903560569547108,0.0009383326396346092,0.00026455695452590883,7.583777622478761e-05,0.0009340830147266388,0.0004094254525228297,0.00011524819276987133,0.0010032318532466888
1691,0.0009602242215022705,1.9887950339268767e-05,0.000448424369096756,0.0010490688446834762,2.342276284206246e-06,0.00024247542023658752,6.96842573735118e-05,3.3122062305889844e-05,2.09026038646698e-05,0.0008725658042193218,4.3588628545546126e-05,4.674680531024933e-05,0.00101411380138592,0.00018993571995110353,0.00030623748898506165,0.001748221329156155,0.00046661632031484365,0.0007672049105167389
1692,0.0022722084520176433,0.00012193826684629358,0.0008666031062602997,0.0019219534696073848,0.0001073064317745065,0.0007891245186328888,4.5613623061767014e-05,1.6847001128670464e-05,7.476657629013062e-05,0.0015103327124126806,0.0003237559209031543,0.00016547273844480515,0.0009706071978451969,0.000417748619342071,0.00029830262064933777,0.0016358326991362249,8.249096447900117e-07,0.0009141899645328522
1693,0.0006756142740797222,0.00010815076107007285,0.0005969405174255371,0.000402899637755888,0.0005200107064817147,0.00034653767943382263,0.00011371202425376585,1.93244956674984e-05,2.9575079679489136e-05,0.0013690700731876018,0.000945347878059645,7.481873035430908e-05,0.001393159711700738,0.000503349817804536,0.0003565959632396698,0.0010003289350874606,0.00029814833112575337,0.00031368061900138855
1694,0.003062911915388017,0.0003049122493492193,0.00016365200281143188,0.0021280571868242115,0.0002370676539335398,0.0007121823728084564,5.279505846879709e-05,7.080434657752302e-05,6.918981671333313e-05,0.00126535459073409,0.00018226176779721076,0.0002949526533484459,0.0012120877248949988,0.0005773769649351731,0.0003476012498140335,0.0021383223933461176,0.0014365512000513551,0.0003241822123527527
1695,0.003489902623529606,0.00021660436139969014,0.0017122812569141388,0.0022662436871645764,5.1369271158719504e-05,0.002027299255132675,0.00011660931391489077,4.462751883417635e-05,0.00014322996139526367,0.00018587587529758642,0.0008021399624038097,0.0011123772710561752,0.00038441871005097383,0.0003775379688636853,0.0006335284560918808,0.0030156359718300912,0.0007685164770909365,0.0017909035086631775
1696,0.00010115736750018756,0.00020783667186367177,0.0005344077944755554,0.0007995088171793563,0.00028531819296631275,0.0002934597432613373,5.047145515139559e-05,1.8338893159298595e-05,1.631304621696472e-05,0.00053940630380548,0.0004631175970418455,0.00041843485087156296,0.0006486531252693634,0.00018490484707801846,0.0005822144448757172,0.0010398608624325179,0.0003998287107421644,0.0003727227449417114
1697,0.00016688003741666124,0.00017859436576863133,0.0002823173999786377,0.00043490429756631865,0.00013058396442433562,0.00019530579447746277,5.365777741299024e-05,2.2271574126396087e-06,3.9663165807724e-05,0.00032992497511862007,0.00015473260080768603,0.0004936717450618744,0.00011432908909908557,5.202656726821476e-05,0.0006648432463407516,0.0008754552648550656,0.0002401437341762666,0.0006787925958633423
1698,0.00010098670080946337,0.0003374691485388652,0.00016064941883087158,0.0002367017810205596,0.00020082656773055818,0.0004795677959918976,1.1704796605040146e-07,4.742407749779281e-05,4.3369829654693604e-05,0.0006102125536200861,0.0013708448356259187,0.00020069163292646408,0.0006903301161795064,0.00011088103809523721,0.0002848748117685318,0.000969862512841202,0.0007549296836277704,0.0006473623216152191
1699,0.0002109826778562418,8.043634029358468e-05,0.00024519115686416626,0.0003482958870233699,0.00013469534702249472,0.00023513101041316986,3.580838836350804e-05,2.5790443690437833e-05,1.0505318641662598e-05,1.2437717626552491e-05,0.00029133677054177937,5.561206489801407e-05,8.721834570121767e-05,0.0001941597681691578,0.00012819655239582062,8.961669044683929e-05,0.0004706900493533679,2.0731240510940552e-05
1700,0.0008723862431430363,0.00012773771343010595,0.000639740377664566,0.0007594429067941944,5.387763848635138e-05,0.00038575008511543274,9.512387991604705e-05,3.891737723793888e-05,6.120651960372925e-05,0.0008514181042408239,6.693027142540969e-05,0.0004864223301410675,0.0011504661618699646,5.761653751298716e-05,0.0007134098559617996,0.002022723330895787,0.000486790109434386,0.0013633668422698975
1701,0.003819479928344749,3.328464954493321e-05,0.00043451786041259766,0.00303045380404926,0.0005760189115118081,0.0005021039396524429,0.00016181576961234352,8.060073632578171e-05,3.923475742340088e-05,0.0018971233536209386,0.0019167779062312165,8.169561624526978e-05,0.0027036459890658546,0.0022537412466060312,0.0002396702766418457,0.003985915373215146,0.0012229061670990596,0.0001696161925792694
1702,0.0018805400061809308,0.000532614390350579,0.00027506425976753235,0.0024845412164870018,0.0002115852885603911,2.057477831840515e-05,2.633517712590655e-05,5.583639157835489e-05,3.758817911148071e-05,0.0003755797414069714,7.40134696819092e-05,0.00039655156433582306,7.22592137087294e-05,0.00013782820117088593,0.0006948113441467285,0.001641944293778591,0.0009282609131885458,0.000375308096408844
1703,0.0011651567576723698,0.00011665827175684138,0.0007507205009460449,0.0007314044136125242,8.367855136234836e-06,0.0010976046323776245,6.540778959961829e-07,4.3616406147953604e-05,0.00011800974607467651,0.001469564286685758,0.00047329094037290576,0.0011930344626307487,0.0010977023509601072,0.0010052125782124095,0.0008371733129024506,0.002101040163904,0.0006691010292330136,0.0018289126455783844
1704,0.00045061485205150076,0.00025785282821723376,0.0006024911999702454,0.001027390484149543,8.600922844343231e-05,0.0006304476410150528,0.00015008941603204644,2.8395565529758943e-05,6.29425048828125e-05,0.0010124392785711284,0.00036753118159733866,0.0004506930708885193,0.0010548887187601663,0.001679541093693485,0.000485466793179512,0.001968469119346311,0.0005459108812262935,0.001316368579864502
1705,0.00024286304210616172,3.469598583982422e-05,0.000329677015542984,0.00014358260220379004,0.00010821944511869505,0.0002311132848262787,5.422110843262412e-05,4.6028919938247365e-05,2.203509211540222e-05,0.0011161319944853823,0.0008452798711537993,5.588307976722717e-05,0.0007072224892141071,0.0011056333581246948,0.000668991357088089,0.0005102575407528315,0.0008986887399915003,0.0003895573318004608
1706,0.0011070988373806656,0.0002389740081741136,0.001080930233001709,0.001264152450585948,5.404273269391316e-05,0.001248180866241455,7.0218000611591e-06,4.332136927059438e-06,6.863102316856384e-05,0.002439231079958505,0.0008686241306304701,0.0005111079663038254,0.00229496226581654,0.0003812980999572191,0.0002794582396745682,0.00044012942446801373,6.57397840952284e-05,0.0009222961962223053
1707,0.0008014682502601178,0.00037555184260992455,0.0006161779165267944,0.0012694983712467633,0.00023941583953622503,0.0006410852074623108,1.3610695093377659e-05,2.64516539486611e-06,6.588175892829895e-05,0.00012993736363350883,8.675721230533284e-05,0.0006630420684814453,9.680082330181666e-05,0.00022815449753641522,0.000551735982298851,0.0006553266900040794,7.86263710488011e-06,0.0009127967059612274
1708,5.7293132815272596e-05,0.00028573788018889865,2.8464943170547485e-05,0.0001430226394949774,0.00016284197539864417,7.77803361415863e-05,3.0355042676578556e-05,3.819931319415902e-05,1.568719744682312e-05,0.0014597348181430991,0.0013060775207236405,0.0003154035657644272,0.0004017882317202473,0.0009600152042488789,0.000538017600774765,0.0008853386907020089,0.000746350568872671,0.00047348812222480774
1709,2.039659118940884e-05,0.00024044616676644967,0.00011388957500457764,0.0006386425742186952,0.0004362336577433436,0.0002911146730184555,4.908380765508355e-05,5.007931590773982e-05,1.73225998878479e-05,0.0004939652816569676,0.0005412601668585773,0.00039343908429145813,0.0004744897402989695,0.0007720052678349782,0.0001314077526330948,0.0004359636416451512,0.0009175393717666819,0.0005597919225692749
1710,0.00014911766687875083,3.684762371106154e-05,5.8691948652267456e-05,0.0006362331025652201,0.0002524109169272405,0.0005343873053789139,7.934901757721685e-07,0.00010067802195509734,1.2062489986419678e-05,0.0007994695477797145,0.0013341240191005674,0.00023999065160751343,0.0007220670514883135,0.0007075542561398324,0.000544864684343338,0.0006443699336626391,0.0016851625704913595,0.00018298253417015076
1711,0.0021502951591699515,0.00022170936542493386,0.0003363899886608124,0.0026432185869271208,0.0005313396602888848,0.00030685029923915863,2.600097000792119e-05,0.00010669819819968292,2.625212073326111e-05,0.0007298395439551339,0.00014220627307363204,0.0010571861639618874,0.0013367691439161652,0.0004528499740301256,0.00037556886672973633,0.0022798517861669643,0.0017179792547269562,0.0010220631957054138
1712,0.003137935459803426,4.444121092199785e-05,0.0021011605858802795,0.00335520997438174,0.00018776481231881637,0.0018445588648319244,9.534289469949504e-05,8.042185719380575e-05,0.00014171749353408813,0.0008304498519221756,0.0005985605096661822,0.00043593160808086395,3.743096059172224e-05,0.001515078924244578,0.0007566697895526886,0.0036667585211800496,0.0015887869590589451,0.002624068409204483
1713,0.0011913438437349821,0.0004564768180333363,0.000681806355714798,0.0017290618851261152,0.00027209242756606744,0.000659869983792305,3.914559021715551e-05,6.246193205300182e-05,1.5117228031158447e-05,0.0021150169484981385,0.0014415488900725096,0.0002126842737197876,0.0009378894468879337,0.0017546522109733523,0.00012113898992538452,0.0016320553259530496,0.0012330164921029521,7.906556129455566e-05
1714,0.0009704923260947518,5.3610665799029567e-05,0.0009820610284805298,0.0008909967068432556,5.6998238039673854e-05,0.0010597817599773407,2.662612967289403e-05,1.4562364436792674e-05,6.726011633872986e-05,0.0021537034976321853,0.00159787881251712,0.00038271211087703705,0.0018387653218828806,0.0006814412276817949,0.0004937630146741867,0.0019680965637598885,0.0003544158125473873,0.00015792995691299438
1715,0.000677357052826455,0.0003540117199402962,0.00037724897265434265,0.0004526952353012814,0.00022667895565133683,0.00046632811427116394,5.822793191657266e-06,8.032985333120699e-06,3.5177916288375854e-05,0.0013391507066401256,0.00011624651559629523,3.269873559474945e-06,0.001130929625519396,0.0004476690139914308,3.2456591725349426e-05,0.0009739264278684767,6.278300433444628e-05,0.0001942962408065796
1716,0.0010038786491961271,9.220708333503719e-05,0.0008937269449234009,0.0006979761614758773,0.0005184772503872108,0.0007236655801534653,0.00011885376747207063,8.674502082412286e-06,3.805384039878845e-05,0.0007432299586255658,0.0010970781096687893,0.0001040799543261528,0.00036221656496116666,0.00034888316620236125,4.721060395240784e-05,0.0013540169002077412,2.151516161794792e-05,0.0005000382661819458
1717,0.002288485253108735,2.792990883855595e-06,0.00043879076838493347,0.0017754218683019296,0.00018048587549194736,0.0005455352365970612,1.9485240832289516e-05,3.7205701439145056e-05,0.00013500452041625977,0.0024926586977552373,0.002187752716043788,0.0013094432651996613,0.002000104996352149,0.00025773988882136795,0.0012629441916942596,0.002062415405081064,0.0004770652450498056,0.002333682030439377
1718,0.0002980651335264539,0.0001254480768624125,0.000395260751247406,0.0007438970596393979,0.00034141772174968443,0.0003328640013933182,7.434917833658641e-05,3.2051508265136096e-05,8.182600140571594e-05,0.0019546373304358683,0.0009405157398573519,0.0011422401294112206,0.0014560941121006463,0.00042249710859980187,0.0012786388397216797,0.002100822378173106,0.0006447900102649895,0.0012957379221916199
1719,0.0006371682951376023,2.9972014507252676e-06,0.0005332343280315399,0.0005231832061793895,0.00024487016826676283,0.0002956576645374298,6.376345392643604e-05,5.5482433769241156e-05,2.8505921363830566e-05,0.0002823964771622167,0.0001344996243813415,0.0003993762657046318,0.0003313408420813832,0.0005742861025641258,0.0006598420441150665,0.0016119534839934696,0.0006201971373442257,0.0004887618124485016
1720,0.00025203709584373235,1.558638321744188e-05,0.00022688135504722595,2.8277022406653085e-06,0.00046376221560275044,0.0005269888788461685,3.3304724794073343e-06,3.781970504000958e-06,3.057718276977539e-05,0.0009239621709860937,0.0002754321380423058,0.000387837179005146,0.00042318109233858286,0.0009460140109744403,0.0007595885545015335,0.0010356314730497473,0.00030457388652991094,0.0009462460875511169
1721,0.0007454696400764627,0.00018750926205629917,0.001577114686369896,0.0016247858399515425,0.0003056192589203262,0.001021483913064003,0.00015319127674582114,0.00012231060003086965,2.5447458028793335e-05,0.0026100046897490972,0.0017716771563847308,0.00036234036087989807,0.0016055857322555198,0.002205319039122135,0.0003370121121406555,0.0017315981204716752,0.0021042579035391584,0.00024257227778434753
1722,0.00484047137141666,0.0002758630940594316,0.0017981324344873428,0.00496306116809761,0.0001473618176736774,0.002267880365252495,2.6626049240372276e-05,3.091842509952243e-05,0.00016862526535987854,0.00251991805447499,0.0005111792055531375,0.001246788538992405,0.002027341516176645,0.0014465171357032573,0.0007939189672470093,0.0027280215761211896,0.0003743729400227172,0.002751387655735016
1723,0.002981773390937581,0.0001708665522837452,0.001743800938129425,0.0022679206147685482,0.00012550736019562372,0.0016463175415992737,0.00012799190561584885,3.580803379731783e-05,0.00016344711184501648,0.0007525177127459468,0.001136494239207704,0.0010979268699884415,0.0010842974558144883,0.00048628235179059426,0.0011557526886463165,0.0015170562530509857,0.0003563082396162362,0.003402162343263626
1724,0.0012630529530391066,6.996888084430039e-05,0.0001983214169740677,0.001764727826388146,0.00015827402675342578,0.0002778470516204834,1.810850768647898e-05,3.4476079234461304e-05,1.000240445137024e-05,0.000992595444154816,0.0013566798356270532,0.0005188984796404839,6.93248916122241e-05,0.001986811853562819,0.0004626549780368805,0.0014242717545756844,0.0005955702347337222,0.0004517994821071625
1725,1.7204509678347968e-05,0.0006357013417553452,4.063919186592102e-05,0.0002788982882215296,0.0001257490626256838,0.00026418454945087433,0.00010747541394192338,6.529215866243627e-05,3.807246685028076e-06,1.9719364070303058e-05,7.85999886166594e-05,0.00012789294123649597,0.0002567426852976007,0.00032651419001486666,6.238743662834167e-05,0.00046985969202513467,0.001291379092870415,0.00023887306451797485
1726,0.00010205272975730151,0.00033198305480473464,0.00018175877630710602,0.001098742202862657,0.00040302312084604386,0.0008409172296524048,1.4801113006390754e-05,4.010571532754603e-05,6.746873259544373e-05,0.0006448006980865686,6.520801101655982e-05,0.001315586268901825,0.0004938015693065415,0.0007836585019149953,0.0005250908434391022,0.0017261816495569016,0.0005880714110465257,0.0010937228798866272
1727,0.0003835487744469068,0.0001318313384508496,0.00015647150576114655,0.0008127322565378847,8.445785944692988e-05,0.0003809891641139984,3.534038546150302e-05,2.3584777313111552e-05,5.7656317949295044e-05,0.0013773915887944702,0.002153990458455317,0.0009273290634155273,0.001127612686280241,0.0004708715543771634,0.000787319615483284,0.0002511533502920771,0.0003803379604650006,0.0014816857874393463
1728,0.0003523507000205428,1.3926240181941218e-05,0.00048436783254146576,0.0009250984671429485,2.5606553852270536e-05,0.00030146539211273193,7.538430657744524e-05,2.6151918641247355e-05,2.1554529666900635e-05,0.0013443611455866283,0.0003373904012707457,0.00048055499792099,0.0015543294439262015,0.0008502861699780356,0.00019700080156326294,0.00024053061624024208,0.0004081580224159359,0.0005442202091217041
1729,0.0001282896173361303,0.00010913546043703204,0.0005081240087747574,0.00015613179906964758,0.000504422610166852,0.0001237131655216217,1.8130191583309863e-06,0.0001149455630909933,4.0259212255477905e-05,0.00013585145721804748,0.0015547732685085927,0.00010174699127674103,0.000675399416303811,0.0012353185982664754,0.000698581337928772,0.001335726077334884,0.0017611481387033237,0.0009249076247215271
1730,0.0025007466217213115,0.00018468650988324314,8.42846930027008e-05,0.0023210004016101238,8.920650778684869e-05,9.313598275184631e-05,0.00016697474570114175,3.6857700843959855e-05,6.30505383014679e-05,0.001970907939514821,0.0011736421152403129,0.0006656693294644356,0.0017685226689845499,0.0006288190796521279,0.00081639364361763,0.0001870130910484047,0.0005130712427715775,0.0005801953375339508
1731,0.0004459475623612985,0.00026796430131918736,0.0003693774342536926,0.00028096079019568343,0.00022208827898066372,0.00039312243461608887,3.846212268312707e-05,9.013716525583648e-06,4.3004751205444336e-05,0.00021368741482800935,0.0011309593494534184,0.0009131254628300667,0.0005097569972114177,0.0004975091589491474,0.0010272711515426636,0.0005233503577178333,7.036909469441271e-05,0.0009609721601009369
1732,0.00102491467005289,2.196090778958798e-05,0.00029456429183483124,0.0003981615143006656,0.00012040090786161542,0.0001560002565383911,1.6891627253566577e-06,8.44148848492092e-05,5.017966032028198e-05,0.00014973015657342853,0.0013600136373226324,0.0003939894959330559,0.0006940513671188642,0.0006116950550606407,0.0009788107126951218,0.00041544444984303874,0.0016032639651665272,0.0012545585632324219
1733,0.0020327441213941755,7.977305906649995e-05,0.0016755368560552597,0.002790581815785176,6.078214767495094e-05,0.002004822716116905,0.0004135038218533102,3.6354285146240548e-06,8.77082347869873e-05,0.003601210567418446,0.0008895389711666563,0.0007264250889420509,0.004158198709998694,0.0007695807836969049,0.0012836921960115433,0.00369283555555662,8.271653011691221e-05,0.0013687387108802795
1734,0.0019055297852800246,3.117148956165855e-05,0.0007945764809846878,0.0020353045536435632,0.0001774743148257249,3.711134195327759e-05,0.00014436798071974094,0.00011925565175153769,4.839152097702026e-06,0.0010837426759960009,0.0008230742133812224,0.0010608788579702377,4.47742530547135e-05,0.0030664147941551548,0.00021323002874851227,0.0007884188709258444,0.002370981527508507,0.0005054138600826263
1735,0.002137563997309272,0.0003309214373017691,0.0010550320148468018,0.0016080066908369661,0.0005763054868056505,0.0005492269992828369,4.18654145152679e-05,5.2280690839439075e-05,9.153410792350769e-05,0.0004072943913183552,0.0007179700360822189,0.0001067090779542923,0.0005464535271028151,0.0010022764102709525,0.0004803556948900223,0.002137340473184951,0.0011088460876933423,0.0022992976009845734
1736,0.0014397328397648679,9.241978071794846e-05,0.001445164903998375,0.002214643934272703,0.0005451701012328738,0.0014964062720537186,8.818828569283343e-05,7.251983864953269e-06,9.810924530029297e-05,0.00010243055281344837,0.00101040614858168,0.0005318447947502136,0.0007193780934886956,4.174704278679404e-05,0.0003904830664396286,0.0014809685491999902,2.34989365092593e-05,0.001844022423028946
1737,0.0015159344384345075,0.0006217644211893199,0.0002559404820203781,0.001061740076943457,0.0015910718736593735,0.0006924774497747421,2.2290702500486065e-05,7.131128786379563e-05,6.392225623130798e-05,0.0003602746822990513,0.0010895851165803327,0.0013374527916312218,0.00019297336046451147,6.068263309580695e-05,0.0020109862089157104,0.0020294601723138406,0.0015672093810225607,0.002029258757829666
1738,0.003459597753488808,0.0002275128100444057,0.0009154025465250015,0.00359974173978328,0.0004599139044949782,0.00129806250333786,6.362508987981137e-05,1.6293929624717606e-06,0.00019869953393936157,0.0011225881748354108,0.00023044270071991696,0.0019291369244456291,0.0004896275971673081,0.00023635014707168965,0.0014893542975187302,0.003137542107741892,0.00013247834107110376,0.004139766097068787
1739,0.00133082773060339,0.000639673755813551,0.00018328428268432617,0.0005520092219515049,0.0017275571154312108,1.4081597328186035e-06,3.441891577569793e-05,6.240302161249385e-05,6.072968244552612e-05,0.00042167684437394853,0.0003585707524581608,0.0008472772315144539,5.4708809616076104e-05,0.000973489208287613,0.0005467012524604797,0.00030587210820540167,0.0010793293697768658,0.0011293590068817139
1740,0.0016059241004309777,2.4950264405181055e-05,0.00040085799992084503,0.0024516281212982882,0.00036007236461588557,0.00044442713260650635,0.00012678189492680396,3.388444866624855e-05,8.788704872131348e-05,0.0009377321085709961,0.0015637470611425258,0.0014340272173285484,0.0005905503158697423,0.000181954616873683,0.0013343952596187592,0.0010281358363924409,2.540318677165393e-05,0.0017046593129634857
1741,0.00032180028017922413,0.00020031248327969514,0.00015784800052642822,0.000643242156493723,0.0003270838981191543,0.0007778611034154892,4.180366146637991e-05,2.7534473077977248e-05,1.7501413822174072e-05,0.00027992110574485973,0.0007561506127977541,0.0002450072206556797,0.0002865575085971919,0.00037375642431208486,0.0005601570010185242,0.0005068940650790332,0.0006601407115893465,0.0001680999994277954
1742,0.0005500579561323327,0.0006539272350146105,0.00016948021948337555,0.0010365138504352667,6.937541426003252e-06,0.00013892725110054016,8.444081950141277e-05,2.7287316395333732e-05,2.6106834411621094e-05,0.0002284151826994832,0.0004472758595178705,0.0005072019994258881,0.00016236123462810143,0.0009258812757075522,0.00023901835083961487,0.0005668391897269143,0.0005210804332671896,0.00014102831482887268
1743,4.002302321323703e-05,0.000261421506934173,0.0002321377396583557,0.0006404178885645595,0.00031957539274935637,0.00017402693629264832,3.131604631675944e-05,2.6929178050562113e-05,1.747533679008484e-05,0.00017439246969560424,0.0003957821379185211,0.00010096980258822441,0.00025534948529234297,0.001137948470276838,0.00024526193737983704,7.958635323623842e-05,0.0004501195216267337,0.0006943941116333008
1744,0.0005997995272860046,9.459770186440175e-05,0.000598270446062088,0.00031688593201123494,6.614152732552225e-05,0.0010349731892347336,0.00019708524134372588,2.382995318628094e-05,4.8469752073287964e-05,0.00036345913192210866,0.0010695724201975898,0.00010937731713056564,0.00029406260271673534,0.0001691239083928481,0.0007589403539896011,0.00011025086738933321,0.0002930891704633169,0.0014356523752212524
1745,0.0010671122835097524,0.00019180105296424943,0.0001786649227142334,0.001314709857641011,4.133975700657336e-05,0.0001385137438774109,4.046566976585904e-05,3.1382452845839974e-05,5.774199962615967e-06,0.0004374642037611731,0.0010290577525675013,0.0001835334114730358,0.0005023335376284355,0.0019140401306883999,0.00017063692212104797,0.00010880320091291584,0.0006874241671983687,0.000278521329164505
1746,0.0005597729222309444,0.000416192873854207,2.8537586331367493e-05,0.00041455917929053565,0.0004005656721152544,0.00010052882134914398,0.0001245705437366018,3.519685417293283e-05,1.370161771774292e-05,0.0006681980108308172,0.00011741846337717798,0.00025103986263275146,0.001196080241548901,0.0011738218969818458,0.00022114813327789307,0.0008353874089372937,0.0009921302251676527,0.00041829049587249756
1747,0.00011090945838806987,6.28163147140294e-05,0.0007227454334497452,0.0002451990879444865,5.656113518891226e-05,0.0010228706523776054,0.0001634167301054843,6.257986440914853e-05,5.5827200412750244e-05,0.0003587978558011115,0.0013400655459417168,0.0001323712058365345,0.0003109880835321377,0.0006074645600262062,0.00028474628925323486,0.002277819707170614,0.0009577484065241074,0.0006367117166519165
1748,0.001901542253469668,0.0005790766174284777,0.0015151593834161758,0.0022849078569412984,0.00031742766236045675,0.001986880786716938,0.00018251916329509003,5.780560559501529e-05,7.250532507896423e-05,0.0004412276345500399,0.0014422164601906803,2.716667950153351e-06,3.8528528795857275e-05,0.0001521289396745635,0.0007152892649173737,0.0021263447825030646,0.0009652038532484211,0.001046799123287201
1749,0.0007635541616185237,0.0002461065258684038,0.000162443146109581,0.0008458049242614785,0.00037186982470809385,0.0004004035145044327,9.68262426224234e-05,5.214072389390424e-05,4.6506524085998535e-05,3.842681674845472e-05,0.0005949909363876446,0.0006316537037491798,0.00016012507835758139,0.00034356516987012545,0.00038648396730422974,0.00016105966265309024,0.0008460588313563971,0.0007275417447090149
1750,0.00039021564919522467,0.00025047701044332224,0.00016446970403194427,0.0002364625723240421,0.0003392023394681795,0.00022036395967006683,7.688726049823527e-05,1.8038379392516487e-05,2.715364098548889e-05,6.109057403572843e-05,0.00019076909449502327,0.00026587024331092834,0.00048678035755125165,0.0002899640675344175,0.0002619735896587372,0.0001540136800204095,0.0004904039471604268,0.0008353739976882935
1751,0.0008891946892123914,0.00012774076956313662,0.0011040382087230682,0.001218887001214114,0.00030144078585821535,0.0008954741060733795,0.00016973115487525954,2.5443431042664662e-05,2.5745481252670288e-05,0.0015471347297253898,2.647226826368171e-05,0.00045034103095531464,0.002345761529468443,2.7724514445045395e-05,0.00038364529609680176,0.0023009093716428453,0.0004106962085080046,0.0006866045296192169
1752,6.687462369556196e-05,1.387550313135949e-05,0.0007448717951774597,0.00035281926633703997,0.00013716441090663722,0.0004946915432810783,9.812760709845478e-06,3.9432242927364474e-05,2.7563422918319702e-05,0.0008397980092980997,0.00020733549944335766,2.0116567611694336e-05,0.0007874244512879464,0.0008395940098726174,0.00022260844707489014,0.00010442371472751955,0.0006515952120351096,0.0005759857594966888
1753,0.001405867659943938,9.506201702859374e-05,0.00031352974474430084,0.0016683819548969636,0.0004112283945519081,0.00010170135647058487,3.0205805152524676e-05,2.3897224286712404e-05,3.1501054763793945e-05,0.00012076191309804557,0.00017372706364551793,0.00038507627323269844,0.0004848374432263533,2.6592621689443176e-05,2.499297261238098e-05,0.0009714396946268744,0.00017762078273329124,0.00036927685141563416
1754,0.00011692190810155823,0.0002638901358252427,0.0011382531374692917,0.00022722663359855955,0.0001541323954692142,0.0006403941661119461,2.7348703888758e-05,4.223237206706001e-05,4.711374640464783e-05,9.215035869632182e-05,2.8060967850226937e-05,7.742922753095627e-05,0.00020537111935402252,0.0007526248827791704,0.0006109699606895447,0.00022767463318629222,0.0006181849136812148,0.0008915401995182037
1755,0.0017370593819959756,0.00030463067882700867,0.0008603855967521667,0.002098805279339061,4.501726953933666e-05,0.0006580781191587448,2.3719096926801825e-05,2.579166069891078e-05,3.254041075706482e-05,0.0005312670677407663,0.0013239254642477757,0.00014523090794682503,0.00020292311632540833,4.377321779360692e-05,0.00011005997657775879,0.002319871893167208,0.0005748445428330889,0.0006863027811050415
1756,0.0006380607624905388,0.00042425783478077655,0.0003537070006132126,0.0011249485662259695,0.00039722102051241437,0.0006076619029045105,5.05348027679195e-07,3.428120436961492e-05,3.937631845474243e-06,0.00043359217872377537,0.0010517660646418153,0.0004921276122331619,0.0003349921621330354,0.0003279433780864591,0.0009092520922422409,0.0010736849920293945,0.0005889457971464188,0.0004511214792728424
1757,0.0008014140845100381,0.00012292321879760204,0.0002815891057252884,0.0007921746265436014,5.566232183715214e-06,0.00036649778485298157,9.503854537650132e-05,1.8965226037796247e-06,5.04516065120697e-05,0.0006180982866554816,0.0001705126572058499,0.0006433036178350449,0.0009534455242255005,0.0003468306049413919,0.000626707449555397,0.0015033282322616803,5.488670896385689e-05,0.000988885760307312
1758,0.0007391152059417205,1.0281219571597888e-05,0.00018233992159366608,0.00017459458680804674,0.00015198627094497458,0.00013927370309829712,2.2352176852279138e-05,3.8160476801580396e-05,1.2427568435668945e-05,0.0006385367636183442,0.00034992366730986907,0.0002973764203488827,0.0007294453601033937,0.00013519533398869635,0.00013267993927001953,0.0007777137088520458,0.0005291994267728785,0.00017722323536872864
1759,0.0009686178128921474,0.0008702142143357273,0.0002233404666185379,0.0008633521418196788,0.0004585771912960432,9.723007678985596e-05,1.4234420467138659e-05,6.303935205903295e-05,4.9542635679244995e-05,0.0012619173421349744,0.00014168395725507738,0.0003053676337003708,0.0010228353520195035,0.00024992149450653095,0.0006297267973423004,0.0003408163529952657,0.0008435268688977253,0.0006852447986602783
1760,0.0008093000066980438,0.0004977151710133763,0.0005174893885850906,0.0009411644027302601,0.00020681767233784315,6.808899343013763e-05,0.0001526979953224636,4.332707057469161e-05,2.0038336515426636e-05,0.0003168474261984258,0.0002907309310779954,0.0003065941855311394,0.00066121746864755,0.00036470044412793313,0.0001838337630033493,0.0004395966356375014,0.0008777196982331231,0.0003935694694519043
1761,0.000296045098526182,3.169867624747483e-05,0.0010469425469636917,0.00035003047529744147,0.00017129441053300581,0.0008190274238586426,0.0001468340251002051,2.8785841984068326e-05,6.193295121192932e-05,0.0003670514993548424,0.0006146767224147337,0.00021052267402410507,0.000930111594038989,0.002148485412215467,0.00042176246643066406,0.0010689338095868084,0.0007346097269702728,0.0018585771322250366
1762,0.0006265957112167875,0.0005365465408790106,0.00016392208635807037,0.0005696149536958128,8.263291296952552e-05,0.00030505843460559845,4.152844256557174e-05,2.3648523806841897e-05,7.562339305877686e-07,0.0003735356232456577,0.000424035377534146,0.00016523664817214012,0.0007430131773726381,0.0015012759650906912,7.616356015205383e-05,0.0005497981812664643,8.461474831969462e-05,3.783777356147766e-05
1763,0.0009801913051231126,2.972976914980552e-05,0.000170266255736351,0.000989324554992732,0.000151509410495701,0.00011342205107212067,1.279900442186302e-05,4.501079551693819e-05,3.7066638469696045e-05,0.0015386666599778859,0.0004663641928338569,0.0007474096491932869,0.001514109899057578,0.0013010597987199515,0.0005616135895252228,0.0007023617339702581,0.0010841611740309218,0.00036103278398513794
1764,0.00036077301111409055,0.0002665820737032497,0.00023058801889419556,0.0005557709490465468,0.00011318315277534727,3.8370490074157715e-07,0.0001485919720496491,6.806797688577561e-06,1.4740973711013794e-05,0.00025909988293009584,0.0004016285766178726,8.277036249637604e-05,0.00018850070384113238,0.00034692170754804753,0.0005356185138225555,0.0008757552090148668,0.00013020649722896363,9.945034980773926e-05
1765,0.0014044291793721964,1.9127961436191804e-05,0.0002673529088497162,0.0015439955614600653,0.0003412452174356463,0.0002661217004060745,1.775086560554598e-05,4.09250872149419e-05,4.478543996810913e-05,0.0007797480942800319,6.125190763902472e-05,0.00036916323006153107,0.0009033749623262588,0.0001020496126183123,0.00036650151014328003,0.0017706092508990579,0.0009308069363439912,0.0006291121244430542
1766,0.00046075967165867815,0.000297638174005202,0.00029434263706207275,0.0012867729246711646,0.0001739772031443057,0.00013578683137893677,3.710895618957988e-05,3.147659796864824e-05,1.2088567018508911e-05,0.00014186441863583282,0.0005336305096086402,0.0002521183341741562,9.189350831149967e-05,0.00045512867289377625,7.73947685956955e-05,0.0011753101373851715,0.0006535959879128278,0.00010931864380836487
1767,0.0002015474406938944,0.0005227550093553426,0.00040323100984096527,0.00018340981741543638,0.00037105244997876624,0.00020796619355678558,7.796694218956297e-05,7.347615189823471e-05,3.341585397720337e-06,3.272288491680542e-05,0.0001888758336693816,0.00031137652695178986,0.0002558399740602499,0.000840840630106047,0.0005674287676811218,0.0007312799343468235,0.0014407635072320214,0.00038100406527519226
1768,9.546892784118022e-05,0.0004687046862997743,0.0011691991239786148,9.15950719181935e-05,0.0007800664902305049,9.446218609809875e-05,3.790500178947609e-05,6.66539005713077e-05,9.887665510177612e-05,0.0012629566160337266,0.0013536305197810947,0.0006948383525013924,0.0013724039036476093,0.0011144533687806263,0.0018744394183158875,0.0006730682798832821,0.00149200154689947,0.002101801335811615
1769,0.0006068709821928364,4.0175211512095965e-05,0.00021879374980926514,0.00011822740369679674,0.0003965635866779796,0.0005538929253816605,6.02677243330442e-05,6.3908104972706416e-06,7.927417755126953e-06,0.0008175446590042573,2.473508035383959e-05,0.00043978821486234665,0.0014157003940418675,7.951499392891935e-05,0.0008420273661613464,0.0012460925155036717,0.00016645723183891445,0.00017634406685829163
1770,0.00026407244247056427,0.000628857628720756,0.0006652660667896271,0.0005964991117360652,0.0005106667335310414,0.0010726694017648697,0.00010839548221347299,6.701980589527085e-05,9.666010737419128e-05,0.0007563906162681711,0.0004918896640966203,0.0010634874925017357,0.0009586050309976432,0.0004954680565461248,0.000536799430847168,0.0011386367080188642,0.0011422309975702982,0.0016095712780952454
1771,0.0007362937139487602,0.00027415623254839483,3.219768404960632e-05,9.641322364162264e-05,0.00017995254843653635,0.00023664534091949463,7.556453085277165e-05,2.5973221425383336e-05,1.942366361618042e-05,0.0014374231078615463,0.0010987702472557426,0.0004742434248328209,0.0008678973693566489,0.0008829116360221821,0.000834910199046135,0.0008024883966204488,0.00043323311651268653,0.00014775246381759644
1772,0.0005781165878531169,0.00022310385391570084,0.00018736720085144043,0.0002862491406780965,0.00011654310860416406,4.20399010181427e-06,0.00014620605632908665,3.5399956332426855e-05,9.208917617797852e-06,8.970427101239603e-05,0.0007031740554347965,0.00012488104403018951,0.0003372496391114768,0.0003239172312465193,0.00043029338121414185,0.0012740343010868016,0.0005106080849732741,0.0002626478672027588
1773,0.0010257974933857439,0.00041245602538482473,0.0005399435758590698,0.0008562836190738332,0.0002305256581033796,0.00023459456861019135,1.4142044876095869e-05,5.507810556212465e-05,7.018446922302246e-06,0.0012531700767367607,0.0002627409621582255,6.310641765594482e-05,0.0011963876488490788,0.00013282334628952333,0.0004175473004579544,0.001561761810945167,0.0008735888138177925,0.0008695311844348907
1774,0.0014981169980563536,5.689918748515155e-05,0.00014788657426834106,0.0013036268570233156,2.1086313321278666e-05,0.0005700048059225082,4.048614962816853e-05,4.22876037889197e-05,8.190050721168518e-05,0.0010704877162965518,1.6152517172560166e-05,0.0008595418184995651,0.0011494988665197159,0.00040983946805537,0.0003351382911205292,0.002338858640824504,0.0007633632557131759,0.0009016133844852448
1775,0.0005797099760349034,8.01138373179855e-06,0.00030198320746421814,0.0006969007362601642,9.573915620474105e-06,0.0005367174744606018,4.744042377739961e-05,6.96313992862331e-05,9.566545486450195e-06,0.00042254984565202186,0.001506541184598649,0.0004885401576757431,0.0008842260941240299,0.0007195227466129232,0.0008185636252164841,0.0009944152759006758,0.0008603121023896959,0.00035505741834640503
1776,0.0005214263242624972,0.000604681044561621,0.0009724050760269165,0.0030930647988040294,0.0005965539718564665,0.0004092082381248474,0.0001585621811244827,6.304519507032758e-05,2.072751522064209e-05,0.0006630068084720747,0.0013069648586376895,0.00023808423429727554,4.914615497578906e-05,0.0016512466963712938,0.00041750073432922363,0.0008158895136312905,0.001421682095371822,0.0007734671235084534
1777,0.0017716478697803184,0.00011475221746422293,0.0008886456489562988,0.002040066610250385,0.0007269454342472143,0.0014582928270101547,5.488046732702451e-06,5.4998574989997134e-05,8.818879723548889e-05,0.00012571331727800894,0.0010834906191681537,0.0008300710469484329,0.00026000514490363835,0.0003647712939894728,0.0003196652978658676,0.0002964451912820659,0.0010974514173508199,0.001752648502588272
1778,0.002035265082113713,0.00014906982756093812,0.0011760592460632324,0.00306405295848311,0.000656245116791361,0.0016346890479326248,0.00013228882817360212,7.966703331390183e-06,8.957833051681519e-05,0.0012978271717863227,0.000736697219388141,0.00033810175955295563,0.0012799088460603777,0.000592999874459009,0.00016991421580314636,0.0031130244183752154,0.00018335532266294113,0.001477811485528946
1779,1.5827287953573688e-05,0.00020323459605257194,0.0004549883306026459,0.0002893690662203463,0.0002383761077261702,0.0004531536251306534,0.00015397904835602258,5.770660952006228e-06,3.520399332046509e-05,0.0009806327026193676,0.0006149896547612277,7.344130426645279e-05,0.0007831715097183015,0.00011667429275376675,3.841333091259003e-05,0.0007764963645180978,0.0002603087512163607,0.0006661117076873779
1780,0.00018726740624530613,0.0003502973212065469,0.00024152174592018127,0.00038601325752665727,0.00025838575193524657,3.719329833984375e-05,2.5844446521983144e-05,3.7762630174032526e-05,5.5573880672454834e-05,0.0002658939066308569,0.0001890201637713279,0.0005349162966012955,0.0003799450389600223,0.00012205437215327339,0.0008308067917823792,0.0010643922586165144,0.000503404868424099,0.001191895455121994
1781,0.0008694213830802711,0.00034292497791558324,0.0009881779551506042,0.0021430578172579318,0.0006873686188030165,0.0010081697255373001,2.6568467637036117e-05,7.457535689878083e-06,4.0046870708465576e-05,0.0015388133838831058,0.0007577274654702731,0.00015561189502477646,0.0016380594558481135,0.0005133521122821596,0.00010418333113193512,0.0010996663004561175,6.643321015260481e-05,0.00033822283148765564
1782,0.001683442359010967,0.00019135748590383417,0.0003041289746761322,0.002123092708710056,0.0004202163304970613,0.0010620467364788055,5.7209546030072625e-05,5.492738968882068e-05,6.400048732757568e-05,0.002186989973302862,0.00011786496749052744,0.0008928393945097923,0.0016592130605829966,0.0009626254488709265,5.358457565307617e-05,0.001696441510301308,0.0006465933481175357,0.0004769526422023773
1783,0.001345338450554262,0.0003549994003691735,0.00047686323523521423,0.0004238117198299418,0.00024366066286273663,0.00018160603940486908,4.058710132737696e-05,5.8740778912073346e-05,5.162879824638367e-05,0.0013252904622392536,0.0010321594854918528,0.0013406267389655113,0.0017362823250669998,9.514187032858999e-05,0.0006999839097261429,0.0005060529578058137,0.0007035724069291358,0.0007939413189888
1784,0.0001457500712990223,0.00018038423182209842,0.0005038753151893616,0.00017472398455295468,0.00045739907561304083,0.00048519670963287354,1.5743018829318667e-05,3.633256642897103e-05,6.232410669326782e-06,0.00021040109490617215,0.0007282850625377202,0.0006709815934300423,0.0005126599206117313,0.0006130139673495506,0.0007251296192407608,6.83546313062916e-05,0.0003801805346681196,0.0003616735339164734
1785,4.643824593270063e-05,9.857349238451968e-05,0.0005771517753601074,0.0005191592981895476,0.0005891803654002256,0.0005677323788404465,0.00010078689320038373,2.3952195896878624e-05,1.488998532295227e-05,0.0005503648479193851,0.0003483212799985022,0.0002233460545539856,0.0004963818883449017,0.0007224522085152716,0.00026467442512512207,4.317165606197715e-05,0.000864240494265648,0.00021162256598472595
1786,0.0027377959230101556,3.4793781060089846e-05,0.0022642724215984344,0.0038733877010447004,0.000464937394777952,0.0027687177062034607,0.00012875310674257366,1.731900324287148e-05,0.00026855990290641785,0.0016010155413077529,0.00021416077509694292,0.0025900602340698242,0.0012600509752181896,0.00025423448540213547,0.002033837139606476,0.0038032066584405694,0.00016112872287071117,0.004768453538417816
1787,0.0002641714103721049,0.00010156021756660763,9.775161743164062e-05,0.00017272320525121843,0.00023774422562033992,0.00027531199157238007,2.0591588856781404e-05,3.1604742374707244e-05,5.871802568435669e-05,0.0009099051545562384,0.0014901903277160164,0.0010250629857182503,0.00015666838362502628,0.0016968838799213898,0.0007643271237611771,0.0002753732084318228,0.0005144663302046257,0.0014400854706764221
1788,0.0002739806784236021,0.00017584580197419278,0.00021272152662277222,0.0001614249994540129,0.0002170641065331394,0.00036907196044921875,8.144334093024806e-05,4.4058958817449513e-07,1.8734484910964966e-05,9.718772784048785e-05,0.0005814076096045603,0.0006263190880417824,0.0009434294572628274,0.001476603679750878,0.000798812136054039,0.0008147436292542665,7.866858867786736e-05,0.0005132444202899933
1789,0.00016601838887025933,0.0002731544627926144,0.0007810778915882111,0.00040125052165174147,6.542383927788525e-05,0.0009349919855594635,0.00021715013566611825,4.330200386438868e-05,5.773082375526428e-05,0.0005884538721934104,0.00037338647536901137,0.0006972942501306534,0.0010159190000250673,0.0005756768852695866,0.0004999320954084396,0.0016812845053023467,0.0008369337206096811,0.0013614483177661896
1790,0.0009376103761596088,3.649037452113993e-05,6.164610385894775e-05,0.0011855964313818024,3.509315245447259e-05,7.626786828041077e-05,6.0532791448682927e-05,4.0186636171261284e-05,5.152076482772827e-06,0.0006727586759469745,0.0007726305328996999,1.9380822777748108e-05,0.0001652653144518998,0.00035581412545163723,0.0002550501376390457,0.0022180120693695987,0.0008625209072340642,0.000253383070230484
1791,0.0006488390520074661,3.361331621688779e-07,5.8300793170928955e-05,0.0006749636941484338,0.00019732429828248424,0.00024399347603321075,5.257425680976063e-05,1.01089160756203e-05,4.5184046030044556e-05,0.0011408904349120702,0.0005546767784568585,0.000619259662926197,0.0008762569500360487,8.612047075171091e-05,0.00041877850890159607,0.0004602034647384623,0.0001100470617141705,0.0006089136004447937
1792,6.944200305511461e-05,0.0005543488143197398,0.0006227791309356689,0.0008584068128640321,0.0006507882769691831,0.0007795281708240509,4.174701038341458e-05,1.1201940374350183e-05,4.13842499256134e-05,0.0013071331674407854,0.00053718342503703,8.380506187677383e-05,0.0012125184907094688,0.00026917051465795384,9.542517364025116e-05,0.0006441992140813757,1.3942524007617974e-06,0.0006258785724639893
1793,0.0007634325275444054,5.0781453212359745e-05,0.0007469281554222107,3.247257941893511e-05,0.00018293455116308657,0.0007822401821613312,9.257522804108007e-05,2.3411594168336802e-05,4.564225673675537e-05,0.0004951725608978649,0.0007673042340609199,8.023157715797424e-05,3.138070937708237e-05,0.00027184180564762423,0.00015559233725070953,0.0019415129477536458,0.000184505440535207,0.00036833807826042175
1794,0.0004923653388649307,0.00010449563577886664,0.0002713240683078766,6.457491573647056e-05,9.991411044411175e-06,0.00031643547117710114,1.2216743136894692e-05,3.268054872752565e-05,8.240342140197754e-06,0.00194224760429422,0.0014694612645338306,0.00012201443314552307,0.0012945623654491145,0.000145297258000113,0.00018843822181224823,8.50514422542914e-06,0.00035719794258596074,0.00013238564133644104
1795,0.00163981238761704,6.763650864212087e-05,0.00038118287920951843,0.0010157836277183696,0.0004217461331980782,0.00046546198427677155,6.214560780479043e-05,3.922645066265309e-05,7.215142250061035e-05,0.0007550888322757007,0.0002036326199304217,0.0004663662984967232,0.0013086265593867732,8.829831511858932e-05,0.00038542598485946655,0.0013434896993473472,0.0009264392125834207,0.0006813779473304749
1796,0.001792160170051571,4.6613645066095194e-05,0.0008880607783794403,0.0013657619787203479,0.0002408875457499786,0.0009065009653568268,1.1918467504088912e-05,1.110926382171494e-05,6.832554936408997e-05,0.000634719568100961,0.0013674574075793478,0.0002973582595586777,0.0005756821078103866,3.402427637111058e-06,0.00023784860968589783,0.0008598320037303958,0.00016875305198725196,0.0011689625680446625
1797,0.001049694544127261,3.8393261463688655e-06,0.0005825087428092957,0.0007909576045066202,0.00023068121627791913,0.0005712863057851791,8.367660924975262e-05,1.2587873074244946e-05,2.0585954189300537e-05,0.001478822832485703,0.0007307010845511788,0.0001110658049583435,0.001396262363595066,7.978898135993723e-05,0.00020956248044967651,0.0008392505413502144,0.0003789883050402572,0.00035193562507629395
1798,0.0013863876530054164,0.00010714725068998107,0.001341797411441803,0.0027796920346521703,0.00016800080330634307,0.0010641422122716904,8.587581526672654e-05,7.56426672753835e-05,9.976327419281006e-05,0.0004826827629208011,0.0005746357460716944,0.0005898727104067802,0.00083092131088075,0.00011240253175177082,0.00103825144469738,0.0024950434881498007,0.0013263865073327302,0.0020602047443389893
1799,0.001007810696339595,0.00020907662085959539,5.476176738739014e-07,0.0010807439563123022,0.0001589780245734862,0.00016830489039421082,2.5472913806435377e-05,5.0787649414111517e-05,2.5097280740737915e-05,4.622660208974255e-05,0.0002753446843852536,0.00017802603542804718,0.0004142878973347891,6.946933482698814e-05,8.067674934864044e-05,0.0008850294479869764,0.0009362888353438951,0.00035547465085983276
1800,0.00032417752115695975,0.00012936588662680604,0.00020369142293930054,0.0009510435432405762,0.0004094274257127918,0.0003955792635679245,1.1048311031273267e-06,4.22805311102812e-05,1.633167266845703e-05,0.0008501320077837354,0.0018720629594526986,3.538932651281357e-05,0.0015860267075205672,0.0005001541151564899,0.0007320921868085861,0.0002687705529974965,0.000883523829409226,0.00022871792316436768
1801,0.002063445162374472,0.000443765121959136,0.0003963485360145569,0.0009814820060471408,0.0004347634749777285,0.0007444117218255997,4.3325649719292564e-05,9.960525035915182e-06,2.3286789655685425e-05,0.0003534121642308763,0.0006350338289205365,6.437860429286957e-05,0.0004900468517142417,0.00042629380478214057,0.00037511251866817474,0.0018341208236886952,1.790327726696253e-05,0.0006422623991966248
1802,0.0003346711630864141,0.00020862858994331185,0.0007436349987983704,0.000834237925466802,0.0006823588528301582,0.0009803250432014465,0.0001292607621245171,7.354837544036033e-05,6.14263117313385e-05,0.0014349198859209059,0.000387080597586964,0.00047143828123807907,0.0009141075523531883,0.0006786770568325833,0.00024717673659324646,0.0012414787760182816,0.0014877410468935315,0.0013419240713119507
1803,0.0005191216950165556,0.00014302352832842521,0.00123586505651474,0.0007138410728265432,0.00022522809602976493,0.000972256064414978,0.0001400145725710851,1.958206361828141e-05,0.0001121126115322113,0.0005245301574725511,7.355995538516763e-05,0.0005987612530589104,0.0002380772267838449,0.000319814226260165,0.0009706728160381317,0.001640517011237172,0.00013872429430065308,0.002324867993593216
1804,0.0011536308075200674,0.0005440945574358216,7.220730185508728e-05,0.0014855927803474611,0.0004273164606875962,8.268840610980988e-05,9.803287777437712e-05,2.254344246141243e-05,2.0205974578857422e-05,0.0004539832198580951,0.00018723835763324176,0.00023013073951005936,4.389636647764844e-05,0.0003288701676492289,0.00019888952374458313,0.00022341886908765207,0.00039504552350920485,0.00034081563353538513
1805,0.0013245845115946175,0.0006050335255218635,0.0011220574378967285,0.0015353216834251837,0.000484031364113513,0.0013020634651184082,0.00010997305279961123,2.7719590322625685e-05,0.00012200698256492615,5.9993742261614524e-05,0.0011148409142900106,0.0006862431764602661,0.00034851625444255047,0.0001735809099153024,0.00035177916288375854,0.0019749413877782895,0.0005496646017187842,0.002126239240169525
1806,0.00043110403984472634,5.4671877369356914e-05,0.0003816336393356323,0.0005644336564223917,4.575961110965185e-05,0.0004199724644422531,0.00015756601740924206,1.5509429992973008e-05,5.753710865974426e-05,0.0006585464105408403,0.00047953928081211766,0.00033602677285671234,0.0004619862963562149,0.0009974478842713365,0.00018955394625663757,0.00034314530617643446,0.00034587043967619635,0.0010909326374530792
1807,0.0012448868073403618,0.0003129881380657118,0.00013375654816627502,0.0015962404341420267,0.00019711763294624415,0.00023940950632095337,9.072247171422465e-05,2.3904413752396866e-05,4.380941390991211e-05,0.0015364139074265995,0.001271494468024055,0.00017828214913606644,0.0014689701624797033,0.0007195226263193182,2.8070062398910522e-05,0.00014651336364064627,0.0005349293586577389,0.0007509738206863403
1808,0.00033442904263711326,0.00016911247474100596,0.00032830238342285156,0.0012559002949859843,0.0007734985976604707,1.7102807760238647e-05,8.821212842040002e-06,4.867509443164499e-05,5.056336522102356e-05,0.0002739215036169432,0.0012965884392458077,0.0004944605752825737,0.00010987582843807048,0.00014429654447337993,0.0007218047976493835,0.0002097178028908353,0.0007685609956841963,0.001330409198999405
1809,0.00038267383700565927,7.756255444146126e-06,2.1491199731826782e-05,0.0005699027850262772,0.0002050697269785559,0.00028902478516101837,1.1334542269234721e-05,2.327334976760624e-05,6.92903995513916e-07,0.0011664313600747503,1.7801505408587825e-05,6.111245602369308e-05,0.0011432916236849208,0.0012575756389900327,0.0003408379852771759,0.00044485497267317264,0.0006355587072582602,0.00013250485062599182
1810,0.0007563966728285076,0.00017238922663205536,0.0003692358732223511,0.0004904066267674423,9.660990676145509e-05,4.194863140583038e-05,3.302038196218576e-05,4.53210307058971e-05,5.5596232414245605e-05,0.0008272045617027726,0.0005244619505719098,0.00022509228438138962,0.0009431051173040828,0.0009254290615393406,0.0007971152663230896,4.570698046518773e-05,0.0008083951281282267,0.0007923729717731476
1811,0.000468055196445466,0.00033191090102666423,5.2671879529953e-05,0.0003409444369342485,0.0002892701119259003,0.000165645033121109,0.00014536077576178703,6.618077489793563e-06,1.930445432662964e-05,0.00019186521426949044,0.0005130814942547399,0.00021362397819757462,2.7983119897254105e-05,6.222837022722572e-06,3.1813979148864746e-05,0.001281451117619542,6.732527138996608e-05,0.0002724006772041321
1812,0.00015966880739134992,0.00037640913771347026,0.0013764314353466034,4.947074952613151e-05,0.0004453880305553791,0.0011148769408464432,5.0147872380761765e-06,6.834472182885073e-06,9.4633549451828e-05,0.0018951511116702402,0.0007475067539880129,0.00013896450400352478,0.0018719244416679007,0.00042704374641314635,0.0005388148128986359,0.00015663539899890555,7.045291394370407e-05,0.0015367120504379272
1813,0.0015841821404883605,0.0005816974605363373,0.0003181770443916321,0.0017980651140356019,0.0006328985510602493,0.00013143941760063171,5.327863426197489e-05,2.842715591084557e-05,4.276633262634277e-06,8.035170266260105e-05,0.0012937164468348542,0.00024543609470129013,3.462543843306409e-05,0.00018896649086728654,3.8295984268188477e-05,0.0003675042716811683,0.0005122950551672695,0.0002762153744697571
1814,0.0009135207075195717,0.000731743640576446,0.0001832321286201477,0.001156911646688047,0.0006073734950590264,0.001034017652273178,3.387060013778677e-05,8.153464154910146e-05,6.22384250164032e-05,0.0029392711356939494,0.0007788934167665129,0.0009577134624123573,0.0028625921034638943,0.0008134688923510883,3.1366944313049316e-06,0.0012127767187657262,0.0014612804873609386,0.0007175691425800323
1815,0.000591463745879206,7.001598831433975e-05,0.0009443722665309906,0.0010067411534027404,0.0002932627406753152,0.0008984655141830444,0.00019376818557540094,1.8918254151589244e-05,9.510666131973267e-06,0.0016185521225172764,0.0015319398511370666,0.0006022816523909569,0.0013731951231038958,0.0007496310121745844,0.0007160454988479614,0.0016087856088118774,0.00036033098748557146,0.00021910667419433594
1816,0.00041458829942589426,1.7258463942005503e-05,0.0003998391330242157,0.0001761292499702083,0.0002761948981709443,0.0005347374826669693,6.962655800473935e-05,1.7842029376058128e-05,1.5273690223693848e-07,0.0018382386403837311,0.000266174555538963,8.287467062473297e-05,0.0020187360190003223,0.0009240219674075054,4.560500383377075e-05,0.0006695810933637497,0.0005126777283362138,2.9258430004119873e-05
1817,0.0010730947597485385,0.00010402713810525599,5.9954822063446045e-05,0.000814744566917297,0.0003003755920488113,0.00047192908823490143,5.314410274549937e-05,7.026396299146228e-05,1.2330710887908936e-06,0.0028524709203464407,0.0005128023981228608,0.0005089705809950829,0.0031340550902192663,0.002178714168433361,0.00011928379535675049,0.0006478942514201447,0.00135301908068821,0.00023169443011283875
1818,0.0005011594997604285,0.0001838172177560972,0.00024481117725372314,0.0010559247075258016,0.00018554112286518765,0.00029192864894866943,9.406581144870245e-05,3.559204859011943e-05,2.726539969444275e-05,0.0018975245855981301,0.0007452242926634448,0.0003572581335902214,0.0016185252626861463,0.0007329027094158532,0.00010275468230247498,0.0016833160539660857,0.00034245252900019785,0.0001569017767906189
1819,0.0007616580710009258,0.00020382806251239075,0.0004575289785861969,0.00038459368709528596,0.00017357203090263146,0.00035324878990650177,2.39487861658505e-06,1.3044195945453689e-05,7.354468107223511e-05,0.0005731411813474641,7.961005829194151e-05,0.00042290613055229187,0.0001125045495019017,0.0003044442589031416,0.0004597790539264679,0.002187923735120653,7.297169387422697e-05,0.0010658986866474152
1820,0.0004585913989130219,0.0006804563562693329,0.00021658092737197876,0.00036503820185349034,8.30520649097305e-05,3.376975655555725e-06,1.6657719113502903e-05,8.914806621830584e-06,2.1714717149734497e-05,0.00028604987921174857,0.00035050921635348953,0.00040276627987623215,4.8071842913659235e-05,0.00072182666996741,0.0001306682825088501,0.0009016213800747824,0.00029097383235776597,0.00024313479661941528
1821,0.0007058473084986527,0.0015518885001826292,8.571520447731018e-05,0.00023978331091845106,0.00031120262212717964,0.00010849349200725555,0.00010477968657244055,4.1651976036572065e-05,3.4108757972717285e-05,0.0019440544163052964,0.00010885392486934681,0.0004568537697196007,0.001815746165246844,0.00023745471445015616,0.00016524642705917358,0.0007691762812252201,0.0007135565083949344,0.0006402470171451569
1822,0.0019236041199561793,0.0006345144340861204,0.0011765211820602417,0.002461235936998929,0.0011796814399999411,0.0022476837038993835,0.0001886566474580756,0.0001635378074316008,0.0001735873520374298,0.0005425671950372371,0.0022356861370818326,0.001465032808482647,0.0008414410295641203,0.0009001061567451003,5.1315873861312866e-05,0.0024848590881871163,0.002511342865537586,0.0028965622186660767
1823,0.0005230335144906506,0.0007700411911384548,0.00033039599657058716,0.0003182809584606483,7.538924857821566e-05,0.0001842491328716278,2.5316016494039695e-06,0.0001391243514985768,3.0249357223510742e-06,0.0002968441534159372,0.0011445652408729398,0.00022451672703027725,0.0006603261378534675,0.0021366177907633454,0.000647909939289093,0.00023288688628596288,0.002332397302748021,0.0001918897032737732
1824,0.0005350733403440555,0.0007549494423805432,0.0004652738571166992,0.00046933460201642463,0.000296521482547836,0.00029415078461170197,0.000103234352225463,6.834707678476286e-05,1.3478100299835205e-05,0.0011312364590389326,0.00027978246831057013,0.0006515840068459511,0.0010521553444981582,0.0011847788089851315,0.00028662756085395813,0.0015759616019756367,0.00089358033976418,0.0005678124725818634
1825,0.0014815890072230609,0.0005698646273811156,0.0006101876497268677,0.0025365397370989418,4.3329864742105983e-05,8.160434663295746e-05,1.590172628096985e-05,8.51032244463183e-05,2.7526170015335083e-05,0.0016793230678980031,0.0003240352550061207,0.000716223381459713,0.0010978585735875804,0.0008280953612437737,7.981061935424805e-05,0.00129451266658355,0.001180247111504197,0.0006271861493587494
1826,0.0006909011582112989,0.0006992377701871035,0.0006400719285011292,0.00018792882043963677,9.588493782090174e-05,0.0007738657295703888,0.00011105279690984057,6.51572454513933e-05,6.622076034545898e-05,0.00022359953368726593,0.0008842184589275062,0.0003586886450648308,0.00020355085280719665,4.8902491746123395e-05,0.00013628974556922913,0.002094492642196036,0.0011048439635431076,0.0012053437530994415
1827,0.0004355989824240125,9.552308856908276e-05,0.0001385025680065155,2.0609589733794342e-05,1.4956368879839865e-05,6.760656833648682e-05,5.928287387589083e-05,1.1666772780704032e-05,6.925314664840698e-06,1.3428928828454478e-05,0.00023478753398159524,5.4127536714076996e-05,2.528682611266375e-05,0.0002567241549780142,0.00010995566844940186,0.0003462971742941162,0.0002515407795294633,5.881860852241516e-05
1828,0.0003261022715591866,0.00010296213847721392,5.937740206718445e-05,0.00044578791562241427,0.00034642207206248,0.0003347322344779968,2.5548570941197335e-05,7.835331775516438e-05,1.8637627363204956e-05,6.587819885323781e-05,0.00021105083925655743,0.000283057801425457,0.00013945427282885392,0.001288280089521154,0.0001486651599407196,6.03534039985143e-05,0.001416107941048593,0.00012002885341644287
1829,0.0006605717368731168,9.892180579850265e-05,7.329881191253662e-05,0.0004406532651987094,1.0212582275206245e-05,0.00022702477872371674,7.199900362476336e-05,5.3699818921176465e-05,1.2621283531188965e-05,0.0008575141820773499,0.0017915598595408533,0.0005095265805721283,0.00026348506172627073,0.00016580282718912324,0.0007982775568962097,0.0005138730202367686,0.001019655290228176,0.0004108510911464691
1830,0.0002868120249613082,0.0005036702378304683,0.0002558007836341858,0.0007424620656912018,0.000257753043567871,0.000590004026889801,4.914558366346175e-06,2.520651865831145e-05,1.539289951324463e-05,0.0014563569287306052,0.0012407299724118415,0.0006243223324418068,5.796994178446091e-05,0.0003396103180072856,0.0010673068463802338,0.0002708365083241432,0.0004420877621614666,0.00035108625888824463
1831,0.0019685572161798615,0.0002559951578095937,0.0006555542349815369,0.0020318746528250053,8.583983302271406e-05,0.0007099397480487823,1.7241330149261533e-05,3.439827477354912e-07,1.2256205081939697e-05,0.0009616404869153897,0.00024287858845636195,0.0004584565758705139,0.001443684311964323,0.00020930497431646475,0.000587068498134613,0.0015421695905122185,1.2565749372743518e-05,3.896653652191162e-05
1832,0.0025241666166032906,0.0002156082972688822,0.0012555457651615143,0.002680918680906974,0.000271809171722516,0.0007248558104038239,1.7825644284505046e-05,9.002583263847692e-05,5.8323144912719727e-05,0.0007887891141153472,0.0012110590000971935,0.00014014169573783875,0.0006572825717712019,0.001220468871054536,0.0005307421088218689,0.0015615426042901448,0.0014265369553262616,0.0009905174374580383
1833,0.0022876839335377874,0.001334495206987349,0.0016532205045223236,0.003415276704035408,0.0005788191929000895,0.0013008899986743927,0.00020962632503649173,4.713695889734101e-05,0.0001008547842502594,0.00041541516278303936,0.0009465939918163954,0.00029290933161973953,0.0002481005588528748,0.0010830383443535072,0.0008038021624088287,0.004464025595544888,0.0007509922997221835,0.0011848211288452148
1834,0.0003999451311527402,0.0002743808851449307,0.0006550885736942291,0.00035373832473897804,0.000677997702144377,0.0009568780660629272,2.1724277470927186e-05,4.849162986307392e-05,0.00011173635721206665,0.0008926056177853969,0.0006570039825706184,0.0007853712886571884,0.0015747057342527099,0.000803357829995023,0.00028573721647262573,0.0005351066164321766,0.0007987286388839374,0.001966118812561035
1835,0.0008571918632518105,0.0001483530381996244,0.00024237483739852905,0.0012065641052865783,0.0001843283470141198,0.00030764006078243256,8.88761056839684e-05,4.2532320453383086e-05,5.123019218444824e-05,0.00088082785133866,0.00013285888867087953,0.0005025463178753853,0.001204546778171986,0.0007318556253280489,0.00024473294615745544,5.0467016659672126e-05,0.0007163121505348383,0.0009316690266132355
1836,0.0007047560469733427,3.448626636881613e-05,0.0005325004458427429,0.00041941069801476605,0.0001564833471823998,0.0009220782667398453,4.462845978263352e-06,4.304072028170434e-05,6.895512342453003e-05,0.0009792739758891292,4.706575817078201e-05,0.0007763002067804337,0.0015288712028401,0.0009454660176203629,0.00020189955830574036,0.0013964528055421255,0.0008355193095099592,0.0011758022010326385
1837,0.000699383265426845,7.357605254023486e-05,0.0005073435604572296,0.0007507766077288758,0.00022089215029606757,0.0004351716488599777,2.142631000721061e-05,3.860108164516901e-07,3.9946287870407104e-05,0.00021621334841984835,6.0704265340300045e-05,0.0002552540972828865,0.00041408332483858223,0.0006900118260502438,0.00035113468766212463,0.000400185457721039,5.750907790174481e-05,0.0006937682628631592
1838,0.002019930410362497,0.00011788577488141064,0.0003108270466327667,0.0021686284062985006,0.000132421736082685,0.0002684183418750763,1.1164830409717691e-05,6.486218160215752e-05,4.865974187850952e-05,0.0025378675023339237,1.4019321114548677e-05,0.00015478115528821945,0.001486532446237851,0.000673105526375607,0.00017931684851646423,0.0009280417320663009,0.0011495723067372135,0.0007439404726028442
1839,3.4929680106043914e-05,0.00020297057415843978,0.00027924031019210815,0.00012701597578207435,0.0002585675323695212,0.00030311010777950287,4.8771270847302456e-05,6.599016777226498e-05,2.9381364583969116e-05,0.001758359392396415,0.0006042072811550045,0.00013805460184812546,0.0009593396856446418,0.0006843808723920007,0.00011173263192176819,0.0011592734558102114,0.001324871365078653,0.0005232281982898712
1840,0.002330718845204499,0.0002951994507450033,0.0004745759069919586,0.0026079572480694757,0.00016079026104370495,2.831779420375824e-05,4.151891313353834e-05,0.00010599834951660874,5.5830925703048706e-05,0.0027926979535743274,0.00098296972612677,0.0004110792651772499,0.0023160285938158692,0.00023034906929205639,0.001121658831834793,0.0011872272012403567,0.0017979054034113623,0.00033585354685783386
1841,0.0019156471521966645,0.00028108266030597157,0.001271221786737442,0.002115062716204097,0.00018014570719046205,0.0010458119213581085,9.633825764050925e-05,6.98905707865894e-05,3.653764724731445e-05,0.0024212563613534646,0.000562991981323202,0.0002806447446346283,0.0020979329062428553,0.0006787992350662563,0.00014571845531463623,0.00246053781343597,0.0012061568772257641,0.0001874491572380066
1842,0.0003079657013168591,2.480234774226986e-05,0.00031998008489608765,0.0007642597430316811,0.0001535132327970222,0.0003766696900129318,3.781886040176395e-05,8.251808812721143e-06,6.155669689178467e-05,0.0014454890447529942,0.0007066820911067889,0.0005053821951150894,0.0005852850514544775,0.00030575259675421707,0.00036830082535743713,0.00044251638352363343,8.595502305152464e-05,0.0011910535395145416
1843,0.00045401422816807036,0.00018762743672524201,0.0002349279820919037,0.00047342028209004794,8.173385582942519e-05,0.00026506558060646057,7.790125793055193e-05,1.2345966566377261e-05,3.979727625846863e-05,0.0008393602174094072,0.00017354039024769508,0.00025571323931217194,0.00020013638639405223,2.2910971323325275e-05,0.0002112165093421936,0.0007242925988163174,0.0002414283872729725,0.00018411874771118164
1844,0.0007928633256959472,8.008159925472491e-06,0.001133214682340622,0.0010594528490472377,4.1966235365179655e-05,0.0014221351593732834,6.094508575409975e-05,1.8034916946929082e-05,9.258836507797241e-05,0.0011865314254011772,0.000224436928810183,0.0005754604935646057,0.0012374934604854268,0.00021939693223530692,0.00024231523275375366,0.0015663202426213635,0.00027312299301771037,0.0014499016106128693
1845,0.00034377232054202955,0.00013954254140390032,0.0006153732538223267,0.00023325918768352105,4.067095053285341e-05,0.001071196049451828,1.6964468235824634e-05,5.4802748142851986e-05,8.829310536384583e-05,0.0007598660994565937,5.4249045047860545e-05,0.0007969588041305542,0.0005811513551166325,0.000446228921963711,0.00017901137471199036,8.938700786059739e-05,0.0009917576994493,0.0012317076325416565
1846,0.0005784821837540033,0.00019160933956878512,0.00014588609337806702,0.0008306534285897893,0.00017561585950447503,0.0003708023577928543,7.922060141588548e-05,6.873853842279988e-05,3.566965460777283e-05,0.0018327171008025792,0.00017217790429008284,0.000444008968770504,0.001410486924677691,0.0005657115622701241,0.00015152990818023682,0.0003594659949563289,0.0014363087320271375,2.240017056465149e-05
1847,0.00017929839854638474,9.31419721789499e-05,0.0006550848484039307,4.5011308650033666e-05,0.00039219947876881905,0.00043487548828125,6.4339777877085724e-06,6.375446302881848e-05,3.90373170375824e-05,0.0014583540550078128,0.0016504287932308515,0.00015916861593723297,0.0011877513463802516,0.0007286770526996286,0.0005145631730556488,0.0006272958480755403,0.0011177439194667502,0.0005484521389007568
1848,0.0031481373316332717,0.0007821476514634461,0.0008728094398975372,0.0012323140928877097,0.0005123608600683185,0.0010293591767549515,0.0002420505220858838,8.687843088453018e-05,6.996095180511475e-06,0.0002807817584169481,0.001688033550014817,0.0004909718409180641,0.00031904933784894507,0.0008823356879972574,0.0008266083896160126,0.0023853450705366014,0.0010505338276778492,0.00019194185733795166
1849,0.001611667209345996,0.0013416685601053899,0.0007580108940601349,0.0007882786746110926,6.615291454004774e-05,0.0013578440994024277,2.260224050141743e-06,4.9143187179695545e-05,7.782131433486938e-06,0.00022056245543473213,0.0015630259137473373,0.000502249225974083,0.0008198663641554166,3.864511797773643e-05,0.0012661144137382507,0.0017240428341741415,0.0005027854873859011,0.0004920102655887604
1850,0.0003182161326320543,0.0007945143747886234,0.0004926435649394989,0.0003943975759038987,0.0007440863772285033,0.00023934245109558105,0.00013222269155165924,7.713233188561246e-05,4.6078115701675415e-05,2.9526560628753695e-05,0.0006484350465525285,0.0006518298760056496,0.0004764812486078157,0.0007974014810609772,0.00026635825634002686,0.00040706730104506095,0.0012925707169816336,0.0011985450983047485
1851,0.000629901435294733,0.0008327082275070598,2.4069100618362427e-05,0.0008934265053091028,0.0009767487458389283,0.00010279752314090729,1.821350246503442e-05,4.82083380218528e-05,1.1648982763290405e-05,0.001342684790188356,0.0023339910342782128,0.0005379319190979004,2.238503573281231e-05,0.000814172885636837,0.0004619322717189789,0.0007432034299185153,0.0005850899651693026,3.0025839805603027e-06
1852,0.0010541032183204457,0.0004123737965219948,0.0008862093091011047,0.0007841315116879632,3.531214526824797e-05,0.0010303352028131485,0.00014755280366125605,1.25883845212664e-05,3.169849514961243e-05,0.0014369013927956475,7.447763463837992e-05,0.0001789424568414688,0.0016057787973550383,0.0003655641502651537,0.00010917708277702332,0.0014804882534476954,0.00025290568239899613,0.0006024129688739777
1853,0.0004967503667300255,0.00037117949843866807,2.2411346435546875e-05,0.0007819031744305815,0.00013737133861584788,0.00010492466390132904,8.302969352159267e-05,2.2866431088628195e-05,3.7178397178649902e-06,0.0018217748144484097,0.00043641912257050275,8.500088006258011e-05,0.001404752337814702,0.0006081213221033354,1.449882984161377e-05,0.0005691050284569454,0.0004846923949873294,0.00016241148114204407
1854,6.425311303437375e-05,0.0002576474927679963,8.735060691833496e-05,0.0002040459985934162,5.4523518774017565e-05,0.0005266070365905762,5.5190847442503424e-05,9.380640041199099e-05,2.8870999813079834e-05,0.000375397648218187,0.0011077216170148202,0.0003361562266945839,0.0007620561156028299,0.0011396943349111898,0.00023157894611358643,0.0003406621106941399,0.0014201410461502223,0.0008161216974258423
1855,0.00024779622282297686,0.00037142363893252414,4.14140522480011e-05,0.0007807597226407725,0.0006501667801516176,0.000784384086728096,9.371450798815843e-05,0.0001357075926960009,6.312131881713867e-05,0.0018685234868419942,0.0010816186603971045,0.000700618140399456,0.0015976892257219544,0.001248293965224857,0.000458400696516037,0.0001533181361523389,0.0017753488300169887,0.0013859421014785767
1856,0.0007586633315484759,0.0003878813111710157,0.00032667815685272217,9.148824707466696e-05,3.948526239610367e-05,0.0007029082626104355,6.72532444719251e-05,7.40720489311726e-05,0.0001090802252292633,0.0014331320561989658,0.0002601017647346354,0.0009529246017336845,0.0010263771412423253,0.0007938649920925006,0.00043128058314323425,0.00018154657414190534,0.0009993355342275342,0.0019398629665374756
1857,0.0006608460042808739,7.068352418718171e-07,0.0009422153234481812,0.00016599759721425134,3.739531453612194e-05,0.0007066167891025543,5.050329642282414e-05,5.943015772959725e-05,0.00010433793067932129,0.0015827563248536347,0.0003134146334140067,0.0006396006792783737,0.0009629802098026288,0.0007327260598170727,0.0008708871901035309,0.0003938974867846584,0.0007282719289895961,0.0017476938664913177
1858,0.0007336276626339344,0.0007454825774747299,1.3418495655059814e-05,0.0009568160836028183,0.00027324682114332477,0.0004164278507232666,1.763696670696417e-05,8.27680452820034e-05,2.528354525566101e-05,0.000312462449112573,0.0019505782302024141,0.00017916876822710037,0.0006564869874051554,0.0012397216976842522,0.0007047690451145172,0.0002763622413669009,0.0008811122526719839,0.0003434792160987854
1859,0.00024928104807597773,0.0005598776262691375,0.0005447119474411011,0.00030244131154505416,8.383116578197097e-05,0.00041475333273410797,0.00012475491044427328,0.00011853666126481789,2.5119632482528687e-05,0.0009990003860890842,0.001449094932622172,0.000345706008374691,0.0005465552598094697,0.0009966316801671646,0.0009208172559738159,0.0005941617322134385,0.0018137694091398399,0.00037703290581703186
1860,0.001620839804463814,0.0003114567889227343,0.00011419132351875305,0.0014546466196624641,4.835163342641058e-05,0.00048125162720680237,0.00014989581737334147,4.691183294377359e-05,4.101544618606567e-06,0.0016221040142756007,0.0011691382473935572,0.00035211071372032166,0.0011158249770605658,0.0003840239242479588,0.0008862726390361786,0.0006790505697440163,0.0008718225599625706,0.00022564083337783813
1861,0.00044102056103623166,0.0002968943854782906,0.0002659261226654053,0.0007529725520034058,2.1442159202501865e-05,0.000364815816283226,0.00017402660361903917,7.923187932086517e-06,1.5933066606521606e-05,0.0005693280744494961,0.0006401308566172798,8.267723023891449e-05,0.00037447904692557155,0.0004564966652947206,0.00018897652626037598,8.169827836286558e-05,3.955703577869507e-06,0.00021731853485107422
1862,0.00019042142602873624,0.000517241895357911,0.0005948953330516815,0.0004531008004718673,4.104445738996321e-05,0.001275438815355301,5.208082582835137e-05,0.00010841255660517645,5.272403359413147e-05,0.00043214617190001636,0.0010500888286312654,0.0005061961710453033,0.00010011997240726156,0.0011638676946562655,0.00036869943141937256,0.0003570441160096055,0.001818788893865643,0.0009021833539009094
1863,0.0013881342547260866,0.00039558480504514604,0.0019305981695652008,0.001944916857913398,0.00016397052720605598,0.0017219744622707367,6.18066422319475e-05,2.5861613181913518e-05,0.00010573491454124451,0.001097500963258606,0.0010854568948291815,0.00020779762417078018,0.0003851986227613943,4.3478459105038714e-05,4.786252975463867e-05,0.0013363367703202733,0.0005017641736426853,0.00125788152217865
1864,0.0011570638785515508,5.460901075794722e-05,0.0010841265320777893,0.0006572886824838808,0.00015957744325314355,0.0009766574949026108,4.1431234217070845e-05,1.243539666085031e-05,8.437409996986389e-05,0.0015863783881904445,0.0011008750298793224,0.00012379605323076248,0.0006531489110687266,0.0003704925742903302,0.00010202080011367798,0.0009125023231412038,0.00014983374340559602,0.0014124736189842224
1865,6.76873153023505e-05,0.00043847354369836583,0.0002582818269729614,0.0006429088177001274,3.4024242749348954e-05,0.0007662493735551834,9.003730027988023e-05,0.0001107220815584637,3.634020686149597e-05,0.0005735617469641713,0.002187619638222685,6.196461617946625e-05,0.0014813893650948984,0.0013704747067823154,0.0007357746362686157,0.001763017604144046,0.0019403235704300997,0.0006363801658153534
1866,0.0009576984395502364,0.00011284961560277529,0.0008389092981815338,0.0006461794426068646,0.0006044753049856341,0.0011849813163280487,0.0001246368146474268,0.0001322432248393418,4.439055919647217e-05,0.0014198249438124103,0.0013678805256782944,0.00010090135037899017,0.0014102834073714612,0.0008750639232693546,0.0007553845643997192,0.003032257712014666,0.002426801516643172,0.0005106963217258453
1867,0.0016860835412916553,0.00037627168909033434,0.00012863799929618835,0.001058841923750109,0.0008367257227663155,0.0005179122090339661,5.968882627585201e-05,3.6764927144405414e-05,5.348026752471924e-05,0.0030432343926522915,0.00011986080801157373,0.0007864171639084816,0.0026554971847898914,0.0009862688159006019,4.934147000312805e-05,0.001634327464413915,0.0005236329442413826,0.0008479468524456024
1868,0.0007372834681237672,0.00027533286252609535,0.00010708346962928772,0.0004372883348779666,1.756986119631071e-05,0.00014417245984077454,2.5084778658273146e-05,1.752433605406098e-05,1.1377036571502686e-05,0.000189130249897404,2.9487879920839233e-05,8.837785571813583e-05,0.00010349765598086091,0.0004545890565683995,2.4188309907913208e-05,0.0003576255587263433,0.00035323293851152043,0.00053362175822258
1869,0.001936211690066747,0.0005403868097382629,0.0012816525995731354,0.0017936424839315457,0.0005743486161428751,0.0016882214695215225,9.378451071266787e-05,6.753313373012186e-05,8.70823860168457e-05,0.0014581862147579616,0.0014894321138074276,0.0004204707220196724,0.0019170786275247986,0.0005768549006197616,0.00010212883353233337,0.002693508234232797,0.0010810035697439505,0.0016982853412628174
1870,0.0015675134684263181,0.0003564893218946652,5.832687020301819e-05,0.0025018281952944033,0.00044484189118994266,0.000698186457157135,8.832201073600068e-05,2.8205296933648573e-05,2.3398548364639282e-05,0.0006428383910355301,0.0005522136416109547,0.0005505941808223724,0.00015502121624757365,0.0001499984322052882,0.00015356764197349548,0.0015716073518005774,0.00018263366529807507,0.0004073493182659149
1871,0.0011939256080280014,0.0003450485314422727,0.0008745789527893066,0.001625806641834593,0.00015793996590113268,0.000659160315990448,2.258485353278869e-05,1.042109344569133e-06,4.756450653076172e-05,0.0010448648422405268,0.0008707915590756773,0.00015457160770893097,0.0009536605887418073,0.0007509015555661504,0.0006386488676071167,0.00124141276847331,0.00022805981480445575,0.00043502822518348694
1872,0.0005640839629558747,0.0006481888773127616,0.0005899630486965179,0.0009881716961372133,0.00018114995996219505,0.00037551112473011017,0.0001638918559363524,3.0936882398472504e-05,2.8528273105621338e-05,0.000950221656458479,3.36467072202945e-05,0.00038917548954486847,0.0010901804273414153,0.0005792301626404181,1.8734484910964966e-05,0.0010946637391038294,0.001146167551081094,0.00036487355828285217
1873,0.0004354263665330427,0.00038880290600409526,0.00018988177180290222,7.432033859963716e-05,0.00029029701002776173,0.0003688875585794449,8.730047446139227e-06,4.508543554925101e-05,0.00011178851127624512,0.0020365696033956826,0.0006061776990557502,0.0014100801199674606,0.0016353458854131073,0.00028160677017302627,0.000721856951713562,0.001300534149495311,0.0007557842967147732,0.0013511329889297485
1874,0.00025635909100563126,0.0005912477981784431,0.00032341107726097107,5.939193421639066e-05,0.0002720694100808302,0.0005239676684141159,1.0197608260367405e-05,2.490401266844189e-05,6.059184670448303e-05,0.0005519399122387095,0.0012391189809181288,0.000694730319082737,0.0006847467451026462,0.0007612614647372106,0.0005634687840938568,0.0006699987552401809,0.0008325812116797421,0.0013438798487186432
1875,0.0009754850684935978,0.000373105177850757,0.0004068724811077118,0.0009796881077610287,0.000476127463836868,0.000803239643573761,3.347398310725794e-05,0.00013653979828961234,2.5995075702667236e-05,0.0009816340037892973,0.0018976227522485081,0.0008868854492902756,0.0010792141014142678,0.0013192292604082157,0.0006440244615077972,0.00037794355744166785,0.0020531377004842505,0.0003292597830295563
1876,0.001479281647526115,0.0006951126579325152,0.00012428686022758484,0.0007288325736350132,0.00046979194899892524,0.0001592785120010376,8.335044754698671e-05,4.897037973920445e-05,4.14922833442688e-05,0.0007909427469600383,0.00042096858184009767,0.0003373716026544571,0.0008691239001694592,0.0017495529609469194,0.00033281370997428894,0.0020880432185560877,0.0007645957618689359,0.0002977028489112854
1877,0.0006476802560136385,0.00018353290441481054,8.314475417137146e-05,0.00043955457009786647,0.0001266843864262679,0.00041620805859565735,0.00015239487547650393,0.00014983953150108937,6.401911377906799e-05,0.0025794468986516314,0.0018918969142208558,0.0006576310843229294,0.0014773328431229305,0.0020077893187890744,0.0002826303243637085,0.0001692122017783737,0.003244757448418265,0.0003524273633956909
1878,0.0012257000407427665,0.0003687858483557051,0.0001249350607395172,0.001145230552281884,2.1065494254686457e-05,0.000536823645234108,8.463213425236038e-05,3.319325952649398e-05,2.9843300580978394e-05,0.00021224789264152194,0.0007169038730410193,0.0005183164030313492,0.0002974690199819899,0.0005013537999611854,0.0003493987023830414,0.0010691984799410248,0.00016206549496809372,0.00081605464220047
1879,0.0015834895319643827,1.0993173640460457e-05,0.001275859773159027,0.0012044027209793529,4.534108794128702e-05,0.0010511074215173721,2.9079097123156303e-05,6.714483381831896e-05,7.589161396026611e-05,0.0008514472719185345,0.00037423914329966224,0.0003282260149717331,0.0008411596040859212,0.0016129579198061721,0.0005453750491142273,0.0017685830630130017,0.000877910079461898,0.0012184269726276398
1880,0.003053919169657471,0.00011718704424789131,0.0015554353594779968,0.0030567627490598326,0.0005085805943288065,0.0022800061851739883,2.626966421967296e-05,6.899505630178081e-05,0.0001749955117702484,0.0013041310589355787,0.0015690618511608398,0.0013993140310049057,0.001428118087747704,0.0011604897024261622,0.0003781244158744812,0.003963222255804269,0.001508148419904598,0.00247110053896904
1881,0.0023691601550292762,0.00012721588640374898,0.001976374536752701,0.0019147979308687946,0.00033148270148354933,0.0012731235474348068,3.692146750840057e-05,0.00010802874100931709,9.853765368461609e-05,0.00046387776299802036,0.0011248947386033811,0.00020405836403369904,0.00030071264726774793,0.0016578720111994566,0.0010497160255908966,0.0011157023547972433,0.001991446887994845,0.0018135420978069305
1882,0.00057910027518282,5.8259734322524404e-05,0.000754188746213913,0.0012298897469844028,0.0003551992148079913,0.0010015405714511871,6.223754928116887e-05,6.767240195848859e-05,3.978610038757324e-05,4.310059664584809e-05,0.0011118477286499312,0.0001246035099029541,3.936348681014834e-05,0.0006363836030247594,0.0002057291567325592,0.0007736646157881222,0.0011195530382564038,0.0004386715590953827
1883,0.0009814929962846108,5.327742606539912e-05,0.0003470517694950104,0.0012311052582755222,0.00021162172203557927,0.0006557833403348923,6.683241602974989e-05,8.658886796526506e-05,4.6800822019577026e-05,0.0010966250730808993,0.000737014331679442,0.00047588348388671875,0.0013870260373942123,0.0016467890757948783,8.565559983253479e-05,0.0003876458648210124,0.0014098557315415546,0.0005334131419658661
1884,0.0006202849545037525,2.8617075048639057e-05,0.0001413486897945404,0.00025637048470106283,0.0001841368712429542,3.694556653499603e-05,2.9715305054968735e-05,5.5433656459087524e-05,2.3767352104187012e-05,0.0008149908115331547,0.0012452682593855208,0.00038108043372631073,0.0010612887817073383,0.0019201922872447742,0.0006590709090232849,0.00013740697610964414,0.0010505313915195394,0.0012340135872364044
1885,0.0007010009255901395,2.094748847310951e-05,0.0009028241038322449,0.001265342918977147,0.00017641835794489705,0.0009613893926143646,3.48322651641305e-05,4.131640591875543e-05,1.749396324157715e-05,0.0014972063380257195,0.002338464395142764,0.0004277154803276062,0.0010877107316061493,0.000126151450748015,0.0005659572780132294,0.0008694114962992661,0.00030890406910054347,0.0002677813172340393
1886,0.00030505138373593255,0.00013670231050585263,0.00046306848526000977,0.00020208228363782776,7.524149954262968e-05,0.0005192272365093231,8.48606992752271e-05,1.2652137688399026e-05,5.161762237548828e-05,0.002356986149377828,0.0007324724758381723,0.000522734597325325,0.0018084932070382906,2.4993458525942105e-05,0.0003213658928871155,0.0004903438992184955,0.00018109044074617053,0.0012357048690319061
1887,0.00011916720991603236,0.0001120615296682538,0.00015020743012428284,0.0002086636751544857,0.00018034425585898226,0.00014718808233737946,1.1181822800659935e-05,2.9629058846129775e-05,9.320676326751709e-06,0.001042132883823793,0.0009143059658524091,6.343796849250793e-05,0.0004073370948570257,0.0007066387551650909,1.4942139387130737e-05,1.0862120955357213e-05,0.0005241574411818731,0.000405188649892807
1888,0.0017894429370196585,0.0002653719238278514,0.0004787258803844452,0.0019663139510757988,0.00015270568878262072,0.0005113016813993454,3.7059441037889246e-05,5.365724299645231e-07,4.634633660316467e-05,0.0020945539094205587,0.0013112709864442282,0.0003913864493370056,0.001976867445292012,0.0003997603320473192,0.00045739859342575073,0.0021025962838750606,0.00026846410281206046,0.0007035322487354279
1889,0.0007313216162175007,6.758721368108067e-05,0.0006329044699668884,0.0008656501659938809,0.0002504179773749268,0.00090828537940979,8.037356766774431e-05,6.054247464824911e-05,7.866695523262024e-05,0.00043594704626086916,0.0014191522879586013,0.00047022663056850433,0.0014175538589447575,0.0015039195360593612,2.637505531311035e-06,0.001546232839564718,0.001171778960514215,0.0011466331779956818
1890,0.00047095321958612324,0.00014240309877382867,0.0002873353660106659,5.491341509833436e-05,0.0003662258533841285,0.0008157435804605484,6.755295642373559e-05,6.266460822839412e-05,4.521757364273071e-05,0.0004998932441759099,0.0019297458534414391,0.00025349482893943787,0.0005194779139552214,0.0018078000217030803,0.0005591399967670441,0.0011956897547216738,0.0012538204315415205,0.00011648982763290405
1891,0.00308557575187976,1.107162859722427e-05,0.0015219785273075104,0.0026068199137121717,0.00032233460528115557,0.001578761264681816,0.00016579664368972756,1.408240018887087e-05,0.0001046992838382721,0.002313247796336876,0.0011133721702206237,0.0001862999051809311,0.001958762435375516,0.0001032454848299523,9.981542825698853e-05,0.003240040711231837,0.00011261797605394835,0.001483917236328125
1892,0.0009533874303304657,0.00010963683069980384,0.0002322755753993988,0.001580059533254713,0.00024371364095359532,1.6752630472183228e-05,3.368319228164163e-05,1.7137019214001018e-06,1.35079026222229e-05,7.011453616757174e-05,0.0011955462064128647,0.0004961453378200531,8.295899491643499e-05,0.00025220451781511437,0.00029414892196655273,0.0005204259712469628,0.00012275204980471272,6.906688213348389e-05
1893,0.0010606126774731772,0.00021804239768671158,0.00017548725008964539,0.001013155309494862,0.00022891718767365996,0.00011514686048030853,6.828658560860054e-05,7.769222710268852e-05,4.2263418436050415e-05,0.00017739649702916416,0.00037528708734498734,0.0002746153622865677,7.621760436552633e-05,0.0012496086675289376,0.0006585381925106049,0.0006865231812906436,0.001413322795971672,0.001152973622083664
1894,0.0002673721690164832,0.000380448152956174,0.00018085166811943054,0.0001748171020551914,0.00042684220550820093,0.0006608739495277405,6.753717291206433e-05,0.00010313749103538542,3.624334931373596e-05,0.0009758801296708072,0.001285615881084598,0.00021320395171642303,0.0006076183901310775,0.0015229977968590665,0.0008312910795211792,0.0004987473044592711,0.0015970405121242433,0.000872831791639328
1895,0.0036552406066486798,0.00021077228764680017,0.002060338854789734,0.004253793859330307,0.0006342381946180739,0.0017541088163852692,6.287001418911822e-05,1.931942817140855e-05,8.496642112731934e-05,0.0006059100992590119,0.0013594484495127665,0.0002150852233171463,0.00037227852589301336,0.0004398716243494815,0.00019467435777187347,0.0029372686468427944,0.00010804541231923884,0.0010623224079608917
1896,0.0012238697407668808,0.00017958052938376462,0.0002584494650363922,0.000897330514394723,0.0002827701836807042,0.0005785580724477768,1.902241523569874e-05,6.446810764026284e-05,3.8623809814453125e-05,0.0002673222922718113,0.0011788745425371713,0.0005763322114944458,5.418132340670456e-05,1.5157331270847577e-05,0.001089390367269516,0.0016801528390599924,0.0012759969186553616,0.0011630579829216003
1897,0.0017563774159327916,0.0003854824539677795,0.00010021030902862549,0.0015878952045335348,2.4285262433504373e-05,0.0011888258159160614,2.988656449710511e-05,0.0001780478357122457,5.587935447692871e-06,0.0010098020119635037,0.0018379467972761548,0.0002723541110754013,0.0002835951477716814,0.0016006403708601503,0.0012124832719564438,0.0007112808733677201,0.002789007508161065,0.00022626668214797974
1898,0.003316010831852012,0.0003170824722447535,0.0027482882142066956,0.003131272757477821,0.0006679786520358798,0.0029416121542453766,0.00024321456047701924,9.499629330252048e-05,0.000326007604598999,0.002456172664626846,0.0014342724458126302,0.0030564088374376297,0.0026718471955877315,0.0007250801215261948,0.0028110910207033157,0.006026068486720923,0.0014765402632246766,0.005761999636888504
1899,0.0026651591631453586,0.00017568352715296998,0.0012109428644180298,0.0032255187931129747,6.794185815140949e-05,0.0006862934678792953,0.0003065726740882641,0.00011576564127474022,8.196011185646057e-05,0.002019959167452026,9.541196618292197e-05,0.0008414192125201225,0.00223851824902134,0.002650043286793409,0.00031214021146297455,0.0008669780925145698,0.0017372348461309715,0.0002725459635257721
1900,0.00112029580740719,0.0006427937207293156,0.0025447607040405273,0.001678279915001052,0.0005570209069732518,0.0015210974961519241,0.00016805986454149907,0.00016997656617765843,0.00012214109301567078,0.000496377606197751,0.00294783982993016,5.12879341840744e-06,9.541641963219105e-05,0.003068568852457625,0.0013854559510946274,0.0007887336777600007,0.0031611158640931884,0.0025207623839378357
1901,0.00026028925138860126,5.599378925268128e-06,0.0015758220106363297,0.0008890146735714144,0.0003130340651900758,0.0010041650384664536,4.098861945613444e-05,8.730621918561442e-05,0.0002470463514328003,0.0012709709146474374,0.0018988242601867336,0.0018983343616127968,0.0006657432310802833,0.00036143870738509186,0.002747993916273117,0.0008764925816663466,0.00200471890223803,0.004618275910615921
1902,0.0008218600641065332,0.00012142109734538872,0.0031524673104286194,0.00017959786992916005,0.00047999579692748276,0.0025009531527757645,0.0005235316203691647,4.083020581203186e-05,4.370883107185364e-05,0.00036218054167699854,0.00015333668690446778,0.001921926625072956,0.003442227639699813,0.00182313271807206,0.0012992043048143387,0.0049269562612047485,0.0001842332371309631,0.00039167702198028564
1903,0.004215461217514732,0.0007233771058983741,0.0034076254814863205,0.0034160531053208376,0.0006631179065986377,0.0011679138988256454,0.000765076807599574,0.00023943235567677138,7.016584277153015e-05,0.002753939077308004,0.0019109573463118382,0.0014822529628872871,0.0022841323340796124,0.002930833770716325,0.0007246918976306915,0.001901533545380335,0.004959740406461074,0.0037026889622211456
1904,0.0030524112938025982,0.000811514600466922,0.0016278624534606934,0.0024571765752233465,0.0014908066137978779,0.003920266404747963,0.0001949144758218585,0.0002092391897447934,0.0003782808780670166,0.004148767235386812,6.00522712701293e-05,0.004069901071488857,0.0053037076858673815,0.0019236639097666881,0.0010995306074619293,0.005695419252428668,0.0037109696021639764,0.005618669092655182
1905,0.00429860360839085,0.00018317551238486093,7.381290197372437e-05,0.0032203680048339123,2.073822676983833e-05,0.0002715718001127243,0.00019981886971117378,5.2246156624380716e-05,1.0099261999130249e-05,0.001527602245789135,0.0019500028159661828,0.0005442807450890541,0.0009707501167164276,0.00013475670802206782,0.0001857168972492218,0.0011643946920613657,0.001182966545474097,0.00024336948990821838
1906,0.0013291187716799324,0.00047027613497642104,0.0011855177581310272,0.0013615174432448085,0.00040157797535590734,0.000906897708773613,0.00021635411733018396,5.6321351816607766e-05,0.0001112036406993866,0.0016927005391823222,0.0003941850517825349,4.8335641622543335e-06,0.002223683622665784,0.0011080216085332904,0.0001593213528394699,0.005064782518037436,0.00043893978388103577,0.0007603764533996582
1907,0.0007836857121539254,0.0004999692994441356,0.0012629982084035873,0.001005043493940927,0.0007387740758514998,0.0016631567850708961,7.384142089889197e-05,6.500922974578965e-05,0.0001674070954322815,0.0014881343682359854,0.001644291192690439,0.001522611826658249,0.00022602803301510072,0.0017497015547181666,0.000943448394536972,0.0027890011583003305,0.0010293687133541111,0.002550918608903885
1908,0.0012282166191971144,0.0006970724092391946,0.0005262251943349838,0.0011888043227276934,0.0003580209014757939,0.0013011666014790535,2.6919789647973993e-05,5.452731624958659e-05,3.355741500854492e-05,0.0066722528662932,0.005168712827865331,0.0004074331372976303,0.006398724440704433,0.0042591182786871,0.0015611853450536728,0.00011233715373443198,0.0005229361984069626,0.000640135258436203
1909,0.0006794100443593132,2.9763455537637484e-05,0.000785166397690773,0.0007473151491306784,0.0002012533038685399,0.0006087794899940491,0.0003728863829575539,1.8584737104759483e-05,5.996599793434143e-05,0.0025956477818386142,0.00025360417923275813,0.0015146387740969658,0.0029284362020588206,0.003777529068206156,0.001469302922487259,0.002213537682169281,0.000429987580771847,0.0004566609859466553
1910,0.0029422083564974444,8.460325511553887e-05,0.0017579607665538788,0.0031186347908625234,0.00025986932599721124,0.0017967280000448227,0.00036363320485020487,1.0473196630839208e-05,0.0001706145703792572,0.0025678735997130483,0.001100974446055579,0.0007619354873895645,0.0026153544459802808,0.0009246634062734047,0.0006002634763717651,0.005995983280185302,0.0004184885012220377,0.0032632648944854736
1911,0.0037872449911661166,0.00014501345415036254,0.0008434895426034927,0.00350964962559705,0.00022555246463282566,0.0015977416187524796,5.276558451100012e-05,5.964005813321647e-05,0.00010348111391067505,0.0014603436213080911,0.001463820126809394,0.0013098111376166344,0.001058623827660074,0.0010251648049065497,0.00022914446890354156,0.0016045015351009162,0.001172597719284808,0.002433463931083679
1912,0.0004761626466126545,0.00040314660880310174,0.0023469161242246628,0.000497987220440671,0.000281520058017716,0.0020974772050976753,0.00027741635332503845,9.213132130045766e-05,0.00017357617616653442,0.0002984165984767015,0.0008516583448697351,0.0005732988938689232,0.0009353711176090379,0.001234045934386481,0.00116046704351902,0.0040555806179471965,0.0017090601927803907,0.0022376589477062225
1913,0.0008270701841738559,0.00011970797409594641,0.0002240743488073349,0.0011434131265061487,0.00011603044129478504,0.0005005449056625366,0.0001238565592815745,6.760506612843258e-05,5.335360765457153e-05,0.001307779889335621,0.0007327405772480089,0.0009905677288770676,0.0010233000139591303,0.0003370029534869104,4.466064274311066e-05,0.004074361982374486,0.0009906666475700075,0.0012915916740894318
1914,0.0013535465321268259,0.00016903425690097118,7.689371705055237e-05,0.0015879695044348219,0.000318857343240022,4.058424383401871e-05,8.167249120814499e-05,1.565469439721934e-06,1.8771737813949585e-05,0.00012324394278494244,0.00047037522093446027,1.4745630323886871e-05,0.0005572649768160742,0.0004691625711485334,0.00015824660658836365,0.0002542982343964051,0.0002583161917199747,0.0001605115830898285
1915,0.00040872168066558023,0.0002088558971160108,0.0002921838313341141,0.0005362103164895937,1.409541812470716e-07,7.193535566329956e-06,0.00014780679362525265,5.363801871095938e-05,2.181902527809143e-05,0.003355355812614813,0.0010218252246564988,0.00012259837239980698,0.0027887428844946827,0.000489677266389564,0.0003790091723203659,0.0019140794102109893,0.0009218072440031234,0.000359315425157547
1916,0.00032407852460181186,8.94516780895506e-05,0.0002207476645708084,0.00036640374512691976,1.0190815508896722e-05,0.0003982679918408394,3.959396850036767e-06,1.4727709341596715e-05,4.1522085666656494e-05,0.0001578189073131106,0.0006803642676014299,0.00014647748321294785,0.0003502303885649649,0.0007632140037524757,6.213970482349396e-05,0.0013828965195840648,0.00020265019322358684,0.0008780322968959808
1917,0.00023025094820017245,0.00010962626114550955,8.739717304706573e-05,0.0005418518128262051,0.00010788246631708576,5.232635885477066e-05,5.109875033556047e-05,1.6423068236343986e-05,1.0073184967041016e-05,0.0017102161755795514,0.00013885118579035766,0.0002014869824051857,0.0007022716862633699,0.0005556418899427089,0.00026401132345199585,0.0010313259159188404,0.0002968776430920788,0.0003077760338783264
1918,0.0013848023757050132,0.0001744529805361751,0.0005467906594276428,0.0011582117299633043,0.00011578706513745013,0.00045280344784259796,8.750989099807344e-05,4.53506903995279e-05,2.9578804969787598e-06,0.002988634845759515,0.00024978359554823915,0.0008014263585209846,0.0018151212489518481,0.001317172811986931,0.0006660874933004379,0.0014373915522155056,0.0007957992634557206,0.0004306584596633911
1919,0.0002005688242270598,4.955627823710618e-05,0.00021723471581935883,0.0005912490831272155,3.421119563446623e-05,0.000411435030400753,0.00020066111228016562,1.665996970049311e-05,4.09446656703949e-05,0.001038417403397697,0.002351440937020388,0.0003763372078537941,0.0018065459669390077,0.0007663030293251355,0.00017692521214485168,0.001435898604231406,0.00017797094444501303,0.0006433501839637756
1920,0.0005527328572985657,0.0001265947101878953,0.0003697425127029419,0.00036566043811475657,3.216609988188068e-05,0.000512443482875824,7.29632269014617e-05,9.644145581498087e-06,6.590038537979126e-06,0.0019156041485509576,0.0007295320496041105,0.0003114091232419014,0.002309722888884827,4.641396379872695e-05,0.0005084052681922913,0.0012105740880848648,6.948452525979212e-05,0.0006228871643543243
1921,0.0008615498586578008,0.00040658413565106827,0.00022979266941547394,0.0002494230419463894,4.3439136556910896e-05,0.00033719372004270554,0.00017299014366092998,3.401407738062943e-05,6.164610385894775e-05,0.0013716498483846151,0.0018777810512031687,0.000342334620654583,0.0006433553211082771,0.0003803873747304058,0.00027844682335853577,0.0015116009967261201,0.00038646520273637186,0.001083824783563614
1922,0.001107472680601046,0.00041780891300374767,0.0008228961378335953,0.000646411382803247,0.00015770121591146546,0.0007881466299295425,7.64441034674778e-05,1.222072275525155e-05,2.7861446142196655e-05,0.0006264153049042251,0.0014110551114117909,0.00014939531683921814,0.00030080881388576397,0.0013272239751666373,0.00021074898540973663,0.0007469377311922487,0.00024375729605384533,0.00030253082513809204
1923,0.0015561073511422274,0.0007703982024118879,0.0001974683254957199,0.00161304306972615,0.00019211055842542624,0.0005382532253861427,2.2373524408449835e-05,6.149774701593369e-05,6.058812141418457e-05,0.0010321488572099802,0.0035222550778232567,0.0008803242817521095,0.0005248976917239107,0.0005008787730382824,0.00033757463097572327,0.000517914876073694,0.0008022182980847586,0.0009228736162185669
1924,0.0006145379977549048,0.00045531564343823105,0.00016465410590171814,0.000234619289613075,0.0004620028131368317,0.0006494252011179924,0.00020574328733306314,7.775408351907499e-05,4.2766332626342773e-05,0.005954329361729509,7.596794069131968e-05,0.0007326798513531685,0.0048775965239327285,0.00033175571277434257,0.0002391580492258072,0.004374136869521372,0.000895704440951885,0.0003058910369873047
1925,0.0016311982647452816,9.599791785216624e-05,0.0007493942975997925,0.0007010642715587767,0.00025047673216805483,0.0006939955055713654,0.00033105661989596587,4.6009311183459385e-05,4.906207323074341e-05,0.0003136058056021837,0.0010255350998178078,0.0018562553450465202,0.001330121916216634,0.000922381673605404,0.0017531327903270721,0.0007943235549154881,0.0007825522725162463,0.00034148991107940674
1926,0.0014653950119395132,9.9443215975277e-06,0.0008320119231939316,0.0009512519198721647,0.0001300021329331165,0.0004751887172460556,0.0001192466930118024,1.5102842569142405e-05,6.455928087234497e-06,0.0002910428452689781,0.001005348168479206,0.0007934710010886192,0.0011789482744942112,0.0006820454534137571,0.00028345733880996704,0.001736224753305371,0.00043831153856780866,0.0002600476145744324
1927,0.0006317169575893455,0.000277511964503159,0.00026461295783519745,0.0008830643990436204,0.00012247883070704707,0.0002585500478744507,5.2574271747865206e-05,7.529190038890483e-06,1.1920928955078125e-05,0.002093828381946723,0.0002049818019378702,0.00017311517149209976,0.0013529100743721253,0.0010764880546182548,8.775666356086731e-05,0.0014459660057656587,1.9915921596440345e-06,0.00015472248196601868
1928,0.0035919279246960367,0.0005298444962387495,0.0029276851564645767,0.003358378600219508,0.0003885392866096321,0.0027367472648620605,0.0004105212358128073,1.942995914255277e-05,0.00022413209080696106,0.001548561588345862,4.324250844094102e-05,0.0014295317232608795,0.003509997624056585,2.7922524170713447e-05,0.0016454346477985382,0.006814144145531664,9.46848546474633e-05,0.003514431416988373
1929,0.0016220150052896343,0.0003107457060160766,0.00016915053129196167,0.0022298807904230222,0.00046569548501255303,0.0001877211034297943,0.00014440696258476333,1.4700732948098134e-05,3.401562571525574e-05,0.0005101089077356596,0.000782871663107379,0.0008449219167232513,0.0005941627898317578,0.001201084114183907,0.000947069376707077,0.0004217784774977751,1.8615276458350608e-05,0.0005357861518859863
1930,0.0008983426444071907,0.0005560680174262825,0.0006946995854377747,0.0008828655826881304,0.0002614498591744577,0.0006746351718902588,4.332969832874893e-05,1.6259493542951212e-05,6.189197301864624e-05,0.0005791790182946843,0.0012229633504346957,0.0011395150795578957,0.0004118027927718787,0.0006567269583890693,0.0011621695011854172,0.002028215359030666,0.0008313596651471165,0.001179579645395279
1931,0.00017025644735957357,2.5119830638423157e-05,0.00022076256573200226,7.685372333104956e-05,3.415974812879044e-05,0.0004953630268573761,0.00018714997708533902,4.32395309904346e-06,2.2649765014648438e-05,0.002231002190277588,0.001154564267551124,0.0003096405416727066,0.0007636197505272307,0.0003652326876278818,7.780082523822784e-05,0.0013889697968268166,9.977128440809106e-05,0.0006556101143360138
1932,0.0007665096924691361,0.00029823235872370943,0.0011673830449581146,0.0009053419389063733,0.00014397136326326984,0.0008974727243185043,0.00011433659028187507,6.155163510982613e-05,0.0001246631145477295,0.0012299441392786548,0.0004459886566796564,0.0006687194108963013,0.001686798938076231,0.0012378437198868157,0.0010987389832735062,0.0025038380216055867,0.001269618762477151,0.001770462840795517
1933,0.0013761302825266164,5.9927320529666595e-06,0.00039213523268699646,0.0010099953432550213,0.00016158774266911494,3.622658550739288e-05,5.108911070599367e-06,1.201428387535711e-05,9.064376354217529e-05,0.0021508362530651137,1.3764594814336117e-05,0.0011466806754469872,0.0014605110145672895,9.54181395564635e-05,0.0016174223273992538,0.0016682438224189244,0.0006250738161035375,0.002100948244333267
1934,0.0014460952727427534,7.587950625275591e-05,0.000972796231508255,0.0013004196228079412,0.0003617958008043237,0.001009773463010788,1.802900375864197e-05,1.9547514279938806e-05,8.086860179901123e-05,0.00010980224506933894,0.0010383311924155592,0.00027746986597776413,0.0006774468832911537,0.00022034601290370562,0.0002877861261367798,0.000986328892947641,0.0004649265548790447,0.001354765146970749
1935,0.0005302398011797216,1.3149231540502543e-05,0.00035087205469608307,0.0007505440396181617,0.0002682494889144245,0.0004967972636222839,3.5866491080119994e-05,4.860009343896066e-05,3.236904740333557e-05,0.000314710277332729,0.00032259432969503066,0.00023678503930568695,0.00013818645025542864,0.0014851580899580552,2.020038664340973e-05,0.0006170960558887495,0.0008505674477271886,0.0006823688745498657
1936,0.0030030400647899913,0.0005424764916985222,0.0011249929666519165,0.0035519106972799197,0.0006360242783374284,0.0011746268719434738,4.8690331997973055e-05,2.2019625741059954e-06,0.00014863908290863037,0.00041605402322872354,0.00030737927532569626,0.0012352196499705315,0.00013829184068820527,0.0006339042226177552,0.0010751523077487946,0.0026771014382424296,2.8479564153320938e-05,0.0027043595910072327
1937,0.00013751551843496634,6.865459257287404e-05,0.0002390444278717041,0.00019919866437440037,0.00037700165153797816,3.6271288990974426e-05,6.533586807840226e-05,2.961120583245332e-05,3.5878270864486694e-05,0.0005195847968370929,0.0002531515487875363,0.0008678026497364044,0.000726355432744484,0.0009702469806778056,0.0007079727947711945,2.535016345572849e-05,0.000619415957168851,0.0002666674554347992
1938,0.0003506858724398043,0.0007351730881336553,0.0008538123220205307,0.0009460768255620255,0.0004268388821875649,0.0002314150333404541,4.3729015448598293e-05,6.1414200622824e-05,2.6714056730270386e-05,0.0003480535243872776,0.0009042976711794229,0.00016556121408939362,0.00039641848172593946,0.001013204744685272,0.0005499515682458878,0.0010394589117406483,0.0008966460361410286,0.00047257915139198303
1939,0.0012456178523551908,6.307256727743765e-05,0.0015554334968328476,0.0011474221113035588,8.292474900264621e-05,0.0011718906462192535,9.682260614348077e-05,3.641067110783831e-05,0.0001140497624874115,0.0002037268563374814,5.9453109890694744e-05,0.0003264937549829483,0.0007721636331548057,0.0004274071749200241,0.0007468536496162415,0.002743023550378615,0.0005007981673070191,0.0015983320772647858
1940,0.0014365503836291926,2.7539337814533327e-05,0.0005910471081733704,0.0012900669307531198,0.0001375124997785998,0.0009146742522716522,2.8812865023694623e-05,3.6643419793551315e-05,6.350874900817871e-05,0.001382489555810544,0.0016713023272886748,0.0004457477480173111,0.001774474402148618,0.000978545871639534,8.602812886238098e-05,0.0015325984200793563,2.0076482899214487e-05,0.0012383311986923218
1941,0.0003405055712323579,9.702362086185315e-05,0.0012529119849205017,0.0011101414900563655,0.00030497248752380315,0.0016075186431407928,4.968395386061378e-05,4.8609704312874103e-05,0.00018586590886116028,0.0018658689066792591,0.0007919326096565218,0.0020367279648780823,0.0012930147802059089,0.0002567696194112276,0.0016007926315069199,0.0030264822144735193,0.0009591095756899676,0.0028987303376197815
1942,0.004357455784561148,0.0001852841125992051,0.0017828978598117828,0.004431915756648003,1.8669631549995264e-05,0.0029562562704086304,7.835961931934414e-05,8.665275042709459e-05,0.00017125532031059265,0.002438363362771624,0.0011974204317960618,0.0013674665242433548,0.001185564090511619,0.0001900344723948181,0.00012767314910888672,0.005998990261822712,0.0014411086165584605,0.0030144527554512024
1943,0.0020560596004581544,0.0002286958834055372,0.00022019073367118835,0.0013513244822970505,0.00030063025414578046,0.0008843578398227692,0.00017332318726881457,6.108412475808568e-05,7.001310586929321e-05,0.0008619542918682152,0.0010499665954426182,0.0015414096415042877,0.0018199533984617766,0.0005177633114795445,0.0006738752126693726,0.0006653285046943902,0.0011038138839173095,0.0022225715219974518
1944,0.0011380391083839203,4.918543463073785e-05,0.0002788696438074112,0.0012435611429156834,7.161287284917356e-05,0.0002510417252779007,0.0001367068281099039,2.4687680282866296e-07,9.807571768760681e-05,0.0006303978637007893,0.00015020403246689823,0.001475716009736061,0.0019160306411938055,8.045192710246125e-05,0.0016836151480674744,0.0008112623190116297,0.00034997046890482275,0.0021466203033924103
1945,0.002091659513484362,3.3031453658616955e-05,0.0007162541151046753,0.0015041334022759811,2.704397429050681e-06,0.0004825964570045471,6.69523872576603e-05,6.382321608370948e-05,0.00015081092715263367,0.0004353085767106607,0.0023499774740762328,0.0015155887231230736,0.0002016072438093472,0.0007017465083352069,0.001880573108792305,0.001738159689788965,0.0011755235443108303,0.0031250230967998505
1946,0.0012961083477380786,0.0001636400575696119,0.0001252889633178711,0.0014129830718350722,0.0003824344190053626,0.000548308715224266,2.5356939174962442e-05,5.5916977010114126e-05,5.798414349555969e-05,0.00016670023887319085,0.000270907346466516,0.0007641138508915901,0.000329867532778548,0.0016918980920125407,5.397573113441467e-05,6.021899425154298e-05,0.0006170869023554848,0.0006461702287197113
1947,0.0009632811119675011,0.0002881503922883451,0.00024452991783618927,0.0014203222160451001,0.0005510007238126655,5.4366886615753174e-05,0.00031059430871110613,3.583860644949897e-05,0.00013450905680656433,0.00045389087596224564,0.002809953678243514,0.0020539090037345886,0.000347542241868809,1.1909435805017993e-06,0.002533886581659317,0.0017762348048111776,0.0006308372966137774,0.0029080547392368317
1948,0.00014132205496369954,0.00043319447862226815,0.00020836107432842255,0.0005575837823974805,5.95269733163345e-05,0.0002114325761795044,4.1588351464085654e-05,4.5915092987747815e-06,3.178045153617859e-05,0.0002828808855939377,1.3312765450232411e-06,0.00010231137275695801,0.0005273046890361469,8.990398836277065e-05,0.00025207363069057465,0.0012657465686395086,1.0051131646544864e-05,0.00034711509943008423
1949,0.0016104544479196847,0.00043472217361618937,0.0008481387048959732,0.002298107213557443,0.0007199789635726588,0.0012524724006652832,4.102279463723615e-06,2.0359665428514116e-05,0.000128086656332016,0.0008425487554327843,0.0004348139287983707,0.001097632572054863,0.0009100488283252939,0.00019268497033664636,0.0007008202373981476,0.0030003639455173092,0.00018951407273399418,0.001163143664598465
1950,0.00023874450953750848,0.00030993715946988146,0.0002558790147304535,0.0011315071387515419,0.00024002268471551638,0.000570196658372879,2.2649086807218985e-05,3.339436196221602e-05,5.7153403759002686e-05,0.0008873303745912595,0.0005560712146474925,0.00042664818465709686,0.00047292967601669095,0.0008412240573516978,7.019191980361938e-05,0.0025408805666903567,0.0006700946620356481,0.00013313814997673035
1951,0.00045837153895453286,2.9332542097099817e-05,0.0002571381628513336,3.719879690386452e-05,3.239794803309992e-05,0.00033764541149139404,2.6804278276592805e-05,1.551642420783393e-05,2.3599714040756226e-05,0.0009670550606928202,0.0006253056611489755,0.0002916185185313225,0.0006581966151377877,0.0003795091202809589,0.00021693669259548187,0.0010984280658318524,0.00018841533390791254,0.00013973936438560486
1952,0.00015296515882134987,0.00024214249270836444,0.00026538409292697906,0.00047829042327585114,0.0004170675801047907,0.0007947664707899094,0.0001441009628028022,5.273860883875511e-05,4.533305764198303e-05,0.00041918305739383627,0.0017286244353060393,0.000569160096347332,0.00019110152013101372,0.0006355343939073201,0.0001535750925540924,0.0007561393692401275,0.0005938908553935925,0.0007789917290210724
1953,0.0005379904098272437,4.9130121232025814e-05,7.241964340209961e-06,0.00025088168666548283,0.00027030779790216536,0.00033384934067726135,8.991947377301641e-05,4.925709830019332e-05,5.2131712436676025e-05,0.0006942518364324302,0.0005611207086116052,0.00036590080708265305,0.0012403267759230965,0.0015820195469116553,0.0007697064429521561,0.00011370130999296957,0.0012048302980531209,0.00027158111333847046
1954,0.0005504579985634583,0.00034159639454029583,2.349168062210083e-05,4.104006949609551e-05,0.0005348867464872627,0.0006238892674446106,0.00011446472061960207,9.590518658500664e-05,2.8736889362335205e-05,0.0008217684583418927,0.0007340999349746205,0.0006025182083249092,0.0014419359216322689,0.0014728821386369058,0.0001987125724554062,0.00038726197017024955,0.0018222159597401331,0.0004469528794288635
1955,0.0006860237644325251,3.694363936035047e-05,0.0006490126252174377,0.0016788573413412666,0.00018031852657823463,0.00034368038177490234,1.3963460601562616e-05,4.735892330539129e-05,7.550045847892761e-05,0.0007337792082668798,0.000815769931614356,0.0003863750025629997,0.002356236411180046,0.002388281338175471,0.0007921364158391953,0.00043882528146965694,0.0013417956327584045,0.0017740987241268158
1956,0.0006876306352994743,0.0006098095854616507,0.0006517637521028519,0.0012191352018841028,0.0004460515308812689,0.0007446277886629105,0.00019661084136179605,1.58979775027985e-05,3.358721733093262e-05,0.00031817767968199406,4.809483458249192e-05,0.00020899809896945953,0.0008833145586164617,0.0015319198328445863,0.00044897571206092834,0.0003182256184598442,8.026324867148327e-06,0.0005834102630615234
1957,0.0005873088951428851,0.00032940103824996916,0.00040035881102085114,0.0006052055423581004,0.00017198028972814292,0.00037481263279914856,0.00010860524844515627,0.00012052754574885089,4.326552152633667e-05,0.000534294419685534,0.00041092632602764134,0.0007870383560657501,0.0008480436322795618,0.0017697339656798892,0.0001779738813638687,0.00037784555437983536,0.0022810696369307687,0.00028318166732788086
1958,0.0017279974820496036,0.00016694762448805564,0.0014736857265233994,0.0022144459413913353,0.0001772724775529061,0.0005909688770771027,3.548969366039961e-05,9.06594048407205e-05,4.536285996437073e-05,0.001067820749985994,0.001965481947886566,0.0007571885362267494,0.0014908545116596311,0.0005504754834940954,0.000363420695066452,5.901513314260365e-05,0.0015276196502899894,0.0004920177161693573
1959,0.0013580277628304216,0.00024393014178168693,0.0012466032058000565,0.001239280880897059,9.346263189694698e-05,0.0016830824315547943,6.861291894243518e-06,4.637827923816701e-05,7.725134491920471e-05,0.0013122086506099154,0.0007119777415377088,0.00030765775591135025,0.0015837549553238336,0.0006995916094540994,0.00023830309510231018,0.001995681571331287,0.0007655385280114363,0.0008048638701438904
1960,6.428915022851922e-05,0.00011104159934230765,0.0011067148298025131,1.4450339116817146e-05,7.949505759712733e-05,0.0005601868033409119,9.491371568535675e-05,6.481005720447575e-05,1.5962868928909302e-05,0.000563512248400122,0.00019588670488893817,0.0004940228536725044,0.00016420464913238092,0.0007771760782688455,8.585676550865173e-05,0.0011525081126319003,0.0010847178927489466,0.0006999298930168152
1961,0.0004114613760073105,1.538752226876508e-05,0.0001942552626132965,0.000577766486808462,5.692730975672203e-05,0.0002929195761680603,8.895503866240828e-05,4.3722896818689135e-05,1.0516494512557983e-05,0.0004198758936089092,0.0010637645643661112,0.000124247744679451,0.0008378596610293387,0.0010835227371208227,7.245317101478577e-05,0.0004339036362012161,0.0008818492842923749,0.000246584415435791
1962,0.0004464316865726292,0.00020977249990401792,2.956017851829529e-06,0.0004553336102131045,0.0004536653129413107,0.0006271451711654663,3.254856850157424e-05,2.148308579389595e-05,2.1435320377349854e-05,8.108468996977786e-05,0.0003592841481051545,0.000619770959019661,0.00024082306031893846,0.0005806956227920827,5.7656317949295044e-05,0.001503719356353489,0.0004179755650516141,0.0005428344011306763
1963,5.994145121038241e-05,0.0002262558685489427,0.000513540580868721,0.00019088120412438792,0.00016683871992334912,0.000783996656537056,0.00013424932023542793,4.583045555638858e-05,2.6479363441467285e-05,0.0007495681470856552,0.00020817111599090443,0.0001445850357413292,0.0013634845656542716,0.0003082172221140515,0.00022400543093681335,0.0013707315946182574,0.0007170521095776934,0.00043359771370887756
1964,0.0001985321707833887,3.2576885152069135e-05,0.0002346765249967575,0.0001834294113399193,1.1714208909885393e-05,7.359497249126434e-05,2.3216611948912932e-05,1.187045059610056e-06,1.0732561349868774e-05,0.00012489807936531122,0.0015062249938752117,4.577077925205231e-05,0.00026349271737786256,0.0005376225815005801,0.00010584667325019836,0.0003119305743806977,1.481783374220752e-06,0.0004129484295845032
1965,0.0008272349376993726,0.0001056534029821414,0.0004901569336652756,0.0011520004801263972,3.427273354320026e-05,0.0009677130728960037,6.09263013974428e-05,3.659857999881383e-05,9.687244892120361e-05,9.181961108316317e-05,0.0005516722885647793,0.0012586833909153938,0.0001117208585341492,0.000858718204975433,0.000701049342751503,0.00037438826890046073,0.000685090975769697,0.001787625253200531
1966,0.0008743422234663012,0.00040714043867742106,9.22568142414093e-05,0.0005876016808052109,0.00011914933270729469,9.423866868019104e-05,6.974967957229863e-05,1.2480582550750737e-05,3.337860107421875e-05,0.00022273418102976283,0.0008300977578537747,0.0002328595146536827,4.980379424049386e-06,1.3535427902805486e-06,0.0002151336520910263,0.0011344499405562258,0.00019358900006075444,0.0003110244870185852
1967,9.2618701859698e-05,0.0003539497725117795,0.0003619641065597534,0.00019513489825928598,3.261267607629695e-05,0.0005107484757900238,3.155283782301302e-05,3.242257389162286e-05,4.1157007217407227e-05,0.0004952808889560345,0.0006022094961288318,0.00042272452265024185,0.00031089400634586734,0.0003770262325087899,0.00021667219698429108,0.00028728609885991796,0.0008161488863043763,0.0007927305996417999
1968,0.0016646999728981704,9.853727798068979e-06,0.0010814107954502106,0.0021796303794296146,0.00025226945114211613,0.001334693282842636,0.00017183661515981184,3.5625062265805425e-06,0.00011324882507324219,0.0010151981510466493,0.0007190186072762866,0.0009820051491260529,0.0013343074531632013,0.0006865602323729673,0.0007492881268262863,0.002448433718131915,0.00015002570540154775,0.0020672231912612915
1969,0.0014719489738077296,1.2482261878676154e-05,0.0009684097021818161,0.0011669977559444766,0.00016261876791882207,0.0009573549032211304,0.00012350179339071926,4.920689766051839e-06,3.236159682273865e-05,0.0010652294181210248,0.0011763028031654549,0.00032566580921411514,0.0009156013911346822,0.00046318440355425875,0.0004970207810401917,0.002530821795139304,0.00023178737006721017,0.0006137490272521973
1970,0.0005676187338533589,0.0003606842090205335,0.00044861622154712677,0.0006923774446023767,0.00023117290806534685,0.00022248178720474243,6.254066259571249e-05,2.73952261339379e-05,1.529976725578308e-05,0.0011233892626800052,0.0006395963486200557,0.00028137583285570145,0.0008735239772806672,0.000860896246779712,0.0001623407006263733,2.2175747068364782e-05,0.0003346052343620315,0.000558897852897644
1971,0.0023529817227033734,0.00042296508165428487,0.0012975279241800308,0.0020594017814304644,0.0006578001745979889,0.0014529433101415634,7.869334652475454e-05,3.931836211511783e-05,0.000105343759059906,0.0015788242691104001,0.0004309342351112716,0.0008442727848887444,0.0017859036678878545,0.0008100484423200945,0.0005921758711338043,0.0018397875848331358,0.0007158333991539451,0.0015632063150405884
1972,0.0010311766141611889,0.0001460846003432173,0.0010333731770515442,0.0009124670898703335,3.7961079586559116e-05,0.0010019242763519287,6.231663067737814e-05,2.8221478199196535e-05,6.381422281265259e-05,1.4524648712974098e-05,0.0007979394504503204,0.0004203822463750839,0.00012011428688433329,0.00014761085820532045,0.0002978760749101639,0.0008097813138722709,0.0005703937977495771,0.0008519552648067474
1973,0.0004216632579510382,1.0433549558319655e-05,0.0007574912160634995,0.0002750788883617017,8.144830567778996e-05,0.0007222872227430344,7.81169544933312e-05,4.938059835591247e-06,7.023289799690247e-05,0.0003195687437603373,9.666028356974249e-05,0.0004179151728749275,0.0005090567129108978,0.00047985861623901695,0.0005837567150592804,0.00037955779603301987,0.00029522447888078243,0.0009066760540008545
1974,0.0019346657603664386,0.00023098671191763148,0.0005078893154859543,0.002418815260034096,0.00014671035752326228,0.001200476661324501,2.841136052985152e-05,6.633523033972672e-05,0.00011742487549781799,0.0010663881806505723,0.0008894305886035653,0.0009329426102340221,0.0017932331216847786,0.0007114693974078759,0.00010303407907485962,0.002086134885978891,0.0009518558672213344,0.0011519938707351685
1975,0.002709929503332209,0.00021958270400596752,0.0007262472063302994,0.0014491923193370726,0.0002448834816292274,0.0004543289542198181,2.144038339802444e-05,3.109066633610923e-05,3.606826066970825e-05,0.0013913972900464963,0.0004267743964437784,2.052169293165207e-05,0.0018125510284215385,0.0004126532091815868,0.00025087781250476837,0.003630225286857608,0.0005636299643087157,7.601454854011536e-05
1976,0.0025673215577949327,0.0001823421736616218,0.001138538122177124,0.001772796814852512,0.0005365659973187824,0.0006224792450666428,0.00012942321041683677,1.8867078703042016e-05,5.412846803665161e-05,0.001884295652457936,0.0011947104562442523,0.00014689844101667404,0.0019367881397246572,5.140634414850867e-05,0.00044975243508815765,0.0023978405198966657,9.750801788339578e-05,0.000586245208978653
1977,0.0005829045761892859,0.0002289032193739035,0.00031722523272037506,0.00039521559422725505,0.00038421772743597177,0.0004555899649858475,3.779558946615663e-05,7.973093274095573e-06,4.87007200717926e-05,0.00010909400450483803,0.0005153797922289663,0.000516215804964304,0.00018990692269257176,3.238413075381738e-05,0.00031246989965438843,0.0009607814717070562,0.0002229098878746491,0.0010743029415607452
1978,0.0006067514415941666,1.3026839428789683e-05,4.759058356285095e-05,0.00045083633103765175,0.00013571094589354127,0.0002621114253997803,2.5462635429632924e-05,1.04376410129765e-05,1.8887221813201904e-06,0.0011974035066345812,0.0012509217294902689,0.00025402288883924484,0.0008214667679602369,0.00019346713852433622,1.5273690223693848e-05,0.0010587462660251457,0.00013714423411815418,0.0002725645899772644
1979,0.00020210127185998905,5.875139465118945e-05,0.00012499280273914337,0.00015691769834394464,7.677404512476671e-06,0.0006301924586296082,0.00012821169392182585,3.522305596074756e-05,4.5821070671081543e-07,0.00021210094459213347,0.0003594879418735847,0.0005453266203403473,0.00044194246395437564,9.157224722818914e-05,0.00045493245124816895,0.00027619524346811364,0.000346429415993485,0.00032364949584007263
1980,0.0033676685657575978,0.00010560901855995869,0.0015114117413759232,0.0032083942602801063,0.0002872350206782892,0.0014058016240596771,6.541044407592719e-06,3.2095225834828916e-06,0.00016775727272033691,0.0011812182850540268,9.308836440082707e-05,0.0011999155394732952,0.0005784964067584789,8.53446510320809e-05,0.0013624224811792374,0.0020608158002522192,7.024530179168889e-05,0.0027544796466827393
1981,0.0012855421261531996,0.00014426916884972135,0.00029548071324825287,0.0018839789172209742,6.9720533663331086e-06,0.0003985818475484848,1.2375452978758902e-05,1.3956712424017213e-05,7.967650890350342e-05,8.659116484901336e-05,0.0005385541080287146,0.0009060329757630825,0.00029792763711502385,0.0008041777643088971,0.0008119791746139526,0.0003188623366912058,0.000401916746949834,0.0014480575919151306
1982,0.0013434941009545787,0.0004021808657192899,0.0007564611732959747,0.0017972385610663666,1.1498102933590881e-06,0.001119520515203476,0.00011381321769846423,4.382973231245157e-05,0.0001050606369972229,0.0011576417430750607,0.00013003913559185565,0.0008387276902794838,0.0008351890929899353,0.0003499827688478764,0.0004891734570264816,0.0017258145324707819,0.0007286447080616376,0.0018419623374938965
1983,0.00046528643265894565,0.001396028169721522,0.0009278301149606705,0.0010037808834663653,0.00011763898343897586,0.0012397412210702896,2.901659474294563e-05,6.195428695652877e-05,8.564069867134094e-05,0.00016417542935700385,0.00041781171712907544,0.0008316147141158581,0.00014272896118448092,0.0004262553382141385,0.00044723600149154663,0.0012617939034716141,0.0009729266422695837,0.0015885643661022186
1984,0.0018359790317878655,0.00015004350864359153,0.000819820910692215,0.001573743656898885,2.265049852838777e-05,0.0008799675852060318,2.9471419578827943e-05,2.62323305427678e-05,7.67149031162262e-05,0.0009763410460056701,0.0003915184864949628,0.0003596814349293709,0.0016851950634080917,0.0009254726522769322,0.0003569703549146652,0.0024669593730065886,0.00029183121252565614,0.0011043138802051544
1985,0.0009362429394163541,0.00026567950109389685,0.0003471504896879196,0.00037458565040726644,8.991905021705701e-05,7.48559832572937e-05,4.440470613972097e-05,7.159529114727364e-06,4.179775714874268e-06,0.0005643730715909415,0.0004154260168684476,0.00024932902306318283,0.001479663173401785,0.0009367406358305455,7.526576519012451e-05,0.0010336521086406203,0.00042476656075116775,0.0002942197024822235
1986,0.0006131280030538533,0.0002804244234935818,0.0009311065077781677,0.0010633530641360467,6.261565385721687e-05,0.001075192354619503,6.951820383577917e-05,1.1989297540850909e-05,8.68774950504303e-05,0.000492103773024187,0.0007419116356755934,0.0007611247710883617,0.0002578641294170639,0.0001903709800863268,0.0006613638252019882,0.00030769504018199334,7.82969986517397e-05,0.0014885962009429932
1987,0.0019178417547353332,0.00032587186239382143,0.0007336325943470001,0.0014365661403031027,0.0003509507542272111,0.0009131701663136482,3.4606533411961696e-05,3.504064938351535e-05,8.563697338104248e-05,0.0003016815257289168,0.00034314501976673295,0.0010532988235354424,0.0005138624576546055,0.00021971346388471608,0.0008419845253229141,0.0012703117165670519,0.0006430880116042072,0.0011564604938030243
1988,0.0023352865587679406,0.00025642885583400735,0.0007624663412570953,0.0020569163913592148,5.435295075138097e-05,0.0006477786228060722,1.1589951614338762e-05,6.9487480287252264e-06,7.759407162666321e-05,0.0005862766496951277,7.605166448967221e-05,0.00017995992675423622,0.0003475572120857709,0.00031474821037435086,0.00042878836393356323,0.0008887982698364272,0.00013923072784248133,0.0012276433408260345
1989,8.931817790314156e-05,8.2907711303596e-05,1.3126060366630554e-05,0.0004287148689284537,8.109899960789813e-05,0.0001200307160615921,5.271402819086862e-05,2.4090715424408783e-05,2.0638108253479004e-05,0.0004199621018519534,0.0009093529049382862,0.00018766382709145546,0.0005463576295019201,0.00010326665982146079,0.0003542304039001465,0.0004154655505701488,0.00038117714194330424,0.0007938370108604431
1990,0.0010501502437855748,0.00034787571239299625,0.0006410237401723862,0.0009309151183198028,7.997112731152056e-05,0.0009534796699881554,2.5272913443223632e-05,2.6006786151403383e-05,5.274266004562378e-05,0.000206874575028472,0.001744862356156951,2.5993678718805313e-05,0.0002888315618508677,0.00021741601029189907,0.00039931386709213257,0.0019153967225016832,0.0004610255464893784,0.0003492608666419983
1991,0.0004521538745987097,4.677187961627319e-05,0.00010849535465240479,0.0010064006817280258,0.00027656478770506435,0.00022424198687076569,1.803671786487944e-05,3.343854963208442e-05,4.706159234046936e-05,0.001516970561365516,0.0005008779659763721,0.000928414985537529,0.0011713875798080309,0.0007365857274164236,0.00055745430290699,0.00011406229710123061,0.00047099714571228676,0.0008372925221920013
1992,0.0001777245934648508,0.00012332489008290773,0.0004757661372423172,6.224139574428911e-05,0.0004927085002992514,0.00036968477070331573,3.5484088619398835e-05,8.397906748926209e-07,1.7464160919189453e-05,0.0005635064569894654,1.716750470884265e-05,3.532087430357933e-05,0.00037430803095476334,0.0005794921724170095,4.592724144458771e-05,0.0005103299818070561,1.1992253956170928e-05,0.0005325004458427429
1993,0.0004476135714036322,2.8960341260458877e-05,0.0002554208040237427,0.0007798725911375426,0.0004667094862030735,0.0005519473925232887,1.7363638762733086e-06,7.523424752661702e-05,6.164610385894775e-05,0.0013253380111514154,0.0013153169446551774,0.0007238113321363926,0.0003012555610540091,0.0008876231592359384,0.0005106963217258453,0.0010115306943019597,0.001456735651131861,0.001070849597454071
1994,0.00014750967346777166,0.000109381658232037,0.0002650078386068344,0.000109728501860612,0.00024029725598961882,0.00022393278777599335,1.4433240845473233e-05,5.453636391384675e-05,2.4050474166870117e-05,0.00029051933180554435,0.0003129237375626426,0.00010330462828278542,0.0004454176714137753,0.0002447775447788573,5.328841507434845e-05,0.0003477338147538922,0.0010408231185531427,0.00044057145714759827
1995,0.0006268792682087299,9.502075380730945e-05,0.00034350156784057617,0.00011785624159474373,0.0002949088732985654,0.0006160466000437737,0.00013273590107989487,4.13497887433471e-05,4.808977246284485e-05,0.0006972028906722383,0.0007066928571134029,0.0003482387401163578,0.0008390062107566515,9.793114216524474e-05,8.760020136833191e-05,0.0018843457293636623,0.0008718069922540803,0.0006848201155662537
1996,0.0015423723419534519,0.000495539637866374,0.0003520473837852478,0.0013558810316747216,2.0265564978413225e-05,0.00023124180734157562,1.897516821420392e-05,3.68615164310956e-05,9.494274854660034e-05,0.0024244581873635596,0.0013548092986987031,0.0009146491065621376,0.0016195050452361276,1.4995400029812513e-05,0.0010160375386476517,0.003788701802220712,0.0007924129150442202,0.0008902102708816528
1997,0.00033142805633568084,0.00021010356554048565,0.0004205983132123947,0.00026314643932140447,4.9523652791497175e-06,0.0007091965526342392,3.38286989192034e-05,8.04865745126582e-06,6.466731429100037e-05,0.0015996811634909625,0.00011732998707993103,0.0007514669559895992,0.0017520578657010052,0.00032217591383240825,0.00038658641278743744,9.645286702619771e-05,3.5858268048874486e-05,0.001348927617073059
1998,0.0018329706659171163,0.00031111733601207545,0.0002245735377073288,0.001893722323090985,0.0001592656981891441,0.00034822337329387665,5.534122271791918e-05,4.107427294608988e-05,6.121024489402771e-05,0.00016375820666154894,0.00038359040742539513,0.00037434324622154236,0.00016601600952137474,8.490372015398581e-05,0.00021840818226337433,0.0021984195572422593,0.0010312920320119413,0.0011279955506324768
1999,0.0020852780779664626,0.00015762171516091675,0.0004179812967777252,0.0019604781944269067,0.00024832743094444637,0.00025469250977039337,1.7514763989423532e-06,8.76025695072287e-07,5.781650543212891e-06,0.0020153055817565546,0.000575806711981465,0.00047711003571748734,0.0024635344037166954,0.0002554907934845998,0.00041567906737327576,0.0013474942108913923,0.0002833073510293549,0.00023714452981948853
2000,0.0011178000803239718,2.999895398542521e-05,0.00015246868133544922,0.0005014479233561575,0.00016869967238816383,8.806400001049042e-05,3.3790336710085717e-05,1.6850953067193203e-05,3.703311085700989e-05,0.001632657809462236,0.0011380292442560794,0.0007896879687905312,0.002764873053526469,0.0012770087124630526,0.0006950385868549347,0.0015185045039410594,0.00016519151696741535,0.0009651929140090942
2001,0.0013123348978372473,0.0001150609564419848,0.000334935262799263,0.0008143108527474685,0.00017303432669526705,0.00040482543408870697,1.2241900676493098e-05,4.540753182658724e-05,4.174560308456421e-05,0.0011160645059181892,0.0009525362846775007,0.000334923155605793,0.0015563685377923409,0.0004593685113157891,0.000223454087972641,0.00021050287142473922,0.0007180475772172283,0.0005685426294803619
2002,0.00016138067806290013,8.05827275821222e-05,0.00012931786477565765,0.0003046854782663977,9.996706107623377e-05,0.0002383105456829071,5.2668262763982954e-05,1.8267144777691768e-05,6.548687815666199e-05,0.0002738262508576589,0.0006431111098197523,0.000977477990090847,0.0006662191984498772,0.00019423277657303322,0.0008921530097723007,0.00043657139744951445,0.00016527024307284172,0.0013604313135147095
2003,0.0001585799855151615,1.556660441440552e-05,0.0001573953777551651,5.873499870079346e-07,3.272611088527694e-05,6.799213588237762e-05,3.511732470402873e-05,1.6894423354734235e-05,1.6491860151290894e-05,0.00024268374334032727,0.0002027426986244002,0.0005899360403418541,0.00031963086301720067,0.0006575590495491593,0.0003756564110517502,0.00019452279381484971,0.00040239541165081744,0.00012081488966941833
2004,3.93782525870412e-06,0.00025194693907778024,8.107535541057587e-05,4.347086325343086e-05,0.00020430754768915524,4.4815242290496826e-05,1.0919800120893011e-05,1.7218388838342218e-05,2.4847686290740967e-05,0.00036139917449116293,0.0002398577794352763,0.00030422303825616837,0.0004252253311136586,0.0004496413477946652,0.00044517219066619873,0.00029826247280612117,0.00024443087904872304,0.0003420785069465637
2005,0.000791862744686872,0.0004304110954370076,0.00023717992007732391,0.0009693892240529023,0.00014635459738405326,0.0005746223032474518,1.047540361418138e-05,7.022646023440923e-05,3.598630428314209e-06,9.419557643518262e-05,0.0013356101038725365,0.00016792677342891693,0.00023504790534435716,0.0007002038416737176,0.0005871616303920746,0.0008286873728847455,0.0012366070768656291,0.0003160536289215088
2006,0.0014117532754458761,0.00037192333683478546,0.00030527450144290924,0.0009402234848969737,0.00018988367036955334,6.473995745182037e-05,2.7099511811052787e-05,4.914670235109733e-05,1.7855316400527954e-05,0.0013892477205209308,0.0009355263041526327,0.0006086500361561775,0.0009806027426455949,0.0005955540998569863,0.0002004522830247879,0.000776744211024083,0.0008234058561680177,0.00047472119331359863
2007,8.254264697998837e-06,8.83583174210098e-06,5.316734313964844e-05,0.00026206866308370325,1.4376010863785538e-06,0.0003915056586265564,2.602099809031165e-05,3.921126881392331e-05,2.117455005645752e-05,0.0011887777166461957,0.00021386659271235842,0.00045125652104616165,0.0012762041291381407,0.0005310378778872723,2.6827678084373474e-05,0.0001285629653325071,0.0007728743947628056,0.0004805624485015869
2008,0.0006979996700605673,0.00013953423849355495,0.00027267634868621826,0.00041361217447705156,0.00018266168565235844,0.00010495074093341827,1.6944846362774643e-05,2.178907147416028e-05,1.3310462236404419e-05,0.0014589840968108267,0.0005362290153683516,0.0005201771855354309,0.0007861172674757944,0.00010717661671412904,0.00015692785382270813,0.0004950979568791591,0.00046117919729626866,0.00020435824990272522
2009,0.0006451720769572455,2.2054986636800555e-05,6.73346221446991e-05,0.0006108047289287988,6.224842829779045e-05,0.00033305399119853973,9.81364545576957e-06,7.262988718236907e-06,7.830560207366943e-06,0.0011419186844286583,0.00035047572975140107,0.00028879381716251373,0.0005303425426030142,0.00036350275055903585,1.391582190990448e-05,0.00101243252282876,3.0212768928890993e-05,0.0001357942819595337
2010,0.001207981865565172,6.24876549140535e-05,0.00024910271167755127,0.001147168270168919,0.00021079866568689612,0.00018614716827869415,2.2832998675533303e-05,7.913710855347476e-06,2.4568289518356323e-05,0.0009501311028165607,0.00011484588114912125,0.0006304215639829636,0.001255639441970692,0.00017112452051909217,0.0005872622132301331,0.0018031051098310602,9.91744994464569e-06,0.000807441771030426
2011,0.0006112786591061792,0.0003284528915578448,0.00033602118492126465,0.0003518576858153877,0.0001673236038401485,0.0005028042942285538,2.369914843520192e-05,8.646989218657683e-06,5.1680952310562134e-05,0.0016585914838253488,0.00038250875760693914,0.0006368225440382957,0.0018646723920429306,0.0007984128242912551,0.00043479353189468384,0.0010667706669312271,0.0002843563144008243,0.0008047260344028473
2012,0.0009815821970247385,0.00015086335439283907,0.0009226184338331223,0.0010388730819116676,3.0155200637579926e-07,0.0006944146007299423,9.903263380414001e-05,4.26209268932806e-05,7.458403706550598e-05,0.0031242237038087498,0.0007360113584560513,0.0006724409759044647,0.0027299028600866262,0.0001907583375747113,0.0009770896285772324,0.0013472533625044358,0.0009077550960420247,0.0016446225345134735
2013,0.00047172237207568357,0.00018103663596107794,0.00017778202891349792,0.0009538523388407105,0.00022055755715486014,0.00031951814889907837,9.120168656891886e-06,3.118011783806375e-05,8.257851004600525e-05,0.0003086669038383852,0.0005486792639206595,0.0010869484394788742,0.00016096298909624301,0.0009078896858125025,0.0009617730975151062,0.0003205674542891279,0.0006222038391550944,0.0015090852975845337
2014,0.00026422510716853087,1.4311708658655553e-05,0.00024898722767829895,0.0005996225689361145,0.0005356761067608039,0.00011170282959938049,9.87513112678598e-06,7.092319991495771e-05,6.690621376037598e-06,0.0010276091306138657,0.0007834484657947421,9.492971003055573e-05,0.0006964257511341138,0.00043979775696982495,0.0005491618067026138,0.0005676884898157819,0.0010703034946093967,0.00027644261717796326
2015,0.0002398725863999862,8.417926743304466e-05,0.00046816468238830566,0.0010886464359309567,0.0001255757792505731,0.0004675164818763733,8.43768931237266e-05,5.1451972185480224e-05,5.105510354042053e-05,0.0006536453209479015,0.0004019884038299962,0.0008606147021055222,0.0007419079590835001,0.0006591949385056943,0.0008911304175853729,7.333076439555719e-05,0.001139676104259909,0.0013310611248016357
2016,0.00026351083171627376,4.422101730643113e-05,0.0007316451519727707,0.0007085007445018499,0.00011968180293681074,0.0008677355945110321,4.057739609691219e-05,7.893197168260153e-06,5.920976400375366e-05,0.00011583196471619955,2.0466059629763167e-05,0.0002895426005125046,0.00017612501130711417,0.0007828988511195322,0.00021247193217277527,0.0014717996999892846,7.261957544892408e-05,0.0007791183888912201
2017,0.0002596079808936391,0.0001305548853045846,4.6057626605033875e-05,0.0006343906834122282,0.0002650486513677344,6.504729390144348e-05,7.45350501138442e-07,7.059940005848999e-06,5.467236042022705e-05,5.706079870153313e-05,0.0009948087632435515,0.000868557021021843,0.00032766338056658406,0.0003993922211132815,0.0008611269295215607,0.0005960147190968712,0.0001037659012864886,0.0007395222783088684
2018,0.0002078082235689449,0.00018574125669988673,0.0004002004861831665,0.0008401172453191275,0.0005871386766001865,0.00048801489174366,9.313569218606481e-05,1.200744267557596e-05,4.9252063035964966e-05,0.0018500992544898884,0.0002257803338873779,0.0006102211773395538,0.0012860689380190943,0.000348654844070124,0.0005296263843774796,0.0013918921898669334,0.000261274752468961,0.0005696751177310944
2019,0.0017733162831175264,0.0002551898363192702,0.000457175076007843,0.0020701312846147235,0.00043182291474083007,0.0003504958003759384,9.649276756608718e-05,1.4981953837424691e-05,0.00010040029883384705,0.0002645002801496474,0.00021941530095903605,0.0011476362124085426,1.2596840137726883e-06,0.0007777888170312879,0.0012804418802261353,0.0007515398107604543,0.000471922882761603,0.0015482529997825623
2020,0.0003149264078612657,0.0002141250022708735,0.000846443697810173,0.0001872905720405882,5.1001779336836556e-05,0.0006184540688991547,5.709962628368259e-05,3.5692106742778824e-05,1.3638287782669067e-05,0.0001587701196305233,0.0012402021102720581,0.0005884459242224693,0.0005461552487049728,0.0016316669148395396,0.00018476881086826324,0.0013841824806916647,0.0007229166689829182,5.556270480155945e-05
2021,0.0010515757534928227,0.0004306717159167743,0.00018337368965148926,0.000839640075494863,0.00034353494951538596,7.18533992767334e-05,8.354503914279228e-05,2.7958225028900914e-05,5.8803707361221313e-05,0.0009746926351450053,5.1140719777846566e-05,0.0008307769894599915,0.00014168360338800978,9.529953001046094e-05,0.0006977394223213196,0.00019040294170818983,0.0005224398607369118,0.0012059099972248077
2022,0.00024725397352157175,0.0004821415154889902,0.0004505906254053116,0.00024065860418015506,0.0005952990087312732,9.956769645214081e-05,2.778670865191679e-06,8.064691329327236e-06,8.819252252578735e-05,0.00029639233210460025,0.0008893392571458214,0.0011745644733309746,0.0005502316167732141,0.00023536494580098793,0.0016879793256521225,0.0003044305231967859,2.8792785280958022e-05,0.002023853361606598
2023,0.0012018261306353806,0.00020053032814151828,0.0006730519235134125,0.0009108371847531271,0.00024436834027304066,0.0006788372993469238,3.480169593685599e-05,4.3554528629595295e-07,3.2864511013031006e-05,0.0007944298822175136,0.0005075275306217555,4.498567432165146e-05,0.0012064668591851638,0.0003171464087356104,9.106472134590149e-06,0.0014376617637371636,0.00011849128013148927,0.0003784745931625366
2024,0.0008040503815877342,0.0001841376913544468,0.0001488272100687027,0.0004167257061844787,0.0003007256858681834,0.00010514818131923676,4.6942712339348436e-05,3.6868094256354254e-05,3.63178551197052e-05,0.001113996422266568,0.0010258068662455724,0.0004434073343873024,0.0008850803726355647,0.00040114402617386427,0.0001323353499174118,0.0009704403130377515,0.0006014110732349628,0.0006811283528804779
2025,0.001011619378272488,0.0003147473597804838,0.0003474559634923935,0.0010244115729714232,0.0003836341973565624,3.4052878618240356e-05,6.416189099042041e-05,6.0134099299167295e-05,2.0816922187805176e-05,0.0002541464209935354,0.00031350721589762376,0.0006432291120290756,4.1858530570176855e-06,0.0003234796249271376,0.00029684044420719147,0.000957944977452635,0.0008762917606668259,0.0006669200956821442
2026,0.0012395091286269977,0.00030658748310491077,0.0005800426006317139,0.001531198469549827,8.34466826952901e-05,0.00043107569217681885,5.188093144111068e-05,8.792510223036652e-06,3.184005618095398e-05,0.0004497995843861166,0.00038318129236912524,7.967744022607803e-05,0.0004833184992074982,0.0004182695770620949,1.801922917366028e-05,0.0015992850531023062,0.00011211384042896996,0.00010563060641288757
2027,0.00023803537910491168,0.0001579881751066145,0.00020106881856918335,0.0003802410164658876,6.693690432648877e-05,0.0001947246491909027,2.6560692759447155e-05,2.245787946017334e-05,3.48016619682312e-05,0.00034295248789641825,3.7777332726633694e-05,0.00017687678337097168,0.00014090497019634413,2.6404003084566294e-05,0.00020600296556949615,0.0008114440061470773,0.00024664649549254944,0.0001533515751361847
2028,0.0007244894672831237,0.0003118421161204532,0.00036733411252498627,0.00042779598651190853,0.0003326234383063918,9.92603600025177e-05,2.106348839759492e-05,2.791567916077156e-05,5.0477683544158936e-06,0.0007811263199120552,0.001007261481299447,0.0005673123523592949,0.0004602864580643268,0.00026974467761741935,0.00032394565641880035,0.0003992187046302498,0.0002901386982770253,0.00016366317868232727
2029,0.000828431480658115,0.00019947642359165532,0.0007334798574447632,0.0007548047248799872,0.00035144396557497057,0.00033486075699329376,1.859507688660965e-05,4.038600302159155e-05,4.06317412853241e-05,0.0005021891128827588,0.0005020193503452869,1.047179102897644e-05,8.66074269575412e-05,0.0005397114713300557,0.0004240274429321289,0.0007574754118960803,0.0005583024595998097,0.0006704144179821014
2030,0.0011138651717915726,6.208526834991859e-05,0.00010737776756286621,0.0016553391980811405,0.00030620873222648656,0.0002881195396184921,8.05069723991119e-05,3.864428213155597e-06,2.8487294912338257e-05,7.985703579301007e-05,0.0003312654926628661,0.00044582318514585495,0.00031717488479893197,0.0002054261141512916,2.0151957869529724e-05,0.0012394456324571201,2.5649110891104443e-07,0.00036250799894332886
2031,0.0004317507645234808,6.723369964121984e-05,0.0005084723234176636,0.0005659022213745923,9.18988926829345e-05,0.0003741849213838577,9.566042249107773e-06,2.439879210204424e-05,3.6656856536865234e-06,0.00015219713992726397,5.7263628400437694e-05,0.0005705710500478745,0.00023625260255447783,0.00092107843302058,0.0004066750407218933,0.0001084291309855212,0.0005608549380689658,0.00013422593474388123
2032,0.001794506773304394,0.00023990851026334595,0.0005579963326454163,0.0016664696325943695,0.00044143021865402504,0.0006006509065628052,0.00013846407762467365,2.189933308103815e-05,7.7076256275177e-06,0.000969915605990232,0.001330218074430789,0.0001661255955696106,0.0010344205448765548,0.0006516894715179892,0.00024021975696086884,0.0027673279708988474,0.0004522397337091283,0.0002481229603290558
2033,0.0018142619352471134,0.00017951194415706528,0.0007691234350204468,0.0018528317525772497,0.00035046648743877404,0.0005167685449123383,8.861850876658132e-05,2.3625230649569097e-06,4.139542579650879e-05,0.0010820962783280041,7.817576293735196e-06,0.00019617285579442978,0.0013732468688662375,0.00015098718441841543,0.00027367472648620605,0.00019470239583480042,0.00015642800482595226,1.8887221813201904e-06
2034,0.0009980072683475338,0.00010099902394514887,0.0004522353410720825,0.0004582035179320765,5.726753952074379e-05,0.00032361410558223724,0.00019519757538847063,1.4298219586780445e-05,3.0260533094406128e-05,0.0003966446933749909,0.0002633748182848325,0.00022138096392154694,0.00032022024411630656,0.00023955841807616132,0.0002914685755968094,0.0015388216436333924,0.00042903659967888017,0.0010359399020671844
2035,0.0024167561548995853,0.00013332877680931332,0.0012103281915187836,0.0030128706811592965,0.0006106089080244806,0.0011376086622476578,1.77011512340116e-05,2.948955128871363e-05,0.00011282041668891907,0.0016668664877427034,0.0013590852045739371,0.0006914762780070305,0.002173722202814442,0.0008353745367993114,0.0007892940193414688,0.0015162941762502935,0.000407383923902542,0.0013382472097873688
2036,0.0011300968027762315,0.00016990627173012543,0.00016290880739688873,0.0012721367963367258,0.00037749926253859145,0.0001763720065355301,1.3006315343698505e-05,4.8990462991207497e-05,7.078051567077637e-08,2.776938378595828e-05,2.006694110805174e-05,0.00016884040087461472,0.0007945942855085153,0.0012134620682587062,0.00015670247375965118,0.000532578562361663,0.0009989179483997773,0.00037386640906333923
2037,0.0004603272908633993,0.0004811220587316936,0.0006083939224481583,0.0007415359207711691,0.0004886701066780033,0.00010493583977222443,1.2970949380970709e-05,8.785682717496772e-05,5.05298376083374e-05,0.0007900002561949046,0.0013713679666204903,7.580965757369995e-06,0.0006829129712368903,0.00044719609129665813,0.000570809468626976,0.00035376052384833434,0.0017316232975265154,0.0010806173086166382
2038,0.0018548110903135462,0.00021987358961351317,0.0013075806200504303,0.001869312455735045,0.0006891783252052294,0.0007373709231615067,0.0001393627656788906,7.698546357391093e-05,5.508214235305786e-05,0.0016081428282217272,0.0002811485232918215,0.00035806186497211456,0.0014893698210808326,0.00042153941487742003,0.00019806437194347382,0.0023682161700079585,0.0014006992865974038,0.0008418671786785126
2039,0.0010475479785847785,0.0003016129913701246,0.0015098266303539276,0.001089504606018421,0.0007258359191808436,0.0007109381258487701,0.00018525877002326802,9.764587395924237e-05,6.574764847755432e-05,0.0008897553081372925,0.00025421434137298804,0.0005867285653948784,0.0011159361620767805,0.0014404976151395398,0.0003069136291742325,0.0025901055535225426,0.0016017413067907563,0.0011291652917861938
2040,0.0018282627679287455,0.00019770646952331147,0.00024920888245105743,0.001893395584339319,0.0001496835225774651,0.0006788875907659531,1.7851821961824277e-06,5.5603511905307846e-05,4.429370164871216e-05,0.0011982667249706563,0.00012005120394395496,8.982140570878983e-05,0.0017090066378718585,0.0006255114641872707,0.0004184842109680176,0.0019270893851897897,0.0011342800668078176,0.000264141708612442
2041,0.0007309133774113241,5.239930230602208e-05,0.0008873939514160156,0.0008421500360062673,0.00025563822320937707,0.00032555125653743744,0.00010707942113649498,4.765542012357326e-05,3.661215305328369e-05,0.00039966319779733556,0.0011229437201684123,0.00015058740973472595,0.0009307913491179431,0.000387218586957316,0.0004517529159784317,0.0010188555829133972,0.0008364334905376046,0.0008575171232223511
2042,0.0019996233796237828,0.0005011137901994762,0.0015760194510221481,0.0025343385733498924,6.610412587564757e-05,0.0013086330145597458,0.00015239043969652796,2.491299896410044e-05,4.953145980834961e-05,0.0013342877410965695,0.0005658498852247687,0.0002634134143590927,0.0022121442707252817,0.00011616670019070317,0.00016938522458076477,0.003317957134966437,0.00018708700574587497,0.0007673725485801697
2043,0.0010678146011587342,5.0087926260464904e-05,0.0003432203084230423,0.0014127215089390077,0.00035172925355618154,0.0004770904779434204,9.396237257794544e-05,3.002142533332485e-05,4.1425228118896484e-06,0.0008569044264339215,0.00029587718681395314,0.00035258568823337555,0.00038421851790104017,7.428056741543704e-05,0.0005500651895999908,0.00017994487132502734,0.0006712616226712195,0.0003033056855201721
2044,0.0014607350621698156,0.00037008580862126286,0.0006056446582078934,0.0007611144613353937,0.0006514471385141336,0.0002549346536397934,0.00016193881244130036,9.626477497966398e-05,3.6694109439849854e-05,0.0012308110820733187,0.00034493734411283894,0.00031782686710357666,0.0016742451364804567,0.0017469422624069742,0.0007921233773231506,0.0002022365961110717,0.00164081055260272,0.0010697580873966217
2045,0.003496795311064116,7.142028721662114e-05,0.00025166384875774384,0.0027531809956340136,0.0003553133174293774,0.0005965232849121094,0.00010359262294799484,9.06610911174052e-05,2.7045607566833496e-06,0.0015828116318244156,0.0007831304543541862,0.0005458705127239227,0.0028363873994257244,0.0023200830817025186,0.0011082962155342102,0.0017843315954035044,0.0014940663731383766,0.0004625357687473297
2046,0.0015424801019858492,0.00020360116343909676,3.21902334690094e-05,0.0011714184843770736,0.00020354926118325983,7.609836757183075e-05,0.00010526105053527621,3.1192832195907e-05,3.013014793395996e-05,0.002182430688637195,0.00046550742247104815,0.00047166459262371063,0.002759952107872214,0.0008829831766623483,0.00038691237568855286,0.0023148032400030216,0.000713153724934374,3.455951809883118e-05
2047,0.0002132098586485054,0.0007119885080259063,0.00010327249765396118,0.00022139704585144582,0.0009869037090575496,0.00012929365038871765,2.937019141266775e-05,1.5174177066894093e-05,6.146728992462158e-07,0.0006447903348463097,0.0002889074180760995,6.740819662809372e-05,0.000635942540065236,0.0006212277387234212,0.00025286711752414703,4.824707310863152e-05,0.00041659208808172976,5.6959688663482666e-05
2048,0.0018256742717759067,0.0002537969556169889,0.00032119639217853546,0.0013722944740637844,0.0008123531903758002,0.00022743642330169678,0.0001290659174614725,4.652166356188653e-05,8.270144462585449e-07,0.0002954219312166148,0.0006708736897543116,0.00020284485071897507,0.00046905254056847645,0.0010510512743957777,0.0008267238736152649,0.0006036961830518661,0.0007523927649548331,0.0008694194257259369
2049,0.0006447272833425,0.0003837079773489904,0.0006952453404664993,0.0005713018529343861,4.349149560468543e-05,0.0002896282821893692,5.939377261975076e-06,5.51933210488696e-05,3.912299871444702e-05,0.0006316781934277427,0.0013647529886792534,0.00025406666100025177,0.0004373348821852738,0.0007141007451535279,0.0007469728589057922,0.0008455434708488363,0.0007130791688924921,0.0009952709078788757
2050,0.0007612050022423877,0.00015900688497858667,0.0009247828274965286,0.0006568620786917001,0.0005412051515913605,0.0004287920892238617,7.773992214277388e-05,7.633869706427155e-05,2.2727996110916138e-05,0.0004769835083262494,7.42427832845921e-05,0.00036118365824222565,0.000712047214875812,0.0007699003733157416,0.00014227628707885742,7.17615607034594e-05,0.0012619593772047466,0.0009991638362407684
2051,0.0015032103432303379,0.000359763261981165,0.000833733007311821,0.00157588924811225,0.00057636549619643,0.0005385912954807281,0.00018432718315267854,1.5116899208337696e-05,3.248825669288635e-05,0.0011761827888620083,3.160219322476815e-05,0.0003221379593014717,0.001914795276994924,0.00044500337458565874,7.749535143375397e-05,0.002061271005563192,0.00044166500252601146,0.0007273107767105103
2052,0.0007369258239912635,0.0002549012143116848,0.0003809034824371338,0.00088781023629389,0.0006593704033948725,4.064291715621948e-06,5.0301130500775976e-06,4.606474404371635e-05,4.0471553802490234e-05,0.0006316300933844887,0.001043640985510054,5.905795842409134e-05,0.0005944527341696995,0.00014569642039497996,0.00048550404608249664,0.0010066153629512131,0.0007253027874730873,0.0007662475109100342
2053,0.0018888018635510595,5.898289958707406e-05,0.0008275378495454788,0.0019462582591562028,0.00018845696147319277,0.0009647607803344727,0.00010039311494447478,1.3338489430462846e-05,6.742402911186218e-05,0.00041435086788648573,0.0006483330101613796,0.00033738836646080017,0.00038314015279924257,0.0003970411123768447,4.124268889427185e-05,0.002219890196413804,0.0003107878350204381,0.001265931874513626
2054,0.0014457597956785695,3.29154418172925e-05,0.0001791398972272873,0.0014232777195486435,5.470933894819591e-05,0.000328943133354187,4.1143350992140296e-05,2.4088358848709012e-05,1.5690922737121582e-05,0.0002989962370596594,0.0003335346607308276,0.0006736628711223602,0.0007462085715909533,0.0003029846750324215,0.0010399017482995987,0.001087243075215405,0.000358511719180523,0.00017809122800827026
2055,0.0001677418909878936,0.00022456346635261332,0.0007472038269042969,0.0005823802328227545,0.0002156310550061706,0.0008818525820970535,0.00015286097480040305,1.1002158494177608e-05,0.00011171773076057434,0.0005619880252318368,0.0006469166398955506,0.0009749196469783783,0.00010092810112335981,0.0003808416723556328,0.0008402131497859955,0.0010269216991833086,0.00017074488449064437,0.0019017532467842102
2056,0.0008886050341476437,0.00023249976674901904,0.00057259202003479,0.0010079384058131746,0.00014926320819887845,0.000626981258392334,6.0046028394914255e-05,3.387449044034256e-06,6.674975156784058e-05,0.0003590300007165412,7.71177225505626e-05,0.00045431777834892273,0.0001898199147084348,0.00010972776927532443,0.0003578662872314453,0.000882358820667839,4.274078666222439e-05,0.0010568797588348389
2057,0.0018176944979990672,0.00012469080225831555,0.0010663997381925583,0.0018848892781320181,0.0001234345062343309,0.0011384524405002594,0.00013459657763599878,1.8079473925343252e-05,9.263306856155396e-05,0.00042213619074056574,0.00017973433999170924,0.00045798160135746,0.0005951861409333667,0.0002699957669334615,0.00030234456062316895,0.0018521878935695013,0.00045738953080333433,0.001817159354686737
2058,4.529946943082619e-05,4.491035275458466e-05,0.0005546752363443375,0.00037559819626054036,0.00010706459600623788,0.0007912348955869675,8.174919693581736e-05,2.3279117181861618e-05,5.158036947250366e-05,0.00017357665033727876,5.1266157654501765e-05,0.0004466027021408081,0.00020271952676995109,0.0003036764734464254,0.00012097321450710297,0.00019020304673106336,0.00017002639841317418,0.0009557567536830902
2059,0.0006950562766344648,6.284383635590807e-05,0.00020096451044082642,0.0008484625222066611,3.971789367493775e-05,0.00018513016402721405,1.0697161367163172e-05,2.073810578205257e-06,2.941116690635681e-05,1.0180518328281596e-05,9.294046460617267e-05,6.543844938278198e-05,0.0001260883191496337,0.00013601083708216812,9.953044354915619e-05,0.0011867112610462194,0.0003149409807889844,0.00028425827622413635
2060,0.00012187753753295505,8.417987780975217e-06,0.00035370513796806335,0.00029663343319294433,0.0003438536904556387,0.0003107823431491852,6.187968459312257e-06,1.78392277530629e-05,3.1501054763793945e-05,0.0010816735641353062,0.00028567878989602113,0.000487007200717926,0.0012313898089401643,3.8439614657981985e-05,0.0006605349481105804,0.00011893016296196657,0.0003335158550745905,0.00017698481678962708
2061,0.00027091882749089025,0.00016091827051985946,0.0007238611578941345,0.00043643291118700134,0.00045643126197124004,0.0004483703523874283,9.192579305321302e-05,2.9231355934350358e-05,2.2020190954208374e-05,0.0009993356821906552,0.00039175517879206506,0.0002221977338194847,0.0011520104730073852,0.0003510238135238739,0.0001258496195077896,0.000776915681749063,0.000591944215878288,0.0001880936324596405
2062,0.0004087834552870262,0.00031785718919987924,0.0006220806390047073,3.057381236834522e-05,0.0004589789608479833,0.00042410194873809814,0.0001802952239204087,6.024115749253458e-05,3.189966082572937e-05,8.83167524753023e-05,0.00032539526679206676,0.0008182041347026825,0.00015773271724761617,0.00019519972975824001,0.0007040891796350479,0.0001684427659215948,0.0013211643275334098,0.0002111680805683136
2063,0.0007999243508863274,0.00013581438499613713,0.0009028483182191849,0.001350518579826293,5.001626304930451e-05,0.0010455939918756485,6.49858581189891e-05,2.806624740163974e-05,5.392730236053467e-05,0.00010070039532945191,0.000900746564898712,7.958710193634033e-05,1.8678262069179996e-05,3.16980367611637e-05,0.0001226421445608139,0.00108500065200548,0.00042668808928755103,0.0010369867086410522
2064,0.00023795936039092136,6.905399065662218e-05,7.208995521068573e-05,0.00021229682272935757,3.0123483767258846e-05,0.00017971917986869812,4.4107213745809074e-05,1.4164548279736386e-07,2.5779008865356445e-06,0.001329998601755894,0.0004949045012760042,0.0003356281667947769,0.001277656335578442,0.0006925580569070253,4.5960769057273865e-05,0.0008390007439647851,0.00020306744073337463,6.677210330963135e-05
2065,0.0007161698472659406,0.0003130700748262445,0.0004807300865650177,0.0014563386499971132,5.06616095966167e-05,0.0007617715746164322,2.481481855182849e-06,2.66070337867142e-05,3.8601458072662354e-05,0.0011854004181960642,0.0004926164629210084,0.00039662886410951614,0.0011002714729393334,0.000694266004670081,2.4860724806785583e-05,0.00078672507251204,0.00035268533737243396,0.0007278881967067719
