frame,change 1.x,change 1.y,change 1.z,change 2.x,change 2.y,change 2.z,change 3.x,change 3.y,change 3.z,change 4.x,change 4.y,change 4.z,change 5.x,change 5.y,change 5.z,change 6.x,change 6.y,change 6.z
2,0.00011273784190647673,0.00026550689803157487,0.0022701346315443516,0.00041351346120033217,0.0001549928503526074,0.001720976084470749,0.00047419518477943845,0.0001746473901702764,0.0001498982310295105,0.0016129777625049913,0.003614989801609559,8.279166650027037e-05,2.17879734333154e-05,0.0035553621675900905,0.0008326424285769463,0.01020497746037373,0.0037697464760408964,0.0012286314740777016
3,0.0004177113870190152,0.00042706682560276696,0.0010332842357456684,0.000666119443208435,0.00020629592792082568,0.0014065410941839218,4.79929262795116e-05,2.0810230805579238e-05,0.00015804171562194824,0.0012963115909986472,3.386253742984971e-05,0.0015180519549176097,0.0012278658378875873,8.012672433957077e-05,0.0010787502396851778,0.00013934383904198877,0.0003910069796934346,0.0030994126573204994
4,0.0010777116008485743,0.00040965514024258326,0.0004916093312203884,0.0004001951231466516,0.0008708849120136891,0.0005071600899100304,2.9518522234223826e-05,6.028587464518394e-05,0.00019461289048194885,0.0024377716888262443,0.0008562748122477003,0.002581533044576645,0.0021380692149500294,0.0011164885205424135,0.0025623682886362076,0.002805068809735356,0.0004431820736143675,0.0035509858280420303
5,0.0010864511586170106,0.0007317672470426757,0.000403339508920908,0.001189606085018599,0.000116459915640129,5.07105141878128e-07,3.9135299762061565e-05,7.787818310267623e-06,8.64081084728241e-05,0.001585144640986462,0.0003579736266852915,0.00045457063242793083,0.001290761715182935,0.0002303241687135124,0.0009615912567824125,0.0037712210311067473,5.308025481254178e-05,0.0021028704941272736
6,0.0010022139990044782,0.0006068516905972689,0.0005376981571316719,0.001599628484337784,0.00020981770456844975,0.0004206928424537182,3.704674391327885e-05,2.1876690217487825e-05,4.626065492630005e-05,0.0022106261069985075,0.000319161399985321,0.0004207468591630459,0.0019297689308312577,2.4950649617466736e-05,0.000615050783380866,0.0005026968143163613,0.0004267515939588339,0.001075083389878273
7,0.00035591599548652486,0.0002333134574923762,0.00042843399569392204,0.00046285785759400677,0.00020552758708189747,0.00028142984956502914,7.704300046141449e-06,1.6214461517288962e-05,6.590038537979126e-06,0.0011159801370712943,0.0008044991065388994,0.00026975618675351143,0.0009052041403793606,2.4914690602721723e-05,7.566018030047417e-05,0.0008488719661425281,0.0002952881338382906,0.00019111298024654388
8,0.00017804462857483327,0.00011834981845396109,0.0002162284217774868,0.00025057984433307645,1.2916741324735942e-05,0.00010304991155862808,4.9102504426161084e-05,3.109686321789025e-05,1.0561197996139526e-05,0.00026092441157783697,0.00027122212692240813,7.007597014307976e-05,0.0004000008710277128,2.8463365487303022e-05,3.63118015229702e-05,0.000530696836483574,0.0004837367193525023,7.89538025856018e-05
9,0.00011539781673344796,4.8697349212391966e-05,0.00018076784908771515,0.0001481147176938813,0.00013616664284451727,6.010197103023529e-05,3.834291067382478e-05,1.3912123449094952e-05,2.251565456390381e-05,0.0004292566243499635,4.9318307857430105e-05,0.00044514937326312065,0.00047108125303535475,0.00036890089470444434,0.00020822975784540176,0.0003602043135083055,7.641331989048823e-05,0.0006286948919296265
10,0.00021139787871560234,7.17661172776364e-05,7.679872214794159e-05,0.0004406832140984862,0.00013147044356517923,0.0001604887656867504,7.467262237170064e-06,3.5821171875039e-05,1.9427388906478882e-05,0.00011844966950808056,0.0005373211868065844,0.00029383692890405655,2.536511514317219e-05,7.277132998769267e-05,0.00042138202115893364,0.0009495537355447836,0.0006618053013851418,0.0005130115896463394
11,0.00044408577549977235,9.250437492044905e-08,0.00021751318126916885,0.0001402648419218666,8.629086232142189e-05,0.00029995618388056755,5.563349889022365e-05,7.836173227133712e-06,2.1841377019882202e-05,0.0003501626598930094,0.00031875392133706715,8.568866178393364e-05,3.290394119873086e-05,0.0001427200976721471,0.00019549718126654625,0.002945622404377596,0.0002176472680506785,0.0002123229205608368
12,0.0006315615948902925,0.000204792768447936,0.0001649819314479828,0.0005990817494580525,4.853533386277309e-05,0.00023069512099027634,4.324937284397659e-06,2.4679790492449316e-05,9.294599294662476e-06,9.249200938820507e-05,0.0006916564001496761,6.584310904145241e-05,0.00028806695833570595,0.0009117300696892053,4.076864570379257e-06,0.0014043099710585316,0.00023119702464398763,0.0004443880170583725
13,0.0005520017486562584,0.0001384332142380755,7.636658847332001e-05,0.0003510369933050206,2.2994392622387866e-05,0.0001580817624926567,4.077790789129565e-05,4.64514364740767e-06,1.0989606380462646e-06,3.119064830046925e-05,8.242009347524809e-05,9.50368121266365e-05,0.00045303737888930523,1.639318726913419e-05,0.00021118903532624245,0.0006581854589814418,9.75426234685467e-05,5.646049976348877e-05
14,0.00014926441455723194,5.389052252291471e-05,0.00018819374963641167,5.075090861510201e-05,0.00011290434477684297,0.00011552497744560242,5.5882493807207084e-05,4.633461950479965e-06,5.856156349182129e-06,0.0004109290225473988,0.0005782696868902454,8.83038155734539e-05,0.00016490054165556323,0.00047452524276338226,0.00023231608793139458,0.0010621499142867974,4.15653885995986e-05,4.328787326812744e-06
15,0.000443984390514518,9.611406276113094e-05,3.884313628077507e-05,0.0007939637503036195,6.17849553949737e-05,0.00016742292791604996,5.572678432054154e-05,2.2002067721187406e-05,4.7869980335235596e-06,4.881206967544127e-05,0.00035732522765714175,4.03490848839283e-05,0.00031236754163912334,0.0005438248836639736,0.00028725573793053627,0.0014950759365059962,0.000249052898128827,0.0001834966242313385
16,0.0006928539416922314,2.9684667245538643e-06,0.0006892271339893341,0.0003033089871171818,0.0002956611411663035,0.0004362179897725582,4.6940970844329064e-05,8.380083072139389e-05,5.326420068740845e-05,0.0011469881759200856,0.0009799047452537096,0.0003708214499056339,0.0009817878450041756,0.0014389951263412797,0.0007415649015456438,8.410075548503926e-05,0.0011120701462093607,0.0005181021988391876
17,0.0006370971735396858,4.948962052293143e-06,0.0008410089649260044,0.0003476878982869025,0.0003371515279304467,0.0004225894808769226,6.517327373103954e-05,9.68011870150293e-05,4.477798938751221e-05,0.0006537642406563848,0.0013023491549018565,5.140015855431557e-05,0.0005588819191799238,0.0016210309403650418,0.0006013794336467981,0.0005503682343035998,0.0014166030556278359,0.00044644810259342194
18,0.0005089757971789288,5.844962723654257e-05,0.00045138783752918243,0.0001149115113895649,2.5078978721348316e-05,5.4407864809036255e-05,8.416927463682569e-05,8.68302239974268e-05,1.809746026992798e-05,0.0008607659670380324,0.00055243954870925,8.099712431430817e-06,0.0006102976461050819,0.0011086629105676697,0.0005104681476950645,0.0006948442348712891,0.0013452184431147493,0.0001527443528175354
19,0.000507916108260148,7.41506344443428e-05,0.00039022043347358704,0.0001814115026008839,8.745063504627185e-05,7.434561848640442e-05,9.69660894996234e-05,0.00010328663006737378,2.0056962966918945e-05,0.001149604462502063,0.0006171006336037239,0.00016859173774719238,0.000774690781701115,0.0013416857651090894,0.00045219017192721367,3.5972098476527714e-05,0.0016257861417228328,4.8877671360969543e-05
20,0.00018525123490559237,7.565702678720768e-05,0.0006482894532382488,0.000304548845165703,0.0002490006932400618,0.0002865726128220558,4.67459240451832e-05,5.679186190469176e-05,3.143772482872009e-05,0.0009281718730094063,0.0004433805672614255,0.00024202466011047363,0.0005736249612825484,0.0009683461864697859,0.00024244398809969425,0.0005936747874877302,0.0008257439220019872,4.815496504306793e-05
21,0.0004439477543746462,7.421220834882489e-05,0.0006138505414128304,0.0006355713919964923,0.00027723622966594613,0.0006933589465916157,1.293011739560146e-05,2.4017833600265242e-05,2.2020190954208374e-05,0.0010554229596161924,0.000423325695533959,1.155957579612732e-05,0.0013405277761399242,0.00017842284722970406,6.329058669507504e-05,0.0008021711404786191,0.0004313849286811627,0.00037551671266555786
22,5.606739788728554e-05,3.082960282276004e-05,0.0003566737286746502,0.00017639458005840047,2.9532457649528165e-05,3.287382423877716e-05,2.6834384997037608e-05,6.928790894527723e-05,1.7989426851272583e-05,0.0004410102800274235,0.0008103819244215868,0.0005730916745960712,0.00029416760378630363,0.0009055702849139168,8.224043995141983e-05,0.0010379776599651058,0.0011539635568823116,0.0005052424967288971
23,5.810227491770403e-07,0.00011716680900706114,0.00032078148797154427,0.0003031528235231534,0.00012069690594377486,0.00019652396440505981,5.2160580846599e-05,9.272731155569793e-06,3.765523433685303e-05,0.00027222422077582964,0.00011569409011807225,0.0006244806572794914,0.0002692918305739686,0.0006985351901674132,0.00043869204819202423,0.00013071428833863474,0.0001877224388264669,0.0009873658418655396
24,0.0006614882473462425,2.6934632991051227e-05,0.00021315598860383034,0.000274531205392059,4.0987624287735364e-05,0.00012065190821886063,4.0457960978766e-05,5.410081576953287e-05,2.3990869522094727e-06,0.0005266736229387892,0.0005733948102344295,0.00012136716395616531,0.00029178724629295993,0.0007338930070214245,1.3639219105243683e-05,0.0007722180293636693,0.0008034180743259822,0.00012017227709293365
25,0.0004981798094546991,5.800483828675637e-05,0.0001651272177696228,4.3057951314595666e-05,0.00014424559403865625,4.21660952270031e-05,3.3251742386775085e-05,3.67438462815942e-05,1.822039484977722e-05,0.0002773764425276909,0.0001253762940513839,0.00027146656066179276,0.00048123090546963593,0.0008622041527232074,0.00013328436762094498,0.0007706871598354148,0.0004753486780997196,0.000661483034491539
26,5.523017268813102e-05,0.00012075087914789617,0.0001123831607401371,0.0004570435785707788,0.00025431571494791486,0.00023254705592989922,4.720972096553845e-05,6.181382903710031e-05,2.685561776161194e-05,0.00037682230416148654,0.0006735523280493351,0.00024091079831123352,0.00011621092626485502,0.0006439872647047151,0.00021673436276614666,0.0011247243512572946,0.0009933709563307298,0.000249495729804039
27,0.0009199765525226,8.638894958527474e-05,0.0009568054229021072,4.817892428912729e-05,0.00020207296886183557,0.0003986069932579994,2.5485832955331883e-06,0.00012492320251923178,1.146271824836731e-05,0.0012414945502487104,0.0015336460221656405,0.0003769737668335438,0.001157323396391352,0.0013472992326086196,0.00034849136136472225,0.00024210564124235723,0.001975111055587194,0.0002426430583000183
28,0.00014168736092000367,0.00019979536644999796,0.0008580079302191734,1.3870141194902152e-05,0.0002811313740282949,0.0005652150139212608,3.068148255378454e-05,4.150275682889514e-06,9.71183180809021e-06,0.0006301102344506357,0.000426435567893943,0.0004120040684938431,0.0009530946430782658,6.548714238612668e-05,7.747486233711243e-05,0.000837351612537035,3.0143856746726785e-05,1.440383493900299e-05
29,0.00038710138429304264,7.249526937038592e-05,0.00012767314910888672,8.789570371950384e-05,0.0001233540102501228,0.00027230754494667053,6.6267193790338e-05,4.6840111843894123e-05,1.17570161819458e-05,0.0005608481838321466,0.0008033021763220113,8.841371163725853e-05,0.00029142134209293735,0.0008610494651776802,0.00012488802894949913,0.00036552030939177027,0.000895478611083406,0.0003947783261537552
30,0.0003106115564091294,2.3357284423097813e-05,9.78102907538414e-05,1.1400675713785224e-05,3.0546782285582885e-05,9.927619248628616e-05,5.012829846032761e-05,3.022858103796916e-05,1.058727502822876e-05,0.000206025622151218,0.0007013778437396923,0.00022372929379343987,0.00016488009146681942,0.00044700768684804645,0.00023215916007757187,5.862079165677714e-05,0.0003159490545613145,5.791895091533661e-05
31,0.0006096377326265806,1.2875919643801081e-05,1.0479707270860672e-05,0.0002520417314842843,0.00017319457828142426,0.000151745043694973,6.341245218680243e-05,3.066378328809923e-05,1.3690441846847534e-05,0.0007243720656837371,0.0005751382795767916,0.00013563130050897598,0.0007882713445463846,0.00040451702002742077,4.180939868092537e-05,0.0006717481014169857,0.00038628249619379303,0.0005770586431026459
32,0.00011031709587179528,1.9703474450596253e-05,5.060061812400818e-05,0.00030815556890829987,0.0001565452101125013,0.00025854259729385376,4.486531548431906e-05,3.841149788428046e-05,1.4729797840118408e-05,0.0001465771320016962,1.9783690755292155e-05,0.0002431357279419899,0.000664943057192946,0.00018052333936952394,2.573709934949875e-05,0.0009996314561798725,0.0005778447840897784,0.00048218853771686554
33,0.0004022077991523154,7.263942442080687e-05,0.00018268590793013573,8.954611936436152e-05,6.448754535551618e-05,2.8247013688087463e-06,9.604375115797661e-06,3.106308117607065e-06,1.3630837202072144e-05,7.77994468362797e-05,0.0002919497660561522,0.00035407068207859993,0.0004436493228813024,3.356127493102379e-05,0.00021949922665953636,6.359790421961442e-05,1.305028872209367e-06,0.0002809632569551468
34,2.0878522715025993e-05,0.0001205733105425974,0.0002999482676386833,5.754019012978173e-05,9.313059834864523e-05,0.000238712877035141,1.4539322675454977e-05,1.3758125697527256e-05,1.930445432662964e-05,3.192068566210127e-05,0.00013311694604713903,2.393033355474472e-06,0.00020376419522274286,0.00038442920092720753,8.804863318800926e-05,0.0006000423282254419,0.0002000738820992394,4.2362138628959656e-05
35,5.41968990376146e-05,3.927056974297599e-05,4.728417843580246e-05,0.0004765303037856522,7.479290354436147e-06,0.00010867137461900711,2.483970838392663e-05,5.0734511117925875e-05,2.8721988201141357e-06,0.0002275413598113729,0.0006222137041007082,3.9929989725351334e-05,0.000617070700034035,0.0008391743046116118,0.00030114268884062767,0.0008845721388758276,0.0007979172969000965,0.00012484751641750336
36,0.0006815401008435501,0.00018254783312683653,0.00034098559990525246,0.0004858981738207896,7.040678557983238e-05,0.00029873941093683243,7.008077780281535e-05,1.716759200209617e-05,2.871081233024597e-05,0.0007147541430462812,0.00021708224127059764,0.0002932809293270111,0.0014993275372489137,0.00032454740850564046,0.00036931782960891724,0.001413422111258833,0.000280131103116137,0.0003980714827775955
37,0.000217149136337344,0.0004268296826165953,0.00044160522520542145,0.00046011430642126094,3.9637887507257274e-05,0.00043351156637072563,5.9986625511312605e-05,4.373311700296386e-06,9.01147723197937e-06,0.0011911648134940514,0.0002814053864732338,0.00010507600381970406,0.0016828431933780946,0.00034476037534175025,0.00011750822886824608,0.0005191010028812171,0.00016497443171014032,6.932578980922699e-05
38,0.0005346373324042059,0.00013214616879895016,0.0002146526239812374,0.00031605776844224887,2.3377974335204305e-05,0.0001929076388478279,1.7729941191238843e-05,8.474054074874855e-06,6.7427754402160645e-06,0.00029434810238555126,0.00041828977026659234,5.089025944471359e-05,0.00018446720667947974,0.0001035021837978295,3.019627183675766e-05,0.0003758421336226836,3.3179733161761704e-05,5.256570875644684e-05
39,8.133113328787078e-05,4.143203467462525e-05,0.0002429252490401268,0.00017264976113966213,1.5469158781387937e-06,0.00038821855559945107,5.6367160057286744e-05,9.381672132627398e-06,3.5915523767471313e-05,0.00011695296984931547,0.0004890985511777808,0.00030061742290854454,0.0005151662931656004,0.0007163919256438951,0.00015634810552001,0.0006613200819430287,0.00012780001953144413,0.0007506739348173141
40,6.436387152468359e-05,1.956896901281896e-05,0.00023262156173586845,6.201585606074866e-06,2.6291564104739817e-05,0.00040462566539645195,6.95357617930218e-05,2.3197576687670844e-05,3.6835670471191406e-05,0.00025248598436973524,0.00014146155668484303,0.0005030198954045773,0.00013951688345917312,0.0002456229295179774,0.0002532489597797394,0.0009250178784973306,0.0003132043745534101,0.0008701235055923462
41,0.00026976501324831037,0.00015742137655703342,8.232798427343369e-05,0.000552067490046812,0.00014397043342670446,1.3616401702165604e-05,9.208675555973621e-05,1.4479697612876559e-05,4.373490810394287e-06,0.0006245459215652033,0.00018661680089960414,1.6286969184875488e-05,0.0009465935035072245,3.3522984659566796e-05,0.00015726545825600624,0.0010608018757090332,0.0002957627897017148,0.00016663968563079834
42,0.0003869306346744039,0.00020433710913144928,0.00044430047273635864,0.00014276490727600788,9.375963510148064e-05,0.0005181417800486088,0.00010596788889311384,1.8987431535333278e-06,3.774091601371765e-05,0.000141077212428814,0.00031494724110354283,0.00019961176440119743,0.0008201010333933473,0.00045233861548321305,0.00010328995995223522,0.0019218667171730375,0.00012605226668352615,0.0005057398229837418
43,0.0006619984374727494,0.0001975733151871363,0.00020326394587755203,0.0005478031906470532,5.3820906795731815e-06,0.00032793497666716576,1.0309132377324393e-05,1.0575130671022017e-05,3.6310404539108276e-05,0.0006750166790218115,0.0003681639422473855,0.00042151566594839096,2.4024597690922023e-05,9.90277479567224e-05,0.0002605866175144911,0.0018091843103124894,0.00012479468599076084,0.0002688989043235779
44,0.00031720930068036834,9.143121078855967e-05,0.00021425075829029083,7.309233014896055e-05,7.604560083057654e-05,7.652211934328079e-05,1.0962999361372947e-05,2.2417894170404494e-05,1.2330710887908936e-06,2.679366423924412e-05,0.0003122637132076528,0.00012871203944087029,0.000463439389298749,0.00012169164158145826,4.270486533641815e-05,0.0010159208498245753,0.0003879941538036443,0.00015535764396190643
45,0.00011471987642068526,0.00016717538987609873,2.4884939193725586e-05,4.137531645298509e-06,0.00011259725611665813,6.162840873003006e-05,3.0085322869246103e-05,3.5792290137840875e-05,2.7842819690704346e-05,0.0005354070411975609,0.0004240111456291773,0.0002981121651828289,0.0006283953690142743,0.0005626172246014707,0.00016561802476644516,0.0001952596333485157,0.00077493252076038,0.0005160681903362274
46,0.00044493410049169235,7.817490934743793e-05,0.00016604876145720482,0.0005387011139101616,9.12357624336356e-05,0.00024241022765636444,7.385231140827342e-06,3.201020121615752e-05,1.944601535797119e-06,0.0006078592105033809,0.0002924025181943041,7.195444777607918e-05,0.0009083191162330764,4.924792147740706e-05,7.288157939910889e-05,0.00039658300021841453,0.0004151018029622047,0.00018410943448543549
47,0.0003322825683955283,3.640416119234102e-05,7.168902084231377e-05,0.000704632202767258,7.796105145892185e-05,6.275717169046402e-05,1.1390808459991672e-05,1.408111978574674e-05,7.957220077514648e-06,9.346225558011512e-05,0.0004698856856481595,0.0001501818187534809,0.0004841229916838427,0.00019759996658791357,8.603045716881752e-05,0.0006441501413032846,0.00025911814950581877,0.00011538714170455933
48,0.00011300906975000857,7.537659440367411e-05,0.000246378593146801,0.0001370741171824591,6.868476174808069e-06,0.0003546644002199173,1.3894389274148045e-05,2.66466024649331e-05,8.07642936706543e-06,0.00023300132499873283,0.00022745240594668203,0.0001310468651354313,5.8114525970869024e-05,0.00037444202208171407,7.432419806718826e-06,0.0005000816298852406,0.000416119687877439,0.00012964755296707153
49,0.000403507676719303,9.420494822734438e-05,0.0002482989802956581,2.254008437675703e-05,0.00014028184302158214,0.00010933447629213333,3.4365655816322865e-05,2.8391743310832244e-05,1.8190592527389526e-05,0.0006295638888171168,0.00031262387945266146,1.7951708287000656e-05,0.0004936274952218392,1.2393540067788533e-05,0.00023218011483550072,0.0007692069223684539,0.0005420191960629705,0.00013932958245277405
50,0.0006348706257254394,6.239977149886944e-05,0.00043657654896378517,3.5967996800737034e-05,0.00015069176272567222,0.0004420969635248184,2.4809940848366865e-05,6.6633459646593055e-06,2.7038156986236572e-05,0.0005726386973533698,0.00015818578436881114,0.00019668275490403175,0.0008549261833516592,0.00036854543763263983,0.00020577618852257729,0.0005794228177538607,5.516315762029095e-05,0.00022044964134693146
51,0.00029349626848905463,1.0979486887587042e-05,3.6928802728652954e-05,0.00036547344757616174,5.382285816480162e-05,0.00018656719475984573,2.4060822435922544e-05,3.3851558617007684e-05,2.1733343601226807e-05,0.00015806480710736648,0.0002429288964981187,0.00030715158209204674,0.0004703863615591053,0.0002830277059062032,0.000110650435090065,0.0004113585389171337,0.0006342089503353107,0.00038694776594638824
52,0.00016114517228422998,1.8673827711798707e-05,7.526809349656105e-05,0.0003599410450016993,7.815325156373953e-05,0.0002027507871389389,2.8386090691645202e-05,7.532144266108183e-05,6.489455699920654e-06,0.00023846410108088745,0.0007016375900315251,1.7828773707151413e-05,6.518024364862707e-05,0.00021161879609173095,0.0001681060530245304,0.00029939581425747486,0.001154655348460203,6.214343011379242e-05
53,0.00023973147103859005,6.043389766622123e-05,0.0002961033023893833,0.0002857648845896038,0.00028994556741592306,0.00026548001915216446,1.4571818338497342e-05,1.704095468795842e-06,6.973743438720703e-06,0.00040082694726206736,0.00032562527830545807,0.0001221848651766777,0.0007883229528002078,3.246965015983594e-05,0.00011732382699847221,0.0006575739500292999,7.988816771793217e-06,6.705522537231445e-05
54,0.0002668022369161499,5.08389973517924e-05,0.00014176452532410622,0.0003388528767083593,3.988109232370973e-05,0.00031225522980093956,3.479541581053944e-05,3.00365389063775e-05,1.3425946235656738e-05,0.00019461018033364863,0.00033855006542696936,8.331192657351494e-05,0.0004299450444891356,0.00010584264709697158,0.00014128070324659348,0.0006436089871044437,0.0005779303553912149,0.00025542639195919037
55,7.806186461424558e-05,0.00015623759697755424,6.591621786355972e-05,7.972315249377138e-05,7.207193019391142e-05,0.0001864442601799965,2.857679968357868e-06,3.63984641697563e-05,1.7091631889343262e-05,3.3457331800060275e-05,0.0007219463052185668,8.450029417872429e-05,0.0006408721896492206,0.000570017373398915,0.00026372121647000313,2.4404437574426785e-05,0.0004794986958475073,5.725584924221039e-05
56,0.00033312443486591126,0.00012255170878373509,0.0005748122930526733,0.0005251785124146535,0.00012730821207766405,0.0007339636795222759,9.071719493112737e-05,4.189000936600669e-05,6.814301013946533e-05,0.0006815591166821483,0.00040324372250917853,0.00030814530327916145,0.0006906109902280813,0.00010477205398407366,4.873983561992645e-05,0.002045935405196486,0.0007896936569129647,0.0009111519902944565
57,0.0003713974530292624,0.00010504149404623464,0.00013609882444143295,0.00025605667489909945,0.00019242638665816283,0.0002732910215854645,8.269991210964854e-05,2.171725627552135e-06,1.4215707778930664e-05,9.068587908003106e-05,0.00022709996535266036,2.7365516871213913e-05,6.114980553605098e-06,0.0005348179356144053,0.0002520876005291939,0.00077804577351262,0.00018869491938867684,0.00033298321068286896
58,0.00018871211777166108,0.00013297305599882514,5.427142605185509e-05,3.447574920543983e-05,9.55123044904492e-05,9.423680603504181e-05,7.625147909863864e-06,2.659150227333332e-05,8.545815944671631e-06,3.251981541706195e-05,0.00034660608648210203,8.844304829835892e-06,1.0375754083920274e-05,2.2485865130983385e-06,3.460422158241272e-05,0.0007287367737473793,0.0003144259804135959,1.2770295143127441e-05
59,0.00032585106757439253,0.0001762502969219898,2.036523073911667e-05,0.00029275502887532445,4.45444647893499e-05,2.170354127883911e-05,3.9679682042844874e-05,3.104192434169931e-05,9.533017873764038e-06,9.144361620679747e-05,0.0004098697706776573,8.81170853972435e-06,3.023665957387761e-05,0.0006691027818539197,2.464279532432556e-06,0.0004300155182791199,0.0004912301282902682,0.00019014254212379456
60,0.0005189786442163086,0.00012939707430279987,5.648471415042877e-05,0.0004526711689921553,8.642774665409622e-05,9.498931467533112e-05,7.182039934590899e-05,3.856106907278357e-06,1.0617077350616455e-05,0.0004169118625960491,0.0003326035706828247,0.00021756067872047424,0.0006564672003312247,0.0002959678320873099,0.00027162907645106316,0.0006712346280983716,7.713810955458375e-05,0.00011691451072692871
61,8.415427175445522e-05,0.00015903455234471398,0.0002079852856695652,0.00037612350109740567,5.175284102206315e-05,0.00032722577452659607,3.0193432637539916e-05,1.3915945689002833e-05,4.0978193283081055e-07,8.78303490570373e-05,0.0003510300709687192,2.9338058084249496e-05,8.442253435406166e-05,7.931978277138374e-05,0.00016514025628566742,0.00029223326091576407,0.00018994091808471067,0.00021548382937908173
62,0.00018523364463055025,0.00019509387508171924,0.0002359999343752861,0.00034615866594570055,0.0002731776943214678,9.709969162940979e-06,1.4087347677403661e-05,3.4817479187877016e-05,2.1055340766906738e-05,0.0005224340567194091,0.0004474458698273606,0.000153989065438509,0.00045168259347701245,0.0003748336097861085,0.00013434607535600662,0.0006350545659349893,0.0005099376258844339,4.045851528644562e-05
63,0.0008097860853786137,0.00013623969361668473,0.0003572576679289341,0.0008031256215371568,0.0001994004133171745,0.00032647140324115753,3.1064221902101646e-05,2.0804280202180278e-05,3.369152545928955e-05,0.0006506565944061488,0.0002841617941944999,0.0001640627160668373,0.0009525548433562056,1.1070239794228054e-05,0.00019363081082701683,0.00036948100462375066,0.0003958937665291748,0.00020578503608703613
64,0.00016554213999692147,4.443279703918862e-05,0.00029264064505696297,0.00035278388842760466,0.00011139529372265408,0.00017497967928647995,1.7862858288536163e-05,2.492299572158898e-06,2.8721988201141357e-06,0.00015440071000225736,3.8508471892961804e-05,0.00014560623094439507,0.0002869685677562711,0.0003592974714904211,4.10890206694603e-05,0.0003264335288397091,0.00011596556707171336,0.00025206804275512695
65,0.00015307080532375728,4.663184601766748e-05,4.961155354976654e-06,0.00025458357105878626,0.00015645297055038795,0.0002847174182534218,1.3959436845539797e-05,4.997815963734867e-05,4.686415195465088e-06,1.5283414452567368e-05,0.0005156916365530312,0.00018990784883499146,9.965666375455484e-08,0.0005483467127218207,0.00019242754206061363,0.00023588102390453836,0.0008542721949399302,5.6374818086624146e-05
66,0.0003307295863239773,9.615827747146144e-06,0.0003797430545091629,0.0003477037521765619,5.147101238015331e-05,0.0002848389558494091,6.701903809156091e-05,3.0337943872986434e-05,4.015490412712097e-05,0.00027054030298066106,0.0004387392648632221,0.00029532238841056824,0.0006839983721071002,4.5246535605343585e-05,0.00045288121327757835,0.0009263134285529828,0.0004450610352706619,0.0004597548395395279
67,9.58259131363104e-06,0.0002311894137964482,1.5446916222572327e-05,1.341364637222342e-05,0.00022462896398304719,0.00018554413691163063,2.0411666397190595e-05,3.739152653366173e-05,8.605420589447021e-06,1.7863732833099666e-05,0.00018412877706332903,9.175855666399002e-06,7.795325727538716e-05,3.305007370255769e-06,0.00020735571160912514,0.000980933503329784,0.0005747082152831482,0.00018595345318317413
68,0.0001522479923245501,0.0002502449960338528,0.00016283057630062103,0.0005920348065100445,0.00016441574184560687,0.00012735091149806976,5.726515616304509e-05,1.8129797569376647e-05,3.8392841815948486e-05,0.00024354478662064194,0.0004585601057748995,0.00014831498265266418,0.0007017047831059942,0.0006088534079484106,0.00015167519450187683,0.00018733317672153804,0.00023350006534137097,0.0004205014556646347
69,6.776665323844633e-05,0.00021758274715560216,0.0003825048916041851,0.0002021451273421654,3.212105259758902e-05,0.00029406603425741196,7.266470187323147e-05,3.6914167972149406e-05,1.6335397958755493e-05,8.614523234682508e-05,0.00046098711945485524,0.0002628415822982788,0.00026378868489862484,0.00023749779652574785,0.00015558581799268723,0.0009063204688989634,0.0006262463267388981,0.0002960246056318283
70,0.0003728422655457503,3.077346996305588e-05,0.00021968083456158638,0.0003482830959322114,0.000187754996130704,0.00016360916197299957,1.4176605526706326e-05,1.5999281848150281e-06,1.4454126358032227e-06,0.0002963506654473855,0.0003109203684658647,9.910156950354576e-05,8.822334506630725e-05,6.079862725248339e-05,9.170733392238617e-06,0.0006083962337240234,8.048380410337862e-06,0.00045513734221458435
71,0.0001739515410252579,2.9172311705454035e-05,0.00015964126214385033,4.76713886585628e-05,7.456066436151154e-06,0.00019593536853790283,4.6308721503034514e-05,2.1479814192289736e-05,1.1868774890899658e-05,0.00010670581814162944,4.900151701189154e-05,0.00021091243252158165,0.00012008224880103585,0.00018103935767258342,0.0001605488359928131,0.0007294896452234856,0.00044510684443675296,0.00017623603343963623
72,0.0002599845083441771,0.0001614128950486772,4.6703964471817017e-05,0.0002673677360842397,0.00012430522500449237,0.000152521301060915,9.882843821724073e-05,2.314268345934305e-05,2.5704503059387207e-07,0.00032681856884717725,0.00013931366747136145,0.00014486396685242653,0.0005791709720969623,0.0002734734336186581,0.0001050126738846302,0.001559857872867998,0.0003324939846485282,0.00030543655157089233
73,0.00014315198404435403,0.00011160548518413319,0.00010625692084431648,3.836418480682169e-05,7.685856914545555e-05,0.00016001611948013306,7.617195604308138e-05,3.383933063133581e-05,6.24731183052063e-06,0.00033840620507898794,0.000328854115835886,0.0004061819054186344,0.0005694925654280356,9.235642898035995e-05,5.448330193758011e-05,0.00014330256271394282,0.0005626829207168718,0.00032574497163295746
74,3.751500753552961e-05,0.00020769275391522776,1.1956319212913513e-05,0.00013157769696386934,0.00016888382956352713,0.00017554732039570808,7.848302069480076e-05,5.443524938403803e-05,1.6205012798309326e-06,1.8842032687059473e-05,0.0006262963974422546,0.00020308652892708778,0.0003263529771334525,0.0008539087281122376,3.6232639104127884e-05,0.00018938589280723117,0.0007937937408881107,0.0002942364662885666
75,0.0006025235056272144,2.8363812765681146e-05,0.0001092422753572464,0.00036278884056052674,5.632102749582313e-05,8.675316348671913e-05,4.316270553823484e-05,3.2694255933877846e-05,3.11434268951416e-06,0.00045260179550567214,0.00011116124114876266,0.00033406587317585945,0.00047006324168815533,0.0005632094313929963,9.669968858361244e-05,0.0006016644267406168,0.0004842664134288132,0.0004448164254426956
76,0.0005057052792941802,0.0002852094848730842,0.00015870621427893639,0.00016593852447684132,0.0002075647117887082,7.096584886312485e-05,9.74618466482828e-06,2.3119230914674853e-05,8.344650268554688e-06,0.000428252250065847,0.0001268898067110502,0.0003559393808245659,0.000413969900180583,0.00043226290761924635,7.612630724906921e-05,0.00022064722760709032,0.0002733031159299847,0.0005389880388975143
77,3.668138117016162e-05,0.00013958712283120706,0.00034586014226078987,0.00030348387513727537,0.00011084334135046808,0.0006205928511917591,0.00010365637656772377,6.260668305773986e-05,3.253668546676636e-05,0.00022458763960557515,0.0006299085570875794,0.0002471385523676872,6.352217194915966e-05,0.0003452330154280134,0.00016360776498913765,0.001436035306477207,0.0009346581955180671,0.0007553715258836746
78,0.0002211427674173594,0.0003329572533501274,0.00043531274423003197,0.0006531083765390078,3.377134386054262e-05,0.0006311922334134579,0.00015519319768661152,5.085759396430555e-06,3.0376017093658447e-05,0.000220467382595603,0.00016789306957903233,0.00031162751838564873,0.00039585785710496285,0.0004589497970098298,1.7912592738866806e-05,0.0013018659802292998,8.72054955957987e-05,0.0008859597146511078
79,0.00013865634430440532,0.00033642586126034907,5.765492096543312e-05,4.841317626913533e-05,8.982447492613538e-06,3.9015430957078934e-05,3.0515331963451575e-06,6.343970152391327e-05,3.550201654434204e-06,0.00024721568990496157,0.0008406116797071289,0.0002471189945936203,0.00032185454829978394,0.0004755693284982862,0.00041786395013332367,0.0002220117174178693,0.0010159167544846104,1.7220154404640198e-05
80,0.00027691018169540005,8.783370679464608e-06,3.718258813023567e-05,0.0003248553658597858,0.0001516048958826663,0.00022362731397151947,0.00012009226155893643,2.4274266838890954e-05,7.484108209609985e-06,0.00040671608986734414,0.0005282297876760614,2.3281201720237732e-05,0.0007068202974622947,3.9079967341919264e-05,0.0002815281040966511,0.0005212324000047341,0.0003439875484252703,0.0007077381014823914
81,0.000705975621845642,0.00029655163022120415,0.00014339806511998177,0.00032860799862113876,5.423375285761034e-05,0.0002417820505797863,0.00011227767319437615,4.7843486328010465e-05,3.978610038757324e-06,0.0004919535032906208,0.0005396325637331556,0.00013560103252530098,0.0007851106590606935,0.0007387140300536693,1.4781951904296875e-05,0.0006849319870419202,0.0007632906196145513,0.0007025226950645447
82,0.0003998885534716584,3.1459080508187964e-05,0.000180121511220932,0.0005904060115069776,0.00012154701530750489,0.00019762245938181877,2.908024945321927e-05,1.945253218742796e-05,7.383525371551514e-06,0.00022462582066489628,0.0001590395249836639,9.482493624091148e-05,0.0002239185097509533,0.00015905182553313524,4.965253174304962e-05,0.00014134513087382672,0.00039563740455127606,0.00010006316006183624
83,0.0005719240285450011,0.0001347838319283902,4.821550101041794e-05,9.369301792794271e-06,4.481179261343893e-05,6.304122507572174e-05,7.146642944305323e-05,2.9096550665149595e-05,5.498528480529785e-06,0.00028622465825674237,0.00022952733736126066,0.00017850566655397415,0.00038557146457683655,1.2910489075868004e-05,0.00024653575383126736,0.00020829131775515486,0.0005439846910948727,0.0001437496393918991
84,0.0001631173957466342,0.00045475472997867986,1.963367685675621e-05,0.0007921828252008684,0.0002023392184860133,0.00017732195556163788,4.888243913859884e-05,1.4752064087981596e-05,1.2770295143127441e-05,0.0003414735576980979,0.00048572754909843516,0.0001320228911936283,0.0002611499316153218,0.0002790942769558477,2.346932888031006e-05,0.00029364483026866894,0.0001691597884154552,0.00015519186854362488
85,5.717964386864338e-06,8.166521379155897e-05,0.000110589899122715,0.00030150453944199906,9.491323645361566e-05,2.6938505470752716e-06,2.5861287150664644e-05,2.7559553901783298e-05,6.843358278274536e-06,0.00033919475745934624,0.00021222870075154887,6.214715540409088e-06,0.0002346431743905364,0.0002754853830574007,0.00013481476344168186,0.0002553471033814314,0.0003255527781348467,8.335337042808533e-06
86,0.00013733801483108155,0.00022416164535028413,0.00018925685435533524,1.4023836650958743e-05,4.215700172322673e-05,0.0002180277369916439,2.056620928189354e-06,1.3557824917103571e-05,1.782923936843872e-05,0.0004885959250228167,0.0003403142747729661,6.565218791365623e-05,0.0006424683039175788,0.00013359493934091485,0.00013036327436566353,0.0005060636940980023,0.0001799053297621778,0.00035816803574562073
87,4.079576520961414e-05,6.0629447456474195e-06,0.00016482826322317123,8.451792649014078e-05,1.0125799241696848e-05,5.787285044789314e-05,2.857483061378084e-05,1.4263249313404837e-05,7.82310962677002e-07,0.00028324477182032487,0.000320493011066951,0.0001944177784025669,0.00043797752696195236,0.00031907831002113765,7.147714495658875e-05,0.00015048481773421996,0.0002703765313494719,3.465823829174042e-05
88,0.0006899870273045922,0.0003004945308878078,0.00017417455092072487,0.00030469063850978306,0.0001698637833896545,4.41218726336956e-05,2.5172707734298638e-05,4.8347093715659165e-05,6.426125764846802e-06,0.00030508731668549977,0.0007117384859807729,0.000284070149064064,0.0004911286267998208,0.0008747745743585209,2.88267619907856e-05,0.0010891704898925159,0.0008063107207882643,9.573809802532196e-05
89,0.0002681593243639563,0.00012953120168942775,0.00020896224305033684,1.4892222448228964e-05,0.00024691434193948453,1.6307458281517029e-06,1.6723195312552327e-05,3.345709114955061e-05,1.8164515495300293e-05,0.0003625747221813122,0.00012061416747306819,0.0005229208618402481,0.0005533343104713109,0.0005393298822257975,0.00028425920754671097,6.303399426513256e-05,0.00042851260667726206,0.0007624831050634384
90,0.0005823876595066613,0.0003475690897768273,0.00023643719032406807,0.0005498125435652174,2.649506693416792e-06,0.0003105294890701771,4.6381177223234205e-05,4.3008763403293195e-06,3.0100345611572266e-06,0.000265140733756504,0.00011619162042202438,0.00013856031000614166,0.0004649073049510649,0.0005686695526343905,0.00021627778187394142,0.0003535790290040419,0.00010610855270383945,0.0007056333124637604
91,0.0011528015823670384,0.0006179865211829692,0.0023961421102285385,0.002014107747541058,0.00041035394558109825,0.0023304992355406284,0.0002470504189092202,9.622136464117507e-05,5.552545189857483e-05,0.0012797495495956643,0.000480445897216554,0.0015583899803459644,0.0010209067546264675,0.0013274822203188964,0.00154435308650136,4.1636306556652736e-05,0.0014233684313347578,0.0014535151422023773
92,0.0017974634650479576,0.0001877389496424374,0.00023318780586123466,0.00033898128960525853,0.00014336840744696294,0.0001284899190068245,6.715223743860091e-05,3.2875120740526057e-05,8.751824498176575e-05,0.0014023990659244312,0.00040445793625623616,0.000819656066596508,0.0014972814782222219,0.00033504151419410516,0.0010318849235773087,0.000992866651243568,0.0005523896896889274,0.0012800637632608414
93,0.0007174302908182772,0.0003380595980472176,0.0010576252825558186,0.00144073202074943,0.0006471096678316336,0.0008185124024748802,0.00011775196964102473,1.5056509819409995e-05,3.341585397720337e-06,0.000575587449997729,9.95732253166251e-05,0.0007014819420874119,0.001035552289454525,0.0001430799624173168,0.0003776685334742069,0.00012746180978659427,0.000351627245257662,0.0011082198470830917
94,0.0015998723905112089,0.0007557811803287802,0.0009728786535561085,0.0007983517160744663,0.0002611036859339333,0.0011361618526279926,7.973948408481098e-05,2.1764149314479065e-05,9.58666205406189e-05,1.396613341331926e-05,0.0004230859299789412,0.0005931942723691463,6.501450118000934e-05,0.00044667454435745255,0.0003368980251252651,0.0001140556021996253,0.0002597949702024538,0.0016709156334400177
95,0.000560388401446732,0.00019367722929997458,0.00012401072308421135,0.0007463048802200667,0.00018885176632571846,0.0001317220740020275,0.00016385434675366545,4.590805215746115e-05,5.23105263710022e-05,0.00031784469181066893,0.000797481162576677,0.0005704956129193306,0.00042508247180152864,0.001141531655684768,0.0006570392288267612,7.73617034411922e-05,0.0005996329291393743,0.0005299560725688934
96,0.00039208526453339554,2.941389499166308e-05,0.0004094233736395836,0.00046971732370887365,3.331236300467208e-05,0.0004302253946661949,6.764783325952095e-06,5.698653331499522e-06,2.3730099201202393e-05,0.0009990224652754592,0.00034384919891728566,0.00019787810742855072,0.0009357309945415421,7.681382758777111e-05,0.00017667049542069435,0.0011724465334914669,2.479660956676219e-06,0.0003917720168828964
97,1.2459098243752798e-05,2.480622754543263e-05,0.00032250722870230675,0.000391213108136515,5.464791034490851e-05,0.0004167212173342705,2.9614151210305417e-06,1.8119761252287315e-05,1.0814517736434937e-05,9.19112318913673e-05,0.00014585235232264862,0.0004035951569676399,0.00022406390485987804,0.00029409946337820986,0.0005219648592174053,0.0005008920722517352,0.00026330382233247934,0.0005741231143474579
98,0.000379705194119645,9.721058012390413e-05,4.488648846745491e-05,0.0002979874581725134,0.00010725463831631407,0.00017497967928647995,1.3085866249124e-05,2.4150490972888854e-05,5.427747964859009e-06,0.00040542910646396146,0.0004924709263789441,0.0002521481364965439,0.00038470041536696475,0.00035493954398637534,4.772935062646866e-05,0.0005330202171159037,0.0003987950371355693,0.0002536717802286148
99,0.0006464929079864484,9.46533104694211e-05,0.00028564222157001495,0.00039489811903979655,7.021490196233715e-06,0.0002694102004170418,4.199545868446841e-05,6.884861038524196e-06,4.660710692405701e-05,0.0003265189690820694,0.00023687227034901656,0.00019710883498191833,0.0005335286760436153,0.0002148339092580484,0.0002359515056014061,0.0002595442386925939,7.212070811429263e-05,0.0005444828420877457
100,0.00027048236103653645,0.00012411842620196553,0.00010428344830870628,0.00024221030955384748,3.2380195216129976e-05,0.0001500314101576805,2.1112801679394957e-05,1.3070837196612337e-05,1.109391450881958e-05,0.00019934281751880778,0.00021558622251115558,5.434732884168625e-05,6.487420365790947e-05,0.0002289133562711279,1.0541640222072601e-05,0.0004249984408701002,0.0001528258046365541,0.00010625272989273071
101,0.0007101627966168561,0.000248714861080291,0.00011669797822833061,0.000309456012141468,0.00014617385053593626,0.0002283821813762188,3.220452279350562e-05,1.4891922336735284e-05,2.754107117652893e-05,0.0001533423940202755,0.0003213635460258303,0.00014455989003181458,0.00023736328765061598,0.00037105702251175043,7.744412869215012e-06,5.800435299710416e-05,0.0002642621124822823,5.9816986322402954e-05
102,0.00017771622946544108,0.00012985733468709806,0.00014401553198695183,0.00015882153166510427,1.1939669213902049e-05,0.0001910831779241562,4.1420497422941724e-05,1.6234322333278674e-05,9.227544069290161e-06,6.179983776438691e-05,3.414408935227195e-05,8.748797699809074e-05,0.0001728800833279212,0.0006083002086031651,0.00015373481437563896,0.0005315419079312544,0.00016488000181223467,0.0003781355917453766
103,0.0003695139550330129,8.168522479969076e-05,0.0003260965459048748,0.0001575369291668821,0.00010367498539266481,0.00013711070641875267,1.9430986673181494e-06,3.109310226249084e-05,3.814697265625e-06,9.673665840279067e-05,0.0005605513336842012,5.5907294154167175e-06,2.3023823150142286e-05,7.589441293037041e-05,0.0002478286623954773,0.0007705799247133271,0.0005026768570712363,6.443262100219727e-05
104,0.0001772107044965554,0.00014676106804449932,6.374437361955643e-06,1.9404087381685864e-05,9.962302337032658e-05,3.258697688579559e-05,2.125102831966423e-05,1.2637813554405072e-05,2.6423484086990356e-05,7.694819632259042e-05,0.00039559536691187447,0.00027751410380005836,3.4576170425404396e-05,0.0005170154299844118,0.00028881384059786797,0.00017736812964280757,0.00022062142551512428,0.0002809390425682068
105,1.57458206905825e-05,1.4188670958537042e-05,0.00016625132411718369,0.0001638484035447335,9.617113398800725e-07,0.0002892264164984226,4.285497036600819e-06,2.642863673401187e-05,7.241964340209961e-06,7.755820505868372e-05,0.0002180383038426735,0.00012695323675870895,0.00015052568496361218,0.0002716901975260179,3.759656101465225e-05,0.0005499925570247033,0.0003671217135867214,0.00016310065984725952
106,7.497244101765943e-05,0.00025291146115472354,0.000345385167747736,0.0003443867884153212,0.00013205516371231005,0.00035072769969701767,4.9650100254369084e-05,3.028692498198513e-06,4.1153281927108765e-05,7.251647888840279e-05,0.00028295440582437603,0.0002064816653728485,0.00012660451902379855,0.00044687044614233687,0.00020162155851721764,0.0007928865925162232,7.34318615543952e-07,0.0005575083196163177
107,2.596323355977259e-05,9.118337560001452e-05,0.0002907896414399147,0.0002473234864327767,3.5381343980081525e-05,0.0003109220415353775,5.045894910053403e-05,9.464009160735744e-06,1.0773539543151855e-05,0.0001558046734598667,9.010187825882199e-05,0.00014737481251358986,2.3625396868898196e-05,0.000695506771834449,0.0001834551803767681,0.0004826919208073266,0.00020478842129035874,0.00018360652029514313
108,1.755634757409641e-05,9.980302754072565e-05,0.00024570664390921593,0.00027775375288310866,1.709888964056966e-05,0.0004301867447793484,4.620756028207891e-05,3.550898832972076e-05,4.954636096954346e-07,0.0002662270221668664,0.0005820178375129416,6.617885082960129e-05,0.00032174864259988667,0.00016769808501804206,0.0003589293919503689,0.0006337393518951462,0.0005460709418061355,8.783861994743347e-05
109,0.0006273975987933916,6.874487580372027e-05,8.008303120732307e-05,0.0005554333017521451,1.542831557435967e-05,0.00023118173703551292,1.815538239231286e-05,2.4083139108349046e-05,4.991888999938965e-07,0.0005417306497724553,0.00015153472907357066,8.176080882549286e-06,0.00042164860871049537,0.0005270764795935086,0.00023878132924437523,0.0007380082734231852,0.0003204901246543217,9.930320084095001e-05
110,0.0005807776259733471,6.117050178825259e-05,1.5680212527513504e-05,0.000760499794379893,7.572006777776738e-05,0.0002267942763864994,2.203657239113234e-05,3.6136122424517146e-05,9.197741746902466e-06,0.0003480992487045337,0.0004407357688568543,0.00022264523431658745,0.00045337343542249664,1.2692562836053717e-05,9.905267506837845e-05,0.00045469966446262666,0.00044065935315579707,5.0825998187065125e-05
111,2.9347593083775547e-05,8.626102359802698e-05,4.2788684368133545e-05,0.00021089356237323498,0.00023161726255009618,0.0002034241333603859,1.8864125240615134e-05,2.7944668161082196e-05,8.422881364822388e-06,9.621241957153553e-05,0.00048574592022994356,0.00012677907943725586,7.118733422150497e-05,0.00021327400754816983,0.00020547769963741302,0.00022357667958958216,0.00032892749315805965,0.0001660529524087906
112,2.2989179723764686e-05,0.00019316318846624228,7.997918874025345e-05,9.413394952154097e-06,0.00010466178780329724,4.186108708381653e-05,7.159152791674783e-06,8.152573154394211e-06,2.6572495698928833e-05,6.737060179214799e-05,0.00018108700352223103,0.00011544115841388702,0.00021905630789474662,9.745879374311803e-05,0.00030304770916700363,6.442901339406837e-05,8.25654188122563e-05,0.0004076436161994934
113,5.9530086595246945e-05,1.6687900176986376e-05,8.251471444964409e-05,3.1704256539671904e-05,7.21061330679583e-05,0.00015719840303063393,1.3307201571149258e-05,6.478797777352319e-06,3.7811696529388428e-06,0.00019919176620607215,0.0003167282741548018,4.178006201982498e-05,7.553569880241334e-05,0.00014432442512491567,0.00018812157213687897,2.7359034074803112e-05,0.00010937687856993512,5.7192519307136536e-05
114,0.00025625690541593305,6.385357643183542e-06,8.357129991054535e-05,0.00024180449045120567,1.197665347929533e-05,0.00011860020458698273,4.687823521332471e-06,5.175183592414631e-06,2.3711472749710083e-05,0.0001849681734267597,0.0003184866831295631,0.00027822935953736305,1.2503055512508299e-05,0.0003662860876270102,0.0002169385552406311,7.349821551749791e-05,0.00013437971448225288,0.00048613548278808594
115,0.0003675528418989882,3.159640046255727e-05,0.00013186782598495483,0.00030547276395119505,0.00013824563712475438,0.00016823271289467812,2.0488172015982117e-05,9.294027274227496e-06,1.056864857673645e-05,0.00027342060036347066,0.00034434360723481494,0.00020486488938331604,0.0003818917533498084,0.0005625795853839467,0.00015022838488221169,0.0007623383038547205,0.0001847288152790165,0.00032074563205242157
116,0.00013468532351861018,5.721554514402302e-05,0.0002738102339208126,0.00030655948558933055,0.00015373457070817428,0.00017279759049415588,4.968272820299324e-05,9.082919872807665e-06,1.9665807485580444e-05,9.132018980835543e-05,0.00017429276386917922,0.00021051708608865738,0.000270047530798026,0.00039408018667142636,0.0003401576541364193,0.0002917422191025254,0.000134126427156571,0.000597294420003891
117,0.00021403076526302356,4.320572124308364e-06,0.00015187403187155724,0.00020834963577319454,3.450754706665199e-05,7.88755714893341e-05,1.689720012549266e-05,2.7404067969652852e-05,1.687556505203247e-05,0.0005566296580483826,0.00046872047431921124,2.533942461013794e-05,0.0003737845050042002,0.00039292591442595046,0.00015813345089554787,0.0008093333176642792,0.0004215938869683599,0.0001359879970550537
118,0.00012637417174868326,9.487955152759006e-05,0.00011885398998856544,9.258812557669249e-05,0.0002567376372538191,0.00022141216322779655,2.625607377990287e-05,3.6193555142267886e-05,2.1032989025115967e-05,0.00011395606740824404,0.0002715532405203787,0.00024320371448993683,0.00035184090815506414,0.0004445524154628039,0.00011095963418483734,0.0003252648486511689,0.0006276454244140677,0.0005218815058469772
119,0.0007550596017418393,8.810756548288667e-05,0.0002452731132507324,0.0006601553848117336,2.303332262797858e-05,0.00035964371636509895,1.8042521379428578e-05,1.2487062688719115e-05,4.451349377632141e-05,0.0005615569247642907,9.721006265884374e-06,0.00024159206077456474,0.00026556480098907653,0.00021507654991389374,4.68413345515728e-05,0.0012095977171215355,0.00017476885119168577,0.00043857283890247345
120,0.0005865487465574332,0.00014760177934531118,0.00018263515084981918,0.00014216554421607464,1.9663728932736713e-05,0.00010040123015642166,2.4778384659369934e-05,2.5316213522542366e-05,2.0898878574371338e-05,0.00031286739297323174,0.0004347917876501156,0.00018144072964787483,9.096994642072975e-05,0.0003921592113653345,0.00029845815151929855,1.2841241281758009e-05,0.00041414251527588787,0.00011538714170455933
121,0.00023168877579198,0.00013056120301637233,0.00011771591380238533,0.00016205810566499723,5.394747549398657e-05,7.117493078112602e-05,1.4189453571653715e-05,3.501819950631473e-06,1.675635576248169e-05,0.0001543038753369086,1.5764198267483737e-05,0.00015290174633264542,0.00031959321046091255,0.0001550744444185001,0.00017841113731265068,0.00045681921109302914,0.00014669799816009873,0.00032576918601989746
122,0.0009642736038458499,3.6603532084244356e-05,0.00015991367399692535,0.0007272981289014047,6.535862115093077e-06,0.000248876865953207,8.622548007890599e-06,1.404120566613203e-05,3.0022114515304565e-05,0.0009651497073216581,0.0004178574159142863,0.0003125756047666073,0.0009245955977303863,0.000328926485033694,0.00021086353808641434,0.000339101749831483,0.00017668809558567125,0.00038990937173366547
123,0.0002993245289588803,0.0001193816194058131,5.0389207899570465e-06,0.0003028964966948211,3.588494610986398e-06,3.564590588212013e-05,1.8638121448867964e-05,5.762788261564613e-07,3.38628888130188e-06,0.0001326585568370217,0.0001359265216177817,9.433319792151451e-05,0.00013863588826308615,0.00028408635301011356,0.00010373862460255623,0.0004552789425066317,0.00011673301829748847,0.00011600926518440247
124,5.704149712033868e-05,1.869502186502281e-06,8.437642827630043e-05,0.00010221359425158227,0.00010719395402047568,0.00024102302268147469,9.421285680263208e-07,4.161907856425578e-05,2.7883797883987427e-05,2.4601365179531542e-05,0.0006363113721344696,0.00033413246273994446,0.00017168192147509753,0.0006245897562484441,0.0001384234055876732,9.727908232626259e-05,0.0006343207085022639,0.0004872474819421768
125,1.3823511592667148e-05,3.5358338158316543e-05,0.000136510469019413,0.000186002457569584,0.00011232828388621843,0.0002294480800628662,4.8417763095437785e-05,7.929681746286023e-06,2.3502856492996216e-05,0.00033379627237273973,6.425877038035085e-05,0.00028978893533349037,9.786446810051974e-05,0.0001765638121435896,0.00012467103078961372,0.00018117196346689735,0.0002028843885091727,0.0005537290126085281
126,4.8399050660868914e-05,6.429887722128949e-05,0.00015934882685542107,0.00027544683746744125,5.318781680991452e-06,0.0001301383599638939,3.533042478680304e-07,4.156591144102153e-08,1.617521047592163e-05,0.00021106556527933362,0.00021493603420972424,2.6371795684099197e-05,0.0003878030287865347,0.00012165100756804381,0.00010768137872219086,0.000632617012888248,1.718239855556629e-05,9.542517364025116e-05
127,0.0002139420176030249,4.639930731002023e-05,2.281414344906807e-05,0.00021603846166949603,3.575948180511296e-05,5.121156573295593e-05,3.138747828831598e-06,2.268088232047335e-05,3.5390257835388184e-06,0.0005664900859890382,8.793768204483354e-05,7.334817200899124e-05,0.00032086719278655307,0.00047875830365103067,5.609355866909027e-05,5.301812823321761e-06,0.00031325405226437274,0.00012133829295635223
128,0.0003645603876007708,0.00013769785118275535,0.00015192944556474686,0.00013775335139826206,4.799487180136286e-06,1.9064173102378845e-05,1.7689356502410478e-05,3.0887463823901166e-05,2.356991171836853e-05,0.0003405612862759991,0.0002453510700580856,0.0002662357874214649,0.0002349812173437077,0.0002796263545233012,0.00044796615839004517,0.0005121997362842745,0.000499222174961955,0.0003290977329015732
129,0.0007793031609381607,0.00012202992745904626,0.0005291616544127464,0.0005593569408239851,2.1166490508969793e-05,0.0004100212827324867,1.9103119840680263e-05,4.436814348647355e-05,4.95128333568573e-05,0.0008801437890783789,0.0006621219220508887,0.0002937726676464081,0.0006032773327059454,0.0005565271408770819,0.0005031661130487919,0.0006003320325403128,0.0005773814176237766,0.0004235878586769104
130,0.00013859294533702382,0.0002495960917836028,2.7548521757125854e-06,4.716164981102833e-05,0.0001070219646675287,0.0001046992838382721,2.107573481743147e-05,4.02459015758029e-06,2.253800630569458e-06,0.0003219688310992508,4.6321745829150385e-06,8.109956979751587e-06,8.414311754112447e-05,0.00011348360079481076,0.00011201901361346245,0.000585777005167043,9.887165766073354e-05,0.0001673959195613861
131,4.420868029701708e-05,0.00020958257771340819,0.00041707372292876244,7.61535747585973e-05,0.0001179729862245231,0.00035711564123630524,3.0524540372861564e-05,1.7275220241267823e-05,2.100318670272827e-05,8.286815733381248e-05,0.0003237747020579003,0.00025408342480659485,0.00021180512873266583,0.00015150909810506333,0.00023698154836893082,0.00018395598335615992,0.00018296326656087056,0.00043560750782489777
132,0.00014396337784718105,0.00017012293550500504,0.0003984603099524975,0.0001207174822240864,9.90647113370581e-05,0.00035866256803274155,4.271702832181305e-05,1.9083865710008813e-05,1.6979873180389404e-05,0.00033306196387330317,2.2555746011614086e-06,0.0001483401283621788,0.00011217727668439564,0.00028444742570112383,0.00017178338021039963,1.6378526303401086e-05,0.00029530932927667375,0.0002034120261669159
133,0.00022366075010900321,0.00022753095786263305,0.0001741880550980568,0.0001620606766567778,0.00016829693315442706,7.252953946590424e-05,1.7497060414116417e-05,1.625030006544069e-06,1.2833625078201294e-05,2.9902296776636306e-05,0.00019592528626449432,2.6025809347629547e-05,0.00027201093807907584,0.0001973045972414704,0.00010988954454660416,0.0002548748109492682,2.1938489983949457e-05,0.00019517168402671814
134,0.00021818661568648312,4.8030975246287494e-05,6.869900971651077e-06,0.00015688275802780427,6.621382968307471e-05,7.125269621610641e-05,2.5556604529922144e-05,2.2331429978693303e-05,7.513910531997681e-06,0.00028841211002994527,0.0001488656446366511,0.0001477804034948349,0.00023276088123119765,0.00030031126725627716,8.017569780349731e-05,0.000594141912764079,0.00030831029140263315,6.12754374742508e-05
135,0.0005188592804469538,7.964903696557751e-06,0.00015957839787006378,0.00018825465847394085,8.483642711603484e-05,0.00011138711124658585,1.4743758220005232e-05,2.157296495720499e-06,7.91996717453003e-06,0.0007916399352717388,0.00019834351766978217,6.562937051057816e-05,0.000468393914594481,4.718424303118765e-05,2.80747190117836e-05,0.00013479215266343214,3.125615558795952e-05,0.00017982162535190582
136,0.00037318416395544507,1.636463058356935e-05,0.00015511689707636833,0.0002309319312128466,0.00013403200753528063,0.00017015961930155754,9.252996870542235e-06,7.865805777935959e-06,2.139061689376831e-05,0.0005979054807073239,0.00010417870197726095,0.0004146001301705837,0.0004183498280959097,6.059244621169427e-05,0.0004371190443634987,0.0004809849761666374,0.00017053189155115346,0.0002911575138568878
137,0.00011244365389868893,0.00016573844030846885,0.0004414445720613003,0.0002976845513903287,3.088755020706421e-05,0.00034978101029992104,1.4410755515486401e-05,1.7841649605323926e-05,6.0949474573135376e-05,1.2526617170549592e-05,0.0004605430703575296,0.0003946162760257721,0.00031052409295832806,0.0001560084891428469,0.0005431347526609898,7.314472423955443e-05,0.00038752733918300864,0.001108318567276001
138,8.715378243992489e-05,6.53935150191319e-05,0.00010987324640154839,0.00020439408052098929,3.0497702800471455e-05,0.00011094566434621811,3.8279276219790534e-05,6.958073297718559e-06,6.094574928283691e-06,0.00046418047754671204,0.00024099706597549217,4.7282781451940536e-05,0.000354057737531166,0.0001810441573532745,8.934177458286285e-06,5.051776060541191e-05,8.925999697301712e-05,0.0001612827181816101
139,0.0003911516646637192,9.701068861070472e-06,0.0002197897993028164,0.0004929248794137003,4.273786541202779e-06,0.0002884925343096256,5.979759844124827e-06,2.2838170572073705e-05,1.7549842596054077e-05,0.0004631814383491209,0.00017543023729997553,0.0001294352114200592,0.00041770946167971057,0.00019050507127992347,1.559639349579811e-05,0.0005449814682471354,0.00037312231722529967,0.0002697911113500595
140,0.0009563366795713596,4.912595598685621e-05,0.0004318081773817539,0.0006603587509637354,7.755286379430154e-05,0.00028066476806998253,3.456493824941474e-05,2.5081961461639727e-05,2.4084001779556274e-05,0.0005753243157981258,0.0003728343537760283,2.0036473870277405e-05,0.0006485675502580363,0.00033842329949894737,0.00015843752771615982,0.0006769929008140774,0.0002922624229761369,0.0005613993853330612
141,0.0002840231193373399,0.00011154298261111667,0.00010458379983901978,6.830304784020969e-05,8.261551941172313e-06,1.8569640815258026e-05,2.2686465050505977e-06,2.820726845122648e-05,7.934868335723877e-06,0.00011483724582760091,0.0002808336122012006,4.311464726924896e-05,0.00016823033869825532,0.00031690979472160513,0.00017184531316161156,0.00019835836997453282,0.0004506382406885474,2.7922913432121277e-05
142,0.00011469798483289273,7.072153836863715e-06,0.00011875107884407043,0.00020343850670860586,5.5396312260667935e-06,0.00017774756997823715,1.810502017135507e-05,2.4203082220465393e-06,1.1730939149856567e-05,0.00035891790745554153,0.0001875073816100803,0.00010426575317978859,0.00042076620932481046,3.1566276955923706e-05,5.049118772149086e-05,5.389120442816919e-05,5.177498614515998e-05,8.4657222032547e-05
143,1.4753307617937361e-05,4.6598050609351904e-05,0.00010165758430957794,2.763214977885564e-06,2.501688538561475e-05,5.885958671569824e-05,1.62637740893333e-06,1.0512663356265436e-05,1.730397343635559e-05,9.83492949131401e-05,6.972898244361758e-07,0.00015670619904994965,0.0001314546646634801,5.6357152847793385e-05,0.00019867997616529465,0.0001576419814079133,0.00011745265692909433,0.0003487803041934967
144,0.00011346535761604104,1.603801485439843e-05,6.123771890997887e-05,6.341604010635937e-05,1.5799490889260165e-05,0.00020338408648967743,2.835256536076053e-05,1.5983182394307e-05,1.448020339012146e-05,0.0002622346017749494,0.00035141350045658076,0.0001444648951292038,6.051336459228507e-05,4.69061718211608e-06,4.13479283452034e-05,0.00018703089181379418,0.0002973965799924032,0.00028557702898979187
145,0.0002408467817691523,0.00022338279095109395,3.124680370092392e-05,0.0002048545541577934,9.671521600381622e-05,0.00014693569391965866,4.718227977994899e-06,1.3065609678737411e-05,8.72090458869934e-06,0.0001387204366388034,0.00020576379559810593,0.00012301327660679817,0.00028795402478362653,3.699307091714274e-05,8.856458589434624e-05,7.687680531401342e-05,0.00025856003955345547,2.858974039554596e-05
146,4.392539076721047e-05,0.00013393690256450347,1.1955853551626205e-05,2.5816449369622796e-05,0.00014911683263693631,8.770450949668884e-05,7.396598401630122e-07,1.9334090830737085e-05,4.76837158203125e-06,0.00024238436063286212,0.00019061122704041797,9.93744470179081e-05,0.0004735741081489664,0.00011235513703100261,0.00021103257313370705,0.0009027866563880299,0.00035453419959318236,0.00017469748854637146
147,0.0005939990110108984,5.1717201021105746e-05,0.00041845720261335373,0.000496800012216414,0.00011188226046892832,0.0002311374992132187,5.386995816739418e-06,4.069987748424989e-05,3.439560532569885e-05,0.00012791742146661678,0.0004952465105891521,0.00012307194992899895,0.00048501519503711676,0.0004280440023307873,0.0003695981577038765,0.00023924555125028057,0.0006491377779704686,0.0005799420177936554
148,0.00021100186455227932,0.00019328925575654715,0.00016770651564002037,0.0003637487217281882,8.396056263116833e-05,0.00012561259791254997,1.6802448465382674e-05,1.705505729766423e-05,2.1494925022125244e-06,0.0005567264210277478,6.7993751204364905e-06,0.0002139117568731308,0.0002854451461237334,0.0006295482825346664,0.00012603448703885078,0.0007821046033269496,0.0002024883284867827,0.00020419806241989136
149,0.00017909826069127666,5.472341681676818e-05,2.8713606297969818e-05,9.409358423441427e-05,3.890752715747514e-05,5.636410787701607e-05,2.7632472169025757e-06,7.82293102316505e-06,4.678964614868164e-06,0.00028627135286257016,0.00010512974548104737,5.599018186330795e-05,0.00040564796963764305,9.837939191469428e-05,3.5064294934272766e-06,0.0002761446444244364,0.00011096542114664618,5.099363625049591e-05
150,0.00041097875961315644,4.3764709434467725e-05,4.3394509702920914e-05,9.366955208441052e-05,0.0001468307723523285,0.0001230868510901928,1.8142320095166156e-05,3.888665418184988e-05,2.5935471057891846e-05,0.00017172977481395152,0.00016166542788757093,0.00021704751998186111,5.1628116957344594e-05,0.0004529240155768145,0.0003401096910238266,0.0001556098055174593,0.0005963783749490762,0.0003726501017808914
151,1.6995095677610483e-05,0.0002591865180480192,0.0001951572485268116,0.00039939857249247923,0.0001614373928094867,9.28165391087532e-05,5.1845261687475525e-06,2.9652702520868634e-05,1.624971628189087e-05,0.00017428902270306273,0.000637664135549193,0.0002563423477113247,1.0554026105932812e-05,0.0006900088386720647,6.0589052736759186e-05,0.00030936439050263664,0.0004595426232859175,0.00025176629424095154
152,0.00029097511983840196,3.551857831711122e-05,2.658925950527191e-07,0.0002204346230072346,4.617043982180907e-05,2.8800684958696365e-05,7.045103457470683e-06,1.704859556132304e-05,3.777444362640381e-06,0.00023041195324812608,0.00014935026126859305,0.00020835734903812408,6.298481426403324e-05,0.0003973857156090721,0.0001343213953077793,0.0004900537196705079,0.000282975492946706,0.000282803550362587
153,0.0004479700927985941,7.964421675495797e-06,0.0002532489597797394,0.0005069111628626666,0.000296104484044199,0.00021351408213377,1.6207815014159313e-05,1.1918227422439147e-05,3.574788570404053e-05,0.0004102404749090696,0.00043734833110437715,0.00023373495787382126,0.0002931583563054313,2.211556132031278e-06,0.0002570287324488163,0.0003705808656469245,0.0002060570492045785,0.0005591530352830887
154,3.70808424954433e-05,4.425538022441791e-05,0.00013016117736697197,4.140926462974093e-05,8.367708782365882e-05,3.5124365240335464e-05,6.5405787834128815e-06,3.87763633883691e-05,1.5467405319213867e-05,1.1510418150124935e-05,0.00022386572922597145,0.0001099403016269207,4.7299475545145575e-05,0.0005516162719611736,0.0003380593843758106,0.0002400365942759608,0.0006266166771442003,0.00028713978826999664
155,0.00020079522966388874,5.790118033932937e-05,1.355959102511406e-05,0.00012142221969480005,0.0001022018503134825,8.618924766778946e-05,2.6558840655884625e-05,6.627730829801207e-07,1.0214745998382568e-05,8.67842853776099e-05,9.383420020963804e-05,0.0001518353819847107,0.0001242828195207185,0.00015486244494065243,3.6158133298158646e-05,8.320805590980584e-05,2.6647143274671293e-05,0.00019976310431957245
156,0.0002853472710255406,6.163436130560487e-05,2.4277716875076294e-05,0.0003411519968049004,8.865791824274466e-05,0.0001108003780245781,1.386472027785357e-05,2.9796882043883147e-05,1.0792165994644165e-05,0.0002511292069562118,0.0006122468644654752,5.9376005083322525e-05,0.0002161844035258459,0.0004483588789569552,0.00020756665617227554,0.0003410315019984067,0.00041273667761675104,0.00015150383114814758
157,0.00017771978750788509,0.00014995502303143116,5.1989685744047165e-05,0.00012660920414930832,2.3714533897045698e-05,0.0002275039441883564,2.7821978568650513e-05,6.721212353941652e-05,1.1797994375228882e-05,0.00012732933638295169,0.000576973512838988,0.00031058816239237785,0.0003518723573170679,0.0007061943139418207,0.00010692514479160309,0.0007223367082643262,0.0010482102028675935,0.00033105723559856415
158,0.00031335787172886986,1.3079674133407992e-05,0.0003892364911735058,0.00020536455545663856,0.00013438166588693526,0.0004001338966190815,1.1756578441280904e-05,1.3023421991311632e-05,3.7435442209243774e-05,5.6714992463194336e-05,0.0007589462344005198,0.00033380789682269096,0.0004214337303758142,0.0002516489579560341,0.00028747785836458206,0.0010144464099422768,0.0002370266156674222,0.0004840139299631119
159,0.0007293595301344213,0.00011749125053460777,0.0005462616682052612,0.00043318474426015663,1.195871653327657e-05,0.0005476507358253002,2.675132628886419e-05,5.070613351376745e-06,5.5909156799316406e-05,0.0002340991320409075,0.0004746081742515694,0.00031173741444945335,0.00048328202822926075,0.0004579964650353388,0.00031209131702780724,0.0012275761184794287,8.93340992603193e-05,0.0006253737956285477
160,0.00047396300612941034,1.694187900729699e-05,0.00028392625972628593,0.00018252061799930996,2.7553901054477165e-05,0.0003901403397321701,2.0130086051325935e-05,3.446568514792257e-06,4.958361387252808e-06,0.00030681833350118537,0.00022373487760098815,1.8426217138767242e-06,0.0003782410702716302,9.138461042130022e-05,8.909450843930244e-05,0.0005599628125980693,3.7788409832559787e-06,0.00012386031448841095
161,0.00021729802938727505,0.0001446332631335201,6.60475343465805e-05,0.00012234117579112969,0.00010932016470380224,5.0477683544158936e-06,5.222081925109964e-06,1.6168409987363393e-05,5.2113085985183716e-05,0.0002003927586488874,0.00044219523248800047,0.0005331980064511299,0.00015967890495294235,0.00015703768351784872,0.0006143380887806416,0.00021124108001518982,0.00039348477785332097,0.0010200943797826767
162,4.1239337472992466e-05,0.00011238049981630513,3.1301751732826233e-06,0.0003106825414151554,0.00010357581283670231,6.600096821784973e-05,2.8068984605720756e-05,2.3395827545354646e-05,1.1626631021499634e-05,0.0002515651539788874,0.00044658229813695355,0.00011436408385634422,0.00011691879092382007,0.00011181937313258991,1.039169728755951e-05,0.0007811442278796987,0.0003587450240262579,0.00016908533871173859
163,0.000598875321842135,0.00021614753549148089,0.00027991971001029015,4.213455783476372e-05,9.35152021906624e-05,0.00024133455008268356,4.2742844422785295e-05,1.3056064126050856e-05,3.881007432937622e-05,0.0001892926473607351,0.00024300689092305455,0.00033887987956404686,0.0002929961030707917,0.00032613506286391716,0.00036207493394613266,0.0005117327006940453,0.000197195032827983,0.0007668174803256989
164,0.00032982023793172444,8.118280553376378e-05,0.00027611246332526207,0.0002708170085294753,0.00010434829653994254,0.0002819993533194065,3.977528180823184e-05,1.5911455869762665e-05,4.502013325691223e-05,0.0004062271443040291,0.00035682031298386874,0.00043853046372532845,0.0004837237091726426,0.000372735451837955,0.00042263278737664223,0.00032660726598705836,0.00023105354557051254,0.0009365640580654144
165,0.00011965164196889311,6.9588669780185075e-06,0.0003202594816684723,2.3958198506271455e-05,2.810640644524895e-05,0.00038967840373516083,1.260391411558176e-05,3.979967201949401e-06,9.004026651382446e-06,0.00028112149083749094,7.40747154498421e-05,2.0291190594434738e-05,0.00010419445548276451,1.786449768323775e-05,6.89951702952385e-05,0.00014536946180275512,0.000169877667230014,1.296401023864746e-06
166,0.0002457583007795111,0.00013307518930267756,0.00010123429819941521,0.00011703205728828825,0.00011297956146732666,0.00016697216778993607,3.996447114800253e-05,1.024242212357561e-06,1.1175870895385742e-08,0.00011221376549761658,5.024957541206049e-05,1.527322456240654e-05,9.061760990507206e-05,6.35000418466522e-06,0.00011479668319225311,0.0004228480194174433,1.824667135340947e-05,4.8395246267318726e-05
167,0.00015958360032905516,9.116961785808966e-05,3.038765862584114e-05,4.188644574923406e-05,0.00016627698738711297,6.069149821996689e-05,5.904113898887696e-05,3.851449733504643e-06,5.200505256652832e-06,0.00041730671082172016,0.00014328433313023914,6.13178126513958e-05,0.00011221224586807632,8.69260328994273e-05,0.00010446598753333092,0.0005926789667343307,9.222560019535395e-05,0.00018402747809886932
168,5.185369339046064e-05,1.113128771524155e-05,0.00012065237388014793,0.00022634460336314055,0.00012255121149841453,0.0001385197974741459,6.234264409245294e-06,1.5663537101083948e-06,2.6889145374298096e-05,0.00032187922589903967,0.0002266505254739197,0.00026877550408244133,0.00010891620882021169,0.0001498051324726364,0.00022462569177150726,0.00025749366289934406,0.0001472820338499375,0.00032618455588817596
169,0.0007067376718939006,0.00011744840840367463,0.00037327082827687263,0.0005769590497109178,0.0001385259927598817,0.00046625081449747086,4.336416341910697e-05,8.36416532263212e-06,3.9033591747283936e-05,0.0005538808901953268,0.0001892011330078859,0.00019506271928548813,0.00048416966766642866,0.0003257842876764755,5.906401202082634e-05,0.0005557583006366995,5.702578757150372e-05,0.0005391985177993774
170,0.00032494064017328517,0.00025117327972649234,0.00010261638090014458,0.000341600885892121,2.8769396860778285e-05,0.0001606382429599762,2.2785907646490078e-05,1.9131586551506262e-05,3.382563591003418e-06,7.987107963168538e-05,0.0002646132404278412,8.428981527686119e-05,0.00027038615849800385,0.0005165455243147515,0.00015931017696857452,0.0007179541646963467,0.00018860286123997144,3.8759782910346985e-05
171,0.0002743404860962029,9.673309124219251e-05,0.00013917358592152596,9.316749503547606e-05,3.9072477939793016e-05,0.00018148543313145638,2.8053131081312577e-07,1.7696980714867566e-05,1.4316290616989136e-05,2.3018947075709173e-05,5.474127248513913e-05,0.00012369733303785324,0.00017025360945105428,0.00016763243486034654,0.00020701531320810318,5.1183210558317094e-05,0.00023517906544172633,0.00032927654683589935
172,7.855488071285832e-05,1.8436007190061193e-05,0.0001047779805958271,0.00037928794239565355,4.230114443484409e-05,1.294352114200592e-05,4.655011220731746e-05,3.06520677721333e-05,1.7929822206497192e-05,0.00039976542823529776,0.0003779243898481832,0.00023838644847273827,0.00043409491829389524,0.00040886634723353785,9.190989658236504e-05,0.00028531353710460616,0.00043057364495038396,0.00011369585990905762
173,1.0634550295512968e-05,3.3893159081407886e-05,9.247008711099625e-05,3.5062840760879954e-05,3.971937735852693e-05,9.633088484406471e-05,1.415366886580588e-05,1.5703313622896664e-05,7.282942533493042e-06,9.731580337941914e-05,0.00014280272524194032,2.9020477086305618e-05,2.2641310762613887e-05,7.323918400239937e-05,4.2817555367946625e-05,0.0005799475806255588,0.00023840308905560131,0.00021421164274215698
174,6.50762717567116e-05,7.997040441044823e-05,8.705072104930878e-06,6.209302915323456e-05,1.8284628587918184e-05,4.131440073251724e-05,7.722226748463693e-06,3.266995714546275e-06,2.644956111907959e-07,2.5425518736160724e-05,0.0001944049597936634,3.6757905036211014e-05,0.00017650235775219791,2.1161965407964084e-05,0.00011121854186058044,7.785844820645815e-05,4.8534233504060305e-05,3.554299473762512e-05
175,8.250011303730098e-05,2.5680397067170957e-05,2.6588328182697296e-05,8.479378920007996e-05,1.210447827769412e-05,0.00011326512321829796,2.749184601340271e-05,1.4784427078988412e-05,7.677823305130005e-06,4.5787145163213305e-05,0.0001543421636623736,0.00011097174137830734,0.00019489687870323513,0.00011119643514937924,0.00021134363487362862,0.00018476058894999203,0.00018927732963250452,0.00021363236010074615
176,0.00020108072574512303,6.900588472456143e-05,5.1865819841623306e-05,0.00011477308267796027,7.359014485387033e-06,0.00010991934686899185,5.766673932542515e-06,6.375096810128496e-06,3.1106173992156982e-06,1.8558707025655152e-05,0.0002108417426096125,5.8449339121580124e-05,4.499905456878395e-05,0.0001894750002577883,0.0001302594318985939,1.7598927140483056e-05,8.830825825460221e-05,5.5704265832901e-05
177,0.00011629940248361614,0.00014699549703129505,0.0002430928871035576,4.493845716349587e-05,5.160355432458352e-05,0.0001887008547782898,2.8233311417377033e-05,1.4710090102839306e-05,2.6084482669830322e-05,0.0002797625039131363,2.0573499139090595e-05,9.55723226070404e-05,0.00020835684731773663,0.0002581373553170209,0.00013808021321892738,0.0006096959832418425,0.00022998311041303658,0.00032464414834976196
178,2.553374727116975e-05,0.0001426249347577721,0.00010573398321866989,1.536060221954405e-05,5.1605849158958134e-05,1.405598595738411e-05,1.5144670612891528e-05,1.5109872839141154e-05,1.8153339624404907e-05,1.1407054545463369e-05,0.0003142243522019396,3.521237522363663e-05,4.594685910924712e-05,0.00013425752854131362,0.0001335320994257927,0.0003145865565624961,0.0002557686089653061,0.0004668906331062317
179,0.0004896465526177396,0.00012352830253097372,9.857583791017532e-05,0.00014879959753223704,5.559217186875201e-05,8.595036342740059e-05,1.2392033399099417e-05,1.9111259237465032e-05,1.7080456018447876e-05,0.00029955058606936924,0.00020942321347174747,3.528781235218048e-05,0.00021805767434068812,6.455442763534866e-05,5.678785964846611e-05,0.0005959632479133753,0.0003165803097666133,0.00019505061209201813
180,0.00010397967760367166,0.00011088186135715591,0.00011884840205311775,6.159881410422452e-06,0.00014091438509342483,2.6971567422151566e-05,3.154100982019799e-05,6.305950600693798e-06,9.890645742416382e-06,9.872403856567291e-07,0.00013542351326583865,1.2064352631568909e-05,0.00018293779245791286,1.0458840842334644e-05,0.00013543479144573212,1.5981740398463007e-05,0.0001943497365643667,0.00036719441413879395
181,0.00027592885887822716,5.8098879049915675e-05,6.969459354877472e-05,0.00015393794977736075,2.868263287763781e-05,6.010429933667183e-05,1.6489467338164435e-05,9.988460990942522e-06,1.921132206916809e-05,0.0003609653392374207,0.0002489436043173858,6.240233778953552e-05,0.0003652313946465868,0.00011457312731146668,7.108645513653755e-05,0.0012986724985662307,0.00010625553506948913,5.660392343997955e-05
182,0.0005578654147590234,0.0003075154763081747,1.9714701920747757e-05,0.00012805446644678642,7.678918440144969e-05,2.146698534488678e-06,8.811060972309728e-06,3.594127828315574e-05,9.316951036453247e-06,0.00019307603821206581,0.00010610632315508767,2.785632386803627e-05,0.0002733614328824796,0.000177677535453849,6.622914224863052e-05,0.0002076359591242083,0.0006798686940093423,0.0001035984605550766
183,0.000638022246380085,6.642405140531646e-05,0.00028958963230252266,0.0004789453086474632,3.8075722787706684e-05,8.60532745718956e-05,1.7227184797036915e-06,4.028319404975965e-05,3.6463141441345215e-05,0.00057029991437723,0.000513312704489035,0.0002002650871872902,0.0007105799185078837,0.0003614248070307087,0.000456138513982296,0.00023198465193655093,0.0005364685886017472,0.0003989860415458679
184,0.0003376330855595494,0.0001631120447294146,0.00020311912521719933,0.00026020433861399794,0.00022113151046510363,0.0002906522713601589,5.516091887073152e-06,6.155753758430371e-06,4.994496703147888e-05,7.622984714630854e-05,0.00022185818904610702,0.00025801314041018486,0.0003047887159198792,0.00029911475466440005,0.00015549222007393837,0.0011605193877233244,7.728738153273476e-05,0.00048446841537952423
185,0.0003119344196773899,1.9688166915214633e-06,7.294584065675735e-05,8.59196949128116e-06,0.00019065436850705317,0.00019395630806684494,3.6384438183014595e-05,7.246230415215938e-05,4.2069703340530396e-05,0.00030780318788548033,0.0009615546735871998,0.0004211072809994221,0.0006660917423242027,0.0007086374771969779,0.0002908492460846901,0.00039361738192952855,0.001023707649653001,0.000584455206990242
186,0.0003049719193228828,9.020095198796971e-05,0.0001070341095328331,0.00020908009360699753,9.600800577300866e-06,0.00022755004465579987,1.1238028011640103e-05,3.917307217515454e-05,1.5038996934890747e-05,0.0001111708507363085,0.0003531924332587852,0.00032020173966884613,3.313188116926824e-05,0.0006564854806766808,0.00011151144281029701,0.0005170754137336919,0.0005731723618644918,0.0001976490020751953
187,0.00033376285728867194,0.00018450264099763997,0.00019778776913881302,0.0004823083096087144,3.4242740916300834e-05,4.352256655693054e-05,4.11201537943804e-05,1.8819147307809665e-06,1.6905367374420166e-05,0.00037302438477399696,0.00039259688219315733,0.0001459876075387001,0.0002878959917565413,4.829624108771899e-05,8.804816752672195e-05,0.00033809954972433,9.481780746405186e-05,0.00023406930267810822
188,0.00040982600903127775,0.0002854502147099751,0.0001791953109204769,0.00027370816805850906,7.825907228722548e-05,0.00011424580588936806,9.331187120457593e-06,3.2360675901156816e-07,2.804398536682129e-05,0.0005896228703566667,0.00048055320215901684,1.5481840819120407e-05,0.00036718556972823585,0.00024509039443933525,0.00011537875980138779,0.0008717166235116536,0.00012347820732776173,0.00027818791568279266
189,1.3172310141529309e-05,0.00013243760006197494,8.206348866224289e-06,6.74627934066363e-05,7.155924523538637e-05,7.836660370230675e-05,4.071677749766314e-05,2.6626645635171626e-05,1.3820827007293701e-06,0.00030127549792111075,0.00036955744715645375,6.112689152359962e-05,0.0001403339773266843,0.0001350960207348699,0.00013999734073877335,0.00011686588393172714,0.00037929824417903824,9.686127305030823e-05
190,8.25967507189912e-05,8.002135603849339e-05,0.00013460638001561165,0.0001742044170226359,2.3112657786612117e-05,8.017104119062424e-05,2.7453913217203446e-05,2.2479952025202568e-05,2.1226704120635986e-05,0.0006250789244689886,0.0004321272013587292,0.0001379000023007393,0.0003552355179457789,0.00019879392739211368,0.00019217142835259438,0.00012211616922527813,0.000342386991376654,0.0002755057066679001
191,0.0002913537589840781,0.0001442993528360248,7.406855002045631e-05,3.3413058225142955e-05,0.00010582093773916015,5.463697016239166e-05,1.6070190514035076e-05,4.581454444346197e-06,1.1850148439407349e-05,0.0003051513911289175,0.0001841461184649458,4.002964124083519e-05,0.0002529640581125023,9.914329126479299e-05,6.236787885427475e-05,0.00033862902302905784,3.694027979901388e-05,0.00022497959434986115
192,7.722060293280375e-05,5.063624327409852e-05,4.647020250558853e-05,8.693825134792332e-05,0.00013632665824775403,9.777955710887909e-06,1.0617693224527353e-05,4.151709943585482e-06,1.996755599975586e-06,0.0002451200308687673,6.443640938936374e-05,0.00010293815284967422,6.596435356338165e-05,4.853613870673887e-05,9.046820923686028e-05,0.0007139681236761064,2.9839034674611527e-05,5.612708628177643e-05
193,8.43922836718386e-05,3.9253417944050406e-05,0.00038644950836896896,0.00018332035842208438,0.0001475585049097415,0.0004648379981517792,4.880830441991897e-05,1.00615194551034e-05,4.526227712631226e-06,9.829819719443106e-05,0.00028554505235576025,7.277494296431541e-05,0.00018575513978581065,0.00028891360064399116,0.0001805056817829609,0.0004388064497717614,0.00013755995035681103,0.00019864924252033234
194,8.966429668179343e-05,7.297613068674158e-05,0.00037782546132802963,0.0003486620534581819,2.28728401942338e-05,0.0004111737944185734,6.437182228294022e-05,1.4150777507689814e-05,7.830560207366943e-06,0.00013945159390917755,0.00012214191850393186,0.00019848626106977463,5.530770413382513e-06,0.0004801040080104277,0.0002292240969836712,0.0003817704960264734,0.0001809581186614079,3.970600664615631e-05
195,9.86241933133708e-05,0.00016422465792256813,2.854829654097557e-05,0.00013480856138418928,2.5543989695796937e-05,6.431248039007187e-05,3.000703045177161e-06,4.015463330638805e-05,2.089887857437134e-06,4.7416236068693884e-05,0.0004926108535506513,3.0123628675937653e-05,4.6755409942304815e-05,0.0005166978095480709,0.0001585022546350956,0.0001366626713281971,0.0006312219115682182,0.00012781471014022827
196,0.00011505070882444901,4.908560677113413e-05,0.0001529916189610958,9.114454050135334e-06,5.7018212130492685e-06,5.6848861277103424e-05,3.4173555276888895e-05,3.255541068174477e-05,1.1052936315536499e-05,2.132027152985244e-05,0.00031716485017721854,1.1525116860866547e-05,0.00020601568700069628,3.6599487190265567e-06,9.18419100344181e-05,0.00010579231657301125,0.00046591778400257547,0.0001306198537349701
197,0.0002732340518040305,1.4219265127884267e-05,0.0001583220437169075,9.03209457665255e-05,4.070271828301303e-05,0.00010852795094251633,2.0931713380729564e-05,2.1598037544497736e-06,1.646578311920166e-06,7.960876362932134e-05,0.00019117649002390463,0.00019925320520997047,0.0001132567424101047,0.0005068603825178972,0.00014346279203891754,0.00019270012838021322,2.992599119673459e-05,0.00024306029081344604
198,4.1997011950317686e-05,6.574375632995011e-05,0.00011496664956212044,6.88400636974229e-05,6.917085191567723e-05,0.00021605705842375755,1.4557949943771326e-05,7.251347009776683e-06,4.362314939498901e-06,3.701525925056681e-05,2.5956604770886738e-05,1.9987579435110092e-05,8.125555469509077e-05,4.504436860040123e-06,0.0001772698014974594,0.0001990350967260024,0.00014102662816082093,2.5078654289245605e-05
199,6.91181740898189e-05,8.478926467759412e-06,0.000130542553961277,4.224414084924577e-05,3.439235507743735e-05,5.12218102812767e-05,2.480661232887038e-07,1.2895236776417745e-05,1.1920928955078125e-06,9.924568915173348e-06,0.00020523680356373739,2.6545487344264984e-05,1.4820623441838543e-05,5.210891672180473e-05,8.983444422483444e-05,8.24912158192137e-05,0.00019305944733776122,1.035258173942566e-05
200,0.0004489177277146317,2.8392705090838494e-05,0.0004534795880317688,0.00044560855585554227,3.0523650098580185e-05,0.0004636421799659729,1.4771555296905908e-05,6.200412335443528e-06,1.5009194612503052e-05,0.00025386826881249047,0.00018084349360943108,8.202856406569481e-05,0.00016929173949659787,5.1232328129566934e-05,0.00011572055518627167,0.0007261990210071789,4.225062206425815e-05,2.4003908038139343e-05
201,0.00040584044702221544,4.976953145533272e-05,0.0004792124964296818,0.00046528591519255647,0.00010863710394154111,0.00040291622281074524,2.854802070322883e-05,1.8641162246102797e-06,2.9083341360092163e-05,0.00021364463416515683,0.00017037432000176905,5.3616706281900406e-05,0.0003063519314494556,0.0001653967184262438,1.9836705178022385e-05,0.001551814009763619,6.567775276093398e-06,0.00023400597274303436
202,8.358158295077023e-05,0.00016874511294518585,2.7495436370372772e-05,6.323202344574175e-06,3.7175833959672555e-05,3.2833777368068695e-05,1.6253331611780497e-05,8.55363081749531e-06,3.896653652191162e-06,0.00019587033311133095,0.0001922555307809215,9.8411925137043e-05,0.00037400383960149025,0.00015589542429244457,0.00017025833949446678,5.5465736661153286e-05,0.00013753018281568324,0.00027348101139068604
203,0.0005689467219998356,5.7464490985228295e-05,0.000388546846807003,0.0006036162177740778,5.4398533158514506e-05,0.00026314379647374153,1.0453253516831337e-05,8.038630316492204e-06,1.615658402442932e-05,0.0004350917111627453,0.00016441633417029963,0.00011717434972524643,0.0003246855731707521,5.202261686973811e-05,4.087761044502258e-05,3.9224542066423895e-05,0.00013262218747672337,0.000196848064661026
204,9.762563751777864e-05,1.7867491508321426e-05,0.00031759124249219894,0.0001145390894221332,0.00010776709947231053,0.00024689361453056335,9.66652170062976e-05,3.13940533793754e-05,1.2099742889404297e-05,0.0002901007188780072,0.00015563492798654696,0.00042068958282470703,4.54068278300801e-06,0.00036230639032305834,0.0003073248080909252,0.0010647798275253695,0.0005037681341213151,0.00022883526980876923
205,8.637300343589116e-05,0.00011461165297586492,2.059945836663246e-05,0.0002658098482917759,4.472701693010103e-05,2.414686605334282e-05,7.72402247371795e-06,1.4357924077090372e-05,6.895512342453003e-06,0.0001156973878123635,0.00027409366150798337,1.3546552509069443e-05,0.00015372371919479544,2.2688951362172943e-05,3.8854312151670456e-05,0.00022646937658515887,0.0003084732423270897,0.0003195572644472122
206,1.3748488010750792e-05,0.0001614270228411166,5.033519119024277e-05,9.661374205161e-06,0.00010823874422385624,3.115786239504814e-05,1.261411683946799e-05,4.455266039110132e-05,7.253140211105347e-06,0.0002214971075320954,0.000520222215162465,0.00014051701873540878,4.8256702634766335e-05,0.00039682782968751204,2.6477966457605362e-05,0.0004000103844860603,0.0007182522915774689,0.0001899823546409607
207,2.6096688392374112e-05,4.3799756054029026e-05,5.202414467930794e-05,0.00011753697502958627,3.988085153571602e-05,0.0001145252026617527,2.995023793163007e-05,4.465259509189016e-05,2.089887857437134e-06,0.00033056543934235905,0.00034955169010801243,0.00015707965940237045,0.0002442107345795655,0.00045260153895053737,0.00011140573769807816,0.0001837656295056167,0.000838616419191093,2.290681004524231e-05
208,2.430129111084811e-05,3.0266612571185764e-05,0.0002670828253030777,0.00010233904664048998,0.00025035964702285404,5.7124532759189606e-05,5.3552453082288815e-06,4.119850445336463e-05,1.076236367225647e-05,6.91325319284869e-05,0.00040828025308344007,0.00023679202422499657,3.319093646024507e-05,0.0005019249577567948,7.439032196998596e-05,5.778846007606364e-05,0.0005226453571587197,0.0002711154520511627
209,0.0001398423966497836,5.8108622019836104e-05,0.00025123124942183495,6.59941358974736e-05,0.0002014823074140068,9.375112131237984e-05,5.3075559762872856e-05,2.0755572322093025e-05,1.2036412954330444e-05,0.00026945013657674044,2.308374467034635e-05,0.0003534299321472645,0.00010730586848815143,3.086191066872107e-05,0.0001911735162138939,0.00030726268458733386,0.0003772439934982318,0.00013737939298152924
210,0.0001764413876275961,0.00012578335688085904,2.0623207092285156e-05,0.00018160212005757792,1.5399630745489834e-05,2.065161243081093e-05,3.60796990662212e-05,1.7941974806527948e-05,1.4211982488632202e-05,0.00018313465056927353,7.55650159743014e-05,0.00018456345424056053,6.802989392110104e-06,0.0001547291103147566,0.00016217539086937904,1.5941668951829913e-05,0.00028889592670780593,0.00030201487243175507
211,0.00045048753908356887,0.0001419518170511537,0.00033895811066031456,0.0005858483652484703,3.8452918318290785e-05,0.00041304994374513626,4.060702262149128e-05,5.700610063924619e-06,1.5683472156524658e-06,0.00027128370073623703,0.00021861144203838903,8.345348760485649e-05,0.00019729475359878818,9.573688822078416e-05,0.00021255481988191605,2.2499221928817814e-05,0.0001442717021494797,0.00020215287804603577
212,0.0001614779169216568,0.000288188041104951,0.00022030062973499298,0.00010254624563693637,3.800696031550782e-05,0.0002562655135989189,3.402804978404339e-05,1.5402930170456392e-05,2.9906630516052246e-05,0.00025422137392087235,0.00015089860733840527,0.0002947798930108547,0.0002533445382783203,8.337175744685746e-05,0.00036010053008794785,0.0010031743789630787,0.00025531954660107034,0.0004144851118326187
213,0.00017812445911900843,0.00027348071023984566,5.4934062063694e-06,9.917818163832082e-05,3.2610804852270525e-05,6.329827010631561e-05,7.686907082370825e-07,3.793772307369357e-05,3.717094659805298e-05,0.0005116103574321837,0.00022145411914358676,0.00036585843190550804,0.00042641627215373595,0.00011114327798978155,0.000240987166762352,0.0005484369240345843,0.0006583773532882478,0.0007027145475149155
214,0.00013511389220918768,0.00010659702538419122,0.00036088423803448677,0.0004921597904004316,2.6841256854197304e-05,0.0003935801796615124,3.126202954919187e-05,8.110547988480333e-06,2.7418136596679688e-05,0.00016427596212600232,0.0003501323252653246,0.0004941294901072979,0.00021963792699763313,0.0001282678376739073,0.0005225604400038719,0.0005055042569169776,9.097988089749767e-05,0.0006111562252044678
215,0.00023562592629450263,5.899142317515593e-07,5.34839928150177e-05,4.628358916013153e-05,2.134256628615744e-05,0.00010948441922664642,8.99124333784626e-06,1.3460766963359951e-05,7.003545761108398e-07,8.97297725451704e-05,0.0002874300485742401,8.052214980125427e-06,0.00011984532420933336,0.00031340734037170123,8.784187957644463e-05,0.0004193055557719372,0.00019477959742301596,3.497116267681122e-05
216,0.00018769299977526577,0.00017366765670428358,1.949584111571312e-05,4.6992688076397116e-05,2.6656409220331134e-05,3.616092726588249e-05,1.1625713865034276e-05,1.6221686321575275e-05,9.320676326751709e-06,0.000196747718492013,0.00018067486357172674,6.195437163114548e-05,0.00015175422020005658,4.582225933199777e-05,9.414739906787872e-05,0.00014202856528031105,0.0003343686922269522,0.00021524541079998016
217,0.00014007243849958884,1.9582871620692915e-05,0.00020078709349036217,0.0003446437220777643,4.840022753941839e-05,1.1306721717119217e-05,1.3804256214508884e-05,4.063283692771466e-05,1.3597309589385986e-06,5.239024390928798e-05,0.00032749164925300125,0.0002897139638662338,2.467230043200902e-05,0.00019730051266750315,7.472094148397446e-05,0.0005528154199135327,0.0006802678376403237,1.7091631889343262e-05
218,0.0002823147562237699,2.981328135479716e-05,0.0005054404027760029,4.090571550888211e-06,0.0001811058773564314,0.00024023232981562614,8.197779501669181e-05,4.628107427440852e-05,2.0682811737060547e-05,0.00011212004700793254,0.000557259568800754,0.00027177436277270317,0.00014446656524801788,0.0005192565405996233,3.2466836273670197e-05,0.00042478516894306484,0.0006050874425795004,0.00046298466622829437
219,8.513280130199863e-05,3.571495056669746e-05,5.010794848203659e-05,0.000411864043012411,0.00010708617696132683,0.00012150034308433533,3.1304576524315494e-05,7.760001906284504e-06,1.0244548320770264e-06,0.00017473643920943444,0.0002506084802787849,9.689945727586746e-06,8.833908403495239e-05,0.0002547734542689001,8.435826748609543e-05,0.0009196174123387857,6.491412181106981e-05,0.00020589306950569153
220,0.0004560013982479322,0.00010486681085014951,0.00013981619849801064,0.0002846894930062793,0.0001518912599796675,0.00012185098603367805,1.510529769191589e-05,2.904560310847446e-05,1.7210841178894043e-05,0.00017200384228948512,0.0002812433887816948,0.0002011684700846672,0.0003172206303944797,0.0008779711077645039,0.00026348838582634926,0.0001930764078803826,0.0003698698967372642,0.0002017393708229065
221,0.0005523375844956047,9.051880593968775e-05,0.00013792654499411583,5.777921625947646e-05,5.23596447363564e-05,0.00012376625090837479,6.410548401565574e-05,1.0807401484385688e-05,2.130866050720215e-06,0.00028333738774916073,0.00021269386449792455,0.00012351106852293015,0.00038931609030653375,0.00011044361817776419,0.0001314450055360794,5.29385471342847e-05,0.00032974111648084205,9.908899664878845e-05
222,0.0006413622290876997,4.597790263956986e-06,0.00019040284678339958,0.00015350429565899604,4.1891502226925476e-05,1.5093013644218445e-05,3.68525917870486e-05,4.0378002877296964e-05,6.1355531215667725e-06,0.0004081318428589553,0.00036100802760375555,9.597139433026314e-05,0.0007488015365353026,0.0005145188170643418,0.0003536101430654526,0.0008618712452884703,0.00047133273065229223,0.00035087950527668
223,0.00015902177223751923,8.957740182666263e-05,0.0002598315477371216,0.00021700718665160212,1.7559533486886936e-05,0.00023544440045952797,2.4385261318224036e-05,1.362556795326739e-05,2.734363079071045e-06,4.078699422960935e-05,0.0004944402091725461,0.00021178042516112328,6.491209933811443e-05,0.0003118880386587669,0.0002412833273410797,0.0002105402818179114,0.00012781097508243982,0.00011653825640678406
224,0.0003216391093468496,9.883512972225228e-05,0.00021490873768925667,0.0004841380867214723,9.086179770825473e-05,0.0002086469903588295,1.755172376746543e-05,2.3161983923601913e-05,1.7955899238586426e-06,0.000712434492566992,0.0002532933168216296,0.000245911069214344,0.0007007608682453662,0.00030931193855928893,0.0002537565305829048,0.0005674785714466501,0.00025858271855784304,0.00017712824046611786
225,0.0004963560735065653,3.694751748542502e-05,9.596114978194237e-05,0.0005457567175577438,0.00015116748200690727,0.0001406930387020111,4.3480570610566e-05,1.9979063332415937e-05,1.3608485460281372e-05,0.00016773417033082855,0.00016106438559824326,0.0001313234679400921,0.00011914068836996888,0.00019745781547916494,3.670668229460716e-05,3.6395640856695666e-05,0.0004319412294834181,0.00045248493552207947
226,4.4310136432704206e-05,9.609380519945421e-05,0.0003225416876375675,0.0002546719972495032,0.00020782395108523422,0.00044371094554662704,5.746781481801369e-05,5.530012324433942e-05,2.4069100618362427e-05,0.00012772666611313155,0.0008366324399646484,0.00013210903853178024,0.00014469367001992278,0.0002539640783662915,5.3326599299907684e-05,0.0010458398366194055,0.0008935701451609967,0.0005117263644933701
227,0.0007441539494123794,1.4635732156369208e-05,0.000257064588367939,0.00042464205220363316,0.00027612729813109027,0.00021258555352687836,3.932637912822633e-05,1.216217623413896e-05,8.028000593185425e-06,0.0004411677524491231,0.0004415841442813387,0.00018940074369311333,0.0004870138550881198,0.0008236416437039269,0.000308389775454998,0.0008259537004666473,0.0002445447714555112,0.00014325976371765137
228,0.00030141464987784583,5.078903715642277e-05,1.0074581950902939e-05,4.667634182989322e-05,6.936880604979656e-05,7.965695112943649e-05,2.022855758591728e-05,3.801528333856799e-05,4.254281520843506e-06,0.00021585503891721758,0.0008156516704450022,9.153084829449654e-05,6.46430846351076e-05,0.0003506606993296281,0.00020845746621489525,0.00035740307299259033,0.0006117239028289776,3.390945494174957e-05
229,0.0004213915877480656,5.614977688229994e-06,0.0002087373286485672,0.00034792811846418026,1.861158273239183e-05,0.0002090134657919407,2.1595144266996907e-05,3.690671275926379e-06,5.39049506187439e-06,0.0001666791188962291,8.784364732102382e-05,1.713959500193596e-05,0.00024665093685780765,0.00017370025296008576,1.2127682566642761e-05,0.00026060039977440774,0.0001207002279786215,0.00019983388483524323
230,0.0005374519976220765,3.79183856286866e-05,3.729015588760376e-06,0.00018855790263117012,6.321944656804274e-05,6.000744178891182e-05,1.8446296077201038e-05,5.6210292908594845e-06,7.536262273788452e-06,0.00035194314080704003,0.00011794258888745898,0.00014147581532597542,0.0005791634341597574,0.00040539500831728026,5.5738259106874466e-05,0.0002533827929877275,9.347184795095611e-05,0.00016472116112709045
231,2.956692264688421e-06,1.1890041725810818e-06,0.00010208087041974068,2.60882779780508e-05,1.770382639416576e-05,8.527468889951706e-05,1.178095427784541e-05,3.7900033155234363e-06,1.5307217836380005e-05,4.878803898779316e-05,9.365584366037571e-05,8.498318493366241e-07,0.00013308653175195945,0.0003963636861116261,0.00022865179926156998,0.0004427638893384489,7.668926980324703e-06,0.0002887193113565445
232,9.44745785450285e-05,6.341997516710537e-05,0.00013658031821250916,0.00016304400482815284,0.00010048391331379455,2.6660971343517303e-05,1.3603006909937085e-05,5.353677892007408e-06,7.301568984985352e-07,5.013933290891337e-05,6.11662847815192e-05,0.00023282738402485847,9.473376048556997e-05,0.00034164801873681414,0.00010041939094662666,0.00037759642977647223,0.00010031183172591975,1.268833875656128e-05
233,0.00011370625830356418,9.298404321925885e-05,2.3113563656806946e-05,8.686223308006225e-05,0.00014778610209963822,2.220040187239647e-05,2.424543198303354e-05,1.3787637399372183e-06,3.7997961044311523e-07,0.00015844395640980669,1.4008891879201818e-05,6.567174568772316e-05,0.0001195652578994677,1.3023087056484445e-05,6.202841177582741e-05,0.0001942296155672263,3.808292216153793e-05,8.665025234222412e-06
234,2.770829784062845e-05,0.0001330127367824667,6.60894438624382e-05,0.0001032941537740667,2.1067004974048564e-06,8.974922820925713e-05,6.420462436377422e-07,1.4227968935215846e-05,7.741153240203857e-06,0.00038057430406638476,0.00018685858605731534,9.418511763215065e-05,0.0003124114668041078,0.00021808717365240024,6.71246089041233e-05,0.00029570734371950347,0.0002549638847707241,1.0058283805847168e-05
235,0.000741372742243368,5.156657644161261e-05,0.00020128721371293068,0.001324821136300905,2.9031897805918694e-05,0.00010984763503074646,1.7629634938450683e-05,3.881581813689795e-06,1.4394521713256836e-05,0.0006807044516436711,0.00015411244076775354,0.00011591427028179169,0.0005170937061109299,0.00015158091735975252,4.218798130750656e-05,0.00026332871489453957,5.9721706586734645e-05,6.0560181736946106e-05
236,0.0003745049810137263,5.8058612044321195e-05,2.214033156633377e-05,8.803119857522801e-05,0.0002096458356952921,0.00011018803343176842,2.570595312474319e-05,2.2037060750816574e-05,1.4081597328186035e-05,0.00019025162526247613,0.00034080988290477107,0.00021667545661330223,0.00020895896582089069,0.00036306859909569084,5.453452467918396e-05,0.0001282782688919737,0.0004275614091791464,0.00028637051582336426
237,6.511353805163655e-05,3.4384145196100085e-05,9.58191230893135e-06,0.00024689729987913134,3.4437027678371757e-05,0.0002015889622271061,1.795807552101153e-05,5.66076526844118e-05,1.5955418348312378e-05,0.00019596333961072882,0.0008218203655185781,0.0001764874905347824,0.0005233061218728186,0.0008143839819183263,0.0001519802026450634,0.00040720640345254244,0.0008420930762717983,0.00038498081266880035
238,0.00031026801654586433,4.955391468936671e-05,0.00013861758634448051,0.0001384257652525256,3.9283149772185305e-05,0.0001100543886423111,6.145329688631192e-05,1.8722792285096837e-05,3.077462315559387e-05,0.00031289647119126657,0.0002630928706760828,0.00037693092599511147,0.000659639853624619,0.0003688136687063602,0.0004186248406767845,0.00018799187661297512,0.00038499628833693904,0.000727236270904541
239,8.862798159521568e-05,3.46073945176259e-05,2.713920548558235e-05,5.816068668809682e-05,9.184927629975886e-05,8.694501593708992e-05,3.0661938221848706e-05,4.0543384099591686e-05,1.6514211893081665e-05,0.0003150613540824354,0.0005616057116960248,0.00027207331731915474,3.870522694032069e-05,0.00029881807215313,9.819166734814644e-05,0.0002730603102609752,0.0005770798543778229,0.0003558322787284851
240,0.0001127035286952599,5.311577129513134e-05,8.903956040740013e-05,0.00019387760112359043,0.00011140407442769562,1.2349337339401245e-06,6.29404842529789e-05,1.8420784288288993e-05,1.0102987289428711e-05,0.00029981652635599487,0.00015146088113084794,0.00022769765928387642,0.0001640469915673154,9.875133766817923e-05,9.430805221199989e-05,0.00013033712727489322,0.00011612042967695758,0.00046772323548793793
241,0.00018268813005198337,1.5070796227159566e-05,0.00013565970584750175,0.000468954508118416,5.17317104931532e-05,0.000258131418377161,4.130419116437148e-05,4.901009731498495e-05,2.34358012676239e-05,0.0003374697658490161,0.0006183872997954781,9.126216173171997e-05,0.00027288542433254875,0.0004938567212934043,5.1046255975961685e-05,0.0012116252572995645,0.0008709507611742099,1.6670674085617065e-06
242,0.0005863273709433153,0.000145619502331263,8.122529834508896e-06,0.00034190016774300613,7.90253318798291e-05,0.0003715353086590767,3.1806648937059145e-05,7.949035990951e-05,3.32072377204895e-05,0.00032711670229675083,0.0009749431288346398,0.00041612936183810234,0.0006384339795978897,0.0002781839657634913,7.835263386368752e-05,0.0007565527246387871,0.001243598542426262,0.0004563368856906891
243,0.00024305981130318122,4.4424727097487626e-05,0.0001368117518723011,0.00017470046974049636,0.0002898225315988885,0.00015295902267098427,2.7454830040763226e-05,4.576450504055978e-05,1.8134713172912598e-05,0.00023606197019989533,0.0003782822308902034,0.0004656268283724785,0.00010703617457376302,0.0005624496073934303,6.047729402780533e-05,0.000747096965398486,0.0006156581714701511,0.0005205404013395309
244,0.0003281630639720562,0.00015994836934606418,0.00028183916583657265,0.0003867906462482751,0.00037404145692574234,0.0002138400450348854,2.4901856399498976e-05,1.4193467565102078e-05,2.343207597732544e-06,0.0006254674126667664,0.00022703455949813975,0.0003719581291079521,0.0005379518341942502,0.0007163119962748758,0.00030963215976953506,0.001443424922040526,0.00029880690939219435,0.0003605969250202179
245,0.0008809190097920361,0.00012835619670746243,0.0002479748800396919,0.000915939318451478,0.00017392435096171693,0.0005379193462431431,5.930111318299541e-07,7.717757521505066e-05,3.944709897041321e-05,0.0008708968470345635,0.0004791501767075178,0.00033185258507728577,0.001062721990686244,0.00018900474423677247,0.00010559521615505219,0.0008991795127704094,0.0010786264310008922,0.0005833320319652557
246,0.0010829074573859704,0.00011720329195374218,0.00045319460332393646,0.0006816008000356671,2.6430814155663923e-05,0.00039280951023101807,8.031042517371578e-05,5.206232211809944e-05,3.306567668914795e-05,0.0006891456832633439,0.0011152291619130478,0.0006482936441898346,0.0007416363812378021,0.0006756083956634233,0.0007369550876319408,3.2720674104896874e-05,0.0008830400696568411,0.0010787378996610641
247,0.00044876275452239434,5.9970522985442615e-05,9.299302473664284e-05,0.00013177910915115887,0.00015337931697399776,6.210710853338242e-05,3.60609892371376e-05,3.498070904081653e-05,3.2201409339904785e-05,0.0003217475216859625,0.0006808964526883003,9.291525930166245e-05,0.00036986756376235913,0.00045440428627969986,0.00011746445670723915,0.0015307172123724677,0.0005036993993182697,0.0002378597855567932
248,0.0005300486413162969,9.864285445914528e-05,3.105960786342621e-06,0.0001266680323963737,0.0002020439135297647,1.766672357916832e-05,5.144995432189263e-05,4.591723414751315e-05,2.250075340270996e-05,6.194782661101544e-05,0.0004772558640927724,0.00029513053596019745,0.0002646896769916626,0.001473535451863555,0.00033501163125038147,0.0002675555252762696,0.0005974025862044918,0.00035435520112514496
249,0.0005071980623008315,0.00019623047142402344,5.478598177433014e-05,0.00036481774913954546,2.347537896317531e-05,0.00018217135220766068,1.2735842693494676e-05,6.847444109082067e-06,2.802535891532898e-05,0.0002289239268505605,0.00024189402518166522,0.00026225391775369644,0.0003537461324156846,8.00634616712724e-05,0.00042573222890496254,0.0003751437741066621,0.0001640414388110723,0.00041149556636810303
250,8.985442967843205e-05,1.3841602911734974e-05,1.5531666576862335e-05,0.0001559842881687229,4.273894414940152e-05,5.5653974413871765e-05,5.408869448074449e-06,9.599358074504564e-06,7.677823305130005e-06,0.00013029980683056802,0.00014337547997549105,0.00010235141962766647,0.00010822468269298252,0.00010271425755645214,2.1345913410186768e-06,0.00011391936099769406,0.00016933105182008576,0.00015333108603954315
251,1.8702846997467604e-05,4.7411864110325636e-05,0.00017293589189648628,0.0003337283005093311,1.6882287142670066e-05,5.093449726700783e-05,6.847685130759694e-05,4.87754531851834e-05,1.1827796697616577e-05,5.861680656589485e-06,0.00020604844380327225,0.0002142908051609993,3.0878137108149295e-05,0.0004357773017234397,5.9077516198158264e-05,0.0014130742656766615,0.0006804135392035416,1.8114224076271057e-05
252,0.00014505040528103863,0.00030323091928785226,0.0001690988428890705,0.00018963514474289178,0.00018665545727481261,0.0004919744096696377,3.180987208532826e-05,5.007671052944957e-05,4.8074871301651e-05,0.00032958380659994096,0.00010644904393430563,0.0006585158407688141,3.5310146353259575e-05,0.0008610251261779549,0.0002221311442553997,0.0003099203484655255,0.0007086207562407593,0.0008460711687803268
253,0.0005448700555754082,0.00013384017292024028,0.00010895496234297752,0.0002751834208493259,4.864064653749972e-05,2.804817631840706e-05,2.8569913738518e-06,5.629846786284263e-06,2.095848321914673e-05,1.2562874232451005e-05,0.0002672923077390518,0.00043998565524816513,0.00042598591736635327,0.00019191779546345183,0.00024443212896585464,0.000996609565647344,0.00010651881039569272,0.000356331467628479
254,0.00047227289255691307,8.046369487913277e-05,0.00021220650523900986,0.0003733929760068727,3.196118956669963e-05,0.00029450375586748123,3.153647844373643e-05,9.204178420029146e-06,6.452202796936035e-06,0.0003594032670443184,3.8460843300620884e-05,3.246823325753212e-05,0.000466128662764409,0.0004170297602286051,9.261816740036011e-05,0.0010057343320340195,6.710775378084705e-05,0.0002908967435359955
255,9.468033154264033e-05,6.494232822016818e-05,2.9616057872772217e-07,0.00026002630640754865,0.00015411863299979317,9.695487096905708e-05,1.7459950022134796e-05,1.614702180755288e-05,4.518777132034302e-06,0.0003547580998434427,0.00044142594144536487,1.836474984884262e-05,0.00046170050466315393,0.00010039624654017976,0.0001339898444712162,0.0005134977266875174,0.00029648874673736066,0.0002009160816669464
256,0.00011555693765129271,0.00011853492551069239,0.0002022571861743927,0.0002754718741990597,5.2172334920851104e-05,0.00017549330368638039,8.124112839763553e-06,9.920321999218589e-06,2.9712915420532227e-05,4.8986910630925695e-05,0.0003246328072006588,0.00045619020238518715,0.0002252608890451202,4.8411241637728863e-05,0.00045702792704105377,3.0434363683939925e-05,7.793391292476842e-05,0.0008158255368471146
257,0.00010551417593494816,1.2110068337890106e-05,8.723326027393341e-05,0.000152006880649605,4.399626259643519e-05,7.258262485265732e-05,3.6484226533291947e-06,1.1924999850731929e-05,1.2293457984924316e-06,0.00019909025125965096,0.00018650251899068535,0.000348792877048254,0.0003883665070028991,2.9257021213775075e-05,0.00032478803768754005,0.0014512652199752951,0.0001770497717015168,0.0004907362163066864
258,0.0011767399768836395,4.237237628136256e-05,0.00039462512359023094,0.00031036663119005103,8.588420885771719e-05,0.00026642298325896263,3.726559586600224e-05,2.4446467636105555e-05,3.857910633087158e-05,0.00013350670452329932,1.9429089466622973e-06,4.566879943013191e-05,0.0008452088722209483,0.0009791490770441336,0.00018126750364899635,0.0011964868150927677,0.0003435184934333618,0.0006388276815414429
259,0.0003968471981742744,7.215321765510763e-05,0.00015421956777572632,0.00010393110962128582,4.037806001349134e-05,3.849295899271965e-05,4.3522833678855816e-06,3.277311790578306e-05,1.917406916618347e-05,0.0003442436557908671,2.2305157412742804e-05,0.00042361998930573463,9.735192163370932e-05,0.0007501278876115153,0.00018649501726031303,0.00038859177395622613,0.0003567263260730411,0.0002966802567243576
260,0.0004322650404145201,2.587921682766642e-06,0.00016917474567890167,7.889373219548135e-05,3.6967821995258915e-05,0.0004145670682191849,7.995308210963399e-05,1.4417730939344527e-05,5.4992735385894775e-05,0.00011153419949140597,0.00010804199253297564,0.0008100369013845921,0.00040599031547616793,0.0003917386868131402,0.0004568789154291153,0.00045986452275487144,0.0001474878893341976,0.0013797339051961899
261,0.0002447589069209388,4.903360271753254e-05,6.881309673190117e-05,0.00043710133461727363,1.117213248212623e-06,0.00023340387269854546,5.096285437850186e-05,1.8760842354924545e-05,2.603977918624878e-05,0.0004514904756616339,5.225902309023006e-05,0.0006905780173838139,0.000282852215202363,0.00042080345486716214,0.00047363387420773506,0.0009334742125432227,0.0003329887659197046,0.0010533127933740616
262,0.0003523363276543984,8.76599647298415e-05,4.786858335137367e-05,1.599345533426222e-05,1.494933846352478e-05,5.1315873861312866e-05,2.7628935601767962e-05,1.2790510961543358e-05,1.1157244443893433e-05,4.383888852359935e-05,0.00013544914545170206,0.00023875245824456215,0.0002842711606868345,0.0004842747758299383,0.00010183174163103104,0.0006791592042768024,0.00016955078712255147,0.0001690555363893509
263,4.312691643273969e-05,0.00013563598677575686,0.00045739905908703804,0.00035985521791244424,0.0002605008297232661,0.00029792916029691696,7.237756731943469e-05,3.563023254961301e-05,3.186240792274475e-05,0.0003221688175744225,0.00019639015908649513,0.0005437377840280533,0.000427159282122537,0.0008116045316341781,0.00033015431836247444,0.0004110291813244904,0.0005869223265265017,0.0007350314408540726
264,0.00199665767266613,0.00010555452441852325,0.0021322788670659065,0.002292055272469312,0.0006552388482855449,0.002276304643601179,0.00012811557569117685,7.382060430337879e-05,5.159527063369751e-06,0.001950306065858172,0.00032400402224447636,0.0007862127386033535,0.001799775562879781,0.000806836580279302,0.00096141267567873,0.0012445015113241586,0.0012456635163370078,0.000866718590259552
265,0.0007478721804661248,8.239385755283782e-05,0.0004121605306863785,0.00017248727479025894,3.3932799644264405e-05,0.0005700532346963882,7.138912861388153e-05,5.1460306803046915e-05,5.4992735385894775e-05,0.0005367066434907794,0.0005944937557671205,0.0005052397027611732,0.0005787807537824957,0.00033950045653196106,0.000276986975222826,0.0021738508111485144,0.0007228233786566863,0.001174943521618843
266,0.0010500798447637544,0.0004449993659344821,0.0010755117982625961,0.0018636738027123373,0.0005881173491782861,0.0011474303901195526,5.507356365266371e-05,1.1003091823757327e-05,2.7317553758621216e-05,0.001144307809802056,0.0006110279158248015,0.0001918845809996128,0.0014618583787514433,0.00041817443172829233,0.0003144657239317894,0.002470998842266564,0.00010840555448013087,0.00011865794658660889
267,0.0022386366389072626,0.0002125337145810445,0.0014406098052859306,0.0015681540577579117,6.053845090926713e-05,0.0015060137957334518,3.2655353450294564e-05,2.8294151704652635e-06,9.088590741157532e-05,0.0013374512450247955,2.3566330846373773e-05,0.000319779384881258,0.0009302817437472494,0.0007931595496927339,0.00019149761646986008,0.00037895574976043456,0.0001211837571986397,0.001175789162516594
268,0.0005491173456679266,0.0003740937501008554,0.00022834539413452148,0.0009424976903100873,1.3091176816065059e-05,0.0001436169259250164,6.870492985572643e-05,6.80454561574544e-06,1.060590147972107e-05,0.00043558776367787905,5.861874019738589e-05,0.00011143088340759277,0.0005331309553628927,0.00017245673566879463,7.114047184586525e-05,0.0006189928382363541,0.0002763061100789113,0.00023914314806461334
269,0.00025756564575198093,0.00014061310355035356,0.00023227324709296227,0.00012051867605943067,2.0692063603940797e-05,0.0002672690898180008,1.8766300486951215e-05,1.0850878117201965e-05,2.775341272354126e-06,2.0536094399517535e-05,0.00016021424872539325,0.00015387404710054398,0.0002693035861306703,0.0002960328243905262,0.00021125096827745438,2.78184961050032e-06,0.00017725650548289142,0.00025398656725883484
270,0.00010542432683760539,9.874953270679401e-05,4.7437846660614014e-05,0.00014078176155435385,7.220113493571281e-05,4.035886377096176e-05,1.8851678146672782e-05,5.602833552455471e-06,3.6731362342834473e-06,3.333967142366695e-05,0.00010809018634888243,0.0001536221243441105,0.00016049439163882961,0.0003074882503802459,0.00010316865518689156,0.0005573664264237888,2.441871322694019e-05,4.3140724301338196e-05
271,0.00013588038147968606,5.3331311223488165e-06,0.00011361110955476761,0.0001156658503832092,2.1693638088023104e-06,8.352706208825111e-05,1.1302875468246001e-05,1.2328697660151609e-05,7.271766662597656e-06,0.00018343982242062518,0.00011905351235803885,0.00012437254190444946,0.00010352182299783186,0.00023568860347248158,0.00013718614354729652,0.00010033737738049386,0.00016375821545127852,0.0002552792429924011
272,8.050044254233335e-05,9.006840647115405e-05,7.883738726377487e-05,0.00032402776557516333,0.00010925918753270161,3.9604026824235916e-05,2.5709955472671964e-05,1.5600126956160618e-05,1.6380101442337036e-05,0.0003641658988278798,0.0003316169313957243,0.000185379758477211,0.00025002076979466215,2.8010554260535225e-05,0.00015157228335738182,3.673561435321715e-05,0.0002582250889584417,0.0005680955946445465
273,3.666524548429084e-05,8.8047202608868e-06,7.964344695210457e-05,0.00024412868755728512,9.082919502214487e-06,3.285706043243408e-05,3.673278533981514e-05,6.585938016350797e-06,2.4400651454925537e-05,0.00028492303106521233,6.2934462591719e-05,0.00024732155725359917,0.00016556103368277342,0.00024485662745278233,0.00026168208569288254,0.00045538778471693186,0.00013558001499936303,0.00045668333768844604
274,0.0004001805948718046,0.00017857553048901756,6.18896447122097e-05,0.0001408322210121743,1.3574083401590026e-05,7.726950570940971e-05,2.1241713271939744e-05,8.91138721680911e-06,3.4011900424957275e-05,2.8687274851398048e-05,0.0001936912365108276,0.0004671374335885048,0.0003506617422426514,4.9193117672315795e-05,0.0005193054676055908,0.0003743638209658118,0.0001078151039372924,0.000485369935631752
275,6.881851200893352e-05,0.00015706427561025527,9.870156645774841e-05,0.00025438254208912103,5.600890965782798e-05,0.00014521460980176926,2.1442173795984537e-05,7.74682755442965e-07,1.1708587408065796e-05,2.616751236320103e-05,0.00023082129218083072,9.64384526014328e-07,0.00011407152209857302,9.435060200867207e-06,7.597357034683228e-05,0.00023394020455877462,1.981196497292297e-05,0.00014265067875385284
276,7.316439964771826e-05,8.416788882193577e-05,9.049056097865105e-05,4.5534983740116997e-05,3.1689145657348705e-05,4.397239536046982e-06,1.695848231755663e-05,2.9865174325116963e-05,9.469687938690186e-06,0.00016736173506347318,0.00028382401181772585,4.23588789999485e-05,0.0001242763184899076,0.00023860206690415678,9.296508505940437e-05,0.00033011839573651724,0.0004544362102846869,0.0001668836921453476
277,0.0004997893218067484,0.00012509536281055805,0.0003289137966930866,0.0006868131384522164,1.0082921219681934e-05,0.00031562335789203644,4.37586352318442e-05,4.3465452110598814e-06,9.465962648391724e-06,0.0006837626731573815,0.00011356204538228235,5.111983045935631e-05,0.0003515320666741123,0.0003239473205459073,4.4222455471754074e-05,0.0007886766532665401,6.224603424022867e-05,7.515028119087219e-05
278,0.0006440201876729834,0.00023678806447050352,0.0006209248676896095,0.0008757732420501679,0.00015519908724614256,0.0006315619684755802,4.6546534686756416e-05,4.516024320719628e-06,3.430992364883423e-05,0.0006986273565908266,9.184251051022954e-05,0.00014233682304620743,0.0008318793667900157,0.0003381063940023979,8.310098201036453e-05,0.0005397042503863525,9.155647282687966e-05,0.0004150364547967911
279,2.3660668119526718e-05,0.0004312683816018459,0.00022704992443323135,2.959084935101608e-05,0.00011276281402443356,0.00037324894219636917,1.7452138668695716e-05,1.2615510537681982e-05,2.191215753555298e-05,6.621866383907382e-05,6.744976389716148e-05,0.00019543850794434547,5.2649015581156255e-05,0.00023009700990114096,0.000417487695813179,0.0010259967194582165,0.00018382404035803372,0.0004368424415588379
280,7.550315636081772e-05,0.0004299947683433572,0.00035379594191908836,8.718165115008392e-05,5.619135145955648e-05,0.000408342108130455,2.6907646110558778e-05,7.404298645514133e-06,1.4934688806533813e-05,2.6571878527503756e-06,0.00015058902447018588,0.00029799994081258774,0.0003545193836774693,0.00020924229547412618,0.0003927336074411869,0.0006309882014144952,9.925510449956105e-05,0.00011484511196613312
281,2.8824355965503812e-05,0.00019968656060833853,0.0002496889792382717,0.00011711164812379382,0.0001710670344897726,0.00012559536844491959,4.488990820202335e-06,2.525972434698701e-05,5.062669515609741e-06,0.00020420215302241473,0.0004196025143207785,0.00022185919806361198,0.00013462803802492818,4.3936514198435195e-06,7.504178211092949e-05,0.00032611756358683075,0.0003761298436448766,0.00020745210349559784
282,0.00035928202082212424,9.490297765028105e-05,0.00011150073260068893,0.00033438797828791444,0.0002034400936967648,0.0004083644598722458,4.159704826023694e-05,5.807845668133143e-05,4.2341649532318115e-05,0.0003712664794027973,0.0007533698147342734,0.0005174688994884491,0.0004523371542906329,0.0002798030205042358,0.00014097150415182114,0.0008525802551929695,0.0008939344972524793,0.0007184818387031555
283,2.5849876294892216e-05,7.123379504130403e-05,1.0050833225250244e-05,0.00013788725382105071,0.00019183939024107824,0.00014111027121543884,6.997816689529278e-05,1.7753516850132643e-05,1.405179500579834e-05,0.00021526927889058828,0.00020134779442337186,0.0004090936854481697,0.0002339975810215708,0.0004006722280062505,0.00025231344625353813,0.0006268524421253474,0.00024324073705186662,0.0006562601774930954
284,0.0004868520960588235,4.525488946045125e-06,0.00024966103956103325,0.00037846608832220463,3.064560780103448e-05,0.0002762340009212494,2.474054883319296e-05,3.367685306659274e-05,2.432987093925476e-05,0.0010103884924848108,0.00011476577261291046,0.00012040138244628906,0.0007338732652989663,0.0010841501907610136,4.708627238869667e-05,2.417915396635273e-05,0.0005132698668030913,9.798072278499603e-05
285,0.00031288508599869314,0.0002533380082613765,2.192659303545952e-05,0.00023130921903868895,8.329685454732533e-05,0.0001284480094909668,2.7189795056522734e-05,2.5672915305816757e-05,1.2181699275970459e-05,0.0003614937873327381,0.00023157034084339903,0.00017684325575828552,0.00016448472604596587,0.0004645298041922215,5.3680967539548874e-05,1.6329363019790266e-05,0.0003765359007606075,0.00031743384897708893
286,2.997774988740265e-05,0.00024103377777571003,0.00011335918679833412,1.5835691147408903e-06,4.200222465590084e-05,2.2240914404392242e-05,7.085059023435869e-06,4.206631398677164e-06,9.395182132720947e-06,0.00010586912775786134,0.000212887357621757,0.0002186410129070282,9.016416530220617e-06,5.4279532981142686e-05,0.0001202290877699852,0.0005286304455170143,6.704205496953718e-05,8.27684998512268e-05
287,0.00024205585210287928,7.904281779299444e-05,0.00020692776888608932,0.00023035495402566608,6.734017626906785e-05,0.0003243740648031235,3.657873860873559e-05,2.3298542694258475e-05,2.1420419216156006e-05,8.815740421704021e-05,0.0002820963323412404,0.00015909085050225258,0.00010045442579967312,2.1067321415303708e-05,1.339893788099289e-05,0.0005900236065123077,0.00037569732101811284,0.0004260558634996414
288,0.00033814069502123567,1.1298604717081828e-05,0.00022750115022063255,0.00024230441420103332,6.650557253911824e-05,0.0003829905763268471,6.0104539560037334e-05,3.166933800673806e-06,2.966448664665222e-05,0.0001990965149341259,0.00012866579273604697,0.0003516389988362789,0.00022594079646109932,4.7660252285770116e-05,0.00015845848247408867,0.000584490155112416,9.041136109236595e-05,0.0006090160459280014
289,6.181977153064955e-05,7.566682931735638e-05,0.0002077505923807621,0.00012365107892430005,6.836476719336917e-05,0.0002489713951945305,4.482063064062576e-05,4.05885906115642e-06,8.42660665512085e-06,0.0001440441676764173,0.00014046466143919148,0.00011362927034497261,0.00015032626041310698,9.474229569740589e-06,3.8353726267814636e-05,1.1682492122910837e-05,0.00011342512076118285,0.00028620287775993347
290,1.953959618654355e-05,4.857957211645142e-05,0.00020715175196528435,5.120458014395979e-05,9.700731471622148e-05,5.959346890449524e-05,1.1778871162590465e-05,2.2335259136233178e-05,3.341585397720337e-06,6.456657951283556e-05,0.00013449400474012038,1.103198155760765e-05,0.0001552688098342206,0.00011563370333221232,0.00017833290621638298,0.0004828752381597634,0.00033159830318050935,0.00010416097939014435
291,0.0007398673395069832,0.00010897028914073556,0.0003996999002993107,0.0008459296879619188,1.1431094112814011e-05,0.0006561940535902977,7.55476100234645e-05,2.835308703800211e-05,5.5305659770965576e-05,0.0010263716747505452,4.130346827899145e-05,0.0004498641937971115,0.0011492825150901734,0.00010269423687237975,8.856412023305893e-05,0.0017532545003852151,0.00039414019792245996,0.0008459687232971191
292,0.0004215893143943994,9.024410795609172e-05,0.00026245228946208954,0.0006775706325903574,0.00014299210662251094,0.0004740869626402855,8.376528471878975e-05,2.1615594524507643e-05,3.284960985183716e-05,0.0004098233641185306,0.00018867453172986479,0.00041412748396396637,0.0006177485240262265,0.0003631611835503666,0.00010620709508657455,0.0013788390040030407,0.0002593504896332001,0.0006409026682376862
293,0.00034321201744828833,3.286555700951835e-05,0.0001627081073820591,0.0005404365351483614,4.757688023871928e-05,0.0002998644486069679,2.7539065108992886e-05,5.0114203934603825e-06,2.7000904083251953e-05,0.00019775316320942704,0.00011332842607205199,0.0003835586830973625,0.00039331425319034247,0.00039268309905419324,0.00016734609380364418,7.361211180434424e-05,3.357915084782463e-05,0.0005435310304164886
294,0.0005548830120608722,3.80031451491028e-05,6.362050771713257e-05,0.0002979506727224801,6.886392801865038e-06,2.397177740931511e-05,1.662279482468436e-05,4.374513529564736e-05,1.0166317224502563e-05,0.0006774630994378986,0.0006986941014892091,0.00020457850769162178,0.0005091993355661323,0.0002874036314467164,0.0003403639420866966,0.00011807438563185557,0.0006633191558415316,0.00012905895709991455
295,0.00010984356853041555,4.681139103544091e-06,0.00019114604219794273,5.4667891598525475e-05,3.482379841493466e-05,0.0003493889234960079,7.909875743015993e-05,3.0351565731984284e-05,3.6075711250305176e-05,6.883440926176015e-05,0.000433342976080036,0.0003121867775917053,2.2185764527032914e-05,0.00017814860626540543,9.190617129206657e-05,0.0006914912638645576,0.0004897236779065795,0.0008835326880216599
296,0.00030662677132457794,0.00018483072813068463,0.0001513245515525341,0.00038329076725089617,4.562661937774354e-05,0.00025058817118406296,6.426879935382199e-05,5.261240384519747e-06,3.3639371395111084e-05,0.0001575955291565484,0.00019829962235679358,0.0004176124930381775,0.0001327504227605497,0.00027106634465666815,0.0002627153880894184,0.0006623097126810806,9.571717147867126e-05,0.0008409693837165833
297,0.00030004713854211995,2.2930658212291094e-05,5.716457962989807e-05,8.869475657374837e-05,6.306195144561294e-06,5.9874728322029114e-05,5.284160212818204e-06,8.853121946379445e-06,1.4640390872955322e-05,8.426934441415485e-05,0.00036043739255105234,0.0001585204154253006,2.044460694587691e-05,6.624897123155837e-05,0.00018302630633115768,0.00012965695419481227,0.000152142221178718,0.0001962520182132721
298,0.00020499783884045386,0.00011212393470701881,0.00013947905972599983,8.63274703083311e-05,5.8554177537195606e-05,0.00021146796643733978,1.140043551942603e-05,1.0057154046451026e-05,1.0270625352859497e-05,2.311476342914398e-06,0.00026143371738102106,0.0001318110153079033,3.834783936563363e-05,0.0002243954070411426,0.0002451213076710701,7.142368741885896e-06,0.00011433592514244477,0.00018436461687088013
299,2.90620860137758e-05,0.00019301410812090636,0.0002024201676249504,8.906677190610723e-05,1.4307602504825406e-05,0.0002742325887084007,1.9767704158917335e-05,1.2620422677778165e-05,2.5667250156402588e-05,0.0002624329351621768,0.00015908665237266903,0.0003557535819709301,9.824299096255346e-05,0.0001817812049173563,0.00023830775171518326,0.00047070209150593123,0.00020928748197728605,0.0005262158811092377
300,0.00032843627125563046,0.00010071374789831153,0.00013206060975790024,0.00044391173251802363,1.4834130087355846e-05,0.0001810239627957344,2.9008808424071247e-05,2.378699962617744e-06,3.958120942115784e-05,0.0003423928299414389,0.0003942287564021145,0.00047318218275904655,0.0002993757535990002,0.0002042505183234948,0.0003835922107100487,0.0010039873313254233,6.73625734772872e-05,0.0008483808487653732
301,7.620261249613458e-05,8.081438434472121e-05,1.2810342013835907e-06,0.00044457493810547144,8.013170081602738e-05,9.178090840578079e-05,2.311246645349263e-05,4.671713605605498e-06,2.4415552616119385e-05,0.00027686018337001045,0.00026862859008562265,0.00022618984803557396,0.00038214722992591793,8.017259720038972e-05,0.00014242343604564667,0.0008709057941261034,6.54990935079103e-05,0.0003348104655742645
302,8.47694260447257e-05,0.00016038438685747267,0.0002959985285997391,0.00026834940030287524,0.00016119765473894543,7.656868547201157e-05,4.121414723286254e-07,1.682824466631486e-05,2.884119749069214e-05,0.0001077166451709799,6.915887541855334e-05,0.0004616985097527504,0.00016133122709258152,1.3780046279745356e-05,0.00021736323833465576,0.00031533401381056425,0.0002721775832447383,0.000588512048125267
303,0.0003892697749201257,8.209238491518889e-05,3.863964229822159e-05,0.00038510863091059666,0.00010291283917016059,0.0001566018909215927,3.658685841317379e-05,1.0259964952680814e-05,4.3448060750961304e-05,0.0004539373540914521,2.96764597835196e-05,0.00047252699732780457,0.0003458896526718977,0.00015423024426179308,0.0003244709223508835,0.0013117527887460956,0.0001677480127120531,0.0009299479424953461
304,0.0003737439855550362,2.968336465084681e-05,0.00024451082572340965,0.00039632533613319365,0.00010221961122408932,0.0004364633932709694,9.686021807323551e-05,2.444768557438145e-05,4.769861698150635e-05,0.0005764073556712435,7.789657880627812e-05,0.0005612792447209358,0.0005343625292239251,0.00023018187530541787,0.00026566628366708755,0.0013786863294525664,0.00037156374586919463,0.0010015666484832764
305,0.00041095522830222886,4.789050806922393e-05,0.000254632905125618,0.0004712056689097216,1.747342928178075e-05,0.00043315859511494637,8.413457203034283e-05,1.2145593446899288e-05,3.181770443916321e-05,0.0005227013828385876,8.636575906026053e-05,0.000422709621489048,0.00042947194807121253,0.0005525853388260241,0.000128237996250391,0.0011187682703935609,0.00015228277248889891,0.0006557870656251907
306,0.00044631612057363657,1.89131048903661e-05,0.0004417393356561661,0.0004713477033626984,2.019700757809051e-05,0.0005454416386783123,0.00011209217416572118,2.9663691073122044e-06,5.167350172996521e-05,0.0008062526639593184,0.0001099777894240303,0.000443839468061924,0.0005950931925496408,0.000696779705635843,0.00024559441953897476,0.002107107102488931,1.3210558539162665e-05,0.0007870830595493317
307,1.666856393960081e-05,0.0001379571870388993,0.00034325430169701576,0.0001808832781613201,8.214021868086646e-06,0.0005289353430271149,7.90857005122346e-05,2.3949061742160372e-05,4.8160552978515625e-05,0.00023859032261737412,0.0001921180431429942,0.00039219530299305916,0.0004149748864165359,0.0005342190646883127,0.00011313334107398987,0.001467829344566185,0.0003490083889971347,0.0004818867892026901
308,9.798864505873583e-05,8.186399406945322e-05,0.0002535735256969929,4.1591992011508205e-05,6.279370486922745e-05,0.0003395695239305496,4.060853860306593e-05,8.545531662321692e-06,5.6609511375427246e-05,2.7369906814303513e-05,1.0193564459432675e-05,0.0004790467210114002,0.0002763682588051847,0.0004063401848985182,0.00037366850301623344,0.0007541509469732033,0.00016200934901194528,0.0008296668529510498
309,0.00025042792320545404,8.565166980994965e-05,0.00037276558578014374,0.00020214881312317912,2.4540642049979133e-06,0.00034130364656448364,5.858467655736957e-05,1.2237233886880009e-05,4.373490810394287e-05,0.00014235596585430998,1.2643993071832782e-05,0.00027760397642850876,0.00027923263853765756,0.0003285813483673711,0.0003130328841507435,0.0010156704489061863,0.00018511634744158888,0.0007438827306032181
310,1.0202738552164692e-05,0.00011394682370111098,0.0001328042708337307,0.0003510824105008997,0.00012829322263282344,0.00010942015796899796,4.60194606827103e-05,1.1674283362072668e-06,1.7974525690078735e-05,8.219503967991926e-05,4.9558068213530204e-05,3.858329728245735e-05,0.00040833472335291554,0.00035808779742378324,4.3350737541913986e-05,0.0011058083030140997,3.9303963199270424e-05,0.00012860633432865143
311,0.00020597338911629293,2.919542598016009e-05,0.00023445533588528633,0.00039716429793630603,3.88355327076359e-05,0.00034739403054118156,4.504219658085437e-05,1.9167120621237934e-05,5.291774868965149e-05,0.0003350314018054981,0.00032159302185441607,0.0005359328351914883,0.0006648301932631814,0.00018294755612738647,0.00034626107662916183,0.0008349047340315274,0.00023275229848151568,0.0008410662412643433
312,2.641974007644432e-05,0.00022892722278125208,0.00040548481047153473,0.00041464696247146826,2.411425000420353e-05,0.0005354811437427998,3.135931220273232e-05,4.219070247658081e-05,4.884973168373108e-05,0.00023401895440380155,0.0004811214946406489,0.00047973496839404106,0.0004245434210346788,0.00030443422313656404,0.00026199687272310257,0.00030654248805295214,0.0006120708144491589,0.0008144769817590714
313,9.364108419222805e-05,0.0002468286683262738,8.907681331038475e-05,0.0002124452225792245,0.00012004598385037882,4.2327214032411575e-05,8.279566876609815e-06,4.57241598889493e-05,1.3146549463272095e-05,2.1627795748983825e-05,0.0003798717208658639,0.0004403330385684967,0.00015677319754341112,0.0006802489118834416,0.00020896457135677338,0.0004997487345615448,0.0006230203082591243,0.00035558082163333893
314,0.000136515663957823,0.00013601575186685325,0.0003555659204721451,4.0161991172738e-06,0.00011934650952467873,0.00030143745243549347,4.909838162654723e-06,2.645484009905922e-05,7.458031177520752e-06,0.00022014348006228063,0.000507230162879211,0.0005513811483979225,0.00017505816604505148,0.000721722898801732,0.00041480688378214836,0.0008893277362944374,0.00034497068289947655,0.0006065256893634796
315,4.557979716081351e-05,0.00033514488089328096,0.00016698893159627914,2.7670895341322388e-05,9.36460743660647e-05,9.766081348061562e-05,7.077746953500219e-06,2.4011799590492095e-05,2.4322420358657837e-05,0.00013083990820750985,0.0005886493385171658,6.0074497014284134e-05,0.00020195106446813105,0.0008146711954868796,9.852275252342224e-05,0.0008583075681473096,0.0003837355064574071,1.3653188943862915e-05
316,0.00031952128518257517,0.00019116058154822896,0.00030829664319753647,0.00031290066712008624,2.9414201163816683e-05,0.0003026300109922886,3.090008306804587e-05,3.777846399095181e-06,3.429874777793884e-05,0.0003202340263975603,0.0001120105966205577,4.202546551823616e-05,0.00045616997207776483,0.00043084478457667066,6.149709224700928e-05,0.0012943030973792957,7.158537830589755e-05,0.0003664940595626831
317,0.00015298713364719774,0.00012273462817307887,0.0002284673973917961,0.00017848045450274963,2.01353241591172e-05,0.000334401149302721,5.4563119577412736e-05,2.441538446154145e-06,3.505870699882507e-05,0.0002980099882347459,4.998724690125772e-05,0.00031513022258877754,0.00028626594648003406,0.0004150385452525128,0.00016555003821849823,0.0011556352219940502,7.633938507943788e-05,0.000601818785071373
318,5.144705389241444e-05,7.403023703480074e-05,0.0001888573169708252,6.577881172721567e-05,9.286299263788073e-05,0.00023852940648794174,5.36714634173565e-05,5.41163336948569e-06,2.2523105144500732e-05,0.00012628370465916916,0.00010846182031276283,0.00020210910588502884,0.00020783753305739922,0.0005012052891703693,0.00012431573122739792,0.0006987631158469343,2.319108521122229e-05,0.00035955943167209625
319,0.0002669628059784185,2.4260677222338878e-06,0.00018140440806746483,0.00024612071227486654,8.15711233725959e-05,0.00036084186285734177,3.5156205664046286e-05,4.562095833959896e-05,2.4572014808654785e-05,0.00014111148347696612,0.0002946269474291899,0.0003214860334992409,0.00043846282783807644,0.00033708156788225113,4.2061321437358856e-05,0.0005362264066415268,0.0006036581528889103,0.0005576051771640778
320,0.00036103856733353534,4.959206480096082e-05,0.0003845253959298134,0.0005113524444456674,1.367270629040393e-05,0.0006545605137944221,2.889428698550113e-05,3.656750219976091e-05,4.701688885688782e-05,0.0005352351138482869,5.633468657874341e-05,0.0007287119515240192,0.00044798760665044207,0.00044755450694441284,0.0003376561217010021,0.0002323108008852881,0.000518698356860785,0.000965312123298645
321,0.00019285616462669242,0.00046634657223557086,0.00033005978912115097,0.0006539361947558858,2.496355536349762e-05,0.0006489576771855354,2.476818793114427e-06,8.140581604796986e-05,3.4652650356292725e-05,0.00032209146902972136,0.0005290753292356669,0.0008055604994297028,0.0004064005979526261,0.0009826267925880372,0.00031570252031087875,0.0008787331532738862,0.001189347540164663,0.0008237622678279877
322,3.08738788547952e-05,0.0005685432201281496,1.9816216081380844e-05,0.00013690423907619653,0.000122087102775309,0.00034294789656996727,4.8887020001294954e-05,5.6240011222738576e-05,4.950910806655884e-06,0.00013317121189659192,0.00033003295305141303,0.0007718582637608051,2.714227291078508e-05,0.0007971337411201811,0.00023985188454389572,0.0012670227989957927,0.0007293966746508729,0.0002724863588809967
323,0.0006111332026362271,0.00026556314752735136,0.0004974668845534325,0.0007418139175265903,0.00019375645122210114,0.00042767077684402466,6.56610028218485e-06,5.36449693435777e-05,6.357580423355103e-05,0.0006457954033268418,0.0007703397481965031,0.00024594832211732864,0.0010006301206790108,0.00035532359835587987,0.0003099841997027397,0.0022018094615358086,0.0008661409925674074,0.001056034117937088
324,0.0006508520872760964,6.687330462065016e-05,0.00040273740887641907,0.0007260396789370988,0.00029184375352378847,0.000397535040974617,6.854270878085128e-05,2.358936892320803e-05,6.030872464179993e-05,0.0008185348548144442,0.00024360284561307857,0.0007690289057791233,0.0007416408235161182,0.00028903830718848486,0.0007529649883508682,0.0014830327533487397,0.00024181265978355667,0.0008122455328702927
325,0.0005013519137182232,0.00019635307158956047,0.00029563717544078827,0.00016766088959002667,0.00022846704298382786,0.0001938329078257084,6.017643182753066e-05,6.0928534611900454e-05,4.2829662561416626e-05,0.0010001962022486571,0.000511405963603568,0.0005606003105640411,0.0003215030924707124,0.0009360429855147338,0.0006847064942121506,0.00026848025245249096,0.0008204046222123594,0.0006492715328931808
326,0.00022671262114745683,2.4613684481363668e-05,0.0005544316954910755,0.0009928274523496733,2.9022831878253857e-05,0.000611837487667799,4.26754091573632e-05,3.360072579731337e-05,5.905330181121826e-05,0.0006719865631856087,8.415600282288618e-05,0.0004874984733760357,0.0007621198239394084,0.00036124333486098337,0.00037401425652205944,0.0005456951977729219,0.0003259881198269291,0.0009314492344856262
327,0.00015190462808910288,0.0003031267777794146,0.0005104048177599907,0.000656590906170082,9.206123242169045e-05,0.000880049541592598,0.00011988823687722992,1.616131123073107e-05,5.6356191635131836e-05,0.0005907359603882084,0.00025223822576097774,0.0008178679272532463,0.0006190454262077483,0.00039119984489248763,0.0002826203126460314,0.0005137267208766283,0.00035107137158420384,0.0013609770685434341
328,9.030326173167791e-05,0.00024749634292655157,0.00012837117537856102,0.0001479692225543755,0.00011494372655126636,0.00037779519334435463,2.8566386782431438e-05,5.67939090824517e-06,2.9567629098892212e-05,0.00027920052849020327,0.0005385219673752981,0.0006406004540622234,4.322255455352364e-07,8.309368599944064e-05,0.0003150789998471737,0.0011564849534672073,3.6026625586432683e-06,0.0006178542971611023
329,0.0003800518545742787,0.00012963572289332453,4.194770008325577e-05,0.00025712319196537214,4.298983877484147e-05,0.0002091880887746811,3.17618217891974e-05,1.701504958018986e-05,1.790374517440796e-05,0.0001633045805968722,4.666420590091272e-05,0.0003438536077737808,3.0016874329991117e-05,0.00023419209806196592,0.00010191276669502258,6.058227859609411e-05,0.0002778929275000265,0.0005069095641374588
330,0.00028181948150513003,1.4252499607250724e-06,1.549581065773964e-05,0.00030668746056687624,5.391079389491585e-05,5.150027573108673e-05,1.9034409972501498e-06,2.268591842487038e-05,8.333474397659302e-06,0.00012583714941823837,0.00018247207879057079,0.00014605559408664703,0.00041536589224470954,0.0002126394959474573,2.1350570023059845e-05,0.00011005819878834311,0.0003115540299840592,4.663132131099701e-05
331,0.00010462058404275831,2.492847307352525e-06,0.00012933043763041496,0.00029792259392516507,0.0001050519207445727,8.552009239792824e-05,8.989063655474167e-06,3.0166336519988723e-06,4.459172487258911e-06,0.00020039000976768834,0.00014454281099550784,1.578405499458313e-05,0.0003197922047825097,3.240585132673057e-05,5.527585744857788e-05,0.00021573912525968408,2.0805807632253218e-05,3.298930823802948e-05
332,0.00030485759412840485,0.0001594673229088489,1.897290349006653e-05,7.563279162624281e-05,3.0736737096651034e-05,6.007123738527298e-05,5.0786911118538836e-06,4.009863887239381e-07,1.017749309539795e-05,0.0003000075756937545,9.040072075906791e-05,4.5122113078832626e-05,0.00023827700457099144,5.9472505193294833e-05,9.926874190568924e-05,0.0004131669750208622,3.504599395489239e-05,0.00019861571490764618
333,7.246943088354274e-05,0.00018006840593540185,2.5441870093345642e-05,0.00010536832359582526,8.661737739754094e-05,0.00012624450027942657,2.373505794925866e-05,1.3823613288098575e-05,1.0669231414794922e-05,1.3525314624000806e-05,5.726200290245148e-05,4.485761746764183e-05,5.315410123996056e-05,0.0003331156006970877,0.00020212354138493538,0.00021574099502000288,0.0002176199992820209,0.00044288113713264465
334,0.0004485892306232697,0.0001543623744732492,0.0001941649243235588,0.00038598415657693785,3.397270874766836e-05,0.000258689746260643,3.830222816128201e-06,1.5249697568348519e-05,8.381903171539307e-06,0.00034483628544249023,0.00036513860391885686,0.00025754887610673904,0.0004133424743038572,3.617359167803341e-05,0.0002978174015879631,0.00028484668034448046,0.00030929108927872217,5.789846181869507e-05
335,0.0003180843238764497,4.263450437949623e-05,0.0001691109500825405,0.00021167333415714196,0.0001155580038047048,9.453808888792992e-05,1.0955026778728533e-06,1.570934316161144e-05,1.9744038581848145e-05,0.00028605816112074745,1.410237926635291e-05,7.522059604525566e-05,1.5177004316233034e-05,7.875108223108496e-06,0.00016917334869503975,3.465155760803973e-05,0.00022657787433130717,0.00024404935538768768
336,7.337539031596063e-05,0.00014223079177511783,8.390238508582115e-05,0.0003208468322415253,7.152867576494873e-05,0.0002882671542465687,2.90555951287276e-06,6.41936609594417e-05,2.9653310775756836e-06,0.0002668408303949654,0.0006163845079004658,0.00012748874723911285,0.00042529215395153974,0.0004386074448048949,0.00015205703675746918,0.00021582476316980848,0.000941076426000483,6.664171814918518e-05
337,0.0001266840573675848,0.00015429580617674563,0.00010751327499747276,0.0003851053491547435,1.4119639271149842e-05,0.0003304053097963333,3.991040986177884e-05,3.9844816213402726e-05,3.466382622718811e-05,0.0004378540225583802,0.000179582729773569,0.00066025136038661,0.0004690784394270203,0.0005001162501518733,0.00034057674929499626,0.00017969347306784345,0.0005351107141498858,0.0007827263325452805
338,0.0003371285937776719,0.00017363417403109052,0.00023724744096398354,0.0004286413564949382,8.287015344948453e-05,0.0003575589507818222,0.0001061282471215251,1.9718985121919725e-05,3.491342067718506e-05,0.0007095957672164852,0.0007241223149768404,0.0005312017165124416,0.0008986832264234954,0.0006128798841437098,0.00034415628761053085,0.0011895901243621498,0.00042316661256946,0.0008083879947662354
339,0.00019967410106923322,7.228775551986963e-05,0.0001934911124408245,0.0001646825931363588,6.704631896862351e-05,0.00017342809587717056,2.6276837266484e-05,4.1929533207083424e-05,6.932765245437622e-06,0.0006190320615205788,0.0006247791157607228,9.355926886200905e-05,0.0002639196047534015,0.000609307987890103,0.00011758878827095032,0.0005127277836798338,0.0006920153461161826,0.0002902895212173462
340,0.0005777292151265823,5.5017933619703335e-05,4.3212901800870895e-05,0.00024675988238150037,5.247910872759401e-05,7.832562550902367e-05,4.8041786893434496e-05,1.267065625066633e-05,1.8637627363204956e-05,5.201356071435348e-05,0.00016819361366067487,0.00022627552971243858,0.0003708068473762191,0.0005874977422810346,0.000205199234187603,0.0002893709974325642,0.0001878642355887701,0.0007285792380571365
341,7.750617880580846e-06,0.00010901737761442182,0.0004352130927145481,1.7202754746994953e-05,0.00013675122644620993,0.0003642365336418152,5.256206998741075e-05,1.5407827350223918e-05,1.3314187526702881e-05,0.00018891450554998218,0.0003486086040120212,0.00011226441711187363,5.269025503167046e-05,0.0002587373017177534,2.88989394903183e-05,0.0008861297893243414,0.00026485778164788646,0.00033660419285297394
342,0.0001471208703795468,1.2428821247630756e-05,8.168118074536324e-05,8.089454450967148e-05,4.826343401884495e-05,4.6212226152420044e-05,1.8320546037713797e-06,1.2635367748840538e-06,2.3420900106430054e-05,0.0002539972796041304,0.0003091784863466611,0.0003643091768026352,0.0004179041712321918,0.00012390415007808991,0.0005373666062951088,5.947291344851613e-05,3.0707278032489e-05,0.0005570109933614731
343,4.0189403256479794e-05,0.00019453047577342245,7.741525769233704e-05,0.0004256108654947105,0.00016472073515689037,0.0001559695228934288,3.161183367164644e-05,2.836817510794618e-05,2.1345913410186768e-06,8.028119876959255e-05,0.00032359409545018245,0.0002507378812879324,2.1927988530651144e-06,0.0003862031754541702,4.5527005568146706e-05,9.309638571655676e-05,0.0004213691822758435,0.00030462630093097687
344,0.0004946874519654448,0.00027931787226159743,0.00020243646577000618,0.0005694652622480617,0.0002905515257593527,6.491364911198616e-05,3.4145079882899956e-05,5.1644192957755265e-05,4.157423973083496e-06,0.0006350526958057504,0.0008819237224454816,0.0004221529234200716,0.0005958926010182636,0.0004474401006490346,7.557892240583897e-05,0.00023800931766440603,0.0008664237285936542,0.0005449783056974411
345,0.0002741308588112279,6.735096749017552e-05,9.376788511872292e-05,0.0005374743579426994,9.06288652756243e-05,9.655347093939781e-05,1.8033521352909393e-05,3.0744001826623355e-06,5.114823579788208e-06,0.0005172569879932712,0.0002442691266888661,8.015520870685577e-05,0.0006676207690355235,0.00019871403449532588,8.109072223305702e-05,0.00010392269601927628,5.613433015536876e-05,0.00017892569303512573
346,0.0003002801286337703,0.00016336132417130167,0.00017542578279972076,0.0002611868613608126,0.00020383393455690804,4.5769382268190384e-05,1.962424346359584e-06,5.294754739327995e-05,6.280839443206787e-06,0.000179292394934652,0.0008573758200528699,0.00031646573916077614,0.00017039855261376247,0.0006985189643240325,1.8209684640169144e-05,0.000206674203641094,0.0008439811253005069,0.0001495853066444397
347,0.00012207150818935308,7.862460638578123e-05,9.037554264068604e-06,0.00018719726793166303,3.036683600592463e-05,0.0002497895620763302,2.5655097212402486e-05,4.188343911138201e-05,1.91517174243927e-05,0.0003165915062503036,0.00041216712736167477,0.0004204115830361843,6.024703908298623e-05,0.0002239423318639265,7.184315472841263e-05,0.0005309852025482675,0.0005433482605726647,0.0005453955382108688
348,0.00011568242772561077,0.00021332637914588462,5.569262430071831e-05,7.97022818148363e-05,5.791767693321542e-05,0.00023005204275250435,6.399996755475715e-05,2.499055822378007e-05,2.1785497665405273e-05,0.0004118339105641869,0.0002860051108924677,0.0002936841920018196,4.522083518766762e-05,1.5641632093821994e-05,3.735441714525223e-05,0.0011754822012106092,0.00023517845828863095,0.0006927959620952606
349,0.00037977460254695616,0.00018456228212100287,0.0003186161629855633,0.0005375812885553138,5.1444360229531416e-05,0.00035585975274443626,6.0047760439033496e-05,4.910159389232883e-06,1.5351921319961548e-05,0.0007565976052725798,0.00022561047871852424,0.0001556924544274807,0.0006140355138816028,0.00011999373176695832,0.00010462943464517593,0.0008528048556792622,3.124459714812754e-05,0.0006925947964191437
350,6.987100446749495e-05,0.0002803577446795699,4.2158178985118866e-05,0.0002107565479424478,9.81046299961437e-05,5.171401426196098e-05,9.827493444167917e-06,6.159913952408295e-06,1.5769153833389282e-05,0.00017156663322367982,0.0004821753818333441,2.9900111258029938e-05,3.972710260069512e-05,0.0002752295977771907,3.657769411802292e-05,0.0004230309315923775,8.842538666921102e-05,9.427592158317566e-05
351,0.00041263521778109324,0.0002093254908884859,7.831491529941559e-05,0.00011647497928315986,5.821754835659554e-05,2.0250678062438965e-05,9.70401365882681e-07,1.0422884652170396e-05,3.851950168609619e-06,0.0002113336049162709,8.057382169202043e-05,8.294358849525452e-06,0.00046075727739586236,0.00035755648323894385,0.00011679483577609062,0.00020233766298533018,0.00021747121587435583,0.00020384043455123901
352,0.00020019794117591416,3.3825931742614834e-05,0.00018076878041028976,0.00024008751167900466,2.1066671208311294e-05,0.00010835565626621246,1.896135363078054e-05,2.6957244420056412e-05,5.487352609634399e-06,0.00019486110258024741,0.00027733986570136274,0.00012097228318452835,1.95604220232376e-05,0.00015285587588170085,1.3857614248991013e-05,0.0003233029327947834,0.0003733362678795952,4.26657497882843e-05
353,0.0001727668923164477,7.793398097769022e-06,1.636100932955742e-05,3.447726769661985e-05,8.0388178593193e-05,0.00016218842938542366,9.914234837158156e-06,2.4298814717355175e-05,6.906688213348389e-06,0.00019601419706774537,0.00028389568296797313,0.00017216801643371582,3.9990333089920393e-05,0.00011106607464087676,1.9958242774009705e-06,1.856871243335889e-05,0.00037955017347230833,0.00032806396484375
354,9.739596673154216e-05,7.944261554977336e-05,9.183911606669426e-05,1.8261953142445497e-05,4.02941570001869e-06,0.00012923963367938995,4.014776516758807e-05,3.778197768046016e-06,3.762543201446533e-07,8.529944154134217e-05,0.00015236656485704755,0.00012153387069702148,0.0003005533098526386,7.566657878235739e-05,0.00015987223014235497,0.000642490629713971,5.95423875097245e-05,8.336454629898071e-05
355,0.00014877875552624098,8.100722737465135e-05,0.00021462980657815933,0.0001359130129775371,0.00010296229512279584,0.00015849852934479713,4.2399833581606775e-05,1.0579047574575147e-05,1.1142343282699585e-05,5.259470130758448e-05,0.0004271455757842643,0.00040859729051589966,0.00022882990806157022,0.0004286204651703131,0.0003254455514252186,0.0005558485325183327,0.00014608050811595798,2.9101967811584473e-05
356,0.0003463055746415755,8.58546868731172e-05,5.012843757867813e-06,0.00014494042866773638,6.443910436068623e-06,0.00011372659355401993,1.4461439757980366e-05,1.007942758367937e-05,1.5009194612503052e-05,0.00039952042935829934,0.00033359240356491474,0.00031868787482380867,0.0001054188924863031,0.00033321079117836286,0.0001796733122318983,6.442736365722124e-05,0.00016566851436078693,0.00020578503608703613
357,6.9784003249862e-06,2.992938995864669e-05,0.0002948981709778309,0.00022640624506167772,0.00015286539443708225,0.000371602363884449,3.961185318548943e-05,1.2003428583196995e-06,2.1051615476608276e-05,0.00014810234250457743,0.0001488999490203112,4.2520929127931595e-05,0.0001086026756491193,4.286702619096458e-05,5.5980170145630836e-05,0.0005749246455573065,2.534522768648747e-05,0.0002892240881919861
358,0.00014766378343755715,3.768375291033493e-05,0.00017294380813837051,0.0001774590052411179,0.00017870084836691877,0.0003880588337779045,4.9854664036484e-05,4.172127186798254e-05,3.4086406230926514e-06,9.656159366029649e-05,0.0002945454288373131,6.975466385483742e-05,0.00012115179337005011,0.00023198938626921295,0.0003594346344470978,0.0008034839027018514,0.0006140156180942037,0.00012319348752498627
359,8.412520972250759e-05,0.00014803589936088907,9.781867265701294e-05,0.00011067088474882303,0.00012354473160279197,0.00012513529509305954,1.0568747515244878e-05,3.6747613254653065e-05,2.9802322387695312e-08,0.00024822275361068014,0.0004307669503578332,0.00017661228775978088,0.00019941500399024703,0.0003413155114056522,9.059440344572067e-05,6.83428607289871e-05,0.0005554865932935909,0.00020104087889194489
360,0.00041312817949741565,0.0002056055421873343,3.060838207602501e-05,0.00028548220432923765,6.049611525971166e-05,8.828286081552505e-05,2.414183773206957e-05,7.490261644361529e-06,1.3947486877441406e-05,0.00026363223682408093,0.0002419543812170813,0.00029881345108151436,0.00020462749045273287,2.866520528442204e-05,0.00024787778966128826,0.0006916595238918299,5.3654410238217296e-05,0.0001912340521812439
361,0.000172702363567645,0.00018183378162865,0.0002679307945072651,3.385065688116251e-06,0.00011369499826817397,0.00010412139818072319,4.345836145494206e-05,6.616877167062426e-05,4.887580871582031e-06,0.0002855133779516572,0.0003222997903574755,7.418124005198479e-05,0.00035133132350106955,0.0005984513070630311,0.0003446720074862242,0.0016481467710441344,0.000836354122801147,0.000185476616024971
362,0.0005397981896567428,2.6797430993961285e-05,0.00034268107265233994,0.00024702213323851696,0.00024489727629940436,0.00017994223162531853,3.4871892555847495e-05,5.853566703519473e-05,2.5384128093719482e-05,0.0003159070387304744,0.0009178085554819339,0.0006219455972313881,0.0004161753051316608,0.0005177646710359078,0.00036839209496974945,3.813554594231383e-05,0.0008166747557951776,0.0010561831295490265
363,0.0005588074535829574,1.5193944061693554e-06,0.00041274307295680046,0.00074751965212147,8.249686565473327e-05,0.00031656911596655846,3.800172677597205e-05,2.6564007526725254e-06,1.3511627912521362e-05,0.000554475452760779,0.0001128188633991549,0.00018181419000029564,0.0007562476827180226,6.623726025519264e-05,4.393234848976135e-05,0.0009745398937268113,1.9577762795844724e-05,0.000128231942653656
364,0.00052677119851742,7.260009359464845e-05,1.7024576663970947e-06,0.0007355923875871639,0.0002005543741930224,8.155638352036476e-05,6.111813278492431e-05,1.3129500915538123e-05,3.279373049736023e-05,4.56971043272178e-05,0.000803884852487842,0.00022432534024119377,0.0003991948040904317,0.0003751114254850127,0.0003132857382297516,3.615719551769425e-05,0.00037516259439299474,0.00037658587098121643
365,1.7458204840739566e-05,2.6454491528923874e-05,0.00015697255730628967,9.126667396459898e-05,1.3414208063191463e-05,0.0001648678444325924,5.261078439950176e-06,4.128358400665128e-06,2.2359192371368408e-05,5.3285810631249764e-05,3.578212597242503e-05,0.0001978767104446888,7.503227614995278e-06,4.021642947858034e-06,0.00020912941545248032,0.00029655271018305673,1.439141097910046e-06,0.0003485940396785736
366,0.00017330513556505778,8.478942818322677e-06,1.3622455298900604e-05,0.00022235375320922568,5.872417020688289e-05,3.8125552237033844e-05,3.303179704352427e-05,1.2636657369904231e-05,4.7869980335235596e-06,4.022687148538817e-06,0.00011099907699873776,6.648711860179901e-06,1.736587938287737e-05,9.901568547588183e-05,8.441554382443428e-05,4.982581265366992e-05,0.00020769304416804477,2.9131770133972168e-05
367,5.475722998883603e-05,3.196094823726403e-05,0.00010887067764997482,4.5981069110578865e-06,6.097333506649427e-05,8.639274165034294e-05,9.913832688824425e-07,4.653411720722725e-06,9.097158908843994e-06,0.00014187894951157853,4.991932887727507e-05,0.00012278184294700623,0.0002518815958085993,9.555538378204498e-06,0.00016419915482401848,0.00020668100837989423,8.44088523278949e-05,0.00017147883772850037
368,0.00018381901454850302,5.076522460631047e-05,0.00010482780635356903,0.0002785542390755097,0.00011988078386469814,0.00010298611596226692,7.352458728992692e-06,3.0159349689961077e-05,3.7811696529388428e-06,0.00031667507010583323,0.0004443749233203134,9.956257417798042e-05,0.0004332458001329101,0.00026020437249681463,7.072044536471367e-05,5.61415096690665e-05,0.00048050506135322935,0.00019256770610809326
369,0.00019059698638339284,0.0001756941711171904,0.0002662539482116699,0.00017877656582121482,0.00010831513780990357,0.0001850486733019352,5.858535707951168e-06,2.101629915412335e-05,7.1339309215545654e-06,9.570067673392996e-05,1.516242533229628e-06,0.0001411191187798977,0.00018940376843767925,0.00011641653544557096,1.8209218978881836e-05,8.52606394426414e-05,0.00030159286118961533,3.542006015777588e-05
370,2.1891416958394472e-05,0.00017487204850727758,3.0102208256721497e-05,0.00018695809962182564,0.00011016376973163947,2.1976418793201447e-05,2.8349145398898212e-05,1.579602807650447e-05,9.335577487945557e-06,0.00014402671728190597,0.00027841716312300077,0.00011523114517331123,0.0004063004558444855,0.00032286338412450266,0.00013063708320260048,1.699824116677129e-05,0.00026081521696544535,0.00022490136325359344
371,0.00014292859893946797,7.806508011041699e-05,1.9262079149484634e-05,7.036403753893361e-06,7.853479237810226e-05,9.803613647818565e-05,1.1618027685088295e-05,2.575060287133226e-05,1.6726553440093994e-06,6.638205021938098e-05,0.00029675169438041216,0.00016085850074887276,0.0001572667269020417,0.00046211306538527716,1.1155381798744202e-05,0.0002529038973923259,0.0004230238369251334,0.00012308359146118164
372,0.00014185801674650167,0.00021000122289149478,0.0002581295557320118,4.369079251216601e-05,0.00010030644398914199,0.0002790740691125393,2.9505566483924855e-05,2.427462500651477e-05,1.0922551155090332e-05,0.0002942435814479241,0.0003855013468771276,8.722348138689995e-05,0.00023562747027924824,0.00013549016250944193,9.238673374056816e-05,0.00018527933340800606,0.00042161725988442865,0.00023073703050613403
373,0.0003020247265232562,3.146121128470153e-05,0.0001824493519961834,0.0002458482932097411,0.0002697891043610713,0.00024334341287612915,8.012191551139483e-06,5.895763765184246e-06,1.4241784811019897e-05,8.878244451864664e-05,5.57041795390123e-05,0.00030007632449269295,1.8360912975808052e-05,1.929478213337152e-05,0.00038324203342199326,0.00014724788545766865,6.156403250570262e-05,0.0004933979362249374
374,0.0001418888711577776,0.00011261692540964069,0.00014318153262138367,1.7856931522883257e-05,2.1415870571386136e-05,0.00013808486983180046,1.1014493856310176e-05,8.629253762063542e-06,2.1610409021377563e-05,8.84239021239075e-05,6.540241140384415e-05,0.00021296273916959763,0.00012349263057161858,9.274914102437928e-05,0.00024169450625777245,5.799735505102044e-05,0.0001672622823786574,0.00040451809763908386
375,4.312934077141395e-05,0.00010257775748638565,1.7729587852954865e-05,6.364864278778082e-05,4.520222272674096e-05,1.0099727660417557e-05,1.0292824579281878e-05,1.3669846504896162e-05,2.902001142501831e-06,0.0002492996532619321,0.00022152756219331535,2.8368085622787476e-06,0.0001407627704483258,0.0001628180309240987,3.0166935175657272e-05,0.00020381523341417296,0.00024357156546473422,0.0001012943685054779
376,0.00017237020735336173,3.1976395747066594e-05,5.0226226449012756e-05,0.00031743906535564026,2.8557143634876797e-05,5.269981920719147e-05,2.9473623598726822e-05,1.615208542681378e-05,2.4549663066864014e-06,0.00011985409929316654,0.00015660591230306706,7.791630923748016e-05,6.929521205718131e-05,0.0002503755599425721,6.535649299621582e-05,0.0003864922062161713,0.00029909504855193296,0.00028590112924575806
377,0.0002907515559974899,5.004085647634243e-06,0.0004454762674868107,0.0007323025131202032,0.00012078343244988424,0.0006262348033487797,6.960407022485286e-05,1.0423083307587654e-05,2.136826515197754e-05,0.00025342794895420045,1.0640777927360678e-05,0.0004228828474879265,0.00016425441236622706,9.88339298491972e-05,0.0006563528440892696,8.61652089534648e-05,0.00019140116990758985,0.0006481688469648361
378,0.002919870912918787,8.759893883454606e-05,0.002368236891925335,0.0034003351086842326,0.0005064524038115997,0.0023089973255991936,7.4297448720494e-05,2.7862426324560884e-05,6.26780092716217e-05,0.0022101354403165005,0.0006119481645080888,0.00032427068799734116,0.0022343903894239403,7.241475709075795e-05,0.00035885581746697426,0.0014033473383787687,0.0004581780923286387,0.000127328559756279
379,0.00014618938811457316,0.0001389776338066341,0.00037610437721014023,4.301204521574287e-05,5.9341671882810754e-05,0.0005608443170785904,5.904171663032552e-05,1.3539797333727384e-05,1.5344470739364624e-05,0.00012783094416524837,0.00016355537143728643,0.0003915177658200264,0.0005537702748869833,0.0004326514544184118,0.0006766561418771744,0.0011000517710405555,0.0002357915508865954,0.000815248116850853
380,0.0012788232356571033,7.407632642118453e-05,0.0012876885011792183,0.0018651063566373638,0.0007744793953875749,0.0013715787790715694,9.308745671533433e-05,5.8944100399225836e-06,7.982924580574036e-05,0.00017238864085926398,0.0011165102595199032,0.00017748121172189713,0.00010816735470724897,0.0004253873210228014,9.787734597921371e-06,0.00032203565871960493,0.00027091570442434616,0.0014395080506801605
381,0.00153953958220919,0.00027776332390864675,0.0003862655721604824,0.0014652926767244195,0.00020159869612303496,0.00014990149065852165,1.3271685530405475e-05,4.1461802134080744e-05,1.739710569381714e-05,0.0006880629448842712,0.0007632874900990877,0.00040492042899131775,0.0008162745400367502,0.0004652805206501569,0.00014185579493641853,0.0005783475960156881,0.0007497900393886397,0.0004490148276090622
382,5.20508615249049e-05,1.2138801845244795e-05,0.0009768763557076454,1.9932270068467872e-05,0.0001386687704494835,0.0011892430484294891,0.00015242172122430578,1.918983444939773e-06,5.1781535148620605e-05,0.0006507553359065416,0.00015773419273920272,0.00032778503373265266,0.0006257030608345787,0.00017005255371182332,7.618684321641922e-05,0.00013401696632098226,9.773592910284267e-06,0.0009091701358556747
383,7.432920820305e-05,0.00010903001370103985,0.00042564189061522484,8.766776717998581e-05,3.688179015638032e-05,0.0005829166620969772,0.00011666198171995067,2.9946894391724244e-06,9.499490261077881e-06,0.0005400033855595052,0.00014263286440896125,1.1056661605834961e-05,0.0005753557062910114,0.00019705664364449635,0.0002057114616036415,2.345855825405807e-05,7.157942697439334e-05,0.0007095318287611008
384,0.00024065256243385735,3.400781646030124e-05,0.00022106710821390152,0.00013643768882794227,0.0001770267571660107,0.00034620240330696106,5.393517479198792e-05,2.8222079115698857e-06,9.145587682723999e-06,0.00016463201055696292,1.2900005404291315e-05,2.2445805370807648e-05,2.0487242862979316e-05,0.00023451574543233503,9.930972009897232e-05,0.000325476185278617,8.97657095377505e-05,0.00017851032316684723
385,0.00010628897376786794,0.00018273161583706732,0.0002739056944847107,3.450931467119389e-05,0.00018431583539344626,0.00022023217752575874,4.3487571465222405e-05,4.2635246278872825e-05,3.224983811378479e-05,0.0002521269287502764,0.00013556476986853125,0.00023975595831871033,0.00020515184795946717,0.00044460836242534926,0.00033491384238004684,2.9874285990161287e-05,0.0006115911109386822,0.0005962271243333817
386,0.00010614738118880362,2.8330375597900026e-05,0.0002224924974143505,0.000342082722717893,0.0001527537174566898,3.3736228942871094e-05,1.0698589693089455e-05,4.43792117802869e-05,3.05958092212677e-05,0.00012906230261541807,0.00021075891967504978,0.0005226396024227142,5.4281728538913e-05,0.0004083675274542259,0.0002496205270290375,0.00022323273741403638,0.0005788030199527197,0.0005969665944576263
387,0.00013249606609279374,9.428904962901011e-05,0.00022016186267137527,9.567161867285456e-05,8.478281074612154e-05,0.00017959950491786003,4.348617343694766e-06,7.376132725358202e-06,6.3516199588775635e-06,0.00047251423245938534,0.00037851639198755935,0.0003447006456553936,1.9404446370663297e-05,0.00015001060780101688,0.00028192391619086266,0.0008169789873016808,1.1966837990609602e-06,0.00048193708062171936
388,2.8822446807102997e-05,9.181090396597619e-05,7.824180647730827e-05,4.41172066118628e-05,4.522233711320642e-05,1.5841331332921982e-05,6.1428473368888015e-06,2.5846807122212106e-06,4.421919584274292e-06,9.891664237206971e-05,0.0003062406554080431,0.0001594414934515953,0.00011451310389101743,0.0005722726491012679,7.934961467981339e-05,0.00048104050322719805,0.0001431363323016264,0.00037619471549987793
389,6.492967889533408e-05,2.853376197614957e-05,4.4868793338537216e-05,0.0002694126839067751,4.906985590576174e-05,6.101513281464577e-05,8.507505825164352e-06,1.837098451017174e-05,3.7997961044311523e-07,0.00022202578699254127,7.30148987110324e-05,3.8094352930784225e-05,0.00032606123209763527,0.0004789179705418124,8.321367204189301e-07,0.000823625583921267,0.00031645009217353727,0.00020773150026798248
390,0.000191531204998735,2.5441960323866614e-05,8.475221693515778e-05,0.00017787401964226845,0.00023843363572875406,0.00011352729052305222,6.476675981172131e-06,6.736923911709354e-05,1.6316771507263184e-05,0.00019415784729966828,0.0007102098974488547,0.0003960137255489826,0.00024970757179784697,0.0007298943333614617,0.00013666599988937378,0.00014907469510297422,0.0010119488579309304,0.0004860479384660721
391,2.268765688051566e-05,0.0002171752029107507,3.690272569656372e-05,8.634635638438137e-06,0.00020974268110783914,8.041411638259888e-05,1.1023464818330289e-05,1.1682866243827456e-05,2.0019710063934326e-05,0.0004650735209413351,3.718499553457405e-06,0.00021922774612903595,3.5476515578697354e-06,1.928022997122955e-05,0.00012949202209711075,0.00016149751046870553,0.0001720931058843834,0.0005290526896715164
392,0.0005381853772934986,0.00013417983178893797,6.871623918414116e-05,0.0004398522957904799,4.018503533508369e-05,1.3469718396663666e-05,3.2984905724182945e-06,3.2470264036924695e-06,2.1278858184814453e-05,0.0003244734149863357,0.00023048568082204013,0.00020215800032019615,0.0006159968326160253,1.4467012505698512e-05,0.0002881414256989956,0.000674577062821119,5.4493416746763694e-05,0.0004786178469657898
393,5.10471190403039e-05,0.00013023460004655055,0.00021247891709208488,0.0003691641544826818,0.00010022782313006198,6.238557398319244e-05,2.3914185084296727e-05,1.740387862104664e-05,8.471310138702393e-06,0.00014278040694139932,0.0002452817395863262,6.661331281065941e-05,0.00022356762534186947,0.0002687116982306448,0.0001299651339650154,0.00030737538345071425,0.00030484484484456526,0.00030073150992393494
394,0.0003099446156633462,1.819922443648328e-05,0.00013750605285167694,0.00041098551679440154,5.9975253804019774e-05,0.00012493785470724106,2.8495087509265368e-05,1.0785882788337493e-05,1.7408281564712524e-05,0.00023443589023836725,0.000139871741160702,0.00021406915038824081,0.0003497169549330978,0.00015257351069071848,0.00019983621314167976,9.529664817531369e-05,0.00018790478619164566,0.0003242660313844681
395,0.0005102670952319283,0.00015824237863695106,1.7106998711824417e-05,0.00023426368780464502,0.0001842486297395536,0.0001307353377342224,3.403698965125969e-05,1.9696173033838325e-06,3.960728645324707e-05,0.0004174949086022811,6.724398405019705e-05,0.0005584456957876682,0.0006067101134720268,0.00015128320079126414,0.0004270244389772415,0.0002908658927954222,3.7425667735065376e-05,0.0006280411034822464
396,0.00039471029309187666,6.167897688599475e-05,7.654912769794464e-05,0.00022382757784568386,9.220991579475188e-05,0.00012794090434908867,2.9997072674309636e-05,9.471613589479618e-06,2.682209014892578e-07,0.0001891316747855698,0.0002351473878650888,7.167598232626915e-05,0.00020166858646615549,3.6417205864426594e-05,3.887806087732315e-06,0.00030953124733451576,0.00010167369776533882,0.00017814897000789642
397,0.00045144609646657896,0.00015547741498130735,2.637505531311035e-05,0.00018752599719140672,2.6989997611713556e-05,0.00015807338058948517,2.4175525607461612e-05,1.5546221933744673e-05,4.630535840988159e-06,0.00021448367969230386,0.00010531065100788384,2.3837201297283173e-05,0.0007060469351318904,0.0001732515885629754,0.0001414921134710312,8.0925633494211e-05,0.00020419323512879282,0.0001251697540283203
398,0.00023315996430550712,3.291303305622689e-05,0.0001052534207701683,3.782338096901261e-05,5.475371836322074e-05,5.335081368684769e-05,2.1047014321391028e-06,1.2871978560970068e-05,4.4889748096466064e-06,0.00020721929540649942,7.685375459942634e-05,0.00022567296400666237,4.3249121919525235e-05,0.0001595982379743975,0.00017925212159752846,0.000448766848259341,0.00019797891327232855,0.00019821710884571075
399,0.00017967176836143628,4.603615000464689e-05,6.355391815304756e-05,0.0001506024617092816,3.677841610694524e-05,5.2873045206069946e-05,6.104941008991047e-06,6.349778434108734e-06,1.7881393432617188e-05,0.0003114872058744486,0.0001687201574108732,0.0002572205848991871,0.0002339388736308512,9.684304977366012e-05,0.00027646729722619057,0.00033458938563465934,5.6408948266587844e-05,0.00042034126818180084
400,9.407674120817666e-05,1.134496076992883e-05,9.33278352022171e-05,4.8004173430440944e-05,0.00010128930434936262,0.00012352876365184784,2.164307029232579e-05,1.0195216360665772e-05,2.078711986541748e-06,0.00020983282217620913,0.00012949301765843857,6.983056664466858e-06,7.066477298063589e-05,7.679910409673016e-05,3.625405952334404e-05,0.000257742825816476,0.00013233749825567799,0.00012351199984550476
401,0.000467586174027132,5.596373261525581e-05,9.554019197821617e-05,0.00025246522799381166,0.00010808129885434004,5.007535219192505e-05,4.717942621237231e-05,2.397760610468687e-05,1.996755599975586e-06,0.0003169199601175954,0.00045812922509580814,0.0002543339505791664,0.0003260531835408559,0.00021058390992387613,0.00018838327378034592,0.00017616479492180148,0.0003289360945396562,0.00045758672058582306
402,1.6796190781265263e-06,6.915633957697842e-05,1.9373372197151184e-05,0.00010283954205261847,7.779205521082216e-06,4.466157406568527e-05,2.414714327389836e-06,7.962668604922894e-06,1.8190592527389526e-05,0.00018036281989446123,2.900260364520693e-05,0.000363706611096859,0.00010346229522573136,5.390662256771206e-06,0.0003517894074320793,0.00020353932463329505,0.00010037062408171753,0.0006141457706689835
403,0.0002716031979758393,1.2415699460876367e-05,9.554903954267502e-05,0.00019079703415629534,8.584299000152437e-05,3.231223672628403e-05,3.229902103369861e-06,1.6151345114344358e-05,1.3981014490127563e-05,7.433985784315728e-05,0.00025807158955025444,0.00011820252984762192,0.00016554481809416544,0.0004301192471342606,5.9506855905056e-06,4.515276046390682e-06,0.0002860296561655589,6.998516619205475e-05
404,0.00016752006115963725,7.68211102990593e-05,0.00012228917330503464,0.00010073564158799564,1.3187505795961979e-05,0.00012314366176724434,5.984872033407834e-06,8.472187112764664e-06,1.4077872037887573e-05,2.0393056292512812e-05,6.167276039584918e-05,5.4939184337854385e-05,7.951894407252219e-05,0.00010891368855157554,7.043825462460518e-05,0.0002534943212094687,0.0001750075480903327,0.00019327551126480103
405,3.4516420750072e-05,4.418425146829677e-05,4.526972770690918e-05,2.0365778439349058e-05,0.00010912924897682474,9.368639439344406e-06,9.136303243471866e-06,1.3490959887545867e-06,6.157904863357544e-06,0.0002591430619390267,0.0002357010329362627,6.15944154560566e-05,9.531204107821739e-05,0.00013723163763649376,0.00013714144006371498,4.253913850668645e-05,6.153546005877334e-05,0.0001753978431224823
406,0.0002250432373231276,0.00010426755240667412,7.136259227991104e-05,0.00014967415015744445,6.837827917774777e-05,6.814021617174149e-05,1.0977123628800461e-05,6.119885147815301e-06,2.154335379600525e-05,0.00017434294897228364,0.00033523450959812434,0.0001982315443456173,0.00034402705444711024,0.00015734279889029895,0.00019141007214784622,0.00015630472514510663,0.0001094366890793104,0.00048130936920642853
407,0.00020185764207841794,0.00011052646959240978,6.830226629972458e-05,0.00037518736939681774,5.76412664966483e-06,8.465582504868507e-05,6.952180065302252e-06,9.90379153144346e-06,7.577240467071533e-06,0.00022770200193435175,0.00028079047163636836,0.00010668300092220306,0.00035194872180882575,0.0002838302150952321,8.53128731250763e-05,0.0003980513754259507,0.0001527740900677337,0.00012150034308433533
408,0.00029012001806499876,9.746342543401343e-06,9.00602899491787e-05,7.06210733734669e-05,1.4536808939466517e-05,0.00011741276830434799,1.0700906139271896e-05,3.232816817066769e-07,3.7997961044311523e-06,0.00010353743023806122,4.4526505277957956e-05,9.770598262548447e-05,4.26646718416912e-06,1.5342604360917e-05,0.00012711994349956512,0.00031856492419526927,2.078493453338279e-06,0.0001420825719833374
409,0.0001655787440783263,4.845550657660985e-05,4.805624485015869e-05,1.2056897560203117e-05,5.127282771433955e-05,3.953324630856514e-05,1.4769997369715876e-05,1.312888146449192e-05,3.4011900424957275e-06,6.480384503153303e-05,0.00010679153972373637,9.4645656645298e-06,0.0001609539654627984,0.0002168657796909612,6.256159394979477e-06,0.0001972248140832411,0.00022814089176210204,8.419342339038849e-05
410,0.0002145377378689889,8.782541818643311e-05,0.000258016400039196,0.0002887774635653567,0.00011447300060072815,0.00036017969250679016,2.78568539965416e-05,3.112808362922703e-05,2.4843961000442505e-05,0.00031997736830768897,0.00026674751965505283,0.00015930552035570145,0.00027825895370656856,0.00023045367354246685,7.027760148048401e-06,0.0003859756143372861,0.0005334216755866247,0.00034061819314956665
411,0.0001663480427921138,9.597429680902048e-05,0.00017825141549110413,0.00012403297055042783,0.00014741188463414379,0.000176197849214077,4.956853048888876e-06,4.151544565154588e-06,9.961426258087158e-06,0.0005319275403408638,4.4825210050319225e-05,9.687850251793861e-05,0.00011137670231141372,1.1772557684704144e-06,0.00010671326890587807,0.00016469518482253864,1.4188008056293961e-05,7.83037394285202e-05
412,0.00024838953276286324,1.0443237718177345e-05,8.17333348095417e-05,6.6973389687141616e-06,1.6653424822980767e-05,6.624637171626091e-05,1.186946579493503e-05,5.916380879080976e-06,1.166015863418579e-06,0.00032779382846999383,0.00020290421563797303,2.782372757792473e-05,0.0001423828256013407,6.307072722891091e-05,9.012874215841293e-06,0.00024686802725892854,4.3232316841927514e-05,6.739981472492218e-05
413,0.00022833359164008138,8.36148322549031e-05,8.347723633050919e-05,0.00010203935866920366,1.6384565940243817e-05,1.1078082025051117e-06,5.1821019025784926e-05,1.012655170875071e-05,1.1004507541656494e-05,0.00017700751217324812,0.0001517300786796974,6.138533353805542e-05,3.3450570985575634e-05,0.00010952310894754569,0.00016376469284296036,2.2221524244220303e-05,0.00014030837168931129,0.00036531686782836914
414,0.00022151502610112672,4.087459620598366e-07,0.0002822270616889,0.0003593320605308481,6.558844927764818e-05,0.0003408933989703655,4.6604447062845514e-05,6.540310156704385e-06,2.9247254133224487e-05,0.00032130209850878,8.634268684919871e-05,0.0003351881168782711,0.00047457640490976283,0.00012064219819786157,0.0002538086846470833,0.0005935590024463144,0.00012534458228738768,0.0007110666483640671
415,0.0004032574326911925,1.1668797791707097e-05,2.916809171438217e-05,0.0003779964097231914,4.510940983046621e-05,4.954729229211807e-05,2.288243500347259e-05,2.8222761994517182e-06,3.5278499126434326e-06,0.00022674765992163753,0.00010148690504605332,0.0001416550949215889,0.0002874194755382864,5.475998454095715e-05,0.00016938801854848862,0.00043713615589188737,9.518826979063358e-05,0.00028868578374385834
416,0.00012101176455202312,0.00010241082625266767,4.1367486119270325e-05,0.00011437648345860585,7.373639597172549e-05,6.746780127286911e-05,1.58001077599796e-05,4.92549085849488e-06,3.814697265625e-06,0.0001245928783751779,0.00019250683211463962,8.044159039855003e-05,0.00011087452990167501,0.00015765829655023725,0.00012172665446996689,0.0003642022452183258,7.266556027504941e-05,0.00022680684924125671
417,0.00019044884175582755,5.1444283036099214e-05,1.0790303349494934e-05,7.505234152287155e-05,3.166668095676978e-05,2.661626785993576e-05,2.6592178202054437e-05,1.0073712982878097e-05,4.0531158447265625e-06,0.0002831949446811255,5.592874546853782e-06,8.776085451245308e-05,8.638647960507173e-05,5.529138595549224e-05,4.7233887016773224e-05,0.0003203106568148706,0.00021750812450804595,7.55656510591507e-05
418,0.00028233767649346597,0.0001427877063003881,0.0002176417037844658,0.0001342179430705026,4.820383396799202e-05,0.00012133503332734108,2.5793728588279635e-05,5.0217620296866305e-06,1.4446675777435303e-05,0.0001335707759354543,8.647701872584526e-05,5.7639554142951965e-06,0.00017974684619492115,0.0003275076934685546,0.00013553909957408905,0.0006924286858217554,3.7681594232110913e-06,0.0003148801624774933
419,0.0001930457570985672,5.0419399275438564e-05,7.637590169906616e-05,0.0002899948379055106,1.0030515432534609e-05,5.411775782704353e-05,1.495229366259461e-05,8.31230754363231e-06,2.025812864303589e-05,0.00032514248902915793,0.00033330062625526805,0.0002604629844427109,0.0004443480303889316,6.445619163442107e-05,0.00027954578399658203,0.0002654139223873253,0.0001914516295361485,0.00034465640783309937
420,0.00021581569821597923,0.00013085460946964805,0.00032048299908638,0.00041930118303912245,4.166906105345855e-05,0.0003548921085894108,2.678658431369378e-05,2.3379702630363364e-05,3.649666905403137e-05,0.0007873788068590223,0.00038546359700319596,0.00022297026589512825,0.0007232123609711427,0.00014375864606413005,0.00012426264584064484,0.000864075297996536,0.00035330825174446586,0.0005506724119186401
421,0.00023630503581982543,0.00014581171921911398,0.00011367117986083031,0.0004141894356063103,0.00016190126889694886,0.00032587675377726555,1.9206087373425246e-06,5.725454701804313e-05,7.003545761108398e-07,0.00020197602312292673,0.001203263142228607,2.150190994143486e-05,0.000578954798075737,0.00043381351732800846,0.0002626320347189903,0.0005026707132684549,0.0008278782254369696,5.358271300792694e-05
422,0.0003967559725571168,0.000356271965881165,1.2316741049289703e-06,0.00023841187125092644,7.562686219673986e-06,8.092960342764854e-05,3.791503917586515e-05,2.080911513826952e-05,2.7976930141448975e-06,0.0003071289192107529,0.0003519039302192842,0.0004818965680897236,0.00014346904962718454,0.00011424798336445718,0.00038136355578899384,0.0006450430070062962,0.00031556586706584346,0.0002403855323791504
423,0.0004645034919705249,8.57685909554512e-05,7.295794785022736e-05,0.0004300183965723764,0.00014207439771439165,0.0001897304318845272,2.0088643943576984e-05,5.923833469414076e-05,2.5212764739990234e-05,0.00047164144944179115,0.0002822036908729647,0.00037883780896663666,0.00018856820192102164,6.100820932989151e-05,3.511086106300354e-05,0.0013394082987948641,0.0008200504584254173,0.0004511643201112747
424,0.0005797019450409502,0.0002179967195258016,0.000124386977404356,0.0004385505216726454,0.00021177322321940667,5.2290502935647964e-05,4.8195108134332226e-05,1.6724227416853576e-05,1.7430633306503296e-05,0.000227507948395822,0.0003313212809404331,0.0007465551607310772,7.684541591758409e-05,0.00026888863049362444,0.0005107391625642776,0.0005557470518296193,0.00013956087031961493,0.0006460752338171005
425,0.00020859445284167333,0.0002195175451992562,0.00031128060072660446,0.00014535802486849436,0.00011720428142509079,0.0001883399672806263,2.0681555599580057e-05,1.2437081602611376e-05,8.21426510810852e-06,0.00023495849106445338,0.0002242639448674956,0.0004954054020345211,0.0001581972015131522,2.087201814275283e-05,0.00037027662619948387,0.0004705224552584153,0.00027283746680375055,9.966455399990082e-05
426,0.0003825622139891349,9.429427406268398e-06,2.522161230444908e-05,0.0003199082462337355,2.1912203237533373e-05,6.027473136782646e-05,4.6963190435105745e-06,3.703426789111928e-05,1.2058764696121216e-05,6.30421100594955e-05,0.00048499077636124377,0.00016874540597200394,0.0002872832893272004,0.00015702884107320764,9.41702164709568e-05,3.2087497068788995e-05,0.0005324491174530726,0.00037782639265060425
427,0.00042323101436349264,0.0003641384033179901,0.0004043220542371273,0.00016677093924231945,9.882656746879742e-05,0.00020269164815545082,2.0868568289061917e-05,4.162911995788724e-05,4.585832357406616e-06,0.0003758888065794816,0.0006410753666019307,0.0006662006489932537,0.00014764600047977722,0.0004924221968548755,0.0004074038006365299,0.0007090182513963261,0.0005581911183923621,0.00045414455235004425
428,0.0001368361090043485,0.0002883794357512251,0.0001772688701748848,8.397794798159497e-05,0.00016922342156538636,2.7323607355356216e-05,4.744276713984294e-06,1.4773052841063924e-05,9.08970832824707e-06,0.0001530919904057515,0.0001492587793768263,0.00048824492841959,1.314616672326574e-07,0.0004520643428785366,0.0002408730797469616,0.00012079872585005202,0.00017268975552634782,0.0003298856317996979
429,7.909751340372251e-05,1.644725490581797e-05,2.5914516299962997e-05,6.78915970708377e-05,5.2899371334440976e-05,6.943242624402046e-05,1.4867482582539907e-05,3.0175089129113393e-06,6.284564733505249e-06,7.716295740884532e-05,0.00011346636477743005,0.00022353790700435638,9.820644603983353e-05,0.00017933111140073718,0.00017638178542256355,0.0002494858801610489,7.845741429637313e-05,2.9519200325012207e-05
430,0.0001543252559256525,0.00013411160927588942,4.9495138227939606e-06,8.983978560707373e-05,0.00017812322937892436,0.00015218043699860573,2.7884563361189885e-05,2.555865288480667e-05,3.475695848464966e-06,0.000398490743035447,7.150090273396609e-05,0.00010658008977770805,0.0003972983416535153,0.0003043157772567237,0.00010447343811392784,0.00019733861368007033,0.00034642577624787135,0.00010403059422969818
431,5.885560013242641e-05,1.3913578345240568e-05,0.00018195901066064835,0.00012163903749648486,0.0001601648881667181,3.547687083482742e-05,2.2391291668482846e-05,5.209885119590387e-05,9.220093488693237e-06,0.00014429196981022296,0.00041669788800669655,0.00019880663603544235,0.00015272933029796681,0.00034653689121159903,0.00010320590808987617,0.0002087427126247765,0.0006363837331732109,9.613484144210815e-05
432,0.0002903284781950177,7.396201992186657e-06,0.0002852911129593849,0.0003224523666493506,7.458632398131548e-05,0.0001890254206955433,5.1330111451117905e-06,1.2964485849741454e-05,1.072511076927185e-05,0.00010998389367841005,0.0003934352987845849,0.00024827802553772926,0.0001236359139659901,0.0003099760905999338,0.0001237555406987667,3.0736208854492686e-05,0.00043034884946047667,0.00014174915850162506
433,0.0004389124305767128,5.096360261726621e-05,6.486242637038231e-05,0.00029524346643405863,0.00010936878577734455,6.938306614756584e-05,1.4913823339667356e-05,3.4598533223419625e-05,6.332993507385254e-08,0.00027674152629189597,0.0003271733646539668,0.0001717628911137581,0.0001816935917241594,0.00021968720301343211,1.3526063412427902e-05,0.0008117664516985312,0.000635050101894352,0.0001805610954761505
434,5.1996889397915025e-05,3.096313198401937e-05,4.909420385956764e-05,9.227234154249309e-05,2.2649543920814225e-05,0.00013980502262711525,4.482300355103386e-05,3.7738309866038207e-06,1.1537224054336548e-05,1.1345847553800859e-05,0.00019748213758601432,0.00044260313734412193,0.000168705628264966,8.492002365755383e-05,0.0002940800040960312,0.000101573531785637,1.9751893499400045e-05,0.0005716942250728607
435,6.311446820983502e-05,0.00013717196694826989,0.00014393869787454605,0.00030449024375416023,6.729523756340838e-06,0.00028972327709198,1.3794147217634917e-05,2.544823927059077e-05,1.545622944831848e-05,0.00040592578932365647,0.00046568360295504846,6.061280146241188e-05,0.00048391038787160695,0.0003059688611154812,0.00020786141976714134,0.0004444208128307481,0.00033144236100566215,7.046014070510864e-05
436,0.00016504004519676818,3.240103439339573e-05,8.221669122576714e-05,0.0002223438755560858,0.00013348228310566465,0.00012300442904233932,6.85834007564147e-06,4.301026621582457e-05,1.687556505203247e-06,0.00039322046809011496,0.0004286319835633441,0.0002558538690209389,0.00023502851509197425,0.00041141539615681746,5.5297743529081345e-05,0.0005034798990716793,0.0006106288032278662,0.0001589003950357437
437,0.0005734404229238294,2.9098154670458704e-05,0.0004156208597123623,0.0007532564211137488,5.655140993298183e-05,0.00023004505783319473,2.689999834804349e-05,4.6371638722705145e-05,4.3213367462158203e-07,0.0008529291489445465,0.0001720464341103782,0.0005420735105872154,0.000876145953094265,0.00034129200369599835,0.00032282061874866486,7.214166593971783e-05,0.000594742306907585,0.00048231519758701324
438,6.577610689807722e-05,2.1956842374819263e-05,0.0005641854368150234,0.00030753705117697594,0.00010851161880930452,0.0004954580217599869,0.00010028200471859545,2.1800527051058058e-05,1.9881874322891235e-05,0.00036674502833526634,8.80842384015472e-05,0.0003467104397714138,0.0003143445154929203,0.00018101203904754767,0.0003164461813867092,0.0013372962179579728,0.00014552285381425382,5.50784170627594e-06
439,0.00013120054701819261,6.722739503322098e-05,2.4582259356975555e-05,0.0001148312130432455,4.9628574391957087e-05,0.0001536170020699501,5.582953646607672e-05,3.699618594017883e-05,1.033395528793335e-05,9.280325299452358e-05,0.0003290673232883602,0.00011701835319399834,0.00023916852279685236,3.3053070315636895e-05,7.852492853999138e-05,0.00022534251008990425,0.0004367167213987122,0.00023451261222362518
440,0.00026073070167806356,8.255862039657086e-05,2.142135053873062e-05,0.00023727216635260895,3.3572064112946665e-05,0.0003003152087330818,1.3450883195048266e-05,4.274240563581158e-05,1.1119991540908813e-05,1.2013012788213151e-05,0.00042636881209709085,0.00023828726261854172,0.00010923946736891149,0.0005523086142450555,0.00013086944818496704,1.2817312551816062e-05,0.0005610571802928056,2.4767592549324036e-05
441,0.00013852705995928694,3.334000171128712e-05,0.000114507507532835,0.0003086963586181046,9.154569621475789e-05,6.573274731636047e-06,1.9238493146707045e-05,4.7691537295257535e-06,1.7803162336349487e-05,0.00043543612211485033,7.235754754893534e-05,3.77981923520565e-05,0.0005434964079350513,0.00029706084310718653,0.00015984289348125458,0.000538224518063346,4.465862544070199e-05,0.0003125835210084915
442,0.0004006087226667149,3.834686553802133e-05,8.133333176374435e-05,0.0001455869835196577,0.00012939278158797737,0.0001514442265033722,3.087966955236596e-05,1.0389349476035213e-07,3.460794687271118e-06,0.000679697901644162,0.0002575180297393759,0.00012035202234983444,0.0005344449472323848,0.00022883612432564315,2.80807726085186e-05,0.000778021814686003,5.844040299717349e-05,0.00010167807340621948
443,6.239630558675657e-05,3.5404017645981195e-05,5.2162446081638336e-05,5.438078268488189e-05,1.335307892971413e-05,5.706958472728729e-05,1.8207838012271674e-05,6.345862161440677e-06,3.8780272006988525e-06,2.909631087690684e-05,9.072055889677508e-05,0.00012789946049451828,6.67434034139977e-05,6.723810925751347e-05,2.032145857810974e-05,4.485406857759888e-05,0.00011335757857215125,0.00012647919356822968
444,4.549486330385211e-05,2.2739493843668135e-06,6.485963240265846e-05,9.06942081573131e-05,0.0001932502919851746,0.00014103204011917114,1.848273893506787e-05,2.4116917063182145e-07,1.528114080429077e-05,1.8543431046201542e-05,0.00013594570899465655,0.00012220954522490501,9.88618353911716e-05,6.701155220553354e-05,4.660850390791893e-05,0.0003061754266096145,1.748225281069716e-05,0.00017540901899337769
445,0.00022655142829135222,2.1657425103949884e-05,0.00017989333719015121,0.0004382642559438571,0.0001112306662625559,0.00017592590302228928,2.220978994740483e-05,5.643975354371704e-06,3.7439167499542236e-06,0.0005657636911561154,0.0001927162053751881,6.278790533542633e-05,0.0005611527633776342,6.362704957106613e-05,3.2380688935518265e-05,0.0002160507544116258,0.00011775517203807084,3.5278499126434326e-05
446,0.0012717101486467708,9.260329505176787e-05,1.2275297194719315e-05,0.0006686827851491994,1.546409679070368e-05,0.00010969582945108414,7.130873482819045e-05,4.2323171265997025e-05,2.8353184461593628e-05,0.00046418330579502814,0.0016386653114951188,0.00034460192546248436,0.00027838241200074665,0.0005500244271102982,0.0005376734770834446,0.00161227216014935,0.0007922541872516205,0.00015699490904808044
447,0.0001810901774149387,0.0004145023191089413,9.73711721599102e-05,8.847877574925944e-05,2.8519709927402742e-05,7.084663957357407e-05,3.445282552706937e-05,3.801525873631538e-05,3.057345747947693e-05,0.0011203288155008512,0.0014881143578383133,0.0002651144750416279,0.0014610671858951707,0.000461468213473943,9.693251922726631e-05,0.0019064997922075416,0.0005325753349806077,0.0012716315686702728
448,0.0004402202758419099,5.6123456655465115e-05,0.00034587737172842026,0.0001942093758084268,6.589331654542965e-05,0.00021997839212417603,1.2077383312958725e-05,5.1746895383833214e-05,5.055218935012817e-06,0.00037416117928444625,0.00022452945207882685,9.986292570829391e-05,0.0003643546151064492,0.0004515336627269363,0.00022484315559267998,0.00044718474195770685,0.0008075138885225007,0.00013844482600688934
449,0.00157281286365335,0.0002409742498147363,0.0022676149383187294,0.0008520272670362872,0.00010393620689215857,0.001963919959962368,0.000198471986954267,5.888012769057397e-05,1.2505799531936646e-05,0.0017610540613411038,3.0874654314946154e-05,0.0014407709240913391,0.0021184819132611665,5.350701193693533e-05,0.0011181766167283058,0.0011692760335520885,0.0007893683814360192,0.001368653029203415
450,0.001837082253257058,0.0007220978963657261,0.0006316574290394783,0.0020424685717778668,0.0005421923023948907,0.0004164930433034897,5.105317864576714e-06,3.132659598989137e-05,8.260458707809448e-05,0.0011464362802572348,5.721088872127911e-05,0.0005024373531341553,0.0009602941898373338,0.0008166842824686195,0.0008109523914754391,0.0015125558746075657,0.0006119209417038019,0.001840200275182724
451,0.002687279533470033,0.000368097880302027,0.0016586408019065857,0.0032979671724296528,0.00042293477631492535,0.0014418866485357285,0.00012960450096596854,1.9651612577664164e-05,4.646182060241699e-05,0.002465028102975282,0.00013793413286760162,0.0003999643959105015,0.002553162313743841,0.0004499805348970147,0.00010057725012302399,0.001729235064109394,0.0005148570883066182,0.0005409941077232361
452,0.0017660708198798392,0.00014276562901677572,0.0014202347956597805,0.0012914653687822047,0.00021285528208016963,0.0011406191624701023,5.088212188068472e-05,4.727971176809797e-05,0.0002058185636997223,0.000965845920136571,0.00044579760100993404,0.0023323227651417255,0.0013313670215587409,0.0006169897455025782,0.0026478059589862823,0.0012086755037391261,0.000668204204458183,0.004233904182910919
453,2.3449851777171404e-05,2.2415722625700185e-05,2.206629142165184e-05,0.00015853888623466872,0.00025355946566715803,0.00038863159716129303,5.7289253503853624e-05,5.217614508576244e-05,1.1175870895385742e-05,0.0009518925363699027,0.0002972795433009469,0.0002874636556953192,0.0002671373810448213,0.00046229498701159943,0.00014909380115568638,9.537511235413465e-05,0.0006552420995835431,0.00046263448894023895
454,0.0001809488463663106,8.22517253300098e-05,0.0006091506220400333,0.0003284833872740367,6.22787750882356e-05,0.0007936987094581127,6.598772561813154e-05,8.317204669656793e-05,8.530914783477783e-05,0.001378752716835338,0.0014528451950167158,0.0007195533253252506,0.001164368552219533,0.001447486988660783,0.0004815133288502693,0.001461588864327193,0.00134738285301766,0.0009034760296344757
455,6.627674382551907e-05,0.00011321117504077202,0.0004915115423500538,0.0001958180654821895,3.216656344291052e-05,0.00024437159299850464,2.6969132977143137e-05,3.050202925936529e-05,1.0240823030471802e-05,0.0004125361175395803,0.0007962395804969116,6.043631583452225e-05,0.0008491893504089798,0.00022960898672190477,0.00026781950145959854,0.00040758226511644624,0.00021557632503887503,0.00029454752802848816
456,0.0007114210739947446,0.00013113299568056486,0.0005654962733387947,0.0007830231786913749,6.953141055403983e-06,0.00048585375770926476,1.817396156627779e-06,2.935089743402394e-05,0.00011231377720832825,0.00017129548034953979,0.001342323340423602,0.0015699965879321098,0.00039312677490160874,0.00022773171329780809,0.0015719302464276552,0.002426851092781207,0.00044222379319036717,0.0028819777071475983
457,0.0008862965930988426,0.00028149185367969815,0.0005103154107928276,0.0008721592663536587,8.688029604402708e-05,0.0006411229260265827,2.3789796848522685e-05,3.7200082475991866e-05,8.88332724571228e-05,0.0006798354363570097,0.0010805386856705956,0.0002607733476907015,0.00013884130438260311,0.00052581286808372,7.540872320532799e-05,0.002473473893221556,0.0007428341544429657,0.0012370459735393524
458,0.00019015095700040952,0.00033186514025589087,0.0006146915256977081,0.00031657034033755194,4.334972870986137e-05,0.0006465660408139229,6.743421009803782e-05,1.6837916410527936e-05,0.00011016055941581726,0.0007533086634551739,0.0013693538322515388,0.0004237114917486906,8.917951265915991e-05,0.0006542628991197015,0.0003596534952521324,0.0023972956218291375,0.0004045523691215173,0.0015015657991170883
459,6.539152284783245e-05,0.00036984050455646234,0.0014537121169269085,0.0003272246725040395,0.00010803864378531453,0.001565033569931984,0.00013272952259806362,4.830715587476173e-05,1.6320496797561646e-05,0.0017688289929683881,0.0018537367136953614,0.00034305639564991,1.1472777652482558e-05,0.0005076727675643045,0.0006787555757910013,0.00034707165755665237,0.0010303460713758014,0.0018762312829494476
460,0.00012705152115494167,8.92813809672717e-05,0.0006293817423284054,0.00026197349329885877,1.852300976351584e-05,0.0008617243729531765,0.00015879219793643248,4.085741169164024e-05,5.459412932395935e-05,0.00018514032966140959,0.0009269467199511522,0.000525203999131918,0.0011982948035014207,0.0008047277084369774,1.4387303963303566e-05,0.00036795866851135894,0.0008581312181498669,0.0017700577154755592
461,0.0005734513077096243,0.0001281522057557452,0.00031981244683265686,0.00013310753822087795,0.00022867882180606022,0.00023317616432905197,8.652148298909056e-05,5.076442519592249e-05,1.1831521987915039e-05,0.0002916559399032542,0.00017024393881203206,0.0002532675862312317,0.0002358974659151386,0.000902543960558104,0.00015354645438492298,0.000255937223331254,0.0007488731868633574,0.00024296622723340988
462,0.0003850281203494066,0.0001616137736331763,5.337689071893692e-05,0.0003562596437327731,0.00022470673009749448,6.591994315385818e-05,5.830336196393712e-05,5.217095925693446e-05,4.158541560173035e-05,0.0008106252262208846,0.0006817560936776858,0.0009047538042068481,0.0005142680512924824,0.0005937183549656541,0.0005791457369923592,0.00036924068052099357,0.0010214184192412004,0.0020668543875217438
463,0.0004529689942928683,8.749722487579048e-06,0.0005534328520298004,0.0007059094156127432,0.00010984410489018465,0.0007141437381505966,6.213992335531854e-05,8.311809478744893e-05,6.055459380149841e-05,0.0006660677318648112,0.0003858441508560184,0.00021282839588820934,0.00040349561758112884,0.000913059609389047,8.258363232016563e-05,0.0023732164587816906,0.0012817721907887347,0.00012388452887535095
464,0.0004099571380484085,0.0004140502560656435,0.0008507668972015381,0.00023386132748692834,0.00024843020188509285,0.0011406484991312027,8.264945362840455e-05,8.584535165013493e-05,6.145983934402466e-05,0.00032218608473283394,0.0015850211840524424,0.0005717109888792038,0.00029524502426342414,0.00031031188900102966,0.0001114050392061472,0.001332078690206323,0.001349981007843148,0.0011357180774211884
465,0.0006689607834191036,0.0003407482813108202,0.00045572733506560326,9.474534336373353e-05,0.0001752082223673325,0.0008032801561057568,0.00013151199253361515,6.639341374026371e-05,2.8077512979507446e-05,0.0007602465677503945,0.001277131757054139,0.0005093468353152275,1.8082920716075424e-05,0.00013429388402513148,4.694657400250435e-05,0.00013273068012142897,0.0008332606487931105,0.0012586135417222977
466,0.00046902529265868687,9.563795423586305e-05,0.0006009927019476891,0.00026126479462305896,0.00031196698580086835,0.0006064223125576973,6.386736367306432e-05,1.1503938999170738e-05,4.717707633972168e-05,0.0006094505227271091,0.0012864726580198368,2.180086448788643e-05,0.0009155130574753506,0.0003689353533357885,0.00012993952259421349,0.0007147341632011972,0.00045204765436008057,0.000585334375500679
467,0.0002587829868965774,8.7435081086773e-05,0.0003724265843629837,7.132343390658935e-05,0.00012354670646446547,0.0005485438741743565,9.621775897321674e-05,8.231459905855542e-05,4.526227712631226e-06,0.0005846558345487252,0.0007496532892935955,0.0004947329871356487,0.0003795901826908199,0.0009341727713659612,0.00014261901378631592,0.00043141766437912454,0.0014055739974307663,0.0013535777106881142
468,3.475193271706978e-05,4.654236828834438e-05,0.0002801348455250263,0.00035582754046860343,2.069806000995489e-05,0.00027174968272447586,4.7278317413456186e-05,4.128862820649743e-05,1.2420117855072021e-05,2.3592443238018568e-05,0.00018062827003253665,0.0002409154549241066,0.00014398541010482435,0.0005771334697806038,0.00019569089636206627,0.001020176541586204,0.0007405319342083001,0.0007992954924702644
469,0.0007730987561057334,3.086491237112507e-05,0.000537562184035778,0.0011023365357665377,0.00019055803357775902,0.0009751650504767895,5.538124563369412e-06,8.169396170784835e-05,0.00010243058204650879,0.0005254678731848594,0.0002455369916928747,0.00041414680890738964,0.0018299109634262317,0.0015773223953165737,0.0002225828357040882,0.0006249090175311778,0.0011814749455720795,0.0005950639024376869
470,0.000475014943206592,8.005719027251099e-05,9.891577064990997e-06,0.000238859146346998,0.0001620446393919145,0.0004098224453628063,1.3886315012381911e-06,8.108806513482963e-05,2.380460500717163e-06,0.000561196515212678,0.0014570627433138812,0.0007465237285941839,0.0012791170644945726,0.0006244256426890943,0.00014999695122241974,0.002404441767414056,0.0014358118811370253,0.0024155592545866966
471,0.0003643931586226473,7.980254310998441e-05,0.00038035493344068527,0.0008968508564107108,0.00030198798951784275,0.0005598287098109722,0.00010220283822033084,6.739566180402165e-05,5.241855978965759e-05,0.0010053830583615503,0.0008111124134977006,0.0013298564590513706,0.0003108813997974025,0.0010581476062678993,0.0011312374845147133,0.0023552874414841385,0.0008217992253061843,0.0019428841769695282
472,0.0007973405473524903,8.866831128324926e-05,0.0005451724864542484,0.0009602191417400902,0.00039073348945542485,0.0004195980727672577,0.00012536499232254986,4.147996963631594e-05,4.60110604763031e-05,0.0002047560098693002,0.0005659418753755918,0.0004447503015398979,0.00046965086450906357,0.0008853310811593601,0.000668481457978487,0.0002147309117127294,0.00041881017428176343,0.0005249548703432083
473,0.0012742231453984898,5.147479386617693e-06,0.00014726724475622177,0.0012381560340942455,0.00018479072920989104,8.922489359974861e-05,0.00018413036786003693,2.235192519260752e-05,4.4737011194229126e-05,0.003143309385928744,0.0026503881920496852,0.0006921784952282906,0.00290544214131596,0.0008509702285391559,0.001045149751007557,0.00010977169714421198,0.0004244189908183037,0.0011218264698982239
474,0.0003769601595142724,0.0002149466924698147,0.00019405269995331764,0.0009412194439407384,0.00024366466633568215,0.0003082985058426857,9.952357063416906e-05,7.960756260858209e-05,1.8849968910217285e-06,0.0007992455086917108,0.0015106337055248338,4.019588232040405e-06,0.0007692249088864789,0.0009863939927276522,0.0002253674902021885,0.001697024372020045,0.001294682925421987,0.0009705927222967148
475,0.0004369432616603969,3.0326949274590148e-05,8.45734030008316e-06,0.0005624716114361189,7.146033194925516e-05,0.0002583656460046768,8.344473071442496e-05,1.2928671056321536e-05,1.924857497215271e-05,0.0011247424439307999,0.0007268414310679476,4.303641617298126e-06,0.001327849929426285,1.5673049171858328e-05,0.00027255015447735786,0.0006087139617218795,9.970261950670691e-05,0.000637885183095932
476,0.0006494048435772143,6.965855100236548e-05,0.0005669421516358852,0.0006020518566910577,5.2728524925750586e-05,0.00047395890578627586,4.059372678098458e-05,2.2386765238287585e-05,4.376843571662903e-05,0.0008746401225428399,0.00046027673296839336,2.3686792701482773e-05,0.0005123414910313193,0.00021766703847172358,0.00011413032189011574,0.0013013619807968058,0.00039315503377325813,3.589130938053131e-05
477,0.0003688987441928526,5.2221935774005024e-05,0.0005422933027148247,0.0001057546755970501,8.492809405950819e-05,0.0003772745840251446,2.876739810285696e-05,5.398820606395129e-05,3.150850534439087e-05,0.00029191620356662507,0.00015970279010120436,7.547391578555107e-05,0.0002139566736358428,0.0007568316196095055,0.00015465356409549713,0.0019286511121106853,0.0008567243754366736,5.9407204389572144e-05
478,3.2528998909986395e-05,5.413223322522573e-05,0.00016548577696084976,0.0008807830579051629,0.00019777475140165743,0.000548419076949358,4.78577480708918e-05,3.9124892166719896e-05,9.579956531524658e-05,0.0023023243524419937,0.0009183787545882331,9.994767606258392e-05,0.0017613631904511706,0.0004181136383691643,0.00038329558447003365,0.002634750378549683,0.0006379612429395893,8.890777826309204e-05
479,0.0014016420283307074,0.00013681942488126889,0.00033378321677446365,0.001681399256208485,1.4283887250061966e-05,0.0006910297088325024,5.934465754969115e-05,7.941998439711805e-05,9.734556078910828e-05,0.0034278987196494637,0.0004006338811243307,0.0005384585820138454,0.002427404186363495,0.001730396509831627,0.0010630921460688114,0.0037275762298097093,0.0011904519643002537,0.001767583191394806
480,0.0007122626305729601,6.292619744642514e-06,0.00016531534492969513,0.0001628349525772399,0.00023582252298600878,0.00023964885622262955,9.115772954559724e-05,2.925035974406988e-05,3.022700548171997e-05,0.000398500366910276,0.00015649652438535014,5.920557305216789e-05,0.00014955812375875427,0.00028319436525786265,6.504589691758156e-05,0.0021750185426237523,0.00043152981121963893,0.00027430616319179535
481,0.001428261100885786,8.592382868980938e-05,0.00044043688103556633,0.0015032207174746348,1.9686021112168967e-05,0.0007292353548109531,6.53156050814778e-05,0.00011425177497586595,9.382516145706177e-05,0.003508510561448637,0.0009598809502601967,0.00030369218438863754,0.0019726402249847508,0.0021846120289190744,0.00013525690883398056,0.003235546882318252,0.0016953032841070376,6.261281669139862e-05
482,0.0004188204458495104,0.00018620206232075956,6.566289812326431e-06,0.00012144301682545655,0.00021663009198932826,3.8648489862680435e-05,4.4497680398599554e-05,0.00012433263196362325,1.5683472156524658e-06,4.447758948054881e-05,0.002538870122161488,0.0005444404669106007,0.0001107245137758478,0.0012623024710437455,0.0003912579268217087,0.0006145332235917567,0.001809699620470896,0.0011823177337646484
483,0.0009199970185381628,0.00014903309928882696,0.00082056550309062,0.0010091220947774648,1.8354937488529455e-06,0.0005824640393257141,5.352131197024733e-05,6.575510417046725e-05,5.0362199544906616e-05,0.000776679461080218,0.00050487830487057,0.0002636578865349293,0.0015603814174066782,0.001956277953478889,0.0005720457993447781,0.0017581979053043761,0.0007118321909787321,0.001440148800611496
484,0.0004819588400081509,9.160785626445567e-05,0.0004657842218875885,7.835622776952711e-05,2.6817357622610505e-05,0.0009591779671609402,0.00010836272012305741,0.00014652012764954772,0.00011335685849189758,0.00026439376077559695,0.002050955632206263,0.0007977010682225227,0.00028162643199348275,0.0021380745711687063,3.5774894058704376e-05,0.001781310800333169,0.002172184056581053,0.0017148684710264206
485,0.0008119479707491134,9.505999206943158e-05,0.0005181701853871346,0.0008056960926056816,0.00019078822792097105,0.0004698531702160835,1.1961583353922028e-05,1.541209586109209e-05,6.812810897827148e-05,0.0013027827907982764,0.0015054917846536418,0.00020041689276695251,0.0013058461760378365,0.0008202849949614545,0.00010388577356934547,0.00275106966336619,0.00017411579279936508,0.0004045329988002777
486,0.0006871569465356359,7.104878717684171e-05,0.00036881864070892334,0.0009038206450472791,7.038593037082819e-05,0.00038013607263565063,2.215245401490651e-06,3.52658352820389e-05,4.023313522338867e-07,0.0011570053000100888,0.0011273892663955058,0.0005628424696624279,0.0006491156603478446,4.538129687522985e-06,0.0005803718231618404,0.0008859056020747436,0.0006601851280982095,0.0009098704904317856
487,0.00022207646529802394,0.00014285942174227864,3.1431205570697784e-05,0.0002913178820902612,7.013394679244306e-06,0.00010376796126365662,2.694129748357331e-05,4.357625005567848e-06,2.0422041416168213e-05,0.0004930974398433124,0.0003629927208431312,0.0004763798788189888,0.0002961106534156155,2.6838202560507812e-05,0.0004619141109287739,0.00017540249479258696,0.00016174013908984116,0.0006121229380369186
488,0.000741290242404602,2.924433053846931e-05,0.00034960638731718063,0.0002884564738722395,0.00015434528617193008,0.00034120120108127594,0.00016135764094601414,2.012025921131546e-05,8.23289155960083e-06,0.00023283636005776848,0.00045517254043223737,0.0002328534610569477,0.00035545391202048554,0.0001696250848678138,0.00023623276501893997,0.001122114290678683,0.0004457921250923621,0.0008573774248361588
489,0.00045017148245272975,1.2786985907477927e-05,0.00032533612102270126,0.001131779208359024,1.7389741211806808e-06,0.000439200084656477,4.218109622740156e-05,6.0244611475969374e-05,1.9334256649017334e-05,0.0008385755944271822,0.00036190512418366946,0.00028916075825691223,0.0013392302610142764,0.0009366458958551989,6.864313036203384e-05,0.0002958817044413087,0.0009602296799494886,0.0007243212312459946
490,0.00012718198665551128,0.00038644159526068575,0.0002881539985537529,0.00022869435998607024,1.582204534217313e-05,0.000541620422154665,9.480350248718822e-05,2.716334004581526e-06,8.605420589447021e-06,0.0011318597274425704,2.5835079007947848e-06,0.00011249817907810211,0.000766370748182206,0.0002080380002092569,0.000495710875838995,0.0011353049605883903,0.00017260073176037774,0.0007395073771476746
491,7.504328814486594e-05,7.068824681370073e-05,0.00011129584163427353,0.00021296887013830257,8.20648050802765e-05,0.00013207131996750832,4.3847661039321875e-05,1.490679535347367e-05,1.0862946510314941e-05,0.0005301828520387561,0.00024562311614808804,5.266163498163223e-05,0.00013185260786319902,0.00019464186174722106,0.00035428861156105995,0.00013803213680485538,0.00020788325279001794,0.00010794401168823242
492,1.9524539495316406e-05,0.00023350088237352254,5.32735139131546e-05,0.0004168088738165515,0.0001464752930164792,0.0002705673687160015,2.7881526234516466e-05,5.820486357684679e-05,3.948807716369629e-07,0.0005461156595130134,0.0006039391413068494,0.0003412822261452675,4.268237662093111e-06,0.000680844309578859,4.501268267631531e-05,0.0007354292215790148,0.0006610759671245837,0.0002915039658546448
493,0.0005866157281777667,0.00017622650612150043,0.0003548581153154373,0.00021541352605450315,0.00028077835685266783,0.0002767029218375683,1.0205354752121018e-05,1.4909503526352411e-05,1.0792165994644165e-05,1.3005418705094862e-05,0.00043825739695564636,8.847564458847046e-06,0.00019231107150215893,0.00029586870070073823,0.0001027924008667469,5.1443999189298983e-05,0.0003604243441371242,5.58607280254364e-05
494,0.00034223863524672493,8.892389330657918e-06,1.948978751897812e-05,1.5701717420713024e-07,0.00019138634000543525,4.733167588710785e-05,3.954968659808031e-05,4.89399188968544e-06,1.0345131158828735e-05,0.0005269462189711471,0.00025594231187716157,0.000304375309497118,0.00024017613910090607,0.0002326824757579657,0.00026420969516038895,0.0005985211487250508,9.831387351089669e-05,8.230656385421753e-05
495,0.0005636561718051769,0.00017276320418587593,0.00024705659598112106,0.00040462182970643634,4.7233487516055994e-05,0.0001980266533792019,2.47037232455425e-05,3.076681212496515e-05,3.592297434806824e-05,0.00016669690337739462,0.00019083088121001415,0.00031271204352378845,0.00028518974846327566,4.738167440945448e-05,0.00034191785380244255,0.00020587514143774466,0.00048696939340258836,0.0006710905581712723
496,0.0004896003713925484,6.037797853350804e-05,0.00023606885224580765,0.0002931009790731881,9.967968422223972e-05,0.0001215171068906784,7.5394370409806455e-06,4.640938686585841e-05,1.0952353477478027e-05,0.0008312458408005416,0.0004159945729077033,7.090438157320023e-05,0.0001342188865715438,0.000355051418041763,0.0002312641590833664,0.000565826434479888,0.0008447830306698195,0.00039448589086532593
497,0.0009586991003446427,0.00016570912616762148,0.0005356632173061371,0.0005671437565627768,0.00016504207585923275,0.0003889622166752815,1.7743168419541086e-05,5.280498529532243e-05,6.606802344322205e-05,0.0002772004747455606,0.0002635267701681064,0.0007947385311126709,0.00046632006003382437,0.0004298272257924965,0.0009821085259318352,8.019943158213416e-05,0.0009396046109567745,0.0011264905333518982
498,0.0008450943376683839,4.606513880631505e-05,0.0002172747626900673,0.0006218094186194179,2.5192094240514967e-05,0.00025647319853305817,4.84015929970872e-05,3.8386253288434085e-05,4.81531023979187e-05,0.0002451716378260235,0.0002741862729574336,0.0006167874671518803,0.00014349532957671357,0.00027928117772556965,0.0005904324352741241,0.0002371819814599163,0.000629619032595575,0.000634482130408287
499,0.0010448456442749554,9.338645997351153e-05,0.0002704448997974396,0.0007493532444748929,5.9786166428443116e-05,3.4392811357975006e-05,7.349579559619984e-05,5.874325038847618e-05,3.56920063495636e-05,0.0006991315345698038,0.0008132241058671288,0.00047630351036787033,0.00027909583073317673,0.0002449852541064751,0.0008003609254956245,0.00011673590509633791,0.0009867537951438634,0.00024172291159629822
500,0.001986305989151338,9.687130927470491e-05,0.00037308037281036377,0.0009371441159451849,0.00041236475656360183,0.00034285709261894226,0.00013616349341418095,1.5378343011012905e-06,3.005191683769226e-05,0.0005290458506249096,0.000614409507077019,0.0007194033823907375,0.00036221152050044253,0.00025895614791439023,0.0006951205432415009,0.00034994123011385103,4.242807615288365e-05,0.00035827048122882843
501,8.645812255417273e-05,0.00015751102951002197,0.00044897105544805527,0.0005983775677941144,0.00010698383031319467,0.0005170321092009544,8.12871299005688e-05,1.0183464576597387e-05,3.6135315895080566e-07,0.00022280897945974043,0.00027799122709719,0.0004139738157391548,0.0010578080594999886,0.0003504419110912822,0.0005523492582142353,0.001099603036017513,0.0002809233136758615,3.059953451156616e-05
502,0.0007649216660271102,6.637343038115237e-05,3.0316412448883057e-05,0.00035562950271328386,0.00014486523401425686,0.00010337866842746735,3.481961037418019e-05,7.9842785059157e-06,1.539662480354309e-05,0.00021016923487719719,0.00044810989603297907,0.00028158724308013916,0.0002741239012309313,0.0004587094257983669,0.0004446818493306637,0.0008165778415655245,0.00016348640946727304,0.0004648696631193161
503,0.00036251105445894716,1.5967292846311848e-05,0.00013581570237874985,0.00043069871661666204,0.0001177808016879292,8.471403270959854e-05,5.663945778560872e-06,1.7492406847909286e-05,9.04873013496399e-06,0.0004540042420348167,0.00010118976392018905,0.0001692851074039936,0.00039556877292878934,0.00029034145260892555,0.00024034036323428154,0.0001764313304108145,8.49044540337891e-05,0.00017138011753559113
504,0.00030653856250408007,2.223503568352797e-06,0.0002868054434657097,6.90290286792794e-05,9.067280670234726e-05,0.00024523911997675896,4.836997380369516e-05,2.031363733538631e-05,2.361088991165161e-05,0.0005789825037551752,0.00010859494001764017,1.7345882952213287e-05,0.00045973055780430816,0.0004625432906664381,8.905911818146706e-05,0.001002469241976195,0.00028675910011027286,0.00043235719203948975
505,0.00046898523150760985,4.631940405611795e-05,9.265728294849396e-06,0.00040798121861729264,7.370311439772528e-05,0.00013087643310427666,1.4291670459789726e-05,5.332009507695264e-05,1.2315809726715088e-05,0.00037508760036630145,0.0005062966040168884,0.0002050492912530899,0.0004241386172648201,0.0003636741364869342,3.7307851016521454e-05,0.00025537002243095075,0.0008107783831857766,0.000399099662899971
506,9.617757802574123e-06,0.00013241485805063485,0.00017110351473093033,0.0003838350480496605,5.421746361808366e-05,2.6934780180454254e-05,8.644435752557661e-06,3.5495235636880015e-05,5.759298801422119e-06,0.0003092980670709594,0.0005220254559573055,6.309337913990021e-05,0.0005081351094577899,0.000579525385742883,8.694780990481377e-05,1.1263961376267728e-05,0.000453427679277741,6.839260458946228e-05
507,0.0017463220091699094,0.0005214952311816332,0.00015990715473890305,0.0011441174996977693,0.00031554320000340766,3.07522714138031e-06,9.330220033342343e-06,4.216142852173739e-05,1.9378960132598877e-05,0.0003858687181071477,0.0009216716171831577,0.0003971797414124012,0.00027838029994715907,0.000568545826790081,0.0006280979141592979,0.00031621975043896744,0.000643586146021246,0.0003704763948917389
508,0.00011131341345387014,6.559434012983617e-05,0.000199795700609684,2.4031585367678687e-05,0.000132176971214093,4.184618592262268e-05,1.735237851246095e-05,4.963808193000395e-05,3.4924596548080444e-05,0.00012163067503555974,0.0007332149506338731,0.0004427935928106308,0.0003138740500044923,0.0004908552616377203,0.0007616858929395676,0.0007986648660209539,0.0006995658155314147,0.0008807610720396042
509,0.0004039337009746208,1.5815293788908752e-05,0.0002391049638390541,0.0004272444353796978,0.00021264920827213443,0.00019109249114990234,2.0264586413076824e-06,5.431548077294775e-05,2.7690082788467407e-05,0.0005805916907897016,0.0005012025045061062,0.00044624088332057,0.0004873638241940717,0.0005536338232333439,0.0005150586366653442,0.0002295731712053939,0.0008386279086635951,0.000451086089015007
510,0.0007360126054224564,0.00017058769913204722,0.00025429483503103256,0.0006401806505556829,7.673158766370244e-05,0.00023720134049654007,5.226707422303564e-06,3.437620628319438e-05,2.220645546913147e-05,0.0006523541925179191,0.0006948836997190747,0.00022285431623458862,0.0006636274662492128,0.00029927835067079106,0.0002417401410639286,0.000697534598438021,0.00041089238531418545,8.635967969894409e-05
511,0.0005402696357470066,0.00011679678879924701,0.0004888549447059631,0.0004063917961699276,0.0001462104744630044,0.00039861444383859634,1.2764053798268102e-05,2.8219938054260973e-05,1.780688762664795e-05,0.00048479235413415034,0.0005592034542568972,3.533903509378433e-05,0.00028442287619278445,0.0007098239371848974,6.257416680455208e-05,0.0012999371995470466,0.0002722982032019913,4.143267869949341e-05
512,0.0003316858560341168,5.547979305305442e-05,1.6643665730953217e-05,0.00022104018846989815,2.6278586114907715e-05,2.5293324142694473e-05,1.9668597966789395e-05,1.4641107475682282e-05,2.017989754676819e-05,8.074916979227548e-05,0.0003186914455610042,0.0002628033980727196,0.0003862050185166055,0.0006464406543635198,0.00022579263895750046,0.00032073016402897614,0.00021192157893990264,0.0004673078656196594
513,0.00013261321011753813,8.399806517067968e-05,0.0001622503623366356,0.0002265221201226547,8.06227975868809e-06,0.0002026068978011608,2.2720282686270604e-05,5.037743978474583e-06,1.9673258066177368e-05,0.00024015681611213452,0.0001533369538484243,4.440033808350563e-05,0.00021003969890708019,7.94773418610617e-05,7.26114958524704e-05,0.0006359185593699523,5.357999140767817e-05,0.00017672032117843628
514,0.00011115073492984351,0.00011604130694119197,0.000331636518239975,0.0003297526400753703,6.762730787691212e-06,0.00025333743542432785,3.3357944373719334e-06,3.277696049186653e-05,1.3764947652816772e-05,0.0005864924508154692,0.00016638406144341145,0.00019524525851011276,0.00013719120451920197,0.0003266524970428446,0.0003138710744678974,0.00024077477106096423,0.0005829923922861049,0.0002199355512857437
515,0.00021803784338553234,3.7578644703707004e-05,0.00017279945313930511,0.0005925943792646077,6.0483818365528186e-05,0.00021228939294815063,7.459480691819273e-05,2.3586526332905347e-05,1.851096749305725e-05,0.0005788099039758174,0.0001766221519784346,0.00045971106737852097,8.593374063931708e-05,0.0006437409031407951,0.0004375409334897995,0.000922314499183563,0.0004902039647061885,0.0001567509025335312
516,0.00029062162615625664,8.427756263856487e-05,8.791685104370117e-07,0.0003742167581486239,0.00020374078272590232,0.0002650860697031021,2.7777759839196434e-05,4.0028127817205825e-05,8.367002010345459e-06,9.169997909418137e-06,4.1441704592908024e-05,0.00014999834820628166,0.00017097382468724692,0.0005073614135618527,0.000469778198748827,0.0005370816971834447,0.0008501921012645059,0.00019437074661254883
517,0.0004057003780189722,0.0001394164270940093,0.00010094046592712402,0.0007655692220079752,4.167576756759772e-06,5.489727482199669e-05,5.4579681434605704e-05,3.526044779204052e-05,1.220405101776123e-05,0.00024583590593978827,0.0001703885620806117,0.00020630937069654465,0.0002932411675651489,0.000539545451287704,0.00042438553646206856,0.000965665400150445,0.000653241906922334,0.00030774064362049103
518,0.0004084841399913247,0.0002040436418846471,0.00013053324073553085,0.00014394856391901356,4.542360932772993e-07,0.00013562431558966637,3.6781072935573866e-05,1.093451074384789e-05,7.268041372299194e-06,0.0005464450364717419,2.7024419490203483e-05,2.126907929778099e-05,0.00013001442066706836,0.0006544960995735483,2.7096830308437347e-05,0.0003393736279952708,0.00019189618171255168,0.00017645582556724548
519,0.00026901088196798484,7.168033843544044e-05,1.3496726751327515e-05,0.0002925654520292281,3.0995764380207375e-05,8.805189281702042e-06,3.218036092495803e-05,2.6230952915313468e-05,1.6886740922927856e-05,0.00011403790353321785,0.00011012240195980641,0.0003143567591905594,0.0002049410846854255,0.0007384081881718872,0.0002771178260445595,8.437795073718002e-05,0.00041950626513162373,0.00023626163601875305
520,0.0005326779939590354,2.8203664255210814e-05,0.00016808230429887772,0.0007945056535067774,9.264191192741994e-05,0.00024697789922356606,1.2717582075860365e-05,1.754903995565435e-05,1.8637627363204956e-05,0.00011740021236145148,7.91543996537733e-06,0.00017014332115650177,0.00024638215496701477,0.0007034547183719896,7.220357656478882e-05,5.6021491832758397e-05,0.0002845632970485475,0.0002848263829946518
521,0.0001549867376258729,9.728748052391378e-05,0.00015834439545869827,0.00032877555515246903,4.065362576111814e-05,7.903855293989182e-05,4.273287493971635e-05,1.20179505384629e-05,1.9434839487075806e-05,0.0001428970054336634,0.0002570612601321444,0.00039966264739632607,0.00010659070655382602,0.0006882716824439111,0.0004664044827222824,0.00014894954243754865,2.4988441721898952e-05,0.0001320336014032364
522,8.270471866789197e-05,7.02335086920948e-05,9.815115481615067e-05,0.0001276416551734133,5.441274104222432e-05,9.899074211716652e-05,3.340033855252396e-05,4.259690048124133e-05,8.367002010345459e-06,9.172477265239481e-05,0.0006779457928964734,0.00014549307525157928,5.872629308659866e-05,0.0006594979157491382,0.00011504208669066429,0.0008770377099827364,0.0006306711872461096,0.00019822269678115845
523,1.4898025029866369e-05,5.777705377167999e-05,0.00042680883780121803,0.00021094023000529927,7.214903623084176e-05,0.0006767129525542259,2.9208498024135138e-05,6.261137445923534e-05,3.954395651817322e-05,3.181601699255021e-05,0.0010949572226059759,0.0006028704810887575,0.0001448342892324539,0.0008773099320639709,0.00019256910309195518,0.00036067432127245835,0.0010269465027649425,0.0008303523063659668
524,7.78478653218756e-05,0.00015886601300113545,3.863545134663582e-05,0.00018578370863539528,0.0001503047762288004,0.0003078365698456764,6.985755607041497e-06,7.064214964584569e-05,4.824250936508179e-06,0.0003875442932424686,0.0014879692098132558,0.0002895405050367117,5.943103385570858e-05,0.0011608853431751345,0.00012404657900333405,0.0005157038652038592,0.0009702796055312398,8.381810039281845e-05
525,0.0004803623132080964,0.0001939896490198191,9.85199585556984e-06,0.0002888404555790036,7.967190334734475e-05,0.00031040236353874207,3.2222581739026895e-05,5.2147437496566116e-05,3.076717257499695e-05,0.0005048620291114025,0.0008910954595870504,0.00047119660302996635,0.000564462155692072,0.0008571270935828976,2.669263631105423e-05,0.0019459364066017337,0.0007488569723319257,7.879920303821564e-06
526,0.0007277413656846254,0.00014057554202403372,0.0004278412088751793,0.0010622483182856496,1.8258451257475994e-05,0.00023929309099912643,4.4243069162352294e-05,1.6882063675504883e-05,2.2038817405700684e-05,0.0012078771895795634,5.225190964546281e-05,0.00020039849914610386,0.0008167771706519694,0.0005829314969835776,0.00045316852629184723,0.0009394922114963622,0.00017456996920766341,0.0008495263755321503
527,0.0008291317004709559,9.240500612179778e-05,0.0002533295191824436,0.0014899910899109359,0.0001250365512980335,0.0001251143403351307,1.1037201400748708e-07,2.1217593233824203e-05,1.893937587738037e-05,0.00123911895998665,0.000524039922186529,0.0002591474913060665,0.0005316420048350756,6.787651185406751e-05,0.00045419903472065926,0.0004804392835774385,0.00036624944563276064,0.0006471853703260422
528,0.0001429638783764925,0.00027734194692882394,0.0003022025339305401,0.0006799318700795726,1.6367609613557321e-06,0.00042243022471666336,7.608012107560708e-06,4.751131025425867e-05,1.5754252672195435e-05,0.0005114340075490706,0.0011511712644980965,0.00031731603667140007,0.00013872375268787068,0.0001371437509461934,0.00012313062325119972,9.212325502716556e-07,0.000826924504566371,0.00014058686792850494
529,0.0006466286218834438,0.0003997029952748331,1.846766099333763e-05,2.7623176666782823e-05,8.172181665096895e-06,0.00013526063412427902,1.9995138521380212e-05,4.7463005907987915e-05,1.4759600162506104e-05,0.00030399109300144334,0.0010832982161643571,9.464006870985031e-05,0.00010650843518743291,0.0006127805624073467,7.298355922102928e-05,0.0005165513514254205,0.0006305851889067825,0.00037458911538124084
530,0.0004587216484117085,0.0002113907269576283,0.0003498154692351818,0.00040757473928959564,3.174290853238601e-05,0.00029894616454839706,7.308324843272214e-05,2.157578156420544e-05,2.8502196073532104e-05,0.00036318345199148894,0.0002150074524694505,3.740075044333935e-05,8.424838057600331e-05,0.00013104242673266098,1.1214986443519592e-05,0.0007945314709348894,0.00021938524470969055,0.0006666900590062141
531,0.0002683484876035286,9.865071339965406e-05,0.00030072638764977455,0.0006151371449911319,5.845658523986191e-06,0.00041648978367447853,8.469197470442093e-05,2.8306650232417466e-05,1.5217810869216919e-05,0.00028126477421471646,3.214872660579904e-05,0.00021067983470857143,0.0004388338507610237,0.0003047331713894319,0.0003718556836247444,0.0015052271940277084,0.0005665840546005458,0.0003008991479873657
532,0.001013821537925716,0.000542790205680245,0.0020029786974191666,0.0005545179336050171,0.0006722746128816938,0.0021066125482320786,0.00031755574089234115,2.4499836633992537e-05,6.29909336566925e-05,0.001357664780448846,0.00037995315972138427,0.0007447348907589912,0.0016357287236421908,0.00010761047066250654,0.0010672500357031822,0.003468100185828965,0.0005058327109385976,0.00043660495430231094
533,0.0021007192100123417,0.00037551263917361133,0.0007407926023006439,0.0016481319016744683,0.0006363870844628382,0.0003714771009981632,3.60394307502912e-06,5.735760503810684e-05,6.808340549468994e-05,0.0014778863505518214,5.13869814657876e-05,0.0005247786175459623,0.0010234103404675732,0.0010820773742767041,0.0010485523380339146,0.0009170086705694858,0.000869384347564009,0.0014668088406324387
534,0.0028057397656716804,0.00039945806465430805,0.0018898104317486286,0.0021445938232557415,0.00033091045906465805,0.0016395533457398415,0.00011357159586838049,2.9996366614103078e-05,0.00011593848466873169,0.00159274510861028,0.00017305069044364074,3.1907111406326294e-06,0.0012952605800669106,0.0008950876316097568,0.0003080219030380249,0.002743503725518792,0.00032076291495570196,0.0019624000415205956
535,5.1174579196164305e-05,0.00037423736068484953,8.32555815577507e-05,0.00021267401205672665,9.585191153487285e-05,0.00015999702736735344,6.137699765814547e-06,6.331025567217737e-05,2.8137117624282837e-05,3.0852149763872794e-05,0.0001326947083432721,0.0004447877872735262,3.323630074151401e-05,0.0006987602021337226,0.0007048714905977249,0.0025467429385876428,0.001017003159274425,0.0007111569866538048
536,0.0004940910413911564,4.650328998093145e-05,0.00026798946782946587,0.0005486372705463816,1.6734926798246674e-05,0.00030180206522345543,0.00012630230978443076,1.4208343837671778e-05,2.321600914001465e-05,0.00040718507761017264,0.00013855773347494493,0.0008217631839215755,0.00031770236299891175,0.0007275890469794731,0.0009142071940004826,0.0020425385750880987,0.00012061356141999068,0.0009481832385063171
537,0.000532870861675791,5.611446908379905e-05,0.0002838349901139736,0.00025341783748403235,0.00021837761768077682,0.00020285975188016891,9.250549492279513e-05,8.854636023339254e-06,2.0448118448257446e-05,0.0003157814761067801,0.0003926683978073657,0.00047522946260869503,3.232266735535283e-06,0.0001163874272458558,0.0003970041871070862,0.0006264285476952902,0.00015680005991290918,5.878135561943054e-05
538,0.00020019083227765244,0.00015893026650103115,0.00029706163331866264,0.0002669094602252009,8.40034796650499e-06,0.00024228636175394058,4.461446371612117e-05,4.545003737930299e-06,2.1383166313171387e-06,0.00036476791072387327,0.0006743361316648294,0.0005494884680956602,0.00026295571050835576,0.0001532301669313306,0.00047005806118249893,0.0010224023213357691,0.00013399799727847926,0.0005274415016174316
539,6.485647238974046e-05,8.06799765781796e-06,9.853066876530647e-05,1.3220524972143433e-05,8.155402282697746e-05,1.9230414181947708e-05,2.034984866601877e-05,3.3565936590863074e-05,1.8671154975891113e-05,0.00019900811231739202,8.320411420695978e-05,4.4631073251366615e-05,1.97365261190921e-05,0.00034258517116271883,5.612662062048912e-05,0.0007859326375193043,0.0005240224173637786,8.404254913330078e-06
540,0.0001847004110236694,9.318197930199834e-05,0.00011780252680182457,0.0001541300789016653,4.609629998721457e-05,0.00014230096712708473,2.250881951117341e-05,2.29569904566739e-05,8.009374141693115e-06,0.00037746312957958467,0.00034803520497933907,5.046906881034374e-05,0.0003228220808985313,0.000499834875818797,5.081668496131897e-05,6.611941885487083e-05,0.00038452542776378656,0.0003623664379119873
541,9.45637273103983e-05,6.608700023534933e-05,0.0003544646315276623,4.386811655056333e-05,8.801752612299513e-05,0.0002658190205693245,6.895227624216689e-05,2.8889623757591084e-05,5.427747964859009e-06,0.000647271305660134,0.000283529484477886,0.00012397253885865211,0.00031532306624753453,0.00037917120186790887,1.1823605746030807e-05,0.001152059291034041,0.0004568158802227657,6.160512566566467e-05
542,4.731355355312716e-05,4.706360278057542e-07,0.00017655221745371819,0.00023139160602837772,6.913994356429198e-05,0.0001444406807422638,3.3059070561253234e-05,1.6467738279926834e-05,1.2658536434173584e-05,0.00012810258169976274,0.00029923015037362083,0.0002514268271625042,0.0001771121623607777,0.000255055021350134,0.0002455497160553932,0.000986841008255246,0.00029625435675270737,3.3913180232048035e-05
543,4.816529260316671e-05,0.00015844972966303286,7.115816697478294e-05,0.00010211366974031966,0.000147356894726728,3.102002665400505e-05,1.9161607579840784e-05,2.9360378495728727e-05,2.812594175338745e-06,3.373118608990949e-05,0.00020778341545387227,0.0001308091450482607,0.00024371906180041536,0.00042232719081253603,0.0003141900524497032,0.00027496378818461786,0.0005419397514079211,0.00025473907589912415
544,0.00010236666396278016,8.115201107099235e-05,1.316005364060402e-05,0.0003098027438709766,2.541578672181008e-05,6.68116845190525e-05,4.602903104033648e-06,6.848656489093257e-06,9.43988561630249e-06,0.0006157594232174893,0.0006324058186114208,0.0003104335628449917,0.0001057121954791268,4.785378225127465e-05,0.0002566492184996605,2.6303307488428906e-05,0.00016869474252655136,0.00037236884236335754
545,0.000235616826995258,0.00010227518176690598,7.801875472068787e-05,0.00020458016351999897,2.1764946410134794e-05,0.00014729611575603485,1.0774826124560974e-05,1.3328613888272497e-05,1.3239681720733643e-05,0.0002933966829240797,0.00021466345656591737,0.0001540794037282467,0.0002137537937707476,4.206395553036854e-05,4.560733214020729e-05,0.00015475427962344246,0.00015202027586493517,0.00028112903237342834
546,0.00028312827128157414,4.51720437108262e-05,6.209313869476318e-05,0.0003809115756245318,1.6196386113789818e-05,3.836583346128464e-06,3.984484924157011e-05,1.4786700059192341e-05,1.1730939149856567e-05,0.0004203917105273236,0.00018707593008627024,4.8044370487332344e-05,0.0005405262266641939,0.00012018363439001561,3.903685137629509e-05,0.0006026306889583832,0.00018723323872651965,0.0001096576452255249
547,0.0001795058991276577,4.294012058466898e-05,4.673842340707779e-05,0.00027333251984260065,8.605639145672223e-06,2.2007152438163757e-05,2.1336036766708005e-05,7.324842019176348e-06,2.864748239517212e-06,8.182352360684708e-06,8.193097003240599e-05,0.00016058632172644138,3.5299286956988474e-06,0.00014865042623881525,0.0001311744563281536,0.0003192593389441667,7.313326928733675e-05,0.00010002031922340393
548,2.4777276068824183e-05,0.00011166884680167966,0.0001878892071545124,0.00020036506239136387,0.0001341426052244299,7.976405322551727e-05,3.417452025076054e-05,3.692437793287304e-05,1.735985279083252e-06,0.0004043487503274726,0.0005627246738585633,7.762527093291283e-05,2.9405663992988773e-05,0.00047656151413438125,0.00020874571055173874,0.00016206361382345436,0.0006648054147886729,0.00030783098191022873
549,0.0002771730135448236,0.00021260186722851793,0.00018601026386022568,0.0007230351570104709,0.0002861009323429954,0.0001315521076321602,2.19230935006344e-05,5.177123774285374e-05,7.946044206619263e-06,8.654276734840205e-05,0.00042039392875321477,1.6795238479971886e-05,0.00020160891114916896,0.0008999398344165487,0.0004034074954688549,0.0006846997506685104,0.0007732012902876334,0.00011960696429014206
550,0.0005549359201131865,0.0002543662854711179,0.00040506431832909584,0.001302312512330775,0.00028926304377501627,0.0002706330269575119,5.32878235961938e-05,3.025790650833684e-05,2.2254884243011475e-05,0.0007491953642329019,8.095230961557842e-05,0.0001049586571753025,0.0008625123442059443,0.0005155362615423299,5.7382043451070786e-05,0.0012391773027709274,0.00034265751604445685,0.00034433137625455856
551,0.0005619243455296796,0.00019739476994145438,0.000379092525690794,0.0008074722296816661,7.168547859295535e-05,0.0003840643912553787,5.033657099329063e-05,1.5627665284951943e-05,4.495307803153992e-05,0.0005226884772914914,0.00011021647834923848,0.0002608776558190584,0.000554293917010111,0.00018345501783703297,0.0002704574726521969,0.00046938464721488216,0.00012486071448973655,0.0007820660248398781
552,0.00046655931999364797,0.00012094638888092771,0.0002497532404959202,0.00042766037346667063,9.598398271908407e-05,0.00010996591299772263,2.677164820201819e-05,3.729571044956024e-05,2.0507723093032837e-05,0.00046358783571522066,0.0004171055888081733,0.00018737209029495716,0.0002974495743916644,0.00022331808003464917,0.0003666486591100693,0.0005120877272114799,0.00048242347447615005,0.0003357101231813431
553,0.0006039881731388641,0.00022485237278987297,0.0003777206875383854,0.00109841089605546,0.0001230243987826972,0.00034468574449419975,3.225796934575205e-05,3.176295448263407e-05,3.546103835105896e-05,0.000666488867790728,0.0003540547414953854,0.00018690945580601692,0.0006052804018152128,1.805127367283596e-05,0.0002362881787121296,0.0010756468127754437,0.0004524116121730874,0.0004124753177165985
554,0.0006644636124018971,4.4753751490180654e-05,0.00031333742663264275,0.0009734265134906522,3.9969190082603245e-05,0.00030443165451288223,2.876106804858454e-05,1.8680734297031224e-05,3.948807716369629e-05,0.0006939429094404981,0.00026987001185540746,0.0002336115576326847,0.0007701615868282857,8.466942830768695e-05,0.0002684378996491432,0.0007422126620031111,0.0001964985382841495,0.00044982321560382843
555,5.7378694420406884e-05,9.40551444332284e-05,0.00024401582777500153,0.00045072436885287837,9.59253479595086e-05,0.0001481105573475361,4.252867356893501e-05,3.107518893737883e-05,1.595914363861084e-05,0.00028147252577609416,0.0002776323850085874,3.9274804294109344e-05,0.00020002556900212964,0.000523806751939946,0.00015715043991804123,1.963760476536569e-06,0.0003648127273932261,0.0003770589828491211
556,0.0005042295876404035,0.00014377878275175643,0.0003016609698534012,0.0006793056185775831,7.207915688454275e-05,0.0003777798265218735,3.2294072979865626e-05,1.623700008975069e-06,3.685802221298218e-05,0.0005849209099551625,7.173990752550388e-05,0.00043872371315956116,0.0006565982884191718,0.0002952295233770996,0.0003447732888162136,0.0005758938214625864,2.659734135358749e-05,0.0007203901186585426
557,0.00023193414445599192,3.2637245965815714e-05,3.363564610481262e-05,0.00018208154945498212,2.7858406811760023e-05,9.26540233194828e-05,1.93854837463054e-05,1.7602519385321778e-05,3.680586814880371e-06,3.652397393011375e-05,0.00028978263187282374,0.00014415220357477665,0.00016568151734352304,0.00021194677646728735,2.5406014174222946e-05,0.00018251853764827963,0.00028237018561108845,0.00014035776257514954
558,0.00013412631460506252,6.596663294019048e-05,2.3016240447759628e-05,0.0003323686118338054,4.581746363824246e-05,0.00021391268819570541,2.7995103793065565e-05,2.901771176528145e-05,2.1006911993026733e-05,9.056977695798274e-05,0.000180477543773757,0.0003493621479719877,0.00027680300798271773,0.00022563995837508732,0.00012191431596875191,0.00014555262688012438,0.0004664870671851403,0.0005482612177729607
559,0.000550713742376599,0.0002250467439527913,0.00014534778892993927,0.0005948301554621754,0.00018162007761107074,0.0002446579746901989,2.7296521672650828e-05,1.9171590695008176e-05,4.019588232040405e-06,0.00053795900376509,0.00014735895970788282,9.298836812376976e-05,0.0004986253119892217,0.0003654206732745559,6.472645327448845e-05,0.0005828499461545955,0.00031061615390218537,0.00024796463549137115
560,0.00043666312624150716,5.955829920439859e-06,3.741774708032608e-05,0.00047123208830890384,1.9590130199274858e-05,2.741580829024315e-05,9.464267564651685e-07,1.2736776616372687e-05,1.5605241060256958e-05,0.0004620263623695067,9.880580521873933e-05,4.5339809730648994e-05,0.000647525157256558,0.00034330110116912935,6.0535501688718796e-05,3.739928851609342e-07,0.00023566162824471305,5.645863711833954e-05
561,5.828135835744819e-06,0.00020707070387066678,0.00015861866995692253,1.406770178048744e-05,7.386830750455084e-05,0.00013125035911798477,3.341027419486928e-05,1.1969183927286968e-05,1.955777406692505e-06,0.00021635762885921506,0.00030986954487212046,0.0001516980119049549,0.00017054777114549474,8.092982788282521e-06,0.00020742882043123245,0.00029815327364746125,0.00024719945282689537,8.666329085826874e-05
562,0.00025286929578623163,6.956040351142889e-05,0.00017537176609039307,0.00013462362680821682,4.266558844553611e-05,0.0002449527382850647,4.2719313387800176e-05,2.2741814070356933e-05,1.1779367923736572e-05,0.0006063304190479166,0.00037744381938019725,1.675286330282688e-05,0.0005093124741466296,0.00041756322958769534,0.0001573287881910801,0.00010242948085725789,0.00043265524422445045,0.00043740682303905487
563,0.0003642115747266861,0.00014468477323450676,0.00033064233139157295,1.1368725867016982e-05,5.414798743335822e-05,0.00029975874349474907,3.162518975324824e-05,6.711906994372156e-06,6.67572021484375e-06,0.0005815690341934923,0.0002778701523921158,9.729480370879173e-05,0.000343921627480856,0.00025289310535716106,7.250253111124039e-05,0.00042443502841912895,3.811172123729294e-05,0.0001591760665178299
564,0.00033796281782058624,6.883848202332565e-05,0.0002128109335899353,0.0003854544992510228,7.575031091717338e-05,0.0002627978101372719,3.0936651040374893e-05,3.1428630026462652e-06,2.2549182176589966e-05,0.00012988673916843746,0.00032398769200975633,9.785615839064121e-05,0.00043813435848966825,0.00017080285600890033,3.609107807278633e-05,0.0001312147309948941,6.29011740747175e-05,0.00039233267307281494
565,0.0002759192200012389,6.257157238236111e-05,0.00018156645819544792,0.00020656150118480987,7.322336157489229e-05,0.00018922053277492523,9.618189226364912e-06,1.4242763748933973e-05,1.4204531908035278e-05,0.00032164099097677784,0.00029259070084689323,0.00011707423254847527,0.0003786819948631351,0.00019825505420513825,0.0001625879667699337,0.0010651282001614693,0.00013894831218794895,0.0002114810049533844
566,0.00011521598468894334,0.00014052684791042783,0.00029071420431137085,0.0004745125349686907,0.00011064439366054168,0.00016620662063360214,4.6234070987956e-05,7.330342023941563e-05,1.5478581190109253e-05,0.00043526243476878224,0.0009375834193078615,0.00033042440190911293,0.00013219652371622426,0.0008857887746245921,0.00013013603165745735,0.0005325605132693589,0.0010240590258103475,0.00018354132771492004
567,0.0009307028514036197,0.00017299008681113948,7.562479004263878e-05,0.0011595741428797324,0.0003285370110539046,4.015117883682251e-05,1.6594356166880694e-05,5.088524614331196e-05,5.576759576797485e-06,0.0009601423826614899,0.00040187909790013326,0.0002817742060869932,0.0011194383410297049,0.0008978652466159996,0.00010446365922689438,0.0010135941133944393,0.0006950887012729693,0.00014372728765010834
568,0.0004719353512580293,0.000136085884283689,0.00033826613798737526,0.0002332505981747779,4.2771900870354485e-05,0.00022035697475075722,1.0310276035378069e-05,2.3413150430699514e-05,1.1883676052093506e-05,0.0003925521757316003,0.0004340863709244268,5.5158743634819984e-05,0.0005033698187285399,0.000186516948721141,0.00018718931823968887,0.0007120212369303436,0.0004926638746522048,0.00017140991985797882
569,0.0004160388833755885,1.1941546119956237e-05,7.646298035979271e-05,0.00045517210850805345,0.00016233488030718488,5.579553544521332e-05,3.144428880997793e-05,7.253036890417779e-05,7.312744855880737e-06,0.0006559542680738065,0.0008471390322363596,0.0002605200279504061,0.00035664222858096395,0.001085670011131655,3.18773090839386e-05,0.0012075583370247944,0.0011373302989773318,0.000193791463971138
570,0.0006050467100684465,0.00021717189729139608,0.0003265552222728729,0.0005490958891868347,3.01692267073439e-05,0.00035842787474393845,4.040304985852838e-06,4.116918814291406e-05,8.143484592437744e-06,0.0006162673768021626,0.0007073111703218525,5.0765927881002426e-05,0.0008454930711155953,0.0005002154433698947,0.00017464719712734222,0.0006493764815342362,0.0006237416964102697,0.00014914199709892273
571,0.0006180380330002566,0.0001248406595023739,8.740462362766266e-06,0.00077542247032511,0.0001552442001594538,0.0001756567507982254,1.2125074078566181e-05,3.79876434341797e-05,1.5873461961746216e-05,0.0006708002601623422,0.0006151988502126234,0.00031020608730614185,0.0007564201566539822,0.0002936623361160101,0.0004924200475215912,0.0004257388315213051,0.0005336430340881996,0.0005761720240116119
572,0.0005963958126804642,0.00010531991757870354,1.0630115866661072e-05,0.001114364905807616,0.00023114538560311398,7.073534652590752e-05,2.401383823213629e-06,2.4254868106597947e-05,1.3548880815505981e-05,0.0007032275611958336,0.00032060246264664985,0.00021910900250077248,0.0007522580580339583,0.0003278247219117847,0.00028596026822924614,0.0011998023524962542,0.00027753777607125783,0.0001986287534236908
573,0.0001650390874597396,0.00018589417353864768,0.00030469149351119995,0.0001157231214537896,4.578703997986863e-05,0.00038278987631201744,1.5782092348665816e-05,2.0484733583874177e-06,1.13658607006073e-05,9.216747448074353e-05,0.0003161679149292322,2.6309862732887268e-08,0.0001815326823564195,0.00011313854773567153,0.00011268118396401405,0.0004173490164604554,2.5099334748607304e-05,2.0362436771392822e-05
574,5.582423251880575e-05,0.00020241121010605365,0.00018466729670763016,0.00011937554325917865,7.839088671274252e-06,0.0002577221021056175,1.8380510596332708e-05,2.4650517089962946e-07,1.4234334230422974e-05,0.0001543437244070564,6.255740920490735e-05,0.000101074343547225,9.700132759975222e-05,0.00010357490107378367,2.0784791558980942e-05,0.00012474704843210005,4.46161127430299e-05,3.4807249903678894e-05
575,0.00015549228738752363,0.00014937766744472017,0.00019874470308423042,0.0003106650864923982,2.5257618967874235e-05,0.00019556283950805664,2.3684599344724402e-05,1.2025885064175955e-06,1.1354684829711914e-05,0.00018297621587636675,0.0001258325684072685,9.331852197647095e-07,0.00038119389278029603,2.8762401242516528e-05,3.307405859231949e-05,0.00016749506435834172,1.521814037717885e-05,9.66005027294159e-05
576,0.00042467582923125247,3.821415504943332e-05,0.0003203079104423523,0.0007378089224330253,8.462455965024471e-05,0.0003576367162168026,1.2437521221495343e-05,1.5609703956803988e-05,2.006441354751587e-05,0.0006018883592714061,0.00015558785426804042,0.00016315956600010395,0.0006615280834957049,0.00023285749691613622,0.0001187552697956562,0.00036926360436762007,0.00022804883642463507,0.0001384299248456955
577,6.987893975057835e-05,8.008590285061082e-05,0.000545763410627842,3.2586416436233834e-05,0.00017666167279649023,0.0003885328769683838,4.027830737087304e-05,2.3100279769250266e-05,6.6570937633514404e-06,0.00013792070597304362,0.000179489380391383,0.0004539221990853548,6.801943076284456e-05,0.00011264509082453689,0.0002729855477809906,0.00013877630809158714,0.0004121137069839542,0.0003585685044527054
578,0.0024194992833149326,0.0002915545488327252,0.002794933505356312,0.002154725355523468,0.0006761900086092384,0.0029290979728102684,0.00016917191512090882,3.488636390868143e-05,3.4570693969726562e-06,0.0021746089394551193,0.0004459960283606963,0.001214656513184309,0.002170772526236528,0.0001874713641279134,0.0014900993555784225,0.001290071331983042,0.0006484529045987855,0.0009263549000024796
579,0.00043629751900214897,0.00012869901082179086,0.0011329920962452888,0.0006324093047276602,0.0004291537953007331,0.0013282462023198605,8.625502794370327e-06,2.130386434523202e-05,1.574680209159851e-05,0.0010886960946115964,0.0004938622664672626,0.000644998624920845,0.00038535908444121275,6.570003433747224e-05,0.0008575497195124626,0.0010344923182353388,0.0005757015371911445,0.0010678749531507492
580,0.0020475067876947334,0.0001217320473805572,0.0018685860559344292,0.001566570116351626,0.0003406074939503352,0.0018749027512967587,9.168521734798964e-05,4.1385676493756396e-05,5.257502198219299e-05,0.0011677946737491743,0.00029226674065786773,0.00044539780355989933,0.0007434587075713234,0.000150731809030389,0.0005069859325885773,0.0019566645732227994,0.0005015149803282251,0.00032297149300575256
581,3.2571181918947256e-05,8.017955249415426e-05,0.00013769371435046196,0.0002817133052548937,0.0001067116256144203,0.00023130839690566063,8.953559821774093e-05,3.0386725694692954e-06,3.178417682647705e-05,0.00041681694478368225,0.000777592360086142,0.00019021215848624706,9.62943372836006e-05,8.416277560983551e-05,0.000527065247297287,0.0012235424627486668,0.0001256017053581646,0.0010057007893919945
582,0.00011313374860059955,5.550621559349128e-05,0.0001953314058482647,9.910386933903448e-05,6.1008671149727356e-05,7.857661694288254e-05,1.1260744223945407e-05,5.593304071352596e-06,1.9744038581848145e-07,0.00037790088411811945,0.00015640504278550613,0.0002200037706643343,0.0001785190212274801,7.281150288128771e-05,9.234016761183739e-05,0.0004086958391625872,7.238974109524243e-05,0.000188351608812809
583,8.677444077696828e-05,5.719648160905019e-05,0.0002588406205177307,0.0003691831712508836,3.5215052548397824e-05,0.0003152303397655487,3.255129904783556e-05,2.3907898018706096e-05,2.397969365119934e-05,3.873683839812625e-05,4.742685759774601e-05,0.00018599443137645721,0.0004614906168628613,0.0001714579144623668,0.00010711466893553734,0.00013240509972606285,0.0004481526269724998,0.00038737524300813675
584,0.00032669743284056973,0.0003538165238205389,0.000295138917863369,0.000510951239015553,0.00013471758222518768,0.00024178717285394669,3.204205890323247e-05,1.062188781879444e-05,7.092952728271484e-06,0.0005238761582193399,0.00028686311608267304,0.0003429031930863857,0.0006203488609782121,0.00010362777189074773,0.0002891961485147476,0.00013700556568857492,0.00016059424627901196,0.00023765955120325089
585,0.0001500690339339833,0.00012150911936609221,0.00047376053407788277,0.00016925776313941876,1.3842875481284711e-05,0.00042922282591462135,1.1618748958308264e-05,3.7887278190652817e-06,2.72504985332489e-05,0.0006994239925835893,5.040813234592073e-05,7.447320967912674e-05,5.96082732570169e-05,0.00043267098707678794,0.00014029396697878838,0.0005387014633620735,8.513271332825055e-06,0.0002718977630138397
586,0.00023526739971731214,7.167964855158554e-05,0.00016595004126429558,1.2087327498189193e-05,5.8788640936464215e-05,8.749635890126228e-05,5.571328816520241e-06,1.7117860609031094e-05,7.022172212600708e-06,1.1953215854718091e-05,0.0005804044507433312,0.00012852461077272892,3.3860207805685993e-05,0.00048576662650121755,3.7490390241146088e-06,0.0004937201986824902,0.00025366462819143573,8.505396544933319e-05
587,0.0002560538919115368,0.0001501113726671069,0.0002320827916264534,4.9078161706947454e-05,2.335863888147313e-05,0.00023244228214025497,2.8407326504824304e-07,2.7717310749460146e-06,5.219131708145142e-06,0.00020353879398272295,0.000327320064659839,0.00031171622686088085,3.2915872399577606e-05,0.0001483669063710065,0.0002881172113120556,0.0007544251735824015,7.26270161864862e-05,0.000628424808382988
588,0.00018479022354439545,4.119064121727023e-05,0.00025266455486416817,0.0005468910089199003,9.814559572997664e-05,0.0004347437061369419,4.8234951517050345e-05,2.1680389474523673e-05,1.4659017324447632e-05,0.0005233734585468608,6.380970775271555e-05,0.00017083249986171722,0.0005554788234820446,0.0001747952797418323,0.0001170039176940918,0.00022328873362911783,0.00028878096779892627,0.00019717775285243988
589,0.0002189803737081275,0.00013455312442079911,0.00021081604063510895,0.00026069242626536315,3.447627426765576e-05,0.0003887135535478592,3.393139951087844e-05,1.8879897924768658e-05,3.691762685775757e-06,9.073729334249658e-05,0.0003036464327733912,6.546871736645699e-05,0.000356162675530132,0.00011741963258380533,0.00015996955335140228,0.00011001714808309138,0.000316990310863735,0.00023560132831335068
590,0.00026848109007926446,2.6211053299501907e-05,0.0008852840401232243,6.976108659920155e-06,4.8129062653751165e-06,0.0008707563392817974,0.0001282683521782891,8.799631207796489e-06,6.64442777633667e-05,0.00012933043074669914,0.0006354636012092865,3.0475901439785957e-05,0.0005613880028551496,0.00023145784578623013,0.00012091873213648796,0.0010704844266935798,0.00010219413919994227,0.0011891741305589676
591,8.66699531372056e-05,2.8009578921416728e-05,0.00042012473568320274,0.00011494737152162315,4.4766386820341286e-05,0.0004885452799499035,4.7934990945729464e-05,2.092287760623035e-05,2.5287270545959473e-05,0.0008813502425936565,7.49886611283064e-05,0.00022256537340581417,7.492375157704123e-05,0.00028487303268369055,0.00017685582861304283,0.0005039714319844402,0.0003717521056894159,0.0003487486392259598
592,0.0001831370605907684,0.00028023433927747143,0.0005875364877283573,0.0003876513746170901,6.152755982450145e-05,0.0006266217678785324,8.812974799892251e-06,2.2464843526611388e-05,2.4940818548202515e-05,0.0006793281156158154,3.355321635828759e-05,3.1564850360155106e-06,0.0004378080421253844,0.00016943053148420553,6.9607049226760864e-06,0.0013933962375402842,0.0003328722944392652,0.00019735097885131836
593,0.0010369570712561865,3.908824013583098e-05,0.0007656035013496876,0.0012957621873530417,0.0001783730234639451,0.0006868722848594189,4.57490037134977e-05,1.4583440827798614e-05,9.150803089141846e-05,0.0014820248618485007,0.00012016663478247105,0.0004104913678020239,0.0017738078986332811,0.0002600778152001132,0.00048357341438531876,0.0021262229023623624,0.0002523657537446735,0.0012249452993273735
594,0.0004521384704120751,0.0001399246854033899,0.00013560615479946136,0.00018386044919500855,9.230982407910926e-05,6.414717063307762e-05,4.084823385720575e-05,5.624773674443371e-05,1.6178935766220093e-05,0.00045362206946256145,0.0009987292135428504,0.00022950232960283756,0.0003893459015535533,0.0007583803532838808,0.0005128085613250732,0.00015577365650021324,0.0008304212622046309,0.00042832642793655396
595,0.0001669909698409633,0.00029075625707379593,1.902598887681961e-05,0.00026878608748749644,6.064329180646699e-05,0.00022100424394011497,0.00011875837470369868,6.645933772517234e-05,4.895031452178955e-06,2.3071475432914768e-05,0.0016283260821575787,2.78521329164505e-05,0.0005626958297025586,0.0012505694475595207,0.00034193508327007294,0.0011568318900167518,0.0009865295702050905,0.00021320674568414688
596,0.0009431316347042751,0.0002902055414438602,0.0003565582446753979,0.0007399283336873008,5.236606232810609e-05,0.0004887976683676243,9.609455594780485e-05,2.550319354002018e-06,6.0245394706726074e-05,0.001233153918824316,0.00037063850773825027,0.000659946002997458,0.001840392254855966,0.0005712179838929035,0.0005249213427305222,0.00021328180189736368,8.431961108645598e-05,0.0008536884561181068
597,0.0004186904271972075,0.0003049973156199169,0.0003085746429860592,1.78547465941592e-05,0.00022359530052952492,0.00029460201039910316,3.2680755939502176e-05,1.3787977198803425e-05,3.0346214771270752e-05,0.0007515384511790485,0.0004381750629332201,0.0005016546929255128,0.00046429999090195906,0.00034434492854890433,0.0005572675727307796,0.0009715504759699456,6.687633647430458e-05,0.0010235514491796494
598,0.0008843257374643171,0.00022623203813955037,0.0005727061070501804,0.0008449861471294534,0.00014578221229204907,0.0006263279356062412,4.854720518327957e-05,1.8786182170171003e-06,6.0051679611206055e-05,0.00046272321021368495,0.0001324859662490338,0.0004884890513494611,0.0007679720523993544,0.00052080231550573,0.0003936698194593191,0.0001935709569894084,0.00010752072042958215,0.0010155709460377693
599,0.00019483170288213392,1.3612517691396347e-05,0.0001768535003066063,0.00036998930481833836,5.66046701425231e-05,7.759919390082359e-05,2.376884899259711e-05,9.108692239874873e-06,3.5993754863739014e-05,0.0009863015551637225,0.00012579032709597246,0.0002312879078090191,0.000456247408094565,0.00014109467848651136,0.0003374603111296892,0.00046768375855085753,6.730655202654909e-05,0.0005922308191657066
600,0.0001888170485965096,4.3337465637904166e-05,6.21960498392582e-05,3.3744472232782874e-05,0.0001733542794026821,0.0003005934413522482,3.566153399292213e-05,5.467209596374408e-05,2.538040280342102e-05,0.00020751225425134218,0.0007328849409789437,0.00013920990750193596,0.0005928013713047131,0.0003288492004176122,0.00020520505495369434,1.3386616647903526e-05,0.0007941891238207105,0.0005361726507544518
601,0.00021583753085373247,0.00016349290510730627,0.00035534752532839775,0.00030137984882809554,0.00020084668863498342,0.000710254767909646,3.664160911997713e-05,6.715599336640726e-05,3.0897557735443115e-05,0.00013445357463656021,0.0005745839928920811,0.00031196640338748693,0.00016093109620438084,0.0003363458591690398,0.00018097995780408382,0.0002863081472472828,0.001046790503106707,0.0006935298442840576
602,0.0001334557962767713,6.65091650710048e-05,0.0003027757629752159,0.0008014459150474801,0.00013658972866878796,0.00038282107561826706,4.5693127292851035e-05,2.6186100831558905e-06,8.439645171165466e-05,0.0005414799801502501,5.2153446936868686e-05,0.0010801698081195354,0.0009764719595316412,0.0004347367169751891,0.001010614912956953,0.0005734902167670308,7.712329544824151e-05,0.001411881297826767
603,7.370438509746169e-05,3.1241510399824396e-05,0.00010110251605510712,0.00014201257376199317,4.901995948489862e-05,1.789303496479988e-05,4.004250597571153e-05,5.703091554076583e-05,1.7449259757995605e-05,0.0005402595966619919,0.0007511154025841536,0.00023544748546555638,7.951092809481419e-05,0.0004996591171492135,0.00044916989281773567,0.0009428940927920793,0.000998313763354657,0.00039362162351608276
604,6.354566234961778e-06,5.397105864902302e-05,0.00018579000607132912,0.00021870394461853682,0.00017863335896286386,0.00018036668188869953,2.686164110189508e-05,2.309585744316009e-05,5.610287189483643e-06,0.0005298681396065374,0.000485060437344028,0.0001272786466870457,0.0004960609389087767,1.5547749242901532e-05,5.9493351727724075e-05,0.00037762341879107875,0.00043889833279077504,0.0001307353377342224
605,0.00020186262155733048,5.4296351683680993e-05,0.0002541639842092991,1.7371389050294117e-05,0.0001141115911523459,0.00028004241175949574,2.4249230409048236e-05,6.356256113582945e-05,8.717179298400879e-07,8.346192197205421e-05,0.0007965226069406375,0.0003366397722857073,0.0003738450768467211,0.0009313255719610516,0.00028954818844795227,9.318941786928825e-05,0.00105059620772518,0.00046845991164445877
606,0.0004793593939963481,9.668354792711012e-05,0.0006573041900992393,0.0008682817323921732,0.0002799697188511398,0.001062616240233183,1.4289872880686796e-05,6.536193560730186e-05,6.532669067382812e-05,0.0007192819593338298,0.0011412929418968647,0.0004465977108338848,0.0006241210567418803,0.0006019717374249542,5.2578048780560493e-05,0.00022569182488249573,0.0010386192679730354,0.0009391498751938343
607,0.00011676889458579753,0.00031148445812981956,0.00035374797880649567,0.0006720712092879583,7.889777989646476e-05,0.0003357487730681896,1.218549672867171e-05,4.581674914476983e-06,4.882737994194031e-05,0.0004405157349162067,0.00034399194299826116,0.00032579945400357246,0.0006236346531939968,7.05025264617215e-05,0.0004375162534415722,0.00010418810602735862,0.0001393613105087465,0.00047797709703445435
608,0.0007628630081551041,0.0001119656709081332,1.2816861271858215e-05,0.00102380347566286,0.0001384787767051074,8.297467138618231e-05,4.102026206621e-05,3.96534008671323e-05,2.298504114151001e-06,0.0007887926652230606,0.0008405768859244232,2.0617968402802944e-05,0.0013489950341346313,0.0003243171710093397,0.00017154449597001076,0.0011489739003235078,0.0006634582476592096,7.290951907634735e-05
609,0.00025796742096759195,8.14225691678841e-05,0.0003820376005023718,0.00012687553363109616,0.00013498550273566626,0.0003218163037672639,7.735975120432004e-05,3.0064156068926448e-05,2.2508203983306885e-05,9.221692121851033e-05,0.0006641121133907565,0.00010700745042413473,6.712976514097746e-06,0.00037872200381634455,0.00020074308849871159,0.00020414888432862544,0.0005491257786821458,0.0005479496903717518
610,0.0002547177235297099,4.189328091338401e-05,0.0006370593328028917,1.6265379779945022e-05,8.730414343312634e-05,0.0007043750956654549,9.155637409792063e-05,3.129672318023791e-05,5.0362199544906616e-05,3.302698461617182e-05,0.0002565578649010823,0.00030099612195044756,0.00029155786858266197,0.00034959364969440465,0.00017626117914915085,0.00010829999011052749,0.0004918259298323678,0.000914331991225481
611,0.00010765867194262313,6.434577210619533e-05,0.0003565405495464802,0.00030053955265274546,7.59781264132453e-05,0.0004593576304614544,1.8900434323128323e-05,5.978805185149821e-05,2.6810914278030396e-05,7.615534817467795e-05,0.0004423612947636289,0.00011792709119617939,1.660421460913941e-05,0.000759010685672877,9.020441211760044e-05,0.0002958354136484709,0.0010679808517110702,0.00027512526139616966
612,7.159652998720012e-05,0.00016203517353611738,9.182142093777657e-06,0.00020838777518274176,1.5710304571817796e-05,3.10275936499238e-05,8.502693837213887e-06,6.782828211252282e-05,1.187250018119812e-05,1.7537755621077622e-06,0.0007351522014211187,0.0003766502486541867,0.00011235489295888246,0.0006445011044756976,0.0002274701837450266,0.0002762053392485475,0.0011073893329844597,0.0005654427222907543
613,0.0005122920364626637,0.0002830113580002888,0.00037005264312028885,0.00022467594216721287,4.90025145484102e-05,0.0003261708188802004,5.1636874048160974e-06,7.290466644658102e-05,1.3269484043121338e-05,0.0004806270039812155,0.0009518633704879917,0.00036471104249358177,0.0005066669383435585,0.0009736680892308974,0.00018032826483249664,0.0006663305828430721,0.0011628905890547405,0.0004371199756860733
614,0.00010513545280418923,0.00026025319977589917,0.00034010387025773525,0.00037117668088833267,7.793272858382105e-05,0.00015006866306066513,1.5199975800383667e-05,7.05997201829716e-05,4.325062036514282e-06,0.00038020357252394055,0.0011830347956924767,0.00035997352097183466,0.0002867395953858598,0.0008655544510429436,1.4509540051221848e-05,0.0002737175210179854,0.0010378862020391892,0.0004567042924463749
615,0.0003666462765596207,9.042810400127291e-05,0.0005693808197975159,0.00020428802182212435,0.00010938254125168051,0.00032554962672293186,3.984810804745151e-05,9.394867025968104e-05,3.914162516593933e-05,5.4096142494297617e-05,0.0015638406923258047,0.0001132000470533967,2.3280250984192286e-05,0.0011578104724886372,0.0003615780733525753,7.388272908373517e-05,0.001364963788419455,0.0001451512798666954
616,0.0002591677442143059,0.00023694233187875058,0.0005699186585843563,0.0002926394947113248,3.6071871386801624e-05,0.0005341697251424193,3.252606593516158e-05,8.040482945378567e-05,5.821511149406433e-05,8.483391085883918e-05,0.0008847913653576879,0.000117928022518754,3.534165887533747e-05,0.0009181213638864288,0.00030539860017597675,0.00033413610495533486,0.0011691147315972027,0.0003476198762655258
617,0.0009167420070370497,0.00017605732839064483,0.0007845573127269745,0.00041922241029607177,3.2478326635897864e-05,0.0007162598194554448,4.300966245619764e-05,7.144065905365679e-05,5.682557821273804e-05,0.0004914347770682975,0.0009805863444968012,9.304762352257967e-05,0.0005703010059375513,0.0005620305976983958,0.00023592030629515648,0.0003317243006149828,0.001089413030067917,0.0005797776393592358
618,0.00022210793843288612,0.00013282077062408415,0.0003661615774035454,0.00017998961207367492,0.00010675057270925076,0.00022840523160994053,1.814691864228911e-05,8.552850247051666e-05,2.823770046234131e-06,0.00032754775071015124,0.0015615759048439905,0.0004212124622426927,4.550840864352146e-05,0.0015036426127774186,0.00014765001833438873,0.0002944523064299931,0.0012864349253444655,0.0006933785043656826
619,0.00015024119487941356,0.00026792146983324605,0.0006089112721383572,0.00015930145765835624,8.401992904266686e-05,0.000714485184289515,6.0425148544851134e-05,1.1426120636171986e-05,3.4499913454055786e-05,0.0005247702950868516,0.00018188968854458004,5.242589395493269e-06,0.00018413076706944032,0.0003743599518477511,6.12339936196804e-05,0.00044836047380938937,0.00011632465057336179,0.00031946413218975067
620,0.00020286810723338378,2.1732053757602537e-05,0.0002873730845749378,0.0004883699838506284,2.0750680896016588e-05,0.00013896357268095016,1.6571749061574867e-05,4.917076249089553e-05,3.598630428314209e-06,0.0009535559321107723,0.00032014909498840477,0.00010163022670894861,0.000828966719142718,0.000631236750336446,0.00014511868357658386,0.0015667684349992272,0.0007447744812380435,9.023118764162064e-05
621,0.00034402052178023057,8.849194277048278e-05,0.0009232820011675358,0.0005263962243011316,0.00025710824364118604,0.0008591949008405209,3.275015122284654e-05,5.718390065930716e-06,3.72864305973053e-05,0.0013653508731047356,0.0006129595051666582,0.00011462961992947385,0.00063308021240438,0.00025636361880884,2.108863554894924e-05,3.346659661340734e-07,0.00017686166360343127,0.00021339021623134613
622,0.00034433639826957074,0.00014059376206115165,0.0001944540999829769,2.5041511333201427e-05,0.00023396014388167227,0.00028935540467500687,9.444614166600855e-05,2.4937658445773865e-05,2.5268644094467163e-05,0.00044618678096360054,0.0009207837446316737,0.0007570496163680218,0.0010069032475556322,0.00040675156947960964,0.0008178993593901396,0.0002675753834452399,0.0003624055914292403,0.0017278790473937988
623,0.0016760632419550864,8.941767602470632e-05,0.0007299710996448994,0.002014361755577912,6.527544061884355e-05,0.0007798955775797367,1.938632620427337e-05,6.2146298759636616e-06,0.00014252588152885437,0.002754212075695414,0.0005110519092776898,1.2540622265078127e-05,0.0027387316396743078,0.0014659747738663964,0.00012924033217132092,0.003791670411683018,0.00023192652551285494,0.001320619136095047
624,0.0008719345766085296,0.00016201324603749845,0.0009380364790558815,0.0009478722801082168,0.00018117545536292315,0.00106147606857121,5.770548745063879e-05,5.809476321093311e-06,8.779764175415039e-05,0.0007395794348786372,0.0005581852431593148,0.0009222300868714228,0.0007762636919077665,0.00057377203779653,0.0007712016813457012,0.00098257053988976,0.0004526049490121177,0.0018804613500833511
625,0.00013467111306102175,7.695596581328012e-05,2.6415102183818817e-05,8.334185110750458e-05,0.0001541038953716961,2.9303599148988724e-05,2.0180108213268058e-05,1.0877982450614525e-06,1.3239681720733643e-05,5.616643783286357e-05,0.00016047856621020928,0.00011928286403417587,0.00016759686867048873,0.00030464743266122446,0.00012493738904595375,0.0005153989355655697,0.00016809635783667908,5.047861486673355e-05
626,0.0004589843711538949,4.286200873039603e-05,0.00012391665950417519,0.0004699677954138476,3.609719071708331e-05,0.00012760329991579056,4.8233554693386665e-05,2.708020749164991e-05,1.3519078493118286e-05,0.0006019489380511001,0.0006132555694017897,5.624676123261452e-05,0.0004658832750583791,0.00013962495688151985,0.0003992840647697449,0.0005837370922058271,0.00042247956240679726,0.00016370974481105804
627,0.0008326047717860524,0.0003822260433558565,0.0002210955135524273,0.0005559423829305937,6.267285456349608e-05,0.0001022503711283207,4.4204195837428684e-05,6.933082588601858e-05,3.096088767051697e-05,0.0012958999859059989,0.0011549063824023535,0.00021117576397955418,0.0012646459314443054,0.0005020429484052374,0.00026339758187532425,0.0002915811238010657,0.0012610269313084559,0.0007938733324408531
628,5.618280367113149e-05,0.0004501994008104006,0.00012946687638759613,1.7404910303719934e-05,0.00023942929015129816,0.00013809348456561565,0.00010519950293201748,5.214277360356503e-05,3.85381281375885e-05,0.0008207661742978545,0.0005927524481185685,0.00027716788463294506,0.0008984542519450966,0.0006903519372769493,0.00027886126190423965,0.0004726302634920909,0.0006254991083592207,0.00011469423770904541
629,0.00042048409543508913,8.23620294382564e-05,0.0003450601361691952,0.0003064836314057573,7.851794771824086e-05,0.00044741365127265453,1.7826065297852495e-06,7.866173817348409e-06,6.112456321716309e-05,0.0008682161982258574,8.264785677394512e-05,0.0004037648905068636,0.0008738311071444099,7.723515824464497e-05,0.00027438392862677574,0.0008985650595773054,2.2868327391281293e-05,0.00034475885331630707
630,5.5819114635147216e-05,0.00019933170165650424,0.00016156816855072975,0.00021957639600425627,0.00014161393731876998,0.00023320107720792294,6.014894726812103e-06,1.913744244835228e-06,2.2251158952713013e-05,0.00036952579131539764,0.00010372548874846427,0.0004249420017004013,0.00032594802470241324,0.0002394330162988588,0.00035988911986351013,0.00046405489703144065,9.928458338941733e-05,0.0011243196204304695
631,0.00064763948110029,8.982809850780968e-05,0.00010117050260305405,0.0002713600423756013,6.348466291731386e-05,3.077811561524868e-05,8.297134186751112e-06,1.2106258177617911e-05,1.397356390953064e-05,0.0009147978743961477,0.0004594761735148209,3.2394775189459324e-05,0.0008917963902746046,6.940518431796175e-05,0.00015585031360387802,0.00041013577763576725,0.00021248068754946368,7.913447916507721e-05
632,0.0003975006917045637,7.010919405523244e-05,0.00029817037284374237,0.0006299128003581511,0.00020778405801272215,0.0004021704662591219,4.772356334593712e-05,2.3164293102272918e-05,1.7330050468444824e-05,0.0007827146531041995,0.0003447322674408372,0.00015350710600614548,0.000665841384833249,8.023104636146333e-06,0.0002902788110077381,0.0008615373164074791,0.00036999565534452834,0.00013682246208190918
633,1.7709750387742695e-05,0.0001131165982948372,6.198789924383163e-05,9.25934765791947e-05,0.0002533501629129707,0.00014670309610664845,5.930806728454002e-05,4.010406409710469e-05,4.600733518600464e-05,3.030869342959819e-06,0.0008464500577683373,9.830831550061703e-05,0.000138133317350006,0.000406942048379131,1.0796822607517242e-05,0.0008078363433746405,0.0006459886712520922,9.135250002145767e-05
634,0.00027618795224287895,6.674521229275282e-05,0.00010750442743301392,0.0001046640706879598,0.0001349336751573678,0.00016275374218821526,2.145901251035358e-05,7.070526003571183e-06,4.9173831939697266e-06,0.0005364306690874704,0.00021432617597801767,0.00021221989300101995,0.0007695582232402076,8.136536344167597e-05,0.00016330694779753685,0.00032789415744766126,1.534805605423427e-05,0.0005666585639119148
635,0.00010797452238137106,0.00011888627438094365,7.832003757357597e-05,0.00032110647585030516,0.0002013550819874657,0.00015377276577055454,5.2727807212141556e-05,1.1370375608297091e-05,2.4318695068359375e-05,5.3924620767448195e-05,1.6247566483433562e-06,9.94768925011158e-07,9.012194772629878e-05,0.00013741551122912338,0.00010894658043980598,0.001108487662158264,0.0002973227586021334,8.827447891235352e-05
636,0.00018143312298035674,0.00014891978973169406,0.0003979685716331005,0.00032266827156639255,0.00013004749563369847,0.0003072305116802454,9.555414565826266e-05,1.8528985431112927e-05,3.202259540557861e-05,0.00014081895419128243,0.0006428203170376519,7.232255302369595e-05,0.00012509346654593356,0.00014663337337974397,0.00018344679847359657,0.0016295846896439425,0.0002142978477610259,0.0009212316945195198
637,0.0006405821729048994,0.00016120385967348036,0.00023059966042637825,0.0007524498590622264,3.521616418974277e-06,0.0002905030269175768,8.987315787818001e-05,3.513615869040908e-05,1.6711652278900146e-05,0.0001973449524610149,0.00021849825865187522,0.0008248195517808199,0.0005194169463931392,0.0005558894030543889,0.000940665602684021,0.0019392059997678235,0.0006896089838049572,0.0005875546485185623
638,0.0008035861611732642,0.00025920500758378623,0.00024382956326007843,0.0007177030180330335,0.000318078529850014,0.0002141247969120741,7.345432785734948e-06,3.0362287341917274e-05,6.576627492904663e-05,0.0006463349049166955,0.0003158277244426841,0.0008152995724231005,4.237274132970481e-05,5.149925266137792e-05,0.0009042210876941681,0.000854123324147138,0.0006236875639719789,0.0006607985123991966
639,0.0005718538089966863,0.0002076635539540357,0.00017698993906378746,0.0002551294065906845,0.00020437260670671392,0.00022017164155840874,4.201840777971408e-05,4.443872201666385e-06,1.7393380403518677e-05,0.0006913923493532537,0.00023158555172277107,0.0007030837005004287,0.001170495474166644,3.714286536108183e-05,0.0006494820117950439,0.0013206136439930238,0.00010240368819198088,0.0011882111430168152
640,0.00019961062090405324,0.00017000322682080363,0.00024022208526730537,0.00014930223896940376,8.179687814680384e-05,6.593670696020126e-05,7.683682336335172e-05,3.438399284596649e-05,2.9139220714569092e-05,2.9900123976203674e-05,0.00043198852906352336,0.0002561192959547043,0.0007458443514489627,0.0003214514407080156,0.0004860986955463886,0.0004934575978088884,0.000498453641023017,0.0006586937233805656
641,0.00019607217890801887,2.0253896363477825e-05,0.00041622482240200043,0.00011971746682952478,0.0001185626156067314,0.00041226879693567753,3.7508083869935635e-05,3.0026526384548525e-05,3.4827739000320435e-05,0.0005032789874977392,0.00036993124941880895,0.00022566464031115174,0.00018891282462454861,0.00039421220038481086,0.0002506272867321968,0.0006951458768853502,0.00034913003055158775,0.0006413990631699562
642,0.00026091953955843794,0.00016027186088947432,8.084345608949661e-06,0.00010468300794508334,9.258072214413104e-06,9.341398254036903e-06,1.9415748643046918e-05,2.8603756289119638e-05,1.2401491403579712e-05,0.00017287045998494455,9.444355821080011e-05,0.000289597490336746,0.00011836203557369362,0.0003515507105439353,0.0002574212849140167,0.00010554802604520463,0.00038837053393097915,0.00014697201550006866
643,0.0004020148359293596,0.00011118829139792133,0.0002967752516269684,0.000155906683224169,4.3124255527837024e-05,0.0004430050030350685,2.537616482107055e-05,3.5648341890888533e-06,4.734843969345093e-06,0.0005175286803310239,0.0003381569354602189,0.0002139636781066656,0.0003114526498048248,4.605823628049677e-05,0.00037469808012247086,6.137479279760827e-05,0.00010689891880201214,3.44347208738327e-05
644,0.00022556836736949137,7.704342731459923e-05,1.935753971338272e-05,0.00022617539746516702,5.235252385670658e-05,0.00013123382814228535,2.4150896529481422e-05,3.2907026135384535e-05,2.246350049972534e-06,0.00020844255394268651,0.00015236776310355304,0.00014071009354665875,8.20149139208054e-05,0.00015261448647408207,2.0689796656370163e-05,6.9379003650449356e-06,0.0005842183712495026,6.42724335193634e-05
645,0.0005676382770854749,0.0002510436107707806,0.00028786109760403633,0.00016964560368240567,1.3193664259412985e-05,0.0002255092840641737,2.3877725004520234e-06,4.288156048308208e-05,1.9185245037078857e-06,9.67747757292109e-05,0.0003715863784729545,0.0003188220434822142,0.0003649111466863253,2.9442990329160007e-05,0.00019438890740275383,0.001137175748464142,0.0007270230297449125,0.0004775607958436012
646,0.0007147265767693534,0.00023025627403541749,0.0005570813082158566,0.00025578651188101764,0.0001993694270344057,0.00063932198099792,7.135809286003617e-05,1.5613618798443517e-05,2.0742416381835938e-05,0.0004927482238817615,5.054240772800825e-05,0.00030126958154141903,0.0005273093855339139,0.00018119869915013062,0.0003679869696497917,0.000201307521549704,0.0002019195807354936,0.00011669285595417023
647,0.0005732089261583501,8.409218402383872e-05,0.000148712657392025,0.0005976107584368257,0.0001244361528368529,0.00014357641339302063,6.250756690423e-05,2.436344931659978e-06,2.7913600206375122e-05,0.00019211168137839296,5.655262074318046e-05,4.5891792979091406e-05,2.6568839596591287e-06,3.7209196719921456e-05,4.981504753232002e-05,0.0006195145517364775,1.239591809427086e-05,0.0001733042299747467
648,0.00048131038386815816,0.00010499953531982117,0.0002857968211174011,0.00010271427666824762,0.00012082021378611099,0.00019626831635832787,9.743243536334753e-06,2.7090729808422205e-05,2.4594366550445557e-05,9.642929560213509e-05,0.00011933555636122611,0.00028635450871661305,0.00015416356958902755,0.00024036339112694372,0.0004325699992477894,0.0005217106138361294,0.00042070547348276813,0.0004996731877326965
649,0.0005757692069967568,6.67569729059167e-05,0.00048099784180521965,0.0002820517439417747,0.00011273751968635115,0.00039299577474594116,5.587933967564351e-06,1.745373617902102e-05,2.5548040866851807e-05,0.0006839970533619733,0.00022313278209946247,0.00014369824202731252,0.0006793577145590424,0.00019775193207828903,0.00027331989258527756,0.00016797133371718176,0.00024104491058704776,0.00029230397194623947
650,0.0003216178796485031,3.405106001139538e-05,0.0001736464910209179,6.577385167003125e-05,0.0001084817645142129,0.00010194070637226105,7.178896186590261e-05,4.177110301608732e-05,1.8123537302017212e-05,0.00010374105832200442,0.0004681207666598526,0.00017850490985438228,0.00026123709067051026,0.0005194108593407111,0.00030082836747169495,0.00011924863713314027,0.0005856689056148333,0.0006410367786884308
651,0.00029528956709085064,0.00012756990909997337,0.0005760267376899719,0.0008156239545707433,8.0812536353711e-05,0.00026678224094212055,2.7910742606447603e-05,0.00014318098423845313,3.773719072341919e-05,0.0007917844040037647,0.0015040153397276913,6.0038233641535044e-05,0.0010446025734102138,0.0014744801411436526,0.00044324109330773354,0.0008604671573518852,0.0021750963754605364,0.00032815709710121155
652,0.000995469739938179,0.00017189982107791713,0.00039377156645059586,0.0012159181994926688,0.0001070636326452358,0.00035024387761950493,5.53020621409453e-07,2.093348842573307e-05,1.0281801223754883e-06,0.0017799827294740778,0.0005907664173618703,0.0003383340663276613,0.001184044900424716,7.295802044032795e-07,0.00020788656547665596,0.0013472191920508025,0.0003761551496647732,0.0003519086167216301
653,0.0004759881831721685,9.864914419192503e-05,0.00026847003027796745,0.00017144066248281353,5.1744401797160916e-05,0.00034751417115330696,2.4100668374578763e-05,3.17496063576669e-05,6.452202796936035e-06,0.0003226728884099528,0.00042433688594600144,0.00013341056182980537,3.4337143782495194e-05,0.0003446948923495896,0.0002522692084312439,0.0007040916613987036,0.0006144943371411441,0.00029760971665382385
654,0.00018196824105884413,7.529484941032685e-05,0.0003565973602235317,0.00026258486200922415,0.0002159382745981972,0.00045315781608223915,9.837524720758724e-05,1.0348040564784093e-05,1.9297003746032715e-05,0.0003740211335335475,0.0005291507317863944,0.00016709021292626858,0.00035015917661132545,9.744911085271535e-05,3.3534131944179535e-05,0.0004450830088962021,2.2616481496697156e-05,0.0006608795374631882
655,0.00020629657976889426,0.00010149680344223935,0.000387619249522686,0.0002914682134790153,0.00017092825780723117,0.00041452469304203987,2.8429232802518536e-05,1.9788845513806505e-05,1.2226402759552002e-05,0.0001017605929174159,0.00012294840869013501,6.091466639190912e-05,0.00015216761833922177,2.0231961122264136e-05,0.00010271836072206497,0.0010846075353901363,0.00036380324765626637,0.00042183883488178253
656,0.0007445972457047617,0.0002155295485032245,0.0012896377593278885,0.0007045789245125195,0.0004326708787005598,0.0012537327129393816,0.0001461725224326544,4.606485330793718e-05,7.220730185508728e-05,0.00040177192954161944,0.00026776120470667006,0.001284112804569304,0.00046038735687167764,0.0006593459479615968,0.0013296320103108883,9.530447348699012e-05,0.0008807787413438453,0.001751817762851715
657,0.002073413574465416,0.0006230221433675548,0.001872377935796976,0.0017710818114136662,0.0009188425764464353,0.0015510136727243662,7.824729315921569e-05,1.2922669359890116e-05,4.7460198402404785e-05,0.0014771865511757631,1.597627649910574e-05,0.00034008792135864496,0.001657232345333659,5.342367196093864e-05,0.0006677252240478992,0.0008259080115789741,0.00021296205414963066,0.001386287622153759
658,0.0006415874726685145,0.0006668746211629349,0.00010429881513118744,0.0009827262491623606,0.00011587043568916933,0.00038724252954125404,5.184353534176851e-05,7.343879934283113e-05,0.00012906640768051147,0.00015198369041442839,0.000581905207061223,0.000721759395673871,0.0009688786060579324,0.0011498249283217951,0.0003161863423883915,0.0021232621111781924,0.0011677764661620965,0.0010992828756570816
659,0.00019993146600109923,7.75247060496205e-05,0.00015891436487436295,0.00043929160814873414,0.00012222252730969413,0.00027125002816319466,3.616218632479691e-05,7.595762154984412e-06,4.3623149394989014e-05,0.00013169801311715967,0.00012410589694206858,1.3888347893953323e-05,0.00015728745680076983,0.00013426208304112563,0.00017163110896945,0.001559067203772857,0.000364559398125428,0.000789126381278038
660,0.0006313361307268145,0.00017534204328535294,0.0009098825976252556,0.001450341681630482,0.0003624521709981836,0.00055678840726614,1.4955149663703829e-05,3.4125409420072744e-05,8.174404501914978e-05,0.0007229163811822634,0.00021686331704994302,0.0005845921114087105,0.0004427052004503107,0.0008048298115232513,0.0010634073987603188,0.00022117421569831097,0.0006863357010133261,0.0015755193307995796
661,0.0005599157959788048,0.00028857751327422687,0.00046805478632450104,0.0006734188918285922,4.440738551622289e-05,0.000515395775437355,5.637085221438243e-05,5.944955403830123e-05,3.829598426818848e-06,6.600124816737857e-05,0.00011685979033471475,4.072196315973997e-05,0.0003133651630474743,0.0004733421384449689,0.00019540125504136086,0.0004517805398892849,0.0011818850034160128,0.0006482116878032684
662,0.00014906745003261113,0.0003121886984644162,0.0009306278079748154,1.861482218938615e-05,0.00045142932315369796,0.001202715327963233,0.00013132191749517727,7.013755626958851e-05,7.126107811927795e-05,0.0005952732441243669,0.0016244217467677007,0.0003303352277725935,2.3998838488067942e-05,0.0007682969641964223,0.00012813741341233253,0.0009914944104008339,0.001132556028924159,0.0007195007055997849
663,0.0008712461454081777,4.9495855904878316e-05,0.00016398262232542038,0.00031276951671062314,0.000159704666040119,0.00023652845993638039,4.2549721102173865e-05,6.969961706169677e-06,2.1807849407196045e-05,0.0005292441510678786,0.00022330680756057,0.00046962115447968245,0.0003522638172424042,0.0001577604000371942,0.0005359542556107044,0.001980402884574267,5.564632196974461e-05,0.0007241042330861092
664,0.0014352017795577765,0.00037936714650693357,0.0004932889714837074,0.0018427390263099919,0.0005456423392376925,0.0004908510018140078,8.063243727117822e-05,1.9623687042829663e-05,4.4092535972595215e-05,0.0024471287085904014,0.0007834379476500467,0.0003078104928135872,0.002191378636799274,6.578324997819074e-05,0.00031428737565875053,0.0035015726265701375,0.00034642993784440596,0.0003521190956234932
665,0.0003369574911255835,6.636879602176654e-06,0.0003314334899187088,0.00021081150206195276,8.639217060509713e-06,0.0002831679303199053,8.239302555244563e-05,2.750163470715541e-05,4.5299530029296875e-05,0.0006042711676605833,0.0010863047243910122,6.779818795621395e-05,0.0007954995119071606,0.0002900014196537924,0.00018720654770731926,0.0013798056136428982,0.00045045780164633484,0.0001498265191912651
666,0.00043080060462648284,0.00017831965621933205,0.0005411161109805107,0.00022494667288590342,5.147350616915847e-05,0.00029856921173632145,3.467783108512118e-06,6.732196065317128e-05,2.250075340270996e-06,0.00021898775302423013,0.000914967663482185,0.0005262602353468537,0.0001377416802281345,0.0008776997619478095,0.00019855285063385963,0.0006628531148518135,0.0011312960994923453,0.00013281963765621185
667,0.00020837818538665953,4.412201576656574e-05,0.0007318407297134399,0.0003151272775806513,5.0651705807418235e-05,0.0004474739544093609,5.0926488503228937e-05,3.798896698175089e-05,5.947798490524292e-05,0.0005228620191224803,7.500513325948976e-05,0.0006465455517172813,0.0004140608104602067,0.0008707356782118418,0.0011158795095980167,0.0006569584382560001,0.0004803558381593987,0.0014493828639388084
668,0.00030472709368606354,0.00023513963845508967,0.0002932073548436165,0.00018110063621910866,7.386417107880724e-05,0.0004273299127817154,7.867895811357328e-05,2.0898608274145126e-05,3.544241189956665e-05,0.000704579791433041,0.000358182817201267,3.610213752835989e-05,3.4849925187402375e-05,0.00012689309234496793,0.0002599707804620266,0.0018774410536016028,0.0004510945409169978,0.0007571624591946602
669,0.0007776421224276048,4.3285215301513275e-05,0.00018064724281430244,0.0004456533771868554,0.00011501920191432646,5.219271406531334e-05,2.0203696304467098e-05,2.4818871584852866e-05,1.1056661605834961e-05,0.0013234870669014825,0.0013044205579925208,8.678017184138298e-05,0.0006833547171682802,0.0003804950641099203,0.00015112664550542831,3.790225793368074e-05,0.0005565090792978645,0.0006625698879361153
670,9.309961445273796e-05,0.00013896631059354472,0.0006498172879219055,0.0003317124584402281,9.301836022058627e-05,0.0009329363238066435,0.00012794589105355643,6.034597215740802e-05,2.5216490030288696e-05,0.0006388075733146925,0.0008099408367883351,0.0001700012944638729,3.907194108702938e-05,0.00014717097893479636,0.0005557406693696976,0.0026721920983636127,0.0010672322878651124,0.0004988843575119972
671,0.0002982794736476335,0.00013461994362576682,0.00019763922318816185,9.57569809349329e-05,1.2453253820991078e-05,0.0001424823421984911,1.9807976372455266e-05,7.508373582224475e-05,4.424154758453369e-05,1.3504425452615099e-05,0.00046728125912764984,0.0006136712618172169,1.0881124748937654e-05,0.000533572907483907,0.00011414941400289536,0.0012906458807427357,0.001231088339639229,0.0007859645411372185
672,0.0006745095460925082,8.812048915546669e-05,0.00024110358208417892,4.2351589421965596e-05,4.865688118270775e-05,6.490573287010193e-05,7.428782588672286e-05,2.733384997916869e-05,2.9578804969787598e-06,1.928953294219604e-05,0.000547706426568869,0.00013300171121954918,0.0006835610392631059,0.00039214421127151816,0.0003644065000116825,0.0013909988069158996,0.0004220762950104852,0.00047644320875406265
673,0.0006448713942381473,0.0002990063597954201,0.0006290385499596596,0.00038310155808564395,0.0002391851210031444,0.000799005851149559,2.2641217218757198e-05,2.38776932341514e-05,3.976374864578247e-05,0.0006970493475136202,0.00017572654326734535,0.0001406169030815363,0.0002292548443516007,0.000252689106287559,0.00033696694299578667,0.0002806221589804758,0.0004422162645128895,0.00022239238023757935
674,0.0005483191619240768,2.6652979966693136e-05,8.883187547326088e-05,4.4136577245126873e-05,5.182097326666968e-05,6.495928391814232e-05,1.6118811327394886e-05,4.609857262132791e-06,1.0125339031219482e-05,0.00013087293192927396,0.0001665720026943658,0.0002220796886831522,3.334482633604585e-05,0.000252814645836711,0.00018049543723464012,0.00015877593939978007,2.9622955008025767e-05,0.00020007696002721786
675,0.0003551322905910592,1.373505391447441e-05,0.00012247543781995773,0.0002532800308862465,2.03060603695647e-05,3.5484787076711655e-05,5.860887263751946e-06,2.5380839802573163e-05,5.2347779273986816e-05,0.0007103382909782324,0.0003903520504145719,0.0004041697829961777,0.0007404157902294456,0.0004385674155809524,0.00030542630702257156,0.0013106536974089866,0.00037636078372437366,0.00022391509264707565
676,0.0007721586693072019,0.0001224858078273175,0.0002538091503083706,0.0007362377547365934,1.754310534876624e-05,0.00017301412299275398,6.358009800440725e-05,8.581310690360935e-06,9.198859333992004e-05,0.001072454218780293,0.00021246733972262247,0.0009825611487030983,0.000827401576408926,0.00016414734927848798,0.0011121062561869621,0.0018700926886454083,0.00022144895308728266,0.0015172958374023438
677,0.0002492072942779505,5.418353526191397e-05,0.0003878972493112087,0.00011153181903811316,4.257267292740591e-06,0.0004822281189262867,6.665861391601073e-05,3.1023698982657105e-05,1.1224299669265747e-05,0.0008304975035959353,0.0007066106764401885,0.00011546513997018337,0.0003010791244093536,0.00018103833644720832,0.0002574082463979721,0.0004111657143031078,0.00047591126581088706,0.00041821040213108063
678,0.00029111216614850777,0.00016880557454369144,0.00047816289588809013,9.619311709951894e-06,5.4196241510595655e-05,0.0004448080435395241,8.926295272071623e-05,2.2359139022148564e-05,1.5370547771453857e-05,0.0004249205366938791,0.00033835480950142327,0.0001677356194704771,0.00013237143249103522,0.0006166893802570933,0.0001276833936572075,0.0006377743513989453,0.00047328548329828805,0.0004202853888273239
679,0.0002453826529759118,0.0002614214294252293,0.0003549279645085335,0.00030977304479387624,0.00014868793638215388,0.0006625233218073845,3.417268564336051e-06,3.9716253954576305e-05,5.2891671657562256e-05,1.006976211831434e-06,0.0008153918039680609,0.00038308347575366497,0.00018343888150332277,0.0006900707862347727,5.685724318027496e-06,0.0008013440286422369,0.0006415276937482639,0.00023396499454975128
680,0.00017775135545018694,0.00010853823390088307,0.000315964687615633,0.0008332640660714541,2.120555674694352e-05,0.00040061352774500847,0.00010512148790392008,2.7257686502690673e-05,1.0348856449127197e-05,0.0002167461293057782,0.0008730433655436028,0.00035848468542099,0.0003413332439265865,0.00010247886128171568,0.00046458886936306953,0.0014090374528273886,0.0004868011098905795,0.00014621391892433167
681,0.0002467661695241402,4.343999953406938e-05,3.7420541048049927e-06,0.00014299447748800098,8.885791377449132e-05,0.00023860950022935867,5.2828754940411823e-05,5.3764663963552415e-05,6.847083568572998e-06,0.00047795215335452723,0.0005419404376900971,0.00010778103023767471,0.0003790079809441599,0.0006880948624676426,0.0004398464225232601,0.0005087555276136191,0.0008329746831118121,0.00028623733669519424
682,0.0002108956745038998,0.000110092255162373,0.00019759079441428185,0.000673818034035642,0.00016095143381123986,0.00037008011713624,7.28101656198403e-05,1.8667839263478256e-05,3.8314610719680786e-05,1.6604562952715618e-05,0.0006517445949592512,0.0002682926133275032,0.00020537665673013572,0.0001559935762210883,0.000477498397231102,0.0016904637276701218,0.00022297263580394952,0.00020601786673069
683,0.0001506211178892991,9.367350692658649e-05,0.0006482754833996296,0.00043724624142836566,7.19340561142201e-05,0.0005054937209933996,8.300139115278299e-05,1.880196572666968e-05,4.383176565170288e-05,0.000596632827965321,0.000167465307266787,0.0003815768286585808,0.0006409180448355145,0.0001406306700647529,0.0005479548126459122,8.295992968054833e-05,0.00040003523678807783,0.000842629000544548
684,7.2171513156582545e-06,0.00010905937021471468,0.000367575790733099,0.00011315837003497697,0.00011346995122137049,0.0003057662397623062,2.5600807541655696e-05,2.101097108710517e-06,2.3715198040008545e-05,0.00019999920910565572,5.6072211254754034e-05,0.0003007742343470454,1.601336552567445e-06,6.90644539315631e-05,0.00022693024948239326,0.0008743453587565786,1.5860313776892843e-05,0.00038268882781267166
685,0.0005266838248829953,0.00010716617936801232,0.00033553410321474075,0.000352517907691155,2.01222405152926e-05,4.4017331674695015e-05,2.309051221363427e-05,7.067090223802312e-05,1.087784767150879e-06,0.0007876316001155653,0.0007085490695972127,0.00015459279529750347,0.0003272617420228968,0.000579857613435944,0.00036527030169963837,0.00043420936859364656,0.001173865893822833,0.00035333819687366486
686,0.0006929708112769356,0.00010458008958373968,0.00016904156655073166,0.0010912794719258878,1.0107858447825496e-05,0.00039739860221743584,3.711642327108161e-05,0.00011195944659494111,5.695223808288574e-05,0.0007947015516117789,0.001170289950836484,0.0005968731129541993,0.0013413469837380843,0.0016712713933167075,0.00019153999164700508,0.000995059029039208,0.0018442753751660382,0.00029827747493982315
687,5.359047316078058e-05,0.00015838847043247312,0.000718764029443264,5.397022011757735e-05,5.8779743661550865e-06,0.00033310893923044205,5.234772187675055e-05,6.97811952712983e-05,3.761798143386841e-05,0.0006953698203189321,0.000887864890923698,0.00024549313820898533,0.00017715387571998198,0.0006904782684701814,0.0003653871826827526,0.00043778185204271236,0.0010766577233535905,9.421445429325104e-05
688,0.0010057499608487758,4.7285486504754226e-05,0.0004965788684785366,0.0008081874601218175,9.696819381294422e-05,0.0002584257163107395,0.00010064974968437834,3.253664394538443e-05,2.442300319671631e-05,0.0013705341377356836,0.00043006230181149435,0.00035510933957993984,0.0012089506905110514,0.00021626034465045338,0.00012549012899398804,0.0026113967635976176,0.0005512056086693787,9.583868086338043e-05
689,0.0002275608044109978,0.00015918245518103946,0.0005942918360233307,0.00038812240363905737,6.0873949529579446e-05,0.00029753614217042923,2.844903147079282e-05,4.4679647319703696e-05,4.293769598007202e-05,0.0007440736524191166,4.954933969367539e-05,0.0002777104964479804,0.0007341163482926794,0.00038454095903793506,0.000735363457351923,0.0009487307635247799,0.0006910741402953819,0.0012005660682916641
690,0.00023843495114315993,0.00011656844820977924,0.0005162619054317474,0.00016080707811039208,5.063407839491288e-05,0.000491725280880928,5.513069027064145e-05,2.7285790772875072e-05,2.3148953914642334e-05,0.0006907567865047301,4.7799274800742336e-05,0.00037959450855851173,0.0004023214466370717,0.0006624647721027409,0.0002807718701660633,0.00018463281868372206,0.000537881931351074,0.00016789790242910385
691,0.00013129472740162906,9.200567076615707e-06,8.17994587123394e-05,2.1911415263725642e-05,9.413270116755135e-07,0.00010324642062187195,3.7924138996866044e-05,6.361218387422628e-05,5.420297384262085e-06,0.0010427488480338545,0.00042130598813311035,9.574228897690773e-06,0.000468765284928202,0.0009786761962017956,0.0002899044193327427,0.0007685513992930493,0.0010470100818719286,0.00011397898197174072
692,0.000736155275208511,0.00023670981001130617,0.00090803112834692,0.0013006465341395684,3.930006306578776e-05,0.0012845280580222607,0.00010315833765170423,7.969552180572224e-05,8.748099207878113e-05,0.0002996988634687142,0.0009173985533457336,0.0006285744020715356,0.0007339260653229651,0.0015729962854002903,6.777187809348106e-05,0.000412246984420217,0.0013149650566986852,0.0010097967460751534
693,1.0570420780189882e-05,6.191540853234256e-05,0.0001119622029364109,0.0007104689193762892,0.0003239774952867383,0.0002881786786019802,2.6060486543799666e-05,0.00010054098866256472,5.346164107322693e-05,0.00026464386733970197,0.0008728194198454123,0.0004904686938971281,0.0008466133073237112,0.0011798072713338562,2.7284491807222366e-05,0.001166958489522002,0.0016557492048345623,0.00037529319524765015
694,2.0711580067056534e-05,0.00019444394102878515,6.34421594440937e-05,0.00023801273993598326,0.00016739526791540935,0.00016029458492994308,3.8325208680082407e-05,6.314444849443409e-06,4.678964614868164e-06,0.00029591305267007845,0.00034619794006599675,7.51209445297718e-05,0.000304922936215285,0.0007304515158557991,0.00031140679493546486,0.0009545637230591597,1.6435336887849622e-05,4.908069968223572e-07
695,4.1811299411859126e-05,1.16901701070031e-05,8.462416008114815e-05,0.0002169880861473128,0.0003036844643977514,0.0001248205080628395,3.1745783228013386e-05,1.2616513781378352e-05,1.9077211618423462e-05,0.00020041764777745108,0.0004515853382651251,3.71662899851799e-05,0.0018059107375310024,0.0001864754681679022,0.0001493450254201889,0.0009816311615037654,0.00014977132562575112,0.0002446398138999939
696,0.0002046923646794041,7.853502628517306e-05,4.293397068977356e-07,0.00013616518497616692,0.00010219018122210877,0.00017992034554481506,2.0055905953331177e-05,4.538125107437184e-05,2.6132911443710327e-05,0.0007107592007998612,0.0007532776231198544,0.00021622050553560257,0.001023041175965335,0.0005458052591906619,6.0158781707286835e-06,0.001194115201890611,0.0006929040072542686,0.0005176356062293053
697,0.00021057527585742475,0.00018132792076977142,0.00011800974607467651,0.0003474770506387975,5.629582197768171e-05,0.00025180354714393616,2.205720592576843e-05,8.066926433867433e-05,7.100403308868408e-06,0.000693792508357674,0.001612761635892912,5.013495683670044e-05,0.00011119662367049116,0.0009188313559513363,0.0004232637584209442,0.001879555747401479,0.0011912656469745117,5.165766924619675e-05
698,5.630280034459034e-05,0.00011299897771279224,0.00023052003234624863,0.0004926820778799468,0.00022701973465729872,9.604822844266891e-05,2.6847936326269972e-05,7.347908473447659e-05,3.719329833984375e-05,0.001300833216479072,0.0004385016986554989,0.00038361852057278156,0.00041263523751941533,0.0017075354553083844,1.1214986443519592e-05,0.0022972877060204733,0.001127113833232689,7.345713675022125e-05
699,0.00039889579374571826,6.684050981007814e-05,7.559824734926224e-05,7.976982551297085e-06,3.922212587929852e-05,3.015715628862381e-05,2.9643277051150455e-05,1.710693588353741e-05,6.344541907310486e-05,0.0012368911640087688,0.00020376755058079676,0.0005391354206949472,0.0009540494642909861,0.0007153608313582374,0.00042237062007188797,0.0021229744695843156,0.00024320696010248508,0.0006235949695110321
700,0.0005442244177940314,0.00021840550592641672,0.0001724190078675747,0.00014546660932196476,0.00025758305540856535,5.629146471619606e-05,1.757687456179803e-05,8.064449338279214e-06,7.959455251693726e-05,0.0013964935857089036,0.00044454286813334215,0.000515954801812768,0.000625059944853977,0.000363652852743198,0.0007183244451880455,0.0026013621259991238,0.0002319265082509586,0.0010420558974146843
701,1.868716984347596e-05,0.0001586643714109534,2.0479317754507065e-05,0.000603302175794504,7.455809654315776e-06,3.3550430089235306e-05,4.485012842943975e-06,3.68338561002913e-05,5.0593167543411255e-05,0.0008155559006729693,0.00019523520333054184,0.0002962977159768343,0.0011643424985731399,0.000606795814852238,0.000326626468449831,0.0024057310132874765,0.00048209177091890123,0.0005341591313481331
702,0.0005622423532651855,2.6564897220700268e-05,2.704095095396042e-06,8.988407979693136e-06,0.00011707448747565186,0.0002816668711602688,5.7674932568047704e-05,9.698166274059797e-05,5.934759974479675e-05,0.0007440876119623185,0.0007632680266777964,0.0005774400196969509,0.0014287082136943408,0.0015241434943654639,0.00017453916370868683,0.002055873942958114,0.0014646749079101485,0.0007982570677995682
703,0.00034681179229784087,4.598160285804523e-05,0.0003840746358036995,0.00016039538899884076,9.116061893002167e-05,0.0001896219328045845,3.86959961439174e-05,8.126664672578434e-05,3.1307339668273926e-05,0.0006815080518413688,0.0006722713325826024,0.000688423402607441,0.0008544393291448141,0.0014973712255519078,0.00040099723264575005,0.0009167239901162472,0.0012388915797184284,0.0004871636629104614
704,0.00024281057172879927,4.940133104966091e-05,0.0007743136957287788,2.9298866474875007e-05,0.0004421944991930306,0.0009341142140328884,0.00014393061004836817,6.016718610384216e-06,1.7121434211730957e-05,0.0011196906697541267,0.0008744041890448619,0.00047839758917689323,0.00038690936525589276,0.00020577090257539732,0.0007396219298243523,0.0007987129442325325,2.568976262876544e-05,0.0007211528718471527
705,0.002281283135366033,0.0002632072704457193,0.001882732380181551,0.002690631366781354,0.0012654091653262027,0.0016503254882991314,8.623585165358147e-06,5.60168865335274e-05,3.6172568798065186e-06,0.0014530595027982818,7.296029314320107e-05,0.0009453045204281807,0.0012648840312602869,0.00034828464426847963,0.0006785532459616661,0.001461694616812531,0.0009238748476649294,0.0006007738411426544
706,0.0007593000957154539,0.00030530105686103065,0.0002996111288666725,0.0007550664615916247,0.0002748863043424282,2.8978101909160614e-05,1.412657928348722e-05,4.950862888313863e-05,6.607547402381897e-05,0.0006261210122937289,5.847773796824329e-05,0.0008238169830292463,0.0007162166008389467,0.0009126132297411389,0.00044914474710822105,0.00210052024605821,0.0006767791508989077,0.0005821641534566879
707,0.0009747603309025188,6.370650773361228e-05,0.0004177922382950783,0.0011895241910202525,0.00028476329903889125,0.0007117739878594875,6.948328515938261e-05,2.0508501732017397e-05,4.675239324569702e-06,0.0012932378983462264,0.00013136164980493553,9.130849502980709e-05,0.0004033302832372604,0.0006484762982998694,0.0004473049193620682,0.0024854164307267917,0.00015175673165412863,0.0012528244405984879
708,0.0018517984959404987,6.963098923880306e-05,0.0014929180033504963,0.0026735867604289615,0.0005583518722201107,0.0013747606426477432,0.0001372054339535151,2.8334816728685798e-05,9.544193744659424e-05,0.0007897331755770814,0.0007966921039823799,5.8055855333805084e-05,0.0018395007447875172,0.00044526164304503624,6.694905459880829e-05,0.0007290621692358501,0.0005601557352757215,0.001972830854356289
709,4.815794291293529e-05,0.0005625161922735607,0.0008314927108585835,0.00023484425378814122,1.0130691838937389e-05,0.0005050604231655598,7.573133686436355e-05,6.259715716818505e-05,3.639981150627136e-05,0.00020287214420935257,0.0007255661856842253,0.00010089320130646229,0.0008373255968833759,0.0008300285957538039,0.0005155247636139393,0.0009268103590203136,0.0010493675133532439,0.00043106917291879654
710,0.0008292893636451526,0.00014128307217782868,0.0001784670166671276,0.0005172932144255488,5.066459327096248e-05,3.0180905014276505e-05,4.188608519582401e-06,9.7090480118825e-06,1.4238059520721436e-05,0.0009784474971475873,0.00014654189415980526,0.00024438626132905483,0.0014862261701804116,1.6720546721308432e-05,8.698087185621262e-06,0.0012332878992337704,0.00018246584732376685,7.620081305503845e-06
711,2.3046973214424504e-05,0.00021083383593118593,0.00024256901815533638,0.00017766469373578508,0.00011673703362703389,0.00041531026363372803,8.401248622691426e-05,3.025744465656369e-05,7.078051567077637e-06,0.00028749137961631144,0.0005879673538430677,0.00023113912902772427,0.0002473914410342157,0.0002770651985294012,0.0005025826394557953,0.0005087716385271113,0.0003984833035361752,1.0864809155464172e-05
712,0.0004831439531921278,7.870918714630512e-05,5.791196599602699e-05,0.000635748989602683,1.890068222528893e-05,8.58306884765625e-05,3.891187194357375e-05,1.4102434354260833e-05,4.9717724323272705e-05,0.0006904020608704542,0.0003057204780866664,0.0005705214571207762,0.0005375301422551812,0.0004983427837572628,0.0005159485153853893,0.0013590869028416441,0.00018040721779329083,0.0005728341639041901
713,6.426634925769947e-05,0.00019849120360176248,0.00012297648936510086,4.289503240670345e-05,0.00010874947969998286,4.6475790441036224e-05,4.1604098694492456e-05,1.526980675133939e-05,3.230571746826172e-05,0.00016232103279017335,0.00020444902689852745,0.000325656495988369,0.00037343157305162744,0.0001810283562459422,0.00040379026904702187,0.0010085074564521734,0.00027954360810002405,0.0005064317956566811
714,1.0022397407993822e-05,0.00022586875704514245,0.00020204810425639153,5.980358252079265e-05,8.794422591482803e-05,0.00020592054352164268,5.66267976203922e-05,5.965442724578489e-06,1.3493001461029053e-05,0.00022157735088727815,0.0005205804193580549,0.00011949730105698109,0.00040536642529975797,8.668194623292005e-05,0.00012029753997921944,0.00021952252203247258,0.0001179038509029201,0.00014344137161970139
715,0.00018501723495914502,0.00012451358577302007,0.00043312693014740944,0.0003312671837445158,0.00013563707824569907,0.0004729246720671654,7.099878236310406e-05,3.0922119164330814e-06,1.9121915102005005e-05,0.000524339813739276,0.00024215518233218145,0.00016717263497412205,3.53232353255753e-05,1.963978709597705e-05,8.444301784038544e-05,0.0006856802314278432,0.0001458716959265912,0.00046768225729465485
716,0.0003319359092906482,0.00011332551355531378,0.00020467955619096756,0.0005571380701123452,0.00010131131121293366,7.472746074199677e-05,9.945980530194284e-06,5.563928489739551e-05,9.082257747650146e-06,0.0009075380379262102,0.00019084569826012532,0.00016707205213606358,0.00031144812310846676,0.0006950717402526806,0.0001978776417672634,0.0018227558965260016,0.0008529564993461553,2.6570633053779602e-05
717,0.00040040911316935324,1.6878225282825066e-05,8.704187348484993e-05,0.0002999658721375975,6.671447475616044e-05,0.00025454070419073105,1.788140748097862e-05,4.3127517670534974e-05,4.404038190841675e-05,0.0009279254533197251,0.0004964416534294566,0.00046033691614866257,0.0003719359631830857,0.0012347987772609106,0.00022082962095737457,0.0010028631740007232,0.0007077138422771517,0.0006259074434638023
718,0.00037639595217034416,8.508394012212914e-05,0.0001448146067559719,0.00016695062193212984,5.494789904746805e-05,0.00010273000225424767,9.04939734014034e-05,3.254060775224538e-05,2.9899179935455322e-05,0.0016874370039669656,1.845335101383766e-05,0.0003770594485104084,0.00014160900829637835,0.0010070957329076993,0.0003827107138931751,0.0006165736700525781,0.0006053947200487146,0.00029873941093683243
719,0.000318816717112716,0.00014192354620827866,0.0004056324250996113,0.00014405843810694208,0.00021506262562438067,0.00026582274585962296,6.24962782305883e-05,2.6108212062417568e-05,4.4852495193481445e-06,0.00017371866984110945,0.0002899251032495512,0.0001370545942336321,0.0009925220987364938,0.0004782139214554483,0.0002799942158162594,0.000459269964185105,0.0004359550556889539,0.0002918196842074394
720,0.00010474450163103222,0.00014110787402963482,0.0005290508270263672,0.0002266279741252042,0.0001732871661288965,0.00048191845417022705,5.169975178413548e-05,2.8418784765585386e-05,2.806633710861206e-05,0.0002054454216936924,0.00016352104281987245,0.0005542419385164976,0.0011745685154682037,0.00046648593318106973,0.0005272980779409409,0.0003168227188218298,0.0005021464183753333,0.0005718851462006569
721,0.00012846357944069908,3.0356240316473798e-05,1.6019213944673538e-05,0.00020916359357266157,0.00011487694881022123,6.634090095758438e-05,5.263492291497987e-05,9.378661524099812e-06,5.338340997695923e-06,0.0009619727378098394,0.0004614118358543598,0.0004328156355768442,0.0007629456779842739,4.344125962940995e-05,0.0003680633381009102,0.0003209548556667996,0.00018446973774339636,0.00037664640694856644
722,0.0007637974945092496,9.543489843953645e-05,0.00028194813057780266,0.00048306816173207534,0.00010957903966523491,0.00021277833729982376,5.015164659327026e-05,4.175777206667317e-05,7.543712854385376e-06,0.0003896064963276047,6.154389700710472e-05,0.0003888658247888088,0.00018465306758232158,0.0005934065519038745,0.00025232741609215736,0.0005900111898906879,0.0006178366100640334,9.007751941680908e-06
723,0.00021415149588056848,0.00023189167346415393,0.00040033459663391113,0.00032196487525321116,0.00013006779841050198,0.00015601608902215958,5.260657330842522e-05,9.295486760776527e-05,3.0975788831710815e-05,0.0007379997125302393,0.0013280487162322559,0.0006763048004359007,0.0006601075250716876,0.0006411415598324352,0.001073592808097601,0.0009496801874443739,0.0014417696508426572,0.0007954733446240425
724,0.0010355428095321362,3.473132577930249e-05,0.0002520964480936527,0.0001863934246426613,0.0001264886799156352,0.00010301405563950539,0.00014268982239272476,3.225576523872687e-05,1.9125640392303467e-05,0.0004893549324441263,0.00046586103383817676,0.0012613660655915737,0.0012572689839788417,0.0003324919870837939,0.0010088598355650902,0.0017006243071893135,0.00034375071265280036,0.00080101378262043
725,0.00022643944430408847,3.0480019325863222e-05,0.00015796953812241554,5.215843778838547e-05,0.0002579555811293155,0.00030291127040982246,8.251423836785551e-05,3.22213683923388e-05,3.632158041000366e-06,0.00037238724784528776,0.0002342429948279101,0.0007255030795931816,0.0002637120206381918,0.00034214265640895164,0.0005477191880345345,0.0012033921085366217,0.0004992871188601107,0.0008813757449388504
726,0.00041217864812095883,0.0003035017411788521,0.0006046826019883156,0.0011198862583493702,4.778561345255075e-05,0.000491004902869463,0.00015756712907091103,7.839249760476018e-07,1.1693686246871948e-05,0.0007036035807891985,0.0006462412403385603,0.0011462182737886906,5.233366562638203e-05,0.0006090331125775846,0.000966646708548069,0.002395249481983913,0.00010515938791960666,0.00037517212331295013
727,0.00020961749179321254,0.00026502097015046813,0.0006759986281394958,1.883056166412933e-07,3.821484378642437e-05,0.0005074068903923035,6.311467391144354e-05,4.76937879695148e-05,5.5845826864242554e-05,4.634844246254738e-05,0.0006413948307662856,1.3903714716434479e-05,0.0003645098371030664,0.0006222563869973836,0.00019553303718566895,0.0008889480057568677,0.0007046176720041416,2.7233734726905823e-05
728,2.7018052749072652e-05,0.00015959056800123397,0.00099258404225111,0.00015263627628206433,4.473148790230114e-05,0.001279864925891161,0.00019801152459263636,8.648152187052606e-05,8.680671453475952e-05,0.00038884287308634663,0.0012288325015739412,6.2508974224329e-05,0.0008208232337426485,7.227531483500887e-05,0.0003757067024707794,0.0031388788515575583,0.0014395427584365757,0.0018027769401669502
729,0.0004767085458255854,5.091996083833941e-05,8.020410314202309e-05,0.0008197892096889897,0.00041612294159599356,0.00011280970647931099,4.393394723314903e-06,3.111907612882972e-05,1.539289951324463e-05,0.00012758400254864882,0.00041880874818039926,0.0003230157308280468,0.0008978649768246957,0.00042632777384772266,0.0003619445487856865,0.0005274006552269395,0.0005060954642020911,0.0002605617046356201
730,0.00031479305900751486,4.1709811789955586e-05,0.0007100468501448631,0.0009367166122241088,0.00010853081162438133,0.0006789602339267731,4.930815562367158e-05,3.7188137603432836e-06,4.3157488107681274e-05,0.000186534341053389,0.0004633178525917936,2.9441434890031815e-05,0.0006041621165023478,0.0003681717922971242,3.987457603216171e-06,0.0009953712855751973,9.464106672159864e-05,0.0009695645421743393
731,1.1252953360518791e-05,0.0001892791002670903,0.0004073651507496834,0.00011526874284845112,0.00013299530867927692,0.0006986763328313828,6.035098211590491e-05,8.461365557522853e-05,2.5212764739990234e-05,8.90573326551014e-05,0.0010951014062072911,9.573064744472504e-05,0.0005435824534617342,5.873818747864981e-05,0.0005265814252197742,0.0025633436161178746,0.001253358221643061,0.0003281179815530777
732,0.000272389675738019,0.00017106592045854074,0.00028445199131965637,0.0007368843474496178,4.041537845408602e-05,0.00033375201746821404,6.768794541407372e-06,9.245175940448088e-05,6.0930848121643066e-05,0.0008504793312051895,0.0011054149213362077,9.59387980401516e-05,0.0001684938214495113,5.8371082630584437e-05,4.611257463693619e-05,0.0006524617587052584,0.001372115809799632,0.0008079903200268745
733,4.19886021740673e-05,0.00034766765299219793,0.00023152539506554604,3.6075646717675935e-05,0.0004517580127254839,0.0008484520949423313,3.113531113976657e-05,0.0001229337100887477,2.6464462280273438e-05,0.00016601939992617887,0.0015717629705429073,1.3801269233226776e-05,0.0006904054202473489,0.001115136820521584,0.0008818060159683228,0.0006211483340791135,0.0021468570419495778,0.00042102113366127014
734,8.516352147490414e-05,0.00035268322636902716,0.0011418224312365055,8.144698303209907e-05,0.00029638855350268625,0.0007823365740478039,7.507518984385154e-05,2.008597773753935e-05,5.24669885635376e-05,0.0007039503345330211,0.00042348488918161203,0.0005657458677887917,0.0009403554042945669,0.0004188460014287812,3.44226136803627e-05,0.0012684472046174677,0.00018277417292292264,0.0008805477991700172
735,0.0001498366781411825,0.00019726407237950078,0.0004672268405556679,0.00021880295368298386,0.0003270102747914491,0.0003096668515354395,2.415620802830032e-05,7.019206693432533e-05,2.7570873498916626e-05,0.0005552561065729281,0.0003419130324192332,0.0005637146532535553,0.00016865301346619815,0.000404352408154781,0.0002820836380124092,0.0001718059442483988,0.0008474202028770292,0.000502394512295723
736,4.539875345918598e-06,1.1276312737514005e-05,0.00039346423000097275,5.607131861178061e-05,0.00040984406983745475,0.0003437648992985487,4.771149201288419e-05,2.2286947363585742e-05,2.8185546398162842e-05,0.0010950768019987248,0.000539509292418118,0.00017294613644480705,0.00030512145823707176,0.0005817540736869214,5.159247666597366e-05,0.0008980136927713156,0.00015592821961969532,0.0002859774976968765
737,0.0007546929357915566,2.2758915102744776e-05,0.0008773887529969215,0.0005406804994854686,0.00026488791459857233,0.0008016675710678101,5.6211814986030506e-05,5.121858536554695e-05,4.138052463531494e-05,0.0016613857122356815,0.00046031957956276653,0.000868591945618391,0.0015213270912591975,0.0004364592021185443,0.0006614010781049728,0.002819509510009477,0.0007683017599015678,0.0009351586923003197
738,0.00045281025579854695,0.0001415926717355069,0.001089210156351328,0.00039060919195067767,5.025624009357896e-05,0.0012591031845659018,0.00019198411589505665,0.00012625159439592893,6.105378270149231e-05,0.00025745781800770584,0.0010845749231589846,0.0001330329105257988,0.0006707656659010464,0.0006897594160606493,0.0002565039321780205,0.002211033724206557,0.0020426041542552214,0.0007855044677853584
739,0.00034499239496736667,9.091197194684847e-05,0.00040812278166413307,0.00011195980591155452,0.0003940970640463233,6.291619502007961e-05,8.502326432663528e-05,4.4661310440240014e-05,3.594905138015747e-06,0.0016248135372416567,0.0010452977127010724,0.00011609680950641632,0.0008964087665790654,0.0007132153667749296,0.0003249719738960266,0.00010878801432151475,0.0008580347458123335,0.0002484479919075966
740,5.528488106913698e-05,0.00021965959206561234,3.113085404038429e-05,0.0004536464695635428,0.00016939714543815973,0.00027644913643598557,7.932639605062394e-05,6.263194088460163e-05,3.95067036151886e-05,0.0010940339530860002,0.0010127218573281332,5.838461220264435e-05,0.0002972898082892611,0.000224532028997481,0.0003120480105280876,0.001762437609179296,0.0012750692245407074,0.000530775636434555
741,0.00014459372048797325,0.00013707315108058352,0.0004330589435994625,1.1016712660016914e-05,2.9001205523057627e-05,0.0005810069851577282,1.4022228541672385e-05,9.347282045871848e-05,4.4718384742736816e-05,0.0003635580012148615,0.0013343049626171402,0.00016265921294689178,0.0004384179693731338,0.0011340976010244495,0.00021647801622748375,0.00018228729597266624,0.001529062233426839,0.0002813609316945076
742,0.00042135111738345055,0.0002204994909630019,0.00026241689920425415,4.360542133777234e-06,8.682067079755426e-05,5.247490480542183e-05,6.998542517154538e-05,4.703892778954718e-05,1.699104905128479e-05,0.0004986666098270864,0.0005179370434204925,0.00036350591108202934,0.0007397470200944389,0.0008647592918989908,7.627997547388077e-05,0.0010462283173708065,0.0006237663842677816,0.0002304334193468094
743,0.0005258854666859575,0.00012776379768304064,0.00029576290398836136,0.00027058174657129674,3.982837682283899e-05,0.00023234961554408073,4.4888164218133755e-05,5.800180816477554e-05,4.6566128730773926e-07,0.0009645827004044136,0.0005798830546355146,0.00039052171632647514,0.00018870165266447747,0.000613872170509757,0.0003041774034500122,0.0020256311362874813,0.0007527982788134431,0.00023814383894205093
744,0.00018185532999932807,1.649443584063673e-05,0.00024426309391856194,0.0002873637130091089,1.818288855295891e-05,0.0003750249743461609,3.563795528514942e-05,3.3595528034850415e-06,2.2392719984054565e-05,0.00010219132193672181,0.00047248994523866467,0.0006225225515663624,6.66359366245095e-05,0.00014376710093984627,0.0004803640767931938,0.000670709674450154,5.026223873675923e-05,0.0008260663598775864
745,0.00038475360109639645,0.0001631176072903577,0.00036156224086880684,0.00026189345468574654,6.781468387073719e-05,0.00016766414046287537,8.73519593064774e-05,2.5515859252719854e-05,1.4886260032653809e-05,9.448206740927945e-05,0.0005502368326118223,3.125891089439392e-05,0.0003606027034870479,0.0006780971528145205,0.00020767562091350555,0.0005504946843171155,0.00037109018379876237,0.0006297780200839043
746,0.0009347859124380214,0.00019021219727758526,0.0007353806868195534,0.0006350477650905878,6.807569404614772e-05,0.0005873232148587704,1.5037306745464829e-05,3.728648388821618e-05,1.0523945093154907e-05,0.0015189506487207488,0.00019715589164778086,0.00048471009358763695,0.0017421941141413586,0.0007631513538877664,0.0002838624641299248,0.0025113807942914457,0.0005955592087045435,0.00015176646411418915
747,0.003321297633041384,0.0002349536085508308,0.0030455635860562325,0.004731548708708774,0.0009656324642235391,0.002732628956437111,0.00021578984978213277,0.00010792107013078299,0.000139627605676651,0.002527142622670217,0.0009974402650985842,6.938772276043892e-05,0.0033157781255890237,0.0010964575338022198,0.0003683879040181637,0.0018501468215988415,0.0015865724743989668,0.0013123592361807823
748,0.000690058899709689,0.0002020694646353051,0.0003768019378185272,0.0007536551126068186,0.00038466606353988395,0.0007311389781534672,6.28525499673082e-05,0.00010136535133813558,5.27501106262207e-05,7.66216807413303e-05,0.000730659419019869,0.00018616300076246262,0.0006878094552037889,0.0009131945495622906,0.00043212156742811203,0.00028536910251536485,0.0015125200464714923,0.000235728919506073
749,0.0013980911849602318,9.135890814473968e-05,0.0018146373331546783,0.002431113964380685,0.00020158502551508375,0.0017874925397336483,3.694150684851148e-05,2.126587553649207e-05,3.047659993171692e-05,0.0024594251729125258,0.0008870435889921369,0.001270238310098648,0.0019311121333334264,0.0002086731493979345,0.0013161366805434227,0.0022309762171177083,0.0003338646083271132,0.0008586375042796135
750,0.00023028196351937424,1.544951612122286e-05,0.0006103487685322762,0.00133209695978935,0.0005055254307661065,0.0004613669589161873,3.2397673232062094e-05,4.5747549364681846e-05,3.573670983314514e-05,0.00036049925339146083,0.00028545496353527683,0.00026269257068634033,0.0004230895185209152,2.5537481207642265e-05,0.0004719868302345276,6.148380818707389e-05,0.0005923979652259787,0.0009143603965640068
751,0.0008768949747014199,0.0001037462349882945,0.00025991862639784813,0.00042096594478534255,0.00020706870713934136,9.109964594244957e-05,7.953241617132852e-05,0.0001227107954585526,4.158541560173035e-05,0.00038833301411766996,0.001360136630866933,7.281405851244926e-05,0.00035458375733934955,0.001644059760582732,0.00039150845259428024,0.0008523584614530677,0.0020333426314223116,0.0002854578197002411
752,0.0006199914259216871,6.733271823506845e-05,0.0005175448022782803,0.0007333697834644853,0.00013912520460776512,0.0003271005116403103,2.005809088482212e-05,0.0001013739495314297,6.184354424476624e-05,0.0009153428522013785,0.0012831632512647073,0.00015798024833202362,0.001066481597118689,0.0009871279528311343,0.0001826426014304161,0.0010748999787416336,0.0013499986390953702,0.00031872186809778214
753,0.001330706941955237,0.00010951743311131065,0.0010589188896119595,0.000858784830001541,0.00015048453195000075,0.0006855635438114405,3.890236652852666e-05,0.00010104892711291157,6.688758730888367e-05,0.0010927008361112794,0.0007617447590521562,0.00027245189994573593,0.0008884340664167822,0.0010653529530200538,0.0002942373976111412,0.000970599817230855,0.001405137135698285,0.0007542343810200691
754,0.0004369701246992319,8.358359579194521e-05,0.0004181070253252983,0.0009973751795425562,9.855162549889107e-05,0.0003233265597373247,1.0949353707115361e-06,3.59185124988292e-05,4.4424086809158325e-05,0.00032848882062927465,0.00017294850514058824,0.00016785459592938423,0.0007174398349727995,0.0004744643504653624,6.955862045288086e-05,0.0006090584115742426,0.0004631952238975537,0.0002458849921822548
755,0.00021689772799252105,8.305605719315448e-05,0.000253473874181509,1.8851708934758404e-05,3.0462582521699477e-05,0.00019342312589287758,5.3845424544703493e-05,2.5696732859968748e-05,2.2687017917633057e-05,0.00015617762330454033,0.0001392095686678363,3.268243744969368e-05,0.0001067354782521221,0.0002490182813687236,3.0973926186561584e-05,0.0005415304881492278,0.00032898073271317007,0.00019619613885879517
756,1.9933119164455837e-05,1.615224668978163e-05,5.314638838171959e-05,0.0004338189601807846,0.00014858196619314812,0.00011260481551289558,6.251324789713353e-05,3.4914392615462424e-06,5.0924718379974365e-06,0.000861489846218394,8.377537873092283e-05,0.0003490261733531952,0.00046400298666527534,0.0004461690309287003,7.517589256167412e-05,0.0004261173578185562,3.029277859644894e-06,0.0004098499193787575
757,2.8425044337990202e-05,9.137593483074524e-06,0.00021097669377923012,0.00014309863809720824,6.207693538588105e-05,0.000456199049949646,3.513908881909791e-05,3.88370872486018e-05,4.0393322706222534e-05,0.000690036001604985,0.00026528762742739076,0.00012832647189497948,0.00032204226214986587,0.0007092274367910961,0.00021785777062177658,0.0010243748946366371,0.0006918853953255186,0.00030451081693172455
758,0.0003208012891927903,1.9806358904504023e-05,0.00036366237327456474,0.0005247518869696544,0.00010187361186276764,0.0004956722259521484,1.4758729798357295e-05,1.3408411301083975e-05,2.551451325416565e-05,0.0017660654087194513,0.0003784226370992169,0.00033094268292188644,0.0006434582466977104,0.0006823483244627129,0.00015162304043769836,0.0007174745699538299,0.00016155346570179835,0.00015695206820964813
759,0.0006098662723463127,5.054517741436698e-05,5.2191317081451416e-05,0.0002840441663226334,8.060261157354087e-05,0.000142641831189394,2.3172913790437538e-05,5.566376160231362e-06,2.1122395992279053e-05,0.0006882613520138789,0.00015398211030813458,0.00024018343538045883,0.00023062884080627538,0.00029787930051216466,0.00013833306729793549,0.0002588461229826866,0.0001650026114123457,4.0529295802116394e-05
760,3.950111516379251e-05,9.66040091384332e-05,4.7184061259031296e-05,0.0005307889853186226,7.497427652200517e-06,0.0001356080174446106,3.056134169652017e-05,2.7944146302245074e-05,1.9669532775878906e-05,0.0005955216818965756,0.00039230015458961015,9.587686508893967e-05,0.0002694659102484079,0.0004405982733868066,0.00033992575481534004,0.00045948410850074617,0.00035656775746181887,8.990801870822906e-05
761,4.7814797084141936e-05,4.5979312601140965e-05,0.00030221231281757355,3.602103372825349e-05,1.3142365536480266e-05,0.0004848227836191654,7.224162248631316e-05,3.132220586834025e-05,1.3045966625213623e-05,0.0006491449209998709,0.00037193087485944826,8.227769285440445e-05,4.300397389127297e-06,0.0001938328047144909,0.0003370656631886959,0.00039726898622949314,0.0004204945279272024,0.00021020323038101196
762,0.00019724559051671753,1.147898820445109e-06,1.642433926463127e-05,5.0000603398381305e-05,9.701035893203147e-05,8.22683796286583e-06,1.1090302069435495e-05,1.2975947851224135e-05,4.896894097328186e-05,0.00029358258076123134,0.00012389009519302857,0.0005790330469608307,0.0005724364895003872,0.00025559999660062366,0.0005728821270167828,0.0005870918622161714,0.0002096136112472364,0.0008944729343056679
763,6.526197162634584e-05,8.192766316955646e-05,0.00014463579282164574,0.0006054528789197211,0.00010111121596666217,0.00027220509946346283,3.718901531045947e-05,4.292106318223068e-05,3.9052218198776245e-05,0.0003534038486417146,0.0003087948161111728,0.00038570864126086235,0.0010403182394559118,0.000653582322807246,0.000212137121707201,0.0004798888702139126,0.0007298429435907317,0.0006348052993416786
764,0.0005178959483777557,0.00013533707053767566,0.00020339665934443474,0.0004991199701249588,6.565092666394046e-05,0.00038861390203237534,4.273342645774898e-05,3.354157694470945e-05,1.3869255781173706e-05,0.00025796929763759885,0.00031688356081388536,6.708595901727676e-05,0.00031521462572644404,0.0005348856491380269,0.000158640556037426,0.0005831624527982415,0.0005623999361193521,0.00026615429669618607
765,0.0005127362824418336,7.170970984914787e-06,0.0002078404650092125,7.343580875839029e-05,8.487512632295718e-05,0.000275258906185627,1.4481784458515723e-05,7.762304416636861e-05,3.0178576707839966e-05,0.0005572197151345187,0.0008786871724288103,0.00014238618314266205,0.00013933041863421064,0.0008326689326070003,2.12877057492733e-05,8.929945717911503e-06,0.0011548363160553826,0.0004548383876681328
766,8.405443306358507e-05,2.1606648334122902e-05,0.00013369973748922348,9.102221160386947e-05,0.0002578077342413193,8.737202733755112e-05,2.7312421615629384e-05,7.804068820638866e-05,3.7867575883865356e-05,6.116865030078578e-05,0.0006711942908339263,0.00013499893248081207,2.793211377746796e-05,0.0008518658519006822,0.00048100296407938004,0.0007560540447005548,0.0009610364870710061,0.0005429098382592201
767,0.0007753013148902449,5.3564374216386046e-05,0.00047258147969841957,0.0007738368993236017,0.00023433828634849413,0.0007498678751289845,2.263191306959081e-05,9.415674217123086e-05,4.155188798904419e-05,0.001468551109060065,0.0010031095964487882,0.0004270053468644619,0.001700648531391194,0.0011167739102627208,2.3677945137023926e-05,0.0013716455324122856,0.0013041519899116877,0.0008922573179006577
768,0.00016818578143182328,0.0002385960767439209,0.0002768291160464287,5.9202051631540575e-05,0.0005988183062489126,0.0002063428983092308,3.108223252236246e-05,2.4341019462301958e-05,5.420297384262085e-06,0.0006897398493418069,0.00014053466177567364,0.00034170597791671753,0.00015978435213621217,0.0001798688327209856,0.00027559511363506317,0.0005455801571543906,0.000393795528055514,0.00028122030198574066
769,0.00012937905301418917,6.287062511699595e-05,2.1398533135652542e-05,0.00018941381996338824,4.170118396839076e-05,5.863001570105553e-05,5.426817474835609e-05,1.47639512312798e-05,5.8710575103759766e-06,1.1305285958683464e-05,1.5872436649952415e-06,0.0004914253950119019,0.0001198789635897049,5.6732874860642574e-05,0.0003900378942489624,0.001061121600699766,0.0003381423733010581,0.000319797545671463
770,0.0003345733635368997,0.00016736818265422962,0.00026623206213116646,0.00033568191661964564,7.309029269070288e-05,0.0001552053727209568,2.2784047359393836e-05,2.0179208298498348e-05,1.9371509552001953e-06,8.037832373089526e-06,0.0003134215801513865,0.00039211753755807877,0.00022616190285915105,0.00038401533419865977,0.00023374240845441818,0.0012122122059841922,0.00027955997832072475,0.0001916848123073578
771,0.0002563826987032336,5.7597543823287994e-05,4.268810153007507e-05,9.399471066064147e-05,8.628407388742293e-05,8.363509550690651e-05,1.8474530028822142e-05,5.062869942426909e-05,3.904476761817932e-05,0.0001503541236598585,0.0009504777616277174,0.0004929415881633759,0.00019757195488675355,0.000417246620633336,0.00031957216560840607,0.0003691788073127422,0.0007331644286741774,0.0010001696646213531
772,3.421147298586502e-05,9.358910789828909e-05,0.0006507290527224541,0.00016598489206000322,0.00015254673463548085,0.00059139309450984,5.9956415817791556e-05,3.946762075856744e-06,7.748603820800781e-07,0.00018192256664666118,6.836341926556161e-05,0.0007447893731296062,0.00024277260109594606,0.0005943529004582976,0.0006540492177009583,0.0010382285252928947,0.00013604429636392894,0.00015976931899785995
773,0.0002712506990242419,4.815621878877588e-05,0.00012811925262212753,0.0006378525496435056,0.00024599718598207823,0.00031201355159282684,1.03038156198422e-05,2.7442225453645688e-05,7.06985592842102e-05,0.00025987571587688524,0.00031923946850476864,0.0007278574630618095,0.0002669564294256327,1.5378467740533724e-05,0.00048493407666683197,0.00010343098233470127,0.00042152487781098444,0.0009551895782351494
774,0.0003886402731503452,3.250754083115176e-06,0.00014476431533694267,0.00017492549593012274,0.00013937956406903304,2.724863588809967e-05,3.824052339908811e-05,3.0828221952198764e-05,3.428757190704346e-05,0.00014726736858273332,0.00016215992365552212,0.0005394667387008667,0.00048247954887901956,0.00033852616936288354,0.0007123388350009918,0.000776492411355606,0.0003839248453448708,0.0010361969470977783
775,0.00028750916266555293,5.2512950331966984e-05,0.00020855898037552834,0.00031131800568959256,0.00036472480206345415,0.00012031523510813713,2.932828039399135e-05,8.989838605290104e-05,2.574920654296875e-05,0.0005464243408871833,0.001185828078195346,0.0005651339888572693,0.0006637101764539188,0.0013215522043892453,4.01744619011879e-05,0.0004532440402120752,0.0012985748772804428,0.00045395921915769577
776,0.00011266929777957457,0.00011554248315465143,0.00013165129348635674,0.00028947613872981615,5.6725383021715564e-05,5.863513797521591e-05,4.771986160805215e-05,6.421251708839531e-05,1.329183578491211e-05,0.0015237364154433788,0.0010617467383418344,0.0002566422335803509,0.0006919504185011055,0.000493539272138948,2.313964068889618e-05,0.00048446864602952333,0.0009193432314790156,0.0007086563855409622
777,0.00037150349740898425,4.889260032481246e-05,0.00020453333854675293,0.00016344197326144394,4.112386412748539e-05,0.0002459804527461529,6.598549095598004e-05,4.748184406830325e-05,1.2788921594619751e-05,0.00047823499701935696,0.0005675578987022617,9.051477536559105e-05,8.702881620205327e-05,0.00037127933951841205,2.5803223252296448e-05,0.0015159987019690568,0.0007087498938967243,0.0007258234545588493
778,0.0008368454058646363,5.743026115524394e-05,0.0005263267084956169,0.0011561682176529087,0.00021808404673297546,0.0006092838011682034,6.442259273164996e-05,4.610651097709245e-05,4.548206925392151e-05,0.000801296544461684,0.0003805758156043351,0.00027138926088809967,0.0006594437596821601,1.6721572905713245e-05,9.111501276493073e-05,0.0017229816353381833,0.0007570517209150099,0.0010940870270133018
779,0.00022996212184880904,1.343588660138867e-06,0.0002996055409312248,0.00022366863001110904,3.221017442787272e-05,0.00034665782004594803,3.623278396354575e-05,1.4269211837778976e-05,1.4629215002059937e-05,0.0012054829611694226,7.6211368786612e-05,0.0006707324646413326,0.0004986626048987738,0.00019481692571890474,0.0006827041506767273,0.00045959732902586814,0.00034090431166025094,0.0006814440712332726
780,0.0003368398645275661,0.0001317034861839511,0.00035032443702220917,1.6711963882476422e-06,0.00020387505430610395,0.00017004366964101791,6.529121379680869e-05,3.846295762128851e-05,4.693865776062012e-06,0.0012114708646953146,0.0005176998308145872,0.0004134448245167732,5.092061657756275e-05,0.000532759480017863,0.0001353202387690544,0.0009722033546452347,0.0006343625781647893,8.769240230321884e-05
781,0.0003727173039574927,9.925729759097113e-05,6.874045357108116e-05,0.00031516332981648687,4.907860085370461e-05,9.731948375701904e-05,5.247358971853869e-06,1.0718431799954978e-05,3.6213546991348267e-05,0.0003972109250845318,0.00015054067755937428,0.0003049666993319988,0.00021912998730704014,0.00016876706133146097,0.0003745853900909424,0.00036610007250365006,0.0001818291009901096,0.0005346126854419708
782,6.43758812545886e-05,1.2914156548731598e-05,0.00012584729120135307,4.3025318677808455e-05,9.939294014795624e-06,0.00020727887749671936,2.5685228682001404e-05,3.183379404137095e-06,1.909583806991577e-05,0.00047029537626607637,0.00024431973032988663,4.545645788311958e-05,0.00015716388465993741,5.841411004929922e-05,1.5855766832828522e-05,0.00018662810747999137,0.00010992448429174946,0.00044607464224100113
783,0.00015895425903503235,2.6162882271970472e-05,0.000264863483607769,4.220203575780457e-05,5.1573672916291335e-05,0.0004101716913282871,6.997934652543288e-05,4.437816562202602e-05,8.497387170791626e-06,0.00017386333225424822,0.0012277778426223913,0.0004775421693921089,0.00021521950958817287,0.00023927269190419584,0.0006612888537347317,0.0008092481053352252,0.0007060936133616267,0.0001692483201622963
784,0.0005434914420929388,6.807935226484096e-05,0.000682441983371973,9.130013362181055e-05,0.00017074052137889054,0.0010348185896873474,0.00013472956721143417,2.9425978274834577e-05,4.678219556808472e-05,0.0011386965350494715,0.00013258218123221935,9.312108159065247e-05,0.0009101259792231031,0.00014422732408021777,0.0003402591682970524,0.002620410185845662,0.00045391362559588447,0.0009256452322006226
785,0.000626125943867753,7.383989544296199e-05,0.0005002259276807308,0.00043280516676379166,9.263964485633353e-05,0.0005313502624630928,5.242531691057768e-05,4.210825953149395e-05,1.9215047359466553e-05,0.00037388713685600206,0.000763277167278302,8.22986476123333e-05,0.0006099200140148933,9.55723391943622e-06,0.00010517425835132599,0.0022701813306406637,0.0007084825768248944,0.00034839101135730743
786,3.0322078711966793e-05,1.6083992874955932e-05,0.00018423935398459435,0.0008226144963598553,0.00010951796198543917,6.362190470099449e-05,4.655613597574944e-05,4.810952397098282e-05,3.7241727113723755e-05,0.00046753559693297336,0.00035450772095384914,0.0001681474968791008,0.00024082280807957018,0.0013564235768016956,0.00040968041867017746,0.000987417464753948,0.0007278325281762348,0.0008936962112784386
787,0.0024825252485361216,0.0006337066819734095,0.0014726496301591396,0.002958406452746795,0.00034452983788981276,0.001193856354802847,0.0001344197299514155,6.09993386389951e-06,9.64626669883728e-05,0.0017723185310767747,0.00025240642790993334,0.0002356809563934803,0.001992648549693679,0.0001290032936331377,0.0004164204001426697,0.0025653626326309353,0.00020728834944770767,0.0013683820143342018
788,0.002312162788518604,0.0006522886968378348,0.0014315219596028328,0.0021086758774650355,0.0006208627985342802,0.001275914255529642,4.1516685296914824e-05,4.195283844472892e-05,1.6916543245315552e-05,0.0006589056815383479,0.00024129775886675559,0.0008701109327375889,0.0008903451883124636,0.00021867680461589226,0.0006580352783203125,0.00195405943058799,0.0008200867623042269,0.0003444775938987732
789,0.0005184191483204037,0.00025480655581369693,0.0008906889706850052,0.0010861881692630082,0.00027323949347922774,0.0006986265070736408,3.7531032831618e-05,1.7504721442865843e-05,3.648921847343445e-05,0.0013371948571844067,0.0006450935254240162,6.643170490860939e-05,0.0010183940524713178,0.0002838339189392171,9.059347212314606e-05,0.000694792788351356,0.00016789436115184284,0.0006895773112773895
790,0.0009701972297975203,5.087976553466364e-05,0.0003662649542093277,0.0002532208624088095,0.0001128116354203075,0.00020601879805326462,0.00011938666912934652,4.349586943748493e-05,2.1260231733322144e-05,0.001074182910171223,0.0006047792988214187,0.000479778740555048,0.0005746552852697318,7.198712850566003e-05,0.00020146183669567108,0.0008456578523436398,0.0006460042131991805,0.0009125024080276489
791,0.003234970386030725,0.00035286876501353093,0.001524914987385273,0.0032890980373337653,0.000900416469597938,0.0015174904838204384,0.00010183111817725632,7.045066068599957e-06,7.491186261177063e-05,0.0014489277360834746,0.0008480926129520519,0.00020884210243821144,0.0018145227376218584,4.459544369247309e-05,8.998066186904907e-05,0.0014163767824507123,0.00010606020070050466,0.0012912657111883163
792,0.00019441806908733483,8.170903594492684e-06,1.1449214071035385e-05,0.00011830199919531104,3.330426254482752e-05,0.00041549094021320343,4.004923863092091e-06,0.00013131941490001503,2.16066837310791e-05,0.0008325000924661041,0.0018626690190551819,0.000416765920817852,0.0002793935792246502,0.0010037122470023876,0.00015520863234996796,0.0006299743355871745,0.0020992440622654477,0.000701037235558033
793,0.0002818611869810639,0.00036736760663800064,0.00031046057119965553,1.1020394580965598e-05,0.0003574063109563312,0.00018758699297904968,3.373236169368528e-05,5.013843284047641e-05,1.671537756919861e-05,0.00017579230355000558,0.0005326295400588897,0.0005010426975786686,0.00019431498000601483,0.000842896357486897,0.00030854251235723495,0.001546635946324093,0.000758502149300873,0.00041670259088277817
794,0.00022228930723704188,0.00021873831405996164,0.00016420520842075348,1.110082859410999e-05,7.887333207099584e-05,0.00018704403191804886,3.3306317197763155e-05,5.816680691518878e-05,8.273869752883911e-06,0.0007795939384121903,0.00038143130421829444,0.0002832612954080105,0.0005515851239696057,0.0011766057138332502,0.00022362545132637024,0.0006739300034128703,0.0009548811618123512,0.00042141787707805634
795,0.000481428965370706,3.760095688509074e-05,0.00012714648619294167,3.642471857882856e-05,0.00018683842673089188,0.0003078714944422245,5.144216856839759e-05,4.607966010783835e-05,2.5480985641479492e-06,0.0005090285120235849,0.0007558200211992966,2.0627863705158234e-05,4.215833677713443e-05,0.0005676846001676748,0.00027269404381513596,0.00018354184274707586,0.0006787358122296693,0.00012407824397087097
796,0.00010518150089512679,1.3825784945638298e-05,0.0001719016581773758,0.0005334842242327859,1.4303935551376185e-05,2.249889075756073e-05,5.782603988736812e-06,3.870209576131424e-05,8.083879947662354e-06,0.00016891183137973664,0.0005083206472428527,0.00010831095278263092,9.546334867627931e-05,0.00045715451667315,0.00010294327512383461,0.0002800425607453194,0.0005822883500974693,0.0004316549748182297
797,0.00025697234060881313,6.57705165987496e-05,8.562207221984863e-05,0.0005439988254292288,4.15604708609886e-05,9.510666131973267e-06,7.896622802773187e-06,1.2163251752955815e-06,6.4373016357421875e-06,6.097644981121336e-05,1.0863709579297942e-05,1.4561694115400314e-05,6.462449381470364e-05,0.0003179859803133962,0.00010244222357869148,0.00013889769814715014,6.550677527332655e-05,0.0002499055117368698
798,6.135863287817789e-05,3.865227612867561e-05,0.0002576182596385479,0.00011768149784802118,2.8894043670853187e-05,0.0003422871232032776,1.7174216381315652e-05,9.282098407400145e-06,1.5068799257278442e-05,0.0005125756938298628,0.00015083703187186367,0.00012023095041513443,6.607843416303605e-05,0.0001685410792378987,1.1905096471309662e-05,0.00036274259396815167,0.00011573163174160325,0.0003546960651874542
799,3.1027943359282495e-05,0.00014859199473002752,0.0004940438084304333,0.00019672961211608664,0.0005269287444861596,0.0004036715254187584,5.083834000567215e-05,7.360243487976827e-05,2.9519200325012207e-05,0.0013947423159643077,0.0012835612965606917,0.00028643617406487465,0.0005443718685492899,0.0007290678048145448,0.00015222001820802689,0.00037245421292145253,0.0011791466986059965,0.0006984537467360497
800,0.00032870579688559776,6.512616732614815e-05,0.000657394528388977,0.0001019757944506483,5.1370809228783176e-05,0.0006601577624678612,2.991400280424189e-06,2.7469895539483787e-05,3.435090184211731e-05,0.0006913631004385745,0.0005029759282110906,3.354810178279877e-05,0.0004241197344162159,0.0001674716839472068,7.978267967700958e-05,0.0009890445412990834,0.0005757529349397507,0.0006148228421807289
801,0.00016669393734242144,3.498100360573367e-05,4.606693983078003e-05,0.0001629369887715254,6.0942025013811796e-05,5.8096833527088165e-05,2.8591568357116265e-05,1.2171139703038094e-05,3.501772880554199e-07,0.000526656017051888,0.0005136869715446114,0.00039696553722023964,0.0005404960224826283,0.00013424742823438252,0.0005172537639737129,0.0006816059588785617,4.706604832945514e-05,5.865469574928284e-05
802,0.00025413632595379376,1.7147494476559e-05,5.5184587836265564e-05,0.00026251610951213977,1.5790499251887996e-05,0.0002583218738436699,3.820104819577709e-05,2.902288867874181e-05,3.2082200050354004e-05,0.0001455583469521654,0.0009799099512731411,0.0003287573345005512,0.0007374675853085086,5.9081113004608166e-05,0.0006525181233882904,0.0006425859407793166,0.0003156298327162178,0.0007722042500972748
803,0.00015824713145909386,8.440245216935482e-06,8.385861292481422e-05,0.00011897266718381705,7.0575061091524e-05,6.355810910463333e-05,0.0001496506062530871,3.96063015507822e-06,1.757591962814331e-05,0.00046343223935486205,0.00025931845958880595,0.0001432308927178383,8.537728835374819e-05,3.0223193678000082e-05,0.0003059287555515766,0.0010992843189174817,2.081803366730823e-05,0.0001927390694618225
804,0.0007519086681625209,8.53018475941783e-05,0.0006023426540195942,0.00011987917404761295,0.0002310170775484087,0.0007685902528464794,7.66841614898324e-05,7.442247069020869e-06,2.83755362033844e-05,0.0004186729462134567,7.929637621850033e-05,0.00016313744708895683,0.0004909340792873737,0.0005675907297397857,0.000418900977820158,0.00044248057432305643,8.1566578047719e-05,0.00011432357132434845
805,0.0007783765592445785,0.00013448364328676535,0.000711341854184866,0.0014532752423857959,0.000342202996767408,0.0004581250250339508,0.00011923967620894316,3.0767222396383765e-05,3.2261013984680176e-05,0.0009194436203956713,2.020185321702228e-05,0.00021991180256009102,0.00015741254396568066,0.00032211996930229386,4.070764407515526e-05,0.0016692408367411649,0.0003614630762039965,0.0006164871156215668
806,0.0008349209242536626,0.00019223396201092924,0.0007318858988583088,0.0013778216250081993,0.0005690839435821132,0.0007985634729266167,0.00013790343369634098,2.172831616807907e-05,3.068894147872925e-05,1.926023730448867e-05,0.0008502030780829332,0.0001724427565932274,0.000551300431595729,0.00010137950021932643,1.5284400433301926e-05,0.0009951227180647892,0.0002393287155685812,0.0013247635215520859
807,0.000330747847964899,0.00013932929530269256,0.0004734862595796585,0.00035500425228192356,0.00029612830090695527,0.0004863250069320202,2.4017301546667286e-05,9.197483634558793e-06,1.095607876777649e-05,0.0007465667492221051,8.579348691653207e-05,0.0004895338788628578,0.0013499195262045016,0.000940232181320836,0.00045777577906847,0.0002591954641189276,0.00020428839978673318,0.000870496965944767
808,0.0019378302425369365,8.314299713479967e-05,0.0006571942940354347,0.0017653553080445583,0.0001636075771860937,0.0005343277007341385,3.437075356457417e-05,5.418357780217459e-05,8.797645568847656e-05,0.001919296922123892,0.0007276764491043926,0.00019599869847297668,0.0006579981677290112,0.0008853506900476961,0.000413485337048769,0.001162942844228937,0.0008287794677552247,0.0006793932989239693
809,0.00016898653177041534,0.00011412150605234761,0.00029289862141013145,0.00030779581674231227,5.270823275038e-05,0.0003052651882171631,1.2087949069870471e-05,1.1465835791538246e-05,2.1938234567642212e-05,0.0008488098351093903,0.00029877197615223866,0.00010630814358592033,0.00049321189571188,0.00024182189188609246,0.00010613817721605301,0.0007808906598865684,0.00019093251531984668,0.00014408770948648453
810,8.411958074108772e-05,6.849158149281609e-05,0.0001737740822136402,0.0003651477649422308,4.374686131277186e-05,0.00016968604177236557,3.051493269928124e-05,3.7716571136039154e-06,7.7858567237854e-06,0.0008693175816814752,7.754831346341168e-05,0.00024221790954470634,0.0006098449226942249,0.0005991340443361123,0.00024029891937971115,0.0001129835973443516,6.925965550817759e-05,0.00013231206685304642
811,8.706584550452479e-05,9.20478111786846e-05,9.216461330652237e-05,2.976320838514457e-05,0.00016955248747132362,0.00013592932373285294,3.558465156186692e-05,2.3793530925431854e-06,2.8546899557113647e-05,0.00017581809503665335,0.00014942761769334845,0.00030073896050453186,0.0001279973532688633,0.00010782330135876428,0.0003541274927556515,0.00010517597597536898,0.00015233005014724833,0.0005946578457951546
812,0.00020198517878812494,7.365094747873932e-05,3.331247717142105e-05,0.00021031055855899594,4.16207016141687e-05,8.105533197522163e-05,3.542988730522584e-05,2.1688392713534177e-05,1.574680209159851e-05,0.0002043695824789915,0.00031147518312276204,0.00019735470414161682,2.949315665558283e-05,0.00041098625038727896,0.00012970250099897385,7.088861377993472e-05,0.0004777857145099461,0.00039892829954624176
813,0.0003172417741776623,4.709471009898061e-05,0.00016848044469952583,0.00035529795107965,0.00020203149370891585,0.00010884413495659828,6.445419815689912e-06,5.69333313033156e-05,1.3638287782669067e-05,0.0006829375162917262,0.0008619755066689334,0.00019620032981038094,0.00022448680079269895,0.0006141172435000057,0.0002942136488854885,0.0008827144961377209,0.0010051340112431253,2.5678426027297974e-05
814,0.00015199157723561063,3.7014401089777854e-05,5.8714766055345535e-05,0.00010481714992975621,7.961782467400327e-05,1.7905142158269882e-05,2.0189729864190237e-05,5.192292453843258e-05,1.5560537576675415e-05,0.00014773247863275607,0.0003607182452568733,0.0002968301996588707,0.0003432926925781288,0.000420404155300657,0.00017747003585100174,9.326494212397174e-05,0.0008422695879539439,0.0005218992009758949
815,0.0003003621593814787,0.00016558297472121786,2.0893756300210953e-05,0.0008963024387406981,0.00011942642456609989,0.0003441297449171543,3.185859811578873e-05,5.3965908827410385e-05,2.946704626083374e-05,0.0002880252140596909,0.00026377017840518296,0.0005632634274661541,0.0006585590814215531,0.0002473170399809911,0.00010412512347102165,0.0004973466942653215,0.0008386350716997745,0.0008570468053221703
816,0.0007478932177834158,0.00011608272137319034,0.0004475000314414501,0.00014707674950667493,0.00010191469865402508,0.0002920958213508129,8.391806993832823e-07,3.583077552022818e-05,1.0561197996139526e-05,0.00019069021231193223,0.00043390933370647186,0.00022160401567816734,0.00013262698919117716,0.00025653346623452644,2.3515895009040833e-05,0.000819943793406358,0.0005139205949021542,0.0001720888540148735
817,3.1827336165884956e-05,2.1335603725875646e-05,0.0007716510444879532,6.612981155462716e-05,7.953175857225436e-05,0.000840586144477129,2.5384597381177335e-05,1.6887302907022533e-05,3.2275915145874023e-05,0.0007202670700085373,0.0005005280594736171,0.00019943388178944588,0.00011290274258832222,6.221321880689815e-05,0.00026093097403645515,0.0004804240390243464,0.0003432189207217551,0.00030096713453531265
818,3.748080930567055e-05,3.0179379007923973e-05,0.00032563507556915283,0.0002354142273614107,0.0001835263898382969,0.00039548519998788834,3.647585481728055e-06,1.0413931480037929e-05,2.1342188119888306e-05,0.00015217704227480505,0.00016633896956630076,0.00013116560876369476,0.000222043630805982,2.9221663593217984e-05,2.8842594474554062e-05,0.00016083109188932965,0.00011986748273803841,5.7505443692207336e-05
819,8.186205985376283e-05,3.250025471488935e-05,9.011104702949524e-05,0.0004162364109322886,0.000190112578410416,0.00011022249236702919,1.202389017217892e-05,2.298765140058793e-05,2.8870999813079834e-05,0.0005241031375243788,0.00021819160642545105,0.0005859252996742725,0.0007037349805348522,0.0005780211349528455,0.0003220667131245136,0.0004441260302909533,0.00026225021295905654,0.00048407819122076035
820,0.00019529735342636856,7.354554258650475e-06,0.00018724193796515465,0.0005470693590959863,4.8779222446188736e-05,1.5943311154842377e-05,5.859956189509935e-05,3.5995634382333485e-05,2.7876347303390503e-05,0.0003106004989038777,0.0001378121825431275,0.0005433429032564163,0.0005680960145892297,0.0006008032074442532,0.000247409101575613,0.0005835159845893056,0.00045455504605640797,0.0006381068378686905
821,0.00010656307521104968,1.2209867605014746e-05,0.0008507235907018185,0.00012927892271565045,9.879860598703202e-05,0.0005197678692638874,3.538020117651447e-05,6.60038656981021e-05,1.4487653970718384e-05,0.0004526747667762607,0.0004995285384469805,0.000493509229272604,4.648899083087993e-05,0.0009721169114886054,2.6599038392305374e-05,1.2493930679091658e-05,0.0008856907837488282,1.4007091522216797e-05
822,0.0006951906769186306,2.533843826224222e-05,0.0006797569803893566,0.0002401890485946856,0.00018104520760002865,0.0003447975032031536,3.3865661594554425e-06,7.246409760678857e-05,8.333474397659302e-06,0.0004688591487793034,0.000714072727092209,0.0005265078507363796,4.944887322148872e-05,0.0011687159095440484,4.9112364649772644e-05,0.0005850583325562597,0.0010203159907246667,6.5583735704422e-06
823,0.0007245926297630295,7.819371217777926e-07,0.00026332028210163116,0.00017664420486462884,8.025847380460638e-05,0.00017526419833302498,5.867551986074061e-05,5.147770925419858e-05,9.10833477973938e-06,0.0006969628229879996,0.0007523176596167108,3.966968506574631e-05,0.00039223793066742174,0.0002374627073278568,0.0001526777632534504,0.001125302553662333,0.0007604870046090759,0.00036406517028808594
824,0.0005012251712402382,0.0002219017226666592,0.000406414270401001,0.0005071221146070726,0.00011420033209971758,0.0003375704400241375,3.565767446047849e-05,3.378318276153907e-05,1.3310462236404419e-05,0.00024182549186551466,7.164518490084329e-05,1.3168435543775558e-05,0.0007941895756859996,6.920901842551175e-05,4.923436790704727e-05,6.940855641129895e-05,0.0005014579652813864,0.00012125913053750992
825,0.0007414843176878488,0.0002732978351496218,0.0003907112404704094,0.0010186080163099437,0.00020601588437639193,0.0005162358283996582,1.6219512857580665e-05,1.8236093971586134e-05,2.9344111680984497e-05,0.0014143022713853023,0.00010263625033701818,0.00036204326897859573,0.0014433599720625814,0.00017084663408722944,0.0001931781880557537,0.00035057161126533787,0.0004538645343603199,0.0002435324713587761
826,6.761335191048101e-05,0.00010694563551148437,0.0002084122970700264,0.0002060642843581817,0.00014585721376967134,0.0001869979314506054,3.0986177607746426e-05,8.99611996907487e-06,2.7529895305633545e-06,0.0002411680882366818,0.0002123432009294053,4.084175452589989e-05,0.0005793811638583266,9.179301151152064e-05,5.185045301914215e-05,0.00044735797866979343,0.00023700768982628422,7.6284632086753845e-06
827,0.0008533088669814975,9.97149273931075e-05,0.0002077631652355194,0.0003337013150414292,3.6987630727600834e-05,0.0001401212066411972,7.484355360690836e-06,2.571292664003315e-06,1.816079020500183e-05,6.37202750932847e-05,1.7613550940848155e-05,0.0001601623371243477,0.0003289875396991146,0.0004198125329109327,0.00024410197511315346,0.0001191132813085638,0.0001468792942063966,0.0004234025254845619
828,6.974530150026526e-05,0.0002934916129591521,0.0001601693220436573,7.085969501756384e-05,9.474737047169418e-05,4.156026989221573e-06,2.4051040185555164e-05,1.2938631509077335e-05,3.0275434255599976e-05,0.00011433623287171457,0.00019806135391346735,9.29245725274086e-05,0.00017800682771273307,0.0004271028265928449,0.00027159228920936584,0.0004544374400639317,0.00012972641421820155,0.0005086828023195267
829,6.622238721784579e-05,9.068911268339183e-05,0.00016662711277604103,5.269722014765443e-05,4.076496342941133e-05,8.643371984362602e-05,7.40441982818793e-05,1.236525906691524e-05,3.859400749206543e-06,0.00012228372086095507,0.00013019637395188938,0.00041733263060450554,0.0001718845173733219,0.00014634871364917895,0.00037805596366524696,0.0010607711539646902,0.0003103928511318699,2.9286369681358337e-05
830,6.0978444539838694e-05,0.00010899094821853125,3.6976300179958344e-05,0.00015055371014244257,0.00018557742945450942,0.00011472543701529503,8.882750454108565e-05,2.8099653957658875e-05,2.294406294822693e-05,0.0007433769029474013,0.00023235150160943324,0.00047414330765604973,0.0004772384893497461,3.361922233153028e-05,0.0007321294397115707,0.0005670519971039678,0.0004595739800290039,0.00035854801535606384
831,0.0005785422664967982,0.00016094079473297565,0.00022021634504199028,0.0003079862044757381,0.00014785704672004574,0.00034973910078406334,4.272060275494621e-05,1.6044304317274773e-05,2.3573637008666992e-05,0.00014196126693256927,0.0004910670878261192,5.2999239414930344e-05,5.8979771696145156e-05,7.779810984832533e-05,0.0002666381187736988,0.0005052673021729293,0.00026460484725619976,0.0005165524780750275
832,0.00015452225627858585,0.00011686505599244751,9.017297998070717e-05,8.687714638197508e-05,4.403719176326523e-05,1.548556610941887e-05,1.4008736356303439e-05,3.0505563185952687e-05,1.8648803234100342e-05,0.0003587012355430949,0.0006962324470360867,0.00037261052057147026,0.00016900284875535215,0.0001281714144013256,0.0005273772403597832,0.0009583559787598173,0.0004893528044345812,0.00026479829102754593
833,0.00039211802211974733,9.337330046856746e-05,0.00021422933787107468,0.00036516117133840453,0.00014348155238110005,1.0356307029724121e-06,4.493024758316956e-05,4.5565847526570316e-05,2.8848648071289062e-05,0.0008077668143186695,0.0007530022715361434,0.00029174890369176865,0.0006369837217648847,0.0003158934602131083,0.0005637463182210922,0.00028670529411387036,0.0006862340953322846,0.00044986139982938766
834,0.0005431150216553687,0.0001814104765974038,0.0002019074745476246,0.00084927463042965,7.48876192533457e-05,0.00021307682618498802,3.565270076371849e-05,3.130138202786051e-05,2.9537826776504517e-05,0.0006213146018123963,0.0011619085225651332,0.00027505168691277504,0.00024119907406723595,0.0002881496652005315,0.000813968013972044,0.0003560959412417519,0.00047981943303329025,0.0005880016833543777
835,0.00022730883631726095,0.00018012736655612094,0.0005438504740595818,0.00037388381693526096,0.00022760031873410996,0.0001947665587067604,5.173948679056649e-05,1.3312756581522445e-05,4.083290696144104e-05,4.1032468446174086e-05,0.00047400692542621733,0.000287612434476614,0.0003727666175748698,4.89061818289907e-05,0.0006990153342485428,0.0002044116563872378,0.00013637156856774837,0.0009467136114835739
836,0.00019124101029881213,8.741064837052004e-05,0.00031661801040172577,0.00016173890191609197,6.377731287129582e-05,0.00036336667835712433,4.990824416331065e-05,3.256059749639993e-05,3.150478005409241e-05,0.00023554818291898066,0.0006266464658313091,0.0003759888932108879,0.00022771675209853903,0.0007719156077074796,0.0002322155050933361,0.00016154764251047338,0.0005669673641805414,0.0006423229351639748
837,0.00027319152791704937,4.7451314270793854e-05,9.231548756361008e-05,0.00019303916938266663,0.0001135788428834987,0.0002663200721144676,5.1256080101882984e-05,4.074601987892582e-05,1.249462366104126e-05,0.00012765052637678936,0.0005234351578911993,5.7818833738565445e-05,0.0002224912447074609,0.0004879891517074117,0.00022334326058626175,0.00036997214019171554,0.0006569945107926926,0.0001613358035683632
838,0.00016298641011371073,3.370789640987082e-06,0.00018061837181448936,0.00048115133616841166,3.939982876025039e-06,0.00020624976605176926,5.8475569532598706e-05,3.387902249068822e-05,8.247792720794678e-06,0.0003040446693664059,0.00010108610545327135,0.00031129084527492523,0.00034984201349660266,0.00040812528098098724,0.00040387315675616264,2.85059174450486e-05,0.00040589116572999594,0.00021828990429639816
839,0.0003441914363937759,3.0583828461310664e-05,6.485171616077423e-05,0.00045962652897429956,3.9527139007417694e-05,1.3355165719985962e-06,3.0581617674715206e-05,1.1873831655642356e-05,1.8365681171417236e-05,0.00042986336917989754,0.00013372008609704306,0.00039762072265148163,0.00041927631920691405,0.0002833386042973493,0.0003225835971534252,0.0008203392848069868,0.00021346739666776153,0.0003984477370977402
840,2.4771184294891668e-05,1.568482888049047e-05,0.00016885390505194664,4.726503971147489e-05,6.322314081692176e-05,0.00011249072849750519,1.1269433268691273e-05,1.5477613874322483e-05,6.441026926040649e-06,5.711320266137826e-05,3.084351993775519e-05,0.0001041819341480732,0.00024248568412593707,0.00035248147648374306,4.88930381834507e-05,0.0004040377872061851,0.00013412642549025136,9.740237146615982e-05
841,6.763019714893515e-05,9.863588041546592e-05,2.902839332818985e-05,0.00037667610006308916,0.00014993786126562755,0.00015494925901293755,6.932575543645153e-06,4.466015217309392e-05,9.391456842422485e-06,0.0002962137021544006,0.000389227484528111,0.0002527153119444847,0.00040485758503528563,0.0007278323857265109,3.187498077750206e-05,0.0004437304562742439,0.0006539564114829528,0.0001118117943406105
842,0.00013701411012650988,0.00019137531999749435,1.5747733414173126e-05,0.00010806748152214496,0.00016496994565410456,0.00022923946380615234,3.831788916287132e-05,3.8719233709374085e-05,1.4912337064743042e-05,6.240465852522248e-05,0.00031019726163996134,0.00040948763489723206,0.0004136872171386294,0.00030766984497775443,0.00013529928401112556,3.0083382724338525e-05,0.0006340107275589054,0.00049562007188797
843,0.0006807832344406101,0.00013589822915754599,0.0002107778564095497,0.000607779378863943,0.00011415741143755084,2.0544975996017456e-05,2.0671758019657344e-05,3.617850113383161e-05,1.6644597053527832e-05,0.0005899044064472184,0.00013693780827543633,0.00010548904538154602,0.0010769226357209075,0.00042734178515254836,0.00020301016047596931,0.00039697265177890406,0.000569551127192544,0.0003158422186970711
844,1.4150529029033354e-05,0.00023507256720761358,0.000280892476439476,0.00011156628086898823,9.785087505900444e-05,0.00013493234291672707,5.232046287322392e-05,7.301806618753069e-05,2.5186687707901e-05,7.181247658694101e-06,0.00047350372992185225,0.0001634117215871811,0.0001603333490000497,0.0009364597994402889,0.00039518391713500023,0.0005681396676774086,0.001100522494366682,0.0005050450563430786
845,4.560041522078118e-06,0.0003103595369467124,0.00022238632664084435,1.0269778840374388e-05,0.00018937203490455162,2.491287887096405e-05,7.939480688448283e-05,6.315882430449771e-05,2.1163374185562134e-05,8.51601686627304e-05,0.0007587154774834383,3.620889037847519e-05,0.0005180904784974141,0.0012315958803399245,0.0004105432890355587,0.0006278511992799107,0.0009950270091953176,0.0002048444002866745
846,0.000348418679696913,6.148573490588616e-05,0.0004627644084393978,0.0003695548581787028,0.0001348309454009891,0.0002756998874247074,4.730720272521499e-05,5.40669580381207e-05,1.5113502740859985e-05,0.0005109719624721079,0.0006011937137563664,5.441159009933472e-05,0.0004954299514783878,0.0012578104694288168,0.00023216474801301956,3.1124645164803955e-05,0.000912007695964613,5.896762013435364e-05
847,8.077833698530434e-05,6.316413423252537e-05,0.0003103096969425678,2.1008530138241777e-05,4.463535311870909e-06,1.7459504306316376e-05,4.214285206857911e-05,6.068419863431839e-05,6.187707185745239e-06,0.0005277954096061868,0.0007463513890022602,0.00023879855871200562,0.00014861625381441118,0.0010460420863805386,0.0001599523238837719,0.00039839278407746703,0.0009697078226125575,0.0001736413687467575
848,9.554393169246278e-05,9.822318312011427e-05,0.00046215252950787544,0.00022151479614609948,6.680836334408552e-05,0.00017011677846312523,2.352590377931521e-05,3.7260999399148676e-05,2.384185791015625e-06,7.109772873568898e-05,0.000549916507839452,0.00029448606073856354,5.4009854400620394e-05,0.00045959500532978537,9.285751730203629e-05,0.0001304031021872598,0.0006335856363634134,0.00010366644710302353
849,5.979735187908175e-05,4.264796927341136e-05,0.00038285180926322937,0.000231550884299353,0.0001200997836697977,0.0003035217523574829,1.6825431141637842e-05,8.67397028787067e-06,5.304813385009766e-06,0.0004068663607939907,9.249305868294991e-05,4.686461761593819e-05,0.00023864319243778465,1.0928279681059888e-05,4.926742985844612e-05,9.81413985468027e-07,0.000146690404646603,6.331503391265869e-05
850,5.3325097343071004e-05,3.9905172087975616e-05,0.000317432451993227,7.874455926418222e-05,3.057548360683657e-05,0.0001705968752503395,2.162511621983318e-05,4.121947900927395e-05,7.241964340209961e-06,0.00021792545399855479,0.00046150870745900047,0.00010825833305716515,7.610436272728616e-05,0.0004989866732134224,7.278053089976311e-05,0.00014112863017909372,0.000629519083811342,0.00010412000119686127
851,0.00025288204815028525,4.214101025763056e-06,0.0003016130067408085,0.00022426295707188293,4.435391124094773e-05,2.834247425198555e-05,1.4200218432595599e-05,3.7682358317584624e-05,7.204711437225342e-06,0.00018421837913423084,0.00045671718878995474,0.0004337080754339695,0.00017834439873794933,0.0006499543237216583,9.822007268667221e-05,0.0004724119698331364,0.000550890258952352,0.00011367630213499069
852,1.912292143936567e-05,4.506001498923856e-05,0.00010149367153644562,4.961590722254994e-05,5.0856960484676333e-05,5.633244290947914e-05,1.4156907519333531e-05,1.101401206245867e-05,1.2360513210296631e-05,0.00018786316534724623,0.000310741237680736,0.00034617306664586067,0.0001256384609283484,0.00027794559586259357,0.00010096002370119095,0.00019208998938102795,0.0001507371865510441,0.00016796868294477463
853,0.0001336241597627852,7.825706544653532e-05,0.0001782132312655449,1.5010185358807493e-05,9.663181836771714e-05,5.283858627080917e-06,2.5532473383903243e-05,4.4133035898629764e-05,8.761882781982422e-06,0.0002149141198663912,0.0005648075229167208,7.654586806893349e-05,1.6186520600515453e-05,0.00035874059876552303,0.0003297049552202225,8.336787274812463e-05,0.0006370591025629485,0.00020672380924224854
854,0.00010976932364838154,0.00020036703522474664,0.0004865964874625206,0.0002805747735974834,7.740369290939325e-05,0.0002703876234591007,3.070431712046996e-05,4.7707801183427594e-05,2.0917505025863647e-05,9.978740008281112e-05,0.00041883592843853026,0.00013930071145296097,0.00019904419213832153,0.0007792967093323173,0.0001330864615738392,0.0006466989123559141,0.0007057887989804282,0.000374804250895977
855,5.400565392206513e-05,0.00020045908710186397,0.00043410761281847954,5.712302217537879e-05,0.00015194591438916216,0.00034315139055252075,4.10770081919528e-05,3.51302604894449e-05,2.4102628231048584e-05,0.0005097393558021121,0.0008611844013709825,7.93207436800003e-06,0.00021880987031119847,0.00019779654897182641,0.00014126906171441078,0.0006721588301081549,0.00046024755118040644,0.00034291017800569534
856,0.00013444202657476867,0.00023702503362801192,5.6045129895210266e-05,0.00040243429003453124,0.00016130745575611977,0.00021354667842388153,1.6348453889898987e-05,7.714099585455351e-05,1.7452985048294067e-05,0.0001310129190044973,0.000989897190568488,0.00031601591035723686,9.466717251521706e-05,0.000806177597161499,4.540197551250458e-05,0.0008742190346090195,0.0011452629052074617,0.00034064706414937973
857,0.00015936552754718114,0.00019984596697446289,6.161071360111237e-05,0.00026329340594585804,0.00010660671636753688,0.00048178108409047127,5.5074045059526e-05,8.744795527418654e-05,4.8782676458358765e-05,0.00014386177719282606,0.0011549038273056846,0.0008161026053130627,1.21505018973872e-05,0.0010964386844347848,0.00023881765082478523,9.089951022492326e-05,0.0014144672337483763,0.0011328551918268204
858,0.0001958846042199036,0.00017730814920208574,1.4089047908782959e-05,4.85383551913493e-05,9.279565929237038e-05,0.00012616068124771118,2.8728766582761245e-05,1.722582130848994e-05,1.8998980522155762e-05,1.658137101309687e-05,0.0005662650260763874,0.0002249106764793396,0.00036420899166794696,0.00037187033658292803,0.0001333756372332573,0.0005750190012229206,0.00026651949264477437,0.0003026667982339859
859,9.877971831814825e-06,0.00010905600884033792,0.0001474488526582718,5.3984383645233613e-05,1.4627594020474866e-05,0.00017495360225439072,5.899666535862276e-05,6.010555194699464e-06,2.393871545791626e-05,7.428730269196104e-05,8.099141884265748e-05,0.0003966032527387142,0.000181083325833227,0.0002885546910954273,0.0003143087960779667,0.0006077290110494404,0.00010425320791664907,0.0007097069174051285
860,0.00029150674078842753,1.1051867841633395e-05,9.783077985048294e-05,0.00026159449347218366,6.851755346123575e-05,6.144074723124504e-05,4.960123222118307e-06,5.184147084618502e-07,3.848224878311157e-06,0.0003619847788030456,0.0001722475478377547,8.46667680889368e-05,0.00020105355876536696,4.309760747830613e-05,3.6685727536678314e-05,0.0004330838135921944,8.258958672720989e-05,0.00010313093662261963
861,0.0001352247761771952,9.314180172443481e-05,3.3981166779994965e-05,0.00021776078222945916,1.3728115486014159e-05,4.514819011092186e-05,4.0132975441803734e-05,1.540509050878335e-05,3.069639205932617e-06,0.00025275520530874257,5.810362978791658e-05,8.10620840638876e-05,0.0002851017023246735,0.00031709278986685047,7.690861821174622e-06,9.099163838599544e-05,0.0001689389710785665,0.000150410458445549
862,0.0001373779686908022,9.797875379918136e-05,0.0003355834633111954,9.946347643234599e-05,0.00013428147730289164,0.0001555788330733776,3.576123050753194e-05,3.8823621901737414e-05,1.0460615158081055e-05,0.00013292921160105997,0.0005362864492507897,0.00019994191825389862,0.00021389763857573157,0.00037510373560352417,3.685150295495987e-05,0.0002730259199411611,0.0005811167214627416,0.00020951498299837112
863,6.751428911794255e-05,0.00022388375085337364,0.00016766972839832306,0.00016597505928091227,9.621647476931033e-06,0.00015573762357234955,4.243538251278052e-05,7.615990979257995e-05,8.318573236465454e-06,0.00017538800522297338,0.0008487631949946825,0.0004598950035870075,0.00039937618038848877,0.0008883533146454951,5.470961332321167e-05,0.0005821412825897931,0.001137980846242356,0.0001588389277458191
864,2.8671975370903047e-05,0.00037720320398488064,0.00047005899250507355,0.00045861286101323007,5.487720764671411e-05,0.00019861431792378426,1.7940519566245205e-05,5.953873142203863e-05,2.2999942302703857e-05,0.00015011599242854834,0.00021104139053089443,7.091043516993523e-05,7.56655502858819e-05,0.0012984911743441595,0.0002801581285893917,0.0008403979998699573,0.0007897405296953864,0.00043649040162563324
865,0.0002703866655923842,5.426074136002587e-05,0.0003839242272078991,0.0005630334263075354,0.00035636822987464636,0.00021343538537621498,3.321531926940048e-05,4.773847952862625e-05,1.179426908493042e-05,0.00012068464806860857,0.00013668484415649274,6.275484338402748e-05,0.0005046465163232178,0.000830788399396775,0.00022894237190485,0.00036050820595168176,0.000708119533586889,3.3054500818252563e-05
866,0.00010167320506479505,2.8062274621022676e-06,2.824794501066208e-05,0.0003552625913672697,0.0002125425944786742,0.00040828948840498924,2.08583141385367e-05,7.37587922351244e-05,7.599592208862305e-06,0.0005535177037049172,0.0003756656220626625,0.00016775308176875114,0.0002803653759617525,0.0011931976420758786,0.00036738254129886627,0.0002276539028340796,0.0012005370766481078,0.00013058539479970932
867,9.485602415118533e-05,0.0001440807549146668,0.0003668796271085739,0.0002516567533750874,0.00016327543885317,0.0006433119997382164,7.292848418253076e-06,6.274659447706518e-05,3.637373447418213e-05,0.0006502019863671021,0.0004916450518505956,0.0003952407278120518,0.00034195651494196844,0.0010716799170599305,2.3869797587394714e-06,0.00015176816216685984,0.0011141782159203451,0.0006109923124313354
868,0.00016722623721038277,2.609499442805807e-05,0.0005026152357459068,0.0002593266593753363,0.0003151010097312383,0.0005285181105136871,9.005491211857078e-06,1.3661747419797593e-05,2.3733824491500854e-05,0.0010580952082425918,3.4182866883718244e-05,0.00016223406419157982,0.0005206980556448429,0.0006060666669763896,0.00010543828830122948,8.900084323482105e-05,0.00036510714542393866,3.934185951948166e-05
869,2.3718064982289344e-05,8.511229562666728e-06,8.600717410445213e-05,0.00010287918582101152,0.00011313913757954666,2.2615306079387665e-05,2.05938264032611e-05,1.1569130394399878e-05,2.6006251573562622e-05,0.00037918552206177986,2.9323561715578067e-05,0.0003103571943938732,0.0004616642949093544,0.0004735951187574,0.00023509375751018524,0.00012277411448322062,0.00014561802678102762,0.0007978985086083412
870,8.58058618281865e-05,0.00010284264977620389,7.455842569470406e-05,1.696943751887392e-05,0.00010115134817041335,7.6287891715765e-05,1.571625933129324e-05,2.8571918480629465e-05,2.2094696760177612e-05,2.4286880715360115e-06,0.00048234390946159597,0.0002824366092681885,0.00019805533459350128,0.00010710637950520421,6.092153489589691e-05,0.0003261910052729522,0.0005093792841301477,0.000605504959821701
871,0.00015069071307491355,1.4925047024258453e-05,0.00016782665625214577,8.015709018596717e-05,1.3773200047018791e-05,0.0002388991415500641,2.264510061201347e-05,2.512050604785545e-05,2.4765729904174805e-05,0.00015416647059730143,0.00028830342719208396,0.00017528468742966652,0.00021240757580852365,0.00026534897065023585,6.067473441362381e-05,0.00033341615413082226,0.0004040666976693858,0.0004315609112381935
872,0.0001232697645650871,0.0001499302661009394,0.00024416064843535423,3.372913825894219e-05,0.00010911495928231027,0.00025029759854078293,1.631239209690452e-05,1.8096153102737815e-05,3.100559115409851e-05,0.00021744831015431398,0.00014119666251701662,0.0001289229840040207,8.445562905436826e-05,0.00039936697831340767,8.076895028352737e-05,0.00014008037460752631,0.0003710057100137071,0.0004951851442456245
873,4.555920881246789e-05,0.00017616400753320272,0.00024932390078902245,1.1106407598729384e-05,8.129312349000606e-05,0.0002119620330631733,9.510147786735007e-06,1.1058603938608557e-05,3.2726675271987915e-05,0.0002716738027336782,0.000187180845723129,0.00023568607866764069,0.0002707797114198107,0.00042950279514078135,0.0002468773163855076,0.0004040910171147216,0.0002155029703018469,0.0006676008924841881
874,1.543511766823047e-05,2.067975454863799e-05,0.000135024543851614,1.5967783671966274e-06,3.5784923440529415e-05,0.00017798785120248795,2.8217363433485215e-05,8.278961597387564e-06,2.5909394025802612e-05,3.5247201660836e-05,0.00018722564534083205,0.00016245245933532715,2.29936242387499e-05,0.00012875399352445943,8.581485599279404e-05,0.00021238658227420992,9.383385565820725e-05,0.0005692262202501297
875,0.00023969732512846287,9.935482267717233e-05,6.231339648365974e-05,0.0002161736699883704,8.704847344204181e-05,4.014000296592712e-06,2.516725463781906e-05,7.382209338025055e-06,1.51023268699646e-05,5.013334248571422e-06,0.00028184090759902566,2.1964777261018753e-05,0.00013511151947773192,0.00026513675644893736,7.24969431757927e-05,0.0001009900735595981,0.00013605271204867892,0.00024100206792354584
876,9.776420132291685e-05,8.620915564812315e-06,0.00010626809671521187,4.355827071628182e-05,4.6657988421461294e-05,0.00013650814071297646,5.016942424780624e-05,1.679598980085619e-06,7.826834917068481e-06,3.8392924497171466e-05,5.381226215503063e-05,3.7618912756443024e-05,9.014360690313278e-05,4.546757384379929e-05,2.5356654077768326e-05,3.647984404345217e-05,2.48672613130435e-05,0.000281747430562973
877,0.0001056283406422609,0.00014180168682375108,8.08429904282093e-05,1.5820657636514412e-05,0.00011370188780136445,4.028063267469406e-05,5.369333565706166e-06,5.3713147612746075e-06,1.1399388313293457e-06,1.0449631346325094e-05,0.00032936516552966796,0.00018974929116666317,0.0002250864568320715,0.00027182215328335965,4.375213757157326e-05,0.0008347097748166998,1.0829084851184199e-06,3.263074904680252e-05
878,8.707778150937595e-05,1.0237602839385795e-05,5.181413143873215e-06,0.0001650463309604555,8.75979767042713e-05,3.375532105565071e-05,3.802273050628434e-05,1.430048940609491e-05,3.6545097827911377e-06,0.00020319488272414754,0.0004376644422888071,8.479715324938297e-05,0.00029374397058184315,0.0001338203329163401,2.2271648049354553e-05,0.00020012527352616938,0.00039263810127709484,0.00023118220269680023
879,8.938963664339994e-05,8.833433423507606e-05,3.464985638856888e-06,0.00020826562910675195,2.112289624916705e-05,6.452947854995728e-05,3.0681037465046107e-06,1.722325556631645e-05,8.296221494674683e-06,7.544015579356161e-05,0.00041773870235893573,5.1780370995402336e-05,2.3254509131265255e-05,8.533865227393703e-05,0.0001516607590019703,0.0001711553218581574,0.000347854816872924,8.674245327711105e-05
880,1.9936398772846253e-05,5.4287242765044263e-05,2.0259525626897812e-05,6.885962069462515e-05,7.884489210571027e-06,0.00012790318578481674,1.9565140808966083e-05,2.226014921303355e-05,1.3981014490127563e-05,0.00012957187930417308,0.0004334517158817233,0.00012271408922970295,1.809754536899466e-05,0.00028932823306420524,1.5878118574619293e-05,0.00016392186155936295,0.0003091867620589985,0.00028499122709035873
881,0.00014456633798991259,9.230437227572552e-06,4.5379623770713806e-05,0.00015464755667322916,6.878268027984275e-05,0.00010896613821387291,2.217271858994188e-05,2.468617092729142e-05,5.375593900680542e-06,5.9755511545439566e-05,0.00035618868309572616,0.00011993874795734882,8.466130570658481e-05,0.0004073741635653681,0.00010436400771141052,1.2326839731763295e-05,0.00038210238502363607,0.00023711007088422775
882,0.0002182052756653785,1.2955013523802128e-05,3.8469210267066956e-05,6.976118718743374e-05,1.8722908999929677e-05,0.00023377547040581703,3.164668193094203e-05,3.420974790136223e-05,5.2228569984436035e-06,4.990875393412475e-05,0.00019668172168279402,0.00010884762741625309,0.0001713479217763797,0.0008386306556653483,0.000181686133146286,0.0003629857773339018,0.0005980713262202028,0.0001345919445157051
883,6.797854253351443e-05,6.293489409548575e-06,0.0003295331262052059,0.00014231456451045676,3.343205320938125e-05,0.0003468547947704792,3.8380523085461415e-05,6.397287604109785e-06,4.7869980335235596e-06,0.000518640578285566,6.198909502497935e-05,0.00019931187853217125,0.00020721651469553237,0.00016787679213045928,0.00022309459745883942,0.00018581270448406184,1.9135893693560655e-05,0.00011352170258760452
884,7.42172130029084e-05,3.1732593502798584e-05,0.00025719311088323593,4.313489966738249e-05,0.0002497559168340678,0.00013623898848891258,2.331662382082031e-05,2.4099383100360314e-05,1.3377517461776733e-05,0.00042255491535612977,0.0004413194383933623,0.00022678449749946594,0.00046183067195823546,3.133204406674528e-05,4.029320552945137e-05,0.0011765914982411751,0.0004082153718539881,0.000561821274459362
885,0.00016075143060587105,7.89668052455228e-05,7.407320663332939e-05,0.00018670313680452244,2.2876298618981772e-05,4.8560090363025665e-05,3.0360704467947627e-05,2.3932251780782367e-05,2.2914260625839233e-05,9.355992446379024e-05,0.00033569249451025074,4.845205694437027e-07,0.0007276967102697735,0.0004982437513924194,0.00018887268379330635,0.0017804103962117124,0.00030215830691457065,0.0002810368314385414
886,4.299060410009603e-05,4.276416168138772e-05,5.3361523896455765e-05,7.645652147085513e-05,7.967848813058079e-05,0.00020403601229190826,3.226134614580864e-05,8.701859408271229e-06,3.064796328544617e-05,0.00033544287853468774,0.0002932311743712654,9.024166502058506e-05,0.0005899862086746546,0.0004786445311353721,0.0002881539985537529,0.0006319883428627104,5.7984787267514274e-05,0.0003869077190756798
887,0.0002902940983351143,9.837229682195525e-05,0.0002572322264313698,0.00021361878042708282,0.00016997310084193584,0.00010446785017848015,9.203963472967369e-08,4.708676096174066e-05,2.8312206268310547e-06,0.000172122171169721,0.0001797471473536684,3.932556137442589e-05,0.00027368322850158944,0.00037424416349030043,0.00019514653831720352,0.0004056940902512074,0.0006381374066804361,2.2113323211669922e-05
888,0.0001248910731681957,0.00012570819725279264,0.0006427108310163021,0.00022038657752355972,9.396792407527152e-05,0.0004148702137172222,4.152756094202674e-05,6.454483121983645e-05,1.4178454875946045e-05,0.00043735227009003563,0.0002628103132405607,0.00015010731294751167,0.00026593562263797776,0.0011900767700099846,0.00018794042989611626,9.092466806864818e-05,0.0009060991492013987,9.009148925542831e-05
889,0.00038601006704568064,0.00019326792077871066,0.00044601643458008766,0.0006054264302455536,0.0001233194175715574,0.00045143207535147667,3.437296616486639e-05,6.680149911768583e-06,1.6633421182632446e-05,0.0006165826323209431,0.00015798305939110358,4.8389192670583725e-06,0.0005345746241165947,0.0003397608771262828,2.0775943994522095e-05,0.000826396101250737,0.00010262073321480017,3.660563379526138e-05
890,0.00016776658671069367,0.00019274508341986935,1.1716503649950027e-05,0.0002084428373175795,5.2364284720829435e-08,9.749224409461021e-05,5.462111148346431e-05,3.5840330956276526e-05,1.4066696166992188e-05,0.0002913992342021554,0.0005805302490916181,0.00010446342639625072,8.60489995250166e-05,0.0002852927784036535,7.241591811180115e-05,0.00030675502856850057,0.0006511720164269746,0.00042722560465335846
891,0.00017422051569711272,0.00020938023346946805,4.54392284154892e-05,0.00010628416928436246,3.6569984872537875e-05,3.074388951063156e-05,1.8238179627327183e-05,2.393056933457457e-05,2.837926149368286e-05,1.2636100914148463e-05,0.0001969418659599695,0.00043971696868538857,0.00018213704479080883,0.0005855536787818492,0.0003092680126428604,0.00020502503733105248,0.0004378426943566706,0.0007393471896648407
892,0.00012709210061331855,0.0001806129875385927,2.2728461772203445e-05,4.660083598553855e-05,0.00010633260767652086,6.179278716444969e-05,1.2302289157748586e-06,1.0720050111071656e-05,1.8734484910964966e-05,0.00011626164948967677,9.062682641871114e-05,0.0001635297667235136,2.819885420841245e-05,4.443734353296383e-05,0.00021041743457317352,0.0001382709410811256,0.0001752535782645892,0.0005509341135621071
893,0.0002697985453460755,7.710690268889625e-05,9.554484859108925e-05,0.0003688266576785809,5.306240547220051e-05,0.0001288279891014099,4.207850321806539e-05,8.12275297041955e-06,1.5981495380401611e-06,0.0004237761450721009,8.946440969569147e-05,7.268926128745079e-05,0.00034687835034357545,0.00010518233505897243,3.59569676220417e-05,2.516803715482685e-05,8.457921366716078e-05,0.00022447388619184494
894,0.0006400644702364289,4.4246657965183595e-05,1.1714641004800797e-05,0.0005394284539629174,2.7175622603185096e-05,0.00011767074465751648,5.143562204457629e-05,2.7986007635449564e-05,1.2993812561035156e-05,0.0004897617735804827,0.00048589947496716773,5.3316354751586914e-05,0.0005811707627398355,0.0002308511723320382,0.00019583897665143013,2.7147081208350743e-05,0.00040731458884046227,0.00010061636567115784
895,3.573281296617714e-05,2.4933414238842433e-05,0.00026151351630687714,8.993723748000615e-05,8.900113925101177e-06,0.00022137165069580078,8.693246575664296e-05,2.564226118016629e-06,2.1751970052719116e-05,0.0001467888071362139,1.6802277224604173e-05,3.42873390763998e-05,2.820755564109101e-05,0.00016966820640725716,1.6340520232915878e-05,0.00044339291413114656,3.435244706633846e-05,0.0005930652841925621
896,0.0003066322198773952,9.509945784848955e-05,8.194567635655403e-05,0.0002874105088902651,0.0001555305842341273,3.145867958664894e-05,4.545796909165116e-05,2.232366264942983e-05,5.848705768585205e-07,1.1154495910964402e-07,0.0004747896375131913,3.81197314709425e-05,0.0004274836835756468,0.00028254496837362003,0.00010711420327425003,3.131586837298861e-05,0.00028783096246979894,0.00021161139011383057
897,0.00041630633595733657,0.00012906517417394028,0.00013755541294813156,0.00037735131187294213,2.922345443266347e-05,6.738724187016487e-05,1.9801242122030605e-05,9.473731192247153e-06,1.3377517461776733e-05,3.5541717493439706e-05,0.00019380120135469026,3.852648660540581e-06,0.0003599739155454307,4.893712633286321e-05,9.35322605073452e-05,6.176211185365821e-05,0.0001320898772972849,0.00022150110453367233
898,8.546494850465713e-05,0.0001345186953794035,0.00022941827774047852,0.00024758680029390856,9.11769001580437e-05,0.00012880703434348106,3.744421660924896e-05,1.112421932317984e-05,7.469207048416138e-06,6.332239358036035e-05,2.5111569010593388e-05,3.865198232233524e-05,0.00025378988480259657,8.774162928341586e-05,7.175421342253685e-05,0.00022967423154451883,0.00013914314879563813,0.0002873828634619713
899,5.725518914637129e-05,3.720518142357604e-06,0.00038343947380781174,0.00013933458592009507,0.0001464403222210739,0.0002882368862628937,1.3650592169102416e-05,5.847673735562376e-05,1.3940036296844482e-05,2.9942088405676692e-05,0.0005591829298174575,6.835651583969593e-05,0.00014087168399876115,0.00046288806692596635,0.00023862579837441444,0.0004872421226335133,0.0009111113373851429,0.0002071782946586609
900,5.446416241368379e-05,0.00020909017393176688,5.1050446927547455e-06,0.0001927746393176888,3.5817054699589096e-05,8.790800347924232e-05,7.48950561588399e-05,2.5050653815130087e-05,5.207955837249756e-06,0.00014795524330096094,0.0006272586885246977,0.00010177306830883026,0.00024174515002702707,0.0003672995617897343,0.00028025126084685326,8.2009038899572e-05,0.0003342173954461857,0.00028108246624469757
901,9.588753752499957e-05,9.12137325970834e-05,0.00010522035881876945,6.226590318129943e-05,2.6155162110925306e-05,0.00019761314615607262,3.625236922162947e-05,1.066283806470242e-05,1.3403594493865967e-05,0.00010621358598823794,0.0006175251818546813,0.0001435235608369112,0.00015695901646724936,2.406990979931037e-05,1.3397075235843658e-06,0.00015966363124519933,7.28596377786387e-05,0.00033938605338335037
902,0.0003222234681722891,0.00019384318081555954,0.0002771005965769291,0.00011046776183191998,9.778757071473784e-05,0.0003290562890470028,3.196424175590934e-06,1.8945762006967998e-05,7.592141628265381e-06,0.00013864128862817876,8.69108002679933e-06,0.00012970808893442154,0.0002628496729261756,0.0002928392935278683,0.0001833396963775158,6.959228593730882e-05,0.00031481208250820234,3.077089786529541e-06
903,4.437780890860499e-05,1.600032818533173e-05,3.7884339690208435e-05,0.00019567094832861898,9.524758589059962e-06,0.00022690463811159134,2.300845558238923e-05,2.739316526670672e-05,5.725771188735962e-06,0.00029042342495221724,3.626747491311186e-05,3.367708995938301e-05,0.00023997105898887483,0.00015507668186250448,0.00020395498722791672,0.0005603043250674011,0.00040507710190335706,0.00020759925246238708
904,0.0009180394535768382,2.452290518673017e-05,0.0005903681740164757,0.0006184015324645215,3.2105188845638066e-06,0.00037224777042865753,1.3710586419444365e-05,6.74418386680053e-05,2.1144747734069824e-05,0.0014604854686138188,0.0008819741912432268,0.0001697998959571123,0.0011576041998500597,0.00036454166085185535,0.00011091167107224464,0.0003140489000536817,0.001070379093982404,6.426777690649033e-05
905,0.0007229391443940442,0.00013090206260750817,0.0005277525633573532,0.0006304857134877273,5.34920606168679e-06,0.0004407232627272606,2.3243237726669128e-05,4.8124197863158694e-05,9.238719940185547e-06,0.0011769803210315288,0.0005776258055184835,0.0003170312847942114,0.0011168548258600822,0.0009118939612803856,0.00019214162603020668,0.0013206644152345959,0.0007595789268674573,0.0002484554424881935
906,0.00015353362838671503,0.00014709934517214904,0.00018165633082389832,4.7166640966281315e-05,0.00014705087251316168,4.584901034832001e-06,2.1912580870217177e-05,2.290430030938101e-05,1.0993331670761108e-05,5.5668417701035255e-05,0.0007557887774281812,2.2575724869966507e-05,0.0004569180737500969,0.0004488453757894688,0.0002657230943441391,0.00040368833405857174,0.0003583791883366616,4.105363041162491e-05
907,8.995664429596595e-05,0.0001674982531158324,0.00016411207616329193,0.00011032189959739314,0.00016863032623409477,4.199892282485962e-05,2.2330851702171556e-05,4.9646072037682194e-05,1.5273690223693848e-06,7.598615152173971e-05,0.0008846642558375944,0.0001087854616343975,0.0006158422940800851,0.0005536051053547063,0.00010251952335238457,0.00016052865877133615,0.0007597175766934044,0.00021860096603631973
908,0.00047311567557045686,0.00028060691568064164,0.0004281378351151943,0.00014052375110479298,9.672614843697636e-05,0.00031242799013853073,7.123587835244916e-05,8.930913147275649e-05,1.169741153717041e-06,0.0003335513131754522,0.0011229584406812244,0.00042056990787386894,0.0001701395533761016,0.0012525762091716228,0.0001996993087232113,0.0006432022385409464,0.0013166922159212825,0.00010999664664268494
909,6.810128810989802e-05,6.66662161688189e-06,4.414282739162445e-05,2.5659214299006416e-05,3.3867412269177055e-06,4.779687151312828e-05,3.833337943908062e-05,4.726296017692805e-05,6.314367055892944e-06,9.478419211714911e-05,0.001133076304832937,3.044423647224903e-05,0.0005684010565933581,0.0007360223609666726,0.00013540592044591904,8.756276056609558e-05,0.0006552963768993777,8.247606456279755e-05
910,0.0006694618564741656,0.000273991828389452,0.0004294067621231079,0.00041884568261096877,1.3748065121881037e-05,0.0004182825796306133,2.4884874164823184e-06,4.9338508279697066e-05,3.222376108169556e-05,0.0006959568197850499,0.00039828477444212376,0.00012016203254461288,0.000734481981862864,4.746684191831579e-06,0.0001722513698041439,0.00011540665439926934,0.0007269507607306886,0.00027349963784217834
911,0.0007057069807143851,0.00014871975309180274,0.0004506343975663185,0.0004489361141370024,4.236756303565084e-05,0.00012593762949109077,5.037907187412788e-05,0.00015949878064536025,4.190951585769653e-06,0.0010745748059324198,0.002065616617544591,0.0002950970083475113,0.0008603087214499663,0.0021715087157578063,0.0002852128818631172,0.0010803985159920926,0.002440840284115768,9.365100413560867e-05
912,4.4790696581212264e-05,0.00011246726638426338,0.0002751750871539116,1.5287506220970637e-05,0.00029566011084061067,0.0002898979000747204,2.8139404612145813e-05,0.0001211855674195912,1.5445053577423096e-05,0.000130684279792459,0.002007792826026318,0.00046969950199127197,0.00026658511764535153,0.0021437947946627497,0.0003543230704963207,0.0008211913209658361,0.0019323165832955452,0.00013456400483846664
913,7.247601557709704e-05,0.0001654147144294696,0.0007605887949466705,0.00014492475911870306,0.00017000612976466462,0.0005190512165427208,6.181844907288125e-05,3.4170027434351184e-05,4.239007830619812e-05,0.00015098601664003536,0.0007278866013356589,8.88120848685503e-05,0.0005969426800625371,0.0008477655142481617,0.0003714091144502163,0.0007663390409015647,0.0004571801198637619,0.000929592177271843
914,0.00040693525559462596,2.276481676749542e-06,0.00031898077577352524,0.00032117664715360095,1.749618748913065e-05,0.00026964815333485603,6.479825662566302e-05,1.974349848479781e-05,1.8268823623657227e-05,3.849802407329683e-05,8.77353237544419e-05,9.73620917648077e-05,0.0002664489319949351,0.0005531612307134899,7.393211126327515e-05,0.0010564473191694845,0.0002486272135726773,0.0004790090024471283
915,8.047244990586067e-05,6.690030842897501e-05,0.00014774594455957413,0.0003135907804799193,0.0001363348512693867,8.97897407412529e-05,1.370705456115763e-05,1.0393192580298449e-05,1.043081283569336e-05,0.00035412208376913584,0.00010690816884461815,3.669317811727524e-05,0.000531546566252164,3.980446814815658e-05,0.00011326838284730911,0.00036760952674796954,0.00010645604258317917,0.00021011102944612503
916,3.2282146579035165e-05,0.00017361111718466535,0.0005760323256254196,4.742820734977837e-05,0.00017993957781479997,0.00032585393637418747,7.418622872632993e-05,2.2586346105829818e-05,2.321600914001465e-05,0.00019356359452969707,0.00014010217592317492,0.00017006765119731426,0.00013210453875917016,0.0004263199674564913,0.00012600049376487732,0.0004328821328463961,0.0002884130967628763,0.0003461800515651703
917,0.00029852455553212864,8.549799048566953e-06,0.0002524512819945812,0.00041954486960586734,6.995901441965435e-05,0.00020789727568626404,4.776821150770036e-05,4.872251029970577e-06,1.4819204807281494e-05,0.0005648654604861122,0.00023001179384454784,5.42269553989172e-05,0.00048760186858200216,0.00011451509833492954,3.7186313420534134e-05,0.0009858776881120634,0.00016453560093218373,0.0002267463132739067
918,0.0002400578475897086,2.7973139419181642e-05,4.549790173768997e-05,2.153020987008536e-06,3.7746107062849865e-05,9.887944906949997e-05,4.2673493549819086e-05,1.815470192868292e-05,1.8045306205749512e-05,0.000509308086483716,0.00021938366273759752,0.00010460196062922478,0.0003207928777713906,0.0003017348835899353,1.4249235391616821e-06,0.0015174051237746566,0.00023010873255741764,0.0002442672848701477
919,0.00044325685247917357,0.00022734056632020896,0.00014811428263783455,0.0002245034601238982,0.00010313393139579907,0.0002951459027826786,3.367067270822373e-05,3.1073006557431036e-05,2.603977918624878e-05,0.0007757664722261998,9.948129969453504e-05,0.0002386861015111208,0.0011028601771721838,1.0276575981522929e-05,0.0004475037567317486,0.0006049724504916532,0.0005045794222866553,0.0001892903819680214
920,0.00019639466098557434,7.662497085525466e-05,0.00025064218789339066,2.2761515066374582e-05,0.00010561121502381324,0.0003351578488945961,8.62437493244668e-06,4.390960522374584e-05,1.12876296043396e-06,0.00033489699212219115,0.0009136900422024585,9.618094190955162e-05,0.0007477669461888464,0.00024184251689656627,0.00024093454703688622,0.00038959360064647064,0.0006756787608448564,0.0001590866595506668
921,0.00010132364965449725,0.00018036575222026355,6.297184154391289e-05,3.7375529225919246e-05,0.00031550760526334945,6.811600178480148e-05,4.1952379685766816e-05,2.3790877291134284e-05,1.0512769222259521e-05,0.0004841621917839878,1.3706170720363675e-05,8.860207162797451e-05,0.0006570760284772825,0.00028726230585793266,9.545590728521347e-05,0.0014228254566985843,0.0003751610468044125,9.984336793422699e-05
922,0.0005566922835449489,3.71991669825128e-06,0.0002150675281882286,0.000520789540782815,5.132633457933383e-06,0.00030321255326271057,0.00010593610747770647,4.42669837104331e-05,3.567710518836975e-05,0.0009399442603975836,0.0006441738201489709,0.00021832878701388836,0.0011809016681833054,0.0006729001833095175,7.595354691147804e-05,0.0020782191778549175,0.0006466114013164697,0.0004147505387663841
923,0.0007878287464309075,8.184079676198594e-05,0.00013068178668618202,0.0005875345132553556,0.0001408534091890748,0.00014291424304246902,4.90860445154246e-05,3.8100778749003547e-07,1.2882053852081299e-05,0.0008388741283979553,6.193654175106963e-05,9.050406515598297e-05,0.0017730518682662968,0.00012407270694750686,0.00011542486026883125,0.0008238570156869907,8.647419425782685e-05,0.0002970537170767784
924,0.00046811613043044875,7.012964362208829e-06,0.0003381655551493168,0.0005152422935114226,1.9425438922835575e-05,0.00023656804114580154,1.1781875454188948e-05,1.2162803722962773e-05,1.6808509826660156e-05,0.000756372460055027,0.0004527778044533734,2.3016240447759628e-05,0.0013038126253536383,3.80875953015225e-05,7.170857861638069e-05,0.0007516329945665423,0.00023978443170863395,0.0004464471712708473
925,4.912065202029858e-05,0.00010127244297874691,0.00021019065752625465,0.00025794744533207126,3.612181744886561e-05,4.97475266456604e-05,5.0170461060277186e-05,5.965801250177672e-06,8.624047040939331e-06,0.00033778770304141587,1.2178587105032834e-05,0.0004100268706679344,2.6584379050120788e-05,0.00034297128109394767,0.0002598031423985958,0.0007334825774768239,2.06325491329787e-05,0.00015588197857141495
926,0.0007672044526646632,0.00015038623097768725,1.0949093848466873e-05,0.00039363664539929233,7.001767169580175e-05,1.479126513004303e-05,6.021884215086197e-05,8.777943106800542e-06,1.0475516319274902e-05,0.00043256317614822487,0.0003894623125800696,0.00012097787111997604,0.0009313829521713848,0.00014802461474100123,0.0001442008651793003,0.0001734105926777807,0.000200995231502864,1.9808299839496613e-05
927,0.0004704473006635901,4.08977536660686e-05,7.674889639019966e-05,0.0005302948960658194,2.26457541955237e-05,4.624156281352043e-05,7.633797605413085e-05,1.4727233426938257e-05,1.4696270227432251e-05,0.0005327302214829105,0.0006759599521002913,8.44104215502739e-05,0.0005209849272573217,0.00020933586070113336,1.9057653844356537e-05,0.00024636827380769555,7.977063373279048e-05,0.00042104069143533707
928,0.00014688828688003142,0.00018048010328617844,0.00019790418446063995,8.891248065419355e-05,0.00010837352486661733,0.00013405084609985352,9.601338018386425e-05,2.113783371818868e-06,2.325698733329773e-05,4.0335472799607475e-05,0.0004814443631081834,0.00010470673441886902,5.129806565634665e-05,0.000302545307440321,8.277641609311104e-05,0.0005837672726854148,0.00014304972980342485,0.0007350267842411995
929,0.00038030593213130015,0.0001012984999310372,1.1191237717866898e-05,0.0003124623747281646,0.00010146590376666764,1.7196405678987503e-05,4.540768392360603e-05,1.9365016616965374e-05,7.20098614692688e-06,0.00037072996918489226,7.728867012426338e-05,0.00012509338557720184,0.0005247126965464699,2.464320594783992e-05,0.00011954456567764282,0.00034386893601759394,0.00037384111143761584,6.78766518831253e-05
930,0.0005099767000038696,1.385513596890292e-05,0.00021290825679898262,0.0004274771766833302,6.993671759242259e-05,0.0002514272928237915,7.9422502523031e-05,2.005735497131287e-05,1.2978911399841309e-05,0.00047627963435905446,3.1768636522194055e-05,0.00013696681708097458,0.0006583373231307046,0.0005646744088277332,9.203562512993813e-05,0.0004190067332642544,0.000346970193559355,0.0003350628539919853
931,0.0005079445276203742,1.694590723838596e-05,8.8532455265522e-05,0.00015576035810603572,2.262816282526392e-05,8.54339450597763e-05,2.1486827028110306e-05,2.1745912243414586e-05,3.170222043991089e-06,0.0003940719819557764,0.0003431987789688333,0.00011360831558704376,0.0005168779490172526,0.0001680339096971524,0.00012409547343850136,0.00020775823641533409,0.000343464217849056,6.031244993209839e-05
932,0.0001233099938748733,2.5263873836660344e-05,0.0002230270765721798,8.256297261596823e-05,8.951295495185016e-05,0.000160902738571167,2.7311953742760464e-05,1.0868313410201659e-05,8.929520845413208e-06,3.931200922888123e-05,0.00016528014550345332,6.997445598244667e-05,8.623725999835213e-05,0.0003141332727577932,1.5581026673316956e-06,3.4176787627460126e-06,0.00024107525436569029,3.69558110833168e-05
933,0.0035569810441588995,0.00017298963959703692,0.0025524282827973366,0.002239717454560017,0.001149064582013741,0.002102841157466173,0.00014920556241317974,0.0001056520126515645,4.912912845611572e-05,0.0020151058991870127,0.0005300114814507373,0.000861483858898282,0.0018894099277721454,0.0010469212507060524,0.00039726216346025467,0.0018608284665327934,0.0015527641977823524,0.00014519505202770233
934,0.0013855245689850249,0.00037990904648207285,0.00040099211037158966,0.0012426098677243563,0.00010928196121082201,0.0002868375740945339,1.4340937538820722e-05,8.052921541839745e-05,6.584823131561279e-05,0.0017377390901671189,0.0007666068541914602,0.00046796584501862526,0.0010227663702403814,0.00015159649188398877,0.0006204354576766491,0.0013556776043592705,0.001290392772974523,0.0006696358323097229
935,0.0016592237937151227,0.00037357215853109707,0.0017256345599889755,0.0013843768814796042,4.758528390128719e-05,0.0013740584254264832,7.695837570656852e-05,5.230468021531439e-05,7.029622793197632e-05,0.002129467109919389,0.0005364615582149554,0.0005395454354584217,0.0018513129934808262,0.0006792362503047662,4.077935591340065e-05,0.0010184208984518744,0.0009029828739674506,0.0001533878967165947
936,0.00022914569153939524,1.820390658958948e-05,0.0001954995095729828,0.00013859014873267295,0.00039125450274922827,0.000537053681910038,2.5438884978296397e-05,2.2948748963558935e-05,4.3701380491256714e-05,0.0009177698752530702,0.0008805529491327062,0.00013651512563228607,0.0008410933141505539,0.0005412587597649794,0.0006710272282361984,0.00024148443914975837,0.0004218892306655118,0.0007111011072993279
937,0.0006980229670760091,6.101942726129822e-05,0.0005650660023093224,0.000891111191858196,0.00042273121066717725,0.0005037123337388039,9.223120167878296e-07,7.833966939333565e-06,5.3726136684417725e-05,0.000979180096642801,0.0002746066556320245,0.00015128543600440025,0.0010854786990027732,0.00023310638724243632,0.0002457094378769398,0.0001889120683849499,0.00018492500097584252,0.0007316321134567261
938,0.00026778207354036243,0.00024408867170231177,0.000527514610439539,0.0012560522741302954,5.300027918393041e-05,0.0004821140319108963,2.2351801758893966e-05,6.62189819874699e-06,4.764646291732788e-05,0.00019826058608129332,5.7969652784727044e-05,0.0001857043243944645,2.6254370453095144e-05,1.028577337942524e-05,0.00018994463607668877,0.0006545204473880628,4.858958409546723e-05,0.0008885227143764496
939,0.0007081428958880115,0.00023743854823830152,0.00010251160711050034,0.0009213955465978835,0.0001672599833176143,0.00010160962119698524,2.1792674548392482e-06,1.7182634860047317e-05,2.7496367692947388e-05,0.0007142485943363377,3.505268000394274e-05,0.00011347979307174683,0.0004973026525621968,0.00017720236444063175,0.00011598411947488785,0.00038490605670574163,0.00026552628285643216,0.0003772834315896034
940,0.00022752935557339427,1.6521599456267855e-05,0.00020959321409463882,0.00017817604684827737,5.004654294485031e-05,0.00021235784515738487,6.644829658100995e-06,1.189890577342088e-06,2.3458153009414673e-05,3.6608490674182315e-05,0.0005878181009152869,8.71450174599886e-05,5.897038465690896e-05,8.261008115331356e-05,9.01632010936737e-05,0.000451388969761074,2.52193897551118e-06,0.00024398881942033768
941,0.0003753046382369146,4.377687370246339e-05,0.0002034250646829605,1.1401078246098262e-05,5.812865689187874e-05,9.91583801805973e-05,5.082680550188429e-05,3.7451679835264395e-05,7.562339305877686e-07,0.00019581892330328143,0.0002711478904276858,0.000184900825843215,0.0002625765993890944,0.0003762480418435417,5.109887570142746e-05,0.0004467396541721902,0.0005713945849711772,2.4353154003620148e-05
942,0.00020280108683982945,5.4163483703267845e-06,0.00022547226399183273,0.0003161421871666209,0.0001788631606182839,9.310292080044746e-05,5.890083908825783e-06,1.682310715387091e-05,1.5560537576675415e-05,0.0001290197103524099,0.00018197701309476816,2.8465408831834793e-05,0.0003768916094857716,0.00021307075495853936,0.00016879336908459663,6.1032692172724445e-05,0.00028432822375283216,5.74430450797081e-05
943,5.11630054760015e-05,1.4925569428694135e-05,0.0003016735427081585,0.00034166481621014655,0.0001773798191608937,0.000140313059091568,3.0462775739571735e-05,5.9619559759790616e-06,8.586794137954712e-06,8.068125968972717e-05,0.00035185299023272887,0.00015640864148736,0.0001147843688912159,0.0003615446886098307,8.755270391702652e-05,0.00010150805267455931,1.3742535680274191e-06,9.627919644117355e-05
944,0.0006267191502128816,0.00010067168882360589,0.0001264754682779312,8.687775898799655e-05,2.045267628580233e-05,3.484124317765236e-05,3.624981476983008e-05,2.7564513726261017e-05,1.4699995517730713e-05,0.0006395387217172088,0.0003578423764348561,0.00012068217620253563,0.0002061183473000619,0.00034215014338419975,0.00022562500089406967,0.0008234756159725964,0.0003268583663506119,0.0003203274682164192
945,9.059529025323698e-05,7.045617399088419e-05,0.0001657172106206417,0.00048367001893660777,0.00010519149700379676,0.00015972694382071495,7.52741857075797e-05,1.6169270505407313e-05,2.5231391191482544e-05,0.0007597235564430066,0.00019552991927680383,0.0002296576276421547,0.00041823046824177035,0.00019191028407710212,0.0002475893124938011,0.000397034277327013,0.00030185056249133453,0.0006469395011663437
946,0.0002349481447220525,4.36580461478861e-05,1.040799543261528e-05,0.000203371163448679,3.665689128036498e-05,3.3402349799871445e-05,1.3592852754892512e-05,2.5257649769509945e-05,2.0734965801239014e-05,0.0003930450177415043,0.00032528584315378445,0.00022734631784260273,0.0001279581932983609,0.00010298431802164068,0.00017817970365285873,0.0001823738794180796,0.0003889297447585661,0.0005761263892054558
947,0.00019714317680086246,0.00018627355978651644,0.0002913745120167732,0.00023871535655491105,4.992704223682337e-05,0.00042403629049658775,3.44626339770851e-05,1.6099976085870438e-05,3.334134817123413e-05,0.00018397492650198966,0.0001757302590497667,0.0003280851524323225,0.00016238879454288924,8.582951322877799e-05,0.00015499209985136986,0.00042578629142051017,0.000257029174905585,0.0007113581523299217
948,0.00024347687566059206,8.876712891250221e-05,0.00015397556126117706,1.3661173795406767e-05,3.647885866604056e-05,0.0001237611286342144,2.6522022169659515e-05,4.52193407944829e-06,5.375593900680542e-06,8.783259964603718e-06,7.253888218429483e-05,6.880005821585655e-05,2.5616088514507362e-05,0.00012884990032845448,1.850118860602379e-05,0.0003814767548548925,0.00010387867511442482,6.781145930290222e-05
949,5.929282195106522e-05,6.315457524851131e-05,0.0002114996314048767,0.00012903532593357137,6.974577720174693e-05,4.18531708419323e-05,3.0201915717207456e-05,2.5988201951410086e-05,8.400529623031616e-06,6.450412978856179e-05,0.0003805882959687437,1.233280636370182e-05,3.461672304269636e-05,0.0005405927118769076,0.0002244892530143261,0.000281754757288033,0.0003820963996299825,0.0002413913607597351
950,3.024378332265598e-05,5.276257728049211e-06,0.00022853398695588112,1.4058518591070213e-06,0.00014224210378091517,0.00012193387374281883,3.1554335607805045e-05,1.4478336909726414e-05,1.659989356994629e-05,6.074887961781544e-05,0.00010617322530698595,0.00013772002421319485,0.0003631474102841342,0.0002702878604486057,0.000302671454846859,0.0002720932058968839,0.00022066153548297614,0.0003926912322640419
951,0.00010219740224237661,5.729875913192822e-05,0.0001439964398741722,5.442125606255899e-05,1.2435263362583354e-05,7.06259161233902e-05,2.7237753535363715e-05,2.902382491177239e-05,5.587935447692871e-06,0.00011386589593611468,0.00030665237350731636,4.360266029834747e-05,0.00015536231436888426,0.00023423900678808118,5.829008296132088e-05,2.4240356839927424e-05,0.00036854300482517567,1.3154000043869019e-05
952,0.0002973941620869336,0.00016522123047646095,0.00018260488286614418,4.1202865258618826e-05,0.00013939034605068776,1.9585713744163513e-05,1.3803826842597594e-06,1.6746494775691546e-05,7.748603820800781e-06,0.0006834156892094115,0.00022819362377717728,7.702037692070007e-05,0.0006745013307246986,3.892421033010671e-05,0.00017266208305954933,0.0005205038540601892,0.00023109512096247762,0.00012542400509119034
953,9.343239761948341e-05,0.0001229934357516102,7.801223546266556e-05,3.8659957269190914e-05,7.242223436014494e-05,7.790094241499901e-05,1.2689706657589839e-05,2.892019837212774e-05,1.8753111362457275e-05,2.015924139375791e-05,0.0004293074155075627,0.00023181457072496414,0.00010892262951368165,0.00017324856146072598,0.0002072877250611782,0.00011418610591196199,0.0004539817602629212,0.0006052982062101364
954,0.0003651830200425976,7.5361852763140835e-06,0.0002886843867599964,0.00013078545381628448,4.443803485184444e-06,0.0001898864284157753,1.5744979266235637e-05,9.297170467912643e-06,1.8738210201263428e-06,4.550246566960292e-06,1.2673393890404172e-06,0.00022086617536842823,5.0067451029679744e-05,0.00025039830618677275,7.514702156186104e-05,0.00011806706857836469,0.00016720464616680562,0.00018888618797063828
955,0.0005470409589617004,0.00026500428521874717,0.00020639412105083466,0.00023564824227038927,1.6828843611683963e-05,0.0002491716295480728,4.4687496292092344e-05,2.1110793071420838e-05,2.8930604457855225e-05,0.0005034272105701385,3.659454183036967e-05,0.00025477493181824684,0.0004200278061049917,0.0004515690227606117,0.00012537464499473572,0.0009894727363320421,0.00032464759495610127,0.0005273707211017609
956,0.00035228350832797184,7.102304909249735e-05,7.999083027243614e-05,8.867159062177221e-05,4.0113681655653405e-05,0.00023436453193426132,1.9368405659714663e-05,5.498165237711474e-07,1.2852251529693604e-06,0.00038776481575360233,0.000133933278722978,2.101878635585308e-05,0.00022182126994039347,4.4022280159053406e-07,0.0001941462978720665,0.0006591837051128091,0.00011868729591510505,8.933804929256439e-05
957,0.00030373272130305995,0.00019913084110251625,9.072758257389069e-05,0.0006061914418343389,9.130878285131677e-06,9.409524500370026e-05,4.727885622689276e-06,4.151034698561128e-05,1.0102987289428711e-05,0.0007745130999001065,0.00019397498542055372,9.112549014389515e-05,0.000994650799307925,0.0005391903366535854,4.51207160949707e-05,0.0010017488219874748,0.0006306888064185902,0.00015046820044517517
958,0.00023802318124545307,2.2897691740672577e-06,0.00030754366889595985,0.0002618992499461431,0.00011008923016218516,0.0002799485810101032,7.684954167296379e-06,1.280640058847778e-05,5.532056093215942e-06,0.000256822989539586,7.717108413467233e-05,0.00018908409401774406,0.0005060277330865143,0.0006989512014300911,9.859539568424225e-05,0.0001906796280813361,0.00014735787573248553,1.4742836356163025e-05
959,0.00026891822855469594,0.00011290449496022606,0.0001085926778614521,0.0001383728173374038,0.00011609763713443799,0.00013168808072805405,1.576319042080783e-05,2.8790485714501497e-07,1.16787850856781e-05,0.00020123650619073563,0.0005381285478257176,7.831049151718616e-05,0.00015052450777073428,0.00020274611457254954,5.325069651007652e-05,0.00012536044818164949,5.5372403244733324e-05,0.0003999583423137665
960,3.176586307757079e-05,4.7698150604579687e-05,6.27557747066021e-05,0.00016009974276801064,5.0521394134781655e-05,0.00014076335355639458,3.966455594133639e-05,2.2899733242635173e-05,3.2782554626464844e-07,7.904378506277954e-05,0.00035593078369054384,2.9517803341150284e-05,3.4519222480065836e-05,6.597168596226416e-05,0.00011797994375228882,8.566228151846156e-06,0.0003051981032872403,0.00015554390847682953
961,0.00013346890884145812,5.8843390956148794e-05,3.104284405708313e-05,0.00013550603047240983,9.31216204623185e-05,6.430083885788918e-05,1.6776638448097805e-05,2.2064157503972942e-05,4.6193599700927734e-07,0.00037334230289677584,0.00028147771310059813,0.00017447792924940586,0.0002489109520400143,0.00030106223769810897,4.240917041897774e-05,0.0002671943192518039,0.000413448381779832,6.583146750926971e-05
962,2.5643265162481055e-05,3.897240084345388e-05,0.00011270539835095406,0.00021653850333584745,3.057391616507338e-05,0.000160187017172575,2.321625018827239e-05,1.7980048827156742e-05,1.4007091522216797e-05,2.341199348379619e-05,0.0003344924526280761,0.00021767080761492252,0.0002379484469567164,0.00017767647065189407,0.00014359969645738602,4.9190154205056014e-05,0.00023847863976234583,0.0004852078855037689
963,2.494885902387667e-05,9.07895596196917e-05,0.00018375739455223083,0.00011152054998510297,0.0001086920501462453,0.00017555197700858116,2.9381534005123305e-05,4.872075585557077e-07,1.9628554582595825e-05,1.1380783648227977e-05,9.685558642865202e-05,3.849784843623638e-05,0.00024335910921354648,0.0002020875265121673,1.1247117072343826e-05,0.0003038381385351563,1.725235445200436e-05,0.00016552675515413284
964,4.500511084702674e-05,0.00020269979675266447,0.00019027246162295341,6.900621791984529e-05,9.545583520510076e-05,0.000244880560785532,8.656649986048606e-06,1.7328369389593777e-05,1.5050172805786133e-05,0.00023258527050384892,0.00011543346699539186,3.134668804705143e-05,8.332827038417395e-05,0.00012902942633841868,0.00010101543739438057,0.0008204290894693878,0.000288494326367285,6.639864295721054e-05
965,2.9638669146875296e-06,8.723154249053872e-05,0.0006123529747128487,0.0003524817210185799,0.00017518919392863624,0.0005385773256421089,7.63155019679572e-05,2.1509824869788373e-05,2.3949891328811646e-05,0.001005271144234307,0.00030460723307199414,2.916669473052025e-06,0.0008510032956272062,9.17297223979735e-05,5.006883293390274e-05,0.0011185659194955233,0.0004519173770456517,0.0002604695037007332
966,2.1761452871346676e-05,0.00014052107292420596,0.0002582757733762264,0.00025516640099247645,4.497865522248845e-05,0.00017015915364027023,2.589555899398452e-06,6.664468753462877e-05,2.1871179342269897e-05,0.00016780869485184813,0.0010333612517321386,2.951687201857567e-05,8.819892098629184e-05,0.0009189598942038746,0.0002631950192153454,0.0012153258853335736,0.0010728104474108857,0.0004098806530237198
967,0.00015703241065904983,0.0002548826155615476,0.0006104339845478535,2.004703444523359e-05,0.00013788378212780186,0.0006709056906402111,2.5383756195596074e-06,2.7526460851416104e-05,2.999231219291687e-05,0.0002600228993684256,0.0001482508897798357,4.018447361886501e-05,0.0006450203021670445,7.227531507447357e-05,7.13123008608818e-05,0.0007353213366248779,0.00036195626453989355,0.00040456000715494156
968,0.0002442963890110089,9.678484766736592e-05,0.00020476942881941795,0.0003399126564467142,9.523010777698349e-05,1.7248094081878662e-05,7.410634364818716e-06,4.249368609446694e-05,2.8580427169799805e-05,7.217956428134248e-05,0.0005166866604998759,0.00045820558443665504,0.00027208252280105927,0.0002068839757435187,0.00015869690105319023,0.00025367348999449923,0.0006008642699162061,0.000634203664958477
969,0.00041749579169837736,0.00012262522296349262,0.00030715903267264366,0.0003136253010446871,3.398717320389141e-05,0.00023665931075811386,6.622691255419103e-05,3.860221414855533e-06,1.558661460876465e-05,0.00042351899179475516,2.850767047280975e-05,0.00010805507190525532,0.00046165337447136995,6.007166244482651e-05,4.8494432121515274e-05,0.00031589095657438837,5.835357368061834e-05,0.0004197917878627777
970,6.491786224162299e-05,3.00615073617512e-05,0.00016908487305045128,0.00016216366825781703,5.60733639598035e-05,0.00027544237673282623,3.4369260613521455e-05,2.842117616251878e-05,3.4246593713760376e-05,0.00047090154613478596,0.00026692908793461007,4.978780634701252e-05,0.0002318365369345307,0.00048662406837889777,0.00012695277109742165,0.001562012502162119,0.0004915308163619364,0.0003656558692455292
971,0.00020052770482194282,0.0001267881422118075,0.00043214019387960434,0.0007125477500256189,8.702857647105433e-06,0.000554319005459547,2.7252999673195097e-05,4.981572943251719e-06,1.9591301679611206e-05,0.0004973158997722063,0.00022149482450948763,0.00028338562697172165,0.0009006424572536587,0.0005524828443638045,0.00040155043825507164,0.000195923874037357,0.0002386442914033629,0.0004796888679265976
972,0.0002379982967586486,3.568965269923688e-05,0.00021507823839783669,0.00036112506515467713,0.00011939906060946456,0.0001926543191075325,8.231000958897755e-05,9.398805252444945e-06,4.5064836740493774e-05,0.0006230617937110841,9.983276024163462e-06,0.0003951911348849535,0.0006681407878805362,0.00024096082517295267,0.0004189140163362026,0.0004109427721729897,0.000348453467254184,0.00087785255163908
973,3.636581387528315e-05,0.00013105248001540198,0.00011924654245376587,0.00031469604677836216,8.126502942087596e-05,2.216314896941185e-05,6.234370895320807e-05,2.8024517746216534e-05,2.718716859817505e-05,0.0007152672566723695,0.0006223416687816952,0.0003029045183211565,0.0008579348993048574,7.403574920894149e-05,0.00046500610187649727,0.0005197247862190058,0.00027419493304173693,0.000491047278046608
974,0.00039760125235699384,0.00020243721668084663,7.502222433686256e-05,0.0004660086729484231,2.8871978439756057e-05,3.165844827890396e-05,1.4588130920128312e-05,2.434883844548057e-06,1.1213123798370361e-06,0.0003305798343884378,0.0003733824027160361,0.00011236872524023056,3.5004729529733436e-05,0.00010853692485786673,4.446785897016525e-05,0.0010381875200111412,8.218216131895655e-05,0.00010090414434671402
975,0.0003932194372573,3.403321122031483e-05,5.685770884156227e-05,0.0002736199911813758,9.223734205406411e-05,8.213939145207405e-05,5.235960498511591e-06,6.316367060219105e-06,2.06679105758667e-05,0.0005049132073265405,0.00019745763872382888,0.00013167993165552616,0.0005498132027414587,0.000356121623719223,0.00031152134761214256,0.0004682579173004575,6.791225939323199e-05,0.0002776673063635826
976,0.00035488651235156266,8.044518001379397e-05,0.00021443702280521393,0.00018771767623293467,0.00011047073454033274,8.827680721879005e-05,4.018445801125432e-05,2.1538236817709197e-06,2.7898699045181274e-05,0.0002629831234228705,3.4266621266747926e-05,0.00026979553513228893,0.0005561503600284706,0.00022163123050289793,0.0004085567779839039,2.185446103217248e-05,8.726774555000262e-05,0.0005595153197646141
977,0.00010823465660961262,3.359952296731403e-05,0.0002560843713581562,9.061575156407708e-05,2.189097792767644e-05,0.0002248873934149742,2.506495667941623e-05,1.8820974933506985e-05,1.5851110219955444e-05,4.305031242163304e-05,0.0002599373514628363,5.301553755998611e-07,0.00025480943947220336,0.00014416288653162912,4.670582711696625e-05,6.661955229475547e-05,0.000271432738280081,0.00020482204854488373
978,3.25827649279159e-05,0.00012507901870270968,0.0003011445514857769,4.412210272759787e-05,7.502206185266286e-06,0.00014870008453726768,1.1529377947088262e-05,3.923241219556996e-05,7.2158873081207275e-06,0.0002669679898526303,0.0006102613772717182,2.3345695808529854e-05,5.177913387642563e-05,0.000640709736723661,0.00023380061611533165,0.000624989513444002,0.0006296684665755164,0.00014734361320734024
979,0.00021010841117499734,8.003854259305138e-06,0.0002151038497686386,1.2461525214779723e-06,8.535135487929349e-05,0.00023636268451809883,8.678200281093604e-06,9.496944391408749e-06,3.684312105178833e-06,0.0002761751983022878,0.00023325835722800073,8.793221786618233e-05,0.00039741842240228337,0.0005979309627212395,0.00010665925219655037,0.000636621142580257,0.00020591059140427116,0.00021340418606996536
980,0.00022856788358227575,4.212756591539732e-05,0.00015877233818173409,2.5317144688577486e-05,0.00018436777244047742,0.00028875190764665604,1.4608591152666037e-05,2.3649439084492334e-05,4.578381776809692e-06,0.00018181965303135789,0.00018439363513565038,0.00014640623703598976,0.000467867852945357,0.00012708746492723355,0.0003405855968594551,0.00018934275716570026,0.0002735078355772516,2.2932887077331543e-05
981,0.00025990899759874286,0.00021184960694676722,0.0002604820765554905,0.00018057894733458646,7.209166125101904e-05,0.00014447979629039764,9.99832264020166e-06,1.7277278628108003e-05,3.121420741081238e-05,0.0007424225909277091,0.0004570184103231123,0.0003800818230956793,0.0008748269792976035,0.00044141738047558457,0.0005472763441503048,0.00015015911034702012,0.00014403622954320926,0.0006304671987891197
982,0.0002072824568438575,5.283554924256917e-05,6.391340866684914e-05,0.0003681770156017117,9.230038434341475e-06,4.108063876628876e-06,4.4272768807951043e-05,1.4650303787699156e-05,4.0978193283081055e-07,0.0007091494065822879,0.00018409097308828143,0.00011066859588027,0.0010232798620123662,9.972497951517625e-05,4.3777283281087875e-05,0.0001806151858558258,0.00020757032367564729,2.0582228899002075e-07
983,0.00026235559992138224,0.00019092015964167555,5.3427647799253464e-05,0.00027996462543428136,3.462394486436482e-05,9.788619354367256e-05,8.260343821715407e-06,3.389950394974071e-05,8.106231689453125e-06,0.0003241743635451419,0.0003146303700513192,3.365916199982166e-05,0.00038962192024527553,0.00045927665300751763,0.000235771294683218,8.95560558945574e-05,0.00045027075081854624,7.965788245201111e-05
984,7.072215665078485e-05,0.0003428133614782197,3.350619226694107e-05,0.00010458703493851362,7.453270618711441e-05,0.00011882605031132698,2.4144381349915436e-05,2.8623431146672102e-05,1.55717134475708e-06,7.926749855300536e-05,0.000497679677757077,3.5908306017518044e-05,7.409095371328778e-06,0.0005885204847160923,0.00024318834766745567,0.0004369769505296328,0.0004087568665171303,0.00015504751354455948
985,0.00026154050090082537,0.0003224625324783452,9.266100823879242e-05,0.0003241821084948582,9.845052967788134e-05,2.1235086023807526e-05,4.553547145829187e-05,2.7365084251821997e-06,1.7240643501281738e-05,0.000863150062733832,8.532111682662061e-05,0.00014763814397156239,0.0009736903752897638,0.0002756997274804933,0.0002373415045440197,0.00034235606885449354,3.262095118361074e-06,0.00017632264643907547
986,0.0001380129083796422,1.1857257503949253e-05,0.0003372384235262871,0.00025812000150680914,3.890322740929611e-05,0.0004245024174451828,2.889575224345603e-05,1.2614877581695503e-05,1.3850629329681396e-05,0.0001594062769732646,0.000265522218240756,3.72384674847126e-05,0.00027408628902829413,0.00017648180074290518,0.00010497868061065674,5.5612113657149687e-05,0.0002891589560840824,0.0003469400107860565
987,0.0005146367870271645,0.00016657726819446425,0.0002270098775625229,0.00029904765122729104,3.508869385693281e-05,0.0003126198425889015,7.372819628686383e-07,7.835019191411463e-07,6.452202796936035e-06,0.0006724280861932774,0.000337483192031144,6.20037317276001e-05,0.0007345337795353207,9.755565459260152e-05,7.707811892032623e-05,5.618788637157257e-05,3.6231684818904125e-05,1.0525807738304138e-05
988,0.00015963430911224152,0.00016518595406945016,2.7064234018325806e-06,0.00041408833797952627,0.00017076861453153153,6.491784006357193e-05,2.802246928802765e-05,3.580494458776571e-05,2.1405518054962158e-05,3.126626235068486e-05,0.00017196579236466308,0.00019114837050437927,6.06058717689123e-05,0.0006089437304140077,7.629534229636192e-05,0.0006684197030016326,0.0005548964637422005,0.0003063986077904701
989,0.00030546777889452204,1.6974095658366106e-05,0.00033911457285284996,0.00014698948723990135,0.00018116754957708814,0.00046794628724455833,6.886539642652657e-05,1.0846553248984288e-05,7.666647434234619e-06,0.0004370888283257851,0.00034829361616535784,5.214218981564045e-05,0.0001763442904801002,0.0001675777678396724,0.00020699622109532356,0.0011365420598133946,0.00013427476564566946,0.00021103210747241974
990,0.00021727911532207211,4.47876670436366e-05,0.00021029077470302582,0.00019326240545447515,9.758674721102242e-05,0.0002209870144724846,7.292998893812866e-05,2.1317231807907748e-05,3.0353665351867676e-05,0.0003141231768208422,0.0002787365001250229,0.0001738271676003933,0.0007021880110361922,9.065667845137293e-05,0.00013704830780625343,0.0003029512563211545,0.0001973897200290677,0.0005702422931790352
991,0.00048702986787778346,2.6406383451475085e-05,0.00019959406927227974,0.0003519028357033688,0.0001637799049784873,0.0001498386263847351,2.938045571620508e-05,2.030059824153943e-05,2.4065375328063965e-05,0.0006050444727777743,0.00022223676865155625,4.0025217458605766e-05,0.0009369692092671758,0.00011564546023770661,0.00012221140787005424,5.989360478894645e-05,0.00021137510854608898,0.0003066807985305786
992,0.00040525861968436494,0.00019256371630738817,0.0002744481898844242,7.43417710331179e-05,0.00012847815516612085,0.00012406520545482635,2.2491546434589768e-05,3.340957499781366e-05,2.7280300855636597e-05,0.00021389188211912158,0.0005336477762952103,8.379248902201653e-05,0.00038946306637930445,0.0004782834357620648,0.00012026168406009674,0.0007561157144167774,0.00043010747486471124,0.000414443202316761
993,0.0002552524682747498,0.0001550244997206053,0.00016847578808665276,0.00013942071112967025,5.600724915972438e-06,5.148397758603096e-05,5.092346648361695e-05,1.3815945780623254e-05,2.724677324295044e-05,0.00043063970036060634,0.00039155116400161824,6.263609975576401e-06,0.0008234068400388428,4.953991476249267e-05,0.00016536423936486244,0.0009742129639840613,5.437990304872067e-05,0.0004005543887615204
994,2.1106581661253787e-05,8.382555683977139e-05,0.00021372735500335693,0.00012377560352087869,0.00019811118641280268,0.00019170669838786125,4.300185301650723e-05,9.619659145047697e-06,4.692748188972473e-05,0.0004915451059846268,9.456176572225292e-05,0.0003769707400351763,0.0008405872935998565,0.00013930151890557962,0.00038224877789616585,0.0006299667302961942,3.153999843446024e-05,0.0007421290501952171
995,0.00018715498557310417,1.7181266324869937e-06,0.0004543531686067581,0.000117588759566703,0.00011794244997933787,0.00034202542155981064,7.754378755845878e-05,2.658317540171984e-05,5.440413951873779e-05,0.0002944563756136706,2.2203456958268253e-05,0.00029916735365986824,0.0007253775449564473,0.00024198719984299538,0.00040815258398652077,5.8221329334251504e-05,0.00026963479479641004,0.0011191656813025475
996,0.00018137504502192814,7.342122624506495e-05,0.0005229851230978966,9.731505558153997e-05,0.00011525194676753267,0.00044531095772981644,9.776522768496256e-05,1.8550076409704725e-06,4.494562745094299e-05,0.00018687004459347345,0.0002212724293860907,0.00014817877672612667,0.00028861217138237416,9.408442943254283e-05,0.00022242963314056396,0.0005461333466821594,0.00011298847790704863,0.0008597932755947113
997,7.146609027755546e-05,9.590280990793079e-05,7.331743836402893e-05,0.0002314741008620641,2.5044056988370728e-05,0.000176343135535717,5.249132284875814e-05,3.333505294936159e-06,1.2703239917755127e-05,0.0006100394539408291,2.1278201372272598e-05,0.00010744808241724968,0.0006589938352197719,0.00019639533408421367,3.630621358752251e-05,0.00016984670418787595,2.3744970736867647e-06,0.00012293923646211624
998,8.326708802916527e-05,0.00012626916899322396,6.745103746652603e-06,0.00012244225550893384,2.0052678296484522e-05,0.0003143805079162121,6.488593338455431e-05,2.294803448078575e-05,3.468617796897888e-05,9.00959500256121e-05,0.00015119937499906075,0.000682569807395339,0.00017748012741344854,0.000530708044702833,0.0002406151033937931,1.3151794346966117e-05,0.0004326514680115393,0.0006306283175945282
999,0.00010273723020941261,5.786242664500979e-05,0.0002828584983944893,7.54498516340879e-05,5.088104266742083e-05,0.00011528236791491508,4.192785546687158e-05,2.8218937125830867e-05,2.2318214178085327e-05,9.055179242756228e-05,0.0007689574132245386,0.0006217749323695898,2.4799926164796593e-05,0.0007644985070470317,0.0003352467902004719,0.0003749879795195976,0.00036849452468386843,0.0006386348977684975
1000,0.00018516227220387316,0.00011959730940607274,0.00032978691160678864,2.5835615222749575e-05,6.594042411953854e-05,0.00018109474331140518,5.017032646263686e-06,1.1971594018332296e-05,1.3820827007293701e-05,0.00015023331226506065,0.00085513545594465,0.00016629090532660484,0.00010360793713637406,0.0007197252453447212,4.010647535324097e-05,1.9509588801702726e-06,0.00011845298415607544,0.0002793828025460243
1001,0.0003071328340087248,0.00035534299008153913,0.00010574189946055412,0.0005284662456340739,0.0005274620508376876,0.00034801382571458817,2.5978637399908314e-05,5.258607232491361e-05,3.818422555923462e-05,5.225702903398355e-05,0.0011947283234402806,0.000558522529900074,0.0009157688111966558,0.0006588481956070237,0.0002131178043782711,0.0004720250929737546,0.0007919407154515362,0.0005820309743285179
1002,0.00021292954364210415,0.00010114453067030377,0.0001199580729007721,1.2684489990519299e-05,0.00010844729703686148,2.7982983738183975e-05,1.2130655830326631e-05,3.186331186303185e-05,1.952052116394043e-06,1.963683670099664e-05,0.0004159878918242252,0.00011879159137606621,5.618488801341359e-05,0.00045124047052288313,5.625002086162567e-05,0.00048423303376082805,0.0005167058557722952,5.250517278909683e-05
1003,0.00011091227758838751,8.642642887293772e-05,0.00016107503324747086,6.299052081996936e-05,0.00013064114960437134,0.00011973222717642784,1.2162067778594826e-05,1.9283952361144087e-05,7.983297109603882e-06,0.00016097649516105123,3.423845108179585e-05,6.566289812326431e-05,0.0004763954556596811,0.00039040494295457945,0.00010130181908607483,7.743585483269144e-05,0.00033494191722464785,0.0001879073679447174
1004,0.0002437785756710248,1.1819417578017022e-05,0.00010736752301454544,0.0001102750961481519,2.6687685296039598e-05,0.00014615198597311974,1.0133055414978873e-05,1.2664827700182115e-05,1.654401421546936e-05,0.0001753912401403837,1.2573905565790855e-05,0.00020144297741353512,0.00017821456164880678,0.00017791414548246412,0.0001419386826455593,9.657545844751758e-05,0.00023038311849304504,0.00031155627220869064
1005,9.166157117350415e-05,7.499236982333457e-05,5.133450031280518e-06,0.00023990487825797935,0.00013563828724416638,5.059875547885895e-05,1.3576407899893936e-05,2.104865922900864e-05,7.793307304382324e-06,3.660197873943394e-05,0.0004032942162285856,0.00011672475375235081,0.0001959684075962323,0.000246728366806382,0.00020643556490540504,0.0006001881446646706,0.0003634011791812273,0.00011061877012252808
1006,0.0005367724444397814,1.6070782639921594e-05,0.0005464744754135609,0.0006065504842548419,7.603693078203286e-05,0.000604675617069006,9.968538964070378e-06,2.3867929040503606e-06,4.6022236347198486e-05,0.0006699305606281195,0.000219218769279262,0.00044817966409027576,0.0008892910888817218,1.653879545374104e-05,0.00037170806899666786,0.0005080277055369842,0.00010061974246059705,0.0006346013396978378
1007,5.558755343569588e-05,8.052789541340005e-05,5.828170105814934e-05,7.336123208573353e-05,8.034438934811927e-05,0.00011498574167490005,1.3156141875496005e-05,1.004622816963132e-05,7.599592208862305e-07,0.00011019465914040988,0.0001318081083860681,0.0001280028373003006,1.954539490929552e-05,8.995476428388244e-05,5.07524237036705e-05,0.0002506756432426316,0.00015340522636597513,8.67154449224472e-05
1008,0.00044021706698554874,5.074772724312365e-06,0.0003331894986331463,0.00024431840026138685,7.2136521192048275e-06,0.0002824333496391773,1.6330982210918665e-06,2.182634743619043e-05,2.210959792137146e-05,0.0005396929642674936,0.0003437002840529016,2.789311110973358e-06,0.0005476265232583488,0.00044303256993700676,7.774727419018745e-05,0.000282436902455524,0.0002608316333871617,0.00027340836822986603
1009,5.835665404868573e-05,4.756261461477673e-05,0.00022132368758320808,0.00010036095430215886,7.72681882578452e-06,0.00026744604110717773,9.431000312778298e-06,5.783392043041377e-06,2.7451664209365845e-05,0.0004347672551481621,0.00044483779440600973,0.00029111304320394993,0.0003238575400279081,2.687668800893661e-05,0.00026363739743828773,0.00013523873023094102,3.9983743262425944e-05,0.0004576919600367546
1010,8.655249899383599e-05,1.3547414942971514e-05,1.754099503159523e-05,0.00018806608257329605,0.00012170646396161139,3.898981958627701e-06,6.5113538037335494e-06,1.8364956531077912e-06,1.1060386896133423e-05,0.00018864677954585907,0.00023378098488932922,9.553576819598675e-05,0.0001750183491658966,6.5627826970858505e-06,7.988372817635536e-05,7.139585471177545e-05,9.560593347156081e-05,0.00023095402866601944
1011,0.00024403519739696344,5.743281875282558e-06,2.8328504413366318e-05,0.00019183809025266618,3.6117190027194074e-05,3.486592322587967e-05,1.1602870372504417e-05,5.789617000332033e-06,1.039355993270874e-06,0.00029000218567350883,6.573463735456281e-05,7.387902587652206e-05,0.00026327583764861745,5.971564956266245e-06,7.46450386941433e-05,0.0003447695927417671,6.80352145363103e-05,0.00014523230493068695
1012,2.2330427241257222e-05,8.647757949117874e-05,0.00011712033301591873,3.402398865891276e-05,4.237850035030549e-05,8.793547749519348e-06,1.7080444696317143e-05,2.016372441730231e-05,6.340444087982178e-06,5.074212065113437e-05,0.00031360209733359914,4.726438783109188e-05,5.599214455216661e-05,0.00014987535378073458,0.00017982861027121544,0.00023587883008968635,0.0003016820604063268,0.00011200457811355591
1013,0.00017435231863220657,3.059672225000018e-05,0.00011880137026309967,8.172159136218826e-06,3.676444584675004e-05,4.236539825797081e-05,6.142524701175517e-06,1.2385989636612687e-05,1.9371509552001953e-06,0.00024945040441685246,0.0004778076005237386,5.9971120208501816e-05,0.00018638599145610196,0.00026667046269362657,0.00017004413530230522,0.00039177632956968744,0.00016285112711900444,0.00010465458035469055
1014,0.00019203956519546483,2.2312114923893345e-05,3.060232847929001e-05,0.0003343807909059193,8.040789467499143e-06,7.211090996861458e-05,9.784928861888975e-06,3.1981265670655767e-07,1.3746321201324463e-06,0.0003923649974660118,0.00022033224947591232,1.935032196342945e-05,0.0005234615766009088,0.00020707850376989675,7.719267159700394e-06,0.0005399930891126781,2.775316957938541e-05,2.8724782168865204e-05
1015,0.000255293799053008,5.619785404060301e-05,0.00013671815395355225,2.2237045360889995e-05,2.1686747159927605e-05,9.165005758404732e-05,1.4676517905936812e-05,4.236144157401258e-06,6.727874279022217e-06,5.3961186726278476e-05,0.00013794394533714685,0.00011276733130216599,4.972826103100125e-05,6.591042813936313e-05,0.00017290003597736359,0.0004538788828856999,6.428436511137121e-05,4.297774285078049e-05
1016,0.00019417276880934198,0.00011655212243857557,4.650326445698738e-05,0.00016772221712332835,4.552945135222544e-05,2.1107494831085205e-05,4.083947426266471e-05,7.486265170999649e-06,6.67572021484375e-06,0.00026963290764930176,0.000372922095350451,0.00021177856251597404,0.0004049580173084294,2.0886623463892834e-05,0.00015113363042473793,0.00047672454408240195,0.0001398585235069783,0.0001266906037926674
1017,0.0002881965873620246,1.166053348169993e-05,0.00016135955229401588,0.0003398549034400178,2.196337443235649e-05,0.00027053477242588997,3.7158866717660125e-05,1.0478270987210065e-06,7.748603820800781e-06,0.0006483755987076942,9.02907677837704e-05,0.00014460342936217785,0.0008314911073553158,0.00025958095071189,8.117873221635818e-06,0.0002600249801701371,5.364200580054669e-05,5.709100514650345e-05
1018,4.2941553617267814e-05,1.2852973606990864e-05,0.00014317547902464867,0.00034190757164279106,0.00016128533394446296,0.00011507421731948853,1.6630280845995882e-05,3.6886934918241104e-05,4.604458808898926e-06,0.00041299092485989203,0.0004564120868166925,0.00017545395530760288,0.0004388554756071805,0.0005319758379097664,0.00019198795780539513,0.00010266891411875312,0.0005562450764427128,0.00015800725668668747
1019,8.101037757679563e-05,4.271405846300799e-05,0.00037370575591921806,7.110073753271995e-06,2.176583645765659e-05,0.00034705596044659615,2.6431604315228438e-05,2.0574843349663037e-05,2.2746622562408447e-05,7.155217094143018e-06,0.0002773986145431437,7.493025623261929e-05,0.00017652075396151073,0.0004999184315594291,0.00013297423720359802,0.00011290276123607224,0.0002654724606840305,0.0004467340186238289
1020,2.139777361712114e-05,4.220933790478193e-05,0.0002758917398750782,0.0002971541812236411,3.39569643036039e-05,0.00037021609023213387,4.147830568758566e-05,9.81737458356064e-06,3.187358379364014e-05,0.00018966456830794842,1.8100164291129373e-06,0.00022786087356507778,0.0001479192192992279,4.813774284764122e-06,0.00010385876521468163,0.0006806869132373883,0.00019629303145057928,0.00047687161713838577
1021,0.00021444735614603583,6.417561132513946e-05,5.8916397392749786e-05,0.00035865382133774826,1.214758187090964e-05,4.784855991601944e-05,3.245774840501814e-05,7.10510687804589e-06,1.0516494512557983e-05,0.0003082565106067997,1.3499918807970829e-05,3.108358941972256e-05,0.000316779280261463,4.538134856041376e-06,1.3554468750953674e-05,0.00018381024574562477,0.0001376946192856868,0.00013613887131214142
1022,0.0003068292553909946,9.064998546085695e-05,0.0003957715816795826,0.0003637369051396194,4.1967952980042494e-05,0.00038550840690732,1.9905308358193763e-05,1.753350319028612e-05,2.9549002647399902e-05,0.0005340802787758281,0.00033379344866676236,0.00026151142083108425,0.0006877819265516741,0.00015604867821202364,0.00027039553970098495,0.0004042652205095143,0.0002171771466003597,0.0004937630146741867
1023,1.0658784465350513e-05,1.781475732000673e-05,0.0003467230126261711,0.0001091040181662728,3.3982478550995815e-05,0.000354020856320858,3.813825704019301e-05,4.151726635230049e-06,2.4985522031784058e-05,8.860195175673657e-06,0.0002849317404181907,0.00018931645900011063,0.0002905472453953728,7.663149268312755e-05,0.00014762114733457565,9.250538041571943e-06,0.00014550030792664231,0.0006566857919096947
1024,0.00037017542764503086,2.2744662564466722e-05,0.00014935573562979698,0.00037763901726660387,9.72447590588503e-05,0.0001185443252325058,8.383841533841571e-06,6.8317695869445484e-06,7.554888725280762e-06,0.0003821920250693528,3.481391067106099e-05,0.0001474397722631693,0.0004010629606157265,0.00016702006020234347,0.00015186704695224762,0.00027855050400335535,7.107217327494489e-05,4.29786741733551e-05
1025,0.00018604381060098596,3.4045561800030016e-05,7.669907063245773e-05,4.529186737700641e-05,3.996671045867345e-06,3.827270120382309e-05,3.9920742912012e-06,2.4074820924378917e-05,1.6391277313232422e-07,0.0001957524036851621,0.0001635908789792799,5.924375727772713e-06,0.00040130431057476545,0.0002863898043644862,3.051524981856346e-05,6.127457949167692e-05,0.0003945735013736063,4.216562956571579e-05
1026,0.0002767807636845365,1.6931873062564495e-05,1.0416842997074127e-05,0.00042857366798826346,4.1067555543655015e-05,4.6723056584596634e-05,9.561784815183272e-06,1.4171733680620594e-05,7.759779691696167e-06,0.0004408266121097362,0.00019127896215175716,1.1296244338154793e-05,0.00016220902353628053,0.00019774623661161783,5.206698551774025e-05,0.00021175693308750354,0.00021575973381003427,0.0001341588795185089
1027,0.0001323695057018348,8.476841052912007e-05,0.00015289196744561195,1.2551641419250581e-05,3.596144230600534e-05,0.00012135691940784454,1.560256821170336e-05,1.0894019848231627e-05,1.852959394454956e-05,0.00014441888210827564,6.861468034797744e-05,0.00017999112606048584,3.6855469602720126e-06,2.7285044024241006e-05,0.00023537175729870796,0.00013975135674454409,0.00017323308906061312,0.00023747514933347702
1028,5.5127232705592943e-05,0.00017836262697051852,0.00033502839505672455,5.423386087571869e-05,1.0268728408726474e-05,0.0003355685621500015,1.590929771045843e-05,7.416972088380113e-06,1.720339059829712e-05,0.00013575962850098655,2.397525534671152e-05,4.2713480070233345e-05,0.00026719713150087643,8.24529600465182e-06,3.6972109228372574e-05,0.0002962925211842382,7.58549630473105e-05,0.0002482440322637558
1029,0.00032535444928816215,7.039205257806588e-05,9.323842823505402e-05,0.0001683223335220002,6.512150506867223e-05,8.847611024975777e-05,6.98140310105913e-06,5.281070972524074e-06,5.289912223815918e-06,4.0208930813939725e-05,0.0005584675761477025,7.848814129829407e-05,2.7733761696846493e-05,6.986332070172199e-05,9.528547525405884e-05,0.00028433613747005926,7.805844457187778e-05,0.0001836344599723816
1030,0.00022059630991523582,0.0001245871896262546,0.00016330275684595108,0.00022584663746981481,0.00010056858876282201,8.935574442148209e-06,8.153386413085884e-06,3.7152814646565795e-05,1.8440186977386475e-06,7.317310221856971e-05,0.0002970715016062421,6.158556789159775e-05,0.00011643317035753276,0.0004515675868899359,0.0001431591808795929,3.3723121708961745e-05,0.0005620695096157638,2.02227383852005e-05
1031,7.115822860810639e-05,8.715733305591708e-05,2.2091437131166458e-05,0.00014383030353312676,0.00010667429388754035,7.83693976700306e-05,2.8869178864993073e-05,1.0776310975068335e-05,1.741945743560791e-05,0.0002807734680123006,0.000433639450658236,0.0003117446321994066,0.0005604300090484848,0.00014378351371286888,0.0004218658432364464,0.00018829298634587266,0.0001552063341704415,0.0002243025228381157
1032,0.00010809718373901156,8.519898834128195e-05,0.0001819976605474949,4.0587079624884725e-05,0.00011249690304435123,0.0002278522588312626,9.202275723374509e-08,5.521371226867636e-06,3.1739473342895508e-06,7.660719984765862e-06,0.0004893954301567124,1.0580755770206451e-05,0.0003570369779278826,1.9279705973582195e-05,7.616262882947922e-05,0.000279608651342772,9.878092215323238e-05,1.1566095054149628e-05
1033,9.32288754612598e-05,4.8325241804370034e-05,8.650217205286026e-05,4.78610534517393e-05,2.2314148666418426e-05,0.0001825634390115738,3.130241785754065e-05,1.6736193977568543e-05,2.1986663341522217e-05,7.092386675856127e-05,0.00024947061198788215,0.0002428656443953514,0.00016355581464681107,0.000111775237799535,0.00010032299906015396,0.00033835459088693565,0.0003470246488543548,0.0003929082304239273
1034,0.00018991407517671144,8.238356782194756e-06,0.00011189142242074013,0.000244291870747676,3.059995459718523e-05,0.00020586047321558,1.7081800237826045e-05,1.326626497955645e-05,2.8870999813079834e-06,0.0003225872967375365,7.305103983341193e-05,5.66369853913784e-05,0.0005671603733363659,6.211084081788817e-05,4.221964627504349e-05,0.00023181984364326058,0.0002344229492727088,0.00010057352483272552
1035,0.00025414932364868636,5.968741732002847e-05,7.893051952123642e-05,3.093968622162879e-05,1.621180356612892e-05,0.0002257237210869789,1.4576106325728255e-05,2.6807973836959182e-05,4.59328293800354e-06,6.37307950385399e-05,0.00029213147571835463,7.226387970149517e-05,0.00014737048905876654,0.00021364650905577112,0.00027399882674217224,0.0001843362766583978,0.0004261160135350128,6.927456706762314e-05
1036,0.0004879563910236001,0.00015338435095410552,0.00019003264605998993,0.0002468759062481535,0.00010525359742137932,7.532909512519836e-05,2.384329542411308e-05,2.6246290688795333e-05,1.1466443538665771e-05,0.00032214466056247615,5.649982771886372e-05,2.300785854458809e-05,0.00043773405021300255,0.0002493693098233017,0.00016267597675323486,0.0002540561542194175,0.0003384736331849677,1.516006886959076e-05
1037,0.0005204092587748343,0.00016060168654483467,0.0001966077834367752,0.00023381623837369359,7.600747568674293e-05,0.0001758672297000885,2.0717874012980003e-06,3.2570579410583092e-06,6.705522537231445e-08,0.00042933704708345705,0.00013111002256080764,7.441057823598385e-05,1.445693698438888e-05,4.997450000231163e-05,7.887091487646103e-05,0.000574376039765484,2.1008788770268596e-05,9.690504521131516e-05
1038,5.3709894027115235e-05,1.1933079661120144e-05,4.042871296405792e-05,0.00018603747662340742,5.447266670356374e-05,1.6314443200826645e-05,8.843307855095281e-06,1.9300486950155527e-06,1.6689300537109375e-05,0.00014920720485587374,0.00013815060156262965,0.00027461955323815346,0.00026511576069353227,0.0001737797701039448,0.0002292487770318985,0.00042905803748388704,5.584581402551421e-05,0.0003247130662202835
1039,0.00010206741051545232,5.196126162641118e-05,9.389128535985947e-05,1.7036270337375536e-05,2.4370947884457678e-05,3.443052992224693e-05,6.007986464180021e-06,4.794157024696382e-06,2.6226043701171875e-06,3.386604075010513e-05,0.00031855036700727257,0.00011858507059514523,0.00019862416232121344,0.00018457778707913625,3.346754238009453e-05,0.0001432154621418269,5.910195326390378e-05,6.45788386464119e-05
1040,0.00012483140964697492,2.6356424974293552e-05,1.5686266124248505e-05,0.00023327446360275894,3.19194175098618e-05,0.000101504847407341,3.1486088732778778e-06,2.0792036420974933e-05,8.89599323272705e-06,9.17952176168052e-06,0.0002238274756402002,5.134148523211479e-05,0.0002664044414927916,6.567601460214303e-05,0.0001810840331017971,0.0004528449728259665,0.00037078289403398275,0.00022010132670402527
1041,2.533885848862716e-05,2.7418221317764002e-05,0.00043100258335471153,4.503324126413355e-05,6.991112926969106e-05,0.00029072491452097893,1.4703643684953888e-06,2.733803324908422e-05,2.1670013666152954e-05,0.00042789580336723837,0.0002740828398603186,1.6522128134965897e-05,0.00026539703659086977,0.00023197883853243173,0.0001954333856701851,0.0001636498888108462,0.0003903733547291413,0.00029708538204431534
1042,0.00026207798222142864,0.00017788735015151005,0.0003458666615188122,0.0002638548575187305,2.76653584820874e-05,0.00014112237840890884,2.4954340771075195e-06,3.251002063459616e-05,3.0346214771270752e-05,0.00032212468297782015,0.0004423316733220689,0.00018364074639976025,0.0003450032130624184,0.00035648857282761376,0.00046781450510025024,0.00017444347685391381,0.0005484789587428531,0.00042838696390390396
1043,0.00018427041522847687,0.0001410746809780844,0.0003358623944222927,0.0004024628539893438,6.396068360110113e-05,0.00020537525415420532,2.1426188727613135e-05,2.183507206012013e-05,2.221018075942993e-05,0.00034987404570094305,4.632014747596447e-06,2.772035077214241e-05,0.0005682713811368187,0.00036270299315236884,0.00019528763368725777,0.0003450624033209948,0.0003011196157933515,0.0004124566912651062
1044,7.127138029504321e-05,6.266661247793931e-06,7.453653961420059e-05,0.00012924391262084112,8.27306845279166e-05,3.2514333724975586e-05,1.8562714468485855e-05,2.7893607327971522e-06,6.429851055145264e-06,2.945060991348114e-06,7.940908726751517e-06,0.00011247373186051846,0.00010403226633981522,0.00011113165561681473,5.44949434697628e-05,4.9678963213090066e-05,4.8224879846351515e-05,0.00015580002218484879
1045,0.00011845504416092834,3.8362536061362085e-07,0.00012414203956723213,0.00015454788030469513,1.6027106527625318e-05,7.60108232498169e-05,7.808917328497658e-06,1.7175507533169704e-05,1.3887882232666016e-05,0.00015706073957669903,0.0002577469585117731,0.0001261353027075529,0.00011294348531794285,0.0001787205361746952,0.00020348653197288513,0.0006291619868160625,0.00027897275268907356,0.00023892708122730255
1046,0.0002291065482493554,9.529923518203712e-05,3.6312732845544815e-05,0.00023980856245536808,2.1873721795628853e-05,3.591366112232208e-05,2.6940053095978606e-05,4.820434253868377e-06,1.6726553440093994e-06,0.00012154465405665726,0.0001739692599126326,0.00013474863953888416,8.736346838167375e-05,2.5545687924673904e-05,0.00018100114539265633,0.00023991995874939054,3.9910025391875006e-05,2.1811574697494507e-06
1047,0.00014385873906792856,1.2212343648634882e-05,3.409059718251228e-05,0.0001395820527303887,3.8379722109630615e-05,2.948567271232605e-06,3.1100229882959074e-06,4.49843312720291e-06,1.058727502822876e-05,4.922705378794523e-05,0.0001312593138348521,8.532661013305187e-05,4.6511446610927876e-05,5.651922700012843e-05,0.00013340823352336884,6.141631552178395e-05,0.000125614035369437,0.00015835557132959366
1048,4.952249215076088e-05,0.0001126444318698093,0.00022077932953834534,0.0002688891000133392,0.00014219056081382284,0.0001990208402276039,5.799095226695361e-07,1.6148342540801396e-06,7.439404726028442e-06,0.00022559028557635197,6.844598096963916e-05,0.00022667529992759228,0.00020159045878147264,0.00012296156276585604,0.00018448056653141975,0.00028321731506275594,5.7952818166528454e-05,0.0004139672964811325
1049,0.00022381307306436338,5.308685422220766e-05,5.9985555708408356e-05,7.538898213629852e-05,0.00015070999794443082,1.0887626558542252e-05,7.426872631282298e-05,1.8747907852679048e-06,7.987022399902344e-06,6.0227591186616525e-05,1.1028669071440345e-05,5.1566166803240776e-05,0.0002072148874251306,0.00010226205544474828,1.5040859580039978e-07,0.0002489697317478723,2.0458209879759513e-06,8.462555706501007e-05
1050,0.00012972927488688613,8.917725651763977e-05,0.000277817714959383,0.00018663782560873754,0.00010709393323559552,0.0003012781962752342,4.388851820594057e-05,2.119576918027915e-06,1.7169862985610962e-05,0.00022324800766534286,4.737767030457696e-06,2.1444633603096008e-05,1.7131291268096538e-05,5.472622927805634e-05,8.783768862485886e-06,0.00021599294284871395,3.803998761590368e-05,0.00022395886480808258
1051,0.0001576111110926648,1.7664233677217034e-05,0.00010737776756286621,0.00029221195099743413,1.9228400137325657e-05,0.00019170204177498817,1.2533655073747318e-05,1.3961295607734306e-05,4.071742296218872e-06,0.00022972079878219587,0.00015727121867148072,5.078548565506935e-05,0.00041307121021713633,0.00015063922225950696,0.00016164453700184822,0.0006675721924468414,0.00024492733306195587,1.1838041245937347e-05
1052,0.00018730797688985834,9.270964556864006e-05,9.658187627792358e-05,4.737327799435309e-05,1.289874515909839e-05,0.00021703029051423073,4.19331977902955e-05,1.823506338949224e-05,1.3660639524459839e-05,0.00029732598031358137,0.0003418331796599082,0.00025599892251193523,0.00018278574964385869,5.545224794779174e-06,0.00010647810995578766,0.00024018817130785908,0.0003042347662287285,0.00036085397005081177
1053,0.00014069124993547344,8.514678098798384e-05,0.00024356739595532417,0.00019794613304928432,6.530894490714215e-05,0.00031354697421193123,4.9664506713252565e-05,9.710939965542373e-06,1.3776123523712158e-05,1.2656847594293141e-05,9.28903365194772e-05,0.00011865026317536831,0.0001509687769030016,6.95642429655377e-05,1.286948099732399e-05,9.75447358265158e-05,0.00019147183184405493,0.00018003862351179123
1054,2.6826916656411126e-05,3.3101662202744686e-05,0.0001698806881904602,9.812688808660819e-05,0.00011951787570111533,0.00021213246509432793,1.2271571277203824e-05,1.7413046938898383e-06,1.816079020500183e-05,0.0008968734607971776,0.0002386324041201253,0.00026233564130961895,8.235631427335605e-05,0.000498558874752808,0.00020563602447509766,0.0002162841518557057,8.651816331433542e-05,4.062522202730179e-05
1055,8.325249016960523e-05,0.00012112405148519134,7.354468107223511e-05,0.00010157102461585965,9.800219874260205e-05,7.1604736149311066e-06,2.540032308098565e-05,1.8199171113965004e-05,1.5400350093841553e-05,0.00015517778980891211,0.00034049935023024516,0.00030262768268585205,0.00020202091711976622,0.0003451889323423628,0.00018181558698415756,0.00028854900859257016,0.00030868380303553404,0.00035372935235500336
1056,2.4502364110820518e-05,3.9008803704249084e-05,0.00018320232629776,0.0001951276137592689,5.510204452166545e-05,8.520623669028282e-05,1.5972941158749407e-05,1.556106097944294e-05,2.362951636314392e-05,0.0006092766345209139,0.00033974030038426417,0.00017510424368083477,0.0003354065480520932,0.00011313544698867556,0.0003124196082353592,9.41285883921672e-05,0.00017074269174354026,0.00038016680628061295
1057,8.289615612998291e-05,7.377888736067803e-05,0.00015043839812278748,0.0004714352174696457,8.662159554938612e-05,0.00010454189032316208,4.961801550351988e-05,3.1778224885788586e-06,1.0222196578979492e-05,0.00037233315577204357,6.677906107567522e-06,2.947659231722355e-05,0.0005001123386745784,0.0001089249326811266,7.098866626620293e-05,0.00010799690845736398,7.620971073245969e-06,9.686779230833054e-05
1058,0.0004956124726207684,0.00014703888341691812,2.4019740521907806e-05,0.0003542675113229199,0.00015404036940400503,8.453289046883583e-05,6.966497554045797e-05,1.7299550658205637e-05,5.327165126800537e-07,0.0007095975304460406,0.0004076865686268999,9.095808491110802e-05,0.0006284399274109412,0.00010218917179791176,1.009088009595871e-06,0.000516281166162702,0.00034997244258540327,0.00030404701828956604
1059,0.0004925706002519709,7.447445627406513e-05,2.4831388145685196e-05,0.00020802122049159988,3.7994863681379415e-05,3.4742988646030426e-06,1.4271565076228593e-06,1.7207448675485315e-06,1.0591000318527222e-05,0.00035593489020247643,0.00011798826355392464,1.5612924471497536e-05,0.0003058128773259783,0.00011582959320304009,5.170702934265137e-06,0.00038337184658715495,4.373202204505534e-06,0.00013946741819381714
1060,0.0001344042572175297,3.783962476958114e-05,1.232372596859932e-05,0.0001209419833057418,8.392829970706173e-06,9.947456419467926e-06,5.649294889421841e-06,4.159682648348384e-06,4.906207323074341e-06,0.00011042546388988911,4.9058872007137766e-05,4.70669474452734e-05,5.2397615252844365e-05,0.00024113246919565956,2.5738030672073364e-05,0.00025273505992023937,6.239477582958451e-05,4.331115633249283e-05
1061,4.896382219801709e-06,9.13721614207684e-05,1.674192026257515e-05,1.3384387096554429e-06,0.00013771117286225446,2.9165763407945633e-05,1.3987525379795251e-06,1.7534154405563732e-05,1.773238182067871e-05,0.00016162005971305515,6.546670998708662e-05,0.0003440545406192541,0.00018781754665076617,0.00018021248250314065,0.000281426589936018,0.00030909380516461193,0.00027855483601878185,0.0003648269921541214
1062,6.716678982815472e-05,4.919069101182172e-05,0.0001708376221358776,8.3556556979697e-06,9.036296719058465e-05,0.00014915317296981812,2.8246060279383048e-05,6.297234933548036e-06,1.8402934074401855e-06,9.054741550058865e-05,6.583991375586767e-05,0.00012622494250535965,0.00010243684549781501,0.00022841174441864606,0.0001028706319630146,3.627362223684871e-05,0.0001358496004823708,6.584450602531433e-05
1063,0.00011981835078987702,8.564155083195385e-06,1.9875820726156235e-05,0.00030465853993898173,9.856227538910037e-05,4.9723777920007706e-05,1.7280637055932038e-05,1.1816677020759655e-05,1.033395528793335e-05,0.00021060585492401612,8.939423042142111e-05,1.689651980996132e-06,6.0648912758011486e-05,0.00012054204665647508,0.00013055652379989624,0.0001947152793727036,0.00018707411799018117,5.4057687520980835e-05
1064,2.7417042043634265e-05,0.00014372551866265876,7.053464651107788e-05,0.0001993466902127372,0.0001325792087499937,5.397992208600044e-05,4.21446120983035e-05,1.707188146020714e-05,8.184462785720825e-06,0.000833976532996307,0.0003696363524470052,6.240815855562687e-05,0.0005058140445563658,1.057639609313571e-05,0.00023487722501158714,9.472997418988327e-05,0.000274571280661425,5.5179931223392487e-05
1065,4.21639624088449e-05,4.6506152259841865e-05,0.00024759070947766304,4.856607095374277e-05,1.8173632138528822e-05,0.00022210227325558662,4.465379825681348e-05,4.860239735364377e-06,6.105750799179077e-06,0.00041005291719405784,8.084136365454561e-05,0.00012146309018135071,0.00028055866579601574,0.00010664201042172305,8.369656279683113e-05,0.00032093458528612007,7.382599116195201e-05,5.153100937604904e-05
1066,0.000227555401065907,6.713481599726276e-05,0.00023483717814087868,4.325026103342566e-05,0.00012865349263917192,0.0002380935475230217,2.7017625688159977e-05,1.1307534614964662e-06,1.3418495655059814e-05,0.00030277699762291943,0.0001308972952326487,5.513732321560383e-05,0.00029012041103947117,0.0002129079588341319,5.722837522625923e-05,0.0003563526129502781,6.322618655001718e-05,0.00012380816042423248
1067,0.0004364832844946792,8.1047447622426e-05,0.00010338146239519119,9.400156033007034e-05,8.585432292599823e-05,0.00021227262914180756,1.9181909426124744e-06,2.398013962866827e-05,4.231929779052734e-06,0.00019543809287751734,0.00021667501965101296,0.00012053921818733215,0.00010422339352218757,7.11795935313432e-05,0.00027818046510219574,0.00019188699176625468,0.0003598623965994567,0.00010336469858884811
1068,0.00023829340886949435,4.267511028679949e-05,0.0003184848465025425,0.00043888552002738224,5.3297483738751206e-05,0.00037242285907268524,2.6001428851866668e-05,7.0545330440573975e-06,3.445520997047424e-05,0.0004931702936026919,6.275642769070638e-05,0.00022532232105731964,0.000516221557448876,3.670360351539642e-05,0.00015603797510266304,0.00031337891129304407,0.00019969417170734262,0.00028128083795309067
1069,0.00030793073822024675,4.486178468474447e-05,0.00013276096433401108,2.744040434864148e-05,1.0007806491782456e-06,5.773548036813736e-05,1.726466626571395e-05,4.5871639788868e-06,7.890164852142334e-06,0.0001939331660980939,3.590683269258377e-05,0.00012860889546573162,2.3807120968138973e-05,0.0001762334820757626,4.559289664030075e-05,0.0001630492830428376,1.8586414124828737e-05,4.84297052025795e-05
1070,4.96015433480157e-05,0.00012837326619530298,6.246194243431091e-05,0.00022124933762397714,0.00013780908753754928,9.561097249388695e-05,8.959386787594364e-06,4.4163747975340143e-05,8.046627044677734e-07,8.828131366281355e-07,0.0002932910159079219,2.1197833120822906e-05,0.0002132568628873538,0.0006702121848891282,0.00022534793242812157,0.0002023364926993232,0.0007071680554178355,0.00012442003935575485
1071,7.65336393117877e-05,0.00020420410843825093,0.00022184057161211967,0.0002617131952874635,9.200275749638928e-05,7.829070091247559e-05,2.9849422040158224e-05,7.582957090848127e-05,2.246350049972534e-06,0.0001718725611648403,0.0008620487605960174,2.0417850464582443e-05,0.0001460709932154941,0.0010151621508217266,0.00043425848707556725,0.000356805981653302,0.0011898915864880892,0.0002574808895587921
1072,0.0002614510949671689,0.0001070312400799564,0.00021932553499937057,9.320670718644675e-05,0.00013385256773363469,6.177043542265892e-05,8.096335140457891e-06,5.222049430986855e-05,1.4491379261016846e-06,0.0004374479429230596,0.0007210727517898141,0.00012207706458866596,4.87437324470652e-05,0.0008423369674923284,0.0001254878006875515,0.0007222795770904511,0.0007627332669742836,3.0417926609516144e-05
1073,0.00022483691244329362,0.00013186698228287788,0.00030252011492848396,0.0005821628976365317,0.00017527349028521877,0.00019734445959329605,3.3779989328259347e-06,3.472739134499278e-05,7.621943950653076e-06,0.0007862829005146135,0.0005690806264153012,9.264983236789703e-05,0.0007174510500496667,0.0005840582517678237,4.4976361095905304e-05,0.00029949072675014565,0.000557530106330572,1.218169927597046e-06
1074,0.00015636449476166825,7.100189301196061e-05,0.00020894408226013184,0.0003227185741937477,0.00020140247582384196,4.6045053750276566e-05,1.8454058140016452e-05,5.008125640321718e-05,4.883855581283569e-06,0.0006446707442245431,0.0007651666837297129,7.753795944154263e-05,0.0007023309848345899,0.0005791397267448997,9.689060971140862e-05,2.6217645788195743e-05,0.0008183742649116479,3.443099558353424e-06
1075,0.00020436548013616496,6.608054830999077e-07,0.000124344602227211,0.00011958614252224886,7.619125251790565e-05,5.222111940383911e-05,1.416235567358766e-05,3.719378611032428e-05,5.949288606643677e-06,0.0003083677671349566,0.0005350231174298808,1.6110483556985855e-05,0.00017604891240319276,0.0004149384271916537,7.77198001742363e-05,0.0005486990934786273,0.0006167382572997834,5.8424659073352814e-05
1076,0.00016724758662010897,4.633843832460918e-05,0.000226589385420084,0.00020479756484859113,6.0308837420901956e-05,0.00011825095862150192,2.4579752389600543e-05,3.6472673358618226e-05,1.0851770639419556e-05,0.000619269453343653,0.0003286036677447035,0.0001805424690246582,0.00033554806861604836,0.0004203456762702576,2.56500206887722e-05,0.0003435046935176267,0.0005923588262893211,0.000211372971534729
1077,4.326422267442176e-05,9.34529822682259e-05,0.0001789843663573265,1.6319824279686923e-05,0.00016913157336416462,8.4741972386837e-05,1.3355561007758962e-05,3.10748630261922e-05,1.6745179891586304e-05,0.00026007620976992163,0.00042516728209695057,0.00018491968512535095,3.563734205755398e-05,0.0004789868759471731,3.239233046770096e-05,0.0003203830770436289,0.0004717844891127384,0.0002802852541208267
1078,9.42278036122901e-05,7.923460271690858e-05,2.1905172616243362e-05,3.952942566674833e-05,8.69438185953815e-05,6.237998604774475e-06,1.1193711615516133e-05,2.0345741931606114e-05,4.213303327560425e-06,0.00040810778381842466,0.0005910417248843683,2.4575507268309593e-05,0.0001044769769421583,0.00026461298399116026,9.780470281839371e-05,0.0003783026610970075,0.0003243672472364881,5.593709647655487e-05
1079,0.00023902744624901273,9.070468406348342e-06,2.179061993956566e-05,0.0001669133515358051,6.91601051025087e-05,0.00012835394591093063,2.1915300513066643e-05,3.4505913870620016e-05,1.4632940292358398e-05,0.0006172087069126683,0.0007346434993376581,0.00019712606444954872,0.00033470185417153187,0.0003171341634243853,2.1357089281082153e-05,0.00014734296586094153,0.0004706539679358761,0.00041274912655353546
1080,0.0005093121110170407,6.240219507133715e-05,0.0002445667050778866,0.00019139949864845074,0.0001444098586154824,8.480716496706009e-05,2.635279366157428e-05,4.9709018599820084e-05,4.742294549942017e-06,0.0004661755076585533,0.0008098019885629873,0.00022133137099444866,0.0002821175211925736,0.0007549796902815605,1.2052711099386215e-05,0.0001898453582284687,0.000758486952447803,0.00011598505079746246
1081,0.0006972088038849078,4.0043898602223904e-07,0.0005222498439252377,0.00031950507189032473,0.0001693325789075481,0.0002170712687075138,4.884991577118816e-05,9.470523323717596e-05,2.3733824491500854e-05,0.0009284352510951568,0.0012093417673614201,3.101280890405178e-05,0.00044609015830847365,0.0011876589677598977,0.00044243643060326576,0.0006352294482564469,0.0014975537888450292,0.0005371114239096642
1082,0.00015271966857047237,0.0002867515005713743,0.0005114325322210789,0.00033382716810165247,0.0003717380234731296,8.834665641188622e-05,2.3946627004172924e-05,9.794198280038975e-05,1.6480684280395508e-05,0.0010086675294850786,0.0013229931377025696,7.122033275663853e-05,0.0005517036519403079,0.0013451103968771978,0.0005208961665630341,0.0003996523674694441,0.0013585979375746733,5.656108260154724e-05
1083,6.884720585742521e-06,0.00021882759337216867,0.0003585577942430973,0.00040343492706602924,0.00024144346803618016,0.0001760357990860939,4.184650191838696e-05,3.239317863341516e-05,6.1765313148498535e-06,0.0006229152537426327,0.000741136934114598,0.00015391036868095398,0.0005147780383166212,0.0007364070915556395,0.00014055147767066956,2.541359810676047e-06,0.0003723995170888772,0.0002501523122191429
1084,9.332424472721645e-05,9.615723853880626e-06,0.0001062219962477684,6.538595128217917e-05,9.849737965245825e-05,0.00011693499982357025,2.7756870496522396e-05,7.538244667329929e-06,8.206814527511597e-06,6.437633991676628e-05,4.7735885887995044e-05,3.394903615117073e-06,6.927127527958654e-05,0.00020488096024209174,3.4749507904052734e-05,0.0008589485065227387,0.00012523583374996492,0.00022079236805438995
1085,3.478433572778883e-05,8.035127109522894e-05,7.244991138577461e-05,0.00014521588400757957,6.714398356248708e-05,6.28037378191948e-05,4.116531784876393e-05,7.161357002311117e-06,1.5757977962493896e-06,0.0005928995033894144,1.7638349631209777e-05,2.9942020773887634e-05,0.00041057734880256547,0.00021992771187378732,5.872640758752823e-05,0.000268983100467024,0.00013071944152312585,0.00023442786186933517
1086,0.0003535256347375615,3.2923124356497996e-05,0.0001694057136774063,0.0002938060039039264,5.121981669397105e-05,4.505552351474762e-05,6.850783407893329e-06,3.3898442826003005e-05,1.6354024410247803e-06,0.0006921394807197015,0.0006187008462366465,3.1488947570323944e-05,0.0004350284448191577,0.0003679079400054387,0.00016041239723563194,0.00028048284527018574,0.0005519126729508998,2.0984560251235962e-05
1087,8.853197630775966e-05,4.014197150964752e-05,0.0003069010563194752,5.6188755761493736e-05,3.138239804377149e-05,0.000180024653673172,3.3597483646424786e-06,2.9131206964289513e-05,3.3564865589141846e-06,6.095602137750483e-05,0.0006137237575633871,1.747417263686657e-05,0.00012763074916308237,0.0005716217179737373,0.00015509780496358871,0.0012437683312566394,0.0003957972571212824,0.0002772398293018341
1088,0.000711383322435935,2.8952871554639714e-05,0.00032640527933835983,0.0004162520948755438,0.00015004216802385478,0.0003397841937839985,2.4421471084688784e-05,7.474135275922127e-06,1.609325408935547e-05,0.0009488481469736298,0.00011989125740489298,1.3381941244006157e-05,0.001139859182386127,0.00010539193692517268,3.4170225262641907e-06,0.0002734242994060221,0.00019205323186393362,2.5836750864982605e-05
1089,0.0001076601740053057,6.993202183345343e-05,7.42543488740921e-05,2.49678059092151e-05,0.00018355058085092746,0.0001529497094452381,5.4710462933042076e-06,5.7241115107863104e-06,8.638948202133179e-06,0.0002662512456261118,3.3133939098241305e-05,0.00015502958558499813,0.00021045859132014233,9.466101839245011e-06,4.3791718780994415e-05,0.0003381264667544348,7.674798640843654e-05,0.000279255211353302
1090,0.00012563778999814812,3.743095706624719e-05,4.251720383763313e-05,0.00020050995866013888,7.58889708263287e-05,9.588431566953659e-06,3.4514349366967026e-05,5.933408878856404e-06,1.5869736671447754e-06,0.00039513425523265283,0.00010899973794137666,2.4281209334731102e-05,0.00035303175774595297,0.00022382583086432914,8.28099437057972e-05,0.0003912687501491652,8.438897317002885e-05,0.00036038830876350403
1091,0.00030074947330185897,4.7834138240648166e-05,5.3816474974155426e-05,0.0002352884174898623,3.777281699494581e-05,5.1043927669525146e-05,3.022092026738754e-06,1.282521293496995e-05,1.5351921319961548e-05,0.00034062977528801636,0.00013996616490068864,0.0001387705560773611,0.00032168201653264006,0.00014995545845398334,0.00011527258902788162,0.00018636869186844374,0.00023390636963100796,0.00043810904026031494
1092,9.611605441260662e-05,3.8461168867697654e-05,8.861348032951355e-05,1.84083370444732e-05,1.859080870076496e-05,3.4753233194351196e-05,1.357986995978444e-06,2.1341580075968296e-05,1.2487173080444336e-05,2.8091774784209933e-05,2.9540803152011685e-05,0.0001600543037056923,5.082601596963221e-05,0.00034123410920981756,7.061706855893135e-05,2.3511755869898288e-05,0.00030096801900172726,0.0004183482378721237
1093,7.348651911853743e-05,0.0001002812732291726,0.00016460753977298737,0.0003865323615087901,1.99808354020177e-05,6.624031811952591e-06,1.5198350763832164e-06,2.6702732599693938e-05,8.828938007354736e-07,0.0002541066753212959,0.0006508856065956699,0.0001835385337471962,0.000253343243322518,0.0005221555036243053,4.472117871046066e-05,0.0003084951431641947,0.000373923003918026,0.00013570673763751984
1094,0.00013642099301650057,5.803273972952022e-05,0.00019200146198272705,0.00034110860349917393,3.910638958497942e-05,7.9362653195858e-06,2.795434237119407e-05,2.9040140289207205e-05,5.882233381271362e-06,0.00011059631916490731,0.0005425390993960694,5.845632404088974e-05,1.2070107881706482e-05,0.00021045951772861657,0.00030798371881246567,6.216689670643372e-05,0.00047003742798357477,0.00015032850205898285
1095,0.00019110266264664444,9.178637273662277e-05,8.434709161520004e-05,0.00033647807940087593,0.00011387270314636849,0.00013111857697367668,9.784369852159844e-06,5.0353959768806474e-05,5.010515451431274e-06,0.00018803907416641702,0.0008014240497362136,7.604993879795074e-05,1.2019547178845902e-05,0.0005264831349794316,0.0002270285040140152,0.0005474649195854608,0.0007654424838342039,0.00010072719305753708
1096,0.0005603912541876505,0.00013197114471544952,0.0002971370704472065,0.0007432611116904297,0.00016902989161973053,2.0656734704971313e-05,2.6177325918252947e-05,7.706669600150923e-05,1.2889504432678223e-05,0.0008355676174806939,0.0012304702642143214,0.0002274282742291689,0.0006696822596472113,0.001181565433833319,0.00021496973931789398,0.0005739484164748176,0.0011748629774936147,8.567329496145248e-05
1097,0.0004999925285558704,0.0006430795202508749,0.0014606909826397896,0.0007444049193340713,0.0006539483252449851,0.0011617275886237621,0.00011202929506038024,0.00013332878335930325,6.012618541717529e-06,0.001692004489747545,0.0017486714190021735,0.0006742661353200674,0.001401617071536465,0.001900364375375111,0.0002308851107954979,0.0001956530497544684,0.0020811522057859765,0.0005058366805315018
1098,0.0032610152316681906,0.000317194063722475,0.0013082330115139484,0.00253608363773343,0.0013206494652297264,0.001607104204595089,0.00010412791871741711,6.266732978880372e-05,2.981722354888916e-05,0.0012610546441864448,0.0012394391913158366,0.00019444595091044903,0.001301384524355638,0.0015144289678065102,0.0006778361275792122,0.003225342780834639,0.0007378782707092042,0.00026760809123516083
1099,0.0007595645841087101,8.41891474462654e-05,0.00033607613295316696,0.0008217369076598119,2.7879806845897137e-06,0.0002532992511987686,2.0964599000312945e-05,1.7182284243384498e-05,4.219263792037964e-05,0.0010942766637977094,1.794747952389708e-05,0.00011804024688899517,0.001010833705563187,0.00021323236891378564,0.00016706855967640877,0.00019216417992828916,5.8924959768882554e-05,0.0007140412926673889
1100,0.00018533640466036894,5.261258780722006e-06,5.92963770031929e-05,0.000338397778622046,9.167087465342463e-05,7.016444578766823e-05,2.1519970717226444e-06,1.4877041903500906e-05,1.8250197172164917e-05,0.00020373378859898927,2.6124281818470235e-05,0.00021338602527976036,0.00011414091935059434,0.00020402234808937839,0.0001662876456975937,7.965242509230808e-05,0.0002280635457443279,0.00035410188138484955
1101,0.0016833987785588728,0.0003057741171565882,0.0008815759792923927,0.001521390140078821,0.00023622844665756315,0.0008748294785618782,1.0326531355256408e-05,2.351096548668623e-05,2.7332454919815063e-05,0.0011854809811516764,7.951062985307733e-05,0.00027324329130351543,0.0013359145978870182,0.00015216852242885479,0.0002649636007845402,0.0020359338547647765,0.00039392852453871887,0.00027897395193576813
1102,0.00042687711282815566,0.00018726015221135622,0.0004929727874696255,0.0012199846243794304,0.00062943751110121,0.0007880828343331814,5.5781830084540573e-05,8.900150454351088e-05,2.9928982257843018e-05,5.719042600926122e-05,0.0013101719635739521,0.0002095852978527546,0.00033417437153762664,0.0014002871840747763,0.00029055308550596237,0.00029478343142261276,0.0014675780242618874,0.0008436078205704689
1103,0.0010171377008635213,7.108388564255191e-05,0.0010004043579101562,0.0016917226419011777,0.00021118164250478327,0.0005877870135009289,4.6226048299272474e-05,0.00010751851126699036,0.00010231137275695801,0.0015650085074330605,0.0013108406503935521,0.0004084240645170212,0.0012057533417783803,0.0016366647568669505,0.001002331729978323,0.000256485022009173,0.001475178522446492,0.0012267418205738068
1104,0.0007767023223568953,0.0004381288314260941,8.870754390954971e-05,0.00045393928858848687,5.675879928071503e-07,0.00011503836140036583,0.00013391872460138954,6.838742694393804e-05,1.1645257472991943e-05,0.001245794644909315,0.0004428763155723478,0.00010870001278817654,0.00040744399419394284,0.0011550218671623688,0.0002768775448203087,0.0001937112784086703,0.0009290985317699863,0.0003956044092774391
1105,0.00022906666127713027,0.0001595218886352688,0.00020683789625763893,0.00025465177957653684,8.6452612709155e-05,1.2861564755439758e-05,2.465288051636469e-06,2.0261114721566653e-05,1.857057213783264e-05,0.0006339497554989013,5.493491006911336e-05,0.0002455180510878563,0.00025624715008609744,0.0003051135433072352,1.9141938537359238e-05,0.0008529080500049857,0.0003303926743921503,0.00017111282795667648
1106,0.00015435439125612016,9.528961590396859e-05,0.00015051942318677902,1.3955002602233924e-06,5.4601744517834144e-05,0.0002480209805071354,6.72012540034652e-05,2.8872793454289187e-05,1.1712312698364258e-05,0.00041774358390651856,0.0003072632185248496,0.00043108314275741577,0.00040264204841461426,0.0003700133465523864,0.0002628485672175884,0.0006937162428198862,0.0004695478886743787,0.000280710868537426
1107,0.0001975326574178704,0.00020972211038671612,0.00016250880435109138,0.00038072196218146004,0.00016841801249478303,4.296191036701202e-06,5.6481361569450314e-05,3.767623757888191e-05,1.1708587408065796e-05,0.0005097864249777387,0.0006413828776352798,0.0004774876870214939,0.0003059961801312183,0.0006959468003389681,0.0002548862248659134,0.000161246102930529,0.0006933962652235564,0.00024859607219696045
1108,0.0004848595103071063,3.8517032840416215e-05,2.3106113076210022e-05,0.0003355818769271435,9.617040653268905e-06,0.00012705009430646896,5.3563951649975364e-05,6.666992292893965e-06,1.5221536159515381e-05,0.0006564547227254358,2.870076207371272e-05,0.0002543062437325716,0.00035528750687116584,0.000481232787281214,0.00011504441499710083,0.001101911340410544,0.00021303825787494148,0.00027017388492822647
1109,0.0004977440618349899,0.00014254999921444259,5.975179374217987e-05,0.00019992303004381928,7.145337227533119e-05,3.6600977182388306e-06,2.7533314769422057e-05,3.352482783012617e-05,3.3676624298095703e-06,0.000805206659220993,0.0005580196886363249,1.9595259800553322e-05,0.0005853445213748476,0.0005912501480666785,0.00010141124948859215,4.9634844461327043e-05,0.0005693998546073302,0.00013064220547676086
1110,0.0005793661384617399,5.165251781354824e-05,2.8860755264759064e-05,0.0003371617993011278,6.126611823243158e-05,4.721805453300476e-05,6.036786758069519e-05,1.201963481539713e-05,3.6545097827911377e-06,0.0007229037438797672,0.0002745335169091895,2.458062954246998e-05,0.0007227614678148725,0.0005649628079066639,7.937103509902954e-05,0.00021734712937357403,0.00018430205043278025,4.097726196050644e-05
1111,0.00027694713482764866,8.519541380994436e-05,0.000350248534232378,0.0006245151101202245,0.0001372638805663337,0.0005354033783078194,7.799355203788258e-05,5.918246643458921e-05,4.2341649532318115e-05,0.00019233319328852,0.0006010355302669863,0.00032763415947556496,0.0006315125021634505,0.0007657688456220932,7.145572453737259e-06,0.0014001588178562396,0.0010297016118572433,0.0007289452478289604
1112,4.266877300773686e-05,0.0003448691068858381,0.0006813663057982922,1.3271799954181485e-05,0.0002816145881365979,0.0005633742548525333,2.3102305067648765e-06,3.962455727395738e-05,4.312396049499512e-05,0.0007644788279929787,0.0008541558302493125,0.000127698527649045,0.0007204811715676926,0.0004202282933794717,0.00034114066511392593,0.0001175615901649052,0.0005959872527577549,0.0005861325189471245
1113,0.000340540632545544,0.00013486928843783538,2.0104926079511642e-05,0.00019619991327909925,4.8682834985918494e-05,0.00013769418001174927,9.537937101516611e-06,1.2306053763145371e-05,9.268522262573242e-06,7.538427288387994e-05,0.00033835736089116164,1.7718411982059479e-06,0.00021498804462360271,3.756302867084435e-05,0.0001209694892168045,1.1085810000699414e-05,0.00022002577739855611,0.000112852081656456
1114,0.0006167326105619986,0.0001193961629411093,0.0005702436901628971,0.0005531042530572267,6.516279318848073e-05,0.00039750663563609123,1.34564560850918e-06,4.3928879540680295e-05,2.179667353630066e-05,0.0006667672273195716,0.0006139183604711856,4.342198371887207e-05,0.000806334784840726,0.00036285824571574005,0.0002344776876270771,0.00012530419941000903,0.0006774278253341231,0.00014787819236516953
1115,0.0005693477119677881,1.3773426328623356e-05,0.0006571565754711628,0.0009222268293657826,3.8436510932028656e-05,0.0006420877762138844,1.5584407944567794e-05,4.289959623062693e-06,3.7457793951034546e-05,0.0012420967691293,6.64165497791698e-05,0.000174820888787508,0.001166263670362655,0.00018070461089149045,0.00018141930922865868,0.00044648151157300475,0.00010705212121545375,0.00034786202013492584
1116,7.928469426751739e-06,8.260210071303967e-05,0.000218929722905159,0.0001179481888033268,0.00010076912668800786,0.00011265603825449944,3.121356456071457e-05,2.892809884408391e-05,3.300607204437256e-06,0.00028280696704502395,0.00018893015723949955,0.00023560784757137299,0.00019328728925047806,0.0005275369110111401,0.00010264245793223381,0.00038856976385534536,0.0004371294546888535,0.00011372100561857224
1117,0.0006638792039560665,5.719975346085357e-05,0.0005755233578383923,0.0006162624408761613,8.58610311403607e-05,0.0006176573224365711,2.0454531895260086e-05,3.5762210351790186e-06,3.4615397453308105e-05,0.0007608475447093768,2.896338308712096e-05,7.215328514575958e-05,0.0006249437992828857,6.391878371707002e-05,2.7692876756191254e-06,0.0005976894175797054,4.827442760988506e-05,0.00021263957023620605
1118,4.754658079558771e-05,3.801008423503366e-05,0.00022224243730306625,1.5370528231598013e-05,9.953244477317255e-05,0.00024053966626524925,6.887647643824546e-06,2.0198525096507317e-06,2.8833746910095215e-06,0.00014773125090369876,3.0618579169854054e-05,4.900014027953148e-05,0.0001166701370378942,0.00024000178568671718,7.165269926190376e-05,0.0006444447176290613,4.535787916927275e-05,0.0001053130254149437
1119,0.0002443562434138319,8.064846235671802e-05,0.0002008909359574318,0.0001382583163982709,6.75153831737399e-05,0.00017792265862226486,3.005427353575292e-05,1.2423581775383578e-05,3.155320882797241e-06,0.00039093196591129947,2.865664901059023e-06,0.00021226494573056698,0.00046821328673907897,0.00045878390375916553,0.00015999609604477882,0.00013505275295674912,0.0001951143965186865,0.00013117026537656784
1120,8.918258631762654e-05,8.493833389929331e-05,0.0003486420027911663,2.977794123447397e-05,2.0159929304465474e-05,0.00021350150927901268,6.101384425322848e-06,3.6914708445658724e-05,8.244067430496216e-06,0.0003073887833710126,0.00044105115068517053,0.00014771101996302605,0.00027813140240614403,0.0005980235037572612,6.000325083732605e-05,0.0001710939159725311,0.0005383954670994734,0.00014247000217437744
1121,0.00015323429319967496,0.00025620075079037935,0.0004999884404242039,0.00019416447212994292,0.00010665945892667644,0.00045721186324954033,3.86126647793205e-05,7.526203476513791e-06,1.8656253814697266e-05,0.0005037695677425971,0.0001812537286483805,4.736287519335747e-05,0.0003195034803231897,0.0003004491076838284,8.939113467931747e-05,0.0002438295184568895,0.00014464767576543008,0.0003911564126610756
1122,0.00010578135795059895,7.401672536058376e-05,0.00014091329649090767,1.8146206667582487e-05,0.0001093717509577756,5.3192488849163055e-06,2.374052484376346e-05,1.1868494602643729e-05,3.7997961044311523e-07,0.00018476204605256952,7.523341699033209e-05,0.00019815913401544094,0.00017459326489903393,0.00046921966215525066,1.41938216984272e-05,0.00032361992434343234,0.00018977936657604225,7.724575698375702e-05
1123,0.00017280524099150263,7.318939635997737e-05,0.00016772793605923653,0.00016375969432697035,8.781640989844602e-05,0.0001320098526775837,3.4269891219710844e-05,3.5836741251101542e-06,1.2665987014770508e-07,0.00013482452852174587,1.5949566721604885e-05,0.00018241768702864647,0.00025778468182647424,0.0002675509034839353,0.00014887889847159386,8.59942322586904e-06,5.3508734706863344e-05,3.4081749618053436e-05
1124,0.0001737525097421505,2.4013212266710965e-05,6.112456321716309e-05,0.00022014926835065007,2.2312714466884986e-05,6.7190732806921e-05,3.9049091422965754e-05,2.1917997503036104e-05,2.1442770957946777e-05,0.000411806356574361,0.00013010914921963643,0.0002864960115402937,0.00030030413177371124,0.0006979294075708312,9.431270882487297e-05,0.0008550489761614266,0.00038967490261942713,0.0002397364005446434
1125,0.00024998340297927024,0.0001663071310100163,0.0001614992506802082,1.2427775054238421e-05,6.181906449764102e-05,0.0002344655804336071,2.618054795986563e-06,5.1619702790899405e-05,8.434057235717773e-06,0.00026288863382002703,0.0006766128970286424,7.960922084748745e-05,0.0001851818721916934,0.000581033019780082,2.4792738258838654e-05,0.00027627412304637167,0.0008694185990510222,0.00014402996748685837
1126,0.0001598325357424768,0.00021900416444084816,0.0004359595477581024,0.00014933925505106194,3.6864400885676385e-05,0.00037093088030815125,2.1475601072774853e-06,1.5628393005493553e-05,1.6625970602035522e-05,4.0769823131260596e-05,0.0002723931653085439,5.262158811092377e-05,4.496834026626595e-05,0.0007080537818337437,1.9981060177087784e-05,0.00019606576550401655,0.00022988660322576437,0.0003569815307855606
1127,0.00011699570917965418,1.72714381269784e-05,1.851096749305725e-05,0.0003218792188711961,4.058916410463326e-05,0.00011223694309592247,1.2555243868183491e-05,2.4463868576768194e-05,1.4007091522216797e-05,0.00020118941165600535,0.0003520091191322079,0.000210821395739913,0.00032958577088744445,0.0002869449209255068,7.711723446846008e-05,0.00016157329206736848,0.00037160112479307957,0.000262996181845665
1128,0.00020172838305755614,0.0003055848938880723,0.00018322980031371117,5.286132711393443e-05,7.496329055144135e-05,6.432179361581802e-06,9.569217211647177e-06,2.639993964914482e-05,1.3161450624465942e-05,0.0003984900294994667,0.00036762460740406497,4.4437823817133904e-05,0.0002994433141999542,0.0006135335219241665,0.00018957816064357758,0.0003001296793270769,0.0003465949924401036,0.00035632308572530746
1129,0.00021126670533030967,4.482824884255443e-05,7.143290713429451e-05,5.009139928902062e-05,2.094604467326941e-05,0.00022338423877954483,3.122793719777077e-05,3.261503811929315e-05,1.3697892427444458e-05,0.0004114610442380248,0.0004365077742628544,0.00015592528507113457,0.00022071034895498887,0.0005970236907244554,7.378449663519859e-05,0.0005473709118177517,0.0004981263994846097,0.00021009519696235657
1130,0.00026941681474466905,6.7898518972348e-05,0.00030718836933374405,3.5454190676353914e-06,7.959704326766098e-05,0.00010818289592862129,1.895980848316825e-05,4.21206330049496e-05,1.8440186977386475e-06,0.0001599409899394888,0.00031293258376211344,0.00020065903663635254,7.291470797720495e-05,0.0005809592026948494,5.446420982480049e-05,0.00013458777804864486,0.0006373234463905456,0.00014777202159166336
1131,1.2030104307586553e-06,0.00018984767572635675,0.0003093872219324112,0.0001126802180744374,0.0001275105263339009,8.324161171913147e-05,2.2537096637844853e-05,6.660927418935305e-05,6.467103958129883e-06,6.124521189783405e-05,0.0009856947479499438,0.00017263577319681644,0.00023775062665965657,0.000953810975181605,0.00014580925926566124,0.00010741084827844971,0.0010883913377706688,0.00030065421015024185
1132,0.0001325250277994655,7.691993570226041e-05,0.00035342900082468987,0.00021800780165924516,8.182507535137856e-06,0.00024887267500162125,2.560864754551015e-05,3.377607711828242e-05,2.866610884666443e-05,9.823606378918381e-06,0.0010554820392149472,0.0002302289940416813,2.5673589064093005e-05,0.0003384511193835829,0.0003589605912566185,0.00015229860661003514,0.0005350776907559417,0.00021951273083686829
1133,0.00019159810355620643,2.4443140592054352e-05,0.00014821020886301994,0.00010643079443464765,6.628628168871276e-05,8.428702130913734e-05,5.29031171868366e-06,1.9361282840653913e-05,4.295259714126587e-06,8.308306759682166e-05,0.0002792213156984219,3.226613625884056e-05,4.5448085207053235e-05,0.00016823659541302313,6.32312148809433e-05,0.00020458072885898293,0.00029967175569676823,4.2430125176906586e-05
1134,0.0005331043509905764,6.942706678735727e-06,0.0001910291612148285,0.0005898206876146367,0.00013516117233804484,0.00035191094502806664,8.218778045424036e-06,2.6332552124463693e-05,3.842264413833618e-05,0.00016441853218041036,0.00028184615442202604,0.00039204140193760395,0.0003097455203814048,0.0005426425249012608,0.000143539160490036,0.00021169623116357172,0.00047369833043565913,0.000513729639351368
1135,0.00014101782217085246,4.1104359614178854e-05,5.780113860964775e-05,0.00022447194382241298,0.00012711664983375975,0.00012797536328434944,1.3304574263430652e-05,2.812166257799156e-05,6.1765313148498535e-06,0.0003886660934600966,0.0005949462113494057,0.00014998833648860455,0.00028637863680266995,0.0005414356335736968,8.898461237549782e-05,0.0003552411818467105,0.0004886933814330289,1.185387372970581e-05
1136,5.361842441715947e-05,0.00013949543195045794,5.4487958550453186e-05,4.457734965282456e-05,0.00013106571635878791,0.00018913857638835907,4.508702150417959e-06,5.620725594684183e-05,1.2468546628952026e-05,0.00042698019922958463,0.0009271262465640161,0.00032937806099653244,0.0003517039571402786,0.0009044234886506179,2.166256308555603e-06,0.00011078049365792486,0.0009319241568648542,0.00010229181498289108
1137,7.518153849546405e-05,0.000257549787016538,0.00014839321374893188,0.00016578538716705005,0.00013879683647491023,0.0001459931954741478,3.7931242616881175e-05,5.18844497919068e-05,2.2649765014648438e-06,0.00017239790429758595,0.0011892451457884284,0.00027335318736732006,0.0002734232344920248,0.0007197679010769523,0.00010251393541693687,0.00019595389028939647,0.0007653611651392573,0.00011914782226085663
1138,2.0045939018165093e-06,5.981740605666766e-05,0.0001503187231719494,3.532913166993945e-05,3.3633561474594176e-05,4.249485209584236e-05,5.033743552568248e-06,2.2656946731283424e-05,2.2351741790771484e-06,0.000266570192102307,0.0005019784583494176,2.9632123187184334e-05,6.486020330089687e-05,0.00014598966848811817,0.00010425690561532974,0.00019568226917970888,0.0003170734474924491,0.00012164656072854996
1139,0.00014841568374909797,0.00015461571613394065,0.00018350547179579735,4.963802296646669e-05,4.417529221775393e-05,4.5101623982191086e-05,3.602410070081656e-05,3.253337708203859e-05,1.2073665857315063e-05,4.0784512699468256e-05,0.0003874451318305397,0.00010482850484549999,0.0002741233199630849,0.00018538345735177528,0.0002937782555818558,0.00011859433935432206,0.0005680237703613298,0.0001938333734869957
1140,0.00019659847319117296,3.163076058388878e-05,0.00022249994799494743,2.1800975335772854e-05,4.8974063309479426e-05,0.00020531238988041878,1.7825586968722718e-06,5.797697926496908e-06,7.878988981246948e-06,0.00021030698820424104,1.7258744886276822e-05,2.6901252567768097e-06,3.6553910328328276e-05,5.853467788325545e-06,1.7234589904546738e-05,0.00014259521385684426,5.441483009219943e-05,0.00015951227396726608
1141,8.159071844567045e-05,3.6111963289495175e-05,0.0001611439511179924,0.00023881334454697867,6.347134259762632e-05,8.83755274116993e-05,6.416765540839461e-06,1.9243524492922352e-05,8.769333362579346e-06,0.0005041754086890851,0.00048075026759494474,6.404193118214607e-05,0.00036647457787448295,0.00019786637471319243,0.00016847159713506699,6.917587589758134e-05,0.0003006204796048859,8.89897346496582e-05
1142,6.756893666445829e-05,7.313316039456175e-05,0.00011547841131687164,0.00017547543965115708,5.328306684397599e-05,8.506188169121742e-05,9.556670925784522e-06,5.47325563881885e-06,2.43261456489563e-06,0.0003787906735303534,5.683069515993039e-06,7.448787800967693e-05,0.00014709208237895233,0.0002503735857010518,4.653213545680046e-05,0.00013115373563846178,2.3138025523830683e-05,3.252830356359482e-05
1143,9.65213651926422e-05,5.508898359148778e-06,6.091827526688576e-05,0.00020632409736157098,1.0196123090572967e-05,0.0001278892159461975,2.1233278902023714e-05,1.589497936738257e-05,2.1979212760925293e-07,0.00018546673234707406,0.00016004507194752188,2.7709174901247025e-06,0.0002185085848775553,6.253194779178711e-05,0.0001115649938583374,1.5221015826683004e-05,0.00026053316879605555,0.00030250754207372665
1144,7.2193356432243005e-06,0.0001657734175242627,0.000140337273478508,4.4511958133361396e-05,0.000107267454099641,0.00040929345414042473,4.61249982137632e-07,4.8703393563209784e-05,8.266419172286987e-06,7.629155954812228e-05,2.4230276752138652e-05,6.73437025398016e-05,0.000463953013007265,0.0007581701908617698,0.000276416540145874,0.000603806735032103,0.0006945234069468788,5.0980597734451294e-05
1145,0.0005215624873175784,0.00018070334675698504,0.000668548047542572,0.0004884421722231302,5.2104308791323106e-05,0.00043589062988758087,8.280304493483645e-06,3.8788934196989564e-05,2.3301690816879272e-05,0.0005872680473398423,0.0006564028633763326,6.943102926015854e-05,0.0005931129241980512,5.519337666368834e-05,0.00023060105741024017,0.0001519672198996569,0.0005290713851652468,1.3737939298152924e-05
1146,0.0004125268896596618,0.00012272186457982365,0.00020066788420081139,0.00023681635823721847,4.927517416717167e-05,0.00023258384317159653,4.123126922635223e-05,6.763099468266322e-07,1.0285526514053345e-05,0.0004404178078100396,0.00028951582414103727,3.9314618334174156e-05,0.0005145076175587862,0.0004557655443663336,4.122825339436531e-05,0.0004955655001468162,1.4805934550814887e-05,0.00011998601257801056
1147,3.825634773127473e-05,6.157550957476554e-05,0.00035496940836310387,0.00017630197714811613,5.380728328705647e-06,0.00027927570044994354,1.9810596608695052e-05,6.424837801706257e-06,1.8130987882614136e-05,6.194627334828867e-05,7.433249566424216e-07,3.882613964378834e-05,4.999125700760887e-06,0.000620635739711356,7.15046189725399e-05,0.0002320648753274257,0.00014927198469202223,6.027985364198685e-05
1148,0.000281497062243799,7.194086797985416e-05,0.0002493136562407017,0.00037760800711911235,0.0001420813260916906,0.00011909939348697662,4.024706029229913e-06,3.713721453176496e-05,6.038695573806763e-06,0.0002664424733544307,0.0006429223582254812,0.00020635849796235561,0.00039290114610310983,0.0006853011705638436,1.0945834219455719e-05,0.00036558441484516035,0.0005205428378723771,0.0001877443864941597
1149,0.00019868160276484415,6.455782072808253e-05,4.843762144446373e-05,4.1742201235636656e-05,4.2440032445550946e-05,9.03615728020668e-05,2.1626952959331522e-05,2.8173559018773074e-05,4.76837158203125e-07,0.00011964976535754068,0.0007904977357442132,8.097360841929913e-05,0.00038503028164990627,0.0004006384303813504,0.00011307373642921448,0.00041915332661163207,0.0004658756912160563,0.00013122987002134323
1150,0.00010838178977810864,3.186193816599389e-05,0.00018517766147851944,0.00012417763181335473,4.581120175453299e-05,8.30446369946003e-05,1.5926173969959406e-05,2.2323214130924075e-05,2.7567148208618164e-07,0.00021005311042320007,8.509984550409203e-05,0.0001731144730001688,5.2257489572993254e-05,0.0005328175804502518,5.064951255917549e-05,1.9829411953831144e-05,0.0003624630792198754,0.00010625738650560379
1151,0.00020756823665800395,6.741183791391173e-05,0.00018069520592689514,0.0004996402045549242,4.006753006002839e-05,9.624799713492393e-05,2.5261184697143377e-05,1.5133781933572354e-05,9.272247552871704e-06,0.00014956751715280991,0.0002929978849767062,7.874751463532448e-05,0.00013308935529320054,0.0004162848450848626,6.9891102612018585e-06,0.0001636396545789398,0.0002014846209658569,0.0001709340140223503
1152,0.00011334891492519039,0.0003355589530554051,0.00016272766515612602,7.658091380081944e-05,0.0003220091389098158,0.00021830201148986816,1.5021486877028756e-05,9.395795518038719e-06,1.4446675777435303e-05,0.0002844158583901815,0.00023892772643769808,0.0002897437661886215,0.00025927506503872766,0.00018722158083688337,0.00034207291901111603,0.00032040504810074144,0.00014161806885794413,0.00040729157626628876
1153,0.0004924136923333128,0.000385433663575227,0.0005120770074427128,0.00018253664466244546,0.00020137074603694335,0.00043521681800484657,6.292847664766434e-05,2.0977794973796847e-05,1.8756836652755737e-05,0.0005331762613529079,0.0005736309251131166,0.00015865848399698734,0.0005721078696018303,0.00013120171950637902,0.00021055852994322777,4.8158575752937915e-05,0.0004010816419704605,0.00019977428019046783
1154,0.00015995377767344388,0.0001864351850428929,0.00031958427280187607,8.068683655376718e-05,9.680075029314117e-06,8.040294051170349e-05,5.530429600809385e-05,0.00010434092513264087,6.7390501499176025e-06,0.0002264673929659733,0.0010370328386848059,0.0001366846263408661,3.2153364472611856e-05,0.0011684547780727063,0.00036490708589553833,0.0011967845299510338,0.0015210503251968303,0.0002017151564359665
1155,0.000476852811853945,0.0002493311011370451,0.0006245216354727745,0.0003352966301803234,0.00016964537959449077,0.00013804808259010315,4.427326807387652e-05,0.00010876468060923238,1.6361474990844727e-05,0.00020550217338092397,0.0007913091327856857,0.0006010390352457762,9.894835794319046e-06,0.0017914055035854956,2.020038664340973e-05,0.0007978988422095434,0.0016133932238114844,0.0006530024111270905
1156,4.5449523289511906e-05,0.00027890513026266467,0.0003897561691701412,0.00021416488160404257,8.164159279563238e-06,8.459202945232391e-05,3.6021690549732643e-06,5.934852444876453e-05,1.564621925354004e-07,8.759790549982271e-05,0.0006185971474767168,0.00037872116081416607,0.00020709990555560498,0.0011163747111884482,3.64803709089756e-05,0.0005726118451234163,0.0008728331380748224,0.0003627520054578781
1157,0.00020473271330054277,0.00029509028512591726,0.00013904785737395287,0.0003941641313064681,8.747285133906338e-05,0.00014407560229301453,2.8379900923487106e-06,6.830400831658382e-05,1.1652708053588867e-05,0.00011406377052063099,0.0005653449591149357,0.0003707120195031166,0.00026242124188767535,0.0011035194405891041,1.7921440303325653e-05,0.00022629256002212883,0.0009913576250379042,0.00033881328999996185
1158,0.0005057603785053599,0.00014906984462963874,0.00017458992078900337,0.0002988360261511752,6.972763664260181e-05,6.973696872591972e-05,2.5131072411359312e-05,2.2497380935086384e-05,1.2520700693130493e-05,0.0002341143468349849,0.00020919309428510044,7.599079981446266e-05,0.00024153365698446894,0.0006392243807234188,7.9283956438303e-05,0.00019261568547140895,0.0002769782663316388,0.00012639444321393967
1159,0.0003740411217140194,3.262064290942071e-05,0.00010821642354130745,0.00012258655630294213,0.00016217896044153426,0.00014699064195156097,3.52607893497614e-05,1.680117735440852e-05,2.1826475858688354e-05,0.0002386039419460667,0.0004111571492307099,0.00011723581701517105,4.9865222699854717e-05,4.8347858992568715e-05,0.00010188855230808258,3.117253780784979e-05,0.00026389945701112095,0.0002504885196685791
1160,0.00041741588028584853,0.0002454738150087614,5.868542939424515e-05,7.544745283066812e-05,0.0001029464936350491,1.892494037747383e-05,6.282138976391322e-05,6.442775007055903e-06,1.1574476957321167e-05,0.0001907565403132458,8.43358020597186e-05,0.0001968510914593935,0.0001266894535058155,2.956471485404677e-07,0.0001683640293776989,0.00048311365083292257,6.366637388862881e-05,1.1480413377285004e-05
1161,0.00039018292127862564,0.0003895856768975914,0.0002676257863640785,0.000514221722387978,0.00038027219338233886,0.0002268482930958271,1.5916132289480953e-05,8.366575448935431e-06,2.405419945716858e-05,6.433394185031277e-05,0.0001739963015729186,0.0003441642038524151,9.003682963817927e-05,0.00010826615655758556,0.00028762081637978554,0.000498803715784063,0.00011486914776210168,0.00046147406101226807
1162,0.0005279431761894826,9.303644508810646e-05,0.0006540943868458271,0.000791205325679889,9.099727013000755e-05,0.0005133198574185371,4.446755421763475e-05,2.895261266774911e-05,2.54213809967041e-05,0.0006893926655452964,9.524552155450172e-05,0.0002342041116207838,0.0008539705713713,0.0009832284187490554,3.8594938814640045e-05,0.0019091983228618492,0.0005065726204283474,2.4428591132164e-05
1163,0.00012376564482055596,7.171046021454616e-05,9.653065353631973e-05,0.0002548245225519469,4.286867985389686e-05,0.00013911724090576172,1.8022605625932567e-05,3.9367950984609424e-05,2.473592758178711e-06,0.00019679301970663976,0.00037247880378150217,0.00012407987378537655,0.0001603638639341709,0.0008769564034836648,0.00019035115838050842,4.0759504416065795e-05,0.0006212559115021722,4.886370152235031e-05
1164,0.0001610721017401423,2.7730563357489246e-05,0.00019275397062301636,7.362729657338363e-05,0.00012421836696936694,9.45189967751503e-05,4.698501742438424e-05,4.80021076378889e-06,2.2161751985549927e-05,9.597252277919466e-05,0.00019810109103822818,0.00017138966359198093,5.153215053052551e-06,0.0001369917965130009,0.0002464861609041691,0.0002246830520126475,0.00013913612748792884,0.00039388611912727356
1165,0.00025955651358652854,3.2294720118699466e-05,5.7853758335113525e-05,0.000352978576716928,3.6534002792090736e-05,0.00018295412883162498,3.256771032229648e-05,3.128575512738194e-05,1.4446675777435303e-05,0.00012408169678879144,5.92921831762995e-05,0.00024935253895819187,0.0003098396606062634,6.886925606990058e-05,0.00040963850915431976,0.0008614155396869105,0.000481104419081117,0.0003216303884983063
1166,0.0006268131974690866,7.377807881721668e-05,0.0003884420730173588,0.00036625456945067747,1.784288024393732e-05,0.0004938626661896706,3.412189652638245e-05,6.001865087507379e-06,2.3614615201950073e-05,2.5631018067254208e-05,0.00033712476104920744,3.334484063088894e-05,0.0005416350103639653,0.00022182760284826172,8.356478065252304e-05,0.0006288198110452614,2.6144339544619498e-05,0.0003647804260253906
1167,0.0001789275647213623,4.252486627367297e-05,0.00013300077989697456,0.00015079268345057073,8.854663979492028e-06,0.00015275832265615463,6.6134474001958155e-06,7.559400156178755e-06,4.038214683532715e-06,2.830299042463208e-05,0.0001394652994741348,9.734160266816616e-05,7.422830167373717e-05,4.9515406161548814e-05,0.00012337882071733475,0.0004731594499092773,0.00010622500843441782,1.7726793885231018e-05
1168,8.224365451001137e-05,5.574697970120446e-05,3.164680674672127e-05,3.7137707902368255e-05,3.727499915862423e-05,3.2246578484773636e-05,1.7250938421019615e-05,3.980201396484558e-06,1.1164695024490356e-05,8.904080107292878e-05,8.161879248239773e-06,0.00022168410941958427,7.604400358936225e-05,3.905079329025174e-05,0.00023569446057081223,4.048095435027488e-06,4.853535100931639e-05,0.00017482787370681763
1169,0.00023631211888634762,1.2382128139584031e-05,2.075452357530594e-06,0.0001691035627085502,4.855294070346683e-05,8.87005589902401e-05,2.1179353811608126e-06,1.9407736429237347e-05,7.99819827079773e-06,0.00025100249828687027,0.00010002911218424254,0.00013095838949084282,0.0003565755646169205,0.00024786104675176765,0.00026360107585787773,0.00011768558745520186,0.0003375633246800614,4.410743713378906e-06
1170,0.00029012519854676455,0.00012545120997166717,6.209965795278549e-05,0.00022294732872744916,4.4443837212620324e-05,0.00014004623517394066,1.2781095912814053e-05,8.036152387952357e-06,5.673617124557495e-06,9.046212350929256e-05,0.0001668833529148324,5.521578714251518e-06,8.05280620695889e-05,0.000159648900073011,0.0001056445762515068,0.00037370555083801604,0.00012534490355153643,7.90013000369072e-05
1171,0.0002604385634208256,0.00012862260997421535,3.843894228339195e-05,0.00011512586233805577,3.216406616792997e-05,0.000105228740721941,2.38587216667991e-05,2.5409296596933103e-05,2.566725015640259e-06,0.0001606833163388735,0.00040069360770639967,0.00011567166075110435,2.3856607144816244e-05,4.706494531329583e-05,1.3079028576612473e-05,4.0141441514818244e-05,0.00035410309923740923,0.0001152409240603447
1172,2.905291611052241e-05,1.7153383722951637e-05,6.31832517683506e-05,0.00015625162307572604,5.699073313495187e-05,0.00015353970229625702,8.688727110663097e-06,2.544105784617909e-05,2.008303999900818e-05,0.0004308434247034809,5.002677402065822e-05,8.762627840042114e-05,0.00012159109513755484,0.0002634295875353944,5.0385482609272e-05,0.0002574768908979175,0.0003382487141199227,0.00038828514516353607
1173,0.00024148913886187784,9.855540079054328e-05,0.00044481875374913216,0.00046101364311493254,3.159553831160594e-06,0.0005123475566506386,1.2092303360324713e-05,2.5637931067285186e-05,4.6234577894210815e-05,8.296584937776685e-05,0.0002371206363727743,0.00019395560957491398,0.00011459546108123081,0.00025230162223501343,9.863078594207764e-05,0.000444364897479399,0.0004148807287915643,0.0008127987384796143
1174,0.00010348567817568266,0.00015074727015884637,0.0001488686539232731,0.00037927836219120437,5.560293948485978e-05,0.00028180191293358803,1.7837297211147768e-05,2.654519569571381e-05,1.5214085578918457e-05,6.986678395511092e-05,6.66848342723847e-05,9.09809023141861e-05,0.0001111468992511383,0.00026033670316094257,4.7525856643915176e-05,0.00039189061938077474,0.0004406372293707479,0.00029508210718631744
1175,0.00012325625330003587,4.68838575399394e-06,5.437619984149933e-05,0.00014439582657184424,2.737405010285604e-05,2.6676803827285767e-05,1.492295975853708e-07,9.78283426764979e-06,5.360692739486694e-06,0.0002606468841466203,0.00018013427739705518,0.00013988814316689968,9.904098742294365e-05,3.597847526515263e-06,8.734222501516342e-05,0.0003815136582191181,0.00023564017633060036,0.00020165182650089264
1176,0.0002596091934391753,3.1623481977174905e-05,0.00041247159242630005,0.0002906535641219038,5.012522549670273e-05,0.000284682959318161,5.696887888491375e-06,2.9210818717107672e-06,2.6069581508636475e-05,2.0164966382588134e-05,0.0001938648837307745,3.111944533884525e-05,0.00021848395996657693,0.00032932358179425456,0.00014040851965546608,0.0005285221144713526,2.339558701883876e-05,0.00048378389328718185
1177,6.877932241897144e-05,2.0385574371013793e-05,0.00019269343465566635,6.44840397728691e-05,2.1551926116199216e-05,0.00018815277144312859,4.3865026290739254e-05,2.3765752749007197e-06,1.9632279872894287e-05,0.00020539262362345018,5.414342416640988e-05,3.5235192626714706e-05,0.00019826825306224621,6.761975753346097e-05,1.3370998203754425e-05,0.00042706742764875294,9.859334992763603e-05,0.00024263281375169754
1178,0.00037519328887061776,2.2539340453701928e-05,6.109476089477539e-05,0.0003292764830802597,6.114784510987889e-05,8.142506703734398e-05,2.50070560145043e-05,1.309423178157216e-05,8.687376976013184e-06,0.0005835340703626429,0.000290679493981337,8.806167170405388e-05,0.0004460964467613293,0.0002720813436361165,7.366156205534935e-05,0.000576855767043305,0.00016283546905719115,9.840354323387146e-05
1179,7.890753655596938e-05,6.957155628889433e-05,0.0001430450938642025,0.00027068413046769935,6.120382999447518e-05,0.00027680862694978714,2.3376461551512587e-05,1.8746179868305918e-05,1.411139965057373e-05,5.644610328424393e-05,0.00020116396192711508,0.00013863597996532917,0.00047883115402089227,0.00010255819298257696,1.4232005923986435e-05,0.00010596406815552295,0.00027490396371065984,0.000154164619743824
1180,0.0004233770637299822,4.699338302701847e-05,0.00021132640540599823,0.00038983549465257394,0.0001987180507022207,0.0004074997268617153,6.876809561504743e-05,3.39055051260665e-05,1.7490237951278687e-05,0.00039861703279536753,0.00038584818206988114,0.00011082575656473637,0.0004449341419316549,0.0006199472739597187,0.00018566148355603218,0.001068976310655112,0.000545869058229368,0.00036102253943681717
1181,0.00021449402645716542,5.863251499255498e-05,0.00024038227275013924,0.0003032549802845508,5.703433846737313e-05,0.00030677812173962593,2.6442875600668145e-05,3.539985819468744e-05,5.815178155899048e-06,0.0002738632849022607,0.0002682169450943517,0.00012914976105093956,0.0004168869365818034,0.00042294626165864657,0.0002424255944788456,0.00037100577633339404,0.000549434222841043,0.00011469516903162003
1182,0.00019403365447945298,0.00019648689786917403,0.00035768141970038414,6.086471270896898e-05,0.00023437490567372252,0.00021760119125247002,1.9818680212800588e-05,3.514304222438486e-05,9.34302806854248e-06,0.0001648699903488149,0.0007251135784496904,3.322446718811989e-05,0.00010104585037558345,0.0002833228366355446,0.0002486780285835266,0.00035555749332866204,0.0005649101979088881,9.716302156448364e-05
1183,0.0009463920383304403,0.0002668634207756253,0.0001821964979171753,0.0005844329608497845,0.0001117002540031442,0.0001586945727467537,1.6252804754743333e-05,2.6076401944922372e-05,3.4011900424957275e-05,0.0006399046140408288,0.0007149434691192148,0.0003197214100509882,0.00034866940903416355,3.345497249856652e-05,0.00037457142025232315,0.0003130498359303624,0.00044631618626067007,0.00044309720396995544
1184,0.0002166035494297336,1.2364991123944152e-05,0.0004478069022297859,0.0001466528303416259,7.461130933659674e-05,0.000504650641232729,3.2688874752898056e-05,4.314920828911548e-06,1.982972025871277e-05,0.0004427035605838736,2.6767582831096343e-05,7.0265959948301315e-06,0.0003198209735192775,0.0004721883376039189,5.725584924221039e-05,0.0006905784486187228,1.3903559733293575e-06,5.4836273193359375e-05
1185,0.00021468939957727806,2.0174785744283413e-05,0.00026798713952302933,0.00041279517114423125,3.441441671522133e-05,0.0002156142145395279,3.162826859425677e-06,7.88793786676953e-07,1.9147992134094238e-05,0.0002795910711336294,5.750235022902728e-05,2.7345959097146988e-05,0.00025977320270019477,7.093759048872744e-05,6.367173045873642e-05,0.000349319125932418,4.1018837342218e-05,0.00019404292106628418
1186,7.348203502031969e-05,1.7206242921868897e-05,7.056398317217827e-05,0.00026151028956242217,6.20458138106926e-05,5.2647665143013e-06,1.2227674210331732e-05,1.0023499400210593e-05,2.6263296604156494e-06,0.00010891955938037434,0.0002274694976773725,2.6650726795196533e-05,0.00014354030048879807,4.2147186960779515e-05,4.5765191316604614e-05,0.00016375365808218856,0.00014082307592633075,7.338821887969971e-05
1187,2.7618311652100047e-05,6.0986808319007935e-06,2.3262109607458115e-05,0.0003535796608585412,0.00014239178042677741,4.825042560696602e-05,8.654939363528236e-07,1.8025027460151033e-05,1.5348196029663086e-06,0.0001842148858279269,0.00038618499773997866,4.216074012219906e-05,0.00012039009380675203,0.00018083505061022853,0.00011979648843407631,0.00022302500527843216,0.0002417468311202405,2.00541689991951e-05
1188,0.00021977201926118295,5.839167340352183e-05,0.0002860073000192642,0.00013602323137865135,0.00010554052712138245,0.0002770363353192806,2.436027843676601e-05,2.2144492593406694e-06,1.8466264009475708e-05,0.00044860456774999113,8.885864199321622e-05,0.00011001131497323513,4.7585329582003344e-05,0.00015900700563271225,0.00010772515088319778,0.00015978334274321937,5.140980186524443e-05,0.00020545348525047302
1189,5.6965240923911864e-05,0.00011593192463860841,0.00010270345956087112,0.00012339700337765658,1.1312629473299307e-05,5.233008414506912e-05,1.760370963562255e-05,4.709283815363394e-06,1.8052756786346436e-05,3.499286268245083e-05,0.00013460919291451504,0.00016154046170413494,4.122383749048664e-05,0.00013940635857848105,0.00022126454859972,0.0001672094865145246,2.7759549377456318e-05,0.00040746480226516724
1190,0.00018813949249031625,7.053991023079492e-06,9.950529783964157e-05,0.0003401189937566468,2.3885891275769733e-05,0.00012201210483908653,1.746623707681201e-05,2.5360579292983795e-06,2.0116567611694336e-05,0.00048823551789773517,3.4779876410779426e-05,0.0001842486672103405,0.0003440367132184624,0.00013004136394403204,0.00013965321704745293,0.0005063236572954155,0.00011869602331256775,0.000255838967859745
1191,0.00010496310172829204,2.136959033426783e-05,0.0001160711981356144,8.509627506238238e-05,7.196421833594382e-05,0.00016751140356063843,1.4594970843391508e-05,1.7899235827162688e-05,1.2170523405075073e-05,2.6441772605440006e-05,0.0003185996676110421,7.463851943612099e-05,6.522610295647824e-05,5.66554638860399e-05,6.557442247867584e-06,0.00013159390288602912,0.0002431745611659493,0.0001477021723985672
1192,0.00012401742920778447,3.123410566641463e-05,0.00010403851047158241,5.234721284469446e-05,2.0007773922092048e-05,0.0001394525170326233,1.2706978473471867e-05,1.5647643507313118e-05,1.3649463653564453e-05,0.00025495775947872307,0.00018822414864097872,0.00011480716057121754,0.0002743694428808813,0.00016477544656533574,1.882854849100113e-05,0.0004497758219736969,0.00021951796306574154,0.00019073113799095154
1193,0.0002698692298069155,3.9118472940365134e-05,0.0002000783570110798,0.00038369286059976304,4.86105610493226e-05,0.0002966090105473995,1.3552391506261446e-06,1.817032873403432e-05,2.0172446966171265e-05,0.0003744056092451417,0.0004918226874353407,7.6621538028121e-05,0.00029719913564948963,0.0005069838448463516,5.830638110637665e-05,0.0004795967794112288,0.00032514193360513,0.0002301391214132309
1194,0.00015915570839114546,1.9725923387853977e-05,6.268825381994247e-05,0.00010571955272660472,3.894621030016074e-05,3.627501428127289e-06,5.494202371674091e-05,1.3960757452002577e-05,1.1935830116271973e-05,2.2434733615205038e-05,0.0005234476814559332,4.295399412512779e-05,0.00010117160859070273,0.00012787261858288393,1.911260187625885e-05,0.0008151796557357982,0.00018029830008460188,0.00030670128762722015
1195,0.0006314525974093349,2.648079993901667e-05,0.00014938460662961006,0.0004421123346411565,6.064949854233531e-06,0.0003549698740243912,6.478216765153783e-05,2.2120156000876535e-05,1.7933547496795654e-05,0.0005631535218115977,2.655435142299989e-05,0.00023181340657174587,0.000684633640508317,0.0005238932907497863,1.647835597395897e-05,1.9702726980097562e-05,0.0004165538611447068,1.1414289474487305e-05
1196,0.00029911308784934254,0.00011951774349513652,5.577690899372101e-06,7.25748498887624e-05,0.00012849981567455981,0.000125235877931118,6.442622353542565e-06,3.259757101023664e-05,1.798197627067566e-05,0.00011948316526195352,0.0004053105192463567,0.000391598092392087,0.0003653063981466642,0.0003091964001797655,0.0001994590274989605,0.00014078395883063144,0.00042626160201173196,0.000256161205470562
1197,0.00019741808274939543,9.246198238398173e-05,1.795915886759758e-05,2.3890857465999615e-05,3.309463455773015e-05,6.132619455456734e-05,4.2124161986721934e-05,1.3647362706945953e-06,7.163733243942261e-06,0.00020534422731244284,0.00010530725945806854,8.731475099921227e-05,1.3809209347265261e-05,0.00030905824687824796,0.0001229909248650074,0.0001662901865843447,7.305068513890033e-05,0.0002037612721323967
1198,0.0001315904635508791,2.0899377173533296e-05,0.00022956077009439468,0.00017803379886184578,0.00010997018082992485,0.00013429531827569008,5.384684214431064e-05,1.950017118524229e-05,9.659677743911743e-06,8.922032934596813e-05,2.0508163445863425e-05,0.00010274257510900497,0.00017222074321487923,0.0007173010433697731,2.6881229132413864e-05,0.0004719561707459963,0.0002949382509133073,0.0001551443710923195
1199,9.671117231779824e-05,4.5386092281787804e-05,0.00012390362098813057,0.00023954671091927504,5.15849275431815e-05,0.00011460715904831886,7.117508384682503e-06,8.740465819356477e-06,5.37186861038208e-06,0.00023134964828611798,5.303307171453109e-06,2.9709190130233765e-05,9.924249302609156e-05,5.800588083444344e-05,3.0279159545898438e-05,0.00012034181923267773,0.00010143589814154679,1.5177763998508453e-05
1200,0.00016649288881534496,6.420295985417115e-05,5.315057933330536e-05,0.0003662722573400251,4.614547605080385e-05,2.9573217034339905e-05,2.6122360941531822e-05,1.823114125689123e-06,6.370246410369873e-07,0.0002294213917996349,7.835095768667089e-05,3.2905954867601395e-06,0.00028754303986258667,0.00036905815675229367,1.4654826372861862e-05,0.00018026787233904606,1.454233062821858e-05,0.0001552719622850418
1201,9.202708802552584e-05,7.479967938231816e-05,0.00022720592096447945,0.00013723930869799505,1.9030399618175098e-05,0.00026897480711340904,4.681206164975846e-05,5.4575674168298835e-06,1.012161374092102e-05,0.00015682722861876802,1.4671633021570013e-05,3.360048867762089e-05,0.00012504922086117864,0.00025914658908622254,0.00010961201041936874,8.466448505162205e-05,7.558151978659302e-05,0.0002501523122191429
1202,6.237110993757844e-05,1.654087582196942e-05,4.651118069887161e-05,0.0003458078650137586,1.2404957300655994e-05,7.04457052052021e-05,3.102424363852878e-05,1.4319160231668858e-05,1.6216188669204712e-05,0.0003988215782606136,0.00017434958167081294,0.0002417643554508686,0.0003124615101846445,0.00010008310631518663,0.00022279610857367516,0.00019641189031074924,0.0001632400044151586,7.990002632141113e-05
1203,1.114395904742993e-05,2.6011397748663262e-05,0.00021370546892285347,0.00024571905278036876,2.9317039866132155e-06,0.00022773118689656258,5.967793841320408e-05,1.7622121215115e-05,2.3812055587768555e-05,0.00015694914300263402,0.000310840956992145,0.0002553232479840517,0.00023489897657828773,0.00019717445740572923,0.00022041704505681992,0.00050166186624101,0.0002490680531380086,0.0005367668345570564
1204,0.00018393888684627158,2.2370038202192133e-05,0.00023590773344039917,0.00026831758528000904,6.88568441638282e-05,0.00013123732060194016,2.9404755224693782e-05,7.140069713988694e-06,1.2010335922241211e-05,0.00010055239289527562,8.330329745462675e-05,5.9925951063632965e-06,9.420905350827902e-05,6.581493975684263e-05,0.00012334994971752167,0.0001825762867679881,0.00011730853064101116,0.0004169987514615059
1205,6.46353842918973e-05,1.3687965358648996e-05,1.543806865811348e-05,0.00013838834342017048,5.4770873868920794e-05,7.805880159139633e-05,5.37415769191231e-06,9.91057829975218e-06,6.545335054397583e-06,0.00039093242876042655,0.0002774489091377508,3.345985896885395e-05,0.00011313272235186078,0.00031855308572489166,0.00014820368960499763,6.190552265686322e-05,0.00012007510663349357,8.564628660678864e-05
1206,0.00021302713886352243,2.1825008220493353e-05,0.00010545505210757256,0.00016979761157653872,5.5671848101176286e-05,7.087364792823792e-07,2.6539528993769698e-05,1.1189906456249299e-05,7.972121238708496e-06,5.57698466672335e-06,0.0003235316518195551,0.00013274908997118473,3.949300308367376e-05,0.00013247766783315573,1.0630115866661072e-05,2.433403224633146e-05,0.00013805396533194281,0.00021307636052370071
1207,0.00014530659603469165,6.616174619364021e-05,9.913789108395576e-05,6.19597271503125e-05,9.508329698950518e-06,0.00017412612214684486,1.2572997331455893e-07,7.56133975736e-06,6.59748911857605e-06,0.0001331955877834634,4.855995788870596e-05,0.00012225378304719925,6.512491520969943e-05,0.00011392845383652664,0.00021122023463249207,0.0003977299143337609,0.00012450960126809572,4.849955439567566e-05
1208,0.00014502205371268173,2.3563672532481844e-05,0.00019377656280994415,0.00024594930641690105,5.895808927314228e-05,0.00021537253633141518,1.1383153742737517e-05,2.3183348995161625e-05,1.4543533325195312e-05,7.444120268420423e-05,0.0001708024663592371,7.664179429411888e-05,3.220767422017212e-05,0.00013087899221261856,1.6810372471809387e-05,0.0002620350657845938,0.0003354841466011822,0.00023210886865854263
1209,7.882002102374552e-05,1.864676409846569e-05,0.0004049944691359997,4.865334307904701e-05,0.00019931507540121504,0.00033934367820620537,4.071885536257626e-05,1.2613651313336837e-05,2.6363879442214966e-05,0.00028894846673425956,0.00031434480935548653,3.94254457205534e-05,0.00020713975334457624,4.1647943864783765e-05,0.00011602044105529785,0.00011992486825698756,0.00016786268609258808,0.0004064412787556648
1210,0.0001229486013095138,6.039199853140678e-05,0.00016878638416528702,0.000352648172854117,3.4844259955171125e-05,0.0002097850665450096,1.4386050974974154e-05,3.8702754245282384e-07,2.961978316307068e-05,0.0002506893771427321,0.0001523079213839318,0.00015392457135021687,0.00026562294529808295,0.00010201273428326815,8.83336178958416e-05,0.00011845829400197738,9.429612000261354e-05,0.0005387766286730766
1211,4.464279846051744e-05,0.000501405737655173,0.0012369188480079174,0.000769749393088659,0.0003453162048426689,0.0012976503930985928,0.00013086603488978756,2.8729280730506457e-05,4.116445779800415e-06,0.0008258343803279611,0.00016813759885176208,0.00031463545747101307,0.0006362668740252375,0.00013382655288655954,0.0004511098377406597,2.6075123562674385e-05,0.0005408229937532948,0.0004974370822310448
1212,0.0033699050190825613,0.00015421765552420252,0.0020379405468702316,0.0036163531454619785,0.0009096211135308438,0.0015660105273127556,4.5200580048969374e-05,0.00013319000481920058,8.796155452728271e-05,0.0025809032733240256,0.001627956217779978,0.0005428490694612265,0.0017655363214811245,0.001900934459568713,0.0001241648569703102,0.0038453814698513056,0.0020676018290424446,0.00042691733688116074
1213,0.0005408891985075742,5.144442274854222e-05,0.0005528181791305542,0.0005479796447620672,0.00012373375562794303,0.0001263176091015339,0.00011021830721277999,0.00010110220286620994,3.5587698221206665e-05,0.00018367301701328193,0.001219559289305977,0.0002115743700414896,0.00023770247901207242,0.002179704483631386,0.0004894179292023182,0.0009454337388695722,0.0015301494510340987,0.00010024756193161011
1214,0.0001443856377132957,2.9225986149929856e-05,2.0658597350120544e-05,0.00011988045743911713,3.4600722757960334e-05,9.70279797911644e-05,3.708652459042533e-05,3.59612003519677e-05,8.013099431991577e-06,0.000250925425666175,0.0009097799502560053,6.393319927155972e-05,5.108013850625703e-06,0.0005360382849849271,0.00027274852618575096,0.0005858791069086877,0.0004694743004695773,0.00010869652032852173
1215,0.001530776929521513,0.00042151511332179717,0.0006688535213470459,0.0011151133303386879,0.00014627051423427018,0.000914537813514471,2.4301374314970522e-05,4.985776253108845e-05,6.366521120071411e-06,0.0008508267968349165,0.0003082855607334893,0.00014189910143613815,0.001271793723487319,0.000676681173934178,0.0005249567329883575,0.0009741210457364369,0.0007917566403430817,0.0004674028605222702
1216,0.0008825720648870383,0.000303223690773468,0.0003562220372259617,0.00042019207077606535,0.0005254271965380482,0.000298431608825922,2.5443399751677934e-05,1.438602996783108e-05,4.165247082710266e-05,4.224551032028928e-05,5.541024939425404e-05,8.698063902556896e-05,0.00020442099536739644,9.844409059789686e-05,0.00017840182408690453,6.964575929030437e-05,0.0001663009525382621,0.0005418062210083008
1217,0.0010176232415740755,0.00022151529653523933,0.0006607775576412678,0.0014056612643510852,0.00033559645413586484,0.0005139652639627457,2.6446908007488057e-05,2.2529635805136053e-05,6.322935223579407e-05,0.0009108671254438733,0.0005010025263399477,0.0004867222160100937,0.0005749207832956571,1.1193069495533947e-06,0.0006359214894473553,1.1305215243451183e-05,0.00042345131516199116,0.0009595807641744614
1218,0.00018228497771494157,0.00015681815851105105,6.73825852572918e-05,0.0006610547414083734,0.00010754141318834384,0.0002296995371580124,5.197506318026929e-05,1.2675395175045163e-05,4.369765520095825e-06,0.0003385684013058818,0.0002500908495446791,0.00012297113426029682,0.00019330097593420192,7.477553664826664e-05,6.35865144431591e-05,7.851656356325232e-05,0.00021779811518667438,0.00015009287744760513
1219,0.00022109379482697367,0.00010545950699424392,0.0001085987314581871,7.730119091187149e-05,3.288644690436701e-05,4.8277899622917175e-05,8.467309733685077e-05,1.2825254861449436e-05,1.247599720954895e-05,4.122024461865326e-05,0.000113136067269589,0.0001280209980905056,8.108458249755923e-05,0.0002717204208097755,0.0001878403127193451,0.00020194791145444757,0.0002976510972547194,0.0006346246227622032
1220,0.00019605189132568257,6.534102896105926e-05,0.00017524044960737228,0.0001235978521583747,0.00013261852923680817,7.144547998905182e-05,6.782357568566738e-05,1.930494789701559e-05,2.2821128368377686e-05,6.436170504552086e-05,0.00014720142850907156,0.0003024486359208822,0.00011208511392292453,0.0004293564863208886,0.00039093848317861557,0.000537519793603225,0.00036534247573390567,0.0006988886743783951
1221,5.447645156353431e-05,1.548692201572277e-05,0.00013994146138429642,0.0002981292246979905,2.8684933792218203e-05,0.00011931592598557472,8.898024977417422e-05,2.7754463720971892e-05,3.0249357223510742e-05,0.0002458252979532019,0.0004023703724030346,0.00039843982085585594,9.2324513507408e-05,0.00048589859878817726,0.0003679851070046425,0.0008335672645577163,0.0005509936857876442,0.000759858638048172
1222,0.0001187185852042777,7.98539311526493e-05,0.00031105102971196175,0.0003094446262774525,0.00022371211267034966,0.0002897079102694988,5.7030086780689854e-05,4.625230098538548e-05,4.116445779800415e-06,0.0005001360794176582,9.835676758701214e-05,0.00018192734569311142,0.00032383071566513544,0.0006615691382465018,0.0001241755671799183,0.0005080765734977594,0.000648805653602755,9.439419955015182e-05
1223,0.0006576619104311926,0.00029655043370143894,0.00048644421622157097,0.0006302618589601877,0.00022317501477464238,0.0004887022078037262,2.6771963594058798e-05,1.2830951361418163e-05,2.12155282497406e-05,6.276221903497858e-05,0.0004697326722518727,0.0002585700713098049,0.0006063834676858643,0.000708995547708164,0.0003049112856388092,0.00041553915626109383,0.00018703490710938152,9.152945131063461e-05
1224,0.00039924684418631007,0.00022645354620989475,2.8759241104125977e-05,8.979678315081119e-05,0.00018745883671851538,3.7173740565776825e-06,1.0995237446626352e-05,4.229973785852372e-06,1.0795891284942627e-05,0.00037896651562412814,0.00017934172545639934,0.00010443036444485188,0.00022484005596382778,0.0003271386961993909,0.00013913773000240326,0.00026108492048436405,1.7414638253891897e-05,3.5800039768218994e-06
1225,0.00026631102300202214,9.508012083806958e-05,0.0003223344683647156,2.6402040468651022e-05,9.61349683719151e-06,0.0004376964643597603,4.332805376395035e-06,2.8918474051587708e-05,2.9742717742919922e-05,0.000426611527604967,0.0004118860049857863,0.00035362178459763527,0.00043688295622918566,6.152751571726622e-05,0.00018218392506241798,0.0002543907903745507,0.0005325643523455973,0.000458521768450737
1226,0.0002307807710246329,0.00031293892422566694,0.0003902432508766651,0.0004971002587323692,0.0002081415277304377,0.0003711935132741928,2.6428448134455107e-06,8.930946952083896e-06,2.4147331714630127e-05,0.00015735589002114497,0.00028710086710350205,0.00014956272207200527,0.000347660769509546,0.00017707202349379406,0.00014130724593997002,0.00036804824282173076,6.74258213394438e-05,0.0004994822666049004
1227,0.0001183939639109316,0.00012406048919822582,0.00028896983712911606,0.0003164370879309153,0.00016488190705686578,0.00017821695655584335,5.312991985302433e-05,3.015405781120722e-05,3.4905970096588135e-06,0.0003122257675241616,1.9542656534411035e-05,0.0003271170426160097,0.0002966422596174523,0.0009727487593346427,0.00018305703997612,0.0006551471276811521,0.0004975418689095543,0.0003402195870876312
1228,0.0006052382810966123,4.521732543704901e-05,7.460266351699829e-05,0.0003338298232965775,8.076816617800381e-05,2.0998530089855194e-05,2.0320738576582592e-05,2.4792736508820392e-05,2.078711986541748e-06,0.000463878343207956,0.00018360376793276345,6.024353206157684e-05,1.4887620062041529e-05,0.00021958863646457868,0.00019154977053403854,0.0005355420598802674,0.0003163239112121551,8.30572098493576e-05
1229,0.0003746186657844486,8.391329850494442e-05,6.977329030632973e-05,0.0004037800486078047,0.00020332719498277266,0.0001553925685584545,4.089023690655863e-06,1.9195765972064403e-05,2.275034785270691e-05,0.00025762013537936057,0.0005387855074309583,0.00019968533888459206,0.0003044879077592766,7.760608862737023e-06,0.00031306175515055656,0.0004313144384952561,0.000390257871485973,0.0003065885975956917
1230,0.00024065741813010522,3.233707788952503e-05,4.600919783115387e-05,9.190535555250734e-05,8.750240165392859e-06,0.00019771046936511993,4.85019822532972e-05,2.165818161082225e-05,1.3183802366256714e-05,0.00027321963504962216,0.0003600403391767447,8.815200999379158e-05,0.00044505154449409057,8.033710415260992e-05,0.00012699095532298088,0.0008927710839617131,0.0002910759365952597,0.00037668924778699875
1231,0.00011625173878324069,0.0002681990186269925,6.061885505914688e-05,0.00015010381389711502,0.0001498859094383638,6.109476089477539e-07,4.74391506450865e-05,1.8600255791324447e-05,9.994953870773315e-06,0.00019072219718635486,0.0003482420187128771,0.00015198602341115475,0.00012354845453677044,0.0002574428936651073,0.00023576710373163223,0.0002899625085586721,0.00025111866924828335,9.805243462324142e-05
1232,0.00015321417753284827,0.0001525422557590063,0.00043314089998602867,4.635313520853779e-05,9.274545461372685e-05,0.000363130122423172,1.17753480505349e-05,3.2864099234057836e-05,2.232566475868225e-05,2.8230286297122043e-05,0.0004215520372571266,5.985773168504238e-05,0.00011257428282630821,0.0004346131964338175,2.3348256945610046e-05,4.400400275619831e-05,0.0004859417555153839,0.00018778908997774124
1233,0.00035016182592675915,0.00020767185802212512,0.0004934687167406082,0.00013339405617697475,1.4848802615024387e-05,0.00044526997953653336,1.6266176657944373e-05,3.58757525544254e-05,2.485513687133789e-05,0.00012913011379769163,0.0005210112499814366,0.00012380536645650864,7.903178111777487e-05,0.0003288254395606427,6.151385605335236e-05,0.00012413255837842585,0.0005185467260756674,0.0001599164679646492
1234,3.9346051580277375e-05,4.094654574959486e-05,0.00016871746629476547,0.0001810184920173763,6.0014330906733165e-05,6.785895675420761e-05,2.4111136557852103e-05,3.4740231469992814e-05,8.050352334976196e-06,0.00012388948693597968,0.0007250417034517266,2.7933157980442047e-05,0.00033222884209334336,0.00022875307392097519,0.00014350330457091331,0.00028405319074994995,0.0004274514852961927,6.0140155255794525e-05
1235,0.00029406338933737897,0.0002227193311022703,0.0002585160546004772,0.0003197184538622777,0.00015499480070490027,7.865624502301216e-05,3.3376198847485244e-06,2.8882072009810237e-05,2.8461217880249023e-06,0.00020566819950917914,0.0006214952429026144,0.0001528039574623108,0.00044104416672606506,0.00019235387537153495,8.714338764548302e-05,0.000289859837075912,0.00032558925621395743,1.7373822629451752e-05
1236,7.623947090487637e-05,8.650686085634463e-05,0.00020857574418187141,0.00010682778815340743,3.703296855670293e-05,0.0001634717918932438,2.4719922718692555e-07,1.1281306458028363e-05,2.5272369384765625e-05,7.846059815144746e-06,2.9668166059339945e-05,0.00018907850608229637,7.320019758863539e-05,0.00028824282213457675,0.00022117188200354576,0.00010080135544301982,0.00026683820054575116,0.00035352353006601334
1237,0.00021012534047218367,9.954831984798282e-05,0.0001659160479903221,0.00011581983000535923,2.277784456211976e-05,0.0001716073602437973,3.279700690476256e-06,1.2396454366962425e-05,1.1276453733444214e-05,3.5786619938318887e-06,8.873481367292421e-05,7.942994125187397e-05,0.0002059557208741042,0.0003612142338069099,4.8140063881874084e-05,0.00014739663970944616,0.00023321210606728213,5.122087895870209e-05
1238,2.302948969598595e-05,6.854459333429166e-05,0.00018633482977747917,4.3095981897514624e-05,4.076369579094491e-05,0.00017842696979641914,3.2530078608577345e-05,5.2284519117615366e-06,1.1023133993148804e-05,8.904949230457287e-05,3.920630462418695e-05,3.340700641274452e-05,6.54773909231493e-05,0.00026100026870362267,3.495020791888237e-05,0.00018639399377240462,9.515039248615513e-05,0.00023368746042251587
1239,0.00022241373698356215,2.892292597402035e-07,5.3573865443468094e-05,0.00013843858710962942,3.718834072120175e-05,6.350362673401833e-05,1.6610802910519556e-05,1.2157540945265414e-05,2.0638108253479004e-06,0.00026494215382666386,5.1108993107420314e-05,2.8076814487576485e-05,0.0002825728816890083,0.00016000154084586798,8.530449122190475e-06,0.00046875904865517626,0.00018901805207918298,9.099394083023071e-05
1240,0.0001950420457358104,6.877984843174645e-05,0.00016928138211369514,4.504020307666279e-05,1.5289081817575212e-05,0.0002579856663942337,5.9844505482763155e-06,1.3888012901793606e-05,8.128583431243896e-06,0.00025303259187728355,0.0003222852494385274,8.578039705753326e-05,6.06061427868565e-05,0.0003245876652227357,0.00023306533694267273,0.00037433465243857933,0.0002882112897791807,0.0002322820946574211
1241,0.00039180048766265796,1.3751117153786019e-05,1.5841331332921982e-05,0.00043103291261896437,6.371233245582725e-05,6.811367347836494e-05,2.2174658489169247e-05,1.536064399527482e-05,6.124377250671387e-06,0.0004068165743902827,0.0002524500063479998,0.00018879561685025692,0.00022824024204272375,4.1862556890426283e-07,0.00010594027116894722,0.00021382117978652193,0.00023496138497697662,0.00028405245393514633
1242,8.886673971547632e-05,1.2388781545521338e-05,8.183903992176056e-05,5.5849175074618174e-05,3.9973763021238645e-05,0.00014463206753134727,3.0882403237189604e-05,1.0217495627682098e-05,7.748603820800781e-06,1.3589042126616047e-05,8.848074460010222e-05,0.00012868084013462067,5.503021456494672e-05,0.00020544470688269034,8.29482451081276e-06,2.691841712162968e-05,0.0002025163146479013,0.00027919188141822815
1243,4.1744177462374465e-05,5.873698150946766e-06,6.169499829411507e-05,8.0528987913428e-05,4.1474483438486837e-05,0.00010028667747974396,8.618973193841653e-06,1.5418578828244457e-05,1.3206154108047485e-05,8.982599795238216e-05,0.00028194928772840716,0.00010284455493092537,9.403316782471971e-05,0.00015452549960864523,4.8851128667593e-05,0.00023803860337440197,0.0002555663361452085,0.00018480978906154633
1244,1.4194093533675955e-05,0.00010648918015656109,9.711319580674171e-05,3.789706643350654e-05,6.64640873737389e-05,0.00017136521637439728,4.656696118165299e-06,1.683147231164154e-05,3.241002559661865e-07,0.00018081210443807172,0.0001506995825441386,2.9504531994462013e-05,2.7324833793460068e-05,0.00033214562601094344,0.00014691613614559174,3.8236878172698274e-05,0.0003013980354760579,2.5462359189987183e-05
1245,9.320556093246612e-05,8.985541230132135e-05,2.971850335597992e-06,0.00019236316683572674,2.1338424016557195e-05,5.5172014981508255e-05,1.5596605620253265e-05,1.6252074570318907e-05,5.826354026794434e-06,8.475772412663146e-05,0.00024204208248481893,0.00011923420242965221,4.753101666861437e-05,0.00018042524982719854,2.5837216526269913e-05,1.1988349036762269e-05,0.00019169875656979045,5.1402486860752106e-05
1246,0.00010611318303251072,0.00010011296566072095,0.00011316360905766487,0.00012057972052023636,6.017871740594469e-05,0.00018969783559441566,1.6552418283244386e-07,1.3932935391636355e-05,1.1377036571502686e-05,0.00016443809042740454,0.00024321647731469567,9.522750042378902e-05,0.00023463797015883803,0.00022997129411454764,9.19494777917862e-06,0.0001453068361972898,0.0002942562495171922,0.00019735097885131836
1247,7.660319963467832e-05,9.474815726398869e-05,2.7554109692573547e-05,0.00013836055034910366,2.302931610960457e-05,6.060115993022919e-05,1.427946916368085e-05,1.531596447896231e-05,7.10412859916687e-06,7.817918517567801e-06,8.864857510126889e-05,2.9754824936389923e-05,5.275865831379234e-05,0.00023367863569646527,0.00015342840924859047,0.00023671065744296227,0.00023705065890999985,3.946386277675629e-05
1248,0.0001586935927501837,0.00016771281830059784,2.383161336183548e-05,0.00012090705761937104,0.00012840172043162776,3.458140417933464e-05,2.237570078472695e-06,1.4585923572589781e-05,7.446855306625366e-06,1.6682701365157426e-05,0.00015037295124430833,0.00015929038636386395,0.0001481132049076378,0.0005048278703834279,5.670823156833649e-05,0.00012502874037989553,0.0001708856334954414,2.0303763449192047e-05
1249,9.410105619514497e-05,5.8764267235056344e-05,1.4016404747962952e-06,6.899234757427875e-05,0.00010152666530241841,1.337006688117981e-05,4.980263765642923e-06,1.8911643260710468e-06,5.237758159637451e-06,1.54369098729068e-05,0.00025527730962733586,7.622269913554192e-05,0.00025879087283668667,0.00037508810027521086,8.7022315710783e-05,0.0001303023810782511,6.677351347089428e-05,5.967821925878525e-05
1250,0.00015207184223857417,9.357506295509452e-05,0.0001281118020415306,0.00012159202897187027,0.00010149420298142045,6.937701255083084e-05,1.61934980685164e-05,9.28514513788667e-06,9.685754776000977e-08,8.550342397701388e-05,8.771563005889604e-06,9.21331811696291e-05,4.082315377587631e-06,0.00029378078005010827,2.4975277483463287e-05,0.000510775830974558,9.595166282567796e-05,0.00020149629563093185
1251,0.00020362359293746302,0.00015533005501370753,0.00041392305865883827,6.210882649139438e-05,0.00022374846963204784,0.0001238277181982994,3.126887093156741e-05,3.86475500702805e-05,3.246590495109558e-05,0.00011555142418349929,0.0008915866801430979,9.195273742079735e-05,0.0003328217427172181,5.654674563963791e-05,0.00046075647696852684,0.0009912647424608623,0.0006454567244403332,0.00011374522000551224
1252,0.00023296623428296914,0.00011155713905323245,8.947914466261864e-05,0.0005859412892392918,8.36547344566195e-05,5.2486080676317215e-05,3.0361928880194566e-05,2.2624314018182014e-05,2.6971101760864258e-06,5.998850501282016e-05,0.00025440717062199733,3.5583507269620895e-06,0.00028873507214677296,0.00027406730005999705,3.721145913004875e-05,0.0007982129685195349,0.0003672648475544927,8.818507194519043e-05
1253,9.928411172435703e-05,9.807418420507141e-06,0.00017366837710142136,7.17196413409088e-05,3.7549497264432324e-05,9.993277490139008e-05,5.3200664748131316e-06,1.3236480900812898e-05,1.1749565601348877e-05,0.0003339008887595432,0.00020834425829122788,0.00022910418920218945,0.00015077229713006401,0.00010644530395173199,0.0002973852679133415,0.0011568864719064265,0.0002276599788507013,0.00017106812447309494
1254,1.9892673653321147e-05,7.024094217819576e-05,7.155165076255798e-05,6.686185410886836e-06,8.212346075841398e-05,6.241351366043091e-05,8.716548719350098e-06,1.4281567425771999e-05,9.175390005111694e-06,0.00046619175813499003,0.00016140687842463794,0.0002740786876529455,0.00017280598053370788,0.0007316930231597678,0.000245438888669014,0.0006829876783475131,0.00022375100934573285,7.359310984611511e-06
1255,3.540959353530437e-05,0.00012127519935353076,6.634043529629707e-05,3.811832791636438e-05,1.199063465211897e-05,0.00010434398427605629,2.5666543898100747e-05,1.927256114789581e-05,1.3306736946105957e-05,6.074719599427625e-05,6.533409058502929e-05,9.233690798282623e-05,0.0003185234891953659,0.0005016750872229025,0.00017070164903998375,4.380605940251803e-05,0.0002933785049521174,6.963498890399933e-05
1256,6.550327605003847e-05,7.134014192117233e-05,8.010957390069962e-05,0.00010568213926751002,3.83579829907818e-05,1.9783154129981995e-05,5.392008146059071e-05,1.2793920172570286e-05,1.488998532295227e-05,6.795172454847342e-05,2.3534571796934856e-07,4.3406616896390915e-05,0.00011011948427899765,1.268741097629894e-06,0.0001399163156747818,0.00022439738783622265,0.00029548130398131863,0.00022505596280097961
1257,0.00024831882685190376,8.972560181858338e-05,7.486902177333832e-05,7.984053562570814e-05,8.459091135044894e-05,8.848262950778008e-05,6.00072924559162e-05,3.729448931806903e-05,9.160488843917847e-06,0.0004653743219814113,0.0004219015808421371,1.0532326996326447e-05,0.00036061135825819074,0.00027499808188425137,0.00017960835248231888,0.00022354455944423313,0.0006083767068721592,9.768176823854446e-05
1258,0.00010440040040714249,1.9763399641464785e-05,0.00016446923837065697,0.00023641636179393133,4.176682920851299e-05,0.00019328482449054718,3.057441670988037e-05,1.5288365997087638e-05,2.882257103919983e-05,0.0001001644391463094,0.00020069897521027627,0.0003289941232651472,6.033230990955957e-05,0.00034813135814025856,0.0002642236649990082,0.0003399623450670297,0.00029008720247324007,0.000431588850915432
1259,0.00020255524860834928,8.360731699376747e-05,0.00032041873782873154,0.000463616665719882,8.712022427414395e-05,0.00026804907247424126,1.0132199648951387e-05,4.8182299078147034e-06,2.1491199731826782e-05,0.000140531090607951,2.5415399727300725e-05,4.8099784180521965e-05,0.00042077939638332507,0.00015754222501034032,3.4720636904239655e-05,0.000299542226934596,2.57134599496436e-05,0.00027665775269269943
1260,2.9211461331390964e-05,1.1192072542850345e-05,0.0001458665356040001,0.0001637818693470544,6.129514176421783e-05,0.0001286226324737072,5.085101020627092e-05,2.9561692473372043e-07,1.9781291484832764e-06,0.00024179981326340194,7.196296192556531e-05,6.427033804357052e-05,4.669065650327042e-05,6.513141778366482e-05,6.844708696007729e-05,0.0002688908714828242,4.836210213739894e-06,3.301631659269333e-05
1261,9.935575481985481e-05,3.359758436418184e-05,0.00042037060484290123,8.671242442484517e-06,5.494459694194154e-05,0.0004469333216547966,8.597470019297213e-05,2.116628885745649e-06,2.430751919746399e-05,0.00012525632393470265,0.0003285072951181925,2.6147812604904175e-05,5.248004324832911e-05,0.00022115705902184604,2.387259155511856e-05,0.0004658268036039914,1.3887701996910008e-05,0.00035739410668611526
1262,0.0002777710188369281,1.271500837700043e-05,7.341476157307625e-05,0.00024343599620950396,0.00012150167329323322,0.00018857093527913094,8.164268532149556e-05,8.337006341544665e-06,1.4446675777435303e-05,0.00039794829790788105,0.00034240651149342397,5.145766772329807e-05,0.00012202289056231774,0.00010598269481802008,0.00011465977877378464,0.00010945729700312379,7.092740015226563e-05,0.00032267067581415176
1263,0.0002276602970582714,7.508544385056298e-05,5.1851850003004074e-05,0.00047811536312444836,8.397182528835367e-05,0.00012761447578668594,6.901150427851728e-05,1.239319572305086e-05,3.0137598514556885e-06,0.0007306030559942472,0.0002353118349912274,6.996747106313705e-05,0.0003635642829620256,0.00017122919815781845,0.00030318833887577057,0.00017577616714364863,8.133296027986684e-05,0.0001744590699672699
1264,0.00010545061305786141,3.8562491657817555e-06,5.127862095832825e-06,0.00021356776156072899,3.0435047418821137e-05,9.396625682711601e-05,4.8115442138904965e-05,5.754907735293574e-06,3.937631845474243e-06,2.5332373304369493e-05,0.0002539729494193156,0.0001241497229784727,1.9075815815089436e-05,6.279424124997282e-05,5.122274160385132e-07,0.00013337577197305994,5.4782626290630215e-05,0.00020533520728349686
1265,4.1076969982109524e-05,7.0539481173134e-05,3.230199217796326e-05,3.121744852030428e-05,1.2726315754222478e-05,0.00013372208923101425,1.9288250063871637e-05,1.822841028178019e-05,6.854534149169922e-06,5.61727005832513e-05,0.0002127480876401161,0.0001267092302441597,2.4512692208933373e-05,0.0003041639951660152,4.666857421398163e-05,0.00014757643581753133,0.00023784666393830874,8.394289761781693e-05
1266,0.00017571495890512934,9.818338081426028e-05,1.4347024261951447e-05,0.0002461050868307335,4.5431943207722286e-05,3.103306517004967e-05,2.1813327171557942e-05,2.0536391538686274e-06,4.105269908905029e-06,0.0003664633726242414,8.593668826248346e-05,9.72449779510498e-05,0.00028112819227937846,6.378776369756617e-05,0.00017142808064818382,0.00016471048312288739,8.616540617900192e-05,4.397053271532059e-05
1267,8.634608964344648e-06,8.626207688957471e-06,9.553041309118271e-05,0.00010484774855702705,7.088132489153909e-05,6.804242730140686e-06,6.5167705909172785e-06,2.0562860555407814e-05,6.463378667831421e-06,3.0690917287856667e-06,0.00040151319928175694,3.467360511422157e-05,5.228905827318886e-05,0.00013386411799214126,8.397595956921577e-05,0.0002995149435524036,0.0003034595615266306,4.233419895172119e-05
1268,0.00010997729832698533,2.5350119714738495e-06,0.0002298383042216301,0.00010668739770330893,6.37744796045843e-05,0.0001964154653251171,1.6138788733714368e-05,7.508015746344587e-07,2.2254884243011475e-05,0.00022654051396094055,0.00032955769501228846,0.00024669780395925045,0.00011685878486934753,0.0002849721897655588,0.00027691060677170753,0.0004487921951092655,4.125108475470322e-05,0.0002954946830868721
1269,0.00010587811682473414,1.5847303281749797e-05,7.78399407863617e-06,1.158942364477833e-05,7.001568807059669e-05,6.861286237835884e-05,6.0064497915471304e-06,2.2408699378023288e-05,2.212822437286377e-06,0.00033638446948967837,0.0003210259124703241,0.00018872437067329884,0.00013238475301600994,5.6328622694473696e-05,0.0002756626345217228,0.00071315830748922,0.00033071576213604924,4.190020263195038e-06
1270,0.00035355111408619244,5.4109401882617564e-05,0.0002129138447344303,0.00045296049010042083,2.4956980592655276e-05,0.00021957559511065483,2.688360381843634e-05,2.8371808476180768e-06,2.370402216911316e-05,0.0005674436719159542,0.0003020209383701074,0.0003756487276405096,0.00012661727523047284,7.734104533428307e-05,0.00035538850352168083,0.0006506301822579719,2.9870396788415042e-05,0.00032786373049020767
1271,0.00025645364564846895,5.856655351453577e-05,0.00010493677109479904,0.0001898451545308405,8.989270283869463e-05,3.5854522138834e-05,3.355064588148049e-05,4.066184536301689e-05,8.165836334228516e-06,0.0004536729008495777,0.0006518373260410402,0.00016270019114017487,0.00022895191396281322,0.00035743746715758556,0.0003307471051812172,0.0003474306838494867,0.0005803109762148317,0.00022833328694105148
1272,7.236469483977437e-05,1.2805077276717425e-06,0.0001299045979976654,2.71023476992871e-06,0.00010172222795555227,1.6053207218647003e-05,4.563652284451242e-05,1.7688158956200657e-05,1.216307282447815e-05,0.00019258816059953415,0.0002845977771154459,0.00015681912191212177,0.0002350347533068009,0.0003078659070539051,5.0811562687158585e-05,0.000553716013931782,0.00030455596824428485,0.0001872442662715912
1273,0.00017546259136827502,0.00012134573597397114,0.00017124740406870842,7.602840184901816e-05,0.0001244172780926478,5.96633180975914e-05,4.313441158492956e-05,4.3379164936544585e-05,2.376735210418701e-06,0.0003255918350709777,0.0004556936828011178,6.20163045823574e-05,0.00030371693006826794,0.0005502019956490391,0.0001622936688363552,0.0005469294442368988,0.0007269059974609349,4.6546570956707e-05
1274,4.492952566211017e-05,0.00011811340045042931,1.1228956282138824e-05,0.0003682358481047615,0.00023369889336739835,0.00016778614372015,1.1008147566913401e-05,6.072922704658865e-05,1.7035752534866333e-05,5.66503046297781e-05,0.0007908536725935583,0.00030662608332931995,0.00030264725106167456,0.0010088781197377002,7.712841033935547e-05,0.00027314952575233087,0.0009341864638344509,0.00047963205724954605
1275,0.00040576808728012836,6.468771410268401e-05,0.00019250763580203056,0.0004345491434736837,5.5073527252150895e-05,0.0002488638274371624,5.791279107083755e-05,2.3396613525648706e-05,2.5875866413116455e-05,3.1016403623976285e-05,0.00040754949298427504,0.0003751672338694334,0.00019331905065003707,0.00021713188373435888,0.0002673044800758362,0.0007750629923979901,0.00040701111108809845,0.0007345741614699364
1276,4.632816759013447e-05,6.193388075557277e-05,0.00014943350106477737,0.00011094249616100393,4.1119721525678665e-06,0.00023280736058950424,1.6631320031733343e-05,2.65239389851175e-05,1.0367482900619507e-05,7.246935723298487e-05,0.000514802378108848,7.480918429791927e-05,0.00015367468976362764,0.00023389534942073673,6.785057485103607e-05,0.0006719448325662736,0.0004139755093502291,0.000270891934633255
1277,0.00039105814316774123,8.202619528570668e-05,0.00013683130964636803,9.934633687669336e-05,3.080956451147546e-05,0.00022101495414972305,9.241779719568535e-06,6.616444154096076e-06,7.152557373046875e-07,0.00016170138882529855,0.00034022172913924717,0.00011289771646261215,0.00014487276405329708,0.00020890701250756566,0.00022527575492858887,0.0006206525054015255,2.778819493476619e-05,7.245689630508423e-06
1278,0.0003392577113228573,3.941680702672021e-05,6.997399032115936e-05,0.0002625331985709467,7.841462330697435e-05,0.0001304158940911293,1.4136735920164747e-05,2.558603918098682e-05,1.7546117305755615e-05,0.0003671570872161786,0.0008593357917784927,0.00020127859897911549,0.00018013772542598006,1.6184289314415123e-05,0.0004375637508928776,0.00032245024489988006,0.0003625148976915465,0.00033428147435188293
1279,0.00033797650855785233,4.249824196292384e-06,0.000262498389929533,0.0005008777527959335,8.242153883122189e-05,0.0001799771562218666,1.1866688977067372e-05,1.1659657955159829e-05,1.1119991540908813e-05,0.0003153459662888561,0.0004318482791061673,6.846850737929344e-06,6.571258405535518e-05,4.878360053542016e-05,7.45733268558979e-05,0.00020876704809053015,0.00020616443858554549,9.845569729804993e-05
1280,0.00018532189144020161,2.9815406751440565e-05,1.7912592738866806e-05,0.00021952763632823724,6.051980124397241e-05,0.00010583410039544106,5.525301759169189e-05,4.177998248666785e-05,2.014636993408203e-05,0.0003847141618664729,0.0005231645501562639,5.3713563829660416e-05,0.00029443338237489236,0.00011352759678191424,0.00011030444875359535,0.0005245759100061254,0.0005950298669931652,0.00013459473848342896
1281,2.5951254220155096e-05,0.00010030942860018294,0.0003596148453652859,6.247321178830256e-05,0.000148678705250236,0.00012592505663633347,5.403508698613793e-05,2.7867125337055346e-05,1.6216188669204712e-05,0.0001665952688414754,0.00044679764820176535,0.00013590161688625813,0.00036486169898269916,0.00026457746986576283,0.0004170490428805351,0.0007359983133132797,0.0002770415708273199,0.0003686249256134033
1282,4.610093580569019e-05,6.9821535469173635e-06,0.0002391049638390541,0.00011550588622304125,3.564036305793439e-05,0.00015851249918341637,2.4094010954645723e-05,9.339344108294186e-06,3.1016767024993896e-05,0.00037108023822664954,0.0002653269982766278,0.00041216728277504444,4.282568413990773e-06,9.729576541130797e-06,0.0005020070821046829,0.0007712346723899866,9.187181794313758e-05,0.0005137873813509941
1283,8.772816755285573e-05,0.0001238337438064993,4.403013736009598e-05,6.703332922179672e-05,8.890633147300847e-05,6.300956010818481e-05,1.4998077450993977e-05,1.073760024594613e-05,2.1457672119140625e-05,0.0004236785853751271,3.403585380079219e-05,0.00036987708881497383,0.00011669962271289303,0.0003053039652121392,0.00032007182016968727,0.0005027449476682766,0.0001708622002507855,0.000375380739569664
1284,9.486508452280495e-05,8.104011442613968e-05,0.00017781322821974754,8.303098937849362e-05,8.482189212390134e-05,0.00017035286873579025,2.2690983811711474e-05,4.006128111491117e-06,4.0978193283081055e-08,0.00011276970728441721,0.00022968298537632756,0.00011230073869228363,0.00020257465988245127,0.00016127786780521444,8.675456047058105e-05,0.0004950150604794423,0.00013268904390035738,0.00012096762657165527
1285,8.019047661095291e-06,1.9713350790068196e-05,5.803443491458893e-05,9.045120987524746e-06,5.928922520197916e-06,6.303749978542328e-05,2.4158219253399976e-05,3.254593592328953e-05,3.688037395477295e-06,0.0002536601175025799,0.0002625147674817675,0.00015739118680357933,0.00034955950032794503,0.00033031092869600237,0.00031268177554011345,0.00113920014567781,0.0004890066740860827,0.00013286154717206955
1286,0.00016710567611138982,9.565065168596829e-05,0.0005059079267084599,0.00014595121788671395,0.0001728721340771254,0.00042805029079318047,3.089311890395498e-05,6.454096748046941e-06,4.716217517852783e-06,0.0005781375124711205,0.00016085533226599738,1.9920989871025085e-06,5.0430096677669956e-05,0.00016196232122177995,7.688207551836967e-05,0.0006836211597228414,0.00016685997111841322,0.0001665959134697914
1287,0.0003689800631930251,7.701500657883095e-05,0.00011267513036727905,0.0001193101560919424,7.852015739131038e-05,2.069631591439247e-05,2.1872806708168185e-05,2.3160723416749995e-05,1.3053417205810547e-05,0.00030023747735869605,0.00046148067977215546,0.000113640446215868,1.8582105995937348e-05,0.0007506193652108244,2.859393134713173e-05,0.0002087831666272022,0.000336436529526508,0.00020630192011594772
1288,0.0007236912033839193,1.1197557586779816e-05,0.00032794009894132614,0.00044520652515671333,7.295254685825078e-05,0.0002354881726205349,1.2270881378454584e-06,1.0074422770692693e-05,1.4331191778182983e-05,0.0003910747213106691,0.00037567015366955087,0.0001736832782626152,0.00027293750315494913,0.00038305880025598857,1.3591721653938293e-05,0.0007764174603463458,0.0001461225928659671,0.00011492893099784851
1289,0.00042731153956111767,3.475607145297238e-05,0.00021206215023994446,0.00022361606156667824,2.0005152230224976e-05,0.00018976861611008644,6.211030090656419e-05,3.5823803496620515e-06,8.437782526016235e-06,0.0001863170508096812,0.0001896203910417664,4.951446317136288e-05,0.000263609593208175,0.000108123711564833,0.00012878142297267914,0.000640533846200414,0.00011813734842093743,2.5721266865730286e-05
1290,0.00019684660334728932,1.3410089270460973e-05,0.000318305566906929,0.00011962384148078709,4.12687023619851e-05,0.0003027194179594517,5.1423155886633556e-05,3.8160532363219995e-06,2.0615756511688232e-05,6.53352539193644e-05,0.00012030399254153029,0.00011362484656274319,0.0001492372925894908,0.00020684791550939705,0.00010832911357283592,0.00015643448516824976,3.813378824493122e-05,0.0003038588911294937
1291,0.00038613099621821745,5.26208656058437e-05,0.00012146588414907455,0.00034009837701137746,0.00011978545999013351,0.00023051584139466286,2.2202968406692322e-05,2.787397593730529e-05,5.763024091720581e-06,0.0003830828607145273,0.0007408932278987167,1.7440877854824066e-05,0.0003197037238974604,0.00014647188292591512,0.00017647026106715202,0.0002587065102951924,0.0004929059276239977,0.00023661646991968155
1292,0.00048417649831934695,3.272636615767044e-05,0.0004367032088339329,0.00023271070361412238,0.00015774920730290964,0.0004054903984069824,1.152728021705865e-05,1.706236453194454e-06,2.1107494831085205e-05,0.00028978616744327473,0.00038958862247137974,2.1329615265130997e-06,0.00043096883095586347,2.9289627975468552e-05,5.213264375925064e-05,0.0003870022415234653,6.458922656999051e-05,0.00026275962591171265
1293,9.942929664868982e-05,7.976122765967347e-06,0.00022385083138942719,4.904715852892261e-05,3.3248052007488205e-06,0.00017682835459709167,1.2081983497534005e-05,4.107714789086962e-06,2.872943878173828e-05,0.00013943965423847404,2.2066448289941032e-05,0.00023595383390784264,5.122729293635664e-05,7.916199593874587e-05,0.00028651533648371696,4.394937504703655e-06,3.1905623942688355e-05,0.0002816980704665184
1294,0.00011952698341864687,4.519062469316229e-05,0.00012572389096021652,3.71062670368183e-05,5.378067713286694e-05,0.00018796464428305626,1.0233474265351067e-05,1.1196339121604217e-05,2.464279532432556e-05,0.00020500772318541444,0.0001399047525652286,0.00033347797580063343,7.439788001432912e-05,0.00026933158112477096,0.00023070862516760826,0.00031330088846176496,0.00021852043036184755,0.0004662247374653816
1295,0.0004198724081162092,7.892905192044553e-05,7.227621972560883e-05,0.0003658590581111093,5.6699485766930485e-05,3.997329622507095e-05,1.4479160423243667e-05,3.464465382916536e-05,6.3478946685791016e-06,0.0005047349096871795,0.0006257166334833787,0.00010883854702115059,0.0002704608998089775,0.0003496997015219501,0.00016230763867497444,0.00019553916743103583,0.0005178713119904444,5.5140815675258636e-05
1296,4.418488033766654e-05,0.000145058130484918,0.0003809407353401184,5.018492145861253e-05,0.00011373549910467795,0.0003102975897490978,4.250221361264302e-05,1.896601408807742e-05,2.086162567138672e-05,0.0004063965394570726,0.00021483721988933835,0.00014942209236323833,0.00012541566875999555,0.0002939131252205525,0.0002197003923356533,5.904132344594637e-05,0.0002673716015181046,0.000222010537981987
1297,7.79163123010157e-05,0.00014235451003840813,0.0002463851124048233,9.554008156603677e-05,4.898025595574326e-05,0.0002091643400490284,3.22197849441392e-05,2.206221150746247e-06,7.197260856628418e-06,0.00035486072187754236,0.00017793508931809518,1.4030607417225838e-05,0.00011913035249370985,2.0042552489014237e-05,1.9535887986421585e-05,7.893876727760318e-05,2.4679090792970905e-05,4.4893473386764526e-05
1298,0.00026944274749216013,2.22746111610099e-05,0.00022711046040058136,0.0004448759422141374,7.437745391421224e-05,0.0002741478383541107,5.524222529420045e-05,3.0564739131706755e-06,8.970499038696289e-06,0.00033641781543470445,0.0001635125774633213,5.937251262366772e-05,0.00031758291786218584,6.876203717844087e-05,0.0001713177189230919,0.0006647272811465821,8.157267916580847e-05,4.3577514588832855e-05
1299,0.00010382402996512996,1.4776900042142577e-05,0.0001331646926701069,0.00010048593520875504,5.571176861941807e-05,0.0002658865414559841,4.493847615623901e-05,2.54067202172494e-05,1.8998980522155762e-05,0.00011108814004530398,0.0005206201202904992,7.47449230402708e-05,0.00013598824109954666,0.00028470547092659254,0.00014952011406421661,0.0007223991667772434,0.0004778552980425868,0.0002310778945684433
1300,8.328939316973316e-06,6.457728175031027e-05,8.961604908108711e-05,0.0001646636828214615,4.940660198920338e-05,0.00012389151379466057,1.1937549251606061e-06,8.964068626661839e-08,3.516674041748047e-06,0.00015303191861684023,0.00020134655994840864,0.0002821912057697773,0.0003251633141291149,3.965013894934033e-05,0.0002575283870100975,0.0011734240144347374,6.14083071174441e-05,0.0002024369314312935
1301,0.00018973769730802614,8.444306658088666e-05,2.76835635304451e-05,0.0002833058666727034,5.872526772459502e-05,6.134668365120888e-05,9.673666877069165e-06,1.3853106364285954e-06,1.6316771507263184e-05,0.0007999778404249105,0.00017502257102306948,5.646515637636185e-05,0.00032233889543008265,0.00018850714868337906,9.439466521143913e-05,0.00011668607762835292,4.332726306350513e-05,0.00030622631311416626
1302,0.00017872166671116518,3.389595529743397e-05,0.0002515488304197788,2.913114159926178e-05,6.570769056378836e-05,0.00040443288162350655,7.429600917676499e-06,4.2371676256364524e-05,3.688409924507141e-05,0.0003443281442343932,0.0004768659812879744,0.0004696145188063383,0.00016228391606083747,0.0010571738516734867,0.00024009868502616882,0.000571373353415533,0.0007095379535780751,0.000620231032371521
1303,0.00030391302822126154,4.920545934183895e-05,2.477318048477173e-05,0.0005609966078420348,6.693578303518591e-05,6.745569407939911e-05,1.3821230141434354e-05,6.748058983518696e-06,6.023794412612915e-06,0.0005888172323122165,9.291119785112198e-05,0.00013464828953146935,0.0003995040437905495,0.00013057256514275792,6.950832903385162e-05,0.00030998080990732313,6.69843399813139e-05,8.129887282848358e-05
1304,0.0002816314600668779,6.970315244885644e-05,0.00026429397985339165,0.00017210665585642992,3.645593235796982e-05,0.00028896937146782875,3.5863258777656115e-05,1.6563329363292211e-06,2.6326626539230347e-05,0.0004687861122396886,0.00016537397163605277,0.0002754237502813339,0.0003547567612425806,1.4988782537327106e-06,0.00023414939641952515,0.00025584750003321277,6.86157132191072e-05,0.0005107112228870392
1305,1.8695198428175797e-05,3.448584919204037e-05,0.00020764674991369247,0.00015298803423724472,3.471359467456178e-05,0.00015487149357795715,3.0653232318992446e-05,1.446858399869219e-05,1.296401023864746e-06,0.00023473479430917432,7.696156322733322e-05,2.773245796561241e-05,0.0001254115934530703,8.969196345954417e-05,1.03008933365345e-05,0.00022870297095442527,0.0002336338210802598,1.8609687685966492e-05
1306,7.420035174911244e-05,5.135477001765726e-05,0.00016789743676781654,5.128544965903037e-05,5.152073297234189e-06,0.00015931064262986183,1.0393586833719673e-05,5.622974710715509e-07,6.593763828277588e-07,0.0004156129796470745,0.00037987988099141487,9.844545274972916e-05,7.197508169450029e-05,0.000169086380219452,8.94647091627121e-05,0.00019538551928885428,5.0031787181465705e-05,7.239356637001038e-05
1307,0.00011055167763558693,1.4306123834469109e-05,1.893145963549614e-05,0.00017723157229651565,3.378064838476663e-05,7.070787250995636e-05,4.205827340722154e-06,1.1187664316012098e-05,6.470829248428345e-06,7.584916874793513e-05,0.000320438365530102,0.0001442206557840109,3.890372463281888e-05,9.574457344350626e-05,0.0002860589884221554,7.563934124793503e-06,0.00015981842533519322,0.0002762116491794586
1308,9.076461003783287e-05,4.818348921252838e-05,0.00010058330371975899,0.00012017453713049353,8.549273391927209e-06,3.973022103309631e-06,2.875160561949426e-05,8.620535629382301e-06,2.1375715732574463e-05,8.915399556800457e-05,8.357266595306057e-05,0.00016628880985081196,7.170580247499447e-05,5.433735525512545e-05,0.0002813744358718395,0.00046083995425680313,0.00021513413375503793,0.00045866891741752625
1309,0.00014593098444479202,5.292359401445554e-05,2.131052315235138e-05,5.4573682033445814e-05,7.479901347789281e-06,8.616223931312561e-05,2.0006014450346665e-05,5.551063098111007e-06,1.1548399925231934e-05,1.8720850712361514e-05,9.033717141722353e-05,5.6417426094412804e-05,0.00020257635103654303,0.00012579378605440117,0.0001310710795223713,0.0005140112569310129,9.443738383874654e-05,0.00036218948662281036
1310,4.3077730812385306e-05,4.226634213471206e-05,0.0001825285144150257,0.00013942195963985438,2.6794617827879258e-05,0.0001627621240913868,5.949248993128084e-06,1.055367203885182e-05,1.3932585716247559e-06,0.0005579711146088823,0.00016543792094479703,9.458768181502819e-05,0.00018089242125429728,0.00020822962633939776,7.174862548708916e-05,0.00024989195427560507,0.00017661848299152603,0.00019649788737297058
1311,0.00023208921559275675,4.719822954538794e-05,0.00039542047306895256,3.022887280118569e-05,0.00014509101410511635,0.00024296529591083527,2.0494646873057965e-05,3.831898731823885e-05,3.8743019104003906e-07,0.0005293029854702078,0.0006383417920355419,0.0001965598203241825,0.0003922930446721151,0.00053446583703037,1.4007091522216797e-05,0.0001492941486724575,0.000655074702307858,0.00019482895731925964
1312,0.002379529897456087,1.028185050985092e-05,0.0024559213779866695,0.0023336850409757665,0.000811959281845364,0.0025066728703677654,0.00015931448148192098,1.7113458365996983e-05,6.98678195476532e-05,0.0011001831673586177,0.0003173377044374641,0.0004553121980279684,0.0013750633642485577,0.00022119503996913606,0.0006218370981514454,0.0012244923637709237,0.0002673003311539617,0.0006027491763234138
1313,0.001322347395355361,1.347388407132305e-05,0.0007360922172665596,0.0005297968523742536,0.00020560119520215275,0.000633755698800087,1.9371995284258453e-05,4.1613023138341906e-05,3.445520997047424e-05,0.0006800639479425316,0.0003751746398501128,4.79693990200758e-05,0.00044602410789510577,0.00020651950763213647,0.00012434227392077446,0.0010092048427566003,0.0007128572112605923,0.00029049813747406006
1314,0.0006575016338449535,8.580976215448108e-05,0.00023336242884397507,0.0006700877818254791,1.7996228581843715e-05,0.0003501218743622303,5.0845896321344286e-05,9.081801186672266e-06,1.5031546354293823e-05,0.0006546347982863479,7.192728824234607e-05,0.000344960018992424,0.0003682279674996139,4.033401275347834e-05,0.00048382068052887917,0.001035696641849354,0.00018721542609085456,0.0005026459693908691
1315,5.1197436151950715e-06,0.00024276946990201345,0.0006146011874079704,0.0007075980276978061,0.00016415133030322007,0.0008443635888397694,2.8578881404554834e-06,3.71777955362642e-05,1.2505799531936646e-05,0.0004248591334540877,0.0006480501049133461,0.0001743545290082693,0.0007253801300991097,0.00029011301910607246,0.0004345094785094261,0.0008953265211744388,0.0005871157282566529,0.00015328451991081238
1316,0.0016463721885793536,0.00042620303014019936,0.0008841436356306076,0.0010891664492938963,0.00041769271916659856,0.0006571938283741474,5.116505258946809e-05,3.592480838161301e-05,1.0136514902114868e-05,0.0006210237157047299,0.0005803606865087199,0.0003365760203450918,0.0006592528800642011,0.00034271452613788764,9.706756100058556e-05,0.0009149981892800363,0.0005045914049399847,0.00022814422845840454
1317,0.0009667591708558826,9.227022378854519e-05,0.0005387077108025551,0.0019495849341636673,0.0003150141000022519,0.0007631490007042885,3.537568118134292e-05,6.965775951471256e-05,4.66667115688324e-05,0.0006721885124370622,0.0008725965622248012,0.00021484121680259705,0.0005737948399994475,0.0007845709822601639,0.000136522576212883,0.0011803339237900778,0.00107366589455037,0.0008399374783039093
1318,0.0007927919979325154,0.00021846122551415215,0.0010788897052407265,0.0004973742995430103,0.00019551591826255307,0.0006065745837986469,1.8525484127113537e-05,0.00010632348864659505,8.993595838546753e-05,0.00078249076417828,0.001234408607317352,0.00043839309364557266,0.0005975263719975171,0.001303985406199453,0.0010433285497128963,5.135305777898003e-05,0.00157186164336859,0.001074720174074173
1319,0.0008486944421502995,0.00013747077021133633,0.00018443912267684937,0.0005418509600298715,0.00014164332024590304,1.0888557881116867e-05,0.000126538326638519,2.6072174478576746e-05,3.13781201839447e-05,0.0002208414265175082,0.00046216630642788997,0.00020492170006036758,6.706122892262412e-05,0.00031136090332130675,0.0005195229314267635,0.0005240858867100739,0.00034857066997110754,1.7471611499786377e-06
1320,0.00029190576838859783,2.609172084026834e-05,0.0001599825918674469,0.0004890022438756858,0.0002453595276511039,0.00013253604993224144,7.61210695497394e-05,3.377435038690659e-05,1.0468065738677979e-05,0.00027589671159650164,0.00048479149552876563,0.00017999904230237007,3.99239611134361e-05,0.0005832751238522109,0.00017396220937371254,0.000553999011178169,0.0005212399520703476,9.74433496594429e-05
1321,0.0003372553483024371,0.00023209850443807467,0.00019802432507276535,0.00028885020609779877,0.00011118117079174719,6.488058716058731e-06,1.4399003873783248e-05,5.479562284769823e-05,1.6372650861740112e-05,0.0002827033263943027,0.0007740619057951502,3.9141857996582985e-05,0.00011126602486179193,0.0007141168031018427,0.00029709236696362495,9.171505920185785e-05,0.0008681392210530062,0.00016705039888620377
1322,0.00014955895245455375,0.00011327588625642537,6.0422345995903015e-05,0.0003067474529142161,3.3729637472099117e-05,0.00019416958093643188,6.641891311786469e-05,3.3414227276974586e-05,1.210719347000122e-06,4.692626316240428e-05,0.0005933705689232655,0.0001308830687776208,8.414922009296333e-05,0.000373028157454984,8.281273767352104e-05,0.00019523912557761758,0.000503457323209805,0.0004843398928642273
1323,0.00028717231138342125,0.000107506936600478,0.00011867890134453773,0.0004566117927595481,3.028310510210311e-05,7.543293759226799e-05,5.3363678323165714e-05,3.39175801363997e-05,1.2248754501342773e-05,0.00017031096468340945,0.0003514635145475467,0.00044030288700014353,0.0001392496445581648,0.0005995291714757933,0.00014954619109630585,0.0002934929373502315,0.0004758676926081007,0.0006590308621525764
1324,3.5911201411678584e-05,3.808642503944776e-05,0.00014614174142479897,0.00028195517717258256,9.089627412171147e-05,4.590395838022232e-05,5.008896142254249e-05,1.9441600454121407e-05,2.2117048501968384e-05,6.480232496142158e-05,0.0001229313646984552,0.0005551950307562947,0.00016565068841883912,0.0002536592103346974,0.00041069136932492256,0.0001103476170419837,0.0002650993179773298,0.000626618042588234
1325,4.79912781320424e-07,2.17737427924726e-05,6.561167538166046e-07,0.00023460276306015715,4.625386523910563e-05,1.547485589981079e-05,1.2776541458606183e-05,4.861989651326485e-06,3.1478703022003174e-06,8.68536490096633e-05,0.00010569949317012703,3.1183590181171894e-05,0.00010469545753645504,0.0002006630230570773,2.5379937142133713e-05,0.0002390666002737296,0.0001405576170457933,8.935760706663132e-05
1326,0.00018644099025670602,6.502837711480289e-05,2.4684704840183258e-05,9.024239327838635e-05,0.00013138104004416576,2.085324376821518e-05,2.5829643105405517e-05,1.171093533399516e-05,3.252178430557251e-06,6.778137431803083e-05,5.799078355795892e-05,7.090740837156773e-05,0.0002824687960098077,0.00017901095536144301,7.058028131723404e-05,0.0007781972857217878,0.00015364666501786924,4.9328431487083435e-05
1327,2.449944690412209e-05,0.00012198883843379457,0.00017662253230810165,0.0002590795072288099,7.600121617306471e-06,0.00019202753901481628,1.1045158163908511e-05,3.4520627915485247e-06,2.030283212661743e-06,0.0004543753199634723,9.085287258401437e-05,1.804647035896778e-05,9.895568180563752e-05,7.540686819840908e-05,1.657707616686821e-05,0.00044101218081682436,4.4167091080108203e-05,9.810365736484528e-05
1328,0.0005552095887446928,7.871678653952399e-05,0.00026936735957860947,0.0005781727060478747,2.153296483059508e-05,0.00027869734913110733,2.2565357490775262e-05,8.544778453996988e-07,4.297122359275818e-05,0.0008570687763025664,1.7605059405838286e-05,0.00041940296068787575,0.0004939657929761421,2.076779777734905e-05,0.0003747190348803997,0.0004940828884124338,2.0181492329484664e-05,0.0008332822471857071
1329,2.7468272586678166e-05,1.592895046030607e-05,0.0001532020978629589,5.485286227742414e-05,7.287479990465695e-06,3.5818200558423996e-05,5.6434692335648184e-06,1.8592854840675135e-05,5.487352609634399e-06,0.00015703819578470612,0.0002257235998204335,0.00014024367555975914,0.00015282698551669083,0.0002391815162374744,2.7635600417852402e-05,8.999015790886467e-05,0.00020766543826620729,3.612879663705826e-05
1330,9.462062715989705e-05,0.00013049007254644848,0.00031357817351818085,6.764468836729931e-05,3.702434678641564e-05,9.663170203566551e-05,1.7650639286121567e-05,5.8416879861523366e-05,1.5128403902053833e-05,0.0002295149574421812,0.0005459864009552777,8.60800500959158e-05,3.85202477750507e-05,0.0009341809390564643,0.00021204305812716484,0.00027707583603420183,0.0008609778281042906,2.5676563382148743e-06
1331,0.0008183260463274777,0.0002304740357543522,6.076879799365997e-05,0.0009095588139674399,0.00012298189116958028,7.18170776963234e-05,6.463907959516901e-05,3.1076276051355276e-07,3.006681799888611e-05,0.0004208925373825126,6.416808410429631e-05,0.00027204747311770916,0.0003814227845381768,0.00041816317600069236,0.00023505883291363716,0.0005240631628630199,1.2854914043627756e-05,0.0008679544553160667
1332,0.00028901841407298623,0.00014380648308453745,0.00014983350411057472,0.00020136375112704552,1.2951652858275015e-05,0.0001026294194161892,4.629930331650524e-05,9.152901143661709e-06,1.4219433069229126e-05,0.00021680116470181032,3.986516685854785e-06,4.223291762173176e-05,0.00013959477138306142,3.9127309501594404e-05,4.297960549592972e-05,0.0003866013473331764,9.721513928238282e-05,0.0003063129261136055
1333,7.640269049091764e-05,6.593131466394939e-05,4.7998037189245224e-05,0.00014548407001908903,4.390942657791705e-05,5.704350769519806e-07,3.613609387662434e-05,7.590073452319937e-06,1.6551464796066284e-05,0.00021488933319986636,1.104336256144145e-05,0.00013260752893984318,1.275375927409228e-06,0.00018384388402068602,0.00016779825091362,0.00010304326170135214,9.973088124296502e-05,0.0003992076963186264
1334,4.281830394220476e-06,8.101877857872447e-05,0.00022850604727864265,6.561265775432978e-05,4.5189897498378734e-05,0.00014957785606384277,2.4917543791887556e-05,6.766327316553428e-06,2.3696571588516235e-05,0.00020166511570696155,0.00013658834394602096,0.00020009162835776806,7.535327955640603e-05,4.262133199598936e-05,0.0003116633743047714,6.44401214268675e-05,8.839998968770361e-05,0.0004953136667609215
1335,0.00014303728214035138,1.6381148241456644e-05,5.021737888455391e-05,0.000125140703036819,1.9958692590520133e-05,1.7940998077392578e-05,5.1155790156114794e-06,2.4294914536026778e-05,6.448477506637573e-06,0.00019272949630882302,0.0002094274839297347,8.452450856566429e-06,0.00010546539878361627,4.730394120938675e-06,0.00011036917567253113,0.00037686856772831123,0.0004415332134012871,0.00012331455945968628
1336,0.0003310488179483484,0.00010368764486201262,8.408352732658386e-05,0.0003482125031989136,5.471152591523393e-05,6.372388452291489e-05,9.449776116599723e-06,1.632846429357399e-05,1.2665987014770508e-07,0.0003045798253249951,0.00011587363265021244,3.6064768210053444e-05,0.00023226528361602883,8.607405444863506e-05,2.483464777469635e-05,0.0002886182719459285,0.00020774836262244575,6.90193846821785e-05
1337,0.0001146032563214272,7.364867012971121e-05,0.0003096112050116062,0.0002726657234488339,0.00010458405648599081,0.00016236957162618637,2.5141946941644247e-05,5.317051464906328e-05,3.7103891372680664e-06,0.0005081030207480935,0.0007546540987028692,3.889366053044796e-05,2.9702438187159674e-05,0.0004941656265958702,0.0002524363808333874,0.0005583637102405392,0.0007792593279727419,7.741618901491165e-05
1338,9.323258748181185e-05,9.233238946539102e-05,0.0003139725886285305,0.00021649217635569262,0.00012740642392987042,0.0002768854610621929,4.999211281315509e-05,2.9256867765120468e-05,2.143159508705139e-05,7.771012021710877e-05,0.00033189619696567113,0.00011167861521244049,8.404503445542943e-05,0.0006890006567268486,0.0001825280487537384,0.00025697802631807765,0.000460082266213014,0.00013092998415231705
1339,0.00014470698656390835,4.439036615609335e-05,0.00025553489103913307,0.00026170427778185457,1.3569409485617023e-05,0.00020945770666003227,3.167337953365219e-05,3.344154797186536e-05,3.520399332046509e-05,0.0006365814291139915,4.502055202512331e-05,0.00033223768696188927,0.00010136220169261467,0.00044504871221463793,0.0004088045097887516,1.299262866202855e-05,0.0005583055658212443,0.0003277389332652092
1340,0.0002547799838409359,8.348435776146801e-05,0.00022286782041192055,0.00018476392527190522,7.776299885658977e-06,0.00016341032460331917,5.655735972660142e-05,1.1849014624976009e-05,2.076476812362671e-05,5.1522468723703974e-05,4.77356161613339e-05,0.0001695102546364069,0.00022048404170120495,0.00029343531210929835,0.00022210832685232162,0.00022740807542542818,0.00013756833549412404,0.0003161430358886719
1341,0.00041881813682242974,0.00011182978046496428,5.302252247929573e-05,0.0003992844820240732,0.00017344434291895194,0.0001356620341539383,4.184828472888688e-05,2.268500187194638e-05,1.3276934623718262e-05,0.0004797481425957012,3.4596565955242325e-05,5.3093768656253815e-05,0.0005046962772565222,0.0005098155754181821,4.51444648206234e-05,0.0007173302342494692,0.0002866096026923181,4.277098923921585e-05
1342,9.480397964616027e-05,1.1180101415105004e-05,0.00023702997714281082,3.790279756227255e-05,5.917810920283775e-05,0.0001119375228881836,2.7114181971529816e-07,6.937965841133408e-06,1.3485550880432129e-06,0.00038809337491249596,0.00017820444894701623,0.0001710541546344757,0.00023698580624077759,0.00015421056680182607,2.703024074435234e-05,0.0005397483360477517,0.00011495967802647826,7.911864668130875e-05
1343,0.00020683962243336906,5.503438480312234e-05,6.23464584350586e-05,0.00014743693811085368,6.903584069843996e-05,0.00013003265485167503,3.0637600334603235e-05,4.034083007933517e-06,6.3963234424591064e-06,0.00017082916041583768,0.00018613090114481118,0.0001269893255084753,0.0001194692846847728,9.671078319641382e-05,3.735627979040146e-05,0.0002069531772605493,3.672958649027398e-05,3.9675273001194e-05
1344,3.3418492125777965e-05,6.359700119657613e-06,6.469711661338806e-05,5.2290876717375756e-05,1.408800789420156e-05,6.286893039941788e-06,9.154365281153348e-06,1.2482616314115973e-05,1.2896955013275146e-05,2.4479920968920044e-05,0.0003554096660468818,0.00013359985314309597,6.006954486276195e-05,9.333679100705095e-05,0.0002071000635623932,3.166954279598677e-05,0.0001657585170625397,0.00029220618307590485
1345,9.919002381192366e-05,7.289573472678973e-05,0.00015496090054512024,3.5706079637390364e-05,7.577915755921025e-05,4.710443317890167e-05,7.625273941493441e-06,1.1796817622396606e-05,2.2239983081817627e-06,0.00025381395365699916,0.0001529436809137169,6.725289858877659e-05,0.00011364379941657121,0.00012748044572975792,0.00019008805975317955,0.00036458515528695057,0.00019735492376679944,2.4405308067798615e-05
1346,0.00040538163088336965,0.00016871664390822466,0.00021647661924362183,0.0002745424555687104,0.00017183523038500487,2.932921051979065e-05,4.509058634976845e-06,4.150312889640676e-05,2.0984560251235962e-05,0.0009230399948264092,0.0007367249698205028,0.0002285356167703867,0.00044403380261602565,0.00025007533589522374,0.00046184612438082695,0.00043522580259999777,0.0006163765435951594,0.0002452358603477478
1347,0.0003854610172512596,6.890674340013364e-06,0.00026701856404542923,0.00021257472063107574,5.8690636650475525e-06,0.00014075636863708496,3.381658221893874e-06,3.954195486139024e-05,5.342811346054077e-05,0.0015030285701090884,0.00023876229026490586,0.0008043090347200632,0.0005257019167577426,0.00038258526586112604,0.0009740861132740974,0.0005296540949248918,0.0005047701580301097,0.0006271433085203171
1348,7.386752339970382e-05,5.433447676934586e-05,0.00045505771413445473,0.00039976676752385976,0.00012179660264620765,0.00033799605444073677,3.785070510425523e-05,3.0609751316158285e-05,6.315112113952637e-05,0.0010870005960508522,0.0005128091969497026,0.000756432069465518,0.00029207973863841497,0.0003512031886928821,0.0009011724032461643,0.0007722322892584899,0.00042660503817503956,0.0007579624652862549
1349,0.0003123443639132667,0.00017751579747398577,0.0005701589398086071,0.0005305671132211226,8.643145745743791e-05,0.0003901896998286247,7.625717082085544e-05,4.311864373792042e-05,5.4679811000823975e-05,0.0008601889214109731,0.00034693022659328457,0.0004141728859394789,0.0004589489240864053,0.0005219406142307308,0.0006316942162811756,0.00010843285114173207,0.0006334563808229063,0.000687701627612114
1350,2.5818350925674305e-05,0.00019175636572880614,0.00019028130918741226,0.0003435118881973537,1.809176499758744e-05,8.30991193652153e-05,2.8721269178973163e-05,1.3817875415031325e-05,4.521012306213379e-05,2.780041550310558e-05,2.864121783254653e-05,0.0005505851004272699,0.0001457483801177023,0.0004803941933147274,0.0006889710202813148,0.0006399989496437553,0.0002045634003653464,0.0007433043792843819
1351,6.535386097654416e-05,0.00018680484778663825,0.00030931364744901657,0.0005498464030815192,6.182452129570998e-05,0.00022177305072546005,1.8684633313162044e-05,3.6265199555080745e-05,3.235042095184326e-05,0.00034339800634967943,6.557752962380384e-05,0.00045480020344257355,0.00010160998179462033,0.0005080103136288552,0.000565345399081707,0.0005406251674242024,0.0006027162588166388,0.0004043048247694969
1352,7.259478972761191e-05,0.00010820478961629312,0.0004667718894779682,0.00010678694767224384,0.00013148116412688496,0.0002273363061249256,1.0300403947838266e-05,4.590146507755643e-05,1.2818723917007446e-05,0.000410420922777828,0.0005235207416664847,2.3597385734319687e-05,3.4481491276661114e-05,0.0006155324877748711,0.0003518410958349705,0.00043837361359212734,0.0006985259777263992,4.39593568444252e-05
1353,0.00010610051027683254,7.893876295530372e-05,0.00025009457021951675,0.00013186367611769945,9.153192394257756e-05,8.396757766604424e-05,9.352033490752504e-06,2.1690784797773145e-05,8.21426510810852e-06,4.953838493604312e-05,2.203533990582235e-05,0.00011627026833593845,0.000368488215584023,0.000773493285725832,0.0001016487367451191,0.0005617556629476245,0.0002569827934758243,0.00010480452328920364
1354,0.00016184199087887485,0.0002977252809176767,0.00010860338807106018,0.00022568039044446042,0.0001924974013532317,3.7564896047115326e-05,2.6803748010281042e-05,2.7580975755351277e-05,1.4021992683410645e-05,0.00011364836542778617,0.00023649591161292033,0.00018081581220030785,0.00048870759993902,0.0005776475653731586,4.323665052652359e-06,0.00022392235685941841,0.00039375339265631387,0.00013591349124908447
1355,9.161109120098265e-05,8.358885156772508e-05,0.0004029255360364914,0.00011721856698820865,0.00016611212839573453,0.0002541528083384037,3.508713502618603e-05,1.75914489511039e-05,1.2420117855072021e-05,8.916615575590287e-05,0.0005474245856452314,5.068723112344742e-05,0.00014515224457944953,0.00015343237699311923,0.00022654468193650246,0.0004894057444143896,0.00025107916446671843,0.00023561343550682068
1356,4.949290239543436e-05,0.0001120265240367492,0.00034347129985690117,0.0001706238305151514,7.3214368484259e-05,0.000233327504247427,3.0966112371407645e-05,1.9060977805578148e-05,9.551644325256348e-06,0.0002234481627049062,0.0001446819270014485,3.476860001683235e-05,0.0001910101440428108,0.0004987732058428264,0.0001563732512295246,0.0003196897145977817,0.0002717972873095718,0.00017366372048854828
1357,0.00016925882417408167,2.388716782497982e-05,0.00019328109920024872,9.425211122686405e-05,2.617015537972195e-05,0.0001420709304511547,3.9433100871063415e-05,6.49903412119012e-08,2.6598572731018066e-06,0.00019258871490866053,0.0006107275343650992,1.3489741832017899e-05,6.654062556230023e-05,0.0002836713387466723,5.233520641922951e-05,0.00028332762829774705,7.430321588571855e-06,6.71781599521637e-05
1358,0.0002525091992444384,3.928508833417679e-05,0.0002972036600112915,0.00011295080722859008,5.905059380882302e-05,0.0003131125122308731,6.367437480529238e-05,8.977273084688508e-06,1.4256685972213745e-05,9.996281242583699e-05,0.000263165983638642,0.0001395044382661581,0.00016934438077860492,0.00037740516776948313,0.0001279190182685852,0.00038729783668611795,0.00010444707033973287,0.00030962564051151276
1359,0.0004029402318449088,3.8212167695478305e-06,0.0005841939710080624,0.00019933134860627977,0.00014034738567054658,0.0004830630496144295,4.852663620592314e-05,2.7208804736971696e-05,3.388524055480957e-05,0.0006081764889582092,0.00014050827660065657,0.00017121154814958572,0.0002707452026582055,0.00031117459043227685,0.00029085343703627586,1.6189274862687952e-05,0.00037235752795844197,0.0005062641575932503
1360,0.002517839256560017,2.702873393102198e-05,0.0017667189240455627,0.0024946034640100645,0.0006981253782324011,0.0016413656994700432,0.00012338175064824028,1.8953168122817147e-05,4.791468381881714e-05,0.0008364574267808594,0.00045879321998010605,0.0004529699217528105,0.0011671395460289835,0.00012021109023610532,0.0003793332725763321,0.0014638000633260262,0.0003670471035943923,0.0003180168569087982
1361,0.0015805782481317504,4.381298972799125e-05,0.0011492297053337097,0.0007491720151068526,0.00027470071697396903,0.0010582907125353813,5.706720675466466e-05,6.60973052945978e-05,5.825608968734741e-05,0.0015388524140090357,0.00033992386044436745,0.0001514321193099022,0.001116411334031009,0.0004215622557200045,0.000306121539324522,0.001014444873962489,0.0010241852499734755,0.0003884024918079376
1362,0.00038748107473575433,0.00025033101634902577,0.0012167999520897865,0.0005236694598000219,0.00010471001381555031,0.001159814652055502,4.430138727652688e-05,3.1208896598619964e-05,2.8330832719802856e-05,0.0012418152193493306,0.000537395126401264,0.00044205901212990284,0.0011872589686824225,0.0005157560442351355,0.00038306647911667824,0.0006247268496236968,0.00046822372281786744,0.0003809873014688492
1363,0.0003662597451162819,8.68122025372009e-05,1.8017366528511047e-05,0.0002221835745098849,0.00024207188630605975,0.00024434924125671387,5.380871253537339e-06,3.363226822676059e-05,4.3079257011413574e-05,0.0003038475256014611,0.0005749458035828256,2.4054665118455887e-05,0.00039071207097511607,0.000551202414873244,0.00037700776010751724,0.0004795380505789315,0.00044158815541124954,0.0006240196526050568
1364,0.001384544602136717,0.0004537083356039792,0.0011643106117844582,0.0018454377361297875,0.0007255801557582778,0.0010576285421848297,3.301872476114617e-05,1.3527824974907392e-05,7.248669862747192e-05,0.0009010014182176396,0.0001411919300747834,0.00012153736315667629,0.001218009070837807,0.00019072826045251484,4.155747592449188e-05,0.0010318153733909347,9.434698858621412e-05,0.0005249492824077606
1365,0.0011935031639487004,0.00025200410150874944,0.0007802024483680725,0.0009429478087986803,0.00010831043758312633,0.0006188526749610901,0.00011852573678093441,2.4305255118823926e-05,4.670768976211548e-05,8.180246563149751e-05,0.0007810243363808277,0.00016482407227158546,1.2906787227581762e-05,0.0005555331820013762,0.0002851146273314953,0.0008084274646819878,0.00034327673077481566,0.0011985581368207932
1366,0.00042588119710862404,7.205431612767113e-05,4.3995678424835205e-06,0.0003480090844701772,2.640626318112585e-05,0.00013323640450835228,1.1541826640303413e-05,1.9649719228141075e-05,1.8212944269180298e-05,8.648756874773955e-05,0.0001257061205221545,6.0107093304395676e-05,4.318185825220866e-05,0.00019735344844944505,0.0001981481909751892,0.00034762410896639617,0.0002903347639298653,0.00013457145541906357
1367,0.0008954282302248429,2.166265762222619e-06,8.218642324209213e-05,0.0005511253577253489,2.285552676303121e-05,3.7278514355421066e-05,7.765667110467417e-06,8.560835861201772e-06,8.266419172286987e-06,0.00017989256732237752,0.00020534622000853084,3.988645039498806e-05,0.00032139165340781123,0.00019536845537818093,3.1171366572380066e-05,0.00017832375067863837,0.0001284666837231942,1.016072928905487e-05
1368,0.0003176529359657093,4.822320600963645e-05,3.0089635401964188e-05,0.0006828228061951935,2.4838689692874977e-05,4.582805559039116e-05,2.2484261025627894e-05,3.2616825789060465e-05,1.1213123798370361e-06,0.0001195567549082191,0.0009707571425403433,0.00011922931298613548,7.411235897533675e-05,0.0006514216655577817,3.428850322961807e-05,0.0001256151513659709,0.0005481820101726079,0.0001101931557059288
1369,0.0003642271669818814,0.0002667899105151632,4.420941695570946e-05,0.0006853972538848618,2.4879699873567307e-06,0.0002748332917690277,3.769259305084344e-05,5.867635333241814e-05,1.8905848264694214e-05,1.3497697560399535e-05,0.0012259215736707164,0.0004513813182711601,0.00013323335084914484,0.0010302047935230423,7.91703350841999e-05,0.0005327325283914913,0.0008327292571759697,0.0004986990243196487
1370,0.000444517913542275,0.0003604147299731998,0.0004623355343937874,0.0006142256189419493,0.0002633392404508793,0.0005664238706231117,2.9210754040099457e-05,2.2977563364361977e-05,3.05958092212677e-05,0.0002445594426372724,0.00036943607048178437,0.0002434097696095705,0.000488830403238022,0.00027605142259319246,0.0002953456714749336,0.0008726593817872524,0.0004127852578768342,0.0001637004315853119
1371,0.0002537365806087044,0.00020889311769173996,3.1975097954273224e-05,0.00024282726159034762,0.00020465753414171048,8.234614506363869e-05,2.5490209758140953e-06,2.760052314216779e-05,2.664700150489807e-05,0.0003493447981548353,0.0004945503119309601,0.00010777194984257221,0.0002149406990617081,0.00041347435277749867,1.834426075220108e-05,0.0002766978531771602,0.00039574407855715466,0.0004379916936159134
1372,0.00010696875043850196,3.4147088552212435e-05,0.00040944479405879974,2.2782620525074737e-05,0.000101802072717979,0.0003534718416631222,4.4689964142849425e-07,2.4861292110596282e-05,2.3618340492248535e-05,0.0003786869866064524,0.0005210207398632372,0.0001624228898435831,0.00022311935993196697,0.00039460719255707266,0.00023516453802585602,0.00027732901971630475,0.00035859599730017535,0.00013085361570119858
1373,7.869625871943786e-05,5.018981784079071e-05,0.00034740986302495003,0.0002337533091146815,7.980824890722882e-06,0.00024321116507053375,6.837629938579587e-06,2.7046626260964824e-05,1.064687967300415e-05,3.523783947935455e-05,0.000227355560844425,0.00010113627649843693,0.00010038849762582236,0.00018468609574057507,0.00023168930783867836,0.0007499378890829939,0.0004063698394701828,0.00018163304775953293
1374,8.606799968681467e-05,7.43821131973521e-05,0.0004349113442003727,0.0005282740468433161,7.709611441860179e-05,0.0003943457268178463,6.947355837663358e-06,2.2362412948039262e-05,1.9408762454986572e-06,0.00038414029098755853,0.00032266127804441574,0.00016694352962076664,0.0003043381854349464,0.00026905871421164726,0.00013242894783616066,3.814727944820295e-05,0.00032360652873684743,0.00029380805790424347
1375,2.99157840102926e-06,1.7950407855508999e-06,0.00020746001973748207,0.00018398540138708785,7.768679757296296e-05,0.00019013462588191032,4.699571305628522e-05,2.044763140620666e-06,2.5682151317596436e-05,0.0002737843183870728,0.0007057109589493245,0.00022475025616586208,0.00023254072766309974,0.00011348637008193677,0.000249544158577919,0.00039243452214494934,4.749685141403753e-06,0.00034599006175994873
1376,0.00039369498676804227,0.00023859342846737838,0.00014619715511798859,0.0006223605659580744,2.1739386307745995e-05,0.00012869667261838913,2.179703703286337e-06,7.6136662974533105e-06,2.060830593109131e-05,0.00022189321658012268,0.0003566202218243386,0.00015292596071958542,0.00023454877408400632,0.00010168578168865891,0.00016436399891972542,5.5004978384565195e-05,0.00016302106670744096,0.00019416585564613342
1377,0.0003542333100694933,0.00010580886819898383,7.278146222233772e-05,0.00035866016351432384,0.00012646994057135055,0.00011537550017237663,2.7057708288012045e-05,5.816685703335055e-06,7.461756467819214e-06,0.00019598476771271606,0.0003324222065072095,5.174498073756695e-05,0.0001051748143179182,0.00025786444028790684,1.147715374827385e-05,1.995241650645796e-05,7.80024741915547e-05,2.8837472200393677e-05
1378,0.00016291714868729712,3.8902376190603355e-05,0.0001354636624455452,0.0002471567675975811,7.818924336398456e-05,6.83097168803215e-05,1.5704064900918038e-05,3.1634079653991305e-06,2.387911081314087e-06,0.00012432811395782228,0.0002759714858868931,1.5317928045988083e-05,8.993152864010534e-05,1.0865052101027145e-05,7.174629718065262e-05,0.00010579309075395282,3.315036567602247e-05,1.548510044813156e-05
1379,0.00012424717762435367,4.490684805037379e-05,0.00015777116641402245,4.0071016611492594e-05,7.173102937025819e-05,0.00026571936905384064,3.272418135574426e-05,3.242401972728938e-05,2.0038336515426636e-05,0.00019172858509602236,0.0002661043042114612,0.0002430933527648449,0.00015880490264640057,0.0006286656062351459,8.234428241848946e-05,0.0003478694750170541,0.0005108900563127053,0.0003058360889554024
1380,0.0002725735846635102,0.0001221110143582657,8.619716390967369e-05,9.722555842683889e-05,5.4688459035751036e-05,3.712903708219528e-05,6.173889795334925e-05,1.7567528238824444e-06,7.547438144683838e-06,2.553506110589132e-05,0.0001563201172752153,1.1558877304196358e-05,2.175897651299219e-05,5.120677650936184e-06,1.7111189663410187e-05,0.0005098886813476589,3.276688587449013e-05,0.0002447366714477539
1381,3.6316354216262003e-05,0.00015274226742868768,4.9239955842494965e-05,0.0002321703127965563,6.1010302281575e-05,1.5472527593374252e-05,1.5063804571405215e-05,5.758236587208342e-06,3.1851232051849365e-06,0.00033192884545744233,4.409290410192085e-05,5.622697062790394e-05,0.00012248450022357693,0.0001376981943863008,2.2473745048046112e-05,0.000353318546173792,6.228348212652599e-05,0.00030177831649780273
1382,3.7181679778938714e-05,1.887931021296238e-05,4.346994683146477e-05,7.94143734105246e-05,1.41373412132495e-06,1.6576144844293594e-05,3.6177409468551164e-06,3.6707775432407276e-06,4.209578037261963e-06,3.500867602470453e-05,7.788049010333878e-05,0.00023989658802747726,0.00047948774205032463,0.00028782493575000775,0.00019968580454587936,0.000753720567160554,0.00010172024703194137,4.757195711135864e-05
1383,8.581252235226322e-05,5.950016814863096e-05,0.00011366140097379684,1.1621098844172284e-05,5.14698821582546e-05,8.391076698899269e-05,2.0937387253382525e-05,1.9741017282824843e-05,1.8551945686340332e-06,9.350335223915623e-05,0.00040874939450727746,0.0004390121903270483,0.0001483173425767259,0.00011243037931945796,0.00015573576092720032,0.0009392131071656734,0.00029158891068776713,0.0003193039447069168
1384,0.0004628719196692055,5.580531490537513e-05,0.00016860943287611008,0.0002714218666817342,0.00013969077854733905,6.755208596587181e-05,1.9179894169758446e-05,3.202339620651904e-05,7.178634405136108e-06,0.00030999834326727455,0.000521597198397443,0.0006045871414244175,0.00012035744656864467,0.00031485646678750673,0.00026426510885357857,0.0006380763151012797,0.0005300721566372313,0.00039698276668787
1385,0.0004590329369507373,9.958571870186811e-05,0.0002562706358730793,0.0003260451639196804,6.0047440474622626e-05,9.95849259197712e-05,4.2100166152974836e-05,8.124297745916984e-06,1.2706965208053589e-05,7.846475110736412e-05,0.00046966607034722163,0.0006264247931540012,0.00043196466167245984,9.990349637924861e-05,0.0003911508247256279,0.0005623370367864866,0.00014325421457537374,0.0005455417558550835
1386,0.00028256894004261013,6.26075382877539e-05,0.00016830815002322197,0.00042413682850049594,9.225599860597164e-05,0.0001239771954715252,4.060062579676338e-05,1.2655992467089502e-05,5.1371753215789795e-06,9.268919046671875e-05,5.483033066024795e-05,0.00037221191450953484,0.0002291356136016054,0.00016126001974206897,0.00026635872200131416,0.00028740830875058354,0.00020282360567205632,0.000248483382165432
1387,0.00022582978886846738,6.197624464074e-05,0.00015357974916696548,0.0003065988781068285,2.053727562572813e-05,8.869916200637817e-06,4.643590264931732e-05,2.026117069697499e-05,4.246830940246582e-06,0.0001982214330437243,5.298505919923424e-05,0.00031146546825766563,0.0003529395119858253,0.000177916366326223,6.925826892256737e-05,0.00023869907104552557,0.0002773628050876482,0.000267568975687027
1388,6.001963616081296e-06,0.00019178655262171856,0.00037362752482295036,1.5792065160391555e-05,3.9548508386184206e-05,0.0003021317534148693,3.835882257613617e-05,4.4587369619559147e-07,5.435198545455933e-06,0.0001501245987788058,1.7030621951345803e-05,0.00044131348840892315,0.0004895460613788816,9.957037782323819e-06,0.0003253789618611336,0.0009931855606740425,1.3014449764383283e-05,0.0005466500297188759
1389,0.00017478061882028606,0.0001430558459403139,0.0003960789181292057,0.00043176213273618536,1.1962435227341056e-05,0.00018606381490826607,1.896507098799946e-05,2.8450495993365805e-05,3.6209821701049805e-05,0.0003728576591343555,0.0005316808512228662,3.5114819183945656e-05,5.958975488702667e-05,3.967251479403827e-05,0.0002969754859805107,9.638516193383184e-05,0.0004572260196938913,0.0004088766872882843
1390,1.3293800597932726e-05,0.00018422636783145194,0.0006184675730764866,0.000364408340657818,8.899959508198302e-06,0.0003993581049144268,1.3378030783278358e-05,2.951271984550643e-05,2.3204833269119263e-05,0.00016040078155794835,0.00033339534117408226,0.00028449646197259426,0.0001821673973337462,0.00025785618403957253,6.944732740521431e-05,0.0009461775212157852,0.0005056843850689595,4.9569644033908844e-05
1391,0.0009034140472673063,0.00010633660331170122,0.00013924669474363327,0.001161386396777625,5.179913176216189e-06,7.300172001123428e-05,2.275237496334598e-06,1.3824174696748883e-05,2.096220850944519e-05,0.0006788355279702674,4.213061602937121e-05,0.00043301982805132866,0.0007857600255178065,0.0003122346016109813,0.00010987324640154839,2.9355634935779307e-05,0.0003104279059434759,0.0004425337538123131
1392,0.0009329354442992044,0.00010376214522793067,9.509595111012459e-05,0.0010948725033470275,8.821940263636918e-06,0.00024693040177226067,2.6260647215635424e-06,3.333863057195527e-05,2.981722354888916e-05,0.0005209116960222387,8.08937287498368e-05,0.0004661022685468197,0.000799523607568936,0.0004894152600429698,0.00023563392460346222,3.7420302165580566e-05,0.0005453169891272624,0.0006793150678277016
1393,0.0010244738400643216,0.00016374549362496368,0.0001528286375105381,0.0011638136660583054,1.6866616735874973e-05,0.00024192314594984055,2.1524936113409207e-05,1.9393085950886743e-06,5.2347779273986816e-05,0.0009489918421982449,5.363485948396696e-05,0.0007779437582939863,0.0009020234905066649,0.00038791328037466113,0.000632809940725565,0.00025431063544256727,8.182048075022243e-05,0.0009972872212529182
1394,0.000663163256390778,0.0001585665875954885,8.710892871022224e-05,0.0008431140459294884,4.872819657566335e-05,0.00018527451902627945,5.191622169567131e-05,9.461327724028033e-06,2.4594366550445557e-05,0.0007561492120050708,0.00026155578061521495,0.0004462664946913719,0.00033397355184537625,1.8045417309538875e-05,0.00028779031708836555,9.298495216103486e-05,0.00018087698043441243,0.00043766479939222336
1395,5.100848418300441e-05,0.0003473908252486953,3.933301195502281e-05,0.0002663293222781027,0.00011865166260971796,0.0001380746252834797,6.572667359059335e-05,2.6562415308564226e-05,3.4794211387634277e-06,0.00015266850392576387,0.0002708844261317782,0.0001696096733212471,0.0004280792475141737,0.0004034988897524752,0.0002602827735245228,2.133556101288625e-05,0.0004004087019020639,0.0002763671800494194
1396,0.0001988226037254459,3.4568005682463626e-05,0.0002800547517836094,0.0004120493113836249,0.00011626454315502924,0.0002941042184829712,2.9461257921706285e-05,2.6372338713306627e-05,2.7943402528762817e-05,0.0004157939161398769,0.0006547536508398934,0.00036920513957738876,0.000451628098372181,0.00026155349872115236,0.00022934796288609505,2.6442046197117097e-05,0.0004995759891681349,0.00044209882616996765
1397,0.00021052713426733538,7.97898913634e-05,1.7601530998945236e-05,0.0001089553776059543,0.00012413784741194603,1.2321863323450089e-05,5.321259461819189e-05,1.378007846914727e-05,9.637326002120972e-06,0.0004895746647693155,0.00020384571999259096,0.0001885266974568367,0.0003960108947857477,0.00037871095210060754,4.8156362026929855e-05,0.00042705143188903616,0.00027404982251527914,8.495524525642395e-05
1398,4.4425172862364026e-05,0.00019747104223373502,0.00014463113620877266,2.4420831406232746e-05,7.010922677033044e-05,0.00018102722242474556,4.71685803140106e-05,1.561186660622158e-05,2.216547727584839e-05,0.0005670481756421888,0.00044221186007931124,0.00021875370293855667,0.00032673111091864604,1.2341747090003491e-05,0.00017851637676358223,0.0010616444774842748,0.00018821616862555422,0.0003214823082089424
1399,5.6991891411048434e-05,2.5296222522005335e-05,0.00029239198192954063,0.00021157616523172218,1.6443339319285877e-05,0.0003361208364367485,5.132282623852499e-05,1.3830130445762747e-05,1.090019941329956e-05,0.0006007164958069869,3.570538782085922e-05,0.0004445379599928856,0.00021644413479425528,3.3569717755029677e-05,0.0002649957314133644,0.0008667281462476362,0.0003517423658404729,0.00021710805594921112
1400,1.0669266891583096e-05,0.00012572075558590565,7.916707545518875e-06,0.00015478179872616127,3.0315100017247465e-05,7.891515269875526e-05,5.091154020239394e-05,1.3819443759595135e-05,1.0970979928970337e-05,0.0004232693275571381,3.8258830448899966e-05,0.00018979143351316452,0.0002221929226543934,0.00023833132259969483,1.0606832802295685e-05,0.0005539923550243187,0.0003478756375248646,0.0001492602750658989
1401,0.00035661766595396216,0.00015554217598624798,0.00015703076496720314,0.0005418838939167808,8.829587711270057e-05,0.00013620033860206604,5.6221770738567114e-05,4.600219082818947e-06,1.7005950212478638e-05,0.0008016195335688175,0.00011107476448526596,0.00031305779702961445,0.0003786865952274121,0.000201414127333141,0.0002649337984621525,0.0001588798046833484,0.00014341212718208159,0.00016115233302116394
1402,0.000252053706266242,0.00012781154945261386,0.00014967145398259163,0.0003889009189209508,0.00011141459259351658,0.00015914347022771835,4.478676866428652e-05,1.9914870988703794e-05,9.71183180809021e-06,0.0005072812879675787,0.0005471110191338814,0.0005346734542399645,1.6886279725639164e-05,2.8995386750326618e-05,0.0004950566217303276,0.0008469421981362468,0.00024315879003528659,0.00033811572939157486
1403,0.0007027916716120519,0.00019233182653741188,0.0001592370681464672,0.0006314222529042873,7.4642641019230516e-06,0.00030276505276560783,4.861531961060372e-07,2.6189734901008893e-05,2.7488917112350464e-05,0.0007929537234868111,0.00019395855421498742,0.0007928789127618074,0.0005340655459418475,0.00034743554076946404,0.0005478980019688606,0.0006032131259715301,0.00039595202324308777,0.0004352303221821785
1404,0.0010147865521736715,0.00029796932604563356,2.9942020773887634e-07,0.0010826135880636495,0.0001200531900790551,2.5939662009477615e-05,2.3424580330866016e-05,1.0089539727330989e-05,7.096678018569946e-06,0.0009180923087333398,0.00021553285227428678,0.0005442402325570583,0.0006064618426116775,6.529088829477364e-05,0.0004789792001247406,0.00032085793911473814,0.00020020018796885423,0.0002622948959469795
1405,0.000589599032818619,0.00023771074568567502,0.00014255894348025322,0.0007014922119541744,0.0001697580386426055,9.084632620215416e-05,3.1516252768997235e-05,1.7016643590049216e-05,1.1783093214035034e-05,0.0005459034803295265,2.526859466512807e-05,0.00032110209576785564,0.0004453334743067805,0.00038678342409360217,0.00022542430087924004,0.0005348058326178629,0.00030205189221136925,1.3193115592002869e-05
1406,0.0009215952509633862,0.0002519679591863194,0.00025625480338931084,0.0008283994175011522,0.00016968098338947593,0.00027525750920176506,3.7843811581379436e-05,1.2559577535820043e-05,2.127140760421753e-05,0.0008971882199451456,3.728382154880722e-05,0.0005020438693463802,0.0010825298002855727,0.00036471570476390505,0.0004308926872909069,0.00017327178060655424,0.00021540336791724558,0.00038104504346847534
1407,0.0002920438669378467,0.0002004765578892051,0.0009506135247647762,0.0006871309953996457,0.0002631707403075896,0.0009275893680751324,0.00013124615726673068,5.066506888741452e-08,1.6473233699798584e-05,0.0001690501331045452,0.00019865490596173915,0.0008330880664288998,9.875975365622458e-05,0.00015553061296091908,0.0008287685923278332,0.0012098358444644075,6.731344362053901e-06,0.00041420478373765945
1408,0.004520716988672374,0.0005549681339111455,0.0030422983691096306,0.0033805243176290717,0.0010861434106356656,0.0027815201319754124,2.525232782395366e-05,4.846533068253412e-05,0.00017445534467697144,0.0027311554539978175,0.00022756846893942292,0.00035700760781764984,0.002749860783280704,0.0004996809015244928,0.0006694565527141094,0.0025877917903293773,0.0008307821802961794,0.0018138326704502106
1409,0.00045844610983543366,0.0002275630912652593,0.0015282118692994118,8.535835751988241e-05,0.00036130381223228175,0.0013256510719656944,1.9220899131424177e-05,5.1484549755649556e-05,6.374716758728027e-05,0.0010619012025595356,0.0004342489076571872,8.914293721318245e-05,0.0011463919037889361,0.0007538323700851737,0.00021053990349173546,0.0019548986514782984,0.0009200189844766008,0.0004708990454673767
1410,0.0012593400115195746,0.00026127566381193776,0.00011701323091983795,0.0009393652558884052,0.0002313224445247529,0.00038261525332927704,7.083492431582579e-05,8.817528088043665e-05,1.3131648302078247e-05,0.0003744682328914589,0.0009108729670498777,0.00011031655594706535,0.000508307931261831,0.0011964372166871004,0.00026230281218886375,0.0007779424760936959,0.001362126405070858,0.00041556544601917267
1411,0.0005262209471600804,0.0003391590482785846,0.0007400372996926308,0.0008067536230454975,0.000543686802523622,0.0005078008398413658,3.8717881644480256e-05,6.525740140461559e-05,2.454221248626709e-05,0.0005216004884079986,0.0006417042031604085,0.000396206509321928,0.00044857448937014877,0.000890932068521165,1.1114869266748428e-05,0.001244365086965571,0.001041461044766069,9.978190064430237e-06
1412,0.0012462009414316993,5.755234806998147e-05,0.00041089439764618874,0.0017221088080346808,0.0004686420723014062,0.0003321487456560135,2.935754234675847e-05,1.856793274682101e-05,6.802007555961609e-05,0.00020688628029743444,0.0001525115010536822,0.0005178339779376984,0.000392473808977542,0.00029201565753356196,0.0005278931930661201,0.0005423805467385939,0.00010607794165792567,0.0013208305463194847
1413,0.0003637246237849917,0.00023583161722691773,0.00033664237707853317,0.0004230933678949639,2.3992730231639503e-05,0.0004493328742682934,0.00010288815037216327,3.506422253694657e-05,8.918344974517822e-06,0.0009414836861374593,0.00029964421341919026,1.0235700756311417e-05,0.0007078307417913779,0.0002590954585841958,0.00021576695144176483,2.1302751823326638e-05,0.0004922815722546671,0.0005186302587389946
1414,0.0005504779486038142,0.00014209804675596738,0.0002536121755838394,0.00018752106417189995,0.00019059653789876146,1.5244819223880768e-05,5.202468797045785e-05,5.102802828362837e-05,4.023313522338867e-07,0.0007924502360834307,0.00040382153796023057,0.00038202223367989063,0.000501926875119775,0.0002789057014653297,3.334367647767067e-05,0.0005507029891435034,0.0007515527266268324,0.0006017293781042099
1415,0.00015724845101761087,0.00036283500962611473,0.00044656218960881233,5.8785971516109314e-05,0.0001230674525141036,0.0002938220277428627,7.587299315806387e-05,3.356484580613198e-05,2.0328909158706665e-05,0.00032854672066659485,0.0003386477566273069,0.0002098961267620325,0.0002056193281205071,0.00010745378583988316,8.024275302886963e-05,4.408054955271079e-05,0.0005068225774946091,0.00035519804805517197
1416,0.00023772943703760652,0.00022915501670955213,0.0003358121030032635,0.00012606439457736596,0.00011832804845713848,0.00021226517856121063,5.091646151875358e-05,1.7110389550865988e-05,1.8067657947540283e-05,0.00041921890339361584,0.0001496146296484785,0.00016633770428597927,0.00012809411395836579,2.1408589702377745e-05,6.42542727291584e-05,0.0002637649438915479,0.0002301597168267687,0.00016601569950580597
1417,0.00020941477393009167,0.0003453232697960065,0.00019641034305095673,3.465214005921036e-05,9.643904405709502e-05,0.0002868589945137501,2.113861114511062e-05,1.283814724944998e-05,8.77678394317627e-06,0.0003369857517320565,0.000156437180327023,9.05392225831747e-05,8.070202392823633e-06,2.7912311652861233e-05,0.00014638761058449745,0.00041338954702557773,0.00022671109229343948,9.871926158666611e-05
1418,0.00021793342237200197,2.41504227665168e-05,2.040853723883629e-05,5.1680729372602374e-05,1.0712573116487822e-05,7.151300087571144e-05,4.756679647073374e-05,6.190252177765208e-06,1.0460615158081055e-05,0.000273778669746004,0.0001229105802466185,4.1069695726037025e-05,7.192412531838166e-05,0.00035126318416680083,1.0804273188114166e-05,0.0008140893370795488,0.00012565844176675497,0.00021243561059236526
1419,1.7703648478223366e-05,7.250741223630008e-05,0.00014250446110963821,1.0747819958453753e-05,3.939197550397594e-05,0.0001901993528008461,2.068827800916738e-05,2.787173831120791e-05,1.7717480659484863e-05,6.95881110059221e-05,0.00048826659049409915,0.0004235506057739258,4.352809482563447e-06,0.00045754793505862687,0.00033033639192581177,0.0010361095553602234,0.0004060240631148914,0.0003812648355960846
1420,2.0113063221000038e-05,0.00026709772097627954,0.0002040746621787548,0.00016975104488742288,1.9808754533168216e-05,0.0002844668924808502,5.033173214506748e-06,7.766680374418351e-06,7.789582014083862e-06,0.00014910920376644266,0.0002240681762684521,0.00046041514724493027,0.00015087509555893053,1.653051649749132e-05,0.0004914035089313984,0.0009230008275360052,0.00015364029144458984,0.00029523763805627823
1421,1.485921138370816e-05,0.000344416061470159,0.00020414404571056366,0.0005432627799349943,9.421429876135118e-05,0.00023947469890117645,2.8996207930728074e-05,3.6092629075186846e-06,1.3861805200576782e-05,0.00025852184105488313,9.608800981839027e-05,0.00027453131042420864,0.0002515563583006253,4.572325781976652e-05,0.0002713804133236408,0.0006397762088911491,4.954491018240546e-05,0.00024946872144937515
1422,0.0003754093437919187,0.0001371027541279858,2.5509856641292572e-05,0.0007159624626244115,6.042569467618747e-05,4.142569378018379e-05,8.437529960162587e-06,1.95675962298338e-05,1.0248273611068726e-05,0.0006854398494789068,0.00010590038816001013,0.0003993683494627476,0.0006172525343624002,0.0002792075204015032,0.00026382459327578545,0.0002878929231034666,0.00030348530954224864,0.00029325950890779495
1423,0.0004859444337025898,5.2620671115777284e-05,0.0002805921249091625,0.0006141580800658325,9.256994004931685e-05,0.00029224948957562447,2.3350729647689597e-05,1.2477747793701198e-05,9.097158908843994e-06,0.000628478050885499,0.0005163084654626338,0.0004341497551649809,0.0003634205072610974,0.00021628604494972406,0.00042195944115519524,0.0007282166691539305,0.0002586364688564229,0.00024846848100423813
1424,2.844357558928756e-07,0.00013048092375428713,0.00010862527415156364,0.00022191652585776267,1.3716451321095502e-05,4.64743934571743e-05,1.977970065825292e-05,1.9938546212407875e-05,3.5315752029418945e-06,0.0007033792496865532,0.00016912102640447707,0.00021547731012105942,0.0003351058245817662,0.00028080327075538647,0.00028181448578834534,0.000831980192400425,0.0002741625399723677,0.00020485837012529373
1425,4.47056397098744e-06,6.549932170963474e-06,5.9594400227069855e-05,0.0001729868958574854,5.0627027749518966e-05,6.150500848889351e-05,3.884132009109552e-05,1.7140655795615202e-06,7.264316082000732e-06,0.0006143741678101555,9.990047430743013e-05,0.00031131436116993427,0.0004005010618920307,0.0001939605133821666,0.00027791736647486687,0.0010338687787836837,7.154052763949734e-05,0.0003199242055416107
1426,0.00045537647750278076,0.0001779729496366976,9.918585419654846e-06,0.0007476439765102955,0.00010741706746850155,0.0002096877433359623,5.2699032664549686e-05,4.057037005556494e-05,4.738569259643555e-06,0.0010703414205925701,0.000889030609627528,0.00027716136537492275,0.0003232204037050407,0.0006375292117831548,0.0005489299073815346,0.0009230139633805146,0.0005447157829001695,0.00010006222873926163
1427,0.00026811810389774926,9.753265155096336e-05,0.00039797835052013397,0.0005966924515090621,4.513949063864389e-05,0.00015411479398608208,1.3012065255215907e-05,2.1972813870777344e-05,2.210959792137146e-05,0.0011986819718468392,0.0005760858701194874,0.00017546070739626884,0.0002718717455133107,0.0006791086368847961,0.0004818793386220932,0.00036371757702648166,0.0003038379939338323,0.00014045462012290955
1428,0.00027050246639645503,0.00022153773875070726,0.00016816146671772003,5.4553858519851284e-05,5.345748032050193e-05,0.00019517773762345314,2.639391768692427e-05,1.756800716472398e-05,3.28943133354187e-06,0.00017941529973995035,8.499734068153145e-05,0.0002689526882022619,5.689118927600101e-05,0.0003063743624346048,0.0003055254928767681,0.0005250551943575266,0.0002115559471114383,0.00014912523329257965
1429,0.00018297870692701723,2.8174797510275434e-05,1.3245269656181335e-05,0.00032132793218760114,0.0001567929675414144,5.532056093215942e-06,1.76137557164769e-05,4.669618616732281e-07,7.875263690948486e-06,0.0007879423358989335,0.0002789092117466731,0.00036789546720683575,0.00026743002982916597,7.951030858723354e-05,0.0003628781996667385,0.000904770136800459,4.158710098105603e-05,9.145587682723999e-07
1430,0.00018375387134822452,4.4645073983030914e-05,0.0002600867301225662,0.0007366219517878636,0.00010558542494757198,0.00032155634835362434,3.232297259257201e-05,1.690282446703236e-05,3.129243850708008e-07,0.0010111767686754522,0.0005094027909520113,0.00045959046110510826,0.00021249800277924058,0.0003398407464265084,0.0005155066028237343,0.001269857099321564,0.00031152023242993383,0.00022874120622873306
1431,0.00010619273498677084,4.213186325995391e-05,0.00012156646698713303,0.0005964859981099913,2.4578115525236005e-05,0.00022154441103339195,4.4572200189633635e-05,2.3939892252998756e-05,1.7546117305755615e-05,0.0010021908710346542,0.000540517045131958,0.00020810822024941444,0.0001611515130066632,0.0010219067368986076,0.00036377785727381706,0.0005850902181829543,0.0003941259973177843,0.0005630990490317345
1432,0.0005127040561812984,7.733074072980087e-05,0.00028994120657444,0.0006534344563942918,0.00010205459039466444,0.00022773770615458488,4.26627426276735e-05,3.1954391429128855e-05,3.9711594581604e-06,0.0011366005242539542,0.00042993089542257487,0.0002938169054687023,0.00039084569594756424,0.0008739982278045261,0.00038967281579971313,2.747868995162106e-05,0.0004370975944489666,0.00025097932666540146
1433,0.00035073465711261964,8.278790709224937e-05,0.00034374697133898735,0.00040221383116885445,0.0001271570880798968,0.0003009745851159096,2.4203033092175252e-05,1.7526761744967635e-05,1.2185424566268921e-05,0.0005785654359296913,6.487601893913342e-05,0.00017354008741676807,0.00021711431778560775,0.000467438217228687,0.00023378059267997742,0.00041058678483564537,0.00026446958668915194,0.00025916099548339844
1434,0.0002597794188011343,0.00017033310406439767,0.00021207239478826523,0.00033601422895197797,3.142133053325377e-05,0.00021615531295537949,1.2855678664573308e-05,1.5108371211718053e-05,1.2896955013275146e-05,0.0004148265135258955,0.00011568461519307488,0.00024267775006592274,0.00026182488195745923,9.83712377407471e-05,0.0002325950190424919,0.0004823990176481968,0.0001939677048066555,0.00025019701570272446
1435,0.00034419624950225713,0.00044289938583750785,0.0001648510806262493,0.00037449085975646557,0.0001204518860576792,0.000248882919549942,1.8877302045064784e-05,3.640655072441508e-05,1.6357749700546265e-05,0.0006682890741260342,0.0008966040213402929,0.0003252471797168255,0.00015673865722128089,0.00043029786856703736,0.0004344298504292965,0.0014135733569747289,0.0005765306540891548,8.761603385210037e-05
1436,7.877648085441447e-05,0.00019757471484546998,0.00017139175906777382,0.00017696872661254748,1.3196823986268147e-06,0.0001492067240178585,6.048571227150641e-05,1.5698715307525693e-05,5.085021257400513e-06,0.0009070069078115431,0.00013523045927008384,0.0005991121288388968,0.00016078688274034914,9.028903157358784e-05,0.0005764630623161793,0.001490655352319209,0.000385718119376135,0.00014365464448928833
1437,0.0002636306654665299,0.00013791655348013507,0.00027184467762708664,0.0002541737416918849,1.0361051479525901e-05,0.0001844111829996109,2.218896590572457e-05,8.632904055130895e-06,7.562339305877686e-07,0.0008142303656147529,0.00019710791508073186,0.00048498064279556274,0.000200133978409206,0.0001303683703126092,0.0004013329744338989,0.0016824084185760035,0.00010909735458225923,0.0001032799482345581
1438,0.00018792594237541926,0.00014968175685091747,0.00010282080620527267,0.0003940561114504082,2.4962953718583175e-05,4.4980552047491074e-05,1.6956047147060824e-05,3.063651995697939e-05,1.0516494512557983e-05,0.0008565899715349407,0.000649949246523323,0.0005385566037148237,0.00013176032228129353,0.0002830434106560302,0.00046504661440849304,0.000981488512094314,0.0003709095803518126,0.00010801106691360474
1439,0.00012600648217929444,0.00018290490582345553,0.00011381832882761955,0.00011055696713781205,1.5410211527334267e-05,0.00013080285862088203,6.265080288933578e-07,1.3188234097694486e-06,1.7277896404266357e-05,0.0008371552189930173,0.0002473617756561901,0.000621007988229394,0.00018523001124527705,4.945672359647768e-05,0.0006515034474432468,0.0010560294673452042,0.00016297348447316586,9.392853826284409e-05
1440,1.7334044223327183e-06,8.960704388458543e-05,0.00012477627024054527,0.00017221793171760813,3.5233149485874166e-05,2.657109871506691e-05,1.4942321677563486e-05,1.8163548531879284e-05,1.3634562492370605e-06,0.0006644437617591772,9.843850435116083e-05,0.0004329672083258629,7.819199198151605e-05,0.00030213658037161334,0.0003085946664214134,0.0014205983255991539,0.00032013590669441316,9.769760072231293e-05
1441,0.00011864131711761261,1.5542968409380797e-05,6.975606083869934e-07,0.000383174907700054,0.00012845848653316241,0.00010856287553906441,5.307346118144096e-06,1.673678615043224e-05,5.606561899185181e-06,0.0007150614439617314,0.00030142134325307143,0.0005975756794214249,0.00010928275047529523,0.0004664343787595532,0.0004406142979860306,0.0018642543634739689,0.00030648792496663826,0.000135825015604496
1442,0.00019383178861112627,0.00014133992929720243,6.277626380324364e-05,0.0006278120153811739,5.129634706822414e-05,5.5820681154727936e-05,9.046341240132039e-07,2.0100699155673623e-05,1.749396324157715e-05,0.0010757760440979064,0.0009936908693083321,0.0006994036957621574,0.0002939182512084054,0.00030571086224232685,0.0008436189964413643,0.001466121843085172,0.00021367982498905064,0.0004757288843393326
1443,0.0002762907613561433,4.6408229447608e-05,0.00023763393983244896,0.0004811464720574643,3.605783238145102e-05,0.0002245195209980011,7.339141081280642e-06,8.33687421314378e-06,2.8371810913085938e-05,0.00096571539380539,0.0005329061029446559,0.0005580983124673367,0.00011180443675447294,0.0001601839151494852,0.0005431282334029675,0.000835968629965933,0.00025466361771763965,0.0005553495138883591
1444,0.0005173837085402366,2.3603928678072456e-05,0.0004131603054702282,0.0006425893465250021,8.1938282996432e-05,0.000344778411090374,6.593117013775282e-05,1.7198613678892866e-05,3.208965063095093e-05,0.0004895991858218166,0.0002272885858902382,0.0003687057178467512,0.0002697374909770983,5.1102789883166605e-05,0.00024401303380727768,0.0014875668349749044,0.00026788139230933105,0.0003896215930581093
1445,0.00010209008001953179,0.00022023540932147173,0.0004975092597305775,0.0008320426140327741,9.629387536886497e-05,0.0004958435893058777,9.551149731608193e-05,1.7780551015449586e-05,4.3686479330062866e-05,0.0007113555380390615,0.0006765088762956048,0.00031526735983788967,1.6470042615873703e-05,0.0001515115883644197,0.0003047049976885319,0.0015341249231008297,0.00022994586591163543,0.0007017338648438454
1446,7.738344951657705e-05,0.00014379879438328538,0.0003396770916879177,0.0008612262015593036,1.8906681643327677e-05,0.0003239293582737446,1.5004516979853777e-05,1.1291586852125676e-05,4.902482032775879e-06,0.0008086542228333479,0.0003913936642592278,0.0005262841004878283,0.0001008838862889827,0.00016822053931889527,0.0004678531549870968,0.0007931635482989613,1.5310373310339388e-05,6.945058703422546e-05
1447,0.0006596240190220731,0.00011325654370115262,0.0005407496355473995,9.676564664444498e-05,4.6483591883691305e-05,0.0004899725317955017,3.4450214835869686e-07,3.7155823270830393e-06,4.262849688529968e-05,0.00015112660881021894,9.625535584674438e-05,0.00014897994697093964,0.0008235534211137596,0.00019660077100662823,3.020884469151497e-05,0.001588693880416811,1.6027095422355836e-06,0.00045160017907619476
1448,0.00018638072436739928,3.680029708136995e-05,0.00038030510768294334,0.00014421085386609467,0.00013961999527881477,0.0005443431437015533,1.1010130252895808e-05,4.7317048188649856e-05,4.8007816076278687e-05,0.000428019157346575,0.0005443388967779801,0.0001021362841129303,0.0003334755608589146,0.0007971290857999164,0.00010789558291435242,0.0008281783117677077,0.0006924039698608577,0.000764818862080574
1449,1.0996946968683252e-05,0.00021789863648189606,0.0001373658888041973,0.0003268503091151953,0.00012414025093462205,0.00011279899626970291,1.3500187071503744e-05,5.0400850744117764e-05,9.860843420028687e-06,0.0006939009659817849,0.00045505254325600014,4.679965786635876e-05,0.0001398540193099651,0.0007494768594375131,0.0004139132797718048,0.00022585710736074127,0.0006721465739501385,8.51806253194809e-05
1450,0.0003158411103355435,0.00023806823934795912,0.0002711252309381962,0.000655742664565237,0.00014816350143805057,0.00016623921692371368,2.4845756567044158e-05,1.9823029743455504e-05,2.884119749069214e-05,0.0004769440830580049,0.0003288865522041509,9.69916582107544e-05,0.00010263766345221248,0.00035917670962411913,0.00029864395037293434,0.0003372964136646034,0.00021603225127018663,0.00016397051513195038
1451,0.00013303767960964885,0.0001357798004667926,7.406109943985939e-05,0.0007434748030144961,0.00012949413113981512,0.0002469806931912899,4.8316262485062836e-05,3.868871146563385e-06,5.103647708892822e-06,0.00024429771829424796,0.00021529854805269963,5.1067909225821495e-05,6.132908870035148e-05,0.0001537156869950082,0.00030312174931168556,0.0008205444082359237,4.0772440013687496e-05,4.5280903577804565e-05
1452,0.0003425324154004705,0.00016645149588484856,0.0001638215035200119,0.000423134295845104,2.9350377433255692e-05,0.00021869223564863205,3.62590894603769e-05,5.320096532259464e-07,7.752329111099243e-06,8.971882244015322e-05,0.00024377889114156684,0.0001570349559187889,0.0002453030690462016,2.0568899172752203e-05,0.00023570749908685684,0.0012351603657521776,4.269755894321936e-05,9.378604590892792e-05
1453,0.000204283323090651,0.00016317528269023385,0.00012608245015144348,1.987489080786109e-05,0.00011403063915049402,0.00011962372809648514,3.291959593896589e-05,3.790890023359743e-06,3.7141144275665283e-06,0.00040714874136315443,7.309234474306425e-05,0.00012942543253302574,0.00011645125553531865,0.00013930510594549472,0.0001187608577311039,0.00014203300011027264,2.9854180359814055e-05,6.434787064790726e-05
1454,0.00014743422334928535,3.873712914646485e-05,7.671071216464043e-05,2.7974039270017848e-06,8.72512492735289e-05,7.004896178841591e-05,1.3366880856811869e-05,1.0143865640601898e-05,7.539987564086914e-06,0.00014571061822564457,0.00019308831971072415,5.571846850216389e-05,0.0001198514811814877,0.00019536133253264185,1.5247613191604614e-05,2.418501478035351e-05,0.00016634537015666664,1.6819685697555542e-05
1455,1.4226906729350453e-05,1.0515543930465776e-05,1.8247868865728378e-05,0.00011703231385369606,0.00013431322946878127,2.262275665998459e-05,4.926776775939293e-06,1.039604241259549e-05,2.1569430828094482e-06,0.00014588672602940805,0.00010931763315502954,6.727222353219986e-05,0.0001530078884848518,0.00022719393379324812,6.28344714641571e-05,9.37866789570696e-05,0.0001580400542782372,2.127140760421753e-05
1456,0.00025188897461546345,1.4384872281888311e-05,6.273854523897171e-06,2.3488401799318104e-05,2.5245349591085375e-06,0.0001311260275542736,5.857160638167436e-07,1.8490082214831915e-05,1.4863908290863037e-06,0.0002447397812363472,0.0004772702188944808,1.204642467200756e-05,0.00019910034368149365,0.00023423259092266932,0.00015992717817425728,0.0005018557209245655,0.0003209265409526707,0.00011915341019630432
1457,0.00016391012788631587,0.00016405437174684886,0.0001865779049694538,0.0006904233718105224,0.00012779548877355634,0.00026392238214612007,1.5803912048324015e-05,5.652726514503322e-06,3.116205334663391e-05,7.070945914883914e-05,0.00018882575668954793,0.00016580824740231037,0.0003252656640484186,7.702852169484686e-05,9.153224527835846e-05,0.0009072805020883951,6.99540983504568e-05,0.00046731531620025635
1458,8.455299447945874e-05,0.0001247402471104657,7.2503462433815e-07,0.0004759096840891014,0.0001151279555931424,0.00020150328055024147,2.1313126552596762e-05,2.8125426922269664e-05,1.216307282447815e-05,2.7540707339464288e-05,0.0005314492693187962,0.0001236621756106615,0.0002542584160984962,0.0004680322114658901,0.0003722282126545906,0.001698760304849889,0.0004087837869212515,0.00018802843987941742
1459,0.0006675712273214729,6.940600478089892e-05,0.00029835011810064316,0.0003805271952410927,1.6595667646324835e-05,0.00015995139256119728,4.278394418156389e-05,3.6632837952002366e-05,1.3358891010284424e-05,0.0011302419362280366,0.001363764411852604,2.4172477424144745e-06,0.0008673427285100926,0.0008159786581107623,0.0001785694621503353,0.00037593046952544285,0.00044979823946790076,0.0003629252314567566
1460,0.0003421317719133621,0.0001661886969247517,0.000195350032299757,0.00017026965749174228,0.00013656481275097984,0.00021614320576190948,1.3002286809348645e-05,5.367152797005996e-06,1.1622905731201172e-05,0.0006435475084499917,0.000658574214204205,0.00010969117283821106,0.0006429460248138508,0.00017560030183299755,0.0001620757393538952,0.0005729757353739179,0.00016960687207306403,0.0003676973283290863
1461,0.00010275364394488062,0.00011224005410032448,8.164998143911362e-05,0.0002741942436446515,8.803692057669787e-05,5.945703014731407e-05,8.502018588365731e-06,5.020247247062833e-06,2.205371856689453e-06,9.39568328944193e-05,9.262443276996171e-05,1.6322126612067223e-05,5.0500305483147656e-05,6.176143410491566e-05,4.9209222197532654e-05,5.756886062102673e-05,0.0001236566864127736,0.0001797778531908989
1462,0.00011581490462174437,0.00014512249121671414,9.42181795835495e-05,7.624780378957807e-05,3.972271444155698e-05,0.00010489346459507942,3.5991384317281966e-05,4.398484357714494e-06,5.237758159637451e-06,3.712821848863429e-05,1.110591426173313e-05,8.072960190474987e-05,1.8423723910324097e-05,4.7112026530456846e-05,6.424728780984879e-05,0.0007042355340657475,9.516269245435447e-05,0.00019883457571268082
1463,0.00012363599922098067,1.9954628437506006e-05,0.0001868419349193573,7.885966967330349e-05,0.00011545835665008677,0.00018859561532735825,6.102473139346469e-05,6.398702289691044e-06,8.828938007354736e-07,0.00022313266320361097,0.00042017989007405235,0.00024377484805881977,0.00015793623329661555,3.9831158248567616e-05,0.00030914461240172386,0.0011954927655758035,6.500143962387232e-05,0.0001705298200249672
1464,2.5644498477403466e-05,6.940793582400906e-05,0.0002199956215918064,7.051433314060607e-05,7.327212495775517e-05,0.00016247481107711792,1.749987384175658e-05,6.833342901267853e-06,1.50240957736969e-05,0.00047421233172548205,0.0006657191689525901,0.0002042371779680252,0.0002997744510427197,9.030357613901488e-05,0.0001832200214266777,0.0006795436168152563,3.428791485787265e-06,2.882257103919983e-05
1465,0.00013468106076633402,5.763813736045162e-05,0.00034311506897211075,0.00016342366111966877,0.00010930167490793077,0.00028638914227485657,1.5938616026995103e-05,7.632343591020365e-06,1.6633421182632446e-05,0.00020386839632466347,0.0002542013331476266,0.0002389298751950264,2.8551060383408267e-05,6.972265494258056e-05,0.000167143065482378,0.0010869490942509719,9.060123828288132e-05,0.00017824582755565643
1466,2.5464686072340648e-05,6.196650275564972e-05,0.0002885563299059868,3.419602914178643e-05,3.9690018930685356e-05,0.00033078528940677643,1.564631542640485e-05,3.471985833120787e-05,3.0092895030975342e-05,0.0002907849714113911,0.0005087136622908307,0.0001367062795907259,0.00032857006327484395,0.00041962248469705477,0.00019641732797026634,0.0018064075036920424,0.000510664679062767,0.00046890508383512497
1467,0.00021701761321189783,2.8392799272788927e-05,0.00020671077072620392,0.0001554644205016692,0.00010519916602705001,0.0004208385944366455,7.547762380084692e-05,3.848618225883e-05,2.666190266609192e-05,0.000942757222139684,0.0009010041063158038,0.0002418714575469494,0.00024929248437834117,0.0006437964954246513,0.0005313362926244736,0.0013444355684743003,0.00047102670728218707,0.0005970718339085579
1468,0.0018971564975776983,0.00021621845515196886,0.0023735365830361843,0.0021151549780204643,0.0005689821760012023,0.002265078015625477,8.903048512383903e-05,8.349420617830635e-05,6.107985973358154e-05,0.0018619474420018128,0.00119226874397357,0.0002614809200167656,0.0012540423471205306,0.0014827274088582108,0.00012212898582220078,0.0002937604801167837,0.0012340850246874598,0.00018788129091262817
1469,0.0006779322878821548,0.00024205653664812615,0.0004498744383454323,0.0002064627565155075,7.380544368834271e-05,0.00011354964226484299,0.00010321375528563222,3.807239552074446e-05,3.349408507347107e-05,0.000283665315876043,0.00010375899374052283,0.00015139230526983738,0.00046348174942381637,0.0002979644630622773,0.0002157529816031456,0.000895512508021834,0.000661510815857449,0.0005908068269491196
1470,0.0015745405232184678,0.00013282440652658337,0.00018909480422735214,0.0008492283979170678,0.0001461324769521169,4.77558933198452e-05,4.284750397337035e-05,2.4878203569563592e-05,2.3499131202697754e-05,0.0007716413357127805,0.0004662630403806864,0.00013324362225830555,0.0008337153313216702,0.00037330209511456797,0.00035905931144952774,0.0007144829905613159,0.00031606645183549376,0.00033742189407348633
1471,0.0006426750748280974,0.00011444577147306373,0.0006689717993140221,0.00048217584964158067,5.639229388178235e-05,0.0006660525687038898,5.336328010097091e-05,6.0761037986133495e-05,5.0980597734451294e-05,0.0009458566131551535,0.00066173143075475,7.72322528064251e-05,0.0008972222775787408,0.0006611733353174588,0.00018950970843434334,0.0015200613686163628,0.0009146058174503311,0.0003548767417669296
1472,0.0006511116215995039,3.0765190478957566e-05,0.0006764838472008705,0.0006019736227615563,0.000338685767227679,0.0009008217602968216,3.7309615985268996e-06,9.521621182242783e-05,2.204999327659607e-05,0.00036468176674736563,0.0011637195849125495,0.00041185016743838787,0.0005323369489982355,0.0008037354854030128,7.721595466136932e-06,0.00063495869601983,0.0014856746733824854,0.0005777180194854736
1473,0.0012026464106031642,0.0002940398955752453,0.0010967375710606575,0.0017085914673578007,0.0006686668783820703,0.0009569874964654446,2.1687419085083745e-05,7.790843783167208e-05,2.973899245262146e-05,0.0004501646048079358,0.0009956998039691058,0.0005630005616694689,0.0007585508718477851,0.0010472418537249874,0.0003156512975692749,0.0010095733295538145,0.0011787084633731269,0.0001821722835302353
1474,0.0010791918324835892,0.0002698804382986787,0.0004824399948120117,0.0008126442820839824,8.351627395071504e-05,0.00024073198437690735,0.00011892911555219828,5.096166293532662e-06,3.473833203315735e-05,0.00026337352528140595,3.9925198596212075e-05,0.0003027718048542738,0.00010421848381586551,0.00011339598601058792,0.00043746456503868103,0.0004595316684709305,6.739051276319786e-05,0.001029863953590393
1475,0.0003040780419785172,1.3785704372173968e-05,0.00022969115525484085,2.9830207234585182e-05,1.6840842618177226e-05,0.0003025690093636513,2.9403470223711425e-05,9.309261942198931e-06,1.2751668691635132e-05,0.0002798162833476253,1.4613478589435569e-05,1.9534025341272354e-05,0.0004503547448950415,0.0001835585821019295,0.00015939446166157722,0.0010980015516026537,0.0001771570769024764,3.4139491617679596e-05
1476,0.00018200136398006939,4.2043600659395775e-05,8.342182263731956e-05,0.00010546599578392657,0.0001282505808145075,0.00017104996368288994,8.990500270098303e-06,4.079061912586751e-06,9.242445230484009e-06,0.00017025867249896576,2.0555796320608638e-05,2.0584557205438614e-05,0.00034360207042340857,5.559891584340504e-05,0.00010839570313692093,0.0003360394879420997,0.0002270350617439203,4.920177161693573e-06
1477,0.00016531095164150356,0.00016348963650714837,6.523262709379196e-05,0.0001207319731997003,0.00011204504040044153,0.00015242630615830421,3.0264903249348912e-05,1.8732392260507316e-05,2.5033950805664062e-06,0.0004701549651814699,0.0003493110943549142,6.743054836988449e-05,0.00023470961973580395,0.00029539675545490335,2.6692170649766922e-05,0.00031882000089054896,0.0002463359210855831,8.163042366504669e-05
1478,7.606372550049423e-05,5.7626921907728834e-05,2.7632806450128555e-05,9.822490589339594e-06,2.9742363808361177e-05,5.732988938689232e-05,3.80497901242699e-05,1.3711015018649049e-05,1.3612210750579834e-05,0.00026483532119730285,6.950805180367878e-05,0.00026546698063611984,9.471454548751201e-05,6.932947994874039e-05,0.00015862006694078445,0.0003218389232309826,0.00025989645976729793,9.394064545631409e-05
1479,0.0005107479495934236,0.00011129203675655508,7.916009053587914e-05,9.999316940677294e-05,8.293894052394113e-05,0.0002415538765490055,3.353171878255415e-05,2.8241297867408123e-05,6.40377402305603e-06,0.00015646578727760568,0.0003913600275733953,7.179845124483109e-05,4.960984796263668e-05,0.00027179693270616007,0.00015183491632342339,0.00045849575579491597,0.0004456317373397103,0.00038436707109212875
1480,0.0001668103969378193,2.4699786169979365e-06,0.0003015282563865185,0.00023261837720417455,7.627058275249538e-05,0.00010513095185160637,1.6527766331627183e-05,3.236199929493728e-05,8.150935173034668e-06,0.0005832181386453764,0.0005216561695796998,0.00010869023390114307,0.0001041904704670027,0.0003400097765585211,0.00039432942867279053,0.0006873785066856541,0.0005159058563130904,0.00020957179367542267
1481,7.54784565685368e-05,0.0001622378108075452,0.00019559264183044434,0.00048634298610197857,0.00019985407882265604,8.895201608538628e-05,3.2218600411852705e-06,1.8120695031870703e-05,1.5694648027420044e-05,0.00031446486923222133,0.00034332376640902607,0.0003389483317732811,7.209136984205611e-05,0.0004474265714144894,0.0005098474211990833,0.0004184229863570532,0.00024370063914356654,0.00018813926726579666
1482,0.0003400240396040505,0.0001435319716904561,0.000387595035135746,0.00012893553613775588,0.0001573618973092529,0.00029353005811572075,1.1069979289051596e-05,3.537695768832485e-06,3.166496753692627e-05,0.0006079563971125371,0.00023314042781670194,0.0002711489796638489,0.00013880396585802535,0.00017974972421008761,0.00041498197242617607,7.611504960797211e-05,7.673064629097354e-05,0.0003086477518081665
1483,0.00020597555725476724,0.00017606808410149458,0.00015621306374669075,0.00017404576891809354,0.00018799305475212733,4.796544089913368e-05,1.8876209838326538e-05,4.1785074640429275e-06,8.359551429748535e-06,0.00013866161093256668,9.480091569078614e-05,0.00016417121514678001,0.00017058225374878833,0.0003470613979951534,7.537193596363068e-06,0.00019869672440096797,8.869097163272197e-05,4.6698376536369324e-05
1484,0.0002674045712110634,8.166035306625755e-05,8.489890024065971e-05,2.6526476351040884e-06,0.00013707320103450993,9.309966117143631e-06,3.565739814207977e-05,2.756247844403918e-05,1.9490718841552734e-05,5.8986512694911286e-05,0.00032876468735968875,6.369338370859623e-05,8.799423381460059e-05,0.00043901787413096194,0.0001979609951376915,0.00011007475175389692,0.00038457586067093454,0.00025943759828805923
1485,3.5563709626262874e-05,0.0001317048509093706,0.00016895215958356857,0.00017732792906557937,7.216379193364028e-05,5.830544978380203e-06,4.017486892986255e-08,1.931928425702445e-05,2.547726035118103e-05,9.022511095960195e-05,0.0003350122774076654,0.00024870107881724834,2.829648464798551e-05,0.0003595530978320535,0.0004631173796951771,0.00013680559512611878,0.0002954388674425625,0.0003237565979361534
1486,7.963519748810377e-05,5.9927386553595974e-05,0.00033006444573402405,2.262279387223176e-05,3.5604806992346055e-05,0.00022836355492472649,2.7000176166134746e-05,6.126013716854924e-06,2.3420900106430054e-05,0.0003885618937364485,0.00036044965185303215,3.108964301645756e-05,0.00013165695299638402,0.00034804502939598386,0.00016026105731725693,0.0009088855979441646,6.800364464156199e-05,0.00017160456627607346
1487,6.835202895541515e-05,0.00016229297354205044,0.00029981089755892754,5.3605990904606604e-05,7.09571628515343e-05,0.000292342621833086,3.687170163489337e-05,9.730633843013073e-06,2.3189932107925415e-05,0.00036362592808216604,4.193953537404843e-05,0.00019250321201980114,0.0004184966148820385,6.34386280962719e-05,0.0001949644647538662,0.0012656191816070306,0.00010892538892358708,6.919261068105698e-05
1488,0.0004921087210344177,6.76470345444026e-05,8.004670962691307e-05,0.0007827987050392504,4.0089164744711026e-05,0.00013224920257925987,4.535268209471949e-07,2.8126381316954095e-05,4.1350722312927246e-07,0.00047199246112822335,0.0005317359060977092,0.000246596522629261,9.553034278859951e-05,0.0003897777605915524,0.00031083496287465096,0.0001286289940585078,0.0003651151756025872,0.00018060021102428436
1489,0.00011313481255643965,1.166982218821222e-05,0.00017546908929944038,0.000211845007484196,0.00010297873102870989,5.8199744671583176e-05,3.4774763327506675e-05,1.4961192839998494e-05,6.690621376037598e-06,0.0003933993547306919,0.00031306504990162576,6.847712211310863e-05,0.0002740780049081959,0.0002566335267199481,0.000218105036765337,0.00010873746262608786,0.00021504507037856807,8.686818182468414e-05
1490,0.00011845341685205735,0.0001390177670950142,0.0001011434942483902,0.0004094091730852262,0.00010871063118966101,3.712670877575874e-05,7.342534332564765e-06,2.5752250332281576e-05,1.7292797565460205e-05,6.338926856735289e-05,0.0005563892965260962,0.0002315265592187643,7.201236366015384e-05,0.0004594760519069756,0.0004155668430030346,0.00023944785692517345,0.00045170537698689586,0.00038469117134809494
1491,0.00018149192859158447,3.0819234057084116e-05,7.209647446870804e-05,0.00016073164028553022,2.515576712102882e-05,8.960766717791557e-05,4.649293844822232e-05,1.419696499718444e-05,5.971640348434448e-06,6.0869178173335314e-05,0.00011303377145068655,0.00022637052461504936,0.00012472860888920745,0.00023641642172804803,0.00020062969997525215,0.0004984753239929834,0.00018631262793989203,2.114754170179367e-05
1492,8.308387825878283e-05,0.00019198416763365617,7.839547470211983e-05,0.00020804756032910543,8.055947776259426e-05,5.235942080616951e-05,1.3803932557870935e-05,8.56738972149668e-06,8.452683687210083e-06,0.00035828816209143577,0.00013770346784835324,0.0002581770531833172,0.00025338836368918316,1.649008661878601e-05,0.0002569309435784817,0.00015395982190287427,9.67841253218249e-05,1.6301870346069336e-05
1493,2.6461418802622982e-05,2.6871792398151795e-05,1.0126270353794098e-05,3.8771233821593976e-05,1.6561784384454964e-05,1.981295645236969e-05,1.4197969935850902e-05,3.201118795294767e-06,1.1693686246871948e-05,0.00014958168076730644,0.0001882467369252079,4.2710453271865845e-06,0.00014419046118333,0.00023439259730324846,5.99883496761322e-05,3.088173832382912e-05,1.99670665666056e-05,5.103740841150284e-05
1494,0.00012801962425609825,0.00013635403867285484,7.151905447244644e-05,0.00011908982310496197,9.536022840938435e-06,8.550938218832016e-06,9.356704797106388e-06,2.3852678330233714e-05,1.0095536708831787e-06,4.9446814865877764e-05,0.00017350828691116427,0.0001196546945720911,6.883853588024458e-05,0.00014659163053576396,3.5653356462717056e-05,0.0002928564673681938,0.0003779231505205028,9.550992399454117e-05
1495,0.00023820558950847504,0.00025085495881186845,0.00013512233272194862,4.8565000729763885e-05,4.544953547384531e-05,8.901068940758705e-05,1.249166479735421e-05,3.824694412692315e-06,1.0363757610321045e-05,0.00011539055047754543,0.00012539818753302262,0.0001171361654996872,0.00024496725138274666,5.471682926412938e-05,5.47175295650959e-05,9.440478801968355e-05,8.301304486833371e-05,0.0001328280195593834
1496,0.0004844493749659867,0.0003264472472328424,0.0001447182148694992,0.00020902419158323748,1.727542935490642e-05,0.00024101417511701584,2.2675404991210485e-05,2.053624042369851e-05,9.510666131973267e-06,1.475268028426624e-06,0.00018050315849846288,8.396990597248077e-05,3.993101698113177e-05,0.00011069796942148741,4.995148628950119e-05,0.0001915882871709046,0.00028632079776637256,7.921271026134491e-05
1497,2.1475790704147957e-05,2.4493445721814056e-06,0.00013014068827033043,9.439362652630123e-05,5.9385091246495075e-05,3.602541983127594e-05,3.922680475106424e-05,1.981841469023886e-05,6.191432476043701e-06,6.433658664547343e-05,0.0001828993403602784,7.842900231480598e-05,3.034789179626185e-05,0.00033422098865650354,5.054520443081856e-05,0.0003524137628666685,0.00031607752067830223,0.0002010110765695572
1498,4.720873676258841e-05,8.606721656579525e-05,1.857103779911995e-05,0.00013711832013174607,7.846550175655623e-05,1.1372845619916916e-05,2.172021118602291e-05,2.241916063195021e-05,2.3618340492248535e-06,0.00023519619671354824,0.0003180506142432711,0.00018486217595636845,0.00011948321588414745,9.181106904024294e-05,0.00023609306663274765,0.00041817007408098683,0.000324409815646208,0.00013240426778793335
1499,5.95333338002102e-06,0.00016974570616672124,0.00020470889285206795,0.00017342004207980544,4.936763834302929e-05,0.00020791077986359596,8.079991774778e-06,1.1602404632373982e-05,1.9203871488571167e-05,0.0002513059020202782,0.00015200198741014553,0.0002880317624658346,0.0002700900993064109,0.00013904259259987783,0.00026859575882554054,0.00022501716807644956,0.00019529741975895729,0.00017762836068868637
1500,4.476555855735531e-05,3.959112806550119e-06,9.386707097291946e-05,7.179810575770607e-05,9.18388126058163e-05,0.00010411953553557396,7.2017472917199066e-06,8.96478600589945e-08,4.421919584274292e-06,0.0001885091464747385,0.00033805881471583865,7.735798135399818e-05,4.714898846480686e-05,6.833019012934122e-05,8.899113163352013e-05,0.00026302319162122,3.67553513416748e-05,4.825834184885025e-05
1501,0.0001692885918962994,5.328502233427693e-05,0.00027665169909596443,0.00018838770885942768,1.8871296723226016e-05,0.00038370396941900253,4.1263546822985914e-05,1.861470314040557e-05,2.604350447654724e-05,0.0003106662917280109,0.00042244965054712494,0.0003045974299311638,5.570951276756553e-05,0.0003567432131372783,0.00015843519940972328,0.00022732566283108213,0.0003025247725252922,0.00018384680151939392
1502,0.00016947138295640707,0.00011455871111677729,0.0002654599957168102,9.514623272074973e-06,1.6781393095844505e-05,0.0002085636369884014,3.325572168313452e-05,2.285830217707498e-06,6.590038537979126e-06,0.00019804938883078577,0.00011461973589843924,0.00015874463133513927,5.665484268946308e-06,0.00013948982519753836,0.00010265130549669266,0.0007744667626144591,4.4954388507449997e-05,0.00011375267058610916
1503,0.0001570926761875202,7.621078003126544e-05,1.3674609363079071e-05,0.0005315714190426007,1.5976058932578446e-05,0.00013386085629463196,7.248722401155885e-06,1.136661062157274e-05,1.9475817680358887e-05,0.000138428193473622,5.4813466921037335e-05,0.00032689538784325123,0.0002950160409296576,4.2762096303911035e-05,0.00013573141768574715,0.0005120966124521203,0.0001893326094726767,0.000366981141269207
1504,0.0004245859130713181,0.0001298862774314173,8.27382318675518e-05,0.0006006384437142881,0.00011870210989779056,0.0001997062936425209,4.783702592108842e-05,7.876158507484675e-06,1.3764947652816772e-05,0.0006387507326526404,0.00026655927630172063,0.00012844265438616276,0.0005624132224034267,0.00010965529019246398,3.837700933218002e-05,0.0002646175413412166,0.00012142753711136788,9.830202907323837e-05
1505,0.00011919223864988171,8.491117141447638e-05,0.0001271786168217659,0.00019794493650353295,7.108989894365203e-05,0.00017998181283473969,8.233983438463502e-05,1.0065289395199122e-05,1.973286271095276e-05,0.00014403802594131765,0.00021423868456476106,0.00013483501970767975,0.00012516852612028118,0.0001833559532389388,2.5589484721422195e-05,0.0003301930309481116,0.00015663207295269974,0.00039747077971696854
1506,0.00015107218204349349,6.806485830562758e-05,4.93084080517292e-05,1.4637120319599406e-05,3.3327239759160104e-05,0.0001012817956507206,5.961198254144512e-06,2.4244750032609026e-06,2.43261456489563e-06,0.00011291646072483091,0.00029475738692211206,0.00010007573291659355,0.0002868009932929516,0.00017040109693682373,1.88569538295269e-05,0.0002953218473301378,7.79373508745301e-05,3.795605152845383e-05
1507,0.00033333800522077073,5.331204059837863e-05,0.00012205634266138077,0.00012076444389627627,1.8882582995975727e-05,1.2482516467571259e-05,4.0910085529184334e-05,2.2989526530923902e-05,1.5236437320709229e-06,0.00018241339416654595,0.00037450525003591625,0.00023424974642693996,0.00019793115132205052,0.0002462379155345057,9.65949147939682e-05,0.00036655462937590366,0.0002999211787603146,5.27799129486084e-05
1508,0.00020747423992072134,9.743283574839556e-05,9.110849350690842e-05,0.0001544332561954076,5.462512357999605e-05,8.889613673090935e-05,3.5448989320514823e-07,3.085513128366936e-05,6.020069122314453e-06,0.00021164208592868577,0.0007385172214405614,0.0003359478432685137,0.00018725800707532214,0.00030906840340255703,0.00010277517139911652,0.00020749951420201418,0.0004975795367938608,0.00029992591589689255
1509,0.00046777236357724294,2.7739887707108057e-05,0.00012133084237575531,0.00026637193175307883,8.841851023419847e-05,4.784995689988136e-05,2.1945729171569256e-06,1.914862037556643e-05,6.552785634994507e-06,0.00015975528002516032,0.00038278129773549815,0.00010464154183864594,0.00038329371385702193,0.000452928464106047,9.834766387939453e-07,0.00019903676602239795,0.00032670632883882895,0.00011704117059707642
1510,0.000359705124590437,3.316916551527119e-05,0.00022279378026723862,0.00014063922197420087,5.069407852384758e-05,0.00015905126929283142,5.9917262284873984e-06,2.5302973347523182e-05,1.1991709470748901e-05,4.976377337090332e-05,0.00010140455036945772,7.627997547388077e-06,0.00015517598402615962,0.0004951360663455993,0.00010080449283123016,0.00041768024810970306,0.00041477778168595367,8.280854672193527e-05
1511,0.00015661421482822402,3.090789800153093e-06,3.711646422743797e-05,0.00011523767452752132,2.5456299198076127e-05,3.336882218718529e-05,6.881789960869536e-06,2.5286927156254726e-05,2.8014183044433594e-06,0.00022122405047571986,0.0002096910894296873,0.00017322017811238766,4.8394115417654815e-06,0.0004394247955576483,0.00025602709501981735,0.0008997199371811038,0.00039752990977675977,0.00016596820205450058
1512,3.6877861395473444e-05,5.2896919623804384e-05,3.136228770017624e-05,4.846029221383663e-05,3.710047503184544e-05,0.00013503478839993477,1.8923385527953862e-05,1.804479306338156e-05,6.899237632751465e-06,0.0005476415878541349,0.00013978312835051868,0.00014079012908041477,0.0003682815429659758,0.0005125917589011535,0.0002806317061185837,0.0005442250826479533,0.00018589465573466604,0.00027540605515241623
1513,0.00028535528400135124,0.0001709753780991946,3.0848197638988495e-05,4.8041986231678324e-05,2.3235157537569717e-05,0.0001493869349360466,1.199945894703354e-05,3.863941843400016e-05,2.5331974029541016e-06,0.0004985258903552753,0.00019579039021262734,5.0335656851530075e-06,0.00032074562944933716,0.0008650751073959045,0.00024137739092111588,0.00031890392100730747,0.0005539839855128589,0.00012096203863620758
1514,0.00016944330267155971,0.00013152428006407355,6.418256089091301e-05,0.00014299530423651785,1.0335008118794037e-05,7.451605051755905e-05,2.962350323441193e-05,2.1240229283231026e-05,8.109956979751587e-06,0.0002532755729376182,9.82611040684471e-05,0.00010642432607710361,7.219469165334336e-05,0.0007886710650475658,0.00028462382033467293,0.00029671256031207904,0.0002924253771369265,4.0792860090732574e-05
1515,0.00043184011517168053,6.488849944638955e-05,4.5478809624910355e-05,0.0002488990317227324,4.919458100674859e-05,5.7567842304706573e-05,9.542874760069472e-06,7.446474946682063e-06,1.7695128917694092e-06,0.00022028608084754403,0.00029793025052891886,0.00010138656944036484,0.00025150210822652563,0.0003161932583967478,7.718103006482124e-05,0.0004179881929395335,0.00017080737192469962,0.00013734959065914154
1516,0.00028690708825042377,0.00010260816202006459,0.0001349411904811859,0.0005036362623380697,2.726095460880984e-05,6.572669371962547e-05,1.1408743675066918e-05,2.327247367452963e-05,1.3519078493118286e-05,0.0005786212306836402,0.0003213260495356328,0.00014038337394595146,0.0006098861785831106,0.0004492860021739313,0.00022985367104411125,0.00021263892941661422,0.000296151166204673,0.0001627085730433464
1517,0.0003219782162208751,1.3250366850060119e-05,0.0002603130415081978,0.0003071923365911,4.563738445723109e-05,0.0003106268122792244,6.133734152837661e-06,1.1834415831981054e-05,2.639368176460266e-05,0.0002975976665581387,2.220068596040306e-05,0.0001955549232661724,0.0003334912527080264,0.0001605981233676161,0.00011962000280618668,0.00011117424825554667,0.00021546014187163402,0.00028801988810300827
1518,6.0537170115795846e-05,5.6659407262037165e-05,6.317999213933945e-05,6.474614164266035e-05,4.704255075514002e-05,1.5087425708770752e-06,2.0616031537605203e-05,7.324579232654855e-06,8.73953104019165e-06,7.926272396251849e-05,0.00020002112725817783,9.459489956498146e-05,0.0001060467741403337,2.741151373089959e-05,0.00018136762082576752,0.00014022201287428038,0.00013716293072913843,6.925873458385468e-05
1519,0.00013354595225974208,2.965851640213818e-05,0.0004979684017598629,7.428604709716624e-06,1.5059173130820003e-05,0.0004963045939803123,2.8148710811862904e-05,7.050596143631457e-06,3.668665885925293e-05,0.0002291060331675518,0.0003204204600824184,0.00011891662143170834,0.00033442529792361564,9.526054422604596e-05,0.00011076033115386963,0.0010027778188468617,0.0002017731272936198,0.0003840038552880287
1520,0.0003868445902626,2.4456365800867852e-05,0.00017530284821987152,0.0007214378372041724,3.674732256428448e-05,0.0002980944700539112,8.316466862870811e-06,3.246427868436742e-06,1.8231570720672607e-05,0.00027174933528427425,0.00037276515839130414,0.0002450798638164997,0.00032211565828930977,0.00025309889282496,8.106231689453125e-05,0.00012194606592695612,7.974039585693926e-05,0.0002567395567893982
1521,0.00021719460449180772,2.669434318850958e-05,2.961559221148491e-05,0.00038318640295038897,7.20268646468257e-05,0.0001449338160455227,1.6880720968849225e-05,5.5621602409208185e-06,5.595386028289795e-06,0.00034630125595151023,0.000298886617317317,0.00012020091526210308,8.275539270617693e-05,0.00014776160110033937,2.6701483875513077e-05,0.0003222044494745474,4.58134968166074e-05,0.00012580864131450653
1522,0.000632159688012987,1.0543673385678826e-05,0.00017803115770220757,0.00031046893749357707,0.00011388248312057397,0.0002542957663536072,1.5328194897476846e-05,2.5994073790008875e-05,3.207474946975708e-06,0.0005150544088512454,0.00046669670278867356,0.00016152323223650455,0.0003324680791573359,0.00027027256278145187,0.00025394558906555176,0.00034659487602352324,0.0004094924265206001,0.00013011600822210312
1523,0.00033219647183936607,0.00013455012299223162,0.00012335879728198051,0.0004602984124214976,5.4529111800039054e-05,6.811367347836494e-05,4.777836134112548e-06,3.2668989131136284e-06,2.057105302810669e-05,0.000558713999298785,0.00035580538326954875,0.0002395703922957182,0.0003705554026879332,0.0002928505633110201,0.00029916130006313324,0.0001378701100979568,6.619919217509124e-05,5.380809307098389e-05
1524,0.0004743322297491859,0.00017472712940857713,7.469207048416138e-05,7.555528681445212e-05,0.0002032234435332854,4.528649151325226e-05,1.1425624767212594e-05,8.698428468791172e-07,1.413002610206604e-05,0.00038811299253763143,0.0005389044805247621,0.00023053400218486786,0.00012105181151296496,1.3483586164233369e-05,0.0002678781747817993,0.0001614471159340075,5.5673545777793626e-05,0.00021823961287736893
1525,7.811304161980948e-05,3.374528970572985e-05,0.00014281412586569786,0.00027688196270063414,9.337759767562293e-05,0.00012189941480755806,5.175146056916186e-07,2.2558775756937525e-06,5.435198545455933e-06,2.1613046233104338e-05,0.00025760246716452495,1.0773306712508202e-05,3.163526708299669e-05,1.3450863301865679e-05,9.158160537481308e-06,0.00029867186251140987,5.6986862774006074e-05,5.545374006032944e-05
1526,6.986694217198108e-05,3.303696081931318e-05,0.00018013780936598778,0.0004259604827374919,3.5567024982498946e-05,4.221359267830849e-05,2.6974287924707435e-05,1.5679184721263347e-05,2.0675361156463623e-06,0.00038090238121918363,1.350994290594612e-05,0.0001367516815662384,0.0002560238300609724,0.00033941921151704746,2.259761095046997e-05,0.00017390150474135002,0.00031134630364869353,0.00013488903641700745
1527,0.00037733649575154293,3.6298683968493534e-05,3.9208680391311646e-07,0.000457169224319931,2.3785656645479436e-05,7.591815665364265e-05,2.120885630764631e-05,1.907005746180885e-05,6.251037120819092e-06,0.0006312002464502336,0.00020435793273288275,3.5111792385578156e-05,0.000431406206943194,3.3076443224588914e-05,0.00010783551260828972,0.0009191765615568642,0.00029515891117008405,9.87127423286438e-05
1528,2.094893614265625e-05,4.679932022012487e-05,1.3010576367378235e-06,0.00018554585223964914,5.2898930987952536e-05,3.211433067917824e-05,1.6069983425584522e-05,8.181300439504338e-06,6.232410669326782e-06,6.314720842051647e-05,0.00019772594144316577,4.7869980335235596e-06,0.000104191817236296,0.00019976126161041705,3.323191776871681e-05,0.00022628950092307143,0.00014209013330220878,0.00016419030725955963
1529,0.00016432011254924328,4.631699326614058e-05,0.0003665373660624027,9.666925900846113e-05,6.87438145560576e-05,0.00037470879033207893,4.086252396185916e-06,4.029899163505979e-06,2.203509211540222e-05,2.7131011054330745e-05,0.00011942349148542572,2.145068719983101e-05,0.00013199117861251164,6.917027697675437e-05,2.986472100019455e-05,0.0006371231742046957,0.00014076816284528618,0.00030254945158958435
1530,8.9353548949761e-06,4.459054866012141e-05,0.0001253373920917511,0.0001062487872149076,1.2239563876741133e-05,0.0001481771469116211,2.8929727887410522e-06,5.127536164602686e-06,1.564621925354004e-06,0.00016498586137853738,0.0001600061879827759,0.0001165410503745079,0.0002439915518020752,0.00022846823212798947,0.00015518255531787872,0.0006541873620868055,6.393031951318958e-05,0.00018360372632741928
1531,7.684121938772437e-06,3.016400058367813e-05,9.987689554691315e-05,4.8745732560084853e-05,9.890944284071321e-05,7.833307608962059e-05,1.2475556992689457e-05,4.214445545696797e-06,1.225993037223816e-05,0.00011572743050753537,0.00036246355931621524,0.00026120664551854134,0.0003688785628333108,7.472146739662816e-05,0.00023285998031497002,0.0004249409916173563,9.33835312379944e-05,0.00016342848539352417
1532,0.0001206840111956653,1.7112326698917601e-06,0.00020181620493531227,4.3000615378152585e-05,7.749787068029104e-05,0.0001893392764031887,2.9434093911314546e-05,6.9778571883100495e-06,2.086162567138672e-07,0.00020983120647184716,0.0001883284784218696,0.0001279518473893404,0.00024683115782846154,0.00019007432404629168,0.0001172507181763649,6.879597329068066e-05,0.00012351914853293323,1.7974525690078735e-05
1533,0.00016639290804430773,6.198582227472105e-05,0.00010168459266424179,0.00011277919679733572,2.1766722649328718e-05,0.0001520104706287384,1.5835813030020546e-05,1.3768916159342015e-05,1.7173588275909424e-06,0.00023133546459114945,2.399022460974204e-05,7.962598465383053e-05,0.00021144641986296786,0.0001777071426625615,0.00013337144628167152,0.0002377864626354198,0.0001538916358967881,0.0002582734450697899
1534,0.00019396508799668366,1.4340955157239599e-05,6.384449079632759e-05,0.00020941355760717428,1.7389253457556625e-05,7.564760744571686e-05,2.7650010414645432e-05,1.855737701699704e-05,7.361173629760742e-06,0.00047036070279475595,6.00112127582611e-05,0.00010502664372324944,0.0002802924621119057,0.00020698482328619996,9.842775762081146e-05,0.0006025001887146053,0.0002909780840892884,0.0004903404042124748
1535,0.0003094737518394841,9.658557839849896e-06,6.724148988723755e-07,0.0002661020836953881,4.5424629609110145e-05,5.3194351494312286e-05,2.3390357118971417e-05,3.04968824892481e-05,2.7008354663848877e-05,0.0005047527840913307,0.0003249584983025314,0.00026765046641230583,0.0002755588229115674,0.0005385520391665635,0.0001718667335808277,0.0005356259147079601,0.000405501473086981,0.0006475746631622314
1536,0.00022356516184991737,4.203231360588866e-05,0.00010459357872605324,0.00032645441560708033,0.00010169311592033922,1.601874828338623e-06,1.4285229713164455e-05,3.811640330935763e-05,2.1420419216156006e-06,0.0004987888538721744,0.0002486858223328878,7.207621820271015e-05,0.0003889904814139977,0.0005999564666735319,7.160892710089684e-05,0.00017785414476115258,0.0005221874834185486,0.00028503406792879105
1537,6.61651364241983e-05,5.9169055277301374e-05,0.00017837854102253914,8.915991779073762e-05,0.00011536441304179149,6.466638296842575e-05,1.725276826128677e-05,2.7934875117850873e-05,1.1920928955078125e-06,0.0003470242640396942,0.0002426416382102954,0.00013285852037370205,0.00033078969801610125,0.0005512817346629735,1.5792902559041977e-05,1.488397364346472e-05,0.0004138718167126035,0.0002921661362051964
1538,0.00012116732687446341,7.139917207237348e-05,0.00015296787023544312,5.015548856750207e-05,4.434145106945939e-05,3.784196451306343e-05,1.7465835102316654e-05,3.393979805022175e-05,3.5390257835388184e-06,0.00011031991268196234,0.0004820688148302575,0.0001917099580168724,4.982020937656373e-05,0.0005638078723921511,2.3449305444955826e-05,8.288905574416194e-07,0.0005161406930589921,5.749613046646118e-05
1539,0.00011258894185567359,3.22783931698406e-05,3.909692168235779e-05,0.00024024302523929786,2.7962670787237687e-05,5.629193037748337e-05,5.2240420194096804e-05,1.98544926478982e-05,4.135072231292725e-06,5.7597686900071055e-05,0.00021154740158057725,4.423107020556927e-05,0.00032072072526664885,0.00034629969890288825,8.538039401173592e-05,0.0007748889525809877,0.0002992646652254776,0.00019974075257778168
1540,0.00033693010101766563,0.0002598721764759983,0.00022248458117246628,0.0005706030143286106,0.00011709881527535021,0.00018289824947714806,3.083113030679513e-06,1.4023951837990043e-05,1.4625489711761475e-05,0.0010928990273663397,0.00010781530974939349,4.258030094206333e-05,0.001298299713542006,0.0005024658412155387,0.00011476688086986542,0.0008444708785872168,0.000189651389046047,0.0003421381115913391
1541,0.00019474441568377576,9.278796510216528e-05,0.00011280737817287445,0.00020861967824645222,2.0327830995963553e-05,2.8324313461780548e-05,1.1069151179784673e-05,1.9155074167546645e-05,9.659677743911743e-06,0.00019125496247707208,0.00031966402504786037,6.900983862578869e-05,2.421109612342487e-05,0.0001379758429217448,0.00010900944471359253,0.00011500382995427438,0.00027531349386046393,3.891345113515854e-05
1542,4.252794214462674e-05,0.00014225095443709881,6.948178634047508e-05,0.00017238536017952222,6.461496123917262e-05,8.029025048017502e-05,1.656245332407394e-05,9.082923868671878e-06,4.857778549194336e-06,0.0002933655062454521,0.0002213598300006385,9.208964183926582e-05,0.00016655668994171313,7.924977727068877e-06,9.615905582904816e-05,0.0001880106542880705,0.00016304649560371,0.00029627326875925064
1543,0.00022722554804105455,0.00012435185470997812,7.151346653699875e-05,0.00023740235838327906,4.2295733368311744e-05,1.658312976360321e-05,7.264425859207155e-06,8.271007484172098e-06,6.686896085739136e-06,0.00025686993156691373,0.00015402556469515036,0.00014770496636629105,0.00025052069133572885,0.0002191786413681604,8.13119113445282e-05,0.0002432456264359062,0.00015487419130439176,0.0002502100542187691
1544,0.0004207805179624047,7.684220426358579e-05,0.00010869838297367096,0.000267090312742288,1.9002957300340295e-05,0.00011979136615991592,3.1074615238706194e-05,4.833167097494085e-06,1.2394040822982788e-05,0.00035213977216907305,9.204962259909064e-05,6.397999823093414e-05,0.00021190147018547434,2.8638309988764793e-05,4.658801481127739e-05,6.905568042241128e-05,0.00011097630173879935,0.00018484331667423248
1545,0.00034687990651310896,8.219392459129365e-05,7.526576519012451e-05,0.00019212734135289067,0.00011331269006567904,0.0001110411249101162,5.377622233609242e-06,1.3284737322380468e-06,7.4319541454315186e-06,0.00013002052889703186,0.00021228282138512425,0.00012670038267970085,0.0001120959448900477,0.0001605585086500369,8.394848555326462e-05,0.0004022707700848255,2.9173707437399853e-05,6.11310824751854e-05
1546,0.0002582815001062888,1.0551098134949088e-05,6.416719406843185e-05,0.00017472735639946502,7.77422823772557e-05,0.00011407257989048958,1.4057911551117186e-05,2.7543184291760445e-05,3.7103891372680664e-06,0.0005230789871161282,0.00031458947981445953,7.224502041935921e-06,0.00031308836205309887,0.0002845897828936822,8.598389104008675e-05,0.00037538794472970205,0.00033010215015281084,0.00032268837094306946
1547,0.0002969755756272868,4.812598671304763e-05,5.1804352551698685e-05,0.0003598692851833063,3.2730983321981044e-06,6.143888458609581e-05,2.3998333556375998e-05,9.231921081101914e-06,1.1213123798370361e-06,0.00046886837740039294,2.6628689636178787e-05,1.6155187040567398e-05,0.0005104461224866574,0.0002536652618272753,3.280537202954292e-05,0.00041542900480513734,0.00010926036183718513,0.0003350302577018738
1548,0.0003278891910363929,6.817132479429444e-05,0.000109152402728796,0.00038198769578713654,8.900987724540232e-06,0.00019021285697817802,1.7167117309131383e-05,1.013145100403482e-05,1.1481344699859619e-05,0.0008722922372151193,0.00019242366537437425,0.0001672748476266861,0.000682659341837713,0.00025929162871767,0.0001116613857448101,0.00013338668924747776,0.00014832636536181703,2.413615584373474e-05
1549,0.00019822136267555468,0.00010091591231848815,0.00018113898113369942,0.00024023752522123187,6.6781387141785775e-06,9.746430441737175e-05,3.5793786519085213e-06,4.3695160224453884e-05,1.0866671800613403e-05,0.0008140121862429336,0.000850869285465055,1.586531288921833e-05,0.0003905746815400929,0.0005686860297379644,0.00014876900240778923,0.0001852138313667151,0.0006412316935077598,2.5367364287376404e-05
1550,0.00026750310016095125,8.764288885237254e-05,0.0002276129089295864,0.00012105349845033253,3.70639830327979e-05,9.133107960224152e-05,1.626693502820506e-06,3.300428942496056e-05,6.448477506637573e-06,0.000513677207423624,0.0003555946544123653,4.564295522868633e-05,0.0005520370918968842,0.000631306120933206,0.00011028675362467766,0.0006635213828938141,0.0004553008569459912,0.00024025887250900269
1551,0.0003357539359272188,5.352275923717342e-05,0.0001563490368425846,0.0004288766288104706,0.00021529337823549335,0.00012857187539339066,6.620673586083328e-06,1.3348796304845896e-05,2.034008502960205e-06,0.0008488566672484252,0.0003253523521018209,4.166271537542343e-06,0.0008951000032508261,0.00042264548005210845,2.521602436900139e-05,0.0003452176226323711,0.00011479125033627899,0.000559389591217041
1552,0.0001389816302950625,8.490703526826959e-05,0.00018905242905020714,0.00027707026376284916,0.00018006752754455221,0.0002958928234875202,2.445059026820115e-05,6.701317497050422e-06,1.4990568161010742e-05,0.00035246649558252907,0.00020448785206994557,2.028164453804493e-05,0.0005708744153399004,4.902543450011759e-05,0.00017470447346568108,0.0002061504887005683,0.00014436756165733203,0.0003636525943875313
1553,0.0002928900897979231,3.5532879127192496e-05,5.318503826856613e-05,1.975170754545119e-05,4.9469820627999483e-05,0.00022595515474677086,1.1877490207165206e-05,1.5334427497089417e-05,9.723007678985596e-06,5.710925052929139e-07,0.00015601304868813337,0.00013519707135856152,0.00020136196755565772,0.00011053194743707376,5.706166848540306e-05,0.0003845916079924516,0.00021200450144184032,2.9182061553001404e-05
1554,0.00021075524839328508,9.117654410084608e-06,3.430107608437538e-05,2.5205139914108443e-07,1.850572214556062e-05,1.3316050171852112e-05,4.0275089278399984e-05,7.181921484282906e-06,5.89713454246521e-06,3.703551563177809e-05,5.351437058549735e-06,4.7620153054594994e-05,4.6951717587631614e-05,5.446555324270172e-05,5.494710057973862e-05,0.0007131025078304098,0.00010659848287911371,0.00024884287267923355
1555,0.0001106104748185982,1.4526036703522982e-06,3.219256177544594e-05,0.0001214314763991059,3.165776880748386e-05,0.00010405806824564934,1.6796044607265276e-05,6.579601368144185e-06,1.975148916244507e-05,0.0005473575305012593,5.942137662820826e-05,0.00013023009523749352,0.00046474632845067143,0.00044077531497075176,0.00019646482542157173,0.00015315433945567447,4.908471125959334e-05,0.0005023740231990814
1556,6.772730912421587e-05,2.5194219308098675e-05,5.869287997484207e-05,0.00010856704933080719,0.00011696420287327439,4.565343260765076e-06,2.1639854432655217e-05,2.2272498482671854e-05,1.4044344425201416e-05,0.00021965267544142575,6.424940543918109e-05,0.0002290231641381979,0.00020643783790703918,0.00036109851682225927,0.00015031686052680016,0.00010749045423649739,0.0003233432349925751,0.0002666544169187546
1557,0.00014493044554629575,1.3290882551211802e-05,3.160769119858742e-05,0.00018414368598537734,7.881343714957051e-05,7.578404620289803e-05,6.097382938876836e-06,2.0595911954117787e-05,6.504356861114502e-06,5.0989243938190376e-05,8.908258216740184e-05,7.365178316831589e-05,0.00010999654045869278,0.00031792660562458483,3.610225394368172e-05,0.000361691204474171,0.0003666371648870254,0.00028587132692337036
1558,0.0001815907008602402,5.4691640003948216e-05,1.9710976630449295e-05,0.00010280048702428213,4.636730265025063e-05,6.945151835680008e-05,1.6111053110346926e-05,3.20918132145855e-05,1.3813376426696777e-05,0.00046032770244571614,0.00015381573149394687,0.00011921301484107971,0.00013392088098147792,0.0006496718038335146,3.343448042869568e-07,0.0005575325351048627,0.0004898787655688722,0.0006040260195732117
1559,2.7234421738270287e-05,0.00012840990666282762,9.070988744497299e-05,0.0001479276216593689,8.201245089842907e-05,0.00018260907381772995,1.1579826577455196e-05,2.50161250485885e-05,2.1375715732574463e-05,0.0006245038283946708,0.00016332797387228967,0.00027134292759001255,0.0002184883668327614,0.0004925806277306134,0.0001489780843257904,0.0002697184938936781,0.0003820205840194789,0.000743277370929718
1560,0.0002463896802978316,0.00011715812518263077,0.00010841898620128632,1.8970728759545863e-05,9.626488288824384e-05,0.00010272767394781113,1.0013146447036478e-05,1.8492135150280885e-06,1.5262514352798462e-05,0.0002531799429589393,7.324357558546185e-05,0.00016013416461646557,1.496860837432723e-05,0.0001837382897136447,0.0001686294563114643,0.00020935932873991647,4.032183852900606e-05,0.0004818746820092201
1561,0.00020761782963427122,9.069676090970105e-05,7.894821465015411e-06,0.0001651542685614793,3.054541673187111e-05,2.1968036890029907e-05,5.7280405377224675e-08,1.1826558663401284e-05,9.901821613311768e-06,0.00014399270125174668,0.0002091378436683243,0.00014267908409237862,0.00011341823428726028,0.0002161412745129987,0.00012367358431220055,0.00023175878311940123,9.897306825363324e-05,0.0002966076135635376
1562,0.00010601742877276721,3.2005436115950525e-07,1.3479497283697128e-05,0.0002721675974804022,1.0808084426223996e-06,3.7859659641981125e-05,4.3685936116710095e-05,1.5633244686928194e-05,1.0132789611816406e-05,0.00011500882635525483,0.0001855316609832812,9.893672540783882e-05,0.00012161820947556579,0.0002643112657629218,5.243578925728798e-05,2.7723455097550254e-05,0.00017106250433758345,0.00021400116384029388
1563,4.586908192291683e-05,1.7689998855e-05,7.083220407366753e-05,6.14589663804066e-05,8.329609622905604e-05,0.00015221629291772842,5.6176105075606e-06,4.4555661430634706e-06,7.178634405136108e-06,0.00016133180521556156,9.660487223198816e-05,6.763054989278316e-05,7.927601081653135e-05,0.00018557349639558227,0.00016974518075585365,0.00015027502723261033,9.852742033931213e-05,0.0001402469351887703
1564,0.00013989701139946464,2.7691420452242294e-05,6.378022953867912e-05,0.00016761069999185474,6.20970510915829e-05,0.00013751117512583733,4.5984401176066975e-05,9.383585638211497e-06,1.4632940292358398e-05,0.00011819683162435368,0.00038085698279687746,0.00017510983161628246,0.0002796308223251831,0.00021534490648412313,4.189135506749153e-05,0.0006572507056306909,0.00013955616556745286,0.0002684257924556732
1565,3.78933821409827e-05,8.567195300077102e-05,6.698165088891983e-05,0.00014266397823621546,8.785602206285575e-05,0.0002323170192539692,3.0769658982836984e-05,4.8803291551611345e-05,1.3034790754318237e-05,0.00039707324173092473,0.0005362682137270459,4.821806214749813e-05,2.7552246175122086e-05,0.0007253844545386454,0.00020345253869891167,0.0007973658580815446,0.0006844040455149334,0.0003117285668849945
1566,0.0002224695912480118,0.000281123245833903,5.9287529438734055e-05,0.00012662104418154074,0.00024017076916683922,0.0002353200688958168,4.2662261123380465e-05,7.520503326930621e-05,9.79006290435791e-06,0.0009656143423060135,0.0006438185028847035,0.00012637791223824024,0.0006028629124107537,0.001428043642096817,0.00027585355564951897,0.00033162936875366644,0.0011602346341015226,0.0006373059004545212
1567,3.432891427006257e-05,0.00019311801129859307,0.0001497664488852024,0.00010101358087970247,0.00013365798596276512,0.00013886112719774246,2.8715002463311143e-05,7.235632143969342e-05,7.0035457611083984e-06,0.000583443559253452,0.0008361081003913189,0.00019203871488571167,0.00026514671179665716,0.0012454251208697947,0.0001993994228541851,9.222224663041345e-06,0.0011715508800120306,0.0005966713652014732
1568,0.00078639069394007,3.109924388212948e-05,0.000414146576076746,0.00012364886235669004,4.532817780512552e-05,0.00019863015040755272,2.7551606310998594e-05,6.56108749540733e-05,2.2023916244506836e-05,0.0007172847131796736,0.0007440866463477823,0.00017912406474351883,0.0004259819225465311,0.0007394390464014605,9.563518688082695e-05,0.0001214031837975249,0.0011248100382415206,0.00032186321914196014
1569,0.001008634234207051,9.588636679669707e-05,0.0005967579782009125,0.00039623909914604516,0.0001418761295805225,0.00040073739364743233,1.784320459229452e-05,5.9000118965565505e-05,2.2679567337036133e-05,0.0012939493823931128,0.0005977537484630445,0.0003022549208253622,0.0007007139089232756,0.0008250632552651467,3.9602164179086685e-05,0.0005502950382988286,0.0010659824777060744,0.0006210347637534142
1570,0.00045663281896453356,8.456534241086874e-05,0.0003643091768026352,0.00010868170222197437,0.00017508599032162522,0.00026108091697096825,4.576652478962412e-05,2.2073954532382284e-05,1.0672956705093384e-05,0.0005505482223643679,0.0003308739943843446,0.00016165967099368572,0.00020791059890978847,0.000347805017755852,2.0118430256843567e-05,0.0003354372710488579,0.0005225356580765648,0.0006477441638708115
1571,0.00020823650352895517,7.128653276815972e-05,0.00035776617005467415,8.940067075476066e-05,4.8208753909359525e-05,0.0002629198133945465,2.4500869517055796e-06,6.792804019744973e-06,4.5299530029296875e-06,0.00017619228436833306,4.9655920565810224e-05,0.00027860794216394424,0.00023421966175349307,0.00033485607399507886,0.00015688873827457428,5.540162764083867e-05,0.000151836400285427,0.00038807187229394913
1572,0.0002974409742511619,4.297457912144642e-05,0.0003609475679695606,7.42551034551564e-05,4.5803809862073747e-05,0.00037435488775372505,2.0092634837001744e-05,3.0963036730372224e-05,7.383525371551514e-06,0.00021578327494763128,0.00031763951548204397,2.7062371373176575e-05,3.5742668626465024e-05,0.0001969992665914605,5.171122029423714e-05,4.875447306088021e-05,0.0004977472578334367,0.00011246837675571442
1573,0.0002852075025720907,4.467600842279068e-05,0.00018873903900384903,0.00023142382042835863,2.153779848812834e-05,9.897910058498383e-05,2.1634437012677324e-05,2.1831398096423653e-05,1.125037670135498e-06,0.000311948983781625,0.0001791381770578429,8.109072223305702e-05,0.0005389956998388956,0.000590323308222486,4.167715087532997e-05,5.61649833990957e-05,0.00039305065698131813,0.0002701440826058388
1574,0.00031720664757431405,8.126426540595172e-06,0.00014349492266774178,6.327957214852242e-05,4.650445549902321e-05,0.00014869775623083115,2.983431518859339e-05,3.498782064685922e-05,1.3269484043121338e-05,8.287582620825074e-05,0.000557695555197444,0.00010864180512726307,7.399959758530583e-05,0.00013123135116521745,0.0001280144788324833,9.240740897920041e-06,0.000549265732711096,0.0004680473357439041
1575,0.00046270233235209957,4.661526325362014e-05,0.0004144306294620037,0.00041722985837575055,7.448877200271972e-05,0.00034186383709311485,2.3745104356490826e-05,3.0319002550526365e-05,2.4471431970596313e-05,0.0002151641169554977,0.00045312256506799264,9.714672341942787e-05,0.0005637777871898286,0.0004999683853543664,0.0001724734902381897,0.0003445234714631179,0.0005155224040221031,0.00017870496958494186
1576,0.00024235961599038125,0.00012677923753687606,0.0006129741668701172,0.0004059004756078316,0.00018180886826564893,0.000519047025591135,3.528537358211438e-05,1.317100177523e-05,1.8209218978881836e-05,0.00011376793516892914,0.0002660578481979009,0.00011987751349806786,0.0001219680743203555,0.0005266306385165523,4.471931606531143e-05,3.443343886491701e-05,0.00020296729392794803,0.0001398501917719841
1577,7.104536001802109e-05,0.00019446896514611206,0.00042231613770127296,0.00024339644131815552,0.00019358082717393574,0.0003194604068994522,1.0871428286016865e-05,1.5761569627542333e-05,4.4442713260650635e-06,0.00016013604699073591,0.0002525473587252393,0.00019492534920573235,4.51562742596473e-05,0.00038244699751316044,8.996669203042984e-05,0.0003303382007706773,0.00024151114808381498,0.00013923179358243942
1578,0.0001244134993780427,0.00014995417542663578,0.00018678326159715652,0.00023185868417091582,0.00010416709082323311,0.00013366388157010078,2.6680413440246728e-05,4.238556350417988e-06,9.413808584213257e-06,5.3553711210387045e-05,6.426973470814723e-05,0.000254280399531126,0.00011748679309588062,0.00016729302952588412,0.0002166382037103176,0.0001770686463639093,6.689433626137515e-05,0.00032851193100214005
1579,4.491618975938083e-05,1.105023315907741e-05,0.00014185020700097084,0.00011712550790445031,5.111212241672505e-05,9.576370939612389e-05,2.859263950848179e-07,1.6483328370593654e-05,1.0777264833450317e-05,0.0002848777830952928,5.065470118765028e-05,7.055513560771942e-05,0.00011479298915190173,1.1418524813178177e-08,0.0001346822828054428,6.808834885707604e-05,0.0002204145274183715,4.919618368148804e-05
1580,0.00040957649955961073,2.529090139968826e-05,0.00020026927813887596,0.00012996941168617882,0.00016327997135160213,5.437340587377548e-05,1.3721403246087088e-05,4.6729914364234304e-05,1.1604279279708862e-05,0.00034818270647859334,0.000621478619656099,8.873827755451202e-05,0.00020777674489981524,0.0004127501286731311,0.000234097708016634,0.00011052367401619134,0.0007389821739824552,0.00018131732940673828
1581,0.0004112439506454846,2.5171329586543e-05,0.0007004966028034687,8.511976246249053e-05,0.00010756917496553345,0.00041982298716902733,8.249765940706796e-06,4.475024788896378e-05,2.6971101760864258e-05,0.0004986348704939941,0.000710478730740597,0.00020860531367361546,0.0003548041208106395,0.0006805168094300082,0.00014505628496408463,0.0005342436184817001,0.0007392468188505913,8.165836334228516e-05
1582,0.0005493515353613143,4.430361157345755e-05,0.000810661818832159,0.00011584178660210831,8.417807851832451e-05,0.0005389368161559105,2.523000657317538e-05,4.8823412588937384e-05,2.4806708097457886e-05,0.0004380430325134077,0.0006865968859736914,0.0002265737857669592,0.00016872568603171212,0.0007477269183648154,0.00011745234951376915,0.00017689762375297513,0.0008584102793353001,0.00015272200107574463
1583,0.0006748257069544017,0.0001089887020925516,0.0002068774774670601,0.0001526790891131502,4.703397778194063e-07,4.44166362285614e-05,5.252378915189537e-05,5.775721868686671e-05,2.0600855350494385e-06,0.000670806888557883,0.0006299308961377169,0.00023180339485406876,0.000397623409596759,0.0008055513259935879,8.647330105304718e-07,0.00015652835368318296,0.0010394295087389049,0.0005815736949443817
1584,0.0010343359885164605,0.00015224277427346514,0.00020918156951665878,0.00034480393167070356,7.270831670578085e-05,9.66009683907032e-05,4.657590470805682e-05,4.828388318542479e-05,9.65222716331482e-06,0.001048844983232461,0.0005832743550612807,0.00022355583496391773,0.0007978526433499444,0.00045217621866861304,5.0170812755823135e-05,0.00032490468733448186,0.0009022232114274846,0.0006157355383038521
1585,0.000813578027688111,0.00013096874731645045,0.0006936951540410519,0.00052410882915567,3.277220620863386e-05,0.0006501530297100544,2.2807184942899225e-05,1.851395176527521e-05,4.564598202705383e-05,0.000367964437314669,0.00045864121706706146,9.05435299500823e-05,0.0004496870922939544,0.00036611179337137784,0.00014293938875198364,0.0006025571928136297,0.0003910969868089276,0.0002787988632917404
1586,1.560075047209175e-05,0.00032472171685259815,0.0019183307886123657,0.0005716810025814811,0.0005086757732257786,0.0019665700383484364,0.00016658478717233513,4.351854129832245e-05,6.1765313148498535e-06,0.000394878828105176,0.0006624150834688321,0.0006585001247003675,0.0002924694309404813,0.0010069548277218746,0.000752047635614872,0.00031039851209097025,0.0008557796340132075,0.0004590516909956932
1587,0.003613192229063783,0.00017850453302196978,0.00165956886485219,0.0037091116500390653,0.0013464216199707661,0.0017708148807287216,6.393531886444113e-05,2.1080697355324184e-05,0.00014130398631095886,0.0015148730832809446,0.00024303369140146053,0.0005471585318446159,0.002113321003154388,0.0011734817991208603,0.00036104489117860794,0.0018563207923441571,0.00023537301626891556,0.0019312221556901932
1588,0.0006953468564484672,0.0001976269317294395,0.00026245415210723877,0.0007849412993311267,0.0005032354074276761,0.0004137037321925163,4.856914271591552e-05,2.622011713743379e-05,4.7359615564346313e-05,0.00017468466888633655,0.00035911213850342225,0.0003764154389500618,0.0005119519140690879,0.00020133284089670495,0.00026056962087750435,0.00021176529479732809,0.00035235141057221933,0.0005038119852542877
1589,0.0001480852300478619,1.9683808263441793e-06,5.1585957407951355e-05,0.0001603734780623728,0.0002747575860636807,7.706508040428162e-05,1.0968254371784142e-05,3.544282280226014e-05,1.271069049835205e-05,0.00032640008337399967,0.00038082902593766094,0.00028685503639280796,0.00035099657399227657,0.00019818409851422858,0.0002768132835626602,2.8283640947299182e-05,0.00055073513418517,0.0004976596683263779
1590,0.000470732261130577,0.00041721441446320937,0.0001539234071969986,0.00010926094246704876,3.285571966490236e-06,1.133698970079422e-05,2.7388233450722013e-05,4.6055671016954e-05,8.046627044677734e-06,0.00028259658985260727,0.0004389310619204202,0.00036078854463994503,0.00035207601185999887,0.0005354513260384906,0.00013631395995616913,2.171227898718764e-05,0.0007413527339736421,0.00038315728306770325
1591,0.0007286365444056642,0.0001571778118597683,0.0008950931951403618,0.0007044450076973408,0.00035575677970520886,0.0009164675138890743,3.1657897610302965e-06,1.234598796466497e-05,1.5504658222198486e-05,0.00029202718369178426,0.00011071447891349007,0.00029039522632956505,0.0002903802823785995,0.00030742994483356004,0.00031825387850403786,0.00020321661097337518,0.0002015895271451542,0.00014447234570980072
1592,0.0009661535022994772,0.00026114561819399335,0.0006396546959877014,0.001204022179830705,0.0004387035716179981,0.0005344958044588566,0.0001113178366220699,1.7147567167940343e-05,4.492327570915222e-05,0.0006836984339990762,0.0003297372586710187,1.119263470172882e-05,0.0006939607747878038,5.4659354442751495e-05,9.405426681041718e-05,0.0014646003435850041,0.0002027261992805767,0.0008124709129333496
1593,0.0006386906321553115,0.0001464666276167828,0.0004908191040158272,0.0006867835639382674,0.00017220084035457148,0.000483484473079443,3.453743165067469e-05,2.3327816470450455e-05,2.576783299446106e-05,0.0003566982228769902,0.00010848467259625544,0.0003995879087597132,0.0002569642915922349,0.00022668504767813305,0.00031656771898269653,0.000787660760874484,0.0003728947615321545,0.0007333038374781609
1594,0.0003805930305576938,0.0001072396367537698,0.00019482802599668503,0.00010114626155220685,0.00011127794457184079,0.0002270038239657879,2.8494897777462183e-05,3.4894778713394055e-05,8.21426510810852e-06,0.0002908882076006758,0.0009310598976162085,0.0001407924573868513,0.0003872254241437806,0.0002249875014933532,0.00021545030176639557,0.0007960542774003987,0.0005878693160282725,1.7914921045303345e-05
1595,0.0007538213379095354,8.057518896801771e-05,0.0007205321453511715,0.0001916286629543157,6.676412351428601e-05,0.0005522724241018295,4.138769386232907e-05,4.2193479553095904e-05,3.388151526451111e-05,0.00045760399797718787,0.0007164509743976671,3.9943261072039604e-05,0.0003221401725003875,0.0007701671142909226,0.0002819513902068138,0.0004860492989759435,0.0007216439813188657,0.00030800141394138336
1596,0.00022658665051768223,0.0005131949814935963,6.271479651331902e-05,4.070252038085309e-05,3.480301673028721e-05,0.0002333708107471466,3.8618753084807e-05,3.1097659121233454e-05,8.594244718551636e-06,0.0004480877439455022,0.0007342695158472565,7.302965968847275e-06,0.0003145571250836171,0.00020393654105402628,0.00021262234076857567,0.00033787117485725715,0.00044955994909174485,0.00044300686568021774
1597,0.0002913277654940788,0.00010967558477786507,4.017166793346405e-05,0.0003837808201051368,3.1686321324719824e-05,4.152674227952957e-05,5.990389587923542e-06,4.0746685490739834e-05,4.209578037261963e-06,0.0001421777606734967,0.00021673436334587737,2.3005995899438858e-05,0.00021410007876548898,0.00044438365774168015,0.00015406496822834015,0.0004123655329212883,0.0006996660812823175,5.9567391872406006e-05
1598,0.0008211684094612121,9.45459171605538e-05,0.000632445327937603,0.0005455095056714071,0.00016985031898645447,0.0005253017880022526,4.391366614409434e-05,3.123769901123435e-05,6.508827209472656e-05,0.0005501218199871344,0.00040908044402990576,0.000599889550358057,0.00023203958146145176,0.000593862060890054,0.000692012719810009,0.00024264126295520105,0.0004593548744759868,0.0009082183241844177
1599,0.0009115622420457908,0.00045138667187866535,0.0008426080457866192,0.0002338245084668178,0.00016391643581827042,0.0009624469093978405,5.419369322650497e-05,2.5506907096002596e-05,7.305294275283813e-05,0.0004526475490812046,0.00033328610152342716,0.0005752671277150512,0.0004874694083712716,1.0304536449470825e-05,0.000383228063583374,0.0003268570339944321,0.0005028190587266553,0.0008622631430625916
1600,0.00010283725325234416,0.00015260100390802542,0.0004264269955456257,0.00011211933743177083,4.007432661969068e-05,0.00037625106051564217,2.11449069420621e-05,3.48780334362978e-06,3.102049231529236e-05,0.0002053565610912328,6.771780409510486e-07,0.00028164510149508715,0.00018462259955813465,0.00030525411883221623,0.0003590281121432781,5.968621674679042e-08,0.00012809653220522896,0.0005586566403508186
1601,3.183707734158436e-05,0.00011878813060009139,0.00017298944294452667,1.6084619139600242e-05,7.855349087551589e-06,0.0002717333845794201,3.723486189419374e-05,2.4649745558797276e-05,1.3172626495361328e-05,0.0003917748412534325,0.0001328089821202895,0.0001934552565217018,0.00021222166766234063,0.00018913225440334372,8.6149200797081e-05,0.00010906223393719605,0.0003717186581747474,0.0002688765525817871
1602,6.488866787926484e-05,7.32877688570735e-05,0.00019810115918517113,4.083549678304821e-05,7.561737033084243e-05,0.0001959642395377159,5.4584666957759737e-05,1.423028834556542e-05,8.501112461090088e-06,0.0002024031667003101,0.00012516585677116443,3.8412632420659065e-05,0.00044973669894916857,0.00027182733679611756,3.92962247133255e-05,1.6940692277672698e-05,0.0002761902731605809,0.00010082591325044632
1603,0.0002718213556641702,0.00010363805724221409,9.315088391304016e-05,0.00018621488630292393,4.4085010175758804e-05,3.956863656640053e-05,5.353304449505145e-06,1.1168846653639706e-05,1.5981495380401611e-06,8.295031984978385e-05,1.5192990452835009e-05,3.232876770198345e-05,0.00019879305458507524,0.00026263859599793757,6.541190668940544e-05,0.00017464064860878148,0.00011257710088377181,3.670156002044678e-05
1604,9.560475531805723e-05,0.00010787338927017998,0.00010258425027132034,0.00019398910569201622,6.5818759440901264e-06,0.00019445549696683884,2.3143660246915942e-05,2.4792983002368295e-05,4.034489393234253e-06,0.00022059678341429523,0.0004669963832804602,7.369299419224262e-05,0.00016665121935692528,0.00031275143692779603,5.278224125504494e-05,0.0002654815448857317,0.00043137015639214873,0.00013208109885454178
1605,0.0004319051606397617,0.0001470149032114336,0.0001171184703707695,4.333823488437971e-05,3.8506066489387564e-05,0.00018304958939552307,1.843870300173925e-05,1.7892560548981402e-05,4.801899194717407e-06,0.00011861659786435719,0.0001665958094752354,0.00016460451297461987,9.592270113814583e-05,0.00047950265461318975,0.0002479921095073223,0.0004526769137797315,0.00031841127958114664,0.00010903645306825638
1606,0.0002417832010520593,0.0002760913815816786,8.54036770761013e-05,5.558443326944551e-05,2.5648310638937827e-05,0.00019443919882178307,3.909311170787952e-05,3.1063884463675866e-05,7.294118404388428e-06,0.00018751905737802999,0.0006354367167219592,4.1573657654225826e-05,0.00031930497374507705,0.0004519190779587387,0.00019189296290278435,0.00028515646950719176,0.0004790461098803968,7.008109241724014e-05
1607,4.636696639687132e-05,4.0404397708138085e-05,0.00018280278891324997,0.00014534832848152324,0.00011603760948635661,0.00020729051902890205,1.2161173397100614e-05,1.1059492907401151e-05,4.179775714874268e-06,0.0003304514714083315,3.240158820290093e-05,0.00010766636114567518,0.00013744046618213712,1.9688156451369565e-05,0.00016558682546019554,0.0009184070828150148,0.00013899309117137298,0.00026215799152851105
1608,0.0001342423099626039,1.2801964349509753e-06,0.0001337309367954731,0.00022449352529815836,1.7448176544712646e-05,0.00014205696061253548,1.0147948115157845e-06,1.7753547066611756e-05,5.081295967102051e-06,0.00027219717867266874,0.00010676619878976362,7.700384594500065e-05,0.0001474921995972961,0.0006672502416943948,6.968621164560318e-05,0.0003696784605885378,0.00023086297914505591,0.00012944452464580536
1609,9.632270156281764e-05,0.00014960805163843557,0.00017033517360687256,6.419804788361516e-05,0.00012623604307706107,3.149034455418587e-05,3.03327162305099e-05,4.426267140165052e-05,1.0553747415542603e-05,0.00010774213218354978,0.0007121145213930188,0.00020879169460386038,0.00012264488219027037,0.0006732100818240098,7.432419806718826e-05,4.595431969861563e-05,0.0007287527588218925,6.693322211503983e-05
1610,0.0003259301541393145,1.7100965545118613e-05,0.00024396134540438652,0.0003925446639162916,4.495616679242587e-05,0.0001722448505461216,3.247901956688129e-05,9.212587642877317e-06,5.476176738739014e-06,0.00023235773322875797,0.00013509349615767677,0.00023852323647588491,0.0002130250467066025,0.000288958756244604,9.740889072418213e-05,0.0005392080412087857,5.992549083748931e-05,0.00034588202834129333
1611,8.937743441045365e-07,9.642910784084593e-05,0.0001458302140235901,8.487000996287852e-07,3.59644965872534e-05,0.00010351091623306274,5.111909394636509e-05,2.65679691363369e-05,1.5750527381896973e-05,0.00021481592883672296,0.00040496146359887686,9.832612704485655e-05,0.0001330132473393586,0.0006498511892453658,1.6574282199144363e-05,0.000665441268272518,0.000413867871859837,4.615914076566696e-05
1612,7.278550642542125e-05,8.56695605915836e-05,0.00015817489475011826,0.000550049375519085,3.234100493462039e-05,0.00013121915981173515,2.4122726963981753e-05,1.7982971455800614e-05,1.4789402484893799e-06,0.0004533478690723486,0.0003590252032072659,0.00014165265019983053,0.00045675324879919377,0.0006518511450520556,0.0001565227285027504,0.00012373416427390038,0.0001589437231863779,0.00032464973628520966
1613,0.00016945588686735624,4.909935473544971e-05,0.0006637228652834892,0.0003593997850947217,4.381005495789417e-05,0.0006086290813982487,2.42577927357171e-05,6.016191210177972e-06,2.3480504751205444e-05,0.00029947839443618396,5.0465752390194824e-05,1.1883792467415333e-05,0.00034561695116459845,0.00025703321261688616,4.1614752262830734e-05,0.0005831929309992046,9.940485745970826e-05,0.00017955340445041656
1614,1.6769261102361765e-06,1.632847760738021e-05,5.76716847717762e-05,0.00018364518236277383,0.00011310013929234294,5.356781184673309e-05,5.78419619982045e-05,3.8440635587048044e-05,2.3849308490753174e-05,0.0005097762543046572,0.0006183376899242879,0.0003280052915215492,0.00041292749960192277,0.00042104451243912475,0.00029540108516812325,0.0006383820236997434,0.0006353175003487466,0.00023819692432880402
1615,0.0002031550627708406,2.7448140972750196e-05,0.00018378673121333122,0.0003726311639433849,2.8432577732807884e-05,2.7624424546957016e-05,5.946710750213621e-06,4.614563256412704e-05,1.8279999494552612e-05,0.00017224469009820276,0.00029997608879000007,0.00015428208280354738,2.4424722968000023e-05,0.0010059412844305345,0.00037732673808932304,0.0005714513083992512,0.0006225790732116987,0.00021382607519626617
1616,1.6789872245057125e-05,6.408605489293534e-06,0.00020061712712049484,0.0005462453519989863,8.891798449137123e-07,0.00010530836880207062,6.102819713041385e-06,2.184313844526384e-05,5.826354026794434e-06,0.0005871169021831046,9.125277041142216e-06,2.085510641336441e-05,0.00030154765911447057,0.00044199669569144895,0.00010476633906364441,0.0003005010624852339,0.00030500639609669714,0.00025811418890953064
1617,0.00010327831598115622,4.784201203222524e-05,0.0003222748637199402,0.00024514496656466433,6.002144240282309e-05,0.0003891703672707081,5.468793077990225e-07,3.882016526531571e-05,2.394244074821472e-05,3.329145847546372e-05,0.0003130444967581157,0.00016850116662681103,0.00015035329163239075,0.0005960206168715114,4.5505817979574203e-05,8.98084266077459e-05,0.0006066920653066202,0.0003935350105166435
1618,0.00029227293779654495,3.764905703199789e-05,8.960720151662827e-05,0.0003959212913308141,1.953584742354214e-06,7.177377119660378e-05,4.318912596589994e-06,8.901869968194938e-06,5.509704351425171e-06,7.478815503342284e-05,0.00020848666982251074,6.721680983901024e-05,0.0002343935591265084,0.00014416551653780377,8.346140384674072e-05,0.0001315258967467814,0.0001601290516538515,2.4240463972091675e-05
1619,0.0002650893192229081,9.962487114843765e-06,8.526584133505821e-05,1.4475853685330664e-06,4.649440324644774e-05,1.409929245710373e-05,1.669845396651097e-05,2.2412667490478825e-05,6.098300218582153e-06,0.0006154881044697774,0.0003478980058986107,0.00024169264361262321,0.00022512629301961462,0.0001326367433017346,0.00014881044626235962,0.00031350672502868104,0.0003070060148891987,0.00036069005727767944
1620,0.000198724889386645,0.00015786388625492476,0.0001540505327284336,0.0002871189368773147,8.031754637395638e-05,0.0002166801132261753,1.4987168329854555e-05,3.6694915364043445e-05,5.9194862842559814e-06,0.00027126429945699415,0.00034512734937791265,0.00017608515918254852,0.0001639695679740566,0.00039828914268676477,5.9664249420166016e-05,0.00011746323132651171,0.0005357556949360529,0.00010844599455595016
1621,1.572037896824252e-05,2.6131431119045395e-05,1.3533979654312134e-05,0.00046859870847977547,8.231916144863655e-05,5.861558020114899e-05,6.082220971708949e-06,1.4818829925284738e-05,7.4356794357299805e-06,0.0003232382740222389,0.00011905437238475536,0.00014210236258804798,8.157278999183781e-05,0.0003458139559267652,3.818469122052193e-05,0.00017235203967684576,0.00022719452706072667,0.00024637486785650253
1622,8.572031025966265e-05,2.1318431540438137e-05,6.288290023803711e-05,0.00019410199161067065,7.460900356161607e-05,0.0001476895995438099,1.719390747032326e-05,2.788563852600763e-05,2.199411392211914e-05,0.0002832167522870341,0.00030171809437911853,0.0002165322657674551,0.0004408437280851718,0.00030817183769677944,7.929233834147453e-05,0.0002500888959406089,0.00039137387026624663,0.00011127814650535583
1623,8.690138036074324e-05,0.00013280296218015283,0.000212112907320261,0.00015591416151215787,4.34943172794508e-05,0.00027610408142209053,1.8403457654535965e-05,1.7639343845180855e-05,1.7881393432617188e-07,3.4641004195513914e-05,8.677986676248334e-05,0.0001019949559122324,0.00016933731806881291,0.00025039934316732973,0.0001927800476551056,0.0002064200920483955,0.00031610920422972793,5.427747964859009e-05
1624,4.248941345535995e-05,6.910008366622228e-05,5.233194679021835e-05,0.0002726583409057154,1.2903362461604007e-05,7.266132161021233e-05,2.3519120057107976e-05,1.5754530564315828e-05,9.417533874511719e-06,0.00011481586490529744,0.00048396413383465856,9.591295383870602e-05,6.986190204337495e-05,0.00025245772487792265,9.372271597385406e-05,0.00019784411773871025,0.0002633234485987304,0.00022449903190135956
1625,6.44991417322327e-05,5.4109662170911954e-05,0.00011373963207006454,0.00012319437051216964,6.427391038054883e-05,0.0001356620341539383,1.889535959927538e-05,7.607304300914785e-06,8.422881364822388e-06,8.39429674278705e-05,0.00010585922732353481,0.00011379667557775974,0.00014145728409999114,3.257157508182798e-05,7.903389632701874e-05,0.00012591433183740952,7.155816194968304e-05,0.00013091042637825012
1626,0.00012789107986159454,3.7164075751393993e-05,9.106099605560303e-05,0.00011203272025506195,9.066366763402917e-06,0.00016255397349596024,3.5206213807975964e-05,1.1492221569128866e-05,2.2094696760177612e-05,0.00018452184138209593,0.00021212597389226942,0.0001875041052699089,0.0002362674003596188,1.1840832802881285e-05,8.922629058361053e-05,0.0004922817035692556,0.00022342488745577104,0.00032996758818626404
1627,9.78094851016853e-05,9.437738093492215e-05,0.00014114892110228539,0.0001779198268852672,4.6126942981911806e-05,0.00014631636440753937,4.136827494076803e-06,1.8123691422195637e-05,1.7486512660980225e-05,0.0002773202621708798,0.00042330678915560027,2.478831447660923e-05,7.29595261748095e-05,0.00019700590080472605,2.057291567325592e-06,0.0011349306942454174,0.0003105507227174264,0.00028828904032707214
1628,0.0004800036526266954,7.179376368731533e-05,0.0001584175042808056,0.00020195277772164233,7.368123673767366e-05,1.6557518392801285e-05,1.2566416333889552e-05,5.9173200023886706e-05,3.248453140258789e-06,0.00024056387570645793,0.0007024707210389371,0.00021369685418903828,0.00023448242797381724,0.0010322434345246788,2.3424159735441208e-05,0.0007468205735748079,0.0008742958961138894,0.0003941282629966736
1629,0.0008869714262963041,2.542299458338504e-05,0.00020580878481268883,0.00015797105194849392,0.00011277768407420494,0.00011065742000937462,3.0416917872443106e-07,7.640844968855807e-05,1.1980533599853516e-05,0.000769717158044865,0.0006981262262618117,0.0002082355786114931,0.0003008794447880714,0.0007520169475391386,0.00020700739696621895,0.000341382824698061,0.0012180741299394598,0.00041437894105911255
1630,0.0010414722370881008,6.539040507109323e-05,0.0006015421822667122,8.918698292195715e-05,9.812753100481644e-05,0.0002817772328853607,1.9173453010628075e-05,8.003919253210003e-05,3.125891089439392e-05,0.0009442248370613582,0.0008297707117641273,6.361212581396103e-05,0.0005706059318153489,0.000827905501453452,0.00034153787419199944,0.0006559869842189953,0.0013855659133561742,0.00011103227734565735
1631,0.0014302904349454137,2.3742547759594834e-05,0.0007825638167560101,0.0002007800223130657,9.424200910014904e-05,0.0005344594828784466,1.5339708638935357e-05,7.884086126375286e-05,4.7791749238967896e-05,0.0012722172784910557,0.0012150807947086256,4.780362360179424e-05,0.0008478388790525287,0.001033786456217406,0.0004274938255548477,0.001112182466909875,0.0013689869454405492,0.00012929551303386688
1632,0.0011976645662132301,0.00016432392098962925,0.0005673062987625599,0.0003524962013410071,0.0001239569195176267,0.0003117448650300503,1.44478208861272e-05,7.530046545806195e-05,2.9869377613067627e-05,0.0016737275576962363,0.0008994942672304433,5.4897740483283997e-05,0.0009161299085853475,0.0013229307590666359,0.00032974686473608017,0.0004420553533301397,0.0012712667729651403,0.0005571972578763962
1633,0.0005455970020752932,2.1997129354103112e-05,0.0003520222380757332,3.2369547370986185e-06,3.81475702626137e-05,0.00021003326401114464,1.9236161552171546e-05,5.322565240376253e-05,1.12876296043396e-06,0.0008898681397243036,0.0005355784202567687,0.00016783666796982288,0.00030027897798308445,0.0010669202917482669,8.492730557918549e-06,0.000317940040176129,0.0009206443020312121,0.0005602370947599411
1634,0.00043145110934329767,4.392848921518783e-06,0.00032245973125100136,3.464374341648202e-05,0.00014840472208963937,0.00019978731870651245,7.561032125489447e-07,2.739568280701063e-05,1.7795711755752563e-05,0.000168911845719176,2.7836092950882935e-05,5.0354981794953346e-05,7.798978058182193e-05,0.000687487418854358,7.962854579091072e-05,0.0005507009271757679,0.0005039104971244187,2.1923333406448364e-06
1635,0.0003297311443772599,0.00011588541210224776,0.00030496902763843536,0.0003440497151874361,5.203339978426466e-05,0.00014279503375291824,2.393583645333812e-05,3.8510823250244785e-05,2.5276094675064087e-05,0.0001256072242342421,0.00023718197534495708,4.759756848216057e-06,0.00013654309783851792,0.000813650642667401,0.00021009845659136772,0.00018119140154136681,0.0006216817744894515,0.00012175366282463074
1636,0.00031469683500365275,0.00017620410207758522,0.0003880346193909645,0.00023834848085338423,3.054404373127595e-05,0.00031845830380916595,4.791987797644545e-05,2.844636376143748e-05,1.6022473573684692e-05,0.00015852269846989425,0.0004027335093580338,4.449230618774891e-05,7.08498741441993e-05,0.0004245024158178387,0.00013046758249402046,0.0010517948481961609,0.00047819412805344234,0.0002875570207834244
1637,0.0009529695629545837,7.912760324935153e-05,0.0005574258975684643,0.0007425628312475868,8.490470869054051e-05,0.0005507264286279678,3.1080156501198455e-05,1.6885086413864737e-05,3.435090184211731e-05,0.0006168216645580024,0.0005258466166299033,0.000250605633482337,0.0007009224410501891,0.0003896271532852734,0.0002587195485830307,0.000946426730398936,0.00032046454420026505,0.00035026855766773224
1638,0.001060754741113959,9.315300554397707e-05,0.0007544253021478653,0.0011574679438494107,0.00021860435507516096,0.0007071797735989094,2.8931436763274254e-05,2.5578620710626403e-05,5.239993333816528e-05,0.001175658429324468,0.0005048789545595671,0.00026229280047118664,0.0009403603969683066,0.0009497124955665723,0.0003288513980805874,0.00021582125983202194,0.0003563512600526916,0.0004188660532236099
1639,0.0009562984272894343,1.6515114759408506e-05,0.0005589672364294529,0.0008881315683633428,0.00013172768658144263,0.0003145257942378521,2.555702444463452e-05,7.59207896597692e-05,2.6717782020568848e-05,0.0012031930939895435,0.0009244201637573432,3.3407704904675484e-05,0.0008223356754945566,0.0014806022041490355,0.000361025333404541,0.0007122188440913113,0.0010992800779585712,1.9764527678489685e-05
1640,0.0014378679919396092,0.0001746148958177464,0.0008112275972962379,0.0008110479749933869,3.660801180357942e-05,0.0005325260572135448,7.641419671883254e-07,9.26473990674173e-05,4.3779611587524414e-05,0.0013615921021571872,0.000985640059799682,0.00011477782391011715,0.0010764233438254334,0.0019734789397601073,0.0002840859815478325,6.170551246115208e-05,0.0014313461415183118,0.0001163119450211525
1641,0.001217722071256394,9.884329641208708e-05,0.0007424643263220787,0.00014777182532751953,0.00011676926009453539,0.0006298143416643143,1.813558133561058e-05,4.490915872125889e-05,4.4260174036026e-05,0.0010382168320941312,0.0003335147441348267,0.00015405938029289246,0.0004595963100138961,0.0010993827774774013,0.00029438501223921776,0.000438342931455199,0.000745155123009435,1.4456920325756073e-05
1642,0.0006289419449725803,0.00016835358179472654,9.915931150317192e-05,0.00031377690920313117,7.991641327130886e-05,0.0001247110776603222,6.157916845999853e-06,4.520493022276912e-06,1.5087425708770752e-06,6.28462128650295e-05,6.080234421998801e-05,0.00013863341882824898,4.92806267357454e-05,0.00015440409601103974,0.00017358595505356789,0.00029850642400722216,0.00010664860393581194,0.00044090673327445984
1643,0.00040160838923332387,0.00020604759973372883,0.0002757650800049305,2.6078697398429496e-05,0.00012046396999202541,0.00023384299129247665,2.1672249612011973e-05,3.442195516764965e-05,8.210539817810059e-06,0.0004858697603675882,0.00039855041004029437,0.00023798365145921707,0.00029467152388781837,0.00029947554600787477,0.0001748078502714634,0.00010685851861438889,0.0005440828199114343,0.0004225540906190872
1644,0.0007603916378451092,0.00020604106664670607,0.00043386779725551605,0.00024656411394116673,7.479754178413289e-05,0.00040621962398290634,4.9703396105584e-06,2.2908742397456964e-05,2.8770416975021362e-05,0.0007204753810387335,0.00015172274108629993,6.061210297048092e-05,0.0005516695185263099,0.0002451520655170694,8.390937000513077e-05,0.00026849417161022016,0.0003250939163505955,5.346350371837616e-05
1645,0.0006726826069829162,0.00016268271410816576,0.00040309829637408257,0.00012425615595744455,0.00010699176065698604,0.0004168134182691574,2.378648305412928e-05,2.1106750020500904e-05,2.41696834564209e-05,0.000304971963201478,1.1968178513115102e-05,3.237277269363403e-05,0.0003393972207328122,0.0004881839365345475,5.262857303023338e-05,0.0008676801888661267,0.00027884723477867614,2.6594847440719604e-05
1646,4.199711604153944e-05,0.0001963446597459534,9.922822937369347e-05,0.00045494149803627926,0.00012878244354195753,4.873611032962799e-05,1.609308098669479e-05,2.1185478959285598e-05,1.6763806343078613e-07,0.00011291845287773189,0.00038666572704699684,2.508983016014099e-05,0.00010373720872157433,7.48855073419083e-05,9.853020310401917e-05,0.00018202779342156583,0.00039358839248362747,0.00015119649469852448
1647,7.236550890980797e-05,0.00024382008386663115,6.996560841798782e-06,0.0004853752895876834,5.088793250057275e-05,0.00010250229388475418,1.8997982960494014e-05,2.5954686981226425e-05,2.707540988922119e-05,0.00011218824246807257,0.0003568032901156322,0.00016004801727831364,2.6139517873835505e-07,0.00020576508867222246,3.174785524606705e-05,0.0013505606251726365,0.0004623644980167223,0.0005407277494668961
1648,0.000710152871803163,0.00014077110134793486,0.0006649964489042759,0.0005926650940589195,0.0001687808664541865,0.0005229408852756023,4.09762184974561e-05,3.950386372185698e-05,1.1187046766281128e-05,0.0008363644838936535,0.0003226182823507992,0.000246202340349555,0.000722146274891658,0.0011290887495455787,9.164726361632347e-05,6.390495989884448e-05,0.0006247281335786618,0.00034306664019823074
1649,0.00018675028203148092,1.2469001795509249e-05,0.00039533525705337524,3.2889242947503616e-05,0.00011005678345639772,0.00027094269171357155,5.018595533534502e-05,2.664794169722251e-05,1.1302530765533447e-05,0.000499256762951282,4.212685976265687e-05,4.309345968067646e-05,3.271921985729953e-05,0.0005447280213928193,0.00010231044143438339,6.880969672405646e-05,0.00034014820568594936,0.0001706751063466072
1650,9.366562763415964e-06,0.00015599350715471763,0.0001840014010667801,0.0006957366571582746,2.3554892885014472e-05,0.00012224260717630386,4.439053574225096e-06,2.061194434208296e-06,2.1569430828094482e-06,0.0003908294290723424,0.00022913570901138616,8.024927228689194e-05,0.00042607500560350176,9.260808787171435e-05,0.0001709875650703907,0.0010157653574790065,9.987878999726668e-06,2.191588282585144e-05
1651,0.0005920525540816374,0.0001356381756336851,0.0003112782724201679,0.0004317615652334045,1.4048894954522828e-05,0.0003592665307223797,1.0789150336082756e-05,3.1216133464325346e-06,6.809830665588379e-06,0.0006279242273852445,0.000155863133311316,4.2541418224573135e-05,0.0007198825191259001,0.0006565983801961779,1.3226177543401718e-05,5.883555124590323e-05,7.346070614388037e-05,1.6410835087299347e-05
1652,7.501601775417033e-05,0.0001275183008195152,0.00017552543431520462,0.00026856322918643316,5.5981429933966986e-05,3.5066623240709305e-05,8.175662620736948e-06,2.434877817980314e-05,2.7295202016830444e-05,0.00026158444731731734,0.00017490557921647637,0.0002631829120218754,4.075795125377257e-05,0.00028721083690750465,0.00040968693792819977,2.193858945659377e-05,0.0004211548551751919,0.0007371427491307259
1653,7.140906553552984e-05,3.75441704898033e-05,0.0002198931761085987,0.00030231915108970553,1.1496224095176172e-05,0.00010017072781920433,3.2163654540284803e-06,3.9323586078478625e-05,1.8116086721420288e-05,0.00017368390947956197,0.0005699855832009201,0.0002534042578190565,0.00010881358015532583,0.00040930535331914347,0.00040437327697873116,0.00037690345009486204,0.0006160351586652615,0.0001659691333770752
1654,7.633962674627459e-06,4.258269514589852e-05,0.000349629670381546,0.00021953974096522444,5.055107273490775e-05,0.00029847119003534317,1.0174305654562371e-05,1.2994749807274e-05,8.732080459594727e-06,0.0002066087864208907,3.6907190690306513e-06,1.3370532542467117e-05,9.117912884921975e-05,0.0005638502933268397,9.876815602183342e-05,0.0005447731716394094,0.0002008897893144377,0.00042584724724292755
1655,0.00012936318034911798,7.193264133533578e-06,0.0003422037698328495,0.0003037147167358478,4.670105852967038e-05,0.00045018550008535385,5.3200502255688203e-05,2.742375588740654e-05,1.3850629329681396e-05,6.38509447516214e-05,0.00022326411726383139,3.4306664019823074e-05,0.0003319804552959771,2.574700928417717e-05,0.00016035884618759155,0.00019178889850002268,0.0004256629377373004,6.201956421136856e-05
1656,0.0002304809897080845,4.899882269561104e-05,0.00021111872047185898,0.00015248097486944556,3.35819944117105e-05,0.00035481713712215424,5.2240997435511194e-05,5.036651007573717e-05,8.452683687210083e-06,0.00012990876305576243,0.00036443964324846603,4.7001754865050316e-05,0.00014517861517612807,0.0005837767965497995,0.0002606147900223732,0.000856580229607315,0.0008285822234562149,0.00039348285645246506
1657,0.0005290983455812914,3.0407173995522507e-05,0.0004616938531398773,0.000571007553212613,0.00016752251167472323,0.00033655716106295586,6.4593848182695895e-06,5.92895806705253e-05,2.2076070308685303e-05,0.000919599608259998,0.0010216504148540147,8.899043314158916e-05,0.0006186985661944117,0.0010910356322276146,0.0002733529545366764,0.00037490928587344263,0.0010346056360619133,0.00020143017172813416
1658,0.00034375533359909394,2.385470119884922e-05,0.0008567916229367256,6.517654066318102e-05,6.09075272342309e-05,0.0007380885072052479,0.00010239901436565578,4.1181630211464283e-05,2.884119749069214e-05,0.0011150046522928406,0.000677016640029688,0.0001523415558040142,0.0004974926960382292,0.0010743117962266312,5.969777703285217e-07,0.0004714033764586095,0.0007382252971257011,0.00010583363473415375
1659,0.000294475628092844,0.00011957438246999741,0.0006489693187177181,0.00017796918540105566,0.00010392860117586916,0.0005689417012035847,2.5284665538020945e-05,2.2223890321865203e-05,2.0626932382583618e-05,0.00047273299909485894,0.0005597881497688903,5.39442989975214e-05,0.00045483211782383626,0.0004197380108769515,4.815356805920601e-05,0.00047743375174921776,0.00044782988148516466,0.00022550858557224274
1660,0.00046051900212615293,1.0008590241090964e-05,0.000516960397362709,0.0003678532270690871,0.0002250598766850194,0.0003256825730204582,1.3360571706130808e-05,4.987737606747272e-05,3.0957162380218506e-06,0.0009203424560883036,0.0007165771595352283,0.00015375763177871704,0.0005795554271563474,0.0012291157898515447,9.480910375714302e-05,0.0004391821555587566,0.0007829522980676452,0.0004764329642057419
1661,0.0005811537343754919,7.879055866258367e-06,0.00043072644621133804,0.0004276953231399927,0.00012074530400080219,0.000248919241130352,2.108245010631893e-05,5.7005039390889693e-05,2.3212283849716187e-05,0.00103565595578968,0.0006707501184406717,0.0004248188342899084,0.0005554009162102164,0.0013049817134121976,0.00019333558157086372,0.0003911461553554457,0.0009354032689128282,0.0009814919903874397
1662,0.00010759313400694748,0.0007167261619394974,0.0012455051764845848,9.975448117668928e-05,0.0005548976578747811,0.0015764026902616024,0.00010006960194710451,4.1784854664602225e-05,2.3346394300460815e-05,0.00016320586828823952,0.0005764350829887445,0.0005453990306705236,0.0005182304369459045,0.0009151408095956805,0.0010334723629057407,0.0007707319535146806,0.000533465029498803,0.0004579136148095131
1663,0.003673746018892393,0.0004337283731301045,0.0025431481190025806,0.003443701092178869,0.0012447967917983312,0.0023444117978215218,8.617921434298653e-05,6.127144095164418e-05,0.00015180930495262146,0.002172778792739166,0.000501451365780909,9.301328100264072e-05,0.002457039102938305,0.0005721109324870813,0.00018114876002073288,0.002898321796004369,0.0009379903127471403,0.0013433583080768585
1664,0.0006915403529678676,2.7517337021845667e-05,0.001079091802239418,0.0006790675807806651,0.00020450499469066089,0.00124445091933012,9.800803459403609e-05,2.977527047571529e-06,5.8397650718688965e-05,0.0007791029054321774,0.0005122227606544384,0.00010433327406644821,0.0010470897771605939,3.2951010921798e-05,0.00022427784278988838,0.0014423832489455363,1.4027087167283597e-05,9.806826710700989e-06
1665,3.0788774773415906e-05,0.0003888977014450158,0.00027737580239772797,0.00030078595298897726,0.00023171908579541073,0.0004695318639278412,9.609381471459635e-05,4.022833609643433e-05,9.216368198394775e-06,0.00019225382406320296,0.0008467504111938154,3.705429844558239e-05,0.0002489410518879548,0.0004548554630514415,0.0001729605719447136,6.82827085272536e-05,0.0004952830945113345,0.00021454133093357086
1666,0.0005656765624540427,0.00017833701776891892,0.0005843639373779297,0.00033384933411353956,2.8658828057415153e-05,0.0008160732686519623,5.0721518630319345e-05,1.1037981304878105e-05,3.680586814880371e-06,0.0004135375535998867,0.00016599501142308334,0.00021293014287948608,0.0007690823832711344,0.00010996554299107925,0.0005065142177045345,0.0008869593593190533,0.00014413170595491825,0.0003882311284542084
1667,0.00039565739132857436,0.0003257773688249421,0.0003885328769683838,0.0005720394381251992,0.00014059166839000548,0.0005387663841247559,7.255638588014868e-05,4.0985045531423685e-05,7.752329111099243e-06,3.2024199702072875e-05,0.0003764892517762186,7.456587627530098e-05,0.00020771795163155443,0.00041716467971497986,0.0002008620649576187,0.00012837816369293265,0.0006169921184387512,0.0001093149185180664
1668,0.0014774999331067795,0.00014158566830553554,0.0012575313448905945,0.0013164553908637106,0.0002937612079834222,0.001041860319674015,2.4684327313154522e-05,5.133675295651953e-05,6.853044033050537e-05,0.0009015308692238294,0.0003427107847998913,0.00010248972102999687,0.0007407359895730201,0.0007557860628781034,0.00021584052592515945,0.0012805790155909491,0.0007290869241166021,0.0007990673184394836
1669,0.0013330164183846666,4.2042743992103115e-05,0.0005175122059881687,0.0012034494997021777,0.0001915916772029444,0.00032808538526296616,4.4921997689646026e-05,8.18078687704946e-06,3.8370490074157715e-05,0.00038955826403930943,0.0003749771315398401,0.0004090906586498022,0.0005502228163577483,0.00013706801153167553,0.0005409885197877884,0.0009315791249975697,0.0002588824572740296,0.0005265651270747185
1670,0.00011001337815146062,7.958177784146009e-05,0.00040353555232286453,9.446671956686581e-05,5.247739969552884e-05,0.0004620673134922981,9.657765693523931e-06,3.061872636958546e-05,1.9982457160949707e-05,0.000525685534630678,0.0006198348950276489,0.00043723126873373985,1.9395654110382354e-05,0.0005350647261221191,0.000344584695994854,0.0009635931919839413,0.000522827201557643,7.753260433673859e-06
1671,0.00021229203254877205,0.0002489013213007041,0.0004284796305000782,0.0003876049209110277,0.00016518208658589453,0.0004103612154722214,4.856265902552538e-05,4.3306473575467966e-05,4.183128476142883e-05,0.0002790129468113328,0.0006081957908011942,0.0005378846544772387,0.00015032934850406354,0.0007265364562119292,0.0005663717165589333,0.0013078662613064673,0.0006693671763704015,0.0005031293258070946
1672,4.687949760896759e-05,0.0001231527241030289,0.0005470309406518936,2.6768012293856835e-05,0.00015555941599272247,0.00033129239454865456,1.7277346328304147e-05,6.530122476024929e-05,3.802776336669922e-05,0.00024236557403919945,0.0007336398529829945,0.0004921394865959883,7.585463181060403e-05,0.001178450158020622,0.0007512173615396023,0.0015652138547952305,0.0009687594643673393,0.0004128245636820793
1673,0.00012306139880519096,0.0002726271767859931,0.000862740445882082,7.592829752076091e-05,0.000325270438629649,0.00045865215361118317,2.4656428973368616e-05,8.968142817082609e-05,5.5886805057525635e-05,0.0005730720333657555,0.0009592378358360514,0.0005664143245667219,0.00020549036296105272,0.0015640078454265162,0.0010597016662359238,0.0015583282543313315,0.0013029268891473567,0.0005803005769848824
1674,7.938287341632821e-05,0.0001160869304735676,0.0007297205738723278,4.621025845850946e-05,0.0003509838805095221,0.0004467889666557312,4.5574729945823886e-05,5.667965084703709e-05,5.7112425565719604e-05,0.0007660611222360808,0.00045458579777404515,0.0006681152153760195,0.0001590084808454767,0.0014015204950952286,0.0009894496761262417,0.0017330384264289816,0.000729841524957529,0.0006227632984519005
1675,0.00035360522522986937,0.0002729593910429269,0.0009591658599674702,0.00020563678018585552,0.0003408006319055995,0.0006576832383871078,5.1964919260648335e-05,9.477400279143228e-05,4.7612935304641724e-05,0.0012591678093326758,0.0014341451362774212,0.00043830578215420246,0.0005129500320934233,0.001644304805112115,0.0008232444524765015,0.0010806660928006362,0.0013980345529398547,0.00018038321286439896
1676,0.0007725401519735609,0.0001724634980299275,0.0011262735351920128,0.00055251233761551,0.00029272435230698335,0.00086584547534585,0.00010136002788382371,6.256221313797651e-05,6.324425339698792e-05,0.001384289895412498,0.0012086082134332328,0.0004188299644738436,0.0009270802429676289,0.0013564529628717868,0.0007176408544182777,0.00029160340241214666,0.0008512155442007658,0.0005604410544037819
1677,0.000768774822704793,4.754251900206466e-05,0.0011654524132609367,0.0003008521354749133,0.0002292567692030699,0.0011092806234955788,0.00013988738688665812,8.64821727569558e-07,6.217509508132935e-05,0.000565681846475416,1.8505165417823793e-05,5.773245356976986e-05,0.0007055626476238641,0.0006313060188446219,4.7316309064626694e-05,0.0013978172051301446,9.061018687041202e-05,0.0007127122953534126
1678,5.311616317547896e-05,1.8021246484076214e-05,0.00034007709473371506,0.00021448685286476477,2.8184876408956366e-05,0.00019974028691649437,5.3782975756382426e-05,2.260447596039866e-05,3.343075513839722e-05,0.00034278401968734773,0.0002532170432280427,2.2162916138768196e-05,1.3628747959432141e-05,0.0004277724909078351,0.0001678955741226673,9.482167669200292e-05,0.0003800720808677001,0.0005348380655050278
1679,0.0004515863306115697,1.7663349210193108e-05,0.00023008091375231743,0.0002819163887418791,4.447127540013751e-05,0.00010997196659445763,5.034386090207489e-05,1.4047763974934363e-05,1.1220574378967285e-05,7.322396514680002e-05,3.895615069303068e-05,4.7722598537802696e-05,0.00011542340495940273,0.0003725054870754828,6.582541391253471e-05,0.00020237289384893165,0.00027816009054033343,6.49159774184227e-05
1680,0.00039930023691037153,3.51302902325025e-05,0.0001379372552037239,0.0002558878424825939,0.00014108422494246362,0.00017268257215619087,4.2858621217415835e-05,1.7989125828582627e-05,1.51805579662323e-05,0.0005232981035371426,0.00013292916918624872,0.00017949589528143406,0.00033908361596904357,7.458294866973317e-05,8.720718324184418e-05,0.000699773714700383,0.000251292031587547,0.0003029145300388336
1681,0.00012407791805230106,0.00011683213269625403,1.6774050891399384e-05,8.28510625504042e-05,5.0585796170721925e-05,0.00016691256314516068,2.6830045130248753e-05,4.6675399947975274e-05,1.0192394256591797e-05,3.428629752814938e-05,0.0005876546834475416,4.064710810780525e-05,4.832470847314363e-05,0.0007208789832461593,0.00014516059309244156,0.0005886209461398312,0.0007833467428112455,8.515454828739166e-05
1682,0.00042438680221933145,0.00010813386954808268,0.0005531180649995804,0.00028479703301559356,0.00022593761287428155,0.00040998030453920364,2.9839500588282886e-05,2.6904195558208907e-05,1.5184283256530762e-05,0.00020114246181079237,0.0004805497840100169,5.953083746135235e-05,0.000194128357955195,0.0007182261172528695,0.00021451571956276894,0.0002153146985333504,0.0004716886946924074,0.00012224353849887848
1683,0.00014838596591575104,0.00020499772062756993,0.00044788140803575516,0.00011336845351611613,6.106041112150656e-05,0.0005739219486713409,5.359923794026611e-05,2.6756255978194166e-05,8.553266525268555e-06,0.00031680993262010737,3.454236357504012e-05,5.868542939424515e-05,7.950842052173446e-05,2.0132062888388036e-06,0.00014248397201299667,0.00028616532374611814,0.0004343183391496315,0.00015034154057502747
1684,0.00043042552852459726,0.0002815166079350312,0.00028046779334545135,0.0003149760193949247,4.156033923557664e-05,0.0001824912615120411,5.39899054243561e-05,1.555819049898138e-05,9.562820196151733e-06,0.00029216346033610757,0.00019129810646275128,5.093961954116821e-05,0.00042282049357397766,0.00012297428940409236,0.00010353093966841698,0.00013494410145431512,0.0002587391822968764,0.0002125278115272522
1685,5.7185267167539355e-05,0.00021895978502718683,3.791972994804382e-05,7.554776072411784e-05,8.618855907450984e-05,2.9750633984804153e-05,7.26781279727657e-05,1.185215812697963e-05,2.3543834686279297e-06,5.0144505721751165e-05,0.00029575899821541324,4.8143090680241585e-05,4.628628214427277e-05,0.00016255639116052184,0.00017135357484221458,0.00045209349758254525,0.00020929513364399428,0.0003145132213830948
1686,0.00013237335114969773,0.00017409605798259647,0.00019264640286564827,0.00012504776659343075,7.423036602061117e-05,3.84659506380558e-05,5.762001724208751e-05,4.107614654093127e-05,1.600012183189392e-05,0.00012871169812365968,0.0002862894394570874,7.085129618644714e-05,0.00010520381221468256,0.00046480669662578994,0.0002837381325662136,0.00046584111179209797,0.0005940202683973224,0.00010266527533531189
1687,0.00031831836092621746,0.0001409285093097526,0.00031358562409877777,1.7536246880875406e-05,6.415379235446411e-05,9.162910282611847e-05,4.5846431449472064e-05,1.3428096870381299e-05,1.329183578491211e-05,1.5183600753830573e-05,2.029651374576072e-05,0.000542373163625598,2.549757550632248e-05,0.0005866897550839412,0.000210663303732872,0.000746510778364351,0.00023680158588681478,0.000580979511141777
1688,9.189710242253624e-05,5.784300888518612e-05,2.7993228286504745e-05,0.00018015776954820317,0.00011479217747472834,2.6784371584653854e-05,2.5318530012558016e-05,1.323717282197324e-05,5.301088094711304e-06,0.0002014245111550475,0.0003975214269960302,0.00022071460261940956,0.00025241396937743243,2.2862796781663447e-05,0.00015609059482812881,0.00023007796636589917,0.000221494226946976,2.162531018257141e-06
1689,1.956033053986117e-05,5.084246233001688e-06,0.00022725900635123253,3.3050864864200835e-05,2.747278246859053e-05,0.00013075489550828934,8.873471608526057e-06,1.9207843711337212e-05,1.3913959264755249e-05,0.0003388553105871314,2.8778102445576464e-05,0.00028853723779320717,8.386870089253928e-05,0.0002836691950599858,0.00012389058247208595,0.001249600558704267,0.0002284165632346711,0.00012527965009212494
1690,0.0003726407181358776,0.00019517249796452765,0.00022796448320150375,0.0002544019279770299,3.306276645646811e-05,6.501283496618271e-05,7.952266276136863e-06,2.391814894620671e-05,9.618699550628662e-06,0.0003327070671623328,0.00024370631449837157,0.00025098538026213646,0.0003889928418219363,0.0001671615782075364,3.316672518849373e-05,0.00039078214771554043,0.00042294771961909946,0.00017909053713083267
1691,0.0006162765069118864,9.016412660583367e-06,0.0001593385823071003,6.626787569199988e-05,1.4233700539614813e-05,0.00017358874902129173,2.133514219035057e-05,4.072695678997195e-06,3.166496753692627e-07,0.00014856738776124895,0.0003320852723734634,3.9075734093785286e-05,5.506159263483912e-05,0.00024534047789314534,5.206232890486717e-05,0.0002302984776494238,0.00012860834096518631,1.0324642062187195e-05
1692,5.172832856366327e-05,7.140740029858497e-05,0.00021647941321134567,6.663373037266163e-05,0.00011600862705255649,0.00012644007802009583,9.989037693254946e-06,8.852280380514219e-06,2.5890767574310303e-06,0.00016855256045325562,0.00032683897025994127,5.011935718357563e-05,7.610091007988207e-05,0.00046441257604194763,0.0001635747030377388,8.951275125497482e-05,0.00015401690911754674,7.444154471158981e-05
1693,0.00040209504464522317,6.871097458993614e-05,0.00023024063557386398,0.00024708473084676663,8.061486263027245e-05,0.00038005784153938293,8.996732264874435e-06,3.9837446619954756e-05,8.761882781982422e-06,0.00019273184700339951,0.0001994410042100471,0.00018321978859603405,0.00020726203908078,0.00035394135966677204,2.66307033598423e-05,0.0001876230878453955,0.000589367821165171,9.523890912532806e-05
1694,0.00015130752205713693,0.00012567271367816893,0.00021960074082016945,0.0001488542861907971,7.919981971445111e-05,0.00012568850070238113,2.254479510035469e-05,2.5768138941336858e-06,4.43682074546814e-06,8.609475250653809e-05,0.00020768014566278567,7.216865196824074e-05,6.816686719116061e-05,0.0001707962221956516,3.693578764796257e-05,0.00029630703206021125,0.00014556312189777055,3.205984830856323e-05
1695,0.00014860586527994102,4.88228516260375e-05,0.0002304697409272194,0.00013543827855015678,0.00011590300154244379,9.614275768399239e-05,2.904308396285346e-05,3.528094942002291e-05,1.3202428817749023e-05,1.3707168651989898e-05,0.0007416455100838423,4.910002462565899e-05,0.0002708899690097577,0.0006441966547484947,0.000212131068110466,0.000269096221298587,0.0005240403942570978,0.0002675596624612808
1696,0.00020474897058506136,4.906823718801509e-05,0.0004545082338154316,0.00026346364973051095,5.102599042461006e-05,0.0004777875728905201,3.3162558584116236e-05,1.3248484840699861e-05,2.444535493850708e-05,0.00012268430563888016,7.858686902574921e-05,0.00015161465853452682,0.0003646468301544137,0.00023539491674966218,0.00010819965973496437,1.088595345948018e-05,0.00025442056494376277,0.0002461252734065056
1697,0.00028748842697505494,2.816820021904476e-05,8.897064253687859e-05,0.000152345476960275,2.7319640186960342e-05,6.895139813423157e-05,4.8531423824625664e-05,9.757893496377195e-06,1.0170042514801025e-05,3.565307830435266e-05,0.00012938521525011903,0.00010722433216869831,8.790500796444778e-05,7.847680563676657e-06,0.00012574344873428345,9.16780768881742e-05,9.410703596048672e-05,0.00017606839537620544
1698,0.00038097549208912507,0.00015395257766271514,0.00015485845506191254,0.0001741014548712616,0.0001754922894638758,5.347933620214462e-05,2.6261234580691323e-05,1.2581858244308853e-05,8.791685104370117e-06,0.0004888425415034009,0.0002423877998230413,7.03553669154644e-05,0.000407965718796352,0.00010249226275824141,4.859874024987221e-05,0.0004892902219388179,0.00020290968908385793,7.251463830471039e-05
1699,0.00033782294523301837,0.0001615320809634814,9.356345981359482e-05,7.628169939738472e-05,0.0001171756117029979,0.00017145881429314613,1.573368982435777e-05,1.1794491859972865e-06,1.6611069440841675e-05,2.3712455943167288e-06,0.0003334678589335463,7.176515646278858e-05,0.00021916966533458426,0.00017190847190717493,2.7502421289682388e-05,6.750008467362734e-05,8.578345484792221e-06,0.0002528829500079155
1700,0.0005181224352419356,3.6623849381786644e-05,0.0002919337712228298,0.0001310890866341452,8.639693331802603e-05,0.00017378153279423714,5.757850244073395e-06,2.7422426529642426e-05,2.1249055862426758e-05,0.0004411015596334361,0.00048525669594673415,4.934193566441536e-05,0.00014886853169353287,0.00045221744230219615,0.00022907601669430733,0.0007279367104694734,0.0004088215894065784,0.0003336463123559952
1701,7.84330190597704e-05,0.0001720087643315854,0.00038993777707219124,0.00024398008578011,3.7845007014349064e-05,0.00041517196223139763,3.434470975090774e-05,3.254582540861026e-05,3.4458935260772705e-06,0.0001158414521538198,0.0003357546462117965,5.457247607409954e-05,0.0001752199894622386,0.00042122594386113585,8.766166865825653e-05,0.0007536210860456527,0.0004430379867069916,2.6570633053779602e-05
1702,7.673225088501712e-05,0.0002218628444419675,0.00029444415122270584,0.000451185005533164,0.00012191883595199723,0.00025857239961624146,3.573494858849849e-05,6.790028853097816e-06,2.436712384223938e-05,0.00047789877315342066,0.00025547283991245173,0.00018846080638468266,0.0004299421661329156,0.0004890241642976911,0.00022867880761623383,0.0009676884963313037,1.1794227313420558e-05,0.0004047192633152008
1703,6.662645738821082e-05,1.0204882969832435e-05,0.00011115893721580505,0.000239568671239615,0.00019855177312739364,0.00016160914674401283,4.639847893366314e-05,6.11633454765253e-05,1.422688364982605e-05,0.00014627292517735424,0.0006473923631052682,0.0002999654971063137,5.237328586094048e-07,0.0009915868366051524,6.659701466560364e-05,6.807719384438471e-05,0.0009019621618420702,0.0004562484100461006
1704,0.0003320684554217468,3.671030843065137e-05,0.000577202532440424,7.96739350128195e-05,0.00030657368963565856,0.0002146163024008274,3.064878351319994e-05,5.094213150294498e-05,8.381903171539307e-06,2.303926006529816e-05,6.074070474750004e-05,0.0002196913119405508,5.7699768001559515e-05,0.0013829478347183559,0.00023141223937273026,0.00014789837747386514,0.0008157354568198672,0.00017151329666376114
1705,0.0002326633014605034,5.762424128905042e-07,0.0008162190206348896,0.00015974919221027617,0.0001720776814942357,0.0004907390102744102,1.3238613777836333e-05,2.0751134145819295e-05,2.1848827600479126e-05,0.0006752013032086807,0.0002850290502707242,0.00021521584130823612,0.0003852209902952264,0.0008814455527355811,0.00015926314517855644,0.0006483022667513605,0.0003454002247675761,9.194854646921158e-05
1706,0.00010147103526547685,5.640175354175089e-05,0.00040563708171248436,2.5415519437105294e-05,1.3487578558339652e-05,0.00029761437326669693,1.2788980578009104e-05,6.588271180599757e-07,1.1820346117019653e-05,0.00011263183844348323,0.0007862835922052211,0.00020158267579972744,0.0002782016705714374,0.0003394555136938815,9.498372673988342e-05,8.61035439739255e-05,8.188511905873365e-05,0.00028816424310207367
1707,0.00010591552631755707,6.287094704470961e-05,0.00010072579607367516,0.0001329689100235537,3.646535408490317e-05,0.00018730992451310158,1.2762287827068966e-05,3.351386504627852e-05,2.7086585760116577e-05,0.00010842154343903426,0.00038207327009680964,0.00019139633513987064,0.000166041536402331,0.00024825466081856984,9.936047717928886e-05,0.0007115936792777555,0.0005627838280300263,0.0005025425925850868
1708,0.0001869769370611979,0.00019494810134526933,0.00022179819643497467,0.0002594117551925762,0.0002535300596414533,7.306691259145737e-05,5.601768491411176e-05,3.1077186222759775e-05,1.765042543411255e-05,0.00013111803283800266,0.0006868775212240906,0.0001686769537627697,6.457654093000587e-05,0.0006518138201015468,1.6530044376850128e-05,0.0006382742028002986,0.000493685675227196,0.0003711273893713951
1709,5.825538870658786e-05,0.00015560080430308473,0.0001329616643488407,0.0002243532269772669,0.00012303586186200935,0.00017532380297780037,5.864764980953105e-05,1.172766609333864e-05,1.2442469596862793e-06,0.0002518950209715737,0.00032185237627638946,0.0001624193973839283,0.0002966034977820997,0.0005927881656048808,5.964236333966255e-05,0.00021252438688587616,0.00023174946400594375,4.869699478149414e-05
1710,1.3325456658414003e-05,4.395403991766175e-05,3.2070092856884e-05,0.0002641531282239762,0.0001383338687199337,0.00010949606075882912,1.929863786740045e-05,2.8526785329926812e-05,1.712515950202942e-05,0.0002186309512025586,0.00043179636119683104,0.00011761276982724667,0.0002292796312142048,0.0005802163012676685,4.488881677389145e-05,0.0007234830226005018,0.0004700886144069043,0.000250842422246933
1711,0.000420186159792002,4.838509740247299e-05,5.6148506700992584e-05,0.0002505843380634504,0.00025703999190041307,0.0002223779447376728,3.332715295711712e-05,6.558054879161239e-05,3.121793270111084e-05,0.0004471258313970203,0.0008202681853959649,0.00029567047022283077,0.00023372407490096503,0.0010971224427375158,7.542315870523453e-05,0.0010762131012223841,0.0010616601358141315,0.000794694758951664
1712,0.0002876756295616123,0.00012112755019908286,0.00026519689708948135,0.00034298437837759765,0.000167442892739407,8.605979382991791e-05,1.5817662446637043e-05,2.534678420778772e-05,2.7816742658615112e-05,0.00040404988994617586,0.000519571746557014,0.00025530532002449036,0.0006505885533490546,0.0005578080409084259,7.329415529966354e-05,0.00020556400658197638,0.0003423550525388534,0.0007164478302001953
1713,0.0002867579365743722,0.00010443088739295336,0.0001580026000738144,0.000284149741227091,1.0155366219195133e-05,0.00024471059441566467,3.196307620901076e-05,9.209146446859454e-06,2.966076135635376e-05,2.8878894317671544e-05,4.45490045758376e-05,0.00019170786254107952,0.00011274234985950149,0.0001246774279438992,0.00035020289942622185,0.0008193689326024406,9.920476655494049e-05,0.0005573602393269539
1714,0.00030372477961806976,0.00025681227266542705,0.00012239813804626465,0.0003527780405985781,7.765716015843693e-06,0.00014248117804527283,2.491772529248336e-05,1.0698950012007658e-05,2.7455389499664307e-06,0.000507124965135379,0.00023645264199456673,6.105680949985981e-05,0.00035062502640345605,7.368271539608812e-05,9.187497198581696e-06,0.00022825292365893923,0.00017982825487407664,0.000229530967772007
1715,0.0003423348801197129,9.804148196205023e-05,0.0003855805844068527,7.30402141876918e-06,4.82991808112912e-05,0.0005285171791911125,2.1436427871373426e-06,2.389166729012621e-05,2.5991350412368774e-05,0.00034882319751305263,1.68113588115415e-05,0.00012760143727064133,0.0001661731619883866,0.0005188613757985475,3.3441465348005295e-05,0.0007459244542323135,0.0003727935987869529,0.00016800500452518463
1716,0.00028963823399694166,4.9540210654598626e-05,0.00015302328392863274,0.0002199162375741276,6.961181521560056e-05,0.000218129251152277,2.1262703536749014e-05,1.2754132107790927e-05,6.0908496379852295e-06,3.756496788695496e-05,0.00011641487246436336,9.302981197834015e-06,0.00010458565453234925,0.0002974367519893682,6.677955389022827e-05,0.00021587267641558217,0.0001644431668667212,0.00010570138692855835
1717,0.0005945782337799937,7.889385571271945e-05,0.0004802234470844269,0.0003567760499893491,0.00014364446396436872,0.0003839191049337387,4.475260700078157e-05,2.7704637181483823e-05,1.8209218978881836e-05,0.0007378403731982536,0.00029763297984228623,0.00012090452946722507,0.0005610590025889456,0.0004009497080960864,9.934883564710617e-06,0.00021952406307346184,0.00040084055139238007,0.0001494167372584343
1718,0.00033435704915295295,1.8910241382185528e-05,0.0005882848054170609,0.00017553626013128154,9.035708262633557e-06,0.0004735593684017658,8.389573975271444e-05,1.995480832938767e-05,8.843839168548584e-06,0.000695730293819731,0.0001396565983422908,0.00028001749888062477,0.00014693845743048162,9.725157430666431e-05,0.00014795688912272453,0.0006391016357665813,0.0003167002854668928,0.00014888029545545578
1719,0.00012481553487449226,3.6232628864062144e-05,0.0003478727303445339,0.00013203401347934574,5.385801369274523e-05,0.00026187486946582794,5.805128774406809e-05,1.4162457284850683e-05,1.2539327144622803e-05,0.0003429171562979588,0.00021438539957047142,6.130291149020195e-05,0.0002564852210366064,0.00021089280710417935,8.891569450497627e-05,0.00014006243406959606,0.0001521471231022073,0.00023078452795743942
1720,0.00020307091194898819,1.2631725668219018e-05,4.4368207454681396e-05,5.0485407005446126e-05,8.471383694875351e-05,9.767524898052216e-05,7.476245921256633e-06,4.4357446107655396e-05,1.662224531173706e-05,0.00015639079429514285,0.000464186627319587,3.4134602174162865e-05,0.00010204847048202181,0.0005835631935953121,0.00017635570839047432,0.0008860044419043978,0.0006582813840862955,0.0003391839563846588
1721,0.0003416184680195,0.00011233102729888908,0.0003433539532124996,1.8692452111029878e-06,0.0001330022963831265,0.0002726316452026367,2.196611978174702e-05,3.698720076131918e-06,3.577396273612976e-05,0.0004192452848255715,0.00014105942712838715,0.0002701778430491686,4.4430655380664485e-05,3.950972305169498e-06,0.00034949928522109985,8.113102250560666e-05,9.465689637090354e-05,0.0006981464102864265
1722,0.0006353388281536004,1.1267560857057546e-05,6.789574399590492e-05,0.0002738679594945226,2.9617859528603685e-05,0.00015950016677379608,3.290574778432205e-05,1.1770167599077226e-05,2.171844244003296e-06,0.00044216932694421396,0.0002594657906550557,3.2153213396668434e-05,0.0002278588124253883,0.00012753752757286782,0.000109146349132061,0.0014533492127381115,0.00017514179319295768,0.00034606829285621643
1723,0.0007198422563238216,2.2797526504240995e-05,0.00011743279173970222,1.3096796275605116e-05,2.6747606053714734e-05,7.961457595229149e-05,3.666818920397899e-05,3.195150182021825e-05,2.5272369384765625e-05,7.815810837535908e-05,0.0002104816758040258,4.954636096954346e-05,0.00014764520066197495,0.0004912046088623896,0.0003083935007452965,0.0006385694687203181,0.0005253629611544838,0.0003488641232252121
1724,0.00028437943574691205,0.00023692541122140656,0.0003808555193245411,0.00028634121323302397,0.00013507854217202978,0.0001855543814599514,3.953163264835101e-05,9.51520912079824e-06,3.635138273239136e-05,0.00010569567875662322,2.1892041252139643e-05,0.0001145100686699152,6.27830711426719e-05,0.00028049793377491264,0.0003458075225353241,9.217333865559063e-05,0.0002519686945740328,0.0004481542855501175
1725,5.71991294906482e-06,0.00015370995029538245,0.000279170460999012,0.0002658074574033442,6.0614056630287766e-05,0.00030214525759220123,2.0093648833471867e-05,2.9446750594227806e-05,1.5985220670700073e-05,0.0003346234399458567,0.00021751206107623045,9.704357944428921e-05,1.4293983767690865e-05,2.2290665397505655e-05,5.4663512855768204e-05,0.0006771234740583498,0.0004232160604241645,0.0003675166517496109
1726,0.0003324983967347289,8.481135463433292e-06,9.782146662473679e-05,0.0001089856086981672,8.896737861450663e-05,0.00011116079986095428,8.155554495296174e-06,1.5144689394599163e-05,5.792826414108276e-06,0.00038008412259291774,5.767361499574991e-05,0.00013380520977079868,5.866721301499289e-05,0.0005208123524369813,0.00014132913202047348,0.0006174092703881001,0.0002567651564783233,0.0002647899091243744
1727,0.0003419318643772262,3.023907526539249e-05,1.2180302292108536e-05,0.00010951792923080683,0.00011015660279637546,7.467344403266907e-06,6.413072749449078e-06,9.960435184860525e-06,3.468245267868042e-06,0.0001568955531739344,0.00032220862037549494,4.411814734339714e-05,4.218027373109612e-05,3.686160147874096e-05,5.6060031056404114e-05,0.0004790116636569086,9.261225682290165e-05,6.311200559139252e-05
1728,0.00011298690617704554,0.0001146725628820705,2.3401807993650436e-05,7.928049600317011e-05,0.00013598034857718183,3.892136737704277e-05,1.7331402305365007e-05,2.339181179144298e-06,1.3809651136398315e-05,0.00047297173292027567,0.00040552678621103705,5.5692158639431e-05,0.00044341490333497935,6.22314649598131e-05,4.2230356484651566e-05,0.00012850563599489662,9.484151868758162e-06,0.00046825967729091644
1729,0.00017348418100326946,7.053174845020327e-06,0.0001607532612979412,0.00012844232611505801,5.08422809426777e-05,0.0002539250999689102,2.1117634264860435e-06,2.403729072044514e-05,1.004338264465332e-05,6.8486876119988604e-06,0.00021789783373330276,0.00014905515126883984,0.00017788262378871933,0.000285834804279024,0.0002772943116724491,8.257508422285231e-05,0.0003312243038557784,0.00018810108304023743
1730,0.00017709486153513754,2.6057682294369777e-05,0.00019483128562569618,0.00010984156841023496,2.9337646591468675e-05,0.00020635128021240234,3.8788012700184324e-05,5.309322460405599e-07,2.4020671844482422e-05,0.00012306776971839073,0.0001841641302979674,0.00019925832748413086,4.0741088763965316e-05,0.00010064590563350906,0.00020439084619283676,0.00034623726471175176,6.085931228311638e-05,0.00031940266489982605
1731,3.366117244107958e-05,4.995880891384141e-05,0.00017931684851646423,6.332690392707452e-05,0.0001719726885259787,0.000265573151409626,1.9494780486512334e-05,1.5091748251551765e-05,1.7423182725906372e-05,0.00018775644452495577,9.957390098875793e-05,5.988706834614277e-05,0.00015992601555971098,0.0003759343729635538,2.409704029560089e-05,0.00047353505833443166,0.00027839727272923817,8.589401841163635e-05
1732,0.000110563180408918,0.00014977351069310474,0.0001289001666009426,0.0003507006563386733,0.00010864848146965866,7.569324225187302e-05,5.115808334557256e-06,1.1251521737580918e-05,4.805624485015869e-07,0.0008123415916423335,0.0002905952252181959,1.3809418305754662e-05,0.00019631607482245572,0.0001503450615704116,4.5536551624536514e-05,2.476318982369552e-06,0.00016426659941300202,0.00026686862111091614
1733,0.00042821646541432723,2.6216448056282093e-05,0.00023442180827260017,0.00015333829602898197,9.064969554464439e-05,9.758397936820984e-05,3.0930707355589226e-06,2.8983161401632514e-05,2.146884799003601e-05,0.00011023478903455369,0.000451039905540504,0.00020335079170763493,0.00034695963057128354,0.0003612893803765019,0.0003743572160601616,0.00025738431669286577,0.0005305213440108722,0.00046040304005146027
1734,0.0006395985567264617,5.685732782329672e-05,0.0002626492641866207,0.00032508765332958656,5.460050674885655e-05,0.00026808399707078934,5.13595764963827e-06,1.8414617065558932e-05,3.079324960708618e-05,0.0005246532481268176,4.587125465329439e-05,0.0002784174866974354,0.0006470965624178621,0.0003733184680905291,0.00023653823882341385,0.00018807794909761477,0.00020275364209032531,0.00022936426103115082
1735,3.3052179097478596e-05,6.326031434446266e-05,6.766105070710182e-05,7.919646111749501e-05,3.459203284570875e-05,0.00011160783469676971,1.6118260989359326e-05,1.5678954935709807e-05,2.4799257516860962e-05,0.00025283164890994164,0.00015387365527694957,0.0002571842633187771,5.376977421456264e-05,0.0003374452585699801,0.00021165376529097557,0.00013602157684583505,0.00024378086962792596,0.0006043445318937302
1736,2.4164625332404044e-05,9.195541556279024e-06,2.3738481104373932e-05,0.00023381438546180022,9.631464071468282e-06,1.1178199201822281e-05,5.616694662653743e-06,2.4250697122273285e-06,1.125037670135498e-05,4.981303512114482e-05,0.00010436544750931295,0.00020968099124729633,7.112084527916007e-05,0.00016126171911355625,0.00021269731223583221,9.976220841334538e-05,4.7011462427707686e-05,0.00018163397908210754
1737,9.969066115071701e-05,2.5891071161163876e-05,6.398186087608337e-05,9.926693047367097e-05,8.170145364419165e-05,0.0001755417324602604,2.227228732682579e-05,1.5450745753789528e-05,8.23289155960083e-07,0.00018308528814249547,6.708152069009876e-05,8.009024895727634e-05,0.00017366170508908985,0.0001459917259152635,0.00022897310554981232,1.394905236999644e-05,0.0001585069995660134,1.5262514352798462e-05
1738,0.0001528889646269238,6.715719266140591e-06,6.151385605335236e-05,0.00023813603565135677,1.8694009963800273e-06,3.9981212466955185e-05,1.808872622589483e-06,2.0487763082069777e-05,1.5541911125183105e-05,0.0001664448611672989,0.00039921182689310955,0.00018481840379536152,8.14536165998081e-06,6.39663965415066e-05,0.00033538322895765305,0.0007161581067339773,0.0002514587684881884,6.893649697303772e-05
1739,0.00040702229208942897,1.0821885189873925e-05,0.0001545548439025879,9.561382549419517e-05,1.5133343455819848e-05,0.000248598400503397,5.1278204330085925e-06,2.837548032989459e-05,2.2981315851211548e-05,0.0002783580656833401,0.0005086443639761261,0.000252394936978817,0.00032971100989391544,0.00047650385106445467,0.00010608742013573647,0.00014783135079271537,0.00037244545757918277,0.0006458908319473267
1740,0.00022654002370214865,6.231571270368455e-05,0.00016221683472394943,0.00022873917250969267,0.00012447192732218879,7.380126044154167e-05,3.36813834680115e-06,2.538437079252243e-05,1.5538185834884644e-05,0.0005527542578456779,0.0003500707127572951,5.283975042402744e-05,0.000326018011289661,0.00021115466214662038,0.0001798686571419239,8.0120219923277e-05,0.0003767995360274799,0.0002032071352005005
1741,0.00018389664335910494,2.7433667694424374e-05,0.00019130948930978775,9.569554472775577e-05,4.517799818365767e-05,0.00017469190061092377,1.693121960023164e-05,1.3979005237880723e-05,1.8849968910217285e-06,2.492140144128019e-05,0.00019289590485864483,0.0001650040503591299,3.9621473751264014e-05,0.00021704658407644892,0.000128189567476511,0.0001233828215303212,0.00019929604773351057,0.00017967261373996735
1742,0.00010866505453208108,1.3188564283343057e-05,0.00022329622879624367,2.3835977175395984e-05,1.0466498107621763e-05,0.0001576426438987255,1.8101934855943927e-05,3.0394790152568098e-05,1.4580786228179932e-05,0.0002043891980302373,0.00045460954017835856,2.0222505554556847e-05,0.00011701685778600646,0.0001821951200388569,0.00012648850679397583,6.013243314693939e-05,0.00048278363992629216,7.913447916507721e-05
1743,0.00038152533505933506,7.511114802054991e-06,0.00013920944184064865,0.0003355069335336247,5.0329709691508684e-05,0.00026242807507514954,1.7153307938723786e-05,1.106620190036362e-05,3.3292919397354126e-05,0.0004065105063164598,0.0003523488090187987,0.0003429579082876444,0.00031610012688323974,0.000364730791522265,0.00017180712893605232,0.00014383534621287275,0.00010164375124676727,0.00037174858152866364
1744,0.0003669748448593968,3.7876374750420855e-05,9.146193042397499e-05,0.00010837165201692256,0.00016239354213808468,0.00013904180377721786,2.8655781258043328e-05,1.2701732580574707e-06,9.290874004364014e-06,0.0001520623842531793,8.582559334726833e-05,0.0001657370012253523,1.3059931111572554e-05,0.00012947294652177616,0.000218098983168602,0.0003841422874387712,7.641122911294061e-06,0.000300530344247818
1745,0.00024446211628956216,8.427291904461454e-05,0.00033643143251538277,9.846356959036795e-05,3.2601968003340837e-05,0.0003780103288590908,5.218464728368177e-05,3.73100382971192e-06,8.989125490188599e-06,0.0005968629845487655,0.00012420803877319364,0.00018540862947702408,0.00011079321155288424,0.000493706934260929,0.00020959693938493729,0.00047196850946124025,5.0234410354428084e-06,0.0004092492163181305
1746,0.0003691274074073547,0.00013192889181736292,6.880844011902809e-05,0.00045833935376370094,8.122039560053834e-05,0.00015531666576862335,9.730225182082511e-06,3.116095279754173e-05,1.241639256477356e-05,0.0009013885964664001,0.0006467626612487141,0.00013626343570649624,0.0005101764837121964,9.108752824932634e-05,0.0003704032860696316,0.0002581593270698235,0.00047246883577028694,8.779019117355347e-05
1747,9.014376161728399e-05,4.617366031170467e-05,0.00018782448023557663,0.00032588105570829917,2.6364763605450647e-05,0.00017488980665802956,1.9112229098276756e-05,3.3964275224369054e-06,1.817569136619568e-05,0.00026967019674207365,6.79310139151991e-05,7.69677571952343e-05,0.00030531737290923067,0.00013412696415339084,6.860867142677307e-05,0.00020485170004153064,6.439581512049635e-05,0.00010395608842372894
1748,0.00039669214448181944,1.3041133689141449e-05,5.7153403759002686e-05,0.0003115180243142418,7.983485511658256e-05,2.665957435965538e-05,1.0897186787598573e-06,1.1859001035709844e-05,6.7427754402160645e-06,0.0003321699318587154,0.00037439058358594915,3.436184488236904e-05,0.0002405354097716611,0.00010736124269565203,2.7549918740987778e-05,0.00018435908913265464,0.00019854588036506433,5.492940545082092e-05
1749,0.0003682400770842753,2.148818520314455e-06,0.00018537743017077446,0.00034667907321087044,3.553340218015108e-05,0.0003025596961379051,1.5564168528289443e-05,2.3312685757547965e-05,9.834766387939453e-06,8.285194453209327e-05,0.00019840268838729538,5.9276819229125977e-05,0.0002848284770260584,0.00023845775001687594,0.00022007664665579796,0.0005734618772571393,0.0004094528306350497,5.671568214893341e-05
1750,2.655495789205542e-06,0.00011821751768290034,1.4081131666898727e-05,5.0114382586494144e-05,8.076661842104996e-05,0.0001444355584681034,1.4434432991742088e-05,2.7239228656126505e-05,9.354203939437866e-06,0.00034992408000780045,0.0006160354682491313,0.00011681672185659409,0.00020004559037908876,0.0002746554807313076,0.00032793451100587845,0.00011910338163445555,0.00040633079909322203,8.322484791278839e-05
1751,6.063144128128084e-05,4.213709100214791e-05,0.0002891481854021549,0.000153129266653243,5.867546490768982e-06,0.0001384369097650051,7.788774708381192e-05,1.906828101091052e-05,1.3452023267745972e-05,0.0004688005050055982,3.819319031384341e-05,9.966944344341755e-05,0.00013189668628992013,1.754005440157691e-05,0.0001611746847629547,0.00034075162641519774,0.00036162424734632794,0.00042358413338661194
1752,7.478542821529044e-05,2.2165520526903904e-05,0.0001312633976340294,3.879665685724287e-05,1.644496300860429e-05,7.851934060454369e-05,4.096099318976268e-05,1.3750303565646669e-06,6.277114152908325e-06,3.1822337133870227e-05,0.00018700978812887306,3.763055428862572e-05,0.00023391452271621926,9.720263846971569e-05,0.00012712553143501282,0.0004533478939711122,3.281704321530989e-05,1.8874183297157288e-05
1753,0.00029227008775094265,9.263781517594369e-05,2.9937829822301865e-05,0.00028112385969725207,4.227118170504682e-05,0.0001034000888466835,9.596042499140228e-07,1.1484496320029916e-05,9.324401617050171e-06,0.0001511237508300331,0.0007000825551718194,7.143430411815643e-05,0.0004225395678025823,2.844032995477641e-05,1.1539086699485779e-05,0.0002867424324892731,5.688194444484172e-05,0.00031817518174648285
1754,0.00044005411850095433,9.317082151858933e-05,0.00017543695867061615,0.00013837298772799433,8.461505010298395e-05,0.0001610051840543747,2.272307383085516e-05,2.4181316899245524e-06,1.848861575126648e-05,0.0001839182202522105,0.000560759677439255,8.002668619155884e-05,0.00013727141678386567,9.000681615543848e-06,6.779562681913376e-05,0.001078237299426077,0.00012199754085930308,6.779283285140991e-05
1755,0.0006934483560272764,0.00011442952096496137,0.00011065276339650154,0.00040219936399575607,0.00022934924040470678,0.00025786692276597023,3.99359478237063e-05,2.0261217600874753e-05,3.808364272117615e-05,0.0004903773656720553,0.0004458596600103136,0.0002987016923725605,0.00032050757313285827,0.00025182450376214083,0.00013422733172774315,5.993946904012115e-05,8.357287473435664e-05,0.0006103217601776123
1756,0.0002117766818162531,4.586309094620905e-05,0.00015104608610272408,0.00022762213318287816,5.2352471732221295e-05,1.1292751878499985e-05,1.9840190921873932e-05,8.46576668570156e-06,1.547485589981079e-05,0.0002974199515994036,0.00040082519781419954,0.00030827149748802185,5.578049942181473e-06,0.00028636442153289615,0.00010166782885789871,0.00028804226380013676,0.00017955403996915836,8.188746869564056e-05
1757,3.833864595026437e-05,5.642830666216514e-06,9.857723489403725e-05,0.00021862042925287206,5.558589607452397e-06,9.561516344547272e-05,5.111733833419729e-06,9.713024309427958e-06,4.090368747711182e-06,0.00032173874039991,9.609197348598233e-05,5.922908894717693e-05,5.0407092131568576e-05,0.0002152232529592929,6.508175283670425e-05,0.00035354418462724135,0.0001944431542068156,0.00015515834093093872
1758,4.989120504006461e-06,6.161954918650764e-05,0.00010939408093690872,8.594248654870962e-05,1.2932134426896918e-05,6.832648068666458e-05,1.1845479199273923e-05,1.79583817605271e-05,3.4123659133911133e-06,6.847684863305059e-05,0.0005385103038280381,0.00010622688569128513,0.00017567310931833335,0.00021767638017517257,0.00013988371938467026,0.00016681587543726506,0.0002522622166604557,0.00011849217116832733
1759,0.00018062902115124901,0.00010928261013910465,9.061768651008606e-07,6.340124953697901e-05,1.840689641390003e-05,0.00013479217886924744,2.121833554084157e-05,1.0398904615236077e-05,1.7292797565460205e-05,0.00010105270947506628,0.000205738688072072,0.0001990320160984993,4.905957358271318e-05,8.7717488290142e-05,4.409719258546829e-05,0.00027632334624308474,0.00010599178048010301,0.0002195853739976883
1760,0.0011962459200967196,0.00022546986603605781,0.002697266172617674,0.002122526316789844,7.053419381956166e-06,0.0028968839906156063,0.00018633057477798406,7.571685455665805e-06,2.675876021385193e-05,0.0012934118738570227,0.0006184247023508019,0.0008444618433713913,0.001401730356010572,0.0002673971868357959,0.0012046825140714645,0.0015980905819347746,9.339534297946647e-05,0.00037206709384918213
1761,0.0011003217940355053,0.0002133529069332854,0.0003181956708431244,0.0005491208359116317,0.0003918531617410452,0.0002141096629202366,2.871185892318502e-05,3.897310276564309e-06,3.057345747947693e-05,0.0006095986896022323,3.6945201112248416e-05,3.002351149916649e-06,0.0005968343646538185,6.82113331734735e-05,0.0001957463100552559,0.0007672399721033868,3.215710494084388e-05,0.00015384331345558167
1762,0.00033347627408410185,1.2141265111273447e-06,0.00028722453862428665,2.763786550327718e-06,0.00011077110690465436,0.0005423701368272305,5.4903131358058355e-06,6.125024215434811e-05,2.0600855350494385e-05,0.0001676257175458884,0.000982953891698564,0.000243121525272727,0.00031017269448115753,0.0006386671316905464,0.0005804593674838543,0.0006869626353122049,0.0009481934923749125,0.0004012715071439743
1763,0.0004875161183391652,0.000268584375916002,0.0012447042390704155,0.0009989189967911788,0.0002475939135732595,0.0011744201183319092,8.396374343508373e-06,2.352701563407988e-05,4.287436604499817e-05,0.0005153009677702977,0.0004061839497356036,0.00022280937992036343,0.0006836460304219943,0.000974433860092206,0.00018750084564089775,0.00048329479785515217,0.00023685205294987372,7.72327184677124e-05
1764,0.0013225666555553434,5.678337732986649e-05,0.00031417515128850937,0.002033384585611697,0.00041628811533684154,0.00019920757040381432,6.531289545075834e-05,1.9372947510451098e-06,6.311386823654175e-05,0.0007526938711107309,8.70931857223714e-05,0.00035246810875833035,0.0010067822704581397,0.0003545048841955001,0.00045739347115159035,0.0009363001774707613,1.5318625764545492e-05,0.0011657308787107468
1765,0.0006686099077782282,8.260826606013363e-05,0.00024603400379419327,6.385608334363857e-05,1.7292680143481814e-05,0.00024020811542868614,2.847336555791488e-05,2.6100915244000255e-05,1.8909573554992676e-05,4.931055975150589e-05,0.0006728432863779936,0.0002828659489750862,0.00041293799010033716,0.00017847314889175847,0.00026437733322381973,0.00046578447449577287,0.00038011412382026044,0.000373021699488163
1766,0.00011663494942146246,0.0002775814082723385,0.00020609702914953232,1.1432912484884983e-05,0.00016797784963031026,0.00017991242930293083,1.2641379592672267e-05,6.437424657860667e-06,1.5422701835632324e-05,0.00023028901336225732,0.0001003575184871687,0.0003490361850708723,0.000508203643991012,0.0005143884359912129,0.000306873582303524,0.00021571292746402904,0.00019209475920239655,0.00040492136031389236
1767,9.048599509663136e-05,1.2706183417313804e-05,0.0004262160509824753,7.900777576543005e-05,5.769457719407775e-05,0.0003081485629081726,6.783168414530374e-05,2.9001353684595136e-05,4.071742296218872e-06,0.0004460111828071614,0.00041769653458264763,0.00032534729689359665,0.00011532141806534779,0.00012859444907580703,0.00019375933334231377,0.000589281036788375,0.0003483734471141659,0.0001464802771806717
1768,7.548678730193159e-05,2.5364050462124005e-05,2.1659769117832184e-05,0.0002013610861480858,1.1116926586153542e-05,1.225993037223816e-05,4.31116837429843e-05,2.530463333980554e-05,1.1045485734939575e-05,0.00012378472651268513,0.00045013346729641177,0.00019531487487256527,0.00012324710678153494,8.254277567996265e-05,0.00016028247773647308,9.3860161812509e-05,0.0003580317462896993,0.00013856403529644012
1769,4.276312750003952e-05,6.748452615483458e-05,4.069507122039795e-05,0.00028846914739728835,2.3404392639071736e-05,0.00015161139890551567,7.576371240766017e-06,1.8104304634118835e-05,4.656612873077393e-06,4.660494344656263e-05,4.6238606642670654e-05,0.00013622967526316643,8.003306547924027e-05,0.0003372620310819231,2.5457702577114105e-06,0.0003518078153008919,0.00024128099525946248,5.565956234931946e-05
1770,7.154511932300212e-05,0.00012936456181109057,0.0003655371256172657,0.00023785255946771888,2.761956572246496e-05,0.0003927103243768215,4.327660191089447e-06,1.5908871287070023e-05,3.0174851417541504e-07,1.3339129140955974e-05,0.00043424433937344284,0.00017863092944025993,0.0003266276785325317,0.0003819964110847625,0.00021590059623122215,0.000420705142700567,0.0003481370944900756,1.0865740478038788e-05
1771,6.5617519131006e-05,9.431821373562244e-05,0.0002454770728945732,0.00032584123636077156,0.00014667153298358535,0.00034939730539917946,3.649262573259676e-05,9.31496040627801e-06,7.152557373046875e-06,0.0005071247256991235,0.00012753129463500407,0.00023838761262595654,0.0007365017122982487,6.61062052373651e-05,0.00010405806824564934,0.00017439735867702533,7.774513768016387e-05,3.625638782978058e-05
1772,0.00011533069407962393,0.00013909121082018167,1.6810372471809387e-06,0.00013603278879409375,0.00010685387345072198,1.3962853699922562e-05,2.1716851228580428e-05,1.9187646530218676e-05,1.7918646335601807e-05,0.0002828062250013752,0.00035710626442210514,0.00036763446405529976,0.000418597212248642,0.00035905743454156536,0.00034951232373714447,0.00013367246363268914,0.00037165967781422216,0.00031705666333436966
1773,0.0003243037973813395,8.499852672736244e-05,0.0004147053696215153,0.00012794018002654228,0.00012527785079150672,0.00048274965956807137,7.455780848854288e-07,5.5234716796560075e-06,2.950802445411682e-05,0.0004088110959869565,0.00023579443346282564,3.506499342620373e-05,0.00030951115123681316,0.00021970244601908148,2.8430484235286713e-05,0.000979200411037967,5.9537078038670276e-05,0.00023287534713745117
1774,0.00023519190950359314,0.00012178376283043454,0.00020199548453092575,0.0002834378409520971,0.00028632739231292115,0.00041624903678894043,3.123101840699603e-05,4.233606523733444e-05,3.989413380622864e-05,0.0001326850719391079,0.0010324500895145215,0.00033245328813791275,0.0003765165863540004,0.0005341893518742286,7.839081808924675e-05,2.3285200784012305e-05,0.000676492715032357,0.0008796462789177895
1775,2.0480889528232127e-05,9.383453091380348e-05,0.0003650016151368618,0.0001670419028071135,8.694509999045141e-05,0.0002125152386724949,3.896979984064318e-05,2.1235520643532338e-05,2.592802047729492e-06,0.00031861214810101346,0.0005862045259086117,8.944165892899036e-05,7.242940467072634e-05,0.0004108233395651237,7.399916648864746e-05,0.00030970410813316307,0.0003842225977864471,0.00016251672059297562
1776,6.033639948109515e-05,5.360660527758271e-05,0.00010826345533132553,9.359516025309045e-05,6.791884592804304e-05,0.00013805879279971123,2.1153385348153877e-05,2.1853703075148674e-05,1.4118850231170654e-06,0.00010383269394245026,0.0002722030358893804,2.5110319256782532e-05,0.00015104669016076377,2.775489394328881e-05,5.122646689414978e-05,0.00010822368694055062,0.000239145578057395,8.45547765493393e-05
1777,0.0002881912490250438,2.806390158753211e-05,0.0001519685611128807,0.00023760134000566646,2.8628861475438888e-05,0.00012147007510066032,4.097935335841546e-07,4.795100576718541e-06,8.109956979751587e-06,0.00033792079080691845,0.00010424240812539898,9.830063208937645e-05,0.0005229709352289613,7.624871928010174e-05,0.0001405058428645134,3.3566593443057346e-05,2.734558432934079e-05,0.00011032167822122574
1778,0.0003009921594043091,6.066697254072939e-06,0.00014072982594370842,0.00023141863886953773,3.6324047648153557e-06,5.4385047405958176e-05,1.9101827591200965e-05,2.776709179875864e-06,9.685754776000977e-07,0.00044399629372856436,0.0002247280693059052,0.0001604342833161354,7.87270370484483e-05,1.4987006722071844e-05,6.519956514239311e-05,0.0007254242033473135,3.960394042683453e-05,0.000347931869328022
1779,8.395616608469769e-05,7.005227758367927e-05,0.00016513140872120857,0.00015846687461672226,9.397994657728975e-06,0.000237263273447752,1.3300979666298549e-05,1.3785731948482934e-05,1.3902783393859863e-05,0.0001949011405798992,0.0004234685023352634,5.0729839131236076e-05,0.0003192030391478279,0.0005247177553057668,0.000166191253811121,3.6577474798293874e-05,0.00022056059015728748,0.0001956447958946228
1780,0.00022936057407431376,9.984187867330407e-06,0.00015709735453128815,8.393056679302513e-05,2.1602259288898418e-05,1.139473170042038e-05,4.900886120408343e-06,2.358619976591792e-05,1.2997537851333618e-05,0.00020861164034505914,0.00013531016972608348,6.886804476380348e-05,9.957631441405435e-05,0.00040885619644790566,0.00014406489208340645,0.000378357533379281,0.0003785912851270827,5.60171902179718e-05
1781,0.0001177442853658589,0.00025545244304912146,0.00011697597801685333,0.0003552987314134892,3.726327067514121e-05,0.00015981588512659073,8.50990832109745e-06,3.571526125530902e-06,2.0742416381835938e-05,0.00011868396887963067,0.00028500341793250006,6.220280192792416e-05,8.274732312626987e-05,7.434067546980769e-05,2.5544315576553345e-05,6.219357572948003e-05,6.958143945885124e-05,0.00047611165791749954
1782,5.0441562149991515e-05,4.700213838024908e-05,0.00012878980487585068,0.0001710810243692601,0.00012142485766268932,9.347265586256981e-05,1.255025062074644e-05,2.9858116371390617e-06,3.919005393981934e-06,1.6508453246737165e-05,0.0004581412128192852,7.122685201466084e-05,9.403649331279906e-05,5.7072804388869774e-05,4.3729785829782486e-05,0.00022390433237942653,6.479633837938679e-05,0.0002740761265158653
1783,0.0001696774066495127,4.706520397937744e-05,0.00013433722779154778,0.0002556099108247667,3.187595051873729e-05,9.876769036054611e-05,4.7003449053784063e-07,3.3098521006789754e-06,3.159046173095703e-06,0.0003643786460953771,0.00032238888885112796,2.6981346309185028e-05,0.00018301869477410637,6.03543106191054e-05,5.9938523918390274e-05,4.150182378678813e-05,6.278371970067174e-05,0.00012730807065963745
1784,6.750974612231009e-05,0.00011230550472657308,1.1000782251358032e-05,8.116215355939704e-05,5.2316664712726e-05,6.0323625802993774e-05,2.802063319997869e-05,5.921126728110468e-06,9.916722774505615e-06,0.000270946353505358,9.841977725705275e-05,1.4650868251919746e-05,0.00034018636861850304,0.00023715218560269383,9.240768849849701e-05,0.00021410869523622034,7.061456230293087e-05,0.00021392665803432465
1785,0.000101524135711753,9.165432731569542e-05,0.00019278470426797867,0.0003058053146564599,8.922632745567843e-05,0.00017164740711450577,3.2230951074734004e-05,1.3408398667797252e-05,2.4430453777313232e-05,0.00015615818127495684,5.939850879745773e-05,0.000239125220105052,0.0002782928992554612,0.00041910246708453877,0.0002294653095304966,0.0006188009851093856,0.0002165778655209491,0.00047751888632774353
1786,0.00018237277141618102,0.0001499866454647003,0.00012475578114390373,7.255509035999919e-05,7.596881600083205e-06,0.0002817530184984207,4.4058305716953086e-05,5.00021593304869e-05,2.7641654014587402e-06,0.0002563166026780875,0.0006657557329744108,7.334165275096893e-06,8.431784843236645e-05,0.0007533755657219074,0.00025888578966259956,0.00026587151705664835,0.0008233241666003874,0.00030473992228507996
1787,0.0005413405582842257,0.00019353265386894136,0.000279442872852087,0.00039656866319992545,4.472599221146123e-05,0.00019609974697232246,3.1612433755654964e-05,2.4717932893094047e-05,2.170354127883911e-05,0.000747655369535978,0.0004003678722243609,0.00011182064190506935,0.0007787337191939719,0.0006385564226007029,0.00026310840621590614,0.0004082405902638142,0.0003678037211105956,5.296152085065842e-05
1788,0.0005320795731806466,0.00022427870937623967,0.0004320540465414524,0.00035018479768669786,0.00013513039246483907,0.00045792292803525925,2.710106598975172e-05,7.076016348656761e-06,2.9090791940689087e-05,0.0009180038414148481,8.464031847944115e-06,0.00016620289534330368,0.0006697068464703859,0.0003024583192668545,0.00014324113726615906,0.0006312534727360986,7.717843871677538e-05,0.0001655956730246544
1789,0.000314733669024736,0.0002866829636284027,0.0001251744106411934,0.00026248254707325613,0.00016372626675861812,0.0002402891404926777,2.1205507931920317e-05,1.187897245387518e-05,1.4938414096832275e-05,4.302708003191269e-05,0.0002273558423456952,9.686104021966457e-05,5.243798843104774e-06,7.98151144115293e-05,2.915412187576294e-05,0.00014421110329201903,0.00014780789556235237,0.0001228945329785347
1790,8.670345983498307e-05,0.00012326544077255822,1.8032267689704895e-05,0.0003555611842441797,0.00011707425222844126,3.058137372136116e-05,2.199248641197339e-05,2.319036476376322e-05,1.1265277862548828e-05,7.197004844118615e-05,0.0004052438018147739,0.00014417781494557858,4.038623381495687e-05,0.0006026987742873899,8.41100700199604e-05,0.00027487788996657936,0.00042525515756517123,9.615626186132431e-05
1791,9.820979913811867e-05,5.548292516238673e-05,0.0002194894477725029,0.00022038778727472008,9.612800743498406e-07,0.00019226502627134323,8.33808503838615e-06,2.7885815359050847e-06,8.791685104370117e-07,6.755251959841835e-05,0.0002376149441160498,6.190384738147259e-05,0.00029098566269565584,0.0002974367222204205,1.665949821472168e-05,0.0007538732282145466,7.445373866193233e-05,0.00014341436326503754
1792,8.765983209080286e-05,6.621634211502817e-05,0.00018354691565036774,0.0002623118480127029,2.7004456599234727e-06,0.00017757900059223175,1.466308954719761e-06,5.499210006940612e-06,1.1906027793884277e-05,2.3284030129716582e-05,0.00044300137148791524,0.00018424051813781261,0.000137196597857131,0.0004588463822232103,0.00021702423691749573,0.00032096117552479764,6.324097210308119e-05,0.00016931258141994476
1793,0.0005284694550518054,6.142692908030212e-06,7.177097722887993e-05,0.0003626715912667111,9.749676696595155e-05,1.772399991750717e-05,4.046550134077613e-05,8.4309073595231e-06,1.9982457160949707e-05,0.0007533510159535989,0.00043728413083813505,3.5027507692575455e-05,0.0007067347921973915,0.0004843262433719929,0.00013219984248280525,0.0005079972474514582,0.00018654189814014833,1.974683254957199e-05
1794,4.98545215271845e-05,1.1980657016172347e-05,1.1084601283073425e-05,0.00014073382920792854,7.806042369266214e-05,8.907681331038475e-05,4.4627971539402955e-06,1.4631374144929478e-05,6.332993507385254e-07,0.00011369732031278612,0.00016189325660070225,0.00017701857723295689,5.425272760831157e-06,7.017811381814301e-05,8.819671347737312e-05,0.00045074507999354196,0.00024946666427671203,5.637016147375107e-05
1795,0.00022278292547080192,0.00012784003029284521,0.00017387839034199715,0.00010719071235525124,0.00014238806543464752,9.108427911996841e-05,2.6320378807906733e-05,8.053129196832051e-06,1.0371208190917969e-05,0.0005416435373712947,1.2885340884970231e-05,8.153589442372322e-05,0.0004727961902138006,0.00017696966110336554,2.0280946046113968e-05,0.00018629506126899287,0.00016074830892193887,0.00034894421696662903
1796,9.063016559639203e-05,6.173894863877732e-05,0.0001961556263267994,0.00023127129282064784,8.865832504076354e-06,3.324868157505989e-05,4.209286584487895e-05,8.573816190226029e-06,1.2479722499847412e-06,9.635675843907426e-05,0.00022059285609427048,0.00019880407489836216,0.0001280592024212046,0.0003583144554458115,9.077135473489761e-06,6.256332903908923e-05,8.408003098870666e-05,2.0992010831832886e-05
1797,0.00025924648740910383,7.999704342472741e-05,0.00018368614837527275,0.0002246559305727619,2.302736793036858e-05,0.00012794788926839828,2.100810971307661e-05,9.960898847588312e-07,6.560236215591431e-06,0.00030974532908707025,7.068513436694207e-05,8.195429109036922e-05,0.0002662071296440638,0.00011700322089085169,3.497535362839699e-05,0.0007304670125740931,7.583700143181087e-05,0.00019875913858413696
1798,0.0001549269367766004,8.054180803814329e-05,2.8755515813827515e-05,0.00012644340978500146,6.97189213727141e-05,1.2873206287622452e-05,1.2326782191053251e-05,6.128245770107763e-06,4.6193599700927734e-07,8.120440679923457e-05,0.0003571782027144664,3.0497321859002113e-05,7.840872325269588e-05,1.6421777599907178e-05,5.679205060005188e-05,0.0001741241175104158,0.00013761467964024717,9.350292384624481e-05
1799,6.905067846690871e-05,2.8295219702836882e-05,0.0001573599874973297,0.0002819038215043784,4.8935791092451913e-05,2.7255620807409286e-05,5.2051723607947006e-05,2.6101397835362635e-05,2.5853514671325684e-06,0.0003795122265047787,0.00013468243284402853,0.00010008946992456913,0.00018214853322430502,0.0005551077939646328,5.122693255543709e-05,4.450107491957289e-05,0.0003761435593335836,0.00015051104128360748
1800,0.00011557028918413037,0.0001234093162226363,0.00018698535859584808,0.00038866559208404483,3.8412976963959206e-05,1.3803597539663315e-05,2.1715847618652626e-05,2.4192178643830985e-05,3.4458935260772705e-06,0.0002916967451104674,0.0003948894296511192,0.00014977436512708664,0.00017168642990256222,7.595743088358031e-05,5.2074436098337173e-05,0.0009338982784809768,0.0003058662844779257,2.2739171981811523e-05
1801,9.768398070196527e-05,0.00011864704374567325,0.0003838236443698406,5.47472514262487e-05,6.260801335158592e-05,0.00014123274013400078,4.5220741443040974e-05,3.630875732142891e-05,2.5268644094467163e-05,0.0005157849041115062,0.0005523099297053968,9.309896267950535e-05,0.0004463282565160126,0.0004136750836266703,0.00019926950335502625,0.0006661168111149751,0.0005342011471335065,0.000183815136551857
1802,7.100544019955635e-05,3.564331080857866e-05,0.00023400131613016129,0.00028382625193705546,1.3052016589725629e-05,2.9135961085557938e-05,2.978638192510652e-05,3.4655928303017e-05,4.015862941741943e-06,0.00016927539217390097,0.0004153717965834497,0.00026732031255960464,3.3315598333027996e-05,0.0003176462640877911,3.945082426071167e-06,0.0005743309498513621,0.0005619284554767151,0.00037444569170475006
1803,0.0002775697658861931,6.344327922145482e-05,3.242958337068558e-05,0.0003334081323395077,8.713348376601648e-05,1.008668914437294e-05,4.635281157948715e-06,7.17057463853134e-06,7.051974534988403e-06,3.8406447625420614e-05,0.0001956320295800132,0.00013021077029407024,0.00012301222063219874,0.00011453258881868184,0.00010035652667284012,3.6782747060523646e-05,0.00018637899050471477,0.0004505850374698639
1804,0.0003841488845007235,3.816836225141451e-05,2.8219074010849e-06,0.00024112088068035942,7.65551788737065e-06,7.356330752372742e-05,3.023499166377938e-06,2.2398689710021976e-05,1.0401010513305664e-05,1.790338439568856e-05,0.0003636592289482897,2.442370168864727e-05,1.866421132490359e-05,0.00029306644353929365,0.00012567127123475075,0.0005672182658469915,0.00033799341544689214,2.023950219154358e-05
1805,0.00022103294003093799,5.953740161310922e-05,0.00022361567243933678,3.436460484625148e-05,9.264206118532459e-05,5.786772817373276e-06,4.282591925695509e-06,3.2173366711647897e-05,7.890164852142334e-06,0.00037247695235669703,0.0008437852570159533,0.00014553265646100044,0.0004244106881056281,0.00048009945222374575,0.0004458674229681492,0.0005997228336386828,0.00044852445552096866,1.878105103969574e-05
1806,0.00029112791171678754,2.669189716235712e-05,0.00037625664845108986,0.00010069802480787426,1.079404748638435e-07,0.0002500852569937706,8.725814209496058e-06,2.20387423136037e-05,2.4471431970596313e-05,0.0008452123064552758,0.0002626795666386475,0.00015700631774961948,0.0008277278446668229,0.0004221929155351946,0.0003398135304450989,0.00012825010517290847,0.0002902491518498272,0.00012238509953022003
1807,0.00017795108017956696,8.33867914941909e-05,0.00014429865404963493,9.748834015765873e-05,8.893174676791876e-05,0.00010867929086089134,3.074521388584002e-05,6.264135957838866e-06,9.804964065551758e-06,0.0005187236634010689,0.00024108174766019827,5.120481364428997e-05,0.0004382648037302289,0.0002986902844721133,8.427305147051811e-05,0.00023174638346655507,9.085282083416777e-05,0.0003302767872810364
1808,0.0003416632119047913,8.905113411355331e-05,0.00026822881773114204,0.00025513375048279163,0.00019610642803506717,6.477395072579384e-05,8.159794378497648e-06,2.3858221904842077e-05,1.1198222637176514e-05,0.00033663694232179825,0.0009803775386074479,0.00023529375903308392,0.000428412442927642,0.0003126619653426206,3.9542559534311295e-05,0.0007271456828325112,0.0003013536773905784,0.00025409460067749023
1809,6.906488821392665e-05,5.23258664428157e-05,0.00031769508495926857,4.222248165966502e-05,5.57633833144916e-05,0.00013001728802919388,8.168791803184368e-05,2.5080146200136548e-05,5.420297384262085e-06,0.00010679485191058408,0.0005296150643085661,0.0002741776406764984,0.00035783772644835954,0.00014235588829184312,4.209345206618309e-05,0.0007771880232672196,0.0003996678513967077,6.958283483982086e-05
1810,0.00028144141578917425,0.00010496771104410649,0.0003842548467218876,0.00017730837601259708,4.192698213748361e-05,0.0003129439428448677,6.68943254865384e-07,8.698595427706669e-06,3.471970558166504e-06,6.633878310392805e-05,0.0002861813965850564,0.00020308303646743298,0.00022226768680200237,0.0006669857191888354,0.00014170119538903236,0.00012089638815677983,0.00010922806198333974,0.0004112236201763153
1811,0.0002828198295344031,0.0003712753898668965,0.0010623335838317871,0.0003755405016909741,0.0004617359226156588,0.001301600132137537,0.0001427841961603154,1.3193695035926647e-05,1.9881874322891235e-05,0.0008670097196860557,0.0006884870829717352,0.0005038208328187466,0.0010191632054757718,0.00017014986101212062,0.0008765845559537411,0.0004346025625846933,7.38710646890784e-05,0.0006399042904376984
1812,0.002054486224569302,0.0003632831830314119,0.001179700717329979,0.0020096724185623693,0.0007430380313874253,0.0007168818265199661,0.0001295006848138873,9.436114383255551e-05,0.00010780245065689087,0.0006127465387089706,0.001155635393641847,0.00021738186478614807,0.0005677087280041432,0.000894647586302675,0.0008912389166653156,0.00090591399876018,0.0014193480607107888,0.0020441152155399323
1813,0.0008414539163830725,0.0011683018940028614,0.0007808171212673187,0.0012944841003910412,2.1407029848891784e-05,0.0006369124166667461,1.6623446265906505e-06,1.690229417295819e-05,0.00011543557047843933,0.0010020595002356025,8.063705694057524e-05,0.000733829103410244,0.001264159210350023,0.00027492343482082154,0.0009575365111231804,0.0008877699017774549,0.00021816562673418471,0.0017239004373550415
1814,0.0013248129952859455,0.00010160340183992464,0.0006623240187764168,0.0009837753078563716,0.00034742583890187695,0.00021647289395332336,0.0001240306677298443,6.637768795737976e-05,2.6687979698181152e-05,0.0001940304941735263,0.0007699060794389805,0.0001453678123652935,8.257653698864886e-05,0.0008731668257591779,0.00036797020584344864,0.00038987036604756775,0.0011155132443734748,0.0004690978676080704
1815,0.0007197861492760776,0.00012308301385980172,8.576177060604095e-05,0.00023091799480468023,0.0003899364534204683,9.597837924957275e-05,5.3755209573227644e-05,1.2244812484478527e-05,4.730001091957092e-05,0.00100272807019465,0.0003008790333349082,0.0007027406245470047,0.0007227803650156142,0.00014937608542599928,0.0006940392777323723,0.0006600990387767569,0.00020457294745667137,0.0003206580877304077
1816,0.00017549236543912272,0.00013079407328209572,0.00022057164460420609,0.0002847161111265012,7.262715894521335e-05,0.0003230469301342964,3.819442860829997e-06,1.9072725701270855e-05,1.2297183275222778e-05,0.0001282015871528,0.00011228738892875637,0.00014805607497692108,0.00011429782267229072,0.00021318845698437353,0.00026189209893345833,0.00016421176596542741,0.00040713049431125503,0.00036129169166088104
1817,0.00018161792533154253,0.00015365303342849967,1.7033889889717102e-06,0.00013682233229057872,0.00019322279630583014,5.733780562877655e-05,1.338570077209604e-05,2.840562602623249e-05,2.4974346160888672e-05,6.218631024706989e-06,0.0003527940111644201,0.00034977681934833527,7.892364256183171e-05,0.000316752485059163,0.00026256684213876724,0.0001157915745527982,0.0004645958040265805,0.0005193948745727539
1818,0.0003733107177541495,2.950736332330006e-06,0.0002985335886478424,0.00013004941520282365,0.0004892857886369326,0.00015154434368014336,2.9013207786829018e-05,1.9827962826600388e-05,3.4496188163757324e-05,5.9405832864949104e-05,0.0005027596443379564,0.00010209670290350914,4.5322206132764054e-05,0.0003103545537949462,0.0003139860928058624,0.00047284330657276774,0.00035798068953530595,0.0005030576139688492
1819,0.0003078702383197407,0.00024023342483619342,0.0001262882724404335,0.0005549765903410386,1.7790018218423465e-05,0.00016327481716871262,2.0061891056473435e-05,9.881290877227032e-06,2.7939677238464355e-06,0.00015521198841654538,2.3691689629429247e-05,1.291162334382534e-05,0.00018659631244673236,7.276962955894001e-05,8.44709575176239e-06,0.0005159003765576736,0.0002701999518935506,0.00021911971271038055
1820,0.00023730504006237718,4.716834913430848e-05,0.0003775833174586296,0.00017859000064217312,0.00035423145766220326,0.00041714031249284744,6.948220707095332e-05,1.537691372140615e-05,3.298744559288025e-05,0.0001110379859739219,0.000507161341174879,0.00017916876822710037,3.87051286628165e-05,1.6884408275602558e-05,0.00012096250429749489,0.0002100346485020138,0.00033509477940342047,0.0006009694188833237
1821,1.4052934430602848e-05,4.219411384473806e-05,0.0005242228507995605,0.0006935489121686622,0.00023620860424338266,0.0005569988861680031,5.483265475638918e-05,4.781285219028551e-06,4.9233436584472656e-05,0.00012751410011670183,0.00020974424504637684,0.00029139663092792034,0.0001777666285123075,0.00018705121644528588,0.00022606505081057549,0.001248764129042082,0.00016071214435415052,0.0009241681545972824
1822,0.00041553964632125295,0.00022771336704683134,0.00018610432744026184,0.00013341540359684823,9.8801135038247e-06,5.438784137368202e-05,1.1252598111041387e-05,6.638835219536149e-05,1.666322350502014e-05,0.0013062350462787475,0.0013928036367606214,6.289873272180557e-05,0.0005762419880502648,0.0008294943300163164,0.00044759269803762436,0.00047739915831011837,0.0009781837461469794,1.738034188747406e-05
1823,0.0002129804539985347,0.0003570738786446391,0.00041501689702272415,0.0006038223567048362,0.00019863239065691374,0.00015595462173223495,1.509618025536709e-05,3.513605715356276e-05,4.6584755182266235e-05,0.00041160983646672256,0.0003233449606860686,0.00022697681561112404,0.0002690661509173742,0.00046167780692632845,0.0005633323453366756,4.363021568397352e-05,0.0005733470361150668,0.0006388034671545029
1824,0.00018560569536336946,0.0002561613495083333,0.00041288742795586586,0.00022829861305349863,0.00012889449612105489,0.0003238273784518242,6.361542781955186e-05,3.0436626882931664e-05,4.768744111061096e-05,0.0004549255288350401,0.0007051422623605974,0.0003525232896208763,0.00024161690613148934,0.0004826010995499577,0.00046328315511345863,0.0005110033687607818,0.00045757614342330265,0.0007987301796674728
1825,0.0001568220321048891,0.00021140501026033556,0.00015825964510440826,0.00016440847097207167,0.00010690775109245543,0.00013138214126229286,2.381643451267179e-05,8.377732223675496e-06,3.530830144882202e-05,0.00025658834345314296,0.0001635858743322116,0.00025336374528706074,0.00031448181272018816,0.00037070852019869746,0.000288527924567461,0.0004631902011113659,8.046119258200155e-05,0.0006508380174636841
1826,3.6828560961987833e-07,3.2408915850941356e-05,3.576185554265976e-05,2.8347171709450225e-05,5.420300897463967e-05,2.863304689526558e-05,4.135747679995423e-05,5.937024408871782e-06,8.34837555885315e-06,0.00034404117351045926,8.99876472090777e-05,1.906813122332096e-05,0.00041226538301759874,7.406619071501086e-05,3.183446824550629e-05,0.0008100764638376001,5.346262740427762e-06,9.219720959663391e-05
1827,0.0002582075063520123,8.218476237832617e-05,8.961325511336327e-05,0.0005676788670631039,0.00022491694164917392,6.733322516083717e-05,1.643707975484618e-05,1.0585217843426479e-05,5.62518835067749e-07,2.619466317715924e-05,0.00028697934678481585,7.393956184387207e-05,0.00011183181982268864,0.0001686726267280357,8.214730769395828e-06,0.0010709985140597844,0.0001194168533827384,0.00029680877923965454
1828,0.0003081503530784485,0.00037911537591249836,0.0006524389609694481,0.001205527749920804,0.00016072583974682808,0.0008173421956598759,3.0771479980418875e-05,1.7018921357094913e-05,5.23105263710022e-05,0.00043094188846698467,8.030497647119536e-05,0.00020298920571804047,0.0005898278921163402,0.0002786813475622041,5.3083524107933044e-05,0.0003241598977717919,0.00027047616872451783,0.00027917511761188507
1829,4.744567919380549e-05,0.0007332408310618335,0.001365089789032936,0.001399978878211347,0.00027968612844616464,0.0009801019914448261,0.00018977007703479057,8.568074096559637e-05,2.7280300855636597e-05,0.00031637394318910494,0.0007407081694729839,0.0004644254222512245,0.0003932871633120921,0.001154714782248708,7.681082934141159e-05,5.392530038728083e-05,0.0013406210273018307,0.000569881871342659
1830,0.00028914956228026645,0.0007558109023578508,7.958803325891495e-05,3.7776461115301974e-05,7.6149513214184e-05,3.250595182180405e-05,1.690442392159215e-05,2.7114697274495912e-05,1.216307282447815e-05,0.0002487733441666126,8.400334165932152e-05,9.93113499134779e-05,0.0003980152729575054,0.00046151075289246543,2.565886825323105e-05,0.0016968416389693125,0.0004495309816063952,0.0001995563507080078
1831,0.0003326523723140018,7.74097576713359e-05,0.00026927608996629715,0.0012376339034802508,0.0006195378904804011,0.0002897549420595169,3.892633852611849e-05,3.366165160442785e-05,4.8995018005371094e-05,0.00045974893498512,0.0010209504901275493,0.00025260914117097855,6.598657049740331e-05,0.0002891261757920066,0.00014808867126703262,0.0003227875004961217,0.0005018055628592194,0.0008306708186864853
1832,0.000568122367920712,0.00015612935950351167,0.0008616931736469269,0.0010089131657381456,0.00018318569504083282,0.0007110633887350559,8.927704731655217e-05,1.1103111221993196e-05,3.995373845100403e-05,3.238948326158425e-05,0.0002950618127262883,0.0001381260808557272,0.000292153018573188,0.00041883080841433745,0.0002852887846529484,0.00098737911418402,0.00020292743536198116,0.000803062692284584
1833,0.00029100219965071117,8.370704068203644e-06,0.00021409988403320312,0.0004758008504756467,8.44071668938337e-06,0.0002762600779533386,1.876839174681788e-05,4.562989400737935e-06,1.060590147972107e-05,0.00037373306099320464,0.00037732014481670073,0.00021443236619234085,7.309713641850957e-06,9.85208292014067e-07,0.0002210354432463646,0.00021752452431397784,1.0742667035042869e-05,0.00023510679602622986
1834,6.0093918838405314e-05,9.06038771904226e-05,0.00018120091408491135,0.00022025927143673463,6.742390022381958e-05,1.1828262358903885e-05,5.033600987409785e-05,2.881122021807772e-05,2.0992010831832886e-05,6.751465073117496e-05,0.0002036358158572539,0.0003330863546580076,0.00021506767804922722,0.0006118366996558586,0.0005379039794206619,0.000509250598510258,0.00040877997098361357,0.0004502059891819954
1835,0.0003443964816404327,0.00026720473135513276,3.0938535928726196e-06,0.00018456561944493743,0.00012233453097561242,0.0002245977520942688,5.9209469369776724e-05,3.552525566768858e-05,3.210827708244324e-05,0.00033034629914392016,0.0005334165472913911,0.0005790926516056061,0.00010267715856886184,0.0006970333767820254,0.000848062802106142,0.0009337656412151951,0.0004360835927991061,0.000882376916706562
1836,0.0004201213145678395,0.0002979546856971202,0.0005062548443675041,0.0008093621049998084,6.395395548566482e-05,0.0001972331665456295,7.459251033435296e-05,4.051279304187374e-05,2.896040678024292e-05,0.00018295593094031642,0.0007461728916119854,0.00018616742454469204,8.745516101638096e-06,0.0009749463548809414,0.0005712839774787426,0.0007943897115598036,0.0004811899463451454,0.0005735373124480247
1837,0.0005831746753902495,0.00043825225513984337,0.00024219602346420288,0.0007958897632665968,6.138653039838501e-05,0.00015314482152462006,2.155262019361802e-05,7.895919619182947e-07,2.0269304513931274e-05,9.002151520857982e-05,0.0003460830815346788,0.00026797084137797356,3.553254306562503e-05,0.0005893636736827926,0.00039478810504078865,0.0003917404370815253,7.48757377863141e-05,0.00019886251538991928
1838,0.00037554701408810953,0.00030716929535410525,7.4049923568964e-05,0.0005421845118878804,0.00010378932886679487,0.00020810309797525406,1.7835536769339813e-05,2.9304596588698435e-05,2.6833266019821167e-05,0.0001851587644784436,0.0005469672747797499,0.00019388110376894474,0.00027784428778727943,0.0002493578906069237,1.3764481991529465e-05,0.000731393250223214,0.0005450316185284937,0.0006059315055608749
1839,0.00026066851175136907,4.9314957718572805e-05,0.00024799490347504616,0.00012027684375334746,0.0001258586870175847,0.00014649657532572746,2.974347800334745e-06,5.194870762255339e-05,7.048249244689941e-06,0.00039527058998066467,0.0013436011046701543,0.00018462678417563438,1.3934216792840792e-05,0.0004542802627454656,0.00039605190977454185,0.0005445208162519616,0.0008368529987395545,0.0003161095082759857
1840,0.00030370195545337264,0.00011854182831517665,0.00044475356116890907,0.0004708524713638307,0.00017656316389370527,0.00023739971220493317,2.3977405423489598e-05,1.275420952157318e-05,2.925470471382141e-05,0.0007253430468729324,0.0004900262142866381,0.00020944327116012573,0.0004069384293061279,5.0939644002146595e-05,0.0005593639798462391,0.000945282781832521,0.0002922408558093531,0.00013856403529644012
1841,0.0007050356313864498,2.1804369156115666e-05,0.00029381224885582924,0.0001640988567967322,7.992211727919987e-05,0.00016434211283922195,4.329700066251635e-05,2.415724461961907e-05,4.0125101804733276e-05,0.0005881403034305455,0.00028286517993734994,0.00019039702601730824,0.0007264718562914399,0.0001304367830955687,0.0003877156414091587,0.0006441763375701348,0.0005208521988875779,0.0003809109330177307
1842,0.00035813682210765474,1.8850037184447305e-05,0.00018882285803556442,0.0002027229329151503,6.743759431185326e-05,8.941115811467171e-05,1.4299967492376747e-06,2.3936141082217966e-05,2.588331699371338e-05,0.0007434219691296179,0.00011585275386292657,5.561462603509426e-05,0.00048206467442627604,1.6738749914750606e-05,0.0002006874419748783,0.0009039998433915397,0.00038484049693546414,0.0001487378031015396
1843,0.00016471940715127864,0.00016187011098150322,0.00010539870709180832,5.039061119621602e-07,2.292365276866659e-05,5.794130265712738e-05,3.355263730672048e-05,6.448654557015296e-06,9.287148714065552e-06,0.0007251533940122942,0.0004968241376978703,0.00018587172962725163,0.0003605942383606356,0.0002594300995457967,0.00011619739234447479,0.0006351834113847571,4.839736213516164e-05,0.00018889456987380981
1844,0.00019290555677174692,0.00019443865564379784,0.00023475289344787598,4.673907819124912e-05,6.528191032674144e-05,8.004531264305115e-05,2.008899779889356e-05,3.0162533249658812e-05,1.5124678611755371e-06,0.00015468206524336947,0.0007939104666400548,4.378356970846653e-05,0.00024851470703117495,0.0006549877656195947,0.00017003575339913368,5.1567409363864614e-05,0.000348779892128971,8.480995893478394e-05
1845,0.0003235022188680242,1.6145759820070105e-05,0.00035350536927580833,0.00046545688397583995,4.449642957657721e-05,5.3717754781246185e-05,1.0614710940003852e-05,4.747525134734192e-05,1.0579824447631836e-06,0.0003754565790739378,0.0006833219921256288,0.00023608584888279438,9.147083090065011e-05,0.0006291967293966319,0.00019344501197338104,0.0002793132409340954,0.0006943554234903355,0.0001543033868074417
1846,1.701050617072819e-06,0.00020709848311814202,0.00015352526679635048,0.0003057550740953596,8.909450700953642e-06,3.268057480454445e-05,8.354276383435583e-06,1.2305357007535891e-05,9.4585120677948e-06,0.00028465314201091274,0.00012816367075677015,0.00014967541210353374,5.658355744606047e-06,0.00039164544318274,0.0003836364485323429,0.00029517137765894264,0.00017107224978510967,8.847005665302277e-05
1847,0.00026472232032018206,7.717374741756516e-05,0.00022418471053242683,0.00031544806894398536,9.324351443730158e-05,0.00012017413973808289,1.8931210331736212e-05,4.923436105662481e-06,1.2174248695373535e-05,0.00018837544026344133,0.0002551849618803205,0.0002025645226240158,0.0001990411906845485,0.0001706099782544969,0.00032375287264585495,0.0002795696751251714,8.774620685639278e-05,0.0002373959869146347
1848,0.00035773123725524325,0.00018008092465788758,0.00010634027421474457,0.00032499348692963115,6.516417361195417e-05,0.0002713673748075962,1.1397013536511985e-06,3.3917046978958654e-05,2.570822834968567e-05,9.263838629891552e-05,0.0009998681635998187,0.0001256866380572319,0.000577298429390756,0.0003173419895759165,0.00010419264435768127,0.00028996140267460724,0.00045486246001142944,0.00038276519626379013
1849,8.632218408730075e-05,9.161578350022279e-05,9.015295654535294e-05,8.33270860725599e-06,9.000772496925089e-05,7.000099867582321e-05,3.157406306771374e-05,2.4502980121643815e-05,4.477798938751221e-06,0.000140938066339788,0.00023896779035643967,0.00011305022053420544,0.00014107779614276617,0.00039939859230485666,6.353948265314102e-05,0.0003666832521546648,0.00046379546710620737,0.00011359062045812607
1850,0.00031433703100385013,2.1098801214401025e-05,0.00017793802544474602,0.0003553393156875001,8.222542845174804e-05,9.014271199703217e-05,2.6508407756439464e-05,4.004705439964525e-06,1.953914761543274e-05,9.809966521589358e-05,0.00044096794404579337,0.00017083529382944107,0.00014509587395585,8.007003656552297e-05,0.00028041889891028404,0.0002720801592957789,0.00013716004339693697,0.0004468075931072235
1851,0.00026070151782246753,2.3132846414603697e-05,6.792694330215454e-05,0.0001540296771816163,4.6648555484630344e-05,7.105851545929909e-05,3.245715991519876e-05,2.516663071441648e-05,2.216547727584839e-06,0.00034245281028771196,4.105798958897386e-05,1.1836178600788116e-05,0.00015884742302520183,0.00017510105933623427,1.2039672583341599e-05,6.107376858784097e-05,0.00037206054864407333,3.3622607588768005e-05
1852,8.250896216915882e-05,1.0617278286845916e-05,0.00015216786414384842,5.5623570043697446e-05,3.3040515577294205e-06,4.265643656253815e-05,2.625309553347388e-06,1.772239899001509e-05,5.781650543212891e-06,0.00016319077932808873,0.00036527764293029993,3.501586616039276e-05,6.921973225142153e-05,0.0002776507567591874,0.00018426356837153435,6.959320756580456e-05,0.00020751127293135597,0.00016815215349197388
1853,0.0003842593107778458,3.318177911490472e-05,0.00025111157447099686,0.0004733725110139392,8.360627206904434e-05,0.00018717627972364426,2.059663336435001e-05,2.607617480616481e-05,1.765415072441101e-05,7.345918452820316e-05,0.0002039963314008804,0.00010883319191634655,0.00034760350959034403,0.0003193556085302751,2.9754824936389923e-05,0.0008318329717376532,0.00033577918302940025,0.0001832796260714531
1854,0.0001344545157668936,0.00020471269739915504,0.00010900851339101791,7.038422637484221e-05,0.0001008846208642826,0.0001062098890542984,3.3417720985700824e-05,1.5051337014116079e-05,3.3542513847351074e-05,3.564735670513741e-05,0.0003060519427066956,0.0003277398645877838,4.282237078848117e-05,0.0002908836204179831,0.00031771929934620857,0.00022341128771782848,0.00022028808241099027,0.0005516773089766502
1855,0.0002859346573065302,2.852554194563567e-05,0.0002707662060856819,4.5172575965229944e-05,4.51939234349559e-05,0.00028547411784529686,5.043248516938513e-05,7.375461663807175e-06,4.7907233238220215e-06,0.0001694164786248606,7.071791269392877e-05,9.582657366991043e-05,0.00026005103582722733,0.0003105663128243445,0.00011400645598769188,0.0001938245841087427,1.4692846795126384e-05,2.0666047930717468e-05
1856,0.00023387080249805126,1.3558934514566745e-06,0.00016442686319351196,0.00032135302305315305,5.192160206513724e-05,0.00012231478467583656,3.442824287014888e-05,9.741313617269375e-07,2.2318214178085327e-05,0.00014344644594522366,1.2033055678310756e-05,0.00017729774117469788,0.0004114068583665059,6.459245390291746e-07,0.00024388311430811882,0.00018352335347707194,1.6553110625270977e-05,0.0003513675183057785
1857,2.4582548557569583e-05,9.824206392004126e-05,0.00013102125376462936,0.0001275658956014225,0.00011524455726515462,6.536534056067467e-05,1.5331895488036526e-05,2.2884056602243542e-06,1.4409422874450684e-05,0.0002873173521761932,2.7878766790230547e-05,3.428058698773384e-05,0.0001614758557580559,7.21583312509981e-05,0.00010733772069215775,9.768926610224937e-05,4.689509877232618e-05,0.00017446279525756836
1858,0.0003261328224926502,5.825908831308402e-05,6.081536412239075e-06,0.00014699168108391059,0.00012064068632781574,3.714114427566528e-05,5.277061529508631e-06,2.031144311223285e-06,7.808208465576172e-06,8.013571273453313e-06,8.719060233027681e-06,0.0002170405350625515,0.0002535743968451881,7.840120068513742e-05,0.0001868782564997673,0.0006325455762823395,2.8844584990156234e-05,0.00022906996309757233
1859,7.764034498283778e-05,3.378761725671142e-05,0.00016850465908646584,4.617758364144908e-05,1.2546557698042693e-05,0.00010965066030621529,2.9329125022993507e-05,1.906945912813978e-05,2.7429312467575073e-05,9.889043193817004e-05,0.0004010266231236105,0.0001460891216993332,3.8924846697249715e-05,1.654050035552676e-05,0.00023531541228294373,0.00019382375611183555,0.00042483557495809777,0.0003359708935022354
1860,0.0005599516900469947,4.159879009944106e-05,0.00014208583161234856,3.4881540864381555e-05,8.562690199613587e-05,2.1954532712697983e-05,1.658647698062239e-05,3.0031844961609223e-05,2.693384885787964e-05,0.0003872849209817786,2.391120188657142e-05,0.00012140744365751743,0.0002678940589188328,0.0003460025307814099,0.00028373533859848976,0.0005574589268526192,0.0005161663619924666,0.0002816561609506607
1861,0.00019784038700743078,0.00018877448347772927,8.38208943605423e-05,0.00022350672496548873,0.0001389421060476355,1.8926337361335754e-05,6.660012147908026e-06,2.4150100532034592e-05,1.642480492591858e-05,1.284593915473059e-05,0.0008996700290560128,0.00026568234898149967,0.0003365240062585956,0.00021759280685390917,0.00014456873759627342,8.213903044729243e-06,0.0003875685659632741,0.00014622695744037628
1862,1.5499096834029058e-05,4.484325304079939e-05,0.00029989657923579216,0.0003234679174108773,8.934477867925464e-05,0.0002461508847773075,5.281333574523421e-05,4.8422828787254e-06,4.3585896492004395e-06,0.0003516152703839093,0.0007128223676647234,9.280000813305378e-05,0.0002845365431841801,4.756175440332258e-05,7.088854908943176e-05,0.0004947542956513368,0.00011012884722910732,3.850087523460388e-06
1863,0.00017315549075298808,0.0001101731441773661,5.809031426906586e-05,4.871651028404145e-05,3.0037291933075055e-05,3.077881410717964e-05,1.436773897442456e-05,9.991268929569904e-06,2.164393663406372e-06,1.6554272517933788e-05,0.00022353004481768732,9.722728282213211e-05,3.907516214765594e-05,1.8072582660642877e-05,9.425031021237373e-05,0.00034408529536029964,0.00017262717254795668,7.351860404014587e-06
1864,4.3892336941242505e-05,8.125145166829398e-05,0.00030120648443698883,6.655675923877835e-05,8.540215266466394e-05,0.00021193409338593483,2.677855656226663e-05,2.0133998121210064e-05,8.072704076766968e-06,0.0003194886826577148,0.00016874284709197246,0.00038887420669198036,1.2087022994641816e-05,0.0006802447894573571,0.0002764882519841194,0.0005049714801762806,0.0002291699899897139,0.0001677256077528
1865,0.00010785239702500171,1.448006165815502e-06,0.00012063933536410332,5.989362581354518e-05,0.000169853866308238,0.0001860051415860653,2.7478375047400305e-07,9.511774735403784e-06,9.8496675491333e-06,0.00016642650190837327,0.00029592642422465384,0.00022800522856414318,1.5312175696724495e-05,0.0002250036672245062,0.00029306206852197647,0.0001909806887147869,0.00012376305430298207,0.00044651515781879425
1866,0.00016661021615774207,2.0964248516171236e-05,0.0001448863185942173,0.0003158518453533765,2.2706316919023084e-06,0.00018905801698565483,5.747568691556043e-07,1.5992572401650105e-05,1.1958181858062744e-05,0.00021040939824702037,0.00015855586858022977,6.141606718301773e-06,0.00022351080500011833,0.00022494769711099358,8.813058957457542e-05,0.0009061260377563329,0.0002573936285645605,5.76656311750412e-05
1867,0.0007248329989557045,7.366340637158728e-05,0.00013871630653738976,0.0005106429858840328,1.0189219519195214e-05,0.00018016714602708817,2.88504361378554e-06,7.048571065571192e-06,3.0405819416046143e-05,0.0006503388627299989,0.0001496000106814624,4.749768413603306e-05,0.000748019975625111,0.00044571014330778425,6.719958037137985e-06,0.0008397705168114999,5.8658608722565904e-05,0.00024487823247909546
1868,0.00041467264498890044,1.3117627670814619e-05,0.0001625344157218933,0.0002309065022120249,3.768224081557997e-05,9.777257218956947e-05,9.49655397262418e-06,1.0338478920447227e-05,2.7213245630264282e-05,0.0002342318995370088,5.964173130999784e-06,9.637931361794472e-05,0.0005529230389840906,0.0002713910251612786,0.00016353651881217957,0.0006858238288274116,0.00013751576828829014,0.00045995041728019714
1869,8.563926365556807e-05,2.362167925264516e-05,2.6316381990909576e-05,0.00015326105111476696,3.087915902820135e-05,3.5418663173913956e-05,3.4607007214856184e-05,1.1056333330486e-07,5.576759576797485e-06,0.00014573466622479214,0.00020934732690222266,2.534734085202217e-05,0.0002160099294475637,7.536800472019226e-05,4.643108695745468e-05,0.00031868448351111966,0.00010299667167780382,6.737932562828064e-05
1870,4.19207726559262e-05,9.291894590054625e-05,0.000138954259455204,9.867463047952274e-05,8.595220859174482e-05,2.261856570839882e-05,2.5948030510900694e-05,1.7338182933663323e-05,2.853572368621826e-06,1.701328286302789e-05,0.0004650146776252577,9.285449050366879e-05,8.568771478988102e-05,0.00045067076735049935,5.570612847805023e-05,0.0003120546022210291,0.0002005211133078418,0.00016201287508010864
1871,0.00020896689738404695,9.48598065536252e-06,9.299628436565399e-05,9.193128252567295e-05,3.729041871233796e-05,6.355904042720795e-05,6.775984399853829e-06,7.349976408791792e-06,3.7178397178649902e-06,0.00020002219525633302,0.00019762616143486483,5.736947059631348e-07,0.0001490701700044006,0.0002491874395476358,4.865368828177452e-05,0.00042917970198974587,9.334299211590479e-05,0.00021021999418735504
1872,0.00033208983599394837,0.00013918229628288523,9.953044354915619e-05,0.0003077091152290795,1.8258774908221087e-05,0.00024127215147018433,2.7914403917696576e-05,3.6323936366950175e-05,1.9550323486328125e-05,8.638021010823338e-06,0.0006902937232037033,4.011392593383789e-05,0.00027402159115748337,0.0007670341482988313,0.00015710340812802315,0.00023378076688852778,0.0005654524940444149,8.565373718738556e-05
1873,0.0004187508418009023,6.927503990703313e-05,0.00014999229460954666,0.00034779968989945287,0.00011977291694447584,9.654229506850243e-05,2.282552382989328e-07,2.4716824559678767e-05,1.6652047634124756e-05,0.00026720595598569985,0.00022477274642634937,0.00022550136782228947,0.00014301593187626693,0.00010922743140370436,0.00017052888870239258,0.0004855448601996659,0.00030879107982478577,1.3766810297966003e-05
1874,0.00016263093189267108,0.00014158017631502387,0.000280255451798439,0.0001953370536479787,2.397984048163257e-05,0.0003042565658688545,4.766230835578228e-05,1.380613908677161e-05,2.0325183868408203e-05,5.0467681639805584e-05,0.0002556732174658141,7.854378782212734e-05,0.00021730678941929427,1.183932131664997e-05,4.4484157115221024e-05,0.0008728475689096377,0.0003099187655489005,0.0004698280245065689
1875,0.00018195601526396765,1.516006802381592e-06,2.544419839978218e-05,0.00022511180868009517,1.2447326368195122e-05,8.645467460155487e-06,5.751018823012613e-06,1.766547052062847e-05,9.033828973770142e-06,0.00014018981149684084,0.0004445450794438692,3.6504585295915604e-05,8.245602235709693e-06,0.00023067157990700957,2.4605542421340942e-05,0.00022421800081914856,0.00022231243610865668,0.00016926415264606476
1876,0.00013540819284484085,7.644464141292814e-05,0.0002480405382812023,0.0001894747967297189,0.00010021748963721933,0.0003256499767303467,9.096392833241734e-06,2.811471464422865e-05,2.3789703845977783e-05,4.4194449235639144e-05,9.044520965797997e-05,0.0003153695724904537,0.00011247621071204528,0.0005779211797808902,0.0001894230954349041,2.3544718215876004e-05,0.00034728044865059687,0.00032913871109485626
1877,0.0008656296355549209,9.779916855166132e-06,6.28763809800148e-05,8.780741970586259e-05,9.705841591559419e-05,4.878919571638107e-05,2.5866459047146906e-05,3.3734840582982234e-05,1.7814338207244873e-05,5.706756994342671e-05,0.0002653621170847567,4.5705121010541916e-05,0.00016307012447012992,0.00029968048894355934,0.0001273895613849163,0.00037987633008822186,0.0005363308946550148,2.7021393179893494e-05
1878,0.0005414995941435269,1.3997713246297061e-05,1.0078772902488708e-05,9.792921089074591e-06,0.00011966642621750664,9.833881631493568e-05,6.952235334814483e-05,4.484841504810895e-05,1.6782432794570923e-05,3.1396665024170656e-05,0.0005137975462746365,0.00013876170851290226,0.0002605523279210903,0.0007631391916730033,3.094179555773735e-05,0.0004587613930080031,0.0007166630288743866,0.00013848021626472473
1879,0.0003597586410135495,0.0001570753795661628,0.00024128751829266548,1.8618451236948608e-05,3.8633878571198155e-05,0.0002930262126028538,2.691782496674032e-05,1.071916650445667e-05,1.7996877431869507e-05,0.00011344668475900266,3.517343296521869e-05,0.00017206952907145023,0.00022066567788074642,0.0004931519652976342,8.291378617286682e-05,0.00027997481189531714,9.414292654603019e-05,0.00027267634868621826
1880,0.00038198392060403985,3.908745195713506e-05,0.000123507808893919,0.0003322061764160916,2.2628272091703566e-05,0.00013743899762630463,1.6832491686220863e-06,3.2101649685383057e-06,1.6674399375915527e-05,0.00027747048766776916,0.0003663685771794871,0.00019479217007756233,0.00023974190803993656,9.659818157337074e-05,0.00015419814735651016,5.4787467939618195e-05,4.971514774344387e-05,0.00019682198762893677
1881,0.00024728556531884716,8.144459693306891e-05,0.00022038212046027184,4.532201498505528e-05,3.165157487773629e-05,0.00028223171830177307,1.691713585473889e-05,6.206489489153123e-06,8.69855284690857e-06,0.00025717059986610225,0.00038812253591433143,0.00024967221543192863,0.00032146668234653286,0.00034947130561112025,0.00014690961688756943,0.00012377728467058424,0.00019654331413180865,0.0003321841359138489
1882,0.0003877677511771177,9.918435760305697e-05,1.7677433788776398e-05,4.2973819620956144e-05,5.925814023098955e-05,2.565653994679451e-05,1.4653427190040175e-05,2.6329769196190207e-05,1.8265098333358765e-05,0.0003648939115819469,2.320956850193623e-05,0.00017402414232492447,0.000369914966411769,0.00012077219509967069,0.00023498712107539177,0.00041744774044068234,0.0004337831082132128,8.11498612165451e-05
1883,0.0005303779156376337,0.0003114137016991432,0.00020393496379256248,5.782022318766289e-05,7.827573358670792e-05,0.000244892667979002,3.3278376114428965e-06,2.373258354833877e-05,3.6250799894332886e-05,0.00025579289073475453,0.0004711755094931741,0.0003826296888291836,0.00024769186301340507,0.0002485730951059667,0.00030280789360404015,0.0004810377523909032,0.00037026680526905994,0.0005703996866941452
1884,0.0002075690019201909,6.474333417642517e-05,8.153170347213745e-05,0.0002621095083434194,3.7919209754239125e-06,4.1292980313301086e-05,1.724671789864879e-06,2.843421554123973e-05,1.6007572412490845e-05,9.44770206400547e-05,3.0377636799659713e-05,7.093558087944984e-05,0.0002801426785247335,0.0003301011083669432,8.389679715037346e-05,0.00012278033289285506,0.00045675697983968595,0.0001895613968372345
1885,0.0003594367923380054,1.0566768922085773e-05,9.910855442285538e-05,0.0003395745271891487,2.9235022207276667e-05,7.160194218158722e-05,5.6886316752258886e-05,1.6643442261206332e-05,6.027519702911377e-06,0.00019045048928341413,0.0005675622527429938,0.0002284371294081211,0.0003584261668471145,2.8254636997626648e-05,0.00023173540830612183,0.00013806730934537437,0.00026140704291810046,0.0001304764300584793
1886,0.00048124982374796177,1.967464855152576e-05,2.1991319954395294e-05,0.0002886028508584798,8.655460856576633e-05,2.4225562810897827e-05,1.6884213324738079e-06,1.8169157643445235e-05,1.5076249837875366e-05,0.0005269401178177938,0.00014917049788572626,0.00012575462460517883,0.00033336642092783586,0.0002856769465490079,0.00018124142661690712,0.000998829961068426,0.00019239027333533762,0.0001875273883342743
1887,0.0007168975642476982,0.00019530208599008447,0.00011700578033924103,0.0007961489659036591,6.813487618145472e-05,5.431892350316048e-05,2.4822705206765244e-05,2.0168691812664217e-05,4.015862941741943e-06,0.0006455314079597194,0.0003434269472546367,0.00015337509103119373,0.0006662684579995526,0.00021454512197940576,6.93565234541893e-05,0.0008272759475960179,0.00024987045295680934,0.000298917293548584
1888,0.0004946874545601471,2.540788423096435e-06,8.633267134428024e-05,0.000233236881552773,6.069266443017862e-05,0.00011839345097541809,2.89084442544503e-05,9.023285051915813e-07,4.41819429397583e-06,0.0002756323369984062,6.979157447538353e-06,0.00012692436575889587,0.00039989619751126804,5.95655661947761e-05,7.868185639381409e-05,0.00020193074017384183,2.7074952979806374e-05,0.00021568313241004944
1889,0.00032660046995554304,7.261574241441277e-05,8.449330925941467e-05,0.0002169333441297966,2.3927237792983197e-05,0.00010598823428153992,1.795222311237743e-06,3.2895286398786864e-06,1.4845281839370728e-05,0.00012500414656994863,0.0001255544807254351,0.00011879927478730679,3.988020469725129e-05,0.00012241577004606582,9.47117805480957e-05,0.00045765108885638395,8.713092209947614e-05,6.784498691558838e-05
1890,0.00039727834401530326,6.948784782509487e-07,0.00015104562044143677,0.00026114651693087687,5.616192830384947e-05,4.5542605221271515e-05,1.2780438636891128e-06,3.289079852419229e-05,1.3373792171478271e-05,0.0002907876596142181,0.00030952717560603013,1.223525032401085e-06,0.0004988187169501501,0.0006079745728527694,0.00016516773030161858,3.335850279935493e-05,0.0005040269700063498,0.000224994495511055
1891,0.00045076076300927526,5.548037252089619e-05,0.00023893173784017563,0.0004949940125849039,5.772481955968259e-05,0.00031242193654179573,2.1109901665213038e-06,2.6078385353549922e-05,1.9185245037078857e-05,0.0006873353134471127,0.00010520067029297364,0.000355148920789361,0.0007565024215236485,0.0004998800852116375,0.00018055131658911705,0.000473999069153741,0.00037212463482434385,0.0005509331822395325
1892,0.0006864851972760155,0.0001341326715676161,0.00021286588162183762,0.0009796365675684288,6.404446986522233e-06,0.00024704402312636375,2.726917288058822e-05,1.0447276308016144e-05,3.2298266887664795e-06,0.0009569482841116084,0.0004738643786833495,0.00023881951346993446,0.0009381346860581549,2.053668562250477e-05,0.0002899589017033577,0.0009487866264636657,2.0839170817572687e-05,0.0002945214509963989
1893,0.00039971947838890465,2.5321700082681087e-05,0.0004201894626021385,0.0004998212254942874,3.692451268029126e-05,0.00043093133717775345,4.763559817253307e-05,5.4608342452475275e-06,5.303695797920227e-05,0.0006220660737259534,0.00013855295015871918,0.0004700697027146816,0.00038938778639496796,2.207111841510609e-05,0.00044546322897076607,0.0006814851936872285,0.00010861075419178485,0.0009684581309556961
1894,6.583168592619315e-05,7.000079730917416e-05,0.00017878971993923187,0.00011343054650506113,0.0001298050344444579,1.5152618288993835e-06,9.459243503111628e-06,3.6320121725858564e-05,4.470348358154297e-08,2.990752592274548e-06,0.0006265536363906296,0.00010687322355806828,8.916936194104663e-05,0.00046274464547521946,0.0001390744000673294,0.00014161149250367655,0.0005117324692148796,3.2028183341026306e-05
1895,0.00010413607994107232,1.0279694498405156e-07,0.00011405535042285919,0.00013653582991854374,2.6998126791213245e-05,2.5467481464147568e-05,8.9096488381981e-06,1.569555817128944e-05,2.413243055343628e-05,8.683263653219697e-05,0.000638723893517143,0.00027820165269076824,0.00022520179449578293,0.00012565636635163482,0.00044566765427589417,0.0007929261743295918,0.0002145810507958373,0.00047414563596248627
1896,2.6879657621603492e-05,1.968550434886321e-05,0.0001147836446762085,0.00011284841218513197,6.659204816659645e-05,0.00033182045444846153,5.18145675400903e-05,3.7773147318385686e-05,1.4517456293106079e-05,0.0001312010330497479,0.0008924540150811941,4.623620770871639e-05,0.00045960384283003086,0.0003131598939378512,0.00021748105064034462,0.0008275499538179382,0.0006060292231244244,0.00020933710038661957
1897,8.703263796300265e-05,0.00013724678404026386,7.768161594867706e-06,0.00020387510483854676,2.1138934931906606e-06,0.00025176582857966423,5.689730541201879e-06,4.767177802301201e-05,3.043562173843384e-06,2.233139880872259e-05,0.0009352962056440942,0.00020510167814791203,0.00045829211388657976,0.0007500939388124621,0.00010954681783914566,0.00010184503130185318,0.0007768695681015774,5.744956433773041e-05
1898,0.00033945740923267687,0.00010673312431256493,0.00028360728174448013,0.0008283932684320927,0.00024257111285717545,0.00031958427280187607,1.8271768835013275e-05,2.6812536078533967e-06,1.9744038581848145e-06,0.0009054418585771398,0.0001288310838991752,3.0146446079015732e-05,0.0009210299926773399,5.6593333997861234e-05,8.163182064890862e-05,0.0012014900216200108,8.539430337978996e-05,9.905919432640076e-05
1899,8.43089490322052e-05,7.177487629135212e-05,5.5954791605472565e-05,7.858736380236819e-05,0.00015073013240366612,5.479622632265091e-05,2.7598489134333937e-05,2.168314815474703e-05,1.897662878036499e-05,3.434845435063005e-05,0.00043088182067419975,0.0001268691848963499,0.0002828790980124382,0.00035098553063080476,0.0003171255812048912,0.00016619729391920135,0.0002904950755382562,0.0002836044877767563
1900,0.0004099157253445035,5.006157423976393e-05,0.00024042557924985886,6.241306609472419e-05,5.091034142542042e-05,0.00031702686101198196,3.444408640527162e-05,5.425841332144126e-06,1.5970319509506226e-05,0.00045927762562872343,0.00023838608093149777,0.0002161613665521145,2.6743216714045226e-05,8.662425187423023e-06,0.0003468547947704792,0.0002500026825627,9.040542194220774e-05,0.00016241520643234253
1901,0.00011276843482541099,3.2561437504179114e-06,0.0003514289855957031,0.00032644210608009927,0.00016048078216760256,0.00023235473781824112,1.9418815936759343e-05,2.8123932599110636e-05,1.1883676052093506e-05,0.0005344175620967326,0.00039427746905070296,2.9582064598798752e-05,0.00023498533426069557,0.0003389158601362109,0.00011879345402121544,0.00040660573653039656,0.00046768111201530953,4.099495708942413e-05
1902,6.870110598160284e-05,3.17247525053084e-05,3.1907111406326294e-05,2.32360576429419e-05,7.480215744542357e-05,0.0001320396549999714,1.8848326214770603e-05,1.5158267608140704e-05,1.609697937965393e-05,0.00026311229159012295,0.0003453345254581519,0.00010762386955320835,0.00015091292956795344,3.082392397076028e-05,6.19795173406601e-07,0.0004732104392597136,0.00030691604078884795,0.00046481750905513763
1903,0.0004483765220321123,6.635806253047632e-05,0.00019594375044107437,0.0004813817098864026,0.00018159993717285425,0.00011571357026696205,3.158728477474157e-06,1.8047054201673137e-05,2.648681402206421e-06,0.00035203380606794316,0.0007124242814973043,5.8240024372935295e-05,0.0004195026161138288,0.0004493983750012004,4.8893503844738007e-05,0.00018791065023195108,0.00025926240242722925,4.3194741010665894e-05
1904,0.00016250774997880746,8.47261058537635e-05,0.00030253175646066666,0.00011291744707275786,1.782810707145338e-05,0.0003630472347140312,1.562483668294916e-05,1.4128264993302066e-05,3.334134817123413e-06,0.0002700855152205778,0.0002186634597059929,2.776365727186203e-05,0.00029154454906840654,0.00011168959705266587,0.0001209634356200695,0.00011579324651357636,0.00024347726998284573,0.0001354999840259552
1905,9.746474157562579e-05,9.708657144513744e-05,6.288569420576096e-05,2.536551427370637e-05,4.3317061713295246e-05,5.929823964834213e-05,2.0688730311543488e-05,8.813589136043483e-06,1.7680227756500244e-05,4.597757113525974e-05,0.00017057926359200642,9.536161087453365e-05,1.7694605688345355e-05,0.00010652955971068856,0.00010460149496793747,0.0002721286051496491,0.0001145779683383967,0.00023459456861019135
1906,0.0001908408027854469,1.6970574156605772e-05,0.0001131957396864891,0.0001717582841646581,5.2702580121414405e-05,0.00021331943571567535,3.0449728418919034e-05,2.4934977336274358e-05,1.3850629329681396e-05,0.00046813079117178497,0.000381943009805142,6.689061410725117e-05,0.00017740579633528097,0.00010162511725243448,7.346644997596741e-05,2.211177215884208e-05,0.00046224056103714127,0.00045243650674819946
1907,0.00011944794759137511,0.0003651579683660415,0.0013459250330924988,0.00019525760578974205,0.00021877555162393147,0.0014613168314099312,0.00013245734386115905,2.589457104060813e-05,2.9530376195907593e-05,0.0009217021655326327,0.00024475632151865767,0.0005783652886748314,0.0010355421241543539,0.00030736345184535774,0.0008064289577305317,0.00036368584364319945,0.0002793345748803738,0.0010156705975532532
1908,0.003472569422184671,3.085581447822769e-05,0.002448827028274536,0.0032389287428658126,0.0006934226506041738,0.002210678067058325,9.893344522131711e-06,3.312783818550265e-05,0.00013967230916023254,0.0014469643159117362,0.0003887194300422024,7.68143218010664e-05,0.001887126999335624,0.0006930218940272015,0.00024000788107514381,0.002840853903978924,0.0005290328484518375,0.0016006957739591599
1909,0.0006977093125469791,0.00017209029565110057,0.0009933169931173325,0.0006751788817061788,0.0002672486284914094,0.0008798618800938129,0.00010594022597949955,1.3381420759236995e-05,4.227086901664734e-05,0.0003949658374773693,0.0005678802486328675,0.00040494510903954506,0.0008648779442603227,0.0007219654324016125,0.00021733343601226807,0.002657797072839807,0.00021667449417315642,0.0001481827348470688
1910,0.00043939539605186706,9.560660630151055e-05,3.5142526030540466e-05,0.00023217104465005078,0.00012772924315079467,2.5453977286815643e-05,8.032736986379567e-05,1.3333486707665845e-05,3.341957926750183e-05,0.00017178728961841916,0.0004369916396698356,0.0008295034058392048,9.77397193234475e-06,0.0004401523636174097,0.0007200115360319614,0.0006109689491576448,0.00021251660001681254,0.0007260795682668686
1911,0.00015099310066243876,0.00011246856001713781,0.0001697605475783348,0.0006025361692307274,0.00017941085635985593,0.00030524516478180885,8.330991534502043e-05,9.851950579615413e-07,1.0736286640167236e-05,0.0003138404509884993,0.00032166134734410226,0.00014916853979229927,0.00028873273191797055,0.0002497730729531869,0.0002573882229626179,0.000499634369810667,0.00010715712755974757,0.00027203746140003204
1912,0.0012273206839168022,0.0002267729752981236,0.000567474402487278,0.000899726669546505,0.0004303522032877115,0.0007195570506155491,2.6338771528095634e-05,2.4540368541464848e-05,1.5132129192352295e-05,0.0003866595022980618,0.0001527689527844947,0.00011820625513792038,0.0006057279181924599,0.0005481264120585777,0.000369001179933548,0.00041142078753035605,0.000256554539525675,0.0004065483808517456
1913,8.069380492820022e-05,1.4370469645703932e-05,0.0005168691277503967,0.0008851801702064593,0.00045609786802733657,0.000513115432113409,2.756216750670129e-05,2.636340732679117e-05,3.599002957344055e-05,5.277716150428602e-07,0.0009537789049911365,9.71299596130848e-06,0.00023232796040009718,0.00043143535007980974,5.329493433237076e-06,0.0003657778027800207,0.0003585228171183157,0.0005493015050888062
1914,0.0007028270230116235,5.553530538597584e-06,0.000374610535800457,0.00041374278027417333,0.0002013387809058284,0.00022135162726044655,7.674980442016512e-05,1.838073483548914e-05,4.015117883682251e-05,0.0003122906005416509,0.000919518112905738,0.00012180814519524574,0.00045938958260455937,0.0002974608184329215,0.0002933577634394169,0.00010562373644511236,0.0002441650067869514,0.0008737817406654358
1915,0.0005980616645327452,1.8647742995956534e-05,0.0003245696425437927,0.0005707035469577348,6.094753810699169e-05,0.0002811937592923641,1.3211481121442117e-05,2.691634332610836e-05,3.3643096685409546e-05,0.0005324298245311457,0.000644015387478783,0.00016291183419525623,0.0007039667211377054,0.0003302259788121771,0.00018696067854762077,0.0008089121483831202,0.000496734786027994,0.0002897903323173523
1916,0.0001619097278881959,0.0001411880651571093,2.3152679204940796e-05,0.00011437982522746748,0.00011207116931090041,4.206830635666847e-05,1.9328564854691546e-05,1.8090182996578406e-05,1.1648982763290405e-05,6.199658886513193e-06,0.00026575289788861173,0.00015011196956038475,0.00012171047084410386,0.0004733363303754505,0.0002641878090798855,1.95123096463079e-05,0.00025526449658934674,0.0004403926432132721
1917,0.000507267507962289,8.7128293307117e-05,2.8506852686405182e-05,0.0003247686205697792,2.0824438118523247e-06,3.54512594640255e-05,2.2001413936465625e-05,9.358863619981898e-06,1.566857099533081e-05,0.0005125084747672551,0.00023860236145339941,0.00018849712796509266,0.00044486228114795634,8.972731113035884e-05,0.00024380534887313843,0.0003082132508124974,0.00011197955123541919,0.00018755905330181122
1918,0.00015399742240770897,6.121679922604234e-05,0.00028288643807172775,7.82912997860652e-05,3.5373045984013474e-05,0.000280589796602726,3.5563578408276744e-05,8.705202739487706e-06,1.5031546354293823e-05,0.00012157344853914315,0.00029883939720383446,3.921147435903549e-05,0.00021124589164438212,7.064199850293981e-05,5.908915773034096e-05,0.00035105438248117515,0.0001388965856671566,0.00023784488439559937
1919,0.00028639878015140896,4.504005731348348e-06,5.414709448814392e-05,5.0609657046410406e-05,2.023569161596281e-05,5.659647285938263e-06,5.466354081646793e-06,1.933751078902915e-05,3.5390257835388184e-06,0.0003039406194191366,4.029927373714465e-05,0.00013812747783958912,7.574701301474307e-05,0.00028664521418681616,7.518939673900604e-05,7.405518510220088e-05,0.0002507104452666598,0.00026324763894081116
1920,9.57710399944467e-06,8.050788856590538e-05,0.00016126781702041626,2.762266946743086e-05,9.189679595862643e-05,9.582750499248505e-05,5.023357827869598e-06,6.432325129699268e-06,6.370246410369873e-07,1.8747465137192165e-05,0.00013538782954141543,0.00013969279825687408,0.00010729023467967447,5.291582436266554e-05,4.254421219229698e-05,4.0029875836164464e-05,0.0001500422563791206,1.054815948009491e-05
1921,9.258321088333188e-05,5.701536565631132e-05,0.00021875090897083282,6.487270363070285e-05,2.2985877769964025e-05,2.6395544409751892e-05,6.538538567166935e-06,8.07185000929972e-06,1.4923512935638428e-05,0.00016065601096550142,0.0003687964785517653,1.9704457372426987e-06,7.057490603182281e-05,0.0001603531629631276,0.0002496284432709217,0.00031065692055742833,7.522643890501592e-05,0.00015773996710777283
1922,4.705253144314525e-05,7.922523602990963e-05,3.2388605177402496e-05,0.00032927741928966137,6.694337445391565e-05,5.514593794941902e-05,1.2568566714846185e-05,7.704674125543452e-06,1.5273690223693848e-07,0.0002718966632781414,3.211605036705645e-05,1.5249708667397499e-05,0.00017388658663337192,0.0001021370109268449,0.00014875316992402077,0.0002798696995693212,0.000139401642000549,6.842613220214844e-05
1923,9.920518805567324e-05,7.706987728630169e-05,9.510014206171036e-05,0.00025785868873613726,8.578172792425912e-05,4.2996834963560104e-05,2.4990904422782234e-05,2.005479398164002e-05,1.1537224054336548e-05,0.0001328712441681923,0.00027764815643121707,0.00010932004079222679,0.00012289176995848583,0.00028184191092324104,0.00017113285139203072,6.57147735789454e-05,0.00034939759087412,0.00011756457388401031
1924,2.924776877963331e-05,0.00020504493915236843,0.00012242700904607773,0.0001810190614479068,3.0230135945399916e-06,5.97354955971241e-05,3.639236051957914e-05,2.484611684390502e-06,2.678483724594116e-06,3.150369994898983e-05,0.00012694991914393924,2.9163435101509094e-05,0.0001389952145199394,0.00022213551393290495,8.630100637674332e-05,0.0005336469980702641,8.077662250165468e-05,8.145533502101898e-05
1925,0.0003215727082206965,0.00021521666798694425,3.211945295333862e-05,0.0003844171249968026,0.00018992322973095457,0.000135806854814291,2.4466234645871207e-05,3.920096040156576e-05,1.1436641216278076e-05,0.00033972884899047956,0.00037454520337941444,0.0001572964247316122,0.0004104257427230834,0.0005083562953312019,0.0003810371272265911,0.0010248016086260026,0.0005920717675835987,0.00011793524026870728
1926,1.6601490431172872e-05,8.385755048027216e-06,0.00036250706762075424,0.00020248845866521759,9.176333256421046e-05,0.00024301139637827873,5.81652057236072e-05,3.6608348347490216e-06,3.1735748052597046e-05,9.000266398314499e-05,0.00038964731209438497,0.0002739657647907734,0.00014636518669497445,0.0002488262669898232,0.0004281839355826378,0.0002460780034384824,2.438975091965251e-05,0.00047304667532444
1927,0.00011434378126864986,9.60079722326472e-05,0.0007171249017119408,4.865949312252149e-05,9.385209548061144e-05,0.0006867153570055962,6.091184514009709e-05,1.5862628854986644e-05,6.407499313354492e-05,0.00024960376526783623,0.00023445564897989907,0.00040937471203505993,0.0005268464449103005,0.00027275052337038044,0.0004212534986436367,0.000572655295158972,0.0001556667547634727,0.0008347276598215103
1928,0.0006683329028783214,0.00023610270432232808,7.698312401771545e-05,0.0004560050996072623,5.985436190830001e-06,2.968963235616684e-05,1.2873194716486042e-05,2.6348857670557173e-05,1.0170042514801025e-05,0.0007253300753210443,0.0007324130105067529,0.00020583509467542171,0.00031996226797698785,0.0004649636408251487,3.155367448925972e-05,0.00039156593268344086,0.00033541849828360414,0.0002659875899553299
1929,0.0002942236601336662,0.0001354454603573578,6.600096821784973e-05,0.00011295921905539463,1.1692831011593519e-06,5.304161459207535e-05,2.6736794529089516e-05,6.933094301847563e-06,6.560236215591431e-06,7.169469718532745e-05,6.115695687484296e-06,0.00010633631609380245,1.949754256629077e-05,0.00014702252181427594,5.003996193408966e-05,5.587017112701487e-07,7.69278790144429e-05,0.0003644973039627075
1930,0.0001728664577889394,2.291906000640928e-05,8.704792708158493e-05,1.7133860444482063e-05,2.8000789185151503e-05,2.192659303545952e-05,5.306051082606955e-06,2.0220797950376177e-05,1.5679746866226196e-05,0.0003693317434578722,0.00010600158050776826,0.0001123347319662571,0.00021804303240532258,0.0002257149696610304,0.00022444594651460648,0.00016962303608442086,0.0002882798228211348,0.00019874051213264465
1931,0.00016837344919895525,2.2753391967361702e-06,5.585141479969025e-06,0.0002476012185628207,3.536851765903459e-05,2.667168155312538e-05,1.9652555519724182e-05,4.94321194538977e-06,1.047179102897644e-05,0.00014525090829239917,9.576544483625923e-05,8.671078830957413e-05,0.00010304706724851426,0.00023765342930182412,0.00011438131332397461,0.00017150523521966554,4.5813187640663874e-06,0.0001323707401752472
1932,0.0001249055923543546,8.727997820309058e-06,7.296446710824966e-05,0.00013160285959197549,6.661039700148197e-05,2.7476809918880463e-05,1.9731713149796423e-05,1.9479652163464922e-06,3.0882656574249268e-06,6.858669904700326e-05,1.4999787598998088e-05,0.0002037500962615013,0.00030347288819695256,0.00013396998677502742,0.00012207496911287308,0.0007849127696912955,2.3753362060088996e-05,0.0003048442304134369
1933,9.987479361757423e-05,0.00011059620210764065,7.225479930639267e-05,8.185572097005323e-05,9.099353714385819e-05,0.0001430092379450798,3.669182692659506e-05,3.201172068704539e-08,2.5294721126556396e-06,4.9812657908876457e-05,0.00048006731519342066,8.7034422904253e-06,0.0004455695250477759,4.699205342478113e-05,4.4749584048986435e-05,2.3560245140941127e-06,0.0001389717253504957,8.339621126651764e-05
1934,0.0003872501771079867,4.689427865636406e-05,8.409004658460617e-05,0.00032389197115843815,7.982931082156988e-05,4.024943336844444e-05,4.110952547854707e-06,1.2109503843507066e-05,1.1675059795379639e-05,0.0003472645432444285,1.4756652990246394e-05,0.00013164919801056385,0.00029515462114316354,0.0001423082187609337,0.00019846810027956963,0.0003183087275837049,0.0002542565276555022,7.890909910202026e-05
1935,0.0003989681804037193,5.6881938357542655e-05,0.00022969860583543777,5.223952276593724e-05,1.6468182712503499e-06,7.714610546827316e-05,5.566982240971102e-07,4.638103618337765e-06,1.1485069990158081e-05,0.0002151893257642326,1.2839695537752993e-05,0.00014559971168637276,0.00028355627859396465,0.0003336089490862913,5.840742960572243e-05,0.000777414610126495,2.8893374959370298e-05,6.684102118015289e-05
1936,7.836723242879429e-06,2.288531591718157e-05,0.0005243616178631783,0.00036842755329018206,0.0001660561757502524,0.0004359879530966282,9.784472251856205e-06,2.6430485978593335e-06,1.718476414680481e-05,0.00025782288121489055,0.0003100883115765181,0.00011464720591902733,0.0004847874146679462,0.00031773717215178784,4.9517955631017685e-05,0.0004941485816857966,2.7916675443763646e-05,6.0403719544410706e-05
1937,0.0005175491895278994,6.15422529526323e-05,0.00023854337632656097,0.00019936537792426823,8.724596570645199e-06,0.00025815004482865334,6.532613705483199e-05,8.453010131050901e-07,6.6086649894714355e-06,0.0005081445527266096,0.00013855592988990667,3.409711644053459e-05,0.0003751689515990794,0.0001702408878489145,4.664389416575432e-05,7.368857583595068e-06,1.5037513491304895e-05,0.00010244548320770264
1938,0.00012172377255653677,0.00021209327452666876,0.0002460796386003494,0.00038000391103003295,0.00013080870245295306,0.00026760390028357506,1.1986135258129638e-05,1.4119848376924367e-05,8.631497621536255e-06,0.00018440815307775582,1.7095764670724267e-05,0.00010035955347120762,0.00014907903672981004,7.535658290404659e-05,9.72086563706398e-05,2.5777059444828665e-05,0.0003024129752445086,1.634843647480011e-05
1939,8.91848967576464e-05,0.00017298006937395416,7.866136729717255e-05,0.00027605291338282656,0.00020162308298164386,6.0895923525094986e-05,6.87361313430647e-05,3.2991415925892804e-06,4.459172487258911e-06,0.0003242692337655159,0.00026521187294193185,0.00018641981296241283,0.0001976566401250962,0.0001580198977471775,3.839470446109772e-05,0.00028163525563909553,0.00010567238484623844,0.00041352398693561554
1940,0.00022122940085916865,0.00022662116791140677,5.865003913640976e-05,0.00016380044176604602,7.352507661994093e-05,0.00020083878189325333,6.746201853689328e-05,6.166727051827434e-05,1.535937190055847e-05,0.0002943120423655188,0.0009052950649049464,0.00013340869918465614,0.0004776493809569987,0.0005258842264617841,5.235476419329643e-05,0.0006923580933020645,0.000968931723357813,2.3448839783668518e-05
1941,0.0005732212180194762,4.475619962844568e-05,5.901604890823364e-05,0.0007459301905291815,7.070288078232442e-05,0.00020719552412629128,1.0014894134114868e-05,5.3935991611961235e-05,5.2168965339660645e-05,5.324654922157779e-05,0.0007832349873921826,0.0006981389597058296,0.00038071620749390023,0.0007581639879097775,0.0003328179009258747,0.0006231199944103094,0.0006853887676533492,0.0011419150978326797
1942,0.00036021737737257364,0.00020269736494653995,0.0002463441342115402,0.0008736117044071956,2.400842675699677e-05,0.00037605641409754753,4.196072953066912e-05,5.717039625069637e-06,4.1291117668151855e-05,0.00019899093064986578,4.804549766031577e-05,0.00044179102405905724,0.00022190709929527375,0.00027398281586341056,0.00024816952645778656,0.0006161786353128251,6.205247085806602e-05,0.0010671596974134445
1943,0.0003780949879348544,9.397254538992886e-05,0.0003344416618347168,0.0007016217596547275,8.00656276794022e-05,0.0002735024318099022,5.86878042321895e-05,2.575196910846423e-05,1.9066035747528076e-05,4.8949233421344274e-05,0.0003853137364558841,0.00010259868577122688,1.0228652463847854e-05,0.00038359298588919524,5.0092581659555435e-05,0.0005643422540694693,0.000416312272474041,0.00048683397471904755
1944,0.0006312844547570889,0.0001365916403347836,2.300739288330078e-05,0.00013716683234007987,2.8721831395388947e-05,0.0001291763037443161,3.67172366695194e-05,5.163994883926185e-05,1.352652907371521e-05,0.00013745553103693825,0.000297930838256414,0.00010982644744217396,0.0003610856133173107,0.0008714093724121637,0.0001462157815694809,0.0003056858846639532,0.0007654074029260207,0.00029558874666690826
1945,0.0005708500090815805,0.00022918987938010116,0.0005479501560330391,0.0008399073900413195,0.00024046396179384574,0.0005005081184208393,5.628877375208306e-05,4.0219237126884076e-05,4.0784478187561035e-05,0.000574180068406302,0.00038750968541534717,8.011469617486e-06,0.0009751690094892823,0.00043875729838895386,6.74910843372345e-05,0.0018901429544206927,0.0008060170626777363,0.0005650389939546585
1946,0.00013499744754087717,4.7225776485724374e-05,0.0002584531903266907,2.2471804990847888e-06,5.9416337205471514e-05,0.00023413635790348053,3.712448465054488e-06,1.157219866657728e-05,4.49642539024353e-05,0.000172514514336565,0.00022511920513011707,0.0005059852264821529,0.0003294112656149206,0.00010596041626329336,0.0005380264483392239,0.00010431513417852312,0.0003588728260802412,0.0008262544870376587
1947,0.0005254304314452618,7.223634511528687e-05,0.0005188798531889915,0.0002206008435473028,0.00010405872231702279,0.00034452974796295166,1.3595679502856686e-05,2.0706808181612725e-05,4.5727938413619995e-05,0.000742382921675902,0.0005516083343990626,0.0002826747950166464,0.0005986530672018042,2.488621118758652e-05,0.0005156467668712139,0.0003952693495463816,0.0002503665694730695,0.0005917679518461227
1948,0.001074051915376295,3.58664703389161e-05,0.0006053578108549118,0.0007355403424854495,0.00021534849558959082,0.00042260950431227684,8.03193622086161e-06,2.0149029755902616e-05,3.8854777812957764e-05,0.0007291835551661574,0.00048378579155567217,3.501935862004757e-05,0.0008664028318102479,0.0003312065151921881,0.00027106329798698425,0.0012739995164506995,0.00023117575279886764,0.00025493092834949493
1949,0.000801030884332421,0.00016056949156128403,7.900316268205643e-05,0.00035241457082604843,0.00033759472732146703,0.00015318440273404121,4.457385163566391e-05,2.5601296316039726e-05,2.4512410163879395e-06,0.00014621460348925724,0.0005155164758067522,6.0770194977521896e-05,0.0004189415813074804,0.0001909231714007746,5.04092313349247e-05,1.4126336970954334e-05,0.00040567733527888464,4.9250200390815735e-05
1950,0.00033543808358109384,5.945242495822289e-06,3.316905349493027e-05,0.00033819929746155275,0.00010681454274451621,1.637311652302742e-05,4.877392889575047e-05,1.2793984677674723e-05,6.232410669326782e-06,0.0002929816624226561,9.242122076883602e-05,8.483510464429855e-05,0.00023347873257190122,0.00017468816082941152,4.3759122490882874e-05,3.31152677818386e-05,0.00025304958905245263,0.0001012757420539856
1951,0.0001764659084103476,0.00024138973377330758,0.00012697791680693626,0.00020169797095351272,2.09969379385104e-05,4.5320019125938416e-05,1.0592303632237648e-05,1.831683915429715e-05,1.932680606842041e-05,0.00035825118017280416,0.0002354673695366058,5.81890344619751e-05,0.00029899545349165724,0.0006916016953304877,0.00010661175474524498,0.0010835942005492372,0.00022899035804925354,0.00012180022895336151
1952,0.001063271990621617,0.0003313664194902789,0.00023310398682951927,0.0006333300569426464,1.3601911144044132e-05,8.160155266523361e-05,2.904009558267126e-05,4.78762692551571e-05,4.616379737854004e-05,2.8125141785718955e-05,0.0003217873416396129,0.00015716883353888988,0.0005118984991348829,0.0008295628558289102,0.0006000739522278309,0.0005767203567635798,0.0008402389878360336,0.0005486495792865753
1953,0.0009769101562298738,8.548540870967e-05,0.0002439413219690323,0.0008728898539922952,7.68513573064164e-05,0.00043335743248462677,2.423488511242057e-05,7.706438718711826e-05,4.8566609621047974e-05,0.0002761286392337914,0.0005093653598114561,0.0005773913580924273,0.0007048766385840399,0.0014182429760346768,0.00027215154841542244,0.00012103679623705343,0.001162974876119667,0.0005877409130334854
1954,0.0006021661264043465,0.00019608449669124978,0.00011690985411405563,0.001035346144804175,3.87181159262201e-07,8.053146302700043e-05,4.327818266517194e-06,3.373675781120813e-05,1.9185245037078857e-06,0.0003805727432927425,0.00048227386805126116,0.00011521088890731335,0.0002536718366481505,0.0009699528845663989,0.00017410330474376678,4.8720487652392785e-05,0.00047131453325646895,0.00022276490926742554
1955,0.00036651157508524324,0.0004661810313741875,0.0003395546227693558,0.0006372517094916236,0.0001276770577324643,0.0005106846801936626,3.537983392989941e-05,4.091108439460131e-05,3.52226197719574e-05,0.00036090730850909386,0.0010568161677009247,0.0002816056367009878,3.966143821075574e-05,0.00017594291184758887,4.437798634171486e-05,0.0009028455505365601,0.0006597976289377258,0.0003522168844938278
1956,0.000224744456243528,0.000314876584781177,5.1507726311683655e-05,0.00031110867571143563,0.0001248977201769308,0.00023074913769960403,2.1985307056250625e-05,1.3115711176652791e-05,1.7344951629638672e-05,0.0010076879362963392,0.0006632932307347218,0.00010894192382693291,0.00019317296280682572,1.053839235357762e-05,0.00010069413110613823,0.0002891992575836666,4.128915963335332e-05,0.0005405750125646591
1957,0.00013752196382053883,0.0002729951300397479,0.0001343321055173874,0.00012099963108824774,7.442286933178124e-05,0.00015542656183242798,5.319878315746679e-06,3.0837161895751718e-06,2.0679086446762085e-05,6.830792155354537e-05,4.387892811210867e-05,0.00013915705494582653,0.000306863886698594,9.421642233782557e-05,0.00015914300456643105,8.427329281397722e-05,7.806319272764348e-05,0.0003556087613105774
1958,0.0005806009450975008,8.750098507638929e-05,0.0003150319680571556,0.0003582564947584854,9.20621789769413e-06,0.0002995976246893406,1.325150714332965e-05,2.9002671645287487e-05,2.1435320377349854e-05,0.0003549680800123897,0.0002836836140167158,6.482936441898346e-06,0.00035699530685522063,0.0004213664877279269,5.1791779696941376e-05,0.0003160108575673559,0.0004427110904247338,0.0002758931368589401
1959,0.0005941355961441575,7.803360286647021e-05,0.00026304181665182114,0.00038323816847836423,4.490652089345418e-05,0.0002879551611840725,3.515220262366621e-05,3.6833147777950146e-06,1.5094876289367676e-05,0.0007483032679237653,2.1151987438516873e-06,0.0001050666905939579,0.0005708331554180462,2.4684741388183995e-05,0.00010065827518701553,4.872460927116129e-05,2.843729819005346e-06,8.942559361457825e-05
1960,0.0003695755104598658,9.580772428167961e-05,0.0003979387693107128,0.0002916314364533601,1.0224677650522151e-05,0.00032871542498469353,1.0659763451641852e-05,1.1175758969912512e-05,3.218650817871094e-05,0.00087618725489369,0.00020079351135840126,0.00024093384854495525,0.00041818942734762887,3.7080267003507944e-05,0.00032875873148441315,0.0002916494155036503,4.869607741767208e-05,0.0002847500145435333
1961,0.0002589627560326546,7.261763220477863e-06,0.0004690405912697315,0.0001466997822869992,9.142223505805361e-05,0.0003692000173032284,1.2459510029979443e-05,1.2727949512075765e-05,1.3809651136398315e-05,0.00034618767346095147,0.00023261380205977927,6.73346221446991e-07,0.0003317482060908039,8.758849333122265e-06,0.00010186759755015373,0.0004167666686010485,4.869662204073574e-05,0.00012999773025512695
1962,0.0003193430550780807,4.079793153922637e-05,0.00046118954196572304,0.0002640130026871079,6.447245392534814e-05,0.0003889319486916065,2.0001435243015633e-05,1.5300640739566486e-05,1.2438744306564331e-05,0.00047152747794335786,0.00019409608838320824,3.4761615097522736e-06,0.000565327474138011,7.756960299381069e-05,8.781813085079193e-05,0.000729844621691858,0.00019493779695014136,5.4799020290374756e-05
1963,0.000149240582206972,2.2032246493785407e-05,0.0007580895908176899,0.00022361615517314803,6.0729511296750416e-05,0.0006951568648219109,7.152667992717417e-05,2.8301008391381284e-05,4.347413778305054e-06,0.0004941186336716863,0.00017806198637434698,4.341825842857361e-06,0.000668379647036893,0.00013103826870015586,6.733555346727371e-05,0.00034049796344040595,0.000427404467894763,0.00029414519667625427
1964,0.0012238127492378709,0.00011432605540547675,0.0023667747154831886,0.0012914447236798687,0.0006220880680443894,0.0022761691361665726,0.00018419540689272942,6.118758682298775e-05,6.83218240737915e-05,0.00036428222374802754,0.00020289493649399554,0.0006385317537933588,0.0007699117390934651,0.0010088523361293233,0.0005553420633077621,0.001077052624728847,0.0010229833237863466,0.0009673852473497391
1965,0.0007726939421200396,6.361828098044517e-05,0.0002479488030076027,0.000841716552108962,0.0003270011128105321,2.766679972410202e-05,1.6561535882201467e-05,2.5995139895092646e-05,1.0814517736434937e-05,0.000695821087537532,2.3488092497751106e-05,8.473033085465431e-05,0.0004715055920847949,0.0006664858814342187,0.00040594860911369324,0.00026841627345228214,0.00028298120863523134,0.00045079924166202545
1966,9.832727842737365e-05,7.775545620362229e-05,0.00012543890625238419,0.0002060420840772903,3.85668131578365e-05,0.0002804752439260483,3.1165740667409014e-05,3.0871380348367246e-05,2.868473529815674e-07,0.0006673282215961113,8.498319274283239e-05,1.5454599633812904e-05,0.0006570036701822463,1.3039614292269242e-05,0.00023555057123303413,0.0011058033613789153,0.0004651694118848375,5.062855780124664e-05
1967,0.0008510766283345295,0.0002368237118621462,0.000700625590980053,0.0006210592322796749,0.00026637869138790987,0.0007706405594944954,3.5725252369948196e-05,1.7092600627730892e-05,2.2549182176589966e-05,0.00034996095151467593,7.954790518965513e-05,6.85984268784523e-05,0.0002959514527934512,2.2609168948757585e-05,2.515362575650215e-05,0.0007232011480875905,0.00022739799129426093,5.451031029224396e-05
1968,0.0015701690869837914,0.0001085724811599395,0.00039981119334697723,0.0019876113621697666,0.000776249117242167,0.0003158082254230976,4.033946245088002e-05,1.3041748936525412e-05,5.25154173374176e-05,0.0002483158713089545,4.221905214527033e-06,0.00023588724434375763,0.00036019159675821505,0.00043305301849318883,0.00028372230008244514,0.0006311954236104117,0.0001418003774808262,0.0009328778833150864
1969,7.461892828522498e-05,0.0002763238341629802,0.0004798863083124161,0.00026519349218571964,3.9251663472700954e-05,0.0005089291371405125,4.449701342086956e-05,4.798895548319642e-05,3.167986869812012e-05,0.0002190697000102465,0.0005786508129568095,5.7934317737817764e-05,0.000135578006262696,0.0007756656771441828,5.618855357170105e-05,0.00014442301315198414,0.0006965788578743477,0.0005432665348052979
1970,0.00040687277117987253,0.00023977264343559915,0.0006696614436805248,6.248872705373609e-05,0.00019925263936807977,0.00043610716238617897,6.48718160946686e-05,4.34648642208964e-05,1.459568738937378e-05,0.0005159915889569391,0.0002950320705332084,0.00028869183734059334,0.0005547912945260275,0.0003958256653579066,1.510418951511383e-05,0.001037995957664406,0.0006043596568516404,1.4748424291610718e-05
1971,0.0005935754299640078,2.1082493604974994e-05,0.0003309594467282295,0.0008252670984081056,1.2378420034271642e-05,0.00043395813554525375,2.2274948838926778e-05,1.7623765230188816e-05,3.0152499675750732e-05,0.0009343579550449427,9.822393005014252e-05,0.00021538534201681614,0.001091449538100392,0.00021004542663138198,5.240924656391144e-05,0.0007486854175121072,0.00024318492822461481,0.00028856657445430756
1972,8.277098425694962e-05,1.8759905687341233e-05,9.918957948684692e-05,0.000628472932982016,2.5212447090968565e-05,0.00017147045582532883,2.2984466376538282e-05,7.014608422508783e-06,1.2293457984924316e-05,5.617398197683282e-05,4.5520682932710665e-05,2.0523089915513992e-05,0.00017973325329113943,0.00032129504731104666,0.0001109447330236435,0.00028956732514143213,0.0001478057106350534,5.8599747717380524e-05
1973,0.00027186321455512086,4.5558656391213315e-05,4.644598811864853e-05,0.00019745341858616594,2.7345368056388986e-07,6.903475150465965e-05,5.430316785084988e-06,1.3269432016393035e-06,1.2390315532684326e-05,0.00018773233419288465,6.186095317689197e-05,0.00012493517715483904,0.00012804513110860338,8.443868648161032e-05,9.945360943675041e-05,0.00016089078410147506,4.067000430774299e-06,7.205922156572342e-05
1974,4.475049762654726e-05,3.810042605112418e-05,1.0190065950155258e-05,6.641605297839914e-05,1.2164354962918705e-05,6.334483623504639e-05,9.963399515422466e-06,9.018143405343658e-06,1.588091254234314e-05,9.8854214554224e-05,0.0003525427124445417,0.0002754906890913844,5.426803333635766e-05,1.0217941366495037e-05,0.00016542430967092514,0.00036689559237923497,0.00014864961753777509,0.0004330659285187721
1975,0.00017206339733083498,5.7637227866072505e-05,0.00015226984396576881,0.00021813853262975247,0.00015459604768869317,0.00020750705152750015,1.756034766824642e-05,3.165634059391025e-05,2.0205974578857422e-05,0.000431588951279864,0.00019041772010348554,0.000130815664306283,0.00031620472410937017,0.0007122704846446969,4.4090673327445984e-05,0.0014232627715122514,0.0005670540314514395,0.00027514342218637466
1976,0.0003815726106916606,1.5578264606526393e-05,0.0001993211917579174,0.0005851262377720434,0.00018212753459748154,0.00027438532561063766,1.288649648433643e-05,3.7603413796379417e-06,3.7517398595809937e-05,0.0006356879015384023,0.00044679014696931765,0.0005117219407111406,0.0007157487494574982,0.0005655500274256743,0.000416771974414587,0.0008546257647000233,7.008689294137668e-05,0.00045271217823028564
1977,2.6176873801214695e-06,0.00027533767514817745,0.00016974052414298058,0.0002901016998599487,1.2192489574680554e-05,0.00022026058286428452,1.3076856248937091e-05,7.633461571518799e-06,1.6883015632629395e-05,0.00043299640296531883,0.0002609161644257091,0.0002144330646842718,0.00040447490834022437,3.15705365488278e-06,0.00014830613508820534,0.0010478625492038457,0.0001957699184727277,0.000278715044260025
1978,0.00021285184140774904,0.00018858513454555678,0.00021497393026947975,4.163502944307118e-05,4.542366910091633e-05,0.00021273130550980568,1.1457217143736459e-05,7.644348010004613e-06,3.18773090839386e-05,0.0005293863163261664,0.00039008527439547344,0.000382075784727931,0.00022477902603558475,6.15623789241189e-05,0.00039599835872650146,0.0004352045858085768,3.6837396404825265e-06,0.0004775058478116989
1979,0.00027264170887214556,3.6789116958854673e-06,3.227032721042633e-05,0.00037754059702492515,8.866966135418972e-05,3.808271139860153e-05,1.5779005579278846e-05,8.274382845389189e-06,6.124377250671387e-06,6.5445376401448985e-06,4.5552288131741475e-05,0.0001719652209430933,0.0005286539248279265,0.00015671393941311604,0.0001250673085451126,0.001267631722464621,0.00010717832667943728,0.00023445487022399902
1980,0.00010337727003155439,7.775145603794442e-05,5.8173201978206635e-05,7.918395734669847e-05,9.069112526761958e-05,7.189391180872917e-05,3.454218494465186e-05,1.678116795952563e-05,1.6160309314727783e-05,0.00036262390355335655,0.00023766142716979619,0.00018548895604908466,0.00018888943234827982,4.191852075184632e-05,0.00017466070130467415,0.0003735179685510903,0.00017867473651304346,0.00036422163248062134
1981,8.420503678606417e-05,9.078170500139912e-05,0.00015023443847894669,0.00020320339682343425,1.0393240470286946e-05,0.00014857156202197075,3.49818169338937e-05,2.872745878331384e-06,1.301988959312439e-05,0.00031641460131220933,0.00031722835602913946,5.3930096328258514e-05,0.00028452793204915283,0.00011067998064599044,5.172658711671829e-05,0.00048156593662010416,3.427758201029335e-05,0.00016872957348823547
1982,0.000274083617132867,4.248533191423404e-06,0.00010375119745731354,0.00017591987554901878,3.280001306297381e-05,1.9946135580539703e-05,5.921586223634617e-06,1.7866926229135336e-05,7.711350917816162e-06,0.0005477751189336758,0.00018406696214483959,4.433724097907543e-05,0.00010548826312886672,0.0002414512115717811,0.00018438324332237244,0.0001657188028402895,0.00024414480390213406,7.816404104232788e-05
1983,9.439802191436863e-05,0.0001481163508981094,0.0001883045770227909,1.5665527072147856e-05,1.6580958198657986e-05,0.00028650183230638504,3.372789981390817e-06,3.496175383870621e-05,6.102025508880615e-06,0.0003134797813542853,0.0005150999427100053,1.4567980542778969e-05,0.0005174483104717284,0.0003289530416406179,0.00012515857815742493,0.0002644964060599525,0.0005432014617345448,0.00010134279727935791
1984,4.811453219016881e-05,0.0001497303137795586,0.0002938644029200077,0.00019913548122345304,5.6045003306852414e-05,0.00032495707273483276,3.004025193969334e-06,1.5965797749238413e-05,9.417533874511719e-06,3.950878764591437e-05,0.00026667351257139357,0.000152338994666934,7.501131104564046e-05,0.00010012773284517884,0.00014852220192551613,0.000255451561654671,0.0002698344105911115,0.00022057630121707916
1985,0.00034752328568464497,0.0004169071098464594,7.161591202020645e-05,0.00031380082533606635,0.00010078547213718606,2.019014209508896e-05,4.779891934876025e-05,2.8140481788694292e-05,2.7865171432495117e-06,0.0004488344380289694,0.00046032154989289475,5.622277967631817e-05,0.0001042258298725382,0.0007486849697343444,0.00011757481843233109,0.00024232366651077974,0.0003980147738799275,0.00025971420109272003
1986,0.0002607490851307265,3.8268462935437536e-05,0.00017839297652244568,0.00010316974146719338,4.5572635374094284e-07,0.0001748623326420784,7.956197131175902e-06,1.114434578794194e-05,1.0520219802856445e-05,0.0005347970272555139,0.0002751195389612618,8.205114863812923e-05,0.00028976794694400565,7.956790108384904e-08,7.731327787041664e-05,0.0006625750130038882,0.00011816358994467223,0.00019795633852481842
1987,0.0003240063098007978,5.0497322529263755e-05,0.00018165400251746178,0.00045529459548784845,7.967900726549987e-06,0.00020124297589063644,4.792870089032411e-05,2.759239396944496e-05,2.4143606424331665e-05,6.539195196692688e-05,0.0003140702476810142,0.00028207036666572094,0.0002812926691364362,1.9427827425089195e-05,0.00022619729861617088,0.00016260939956272424,0.0004354390387198365,0.000778811052441597
1988,0.0005828710767176726,0.00021491572043639412,0.0003259866498410702,0.0002508502993983225,7.947473060499269e-05,0.00022481661289930344,3.568749495473471e-05,1.4042820525473872e-05,2.9567629098892212e-05,0.0003030567254689309,5.9026673286190906e-05,0.00025401636958122253,0.0003236768717146399,0.00012766925709552235,0.00033585308119654655,3.4472219727355036e-07,0.00017654466548251702,0.0006241928786039352
1989,0.0003515196537462184,0.00021444675723434475,0.0007606577128171921,0.0005538203024079286,4.65725417086206e-05,0.0008043330162763596,6.038147729080234e-05,2.0955561215612684e-05,1.656264066696167e-05,0.0002090502362263741,6.344193889409877e-05,0.0002876962535083294,0.00015059727734946515,4.203144524934574e-05,0.0003115469589829445,0.0011567040223761371,0.0003390265643023393,7.086992263793945e-05
1990,0.0011186306982311628,4.4134333664437586e-05,3.6694109439849854e-06,0.0006908168854653784,0.00010006538826765055,0.00014257337898015976,1.6223423799099218e-05,1.0838228395336274e-06,1.2811273336410522e-05,0.0005305525068652062,0.00024406191075966588,0.00032309326343238354,0.0004428082720071072,7.33175289706102e-05,0.00039527518674731255,0.0012588862985945248,5.61028329390794e-05,0.00045786425471305847
1991,0.0011786962914696192,0.000196827551936625,0.00048079248517751694,0.001073928416548381,0.0002793481037316782,0.000366872176527977,4.872917371578564e-05,3.4989351441365945e-05,5.4210424423217773e-05,0.0013549645035283442,0.0003644959803923431,0.0006482887547463179,0.0007625188140587061,0.00018012982124644347,0.0006225425750017166,0.0005377908540033366,0.0008547651131498215,0.0009891167283058167
1992,0.00024075993211641888,0.00019305670008718315,8.55540856719017e-05,0.0003423952501855343,6.725924063204908e-05,2.8289388865232468e-05,6.776945105052383e-05,3.730132620274418e-05,2.8893351554870605e-05,0.00027297158749529926,0.00017224464399522021,0.0004870602861046791,0.00011081360653701633,0.000313892170263768,0.0005244272761046886,0.0001539306982616534,0.000665885206346549,0.0007451828569173813
1993,0.0004828370814823485,0.00028276106458054173,0.00012091919779777527,0.0005661847884368271,5.0589070592060165e-05,0.00026499247178435326,3.7503536486354835e-05,1.813417336250301e-05,2.178177237510681e-05,0.0006418303233163836,0.00042774064201072173,0.00047660665586590767,0.0004529346033967027,0.0001549300966553445,0.0005903397686779499,0.0012492744082931023,0.0002861513938164301,0.0006182864308357239
1994,0.0003872304745096977,0.00019977482399173574,0.000258859246969223,0.0004245163877455299,0.00016285577054688666,0.0002516140230000019,2.7103746578776775e-05,4.2780967168438186e-05,1.255422830581665e-06,0.0007191864890645425,9.903367909164587e-05,0.00047979247756302357,0.0003227828872655672,1.1796388035802824e-05,0.0003608870320022106,0.0014705988080080667,0.000809479088483939,0.00031862035393714905
1995,0.0003936960829844516,1.1114759645405176e-05,1.5371479094028473e-05,0.0003656274319818048,5.6369538923121965e-06,0.00016197841614484787,9.92595823844037e-05,1.465995000302187e-05,2.6363879442214966e-05,0.00039255506944313456,0.0005927152409325384,0.000695785041898489,0.00011861735472046275,0.00039290774518232346,0.0007759816944599152,0.0014301482402104687,0.00037778233210254177,0.001070341095328331
1996,0.00011690002126818477,3.15848941292822e-05,0.00012175645679235458,2.2036963578206392e-05,3.7148124199495175e-05,4.4356100261211395e-05,7.238136530158222e-05,1.427188883215756e-05,4.947185516357422e-05,0.00023481377651059232,0.000633700073867545,0.0008669397793710232,4.3517511441923395e-05,0.00021793967968317465,0.0009583109058439732,0.0014543681515724743,0.0003506861570913133,0.0012782029807567596
1997,9.369327798526561e-05,1.894930823297461e-05,1.94646418094635e-05,0.0001444877888708701,6.464737659829176e-05,0.00014893664047122002,6.466141382409536e-05,7.627246006832377e-06,4.976987838745117e-06,3.4060548718302386e-05,0.0008843931747595894,0.0004176956135779619,4.5301596636182495e-06,7.908160494258035e-05,0.0004906938411295414,0.0010639683942224865,0.0002811776331234023,0.0004417579621076584
1998,0.0001294397382281265,9.894966236924721e-05,0.00020357873290777206,0.00016427112824568546,6.436142798931302e-05,0.0001733694225549698,7.563050526282825e-05,3.1463434355649017e-05,7.271766662597656e-06,0.00030889467881180244,0.00031258886792428706,0.0004682668950408697,5.7254026761557886e-05,0.00010636761614017665,0.000352456234395504,0.0006807789344620285,0.000648317577042464,0.0003944002091884613
1999,7.46246257658928e-05,6.470710281012912e-05,2.0412728190422058e-05,0.00034238948982152906,5.0149146773013215e-05,0.00016215629875659943,4.540221719160492e-05,2.703545251240701e-06,2.3208558559417725e-06,0.00042614361296384323,0.0010455307785683168,0.0003595487214624882,0.00018107184260910542,3.353032321097918e-05,0.0004569152370095253,0.0014654569395114725,6.036113431794315e-05,0.00037069059908390045
2000,1.4213636016210951e-05,9.0651056317715e-05,0.0001694299280643463,0.0004561532527661005,4.3574447161499885e-05,5.12455590069294e-05,6.379209734831866e-05,8.245723442892113e-06,3.552064299583435e-05,0.00036703961171531685,0.000631875296710379,0.00043170456774532795,0.00024311082096754866,0.00017606727845859496,0.0005053677596151829,0.0005204100261938932,0.00033560454050388273,0.0007566660642623901
2001,0.00110461542816713,0.00013051925784954288,0.00046185217797756195,0.0010575100633835044,2.5597606645458293e-05,0.0006393366493284702,0.00013956828424065149,1.6859776120256586e-05,7.452443242073059e-05,0.0006486443327093361,0.0003428536904931216,0.0008354021701961756,0.001021605304319613,0.00020884757467640527,0.0005494412034749985,0.0005963408768823869,0.00034101324352221567,0.0018331985920667648
2002,0.0006393650084850766,2.18163565228989e-05,9.953882545232773e-05,0.0007042906600080029,0.0001605380462882805,9.72566194832325e-05,6.983837302722631e-05,1.8782421595497944e-05,8.46758484840393e-06,0.0008125612771526999,0.0010913044649888334,0.00017625303007662296,0.00023877744646991217,0.0001873881627094398,0.00012191617861390114,0.0006519562946122603,7.871439480341795e-05,0.0003873948007822037
2003,0.00017525311590865789,9.825139323940343e-05,0.00032297009602189064,6.222408208730879e-05,2.027021299817744e-05,0.0004635090008378029,3.3725781383190864e-05,1.3100418774890355e-05,1.3597309589385986e-05,0.0005467152590593119,0.00033152389576341507,0.00030873343348503113,0.00016734409707724884,0.0002792878757841566,0.0005214991979300976,7.162863053143675e-05,0.0003425383436537789,0.000357557088136673
2004,0.0003194518615597386,8.888631784031292e-05,0.00034857867285609245,0.00032786217417125896,2.5495472912234057e-05,0.00023549795150756836,1.0675619832581015e-05,2.0112157174313305e-05,2.9344111680984497e-05,0.0004899249748418488,1.1451918465320288e-05,1.4925608411431313e-05,0.000670124520061044,0.0004891742121492758,0.0001946752890944481,0.000610751183102512,0.00036814808967871714,0.0003719627857208252
2005,0.00039687956299359894,0.0001886417682432362,0.0003107353113591671,0.0004754714683700284,2.1802392143714655e-05,0.00029107602313160896,1.4891998816520327e-05,9.856895322406744e-06,3.1381845474243164e-05,0.00025851639472280336,1.0244307148771226e-05,0.00011010514572262764,0.0008397027029000553,0.000534214824946512,0.00016698986291885376,0.00022887585708485092,0.00017493286187810538,0.0005917195230722427
2006,0.0005803217280274942,2.0473289432478003e-05,0.0003440272994339466,0.00042686723670075366,6.311290931548807e-05,0.0003556865267455578,4.466516046122346e-06,1.0861098266496912e-05,1.3120472431182861e-05,0.00026431710330821617,0.0004195594015475243,0.00010569975711405277,0.00022105507362675525,0.0004867421838916121,4.693446680903435e-05,9.421991592153955e-05,0.00014993662380659214,0.0003703199326992035
2007,0.00018956836592511073,0.00013232263978252626,0.00032404810190200806,0.00011935873093901761,4.311763770385724e-05,0.0003425898030400276,5.690434190909824e-06,2.5724822825222426e-07,3.8743019104003906e-07,6.168951602392864e-05,7.026669658046283e-05,5.447841249406338e-05,5.182658076177682e-05,0.00040801384080262765,0.00010915892198681831,2.3965661855362974e-05,3.35257484005997e-05,0.00019597820937633514
2008,0.00015614498599056392,3.3790954763027875e-05,3.650179132819176e-05,0.00013299957595767908,3.5101062660324034e-05,0.00012700632214546204,1.0556471542761542e-06,1.3436929882362108e-05,9.022653102874756e-06,0.00028519936375132754,9.1268119450795e-05,7.786252535879612e-05,8.04280354990694e-06,1.1961315262869199e-05,0.00019929418340325356,0.00035113408653941747,0.00016803414193223686,0.000168701633810997
2009,0.00020191869388191952,6.953703870324346e-05,0.0003369939513504505,6.86269386978855e-05,9.725704452450898e-05,0.0002172025851905346,6.356071899377841e-07,3.971286463464981e-05,6.791204214096069e-06,6.3738639886831705e-06,0.0006387124647062765,2.0706793293356895e-05,0.00011361656539678189,0.0008221037202336204,0.00013398798182606697,0.00040447334132556745,0.0005501260354852221,0.00027842912822961807
2010,6.898875529985637e-05,1.2084779011017899e-05,0.00041011348366737366,0.0002633788210954363,0.00012913867418682876,0.0003023184835910797,4.254477897694051e-06,4.600476198230797e-05,1.911073923110962e-05,0.00010404168364055305,0.000591108598323016,0.00014583743177354336,0.00046809302016953547,0.000838804727771647,0.0003207954578101635,6.330099535617473e-05,0.0007122150137745774,0.000422733835875988
2011,0.00010259821970852456,0.00025149200614461506,0.0005865395069122314,0.0002321504957848719,9.4188192900857e-05,0.0005423189140856266,7.663962642595612e-06,1.2174547359583923e-05,5.8531761169433594e-05,0.00040587574043587926,0.00014443841713117703,0.00031425803899765015,0.00044520881153382874,0.00031167162603867524,0.0004373951815068722,1.398217851845962e-05,0.00021905427131936692,0.0010839160531759262
2012,1.3463002530716972e-05,0.0001511852466361055,0.0001536589115858078,9.312241007458644e-05,3.654837779911227e-05,7.42902047932148e-05,2.3819237510465732e-05,1.4562021120857532e-05,3.576651215553284e-05,0.00032916626230720947,8.40796724063883e-05,0.00022637052461504936,0.00022609887438483633,0.00038770900679948456,0.00038741808384656906,5.775250386315378e-05,0.00015812693975144568,0.0006889887154102325
2013,0.0006057662818566567,0.00018665146304209373,0.00046931253746151924,0.00019749271928595769,9.448422052652644e-05,0.0003242203965783119,1.3145699223556656e-05,3.079518193236866e-05,3.8761645555496216e-05,0.0009371061672753533,0.0005668795439062353,7.397145964205265e-05,0.0006953604693525905,0.0005588862569579252,0.00014893990010023117,0.0009924222890566325,0.0004993780860282843,0.00031948741525411606
2014,0.00040249780670392754,0.000185224285334986,0.000504577998071909,7.975448324669399e-05,0.0001522507369185258,0.00038248486816883087,1.3843310740549106e-05,1.4228527058497622e-05,3.428757190704346e-05,0.0006457344827853137,0.0002603769322532326,0.00013462710194289684,0.0005690668485390654,0.00040266661564537787,6.232224404811859e-05,0.000522812313935056,0.0002456515838053022,0.00033439602702856064
2015,7.438951486038459e-05,0.00015734500996998635,0.00033043883740901947,0.0004069186846387268,8.263384926347414e-05,0.00021822098642587662,1.0521979910745743e-06,2.539602039701189e-05,2.5667250156402588e-05,2.2102710216541366e-05,6.572171891281592e-05,2.8825365006923676e-05,8.458241034850489e-05,0.0004913409814459035,0.0002340078353881836,0.0003258636990142172,0.00039598839646210783,0.0002935221418738365
2016,0.0006452017681375932,0.00034992848144730845,0.0008907970041036606,0.00021621963813460432,3.196900666207342e-05,0.0008315099403262138,8.82741138520833e-06,7.645025438188962e-06,7.435306906700134e-05,0.0007055570820198517,2.8764127325640182e-05,0.0003170045092701912,0.0006150728235798236,0.00018842785994941172,0.0004438101314008236,0.0011693180075053045,0.00017863875991055555,0.0008549345657229424
2017,0.00040601953142045677,0.00027875641476461654,0.000579573679715395,0.0003223358018260153,2.7172151396217398e-05,0.0004250328056514263,4.9841709397049905e-05,4.803961113546444e-06,5.741417407989502e-05,0.0005573492076859712,7.43438271849188e-05,0.00023483322001993656,0.0005596739969297437,0.0001269447202822127,0.0005130651406943798,0.00041340010022701545,0.0001715217631649904,0.000517791137099266
2018,0.00043850312559577664,6.009440642676042e-05,0.0002411259338259697,5.187215424207192e-05,3.407433029975829e-05,4.893448203802109e-05,5.661364364556096e-05,1.974234155035045e-05,3.6403536796569824e-05,0.0004853818637295462,0.00012165494641326949,8.571264334022999e-05,0.0006535828743012978,0.0005062374121643266,0.000385885126888752,0.000263053043088074,0.0003380180365952041,0.0003727748990058899
2019,0.00032234137328959744,6.136343206199907e-06,0.00023925397545099258,0.00013132238170827926,8.610443519065092e-05,0.0001451335847377777,2.7441303022714136e-05,1.1535157012604379e-05,3.2063573598861694e-05,0.0006929927703639496,0.0003987706110278391,0.00014669192023575306,0.0005337318124415819,0.000240777413784643,0.0003102119080722332,0.0014960025837651991,0.000144663815125904,0.0003364942967891693
2020,0.00012271575472394547,0.0002821023328246179,0.00048131076619029045,0.00021011739046702949,2.2542413745232914e-05,0.0005986066535115242,3.5500436867778873e-07,3.880498576696234e-05,5.472451448440552e-05,9.752782157887441e-05,0.0007896355113954957,0.00024200626648962498,0.0004095333297744058,0.0002733448700641579,0.0001233099028468132,0.0011231586007768996,0.0005639920950725463,0.0008368436247110367
2021,0.00011280047668243975,0.00023525948123791912,0.00016492558643221855,0.00026146198261406406,9.909641932696195e-05,0.0003487071953713894,6.890632948973463e-06,3.386907317154728e-05,3.0104070901870728e-05,0.00019548786697053122,0.000807946331701382,0.00011971383355557919,0.0005725777304984858,0.0004487848351041289,8.586607873439789e-05,0.00046943325545302506,0.00046788558648088157,0.00027967803180217743
2022,0.0005302922108943314,2.7084794492180514e-05,2.94526107609272e-05,0.0005235659295352302,0.00010954327179788642,0.00011032493785023689,8.402527529311268e-06,3.8482291472288635e-05,2.851337194442749e-05,0.0008857574359788511,0.00042652043447413343,0.00010596145875751972,0.0005985323602482051,3.0308383639567754e-05,0.0002856394276022911,0.0003235913874557045,0.0006111737608209006,0.0002516601234674454
2023,1.2495448459701186e-05,2.8426601451633088e-05,0.0003900020383298397,0.00031713073310456197,5.386630831074463e-06,0.00030833855271339417,4.526802902560245e-05,2.8645019900446953e-05,5.487352609634399e-06,0.00018837305334914317,0.000395585838603444,0.0001475820317864418,9.150136606314585e-05,0.00030084879459047614,4.411628469824791e-05,0.0005184845268627752,0.00048628852937656307,7.006339728832245e-05
2024,0.00021399986920953018,0.00011066630343945644,0.00017492519691586494,0.0002753996243939766,5.1071120368867406e-05,0.0002696816809475422,1.1032452170461893e-05,1.455585010631241e-05,2.199411392211914e-05,4.168233249914749e-05,0.0003813997695813094,0.0003738207742571831,3.477213808432411e-05,1.2478432537373768e-05,0.00027492456138134,0.0001961806238532371,0.00016230289155136357,0.00047913379967212677
2025,8.136574964430487e-05,5.121959734127532e-05,2.0300038158893585e-05,0.00011018184459866964,6.480688537188056e-05,7.628835737705231e-05,4.320105369288313e-06,8.997657301817747e-06,8.821487426757812e-06,0.0002543726479558167,0.00015629500969805213,6.492156535387039e-05,3.7614868405547175e-05,0.0002512817256614813,1.2508127838373184e-05,0.0005369727328076307,0.00013900909330348196,0.00016503967344760895
2026,9.820375901636869e-07,3.636847526464204e-05,7.080240175127983e-05,1.9058972343000136e-05,1.879307841484712e-05,0.00015406589955091476,2.1857118666627e-05,3.1861404467696584e-05,1.726299524307251e-05,0.00011858477687503449,0.0006260177536193748,0.0001790318638086319,7.17679880779809e-05,0.00044631773899765984,5.287583917379379e-05,2.1614642556622155e-06,0.00045595081345140617,0.00034301914274692535
2027,0.0001908068924523082,2.6497080811468954e-05,0.00010290881618857384,0.0005437485241750889,6.248157731077869e-05,0.00012662354856729507,5.980961566755955e-07,5.3666952856126966e-06,3.509223461151123e-06,0.0005199049200722908,0.00021125294657069887,0.0002485287841409445,0.0002913209691184637,3.238471088798031e-05,0.000277932733297348,0.0004958979259152702,0.00016132935588198966,0.0002553090453147888
2028,0.00011628171682070976,3.2466328362856095e-05,9.85865481197834e-05,3.154474868531654e-05,0.0001361857069325234,6.301375105977058e-05,7.396661503266885e-06,5.29364752662213e-06,8.46758484840393e-06,0.00014932653444781757,0.0002023890632515575,0.00017492868937551975,5.231038135104782e-05,1.9964806227814463e-05,0.0001119738444685936,0.0005411464590068388,4.189422027555106e-05,0.0003170352429151535
2029,0.0004134800406999095,6.789746867321908e-05,0.00013721780851483345,0.0005110063337854104,9.630518641451022e-05,0.00019669020548462868,2.264128634126006e-06,7.727446873591044e-06,1.1585652828216553e-05,0.00016595437301034077,0.00029456467419721605,5.2331481128931046e-05,0.00040054586630798583,5.9329712833764564e-05,6.504449993371964e-05,1.4396527324100905e-05,0.00013476753236421526,0.0003258548676967621
2030,7.104506331345739e-06,0.00010838251071424582,4.4646672904491425e-05,8.081408529041212e-05,1.8464546353232775e-05,6.22263178229332e-06,4.462076660342526e-05,7.342592557466174e-06,6.671994924545288e-06,0.00028840421974466596,0.00020411535772783818,3.473460674285889e-05,6.619787640044228e-05,0.0002785416361855107,3.83453443646431e-05,0.0006138878904969891,7.99573390905129e-05,0.00011815503239631653
2031,9.679156457732818e-05,0.00019124424282489574,0.00011996878311038017,0.00011109989114264918,0.0002413790183743679,1.150183379650116e-07,6.363725881596699e-05,2.5484228903732654e-05,1.1511147022247314e-05,0.0007818070759552168,0.0006480664714730508,0.00030585681088268757,0.00016630476395904092,0.0005826255060482587,0.0001376238651573658,0.00019456845186699434,0.0002753103068807482,0.000529065728187561
2032,1.945014973162018e-05,9.16572804660204e-05,8.483836427330971e-05,1.2745187137438996e-05,2.763460942927648e-05,6.511108949780464e-05,7.584598711153287e-06,1.5996294143785501e-06,1.043081283569336e-05,6.114628629193958e-05,2.2829683212342855e-05,0.00010229065082967281,8.24142977496195e-05,8.945555972163927e-06,8.487608283758163e-05,0.0006000398001965862,1.5672531108752025e-07,2.7844682335853577e-05
2033,0.00019077118461909015,0.00016313721766429007,0.00024022813886404037,0.0004014294977521815,0.00012578218821191617,0.0002172519452869892,2.1703992895336782e-05,1.3006164119384292e-05,2.902001142501831e-06,0.0005357546745355796,0.00028529693207467177,3.815977834165096e-05,0.00024807682701247225,0.0004065518585132759,9.205657988786697e-06,0.00038099183399692427,8.442506422942989e-05,7.995776832103729e-05
2034,0.00015978803023815324,5.661731978402751e-05,0.0002870759926736355,1.45655073593709e-05,6.334462536328883e-06,0.000269442331045866,4.151776865596486e-05,1.3887569919330666e-05,7.197260856628418e-06,0.0004131748996778206,4.8940125689810043e-05,2.267700619995594e-05,1.551594277836299e-05,0.0002191970979358547,8.150888606905937e-05,0.00032595961977520405,0.00021032002810711294,0.00022936612367630005
2035,0.00014902066197697295,4.263995400320686e-05,0.00011085579171776772,2.449848757704598e-05,7.401700749324128e-05,9.719794616103172e-05,3.1000830576256855e-06,5.261356985976806e-06,6.67572021484375e-06,0.00025780755686646145,0.00014283836600916672,6.285193376243114e-05,5.410602008376619e-05,0.00020291167411646063,4.326924681663513e-05,0.0002870858419420502,9.601999690048591e-05,9.059533476829529e-05
2036,0.00020169350894774785,1.4237180428661872e-05,0.00012180395424365997,0.00021257733983771898,2.5815839414179004e-05,0.0001246454194188118,1.7700342484907455e-05,1.4331223285828705e-05,2.4106353521347046e-05,0.00022388553376134768,1.5588892424259898e-05,0.00019322172738611698,0.00022091420625007518,0.0003647894280782403,0.00021430617198348045,0.00035755191200798064,0.00021766754055409492,0.0004957802593708038
2037,0.000651815447392165,4.714520573123951e-05,0.000539904460310936,0.0001590973376651983,0.00023600022840825421,0.0004995004273951054,9.191553322474358e-05,1.709928239291376e-05,3.46451997756958e-06,0.0005527462622617607,0.00046572902107531317,0.00019293860532343388,0.0003360082527593955,0.0002670051516221045,0.00015570735558867455,0.0005515298617858877,0.00020200547037999353,2.6905909180641174e-05
2038,0.00018844316870468558,3.4702609413711505e-06,0.0003076260909438133,0.00023301314140398988,5.191312913929713e-05,0.00038572540506720543,1.9289642566694756e-05,1.1841582266880393e-06,2.9824674129486084e-05,4.262524690484826e-05,0.0003109782341682091,0.00022020097821950912,0.00017514801656073886,0.00040068594686364437,0.00011610006913542747,0.0003711630223189738,8.123487145128821e-05,0.0005240701138973236
2039,0.00021080280541373175,3.2620548308815583e-05,5.1097478717565536e-05,0.00020051006229117319,2.9630416293526668e-05,5.7499855756759644e-05,6.048576181071422e-06,9.721921730772732e-06,2.5548040866851807e-05,1.087462875348083e-05,0.0003466359478936122,0.00025840173475444317,0.00016593849522295034,0.0006260517423043697,0.0003700568340718746,6.46198159030692e-05,0.0001746448783504469,0.00035327114164829254
2040,0.00018614534791866477,3.570251107023678e-05,5.982862785458565e-05,0.0001235095987842938,1.2321013377628032e-05,0.00010639335960149765,1.162719913791986e-05,5.2508342864286705e-06,8.635222911834717e-06,1.8103906911919043e-05,9.825520300150992e-05,2.0583858713507652e-05,8.650470427759571e-05,6.979675149736478e-05,2.7711037546396255e-05,6.529103423345839e-05,9.261607596258454e-05,1.9898638129234314e-05
2041,0.00022786197321383872,0.0001879555372866215,0.00017819833010435104,2.4657485364384946e-05,1.6861827922143996e-05,0.00021670013666152954,1.498371241829069e-05,6.641628164372562e-06,4.630535840988159e-06,0.000151605827972974,6.813795045225793e-05,6.595207378268242e-05,0.0004083679028785009,1.7373787066250063e-05,0.00013220682740211487,0.00022283923071497735,0.0001497786166750198,0.0001432802528142929
2042,0.00018119106260405804,7.722927456330422e-05,5.788635462522507e-05,0.00015045111302791625,3.6562662821822134e-05,0.00014332681894302368,2.1079574430489523e-05,1.776562107950509e-05,2.425163984298706e-05,0.00022186280825937932,0.00018397402193305948,0.00020756619051098824,6.22666538546146e-05,0.000211236690142301,8.816597983241081e-05,0.00022018190692815742,0.0002564923722830209,0.0003204662352800369
2043,0.00012992763373755045,9.279091083356714e-05,0.0001020277850329876,5.192797761878476e-05,0.00011418147193344858,6.332201883196831e-05,3.6496367836126586e-05,3.932723990683341e-05,3.468245267868042e-06,0.00010147667299138796,0.0005331434172351039,0.00012503447942435741,9.032780503583082e-05,0.0005307039009165883,9.237555786967278e-05,0.00045678977268848175,0.0006305398978886717,4.64562326669693e-05
2044,0.00034744315721425834,0.00018550967385891,0.0002041286788880825,6.374273354615989e-05,1.2673351393117233e-05,0.00017972895875573158,7.645015091440818e-06,9.8164101041259e-06,5.0846487283706665e-05,5.743463018501038e-06,0.00041037134818075124,0.0004939797800034285,0.0004998961933366103,2.1259324640976462e-06,0.0005040857940912247,5.9194218171437774e-05,9.382486043670035e-05,0.0007149353623390198
2045,0.0012139617874185327,0.0002619123155176255,0.0019351597875356674,0.00010579684721664928,0.0003846295436626297,0.001973274629563093,0.0001886809881263985,2.8316365777559572e-05,1.89170241355896e-05,0.0012821261576773935,8.913757228742533e-05,0.0007224858272820711,0.0011391453543826077,0.00043722870764765706,0.0008610016666352749,0.00161276885322649,0.0005212257188228261,0.0004994142800569534
2046,0.0029742873940301062,0.0005325904104086301,0.0022469274699687958,0.003276851742226264,0.0008636631793144042,0.002177724614739418,0.00010306565182855582,1.3381806021231556e-05,8.853897452354431e-05,0.0016128496765644082,0.00011827591089600895,0.0005165534093976021,0.0014908583238483417,3.6356785071169073e-06,0.0004066918045282364,0.003437397788186594,0.00021452051111392218,0.0007030479609966278
2047,0.00013405412752477697,0.0003307681638108316,0.0007734727114439011,0.0012071948930780368,9.734321627556317e-05,0.000954371877014637,3.106012510397174e-05,6.14682608197902e-05,2.4922192096710205e-06,0.00043326683921486586,0.0007904586258909024,0.00040878960862755775,0.0008868590811249369,0.0006292330867533578,0.0005596810951828957,0.0018045375331441904,0.0008608968169904977,0.0004353318363428116
2048,0.0006999587924973599,5.0170187663785976e-05,0.0007720412686467171,0.00012687064478893173,6.200513010591602e-05,0.0007162466645240784,1.3707617224629001e-05,5.388369427252837e-06,4.372745752334595e-05,0.00018304363249689592,0.00036578256805380044,1.2596137821674347e-07,1.5087702724715657e-05,0.0003078145522065097,7.41756521165371e-05,0.0013360453933054933,5.0838845818185555e-05,0.00039534643292427063
2049,0.0009192666629900814,0.00013746380762729923,0.0005632322281599045,0.0003966549742254605,0.0001719648034604615,0.0007551177404820919,3.9410081048700876e-05,1.229619691884361e-05,1.7210841178894043e-05,0.0009769616039433798,0.0002807594085603646,6.119883619248867e-05,0.0007020751236910192,0.00026792527590504406,0.00025386596098542213,0.0008466016386216996,0.00030494608269782033,1.3656914234161377e-05
2050,0.0019899539263090182,6.759918592117234e-05,0.0008284421637654305,0.002347474432962779,0.0004569872518081636,0.0005702110938727856,5.0782916070022874e-05,6.936259502663496e-05,6.249919533729553e-05,0.0012630006609304564,0.0008401430471787867,0.000109504209831357,0.0013688992098474864,0.000768554917054274,0.00024183932691812515,0.0011726243514598722,0.0009750677433287601,0.0006445962935686111
2051,0.00011321236790585998,0.00020115426350577476,0.00042915623635053635,0.0006811497017927687,0.00013368117037663302,0.00023799249902367592,2.6429093611213955e-05,6.416906412021596e-05,1.5009194612503052e-05,0.0013582241845468551,0.0006447050274278159,0.0003828920889645815,0.0007421078204912571,0.000319176076765397,7.481127977371216e-05,0.001394031002368054,0.000856246423828767,0.00038209930062294006
2052,0.0003739226101202864,3.4543120135156757e-06,0.0007030917331576347,0.0005047949296498738,5.135636030859786e-06,0.0004899133928120136,6.631130380682984e-05,4.898280315132728e-05,6.021931767463684e-05,0.0008172262964250554,0.0003129785668659485,5.161343142390251e-05,2.8527364717333137e-05,3.069053766095384e-05,0.0003825281746685505,0.0010176189047458595,0.0007286070123965153,0.0006027445197105408
2053,0.0003872655080716936,0.00011759027548803938,2.1058134734630585e-05,0.00011276496419827808,0.00014519941117037763,9.240210056304932e-05,1.632431653664744e-05,1.8811172444580188e-05,2.6833266019821167e-05,0.0003866656620017672,0.00019490510753303325,7.32135958969593e-05,0.0002524017195089795,0.0003572162477424902,7.72508792579174e-05,0.00025263792280444397,0.00038454910230146036,0.0002267695963382721
2054,6.820860995021549e-05,0.0001636791188705418,0.0003849850036203861,0.0003783908938603947,0.0002200105639472219,0.0005065416917204857,2.9727685349218574e-06,1.009753263757037e-05,9.24617052078247e-06,0.0001684291928750678,0.00010978178032858624,8.10746569186449e-05,0.00028884647219384885,0.00011787116780978546,0.00022321287542581558,8.588069776227503e-05,0.00025306509839253047,0.00011009164154529572
2055,2.067242152795079e-05,0.00023448493728132555,0.00037774955853819847,0.00036138750871300696,0.00021342949610157758,0.00026540644466876984,1.6317121930245482e-05,3.595568029475147e-05,6.213784217834473e-06,0.0005094482254103874,0.0005828865363830919,9.090546518564224e-05,0.0005299361326023336,0.0004384626304772994,5.35622239112854e-05,0.0005408132813909672,0.000537586074739832,2.1871179342269897e-05
2056,0.00022826941158493597,0.0001413873005802549,0.00044226227328181267,0.00022054315769155786,0.0001908537464645789,0.0003210287541151047,1.6470499986712822e-05,3.3656061806795106e-05,7.539987564086914e-06,0.0007199774509109649,0.0005210443008170779,0.00023897900246083736,0.000243966092844293,0.0003660758673032227,6.158975884318352e-05,0.0010280010503180143,0.0005500261482202749,0.00015845149755477905
2057,0.0007438215944205739,3.807500867420571e-05,0.0001781773753464222,8.265186441126782e-05,2.096308434924865e-05,0.000333509873598814,1.6972811988041556e-05,9.080173995711462e-06,2.020224928855896e-05,0.00014231132901118548,2.4884811120860773e-06,5.100155249238014e-06,0.00044893089123147767,0.00014353609753079213,0.0001428942196071148,0.00017557235730145115,0.0003409201080103652,0.00024321861565113068
2058,0.001048806736491839,0.00013812058242216457,6.818678230047226e-05,0.00048497022312973814,0.0001365452145011374,3.0049122869968414e-06,5.4451800660122035e-06,1.4841165552125044e-05,1.2367963790893555e-05,0.0003975624039138509,3.990048463192036e-05,6.587919779121876e-05,0.0005788002693744021,0.0001949298244834051,0.00014082761481404305,0.0005072833590445969,0.00013059622124078716,7.084757089614868e-05
2059,0.0008300150245159482,0.00017740025406859025,0.0001470944844186306,0.00018809026832801445,4.1868808290119325e-05,0.00012963637709617615,3.978009016204244e-05,3.1066046050293465e-05,2.16066837310791e-05,0.00035795659618131914,0.0003043719076324877,3.012595698237419e-06,0.0003181820917716044,0.0003468846984829195,3.260234370827675e-05,0.0003407298399393105,0.0005234142381534274,8.347630500793457e-05
2060,0.0006308906921320412,0.00013098392897555738,0.00020467443391680717,0.0004950691971975646,2.670132672326353e-05,0.000248846597969532,3.352395423386438e-05,2.044479486994151e-05,2.648681402206421e-05,0.0006395127817120511,0.00027158174720133543,1.8255086615681648e-05,0.0004801771542272057,0.00033211118907792644,1.2295786291360855e-05,0.0013367653362369308,0.00032616728654253496,0.0001392420381307602
2061,8.67587328515218e-05,2.38763277311399e-05,0.0002251686528325081,0.000212283170830177,9.539937090066036e-05,0.00010612886399030685,7.026093023417175e-05,2.8403725547318493e-06,1.7326325178146362e-05,6.061715637724341e-05,0.00018163946399891648,0.0003276646602898836,0.00016775922334632404,2.4243793306791966e-05,0.00028664013370871544,0.00023044803092481247,0.00016768333593330555,0.00016210786998271942
2062,0.00010431468597126015,2.8856811582586572e-05,0.00013510789722204208,0.00022500629237347247,0.00019028736003049926,1.4996156096458435e-05,5.392820828595442e-05,2.2145839294505096e-05,5.159527063369751e-06,0.00019630784991603312,0.0003189143441148304,8.749449625611305e-05,0.0003727882595249421,0.00015006582722748574,3.4178607165813446e-05,0.00011554740964898891,0.0003411690729551928,8.912570774555206e-05
2063,0.0004697054416774732,0.00019935424782920388,1.4941208064556122e-05,0.00016032282879570314,7.759022707925708e-05,4.6776607632637024e-05,2.1359934976669312e-05,7.25825177554253e-06,1.1630356311798096e-05,8.702429560689812e-05,0.00014890917530464495,0.00022242451086640358,0.00024129190034413717,1.2438722635677024e-05,0.000171625055372715,1.6328803015414062e-06,4.613763497659292e-05,0.00023414753377437592
2064,0.0003841734499546584,9.350245126855256e-05,0.00035211769863963127,0.000271348109967387,5.9747280979148554e-05,0.00029687443748116493,3.5948351749214014e-06,2.7244200226208062e-06,2.4769455194473267e-05,0.000249422129094172,0.0002183026144955448,3.617210313677788e-05,0.0002437830274093153,5.969434744394764e-06,8.993735536932945e-05,0.0008819854455965892,2.405404331574327e-05,0.00021155178546905518
2065,0.0007389946867146224,3.0354015548263863e-05,5.372287705540657e-05,0.0004879047290942268,4.413308861524884e-06,0.000144139863550663,9.884318136126752e-06,5.667920218860691e-06,1.8190592527389526e-05,0.0006908074775549763,0.00031081716744063223,0.00027936254628002644,0.0006614056838045654,0.0001859091437656918,0.00016712304204702377,0.00033564844855167586,0.00013995825575712113,0.00040410831570625305
2066,0.0003866443452728435,2.6134589026075017e-05,3.004353493452072e-05,0.0002777887451037714,2.87816612545011e-05,5.450984463095665e-05,1.056052266661979e-05,8.59538644132086e-06,5.781650543212891e-06,0.00034166293279681154,0.00028610345714989716,9.749317541718483e-05,0.0004188337481134466,9.609482730734906e-05,0.00019537797197699547,0.0003079980870022564,0.00010651230609011898,2.5039538741111755e-05
2067,6.175407357314477e-05,6.749237783728115e-05,0.0002342434599995613,0.0001542407372522453,2.884914020008164e-05,0.00014670658856630325,4.511590686846756e-05,1.7716497367078435e-05,5.234032869338989e-06,2.2048200010033048e-05,6.728600267711868e-05,0.00023774150758981705,0.0001822665736685436,6.0442240117652285e-05,0.00012478837743401527,0.0005652333439594565,0.0002289694422056704,1.0710209608078003e-05
2068,0.0008054019273968926,7.615056399640913e-05,0.0002799052745103836,0.0004899237360923847,8.110031696154096e-05,0.00029739178717136383,3.372666185944527e-05,4.130627149717334e-06,7.2605907917022705e-06,0.00024956996874736515,4.20373564132305e-05,7.920200005173683e-06,0.000626547798702963,0.00031019620285085633,8.716713637113571e-06,0.000282600507334127,4.114275210272307e-05,0.0001384001225233078
2069,0.00032702445675941716,9.588346978795653e-05,6.0327351093292236e-05,0.00037731305774632573,8.068682898629276e-05,7.505202665925026e-05,1.7566745579428167e-05,1.4545839827860064e-05,7.156282663345337e-06,0.00021293984230063429,0.0001235162781741371,0.00010057422332465649,8.774895805048477e-05,0.0003196559627207905,0.00011286931112408638,0.0005751507450902499,0.00016447755696189469,9.35681164264679e-05
2070,0.00020923747477372134,8.274986659265529e-05,2.1066516637802124e-05,0.0002259078425197042,6.963983552076003e-05,6.718980148434639e-05,1.638866242431418e-05,8.3876861719746e-06,8.530914783477783e-07,7.777672830722171e-06,0.00013643999552948038,6.1516184359788895e-06,0.00045618538149263393,0.0004361815118083881,9.248312562704086e-05,0.0002158917852493475,0.0001163721513180423,0.0001090019941329956
2071,0.0004768113463510526,5.915936796066501e-05,0.00013347994536161423,0.0004475422342812979,4.126346766470876e-05,2.8765294700860977e-05,3.344448296716332e-06,1.3289161352509032e-05,1.7136335372924805e-06,0.0003318265319261285,0.0003084402955543693,7.997732609510422e-06,0.000683909938809131,0.0004966006505649767,0.00010769674554467201,0.0001391760861004787,0.00019089515349162388,9.160488843917847e-05
2072,0.00041881602930377015,3.7290297165218367e-06,0.00014100037515163422,0.0002854705887919834,3.1247014412396495e-05,3.896234557032585e-05,1.466576429884868e-05,2.7215855713786643e-05,2.1595507860183716e-05,9.273991305702722e-05,0.00032420630087845806,9.32884868234396e-05,0.0003306526400872062,0.00046738709102866344,0.00021045096218585968,0.0005781966336594474,0.00027671834040172896,0.00022399425506591797
2073,7.772924067714349e-05,3.899056816202354e-05,3.880169242620468e-05,2.02300710010761e-05,7.014786359399103e-05,2.8586946427822113e-06,1.6017153670770667e-05,2.0263993019314474e-05,9.227544069290161e-06,0.000364793210062421,0.0002818363977633194,2.688402310013771e-05,5.916977850502214e-05,0.00022107567493040436,5.967728793621063e-05,0.0005884819905741384,0.00024396795624028345,0.00020348280668258667
2074,0.0003893881961666429,1.6398704273713066e-05,5.622813478112221e-05,0.00022163935243879607,2.2666016349030815e-05,1.4211982488632202e-06,1.6369425189032005e-05,2.406524091037442e-05,4.4442713260650635e-06,0.00032836594437418015,0.0004646816655118728,1.418055035173893e-05,0.00020280287912968764,0.0004898232979897478,1.2822449207305908e-05,2.912001025603961e-06,0.00046708222577410575,0.00024409405887126923
2075,0.00019361200519220356,2.7207547705045826e-05,0.00024556834250688553,0.00013151339430769737,2.764356339096316e-05,0.0003313310444355011,8.065671030047308e-06,1.2524189937095434e-05,4.105269908905029e-06,0.00012734464572866644,0.00033514926740138215,0.00012077880091965199,4.04825640301365e-05,0.00027682397573429093,0.00019006989896297455,0.00015444184634916258,0.00028490074907200694,0.00021919049322605133
2076,0.00036531256369501386,0.00010473973654721164,0.00013079820200800896,0.00013992229954767899,8.359746298699719e-05,0.00018486147746443748,1.9212468306056482e-05,5.472139693998791e-06,5.595386028289795e-06,0.00014785959060948511,6.268560398868181e-05,0.00022012460976839066,0.00021658560503277913,0.0003886727051216482,0.0002795499749481678,0.0006976152217565007,0.00012708273561278134,0.00033137761056423187
2077,0.0008547845185696568,0.00010548496033219862,0.0002776412293314934,0.0006489829706637085,7.984627732719046e-06,1.4643650501966476e-05,3.1137891709880072e-06,2.9401033420484233e-05,3.4768134355545044e-05,0.0007743710242171589,0.0003369939623836457,9.791296906769276e-05,0.0006082782677631765,0.0006430530763365944,0.0003987695090472698,0.0010336586649671714,0.00034568194047280513,0.0003994237631559372
2078,3.937701795608817e-05,7.260821573997975e-05,0.00013359356671571732,8.091785668901119e-05,0.0001600367545650655,0.000129008200019598,2.6870955900790833e-05,8.130760014966138e-05,2.0205974578857422e-05,0.0006552180138723329,0.001055139162295795,6.20426144450903e-05,0.00011188587900839986,0.0009169379873681591,0.0003697564825415611,0.0006591720572258208,0.001262729267455796,0.00012630410492420197
2079,7.032464403126937e-05,0.00012916723403183505,0.0001146877184510231,1.8395355707134797e-05,0.0001755143011365097,4.7632958739995956e-05,5.231830434345233e-05,7.401186468244145e-05,2.9206275939941406e-06,0.00040448264763546377,0.0011291301016819015,0.00033103651367127895,0.00023532874986360863,0.0009574427240146913,3.447616472840309e-05,0.0005702771174547205,0.001258657556126845,0.0006126072257757187
2080,3.240089114828204e-06,0.00019440370061466622,2.7556903660297394e-05,0.00013806432708524108,6.366408446161972e-05,3.16188670694828e-05,3.802678473740703e-05,5.0050174835623244e-05,2.291053533554077e-06,0.00020225865644935004,0.0009551521807464013,0.00018367008306086063,0.00011947524575538215,0.0006004542028686839,4.58848662674427e-05,0.0006679074026341575,0.0008682888680822043,0.0004152487963438034
2081,0.00023190633604737443,0.00013603161927944543,0.00019986741244792938,0.0002200225901230063,0.00011347405112029085,0.00019202055409550667,7.460650898521645e-06,4.827683989380358e-05,1.8030405044555664e-06,5.389171175170654e-05,0.0007059668140622886,0.00012548151426017284,4.785143962196536e-06,0.00042985710869876403,1.1235009878873825e-05,0.00010516619223621682,0.0008986516172939645,0.00021379441022872925
2082,0.00017070113034257928,0.00017228789786559798,0.00031787343323230743,8.360624571149278e-05,0.00018243136883857453,0.0002191397361457348,1.146772289286821e-05,5.9223660013060764e-05,1.097843050956726e-05,0.0005313730119063179,0.0007151127036845277,0.00015678186900913715,0.00025555425954612576,0.0006988627574855896,8.315453305840492e-05,0.0003946593018850225,0.0010417140090637801,0.00022963061928749084
2083,0.0003108507269015681,0.0002551850714338083,0.0003156750462949276,0.0003925275351737145,0.0002153222134114105,0.0005595297552645206,7.52947453250153e-05,8.894777888781137e-05,1.893565058708191e-05,0.0007221176333470913,0.001323970436444808,0.00027057528495788574,1.2083704267640272e-05,0.0008785742962100912,0.00021400628611445427,0.00015599640704788698,0.0014782225123400137,0.0008632885292172432
2084,5.912403868414684e-05,0.00026406400389573925,0.00031893467530608177,3.367920008226499e-05,0.00034995511383504804,3.6032870411872864e-05,5.2049298796950916e-05,0.00011433479965944793,4.4442713260650635e-06,0.0010457420055015113,0.0011437404607352666,0.0005518204998224974,0.00041668477204069576,0.0009444956485033344,6.105424836277962e-05,0.0011503132610088534,0.0018768555381000031,0.0009366413578391075
2085,8.731904772335541e-05,5.654746300245636e-05,0.000608452595770359,0.00023017515084060303,0.0002741282903671628,0.0005552452057600021,0.00010621975784469266,1.3488395999002338e-05,5.103275179862976e-05,0.00017259979304362627,0.00018891004471926,0.00019757193513214588,0.00010331048669921794,0.0003877014653145966,0.00042256712913513184,0.0001234483255709018,0.00040982825185707783,0.0003521386533975601
2086,1.5769181066771498e-06,0.00015385695314809947,0.00037438981235027313,0.0003368031201916588,9.203145344263697e-06,0.0005001905374228954,2.457655183640828e-06,1.9094511634079982e-05,3.468617796897888e-05,0.0003054137718003641,9.237611991026046e-06,0.00013049785047769547,8.234602967154003e-05,5.593717750533231e-05,1.3290438801050186e-05,0.0006680698892042314,0.00022755056811790166,0.0006112456321716309
2087,0.00023822983349547355,7.203285996511266e-05,0.00034842779859900475,4.2916171589940655e-05,0.0001316158037621626,0.00036662817001342773,3.8199963964900135e-05,2.8777957875282794e-05,1.673772931098938e-05,0.0007865117433371038,0.0001879227187424233,0.0002961826976388693,0.0004821466731170232,0.0007809169947502054,0.00026535429060459137,0.00040622867783857153,0.00038185966255065845,9.857024997472763e-05
2088,0.00048417787492925635,3.98457047168059e-05,0.0004847673699259758,0.0002904959622375969,0.00015988368973909178,0.0005111596547067165,8.560176102557354e-06,2.036611917951393e-05,1.753866672515869e-05,0.00052200830332607,0.0002782443047005846,0.00029144808650016785,0.0007942084666101579,0.0008522230843683448,0.0002246103249490261,0.00032260127658841065,0.00024151119440570922,2.171378582715988e-05
2089,0.0002946970257364928,4.202757117727912e-06,0.0002072271890938282,5.649142792646389e-05,0.00011823324698628096,0.000283604022115469,1.0745581819116695e-05,1.5248729834256222e-05,8.40798020362854e-06,0.00027622664415860587,0.00019689644787363597,3.141583874821663e-06,0.0003096809716566229,0.00019740284495058796,0.00014480995014309883,0.0001683690116558445,0.00028394418015261283,0.00039847008883953094
2090,0.00023707279579321394,2.7154676577562792e-05,4.99282032251358e-06,0.0002498087689514067,9.203372825507261e-05,0.00010743224993348122,4.3783947068665174e-05,3.208914682884738e-05,1.043081283569336e-05,0.0004609747926118124,0.0003658078859724856,0.00011222483590245247,0.00019638280297715194,0.00017985925763355087,0.0002792687155306339,5.8607493867879334e-05,0.000545166690452405,0.00012094341218471527
2091,0.00028663665749208145,7.337118767273415e-05,0.00019180262461304665,0.00011052487102300446,2.7565137529109857e-05,0.00016517238691449165,1.4468428761533342e-05,1.7866415535550205e-05,1.593679189682007e-05,0.0006284093941763269,0.0003224897721218131,6.022537127137184e-05,0.0004431776423619166,0.00048165477664270304,0.00010030018165707588,0.0006717811442784605,0.00022845156661130146,2.3189932107925415e-06
2092,0.00020747576773809395,0.00022631308706135347,0.0002970099449157715,0.0005332158029480727,3.726123443153692e-05,0.00035615311935544014,4.0897739745408834e-05,1.075088918485223e-05,1.014024019241333e-05,0.0001541146169711377,0.00014566505116089465,2.5861430913209915e-05,0.00028107896577614366,0.00017648909127624887,0.00010502384975552559,0.00018641545262382264,0.0001360336399221741,0.000336475670337677
2093,3.9396582413669945e-05,5.1332842509979604e-05,3.2209791243076324e-05,5.8317121892401125e-05,9.39488981741704e-06,1.32853165268898e-06,5.073416325778943e-06,1.5423537542106345e-05,6.817281246185303e-06,0.00012372612954873047,8.324668809351829e-05,2.8315000236034393e-05,6.0412421292704854e-05,0.0003081453113996796,1.9976869225502014e-05,0.0002687035554960332,0.00029977422313873844,4.532933235168457e-05
2094,0.00013562722831116092,3.3697756726569494e-05,5.9120822697877884e-05,0.00029373593833581513,3.0265312345154755e-05,1.508975401520729e-05,1.2676281211765339e-05,2.583896200397364e-05,4.976987838745117e-06,0.00020414805115374218,0.00032926516614188023,1.7761485651135445e-05,4.771865350144955e-05,0.00043562325881734906,0.00011019175872206688,0.00024131403420403486,0.00042742573262075523,0.00012627243995666504
2095,0.00024114085396921559,6.617894571895114e-05,0.0003099064342677593,0.0005417523915249162,8.742861141284447e-05,0.0003336905501782894,3.814127205108847e-06,3.821424568926229e-06,9.663403034210205e-06,0.00024529294904627325,0.00010084975842467384,2.375873737037182e-05,9.001158298431455e-05,0.00017872082953303975,3.4417957067489624e-05,0.00012199545154899238,1.1862828442329998e-05,0.00017222389578819275
2096,0.00013401738707753685,0.00010777053023459243,7.840944454073906e-05,0.0002891327215422679,0.00016739511384991634,7.600057870149612e-05,8.88992568058404e-06,2.2455648534871206e-06,1.2177973985671997e-05,0.00033624593353311777,0.0001678744223446993,0.00019039656035602093,0.00011469753492623219,0.0002527428237515568,0.00019347015768289566,0.0003089032871048253,2.063215079053677e-05,0.00020381994545459747
2097,0.00011830281506644558,6.179991378807426e-05,0.00021826941519975662,0.0002918897296954187,0.0001429603336943787,0.00013401871547102928,2.3327186974628558e-05,9.398855601415543e-06,1.1127442121505737e-05,5.6763775683851825e-05,0.0002535717768183815,3.6030542105436325e-06,0.0002486728302672353,0.0002467366710579115,8.689472451806068e-05,0.00041061400733523323,0.00011291275385209333,0.00024952739477157593
2098,0.00010072806193452133,5.526874488644834e-05,0.00023043202236294746,4.869200524554307e-05,8.384952089609404e-05,0.0002445625141263008,3.190997159218702e-05,4.5194728071554354e-06,2.3264437913894653e-05,3.566869988301524e-05,0.0002921453735977471,0.00022191833704710007,0.00012099903873590695,8.752606742986821e-05,0.00020130909979343414,0.0002493133062439201,0.00013742103761159655,0.0004329383373260498
2099,0.00014147675031449258,7.549926143984517e-05,0.00014285603538155556,0.00019427921097629752,1.3272353819260285e-05,0.00014843139797449112,1.1922539969542317e-06,6.344335340695891e-06,6.07222318649292e-07,0.0001536247646206912,2.910392764595912e-05,3.458093851804733e-05,0.00025966621701586923,0.00016495855941170423,4.921993240714073e-05,0.00026180874431663836,0.0001318259289422941,6.599165499210358e-05
2100,0.00011804029706108388,9.761988905579444e-06,2.609100192785263e-06,1.4550951791120204e-06,1.5569670325506907e-05,4.305969923734665e-06,8.141729161170383e-06,6.362966380147066e-06,1.7099082469940186e-06,0.00023474807480727833,0.0002827553652806278,1.0232673957943916e-05,0.0001791149619904675,9.399106909334376e-05,4.407484084367752e-06,0.00020629862555390788,9.487275540489767e-05,6.475858390331268e-05
2101,0.00016950917706946844,0.0001419603695048434,8.64863395690918e-05,6.184575422253646e-05,2.1540175180780052e-06,0.00012009032070636749,2.3895976248321238e-05,1.0061147462170198e-05,3.162771463394165e-06,0.00014010596496021738,0.00029415795146816096,3.720168024301529e-05,0.0003037905623096346,0.0001338140466581525,0.00010327249765396118,0.0002601154651507148,0.00017653373924640496,7.933378219604492e-05
2102,4.276992053686701e-06,0.0001233156252386479,8.678389713168144e-05,2.5682634903614887e-05,4.439681312762983e-05,8.997973054647446e-05,9.741080259608598e-06,1.369953392855338e-05,1.1440366506576538e-05,3.49216332776181e-05,9.042813930831839e-05,0.00010064966045320034,9.845409720211917e-05,0.0001390905840674972,8.276291191577911e-05,0.00044280183139688845,0.00023615503685994656,0.00019766204059123993
2103,0.00013182463309800718,9.866914134624635e-05,0.00012313202023506165,0.0003129289444465527,6.019484823368421e-06,4.0549784898757935e-05,2.8793852792918795e-06,2.9030477457018568e-05,3.8370490074157715e-07,0.0003123825814556336,0.0002421898813520472,5.633942782878876e-05,0.0003058213144219932,0.0004604948356414715,5.9219542890787125e-05,0.000267827867753756,0.00047211929216595463,8.225254714488983e-05
2104,0.00030740974539798793,3.222283710192786e-05,0.0003862646408379078,1.2482880162381638e-05,5.075024847673443e-05,0.0003386233001947403,1.0839729846560259e-05,6.237478463357233e-06,1.876428723335266e-05,0.0001748136980276177,5.3335956347828894e-05,1.529301516711712e-05,0.0002060717006300561,0.00038202038255250037,6.431620568037033e-05,7.42309223616816e-05,0.00018038921631182044,0.000351976603269577
2105,0.00011826869809139495,9.347202284345352e-05,0.0002914262004196644,2.334364314078574e-05,5.416932165424465e-05,0.0002358495257794857,2.6927976034160986e-05,2.26070161827323e-05,3.0007213354110718e-05,8.568239921658005e-05,0.0004247883504992743,6.03219959884882e-05,6.25127954886201e-05,0.00031756295780165436,0.00014032237231731415,6.024223094119874e-07,0.0003452310870338529,0.0004945341497659683
2106,0.0001489879034033137,5.1378299553025975e-05,0.00024311058223247528,0.00023047288003144595,3.6097007870307396e-05,0.00025743991136550903,2.6288284094183254e-05,3.8613312979364814e-06,1.2990087270736694e-05,0.0001510103484825484,9.851884202619066e-05,8.005625568330288e-05,0.00010819850454772684,3.903279290153744e-05,9.72207635641098e-05,0.00026924955111987114,0.0001236578870053252,0.00012224912643432617
2107,0.00045410928551836705,0.0001373261962589467,0.0002287621609866619,0.00038437163537044516,4.1706024449379014e-05,6.720423698425293e-05,1.5206449760128693e-05,3.0014646659761465e-05,2.1710991859436035e-05,0.000280281893543545,0.0007043035288672381,1.0539544746279716e-05,0.00035004955113465686,0.0004020779622404616,0.00018230220302939415,0.000318216551812911,0.0004161894593157486,0.00029500387609004974
2108,0.00018967448432220813,2.082125980285704e-05,0.00025387760251760483,0.00021496551157935972,4.914253367852353e-05,0.0002100304700434208,2.233179634348638e-05,4.7481943104096163e-07,1.1567026376724243e-05,0.0001339512179143812,6.518862430307179e-05,4.4822925701737404e-05,0.00012595218965931465,0.0002551355652991305,9.18237492442131e-06,1.5498933432667172e-05,3.556179296673994e-05,0.00014136731624603271
2109,2.6260245188508557e-06,4.537116787749554e-05,0.00018962426111102104,0.00016168844216128686,5.519819543879992e-05,0.00023433566093444824,1.194443804229152e-05,1.0637088777801977e-05,2.775713801383972e-05,8.290193422063469e-05,1.0720788609180215e-05,0.0002450793981552124,7.166625807150662e-05,0.0002510724107290356,0.00019529322162270546,0.0002496845445349172,0.00014532186910321855,0.00034964270889759064
2110,7.029637542867173e-05,1.0588463625824107e-06,5.227047950029373e-05,5.599554823337849e-05,2.900328389491419e-05,0.00012080604210495949,9.09393651324017e-06,2.7807681549504848e-05,1.1146068572998047e-05,0.00010815661863133874,0.00013545422460939024,0.00011655548587441444,2.0604837264973086e-05,0.000304012744015765,1.0660849511623383e-05,2.798197581919959e-05,0.0004546789382128425,0.0002036355435848236
2111,6.99350093261164e-06,0.00015972070384233025,0.00016419682651758194,0.00019446177612994497,4.277237100915737e-06,0.00024760467931628227,3.4596937010661355e-06,1.7235454168763138e-05,2.0660459995269775e-05,3.813794925330155e-05,0.00020763408206385045,0.00025811977684497833,0.0002509451463641871,2.411601605925573e-05,0.00014334311708807945,0.0006166210985502074,0.0003056444492611993,0.00033801794052124023
2112,5.881528344589548e-05,0.00010349291815549971,0.000247330404818058,1.008320532240592e-05,0.00014682454899207775,0.00019933795556426048,6.8053746753275746e-06,1.462124900878086e-05,8.83638858795166e-06,4.451934532147955e-05,0.0001581859550562302,0.00011042761616408825,6.972375687988586e-05,0.0003310122345674439,6.001302972435951e-05,9.708837056543462e-05,0.0001936232739759465,6.515346467494965e-05
2113,0.00013789279227156837,9.533563238851156e-05,5.395431071519852e-05,5.654568683682859e-05,0.00012142691224119664,5.777506157755852e-05,2.0053126236117824e-05,1.025470344058455e-05,1.734122633934021e-05,7.38814271480509e-05,8.178007164535636e-05,0.00017145206220448017,2.0979341670918084e-05,2.1856451502801078e-05,0.00021971343085169792,0.00018683050157571046,0.00021287003953156768,0.0003311820328235626
2114,0.000157499518466081,8.188346687199727e-05,0.0002209939993917942,4.6707753548175246e-05,9.04731371909745e-06,0.00024345051497220993,2.931711096742194e-05,1.423207736260773e-05,1.125037670135498e-06,0.00036619059780866603,0.00022270346730831128,0.00022940197959542274,0.00018693477019680882,5.084919844954364e-05,0.0002883458510041237,0.00045773953209454765,0.000191504182860033,0.00016081519424915314
2115,0.0003233887092394111,1.627560823634286e-05,0.00020779436454176903,0.00032314663535271126,6.443753912750011e-05,0.0003012879751622677,3.367691607068443e-05,2.563510709917261e-05,1.3582408428192139e-05,1.0217097638709483e-05,8.193148417645624e-05,2.7779722586274147e-05,9.085878717142448e-05,0.00030298018543810715,0.00015725940465927124,0.0006467801580541943,0.0003767001301078392,0.0003977082669734955
2116,0.000560485348014797,0.00015062897722711854,0.0003519337624311447,0.0007267325375025502,4.147122169338019e-05,0.0004165717400610447,3.58959281629382e-05,1.313418756554365e-05,2.5488436222076416e-05,0.0003341825093119491,0.0002471804414173884,4.5299530029296875e-06,0.0004775674302598676,0.00013689345881552975,0.00010042963549494743,0.0008180209432672031,0.00021138491489704897,0.0004259403795003891
2117,0.00024310700996717227,0.0001152817376052738,0.00012896396219730377,0.0006350369471352507,9.84669914922548e-05,0.0002700681798160076,1.8204460075639875e-05,2.6756341667814767e-05,1.3075768947601318e-06,0.00011741026056681647,0.0003742304880809365,0.00013066944666206837,0.0003086299039138096,0.0003889041724394471,0.00030922796577215195,0.0003931529093223196,0.0003898290301421791,2.0368024706840515e-05
2118,0.0005826747348712386,4.05368861538212e-05,0.00010053068399429321,0.0004877231794520598,9.018965691685865e-05,8.727144449949265e-05,2.459532982634037e-05,8.131009740465955e-06,7.12275505065918e-06,0.00010263921966312956,6.967695355195036e-05,0.0002777022309601307,0.0002533611018659121,0.00013386904200259758,0.0002660974860191345,0.0006543589737702526,0.00012472799849082197,0.00020248070359230042
2119,0.00011439244059371911,3.859343057955461e-05,0.00012092199176549911,9.535564849104394e-05,4.8383731391803825e-05,8.621439337730408e-05,2.3581220882040038e-05,1.0545617105526715e-05,2.6669353246688843e-05,5.555520475135356e-05,1.0281048034646578e-05,0.00019483058713376522,0.00010587305432271932,0.00012031974248805088,0.00024946965277194977,0.0005000866301930612,0.00017897878228999298,0.0005478039383888245
2120,0.0002995182609509678,3.62288846086703e-05,1.8660444766283035e-05,0.00026482740089615875,0.00010121304494134856,6.77383504807949e-05,3.491869803302905e-05,3.035137178807615e-05,6.750226020812988e-06,0.00012764420072052668,0.0004276722460991936,5.05328644067049e-05,0.00016182719425057723,0.00030224092007851214,0.00010342802852392197,0.0003332792850827687,0.000408730070520274,0.0003150962293148041
2121,0.0006754640523427696,4.7014719539335836e-05,0.00013718754053115845,0.0006064820716960295,0.0002610800110806402,3.551412373781204e-05,3.6408647963939375e-05,2.5977590702112386e-05,3.337860107421875e-06,0.00016052051609475454,0.0005179714431478161,5.999905988574028e-05,0.00011795677221307366,8.69139428905999e-05,0.00017510587349534035,9.979882232294401e-05,0.00030254414033479594,0.000344092957675457
2122,0.0009187354030219252,0.00046392022344808603,0.001045208889991045,0.0009287412571885034,0.000159383697445524,0.0014666742645204067,0.00012928065046621112,2.0406164794575983e-05,1.3783574104309082e-05,0.0002792846481416769,0.00031753988377824366,2.644537016749382e-05,0.0005549322236054338,8.741392687095645e-05,0.0006733029149472713,0.00021621355723061564,0.00024260501037523356,7.298868149518967e-05
2123,0.003058244462196061,0.0004943584557869293,0.002586868591606617,0.002153985858404442,0.0007710007952562437,0.0023509436286985874,6.905630280328902e-05,4.7373311178418396e-05,0.00011156126856803894,0.0017146233849090128,0.0003962736412027948,0.00041512842290103436,0.0016277787922110779,0.0006309708070712586,9.88212414085865e-05,0.0027642433256087756,0.0008675664817936069,0.0008042827248573303
2124,0.0006403965889065916,0.0003493828740715535,0.0012294100597500801,0.00017249204491659453,0.0002051869380482116,0.0009375638328492641,2.0034266100400766e-05,7.638985083785054e-05,3.4905970096588135e-05,0.0006828300389110434,3.300243215732801e-05,0.0010863356292247772,0.0006146331918861145,0.001226646834268895,0.0006131785921752453,0.0028543568433732763,0.001190577795453755,0.0002747233957052231
2125,0.0006633864147657237,0.00012002528258146794,0.00018494483083486557,0.0002024581378510526,0.0003790039107582112,0.0002385922707617283,3.150381406989526e-05,1.753175584320475e-05,1.7762184143066406e-05,0.0001258072861269957,0.0009782779751368077,0.0005604778416454792,0.00021641157793737126,0.0001820755763070718,7.684063166379929e-05,0.0006817979043716171,0.00017318156033209117,7.048249244689941e-06
2126,0.0012435329675766493,0.0003729340876975802,0.0012394832447171211,0.0014915858001236099,0.00017542830697881914,0.0009658029302954674,7.805073124584304e-05,4.031997922124942e-05,4.399940371513367e-05,0.0011082126626164937,0.0001937660873449626,0.00027652946300804615,0.0010856661788003694,0.000857785803789049,0.0001972508616745472,0.001104454335883423,0.000656550129364439,0.00014283135533332825
2127,0.0009225545157244969,0.0003212891017364862,0.00019166525453329086,0.0008193033536450511,0.0002720507865455711,0.00031862733885645866,7.977681211127595e-05,1.5205621451051387e-05,1.1082738637924194e-05,0.0009357089419638406,0.00018220400973601933,0.00019484874792397022,0.00040925860881634024,0.0003915523421482818,0.00020904606208205223,0.0014640647119110728,0.0002902343334005844,0.0005119573324918747
2128,0.0006681497433508599,8.110569144314378e-05,0.0003584986552596092,0.00015385685444863073,8.352465492020983e-05,0.0005555395036935806,5.322542879842608e-05,4.5540092813884346e-05,1.624971628189087e-05,0.0007519286126545233,0.0010040109004470499,8.670496754348278e-05,0.0003748090617664429,0.000805522060723686,0.00019325362518429756,0.00078258306734659,0.0006460933335544778,0.0006503276526927948
2129,0.00020152871746557943,3.276246225980203e-05,0.0002024369314312935,0.00023832226012417135,7.168300137287698e-05,0.00015072105452418327,1.3402109932957734e-05,1.5591194183149073e-06,5.2228569984436035e-06,8.783037954086109e-05,0.0003120663143304919,2.723047509789467e-05,0.00011319820588805152,1.340639463449228e-05,9.028799831867218e-05,0.0002833509848196858,3.0622211290454865e-06,5.101040005683899e-05
2130,0.0001224794214412933,0.00011280801798288845,0.000590822659432888,0.00029540557281851343,5.856670833865804e-05,0.0007063345983624458,5.107996708953594e-05,1.35107727389355e-05,4.377216100692749e-06,0.0001471741616412628,0.0003371329666223902,0.0001829091925173998,0.0003496836895055533,0.00017240039614729863,0.0003378186374902725,0.0006098345795927385,0.00022041300140718083,7.939152419567108e-05
2131,0.0009331730923552717,8.042494066530514e-06,0.0004890328273177147,0.0003656117901835454,7.85169041274715e-05,0.0003461036831140518,2.3774823873532608e-05,2.1237456960950484e-05,3.898888826370239e-05,0.000968294638889422,0.0004876362458520432,0.0001924347598105669,0.0008168425451845901,0.0006235432783775197,0.00037956610321998596,0.0010892793219501457,0.0003816634311232933,0.0005226293578743935
2132,0.00023197096181795662,0.00019349154520299436,0.0001608673483133316,0.00027803472280293895,6.736933498632802e-07,0.00021228985860943794,2.619834509768465e-05,1.3254119943133962e-05,1.2867152690887451e-05,0.00036090479818755294,6.339075610893585e-05,0.00020972476340830326,0.00035397537690172454,0.0001263946393558063,0.00014307815581560135,0.00013572879555891204,9.594399070853108e-05,0.0003193225711584091
2133,0.00013922484863893025,4.9048066721700534e-05,8.910801261663437e-05,6.719005779200204e-05,3.151792222522848e-05,0.00011493498459458351,1.527012731925015e-05,7.293186506208168e-06,8.456408977508545e-07,0.00019394831112111433,1.2715093002033107e-06,7.505714893341064e-05,0.00024581381752929177,9.479756967894007e-05,3.9244070649147034e-05,0.0002401828977095094,0.00017463182235984143,5.870126187801361e-06
