frame,change 1.x,change 1.y,change 1.z,change 2.x,change 2.y,change 2.z,change 3.x,change 3.y,change 3.z,change 4.x,change 4.y,change 4.z,change 5.x,change 5.y,change 5.z,change 6.x,change 6.y,change 6.z
2,0.0009015599329313256,0.00020165827468838354,0.0008153580129146576,0.0004718869301301304,0.0002853715642846151,0.0008784737437963486,0.00032875580753791503,5.696310664679582e-05,0.00011634454131126404,0.000672193623483669,0.00015806633106340423,0.001198265701532364,0.0008615253632343334,0.0004152939486492743,0.0012088492512702942,0.004539374587766626,0.0011510196467503734,0.0018667317926883698
3,0.00023239160951053772,0.00028492878967012816,0.00011786352843046188,0.00025596548657945417,9.749458709368275e-05,0.00031916145235300064,0.0001262811111879293,4.977074228168933e-05,1.839548349380493e-05,0.0008332095853469945,0.0001712875170931591,0.0004235273227095604,0.001212486331987228,0.0010982511289429758,0.0006146524101495743,0.00018218542970088736,0.0006772944745910316,0.0005817189812660217
4,0.0008254417013477261,0.00019000399210097885,0.0005888473242521286,0.0012512340697885815,0.0002815714920760548,0.0006393818184733391,1.10974756977536e-05,7.66100846861476e-06,0.00010061264038085938,0.002110936647394354,1.367329975957357e-05,0.0009174905717372894,0.0021521328997046035,0.000498878943957913,0.0008329125121235847,0.0014030598605607736,0.00041249746826742956,0.0009911060333251953
5,0.00034612247348227154,2.971414416351459e-05,0.0008876314386725426,7.584434802933304e-05,0.00012320571678703027,0.0008050911128520966,7.771734637816718e-05,3.985913635873431e-05,8.254498243331909e-05,0.0008300366657535141,0.0009428905289412329,1.636520028114319e-05,0.0006655856304068897,0.0010612331891445836,0.0001104278489947319,0.0011901119692787898,0.0008291160756456655,0.00043439678847789764
6,4.931778355062033e-05,9.082420151591136e-06,0.00021751876920461655,0.00022754575883782158,0.00018348107537313751,0.00023558270186185837,4.244187658716814e-05,3.666528739685053e-06,1.1928379535675049e-05,0.0013655727161776543,0.0004528402503322995,0.0004507545381784439,0.0002627444760150144,0.001308340657928335,0.0005059586837887764,0.001891462920077469,6.662708303133407e-05,0.00022424384951591492
7,2.4376926653052466e-05,0.00011706501776908088,6.832927465438843e-05,0.0003026337946887697,4.056677417308904e-05,2.1560117602348328e-06,8.51771500756486e-05,3.402694562408277e-05,2.0563602447509766e-06,0.0007107777477286248,0.0007851516232671302,0.00031187478452920914,0.00045866030834011695,0.00024670138663336616,0.0004921667277812958,0.0021227993649431676,0.0006473585014902337,0.0003733169287443161
8,0.00014494830546327164,0.0001858178723737093,2.6712194085121155e-05,0.0002954413692072555,0.00023489030659755786,0.0003387555480003357,9.845218683912291e-05,3.671424455521676e-05,1.2777745723724365e-05,0.0001876418499008603,0.0006856061930951562,0.0008730413392186165,8.514041228267766e-05,3.1323390168917775e-05,0.0012702401727437973,0.0017868857640963576,0.0005981667649446777,0.0011868271976709366
9,0.0003218137380506525,3.2542537072938194e-05,0.0001529669389128685,2.9587947319067998e-05,3.081654354153765e-05,0.0001894952729344368,8.43817216517051e-06,1.2076678195077216e-05,4.716217517852783e-06,0.00035156682727145727,7.480251926237497e-06,0.000194489024579525,0.00040782263799345186,0.0006254977002322637,9.241793304681778e-05,0.0007429741036989734,0.0002366918782246456,0.0002773422747850418
10,0.00042433021488155753,2.8917838161158366e-05,4.740152508020401e-05,0.0003349159048394029,0.0001240424100147526,0.00014052819460630417,1.997975448495004e-05,1.8314869033682108e-05,2.753734588623047e-05,0.000694770507223233,0.0013778535560775955,2.796109765768051e-05,0.0012478683059380935,0.00011137934330496257,0.0001999475061893463,0.0017650554148247732,0.00041674353221087413,0.00036091171205043793
11,0.0009317787771831038,0.00022987113425430514,0.0005698734894394875,0.0006530114923394559,0.0001757571716954169,0.00027255620807409286,5.580766449769792e-06,8.90424515984366e-06,0.00010783597826957703,0.0017402177434527044,0.0010744491763092986,0.0008779196068644524,0.002134815257743325,0.0005234535674668236,0.0012131696566939354,0.002523570747103132,7.583401463177788e-05,0.0016711745411157608
12,0.00031822781757544216,2.43163597563531e-05,0.000938798300921917,0.00034235981253662173,0.00013153958573036695,0.0008321376517415047,0.00014339372133905653,1.1257419022631565e-05,7.31050968170166e-05,0.00038450322357848343,0.00020496243095010497,0.0005771247670054436,0.0001856012319940703,0.0009894821266837675,0.00029675569385290146,0.0011605113178480564,0.00014713789285120387,0.0012591704726219177
13,0.0013360818168658556,3.4550540424938686e-05,0.0005027549341320992,0.000631118877372619,0.0001915833085605438,0.0005900459364056587,8.610625079749634e-05,1.3235546593548693e-05,6.559863686561584e-05,0.00014580815191415908,7.706467374028747e-05,0.0002400605008006096,0.00011364905688432403,0.00015799043024419118,0.00023733079433441162,0.0007702226816789226,0.00031053927542002997,0.0012519359588623047
14,0.0012081382653907347,0.00022392717346131005,0.00040189921855926514,0.0011855925358869451,0.00020796146547082117,0.0004804702475667,0.00012009483537721646,1.2307748545530223e-05,4.056468605995178e-05,0.0002705602514347788,0.0007172748596989131,8.773058652877808e-07,0.000532247652247117,0.000948033036813227,2.271309494972229e-05,0.0006347511299615027,0.0004481794639957324,0.0002621505409479141
15,0.00013538887341194017,0.00040649793019174874,0.0008836686611175537,0.0003647570726529603,0.00011485132161302355,0.001181144267320633,0.00014415434651187525,3.2551771265661546e-05,8.716806769371033e-05,0.0006691326080158072,0.0016629738587830255,0.0006924625486135483,0.000273893699010333,0.0005764302574944591,0.001071954146027565,0.002823921679395852,0.0004708589424808722,0.0005940273404121399
16,0.0008319194275094033,5.813447449706105e-06,5.336292088031769e-05,0.00021356596965102503,1.1156564943048952e-05,0.00039685890078544617,1.7786226365664598e-05,5.5686748995752025e-06,6.6943466663360596e-06,4.4055595714145857e-05,0.00017447455220078248,0.00016839522868394852,1.638583600276078e-05,0.0005687341350068889,0.0006579849869012833,0.0012386231021839778,6.911065792792204e-05,0.0007948614656925201
17,0.0004874010590626976,0.00020482789419068448,5.866400897502899e-05,0.0007109497590184616,0.00023919683672998793,0.00023042969405651093,6.331929331691855e-05,2.8068489550857117e-05,1.6007572412490845e-05,0.0005223616808742587,0.0004926344008581059,0.0007206089794635773,0.00027859684556950925,0.0007314716431734078,0.0010921955108642578,0.00048597077781664666,0.00036514419135721433,0.0004505962133407593
18,0.000841973242751648,0.000132446880320599,0.0002649230882525444,0.0013305239507790667,0.0002629348398784648,0.00017347466200590134,1.0157046734640685e-05,3.401167516641911e-05,2.921372652053833e-05,0.0013868915004875554,0.00036933604340916304,0.0002274317666888237,0.0024654603655740043,0.000851161555685348,0.00031450483947992325,0.0001009772261583719,0.0004696052682333085,0.00032112374901771545
19,1.0972364507005894e-05,0.0001560690612245931,2.1294690668582916e-05,0.00014673673604707893,0.00011419118668283892,3.3231452107429504e-05,4.552244131119168e-05,1.780575899188667e-05,4.777684807777405e-05,3.152875415585177e-05,0.0006818125216279114,0.0004129307344555855,0.0011893472920777859,1.9439392320838578e-05,0.00045244209468364716,0.0015358807580469203,9.259296509062445e-05,0.0006480328738689423
20,0.00042379153352425925,0.00010916786709078141,0.00016591325402259827,0.00040293346463050883,0.00034548666688792237,4.1175633668899536e-05,7.141631075658489e-05,3.610927104978948e-05,5.970895290374756e-05,0.0018362108568285157,0.0004774318306503163,0.0004945052787661552,0.001326579878463116,0.0003442949730497538,0.0005608415231108665,0.001547507388408198,0.0005409213028730927,0.0003986842930316925
21,0.0005818995653452119,3.995082576851994e-05,0.00018147844821214676,0.0004376384246540521,0.0002631411781103682,1.7463229596614838e-05,6.885586875247929e-06,1.092193792115231e-05,3.337860107421875e-06,0.0003524817445242773,0.0002672059649815317,0.00010395143181085587,0.0008762065595431523,0.0004960369760455899,5.6401826441287994e-05,0.00134470441455381,6.364704762692845e-05,0.0004684850573539734
22,0.0003427070184330583,2.6424433341134396e-05,0.0001463238149881363,0.00023655669333003115,0.00011259278242314874,0.00037053413689136505,3.0329819204373554e-05,2.7540699156110987e-05,3.7536025047302246e-05,0.0005094280338160256,0.000699787157127936,0.0006498880684375763,0.0006333259187508572,0.0009130785946693185,0.000330866314470768,0.00027920891374855206,0.0006067772745754589,0.0006738044321537018
23,1.1624303467100416e-05,8.645683982505536e-05,0.0002926718443632126,8.521428143938581e-05,0.00010606350187698788,0.00016104336827993393,4.607186207383762e-05,3.335090906751454e-06,2.7135014533996582e-05,0.0008130214627515009,0.00010685187962881926,0.00027661025524139404,0.0001739469304453123,0.0002652741817766799,0.0004414208233356476,0.00016566891364228065,5.900065434060603e-06,0.0005643870681524277
24,9.256528455320323e-06,3.4643752890976126e-05,0.00016354769468307495,0.00011580491548110472,0.00012891469985863713,0.00013143941760063171,3.051029143553291e-05,1.3081840250778534e-05,2.656877040863037e-05,0.00040003341516220425,0.000788239755872621,0.0003133760765194893,3.28578667980195e-05,0.00021439181911419442,0.00035749468952417374,6.957262695145294e-05,0.00024354935190113065,0.0003123469650745392
25,0.0006554842185186871,0.00010159944498856419,0.000474538654088974,0.0006729830761625782,5.286215743066994e-05,0.0006242804229259491,6.512041449197731e-05,1.5076870258711275e-05,5.5417418479919434e-05,0.0006484348871452633,9.360165309883414e-05,0.00016136560589075089,0.0008607288674592345,0.000129015770731003,4.7985464334487915e-05,0.001547387362139635,0.0004076113638648779,0.00046512670814991
26,0.0003266485674127684,4.230803029559721e-05,8.680112659931183e-05,0.00024716557132287154,7.631515868558592e-05,0.00014378037303686142,1.4351592251236889e-05,8.647222663500458e-06,4.0978193283081055e-07,0.00013920924533181167,2.2775451645355715e-05,0.0006715934723615646,0.0003415375627535133,0.000848541187421066,0.0006565498188138008,0.00042792326115109747,0.0001159344801754357,0.0004197545349597931
27,0.0001879509194397111,1.171697016275064e-05,0.00015499722212553024,5.5075706111615275e-05,0.00034286628583637957,0.0005630208179354668,9.381192480749714e-05,4.243722668448161e-05,2.1677464246749878e-05,0.0007497644340115767,0.0014000111635340783,0.00013885926455259323,0.0011212005298949501,0.00018621166597609928,0.0006537763401865959,0.0007459165074512608,0.0005640321101339028,0.00012063048779964447
28,0.00030468545843376216,6.817003880971867e-05,0.00016042403876781464,0.0006137686352319094,0.00026225401647456126,0.0004536909982562065,2.1974699928879737e-05,2.0770828448240055e-05,1.4353543519973755e-05,0.00028605429483201383,0.0002207874844343781,0.00023041944950819016,8.064698689981553e-05,0.0012593571919241667,0.00020257476717233658,0.0003924153590128543,0.0002758148458710547,0.00013286061584949493
29,0.00017865104717559865,0.00017376298016410358,0.00023957062512636185,0.00035745950526568093,5.722735210830429e-05,1.8147751688957214e-05,7.595408241922036e-06,2.2219733872000033e-05,3.2100826501846313e-05,0.0005449003305939698,0.00099116750880128,0.00021245982497930527,0.0008487587776274536,0.0005258534386478053,0.0002543767914175987,0.0009681516358135966,0.0005321138480798206,0.00039135292172431946
30,0.0001491810411693717,9.152346557090435e-06,0.00035776756703853607,0.00018511899058186454,5.894265730440468e-06,0.00042535271495580673,2.267618625448331e-05,4.532710028336165e-06,4.984438419342041e-05,0.0002506397146876116,0.00014951723626714652,0.0007996056228876114,0.001491801855849434,0.0005696678432495911,0.0006259959191083908,3.246564400730123e-05,0.00013285742837705443,0.0008389800786972046
31,0.0004468495114230142,0.0001271239127034994,0.0002048080787062645,0.0003695224759763943,0.00026175774141160707,6.368011236190796e-05,3.0381336022258093e-05,3.697504973055899e-05,7.618218660354614e-06,0.0009027987959554229,0.0005529743336919954,0.0006378348916769028,0.00038095135672598646,0.0006406592904877953,0.00037398282438516617,0.0016683856811619269,0.0006118827601676547,0.0006190557032823563
32,0.00021201061698161716,3.236130378104357e-05,8.513685315847397e-05,0.00022487145777856654,0.00016968122707352457,0.000135042704641819,4.846062846944332e-05,3.608324775077217e-06,7.826834917068481e-06,0.0005051715635538412,9.691521250002055e-05,0.00023556966334581375,0.0008807361700640393,0.0005308442138582323,0.00010478869080543518,3.7421349063371245e-06,0.00010125486001460755,0.00015643984079360962
33,8.016785404768578e-05,8.564926330403844e-06,3.63839790225029e-05,0.00010886048712502316,2.4244295723844372e-05,3.15345823764801e-05,3.5205010465860775e-08,6.2237742669815e-06,1.0851770639419556e-05,0.0009559860107979795,0.0005858482130854867,0.0003681425005197525,0.0007943840995113596,0.00027441564768950627,0.0002932371571660042,0.0003900452146861355,9.471369297845735e-05,0.0004951246082782745
34,0.00011322370656635661,0.00010775098355769383,0.00031588785350322723,8.099166992889262e-05,0.0001343648819626085,0.0004078848287463188,1.7178232634314228e-06,2.810026363184051e-06,3.119558095932007e-05,0.0003204992019744529,0.00045057769877493437,0.000453081913292408,0.0004829215203803819,5.6431514665576665e-05,0.00028912536799907684,0.0004465471889416872,9.46650953998875e-05,0.0005115233361721039
35,0.00011311102992858646,0.0001882158026381038,0.000132744200527668,0.0005757563885745581,0.00010791189609761151,0.0002420051023364067,1.4146094298467943e-05,4.864701797371179e-06,8.288770914077759e-06,0.0006474909990888816,9.529504749356682e-05,9.326543658971786e-05,0.0009686814939524752,0.0003047054768148677,1.1986121535301208e-05,9.85268123337435e-05,4.700860095194388e-05,0.0001679547131061554
36,0.00012462423546794055,2.9405406736460193e-05,9.833741933107376e-05,0.00027310051543982805,0.0001081343319770979,8.516572415828705e-05,6.027073003008615e-06,3.7562797493771423e-06,6.660819053649902e-06,0.00042165041278251214,1.9429394225160823e-05,0.00013692863285541534,0.0005698376300742186,5.289785007230735e-05,9.050685912370682e-05,0.00043595998486145593,3.848408085670076e-05,0.00013579800724983215
37,0.0003270951118827803,8.401669992385077e-05,0.00020373519510030746,0.00023687311444733905,2.109268579996923e-05,0.00023938529193401337,3.743772235102749e-06,5.529850440797693e-06,1.673772931098938e-05,0.00019389741166420116,0.00031233280257099427,0.00033247657120227814,0.0002836409153901681,0.00026783503246756435,0.00022908207029104233,0.0006011283193943506,0.00012783218117899155,1.1680647730827332e-05
38,9.3438198264989e-05,6.81484281531003e-05,5.114823579788208e-06,0.0002057014048854472,3.8768290577563536e-06,1.705251634120941e-05,6.240199263087692e-05,5.178633541503977e-06,6.05359673500061e-06,0.0003119971479621231,0.00022390167480404455,0.00023655220866203308,2.0255499420820944e-05,0.00015362015010361718,0.00019628554582595825,0.0006248618361680558,6.582253485090065e-05,0.00023366138339042664
39,5.4286601309294635e-05,1.8016798448684812e-05,0.000196089968085289,0.0004519297848836201,0.00015082873834675048,0.00014872103929519653,1.2453344320498272e-05,1.0794770179873604e-05,1.0658055543899536e-05,0.00031706859238145313,0.000812709847032432,0.00016862712800502777,0.0002653043826532503,0.0006814461206241795,0.00010527297854423523,0.0013240119558109442,0.00016094663778467005,2.8116628527641296e-05
40,0.0003261959331724018,0.00016316703452238374,6.714370101690292e-05,0.00048162284853636717,0.00013131877854602458,8.861534297466278e-05,2.573167371118859e-05,2.3240606149754848e-05,4.028528928756714e-05,0.0007629034365473769,0.00021951213749524245,0.000506645068526268,0.001334059341023805,5.848047382790017e-05,0.0005092788487672806,0.00028029546843408304,0.0004323346564341912,0.00061846524477005
41,0.0005713953275202077,5.60915138648789e-05,0.00017833895981311798,0.00012310670967886905,9.865060034653511e-05,0.0001874128356575966,9.142962627228107e-06,6.640990803112275e-06,1.776963472366333e-05,0.00030248433467659763,7.381841180113119e-05,0.00012243445962667465,0.0005379186709113248,0.00015830540890454659,0.00011405721306800842,9.619843914279724e-05,0.0001639033423809595,0.0002230089157819748
42,0.00028248882481232696,3.281479660530162e-05,3.91155481338501e-06,0.000579893446878324,0.00017858430257322588,2.0587816834449768e-05,2.153076900990661e-05,1.3223976152254818e-05,1.3224780559539795e-06,0.00026633681147991695,0.0004086603791487245,0.00022044219076633453,0.00025758622263737097,0.0005329641049075934,0.00019931141287088394,0.0003190750074752724,0.0002694925364859421,0.0003307107836008072
43,0.0024074838317114655,7.04321724796994e-05,0.00036759115755558014,0.0012052789316483181,0.0004307202159581011,0.0001569138839840889,7.787876465539453e-05,2.6208676649607497e-05,7.731840014457703e-05,0.0005255397244468829,0.0005737018140465552,0.00047865696251392365,0.0007430142186449773,0.00015198598220820397,0.0008087782189249992,0.000709036973992716,0.00048238802725131865,0.0009636897593736649
44,0.0004352784782516439,3.754321359536808e-05,0.0008739996701478958,0.0008785487385883639,0.00032663806031608955,0.0009358655661344528,3.9904978978586025e-05,1.8401127758254634e-05,6.363913416862488e-05,0.00042727334166244024,0.0006129512409649637,8.945167064666748e-05,0.00028488201540075725,0.0001435090308763709,1.0505318641662598e-05,0.0001879510676135454,0.0002996278454522796,0.0005803070962429047
45,0.0004465135506615536,0.0002376853866329215,3.41637060046196e-05,0.00045085956127047244,0.00025173862796006377,3.376789391040802e-05,3.509782316704277e-05,8.433458741233387e-06,2.8014183044433594e-06,0.0009967589694083734,0.0002768447116350409,6.814859807491302e-05,0.0006235570815345329,3.538972934884893e-05,3.632158041000366e-05,0.0006180542593087202,6.208082530541163e-05,0.0005440656095743179
46,0.00021428077933788314,0.00033098003447458446,0.00010551232844591141,0.00027121002778768277,6.820780349098624e-05,0.00013778451830148697,2.0446286222060295e-06,3.193289942704199e-05,1.1052936315536499e-05,0.00041179550576872503,7.814593939481362e-05,0.00015685055404901505,0.00019609221512528752,0.0006408609097698081,0.0004011811688542366,0.0008474830072865147,0.00034879258125480525,1.6843900084495544e-05
47,0.0003903539139391843,0.00016063702459963303,0.00030273105949163437,0.0002510793846730308,0.000534316069690989,0.0003794729709625244,1.0333007921838055e-06,1.254254325707522e-05,2.3614615201950073e-05,0.00012448062819624128,0.00015634311306256254,7.66906887292862e-05,0.0006088720328815272,0.00027920611932850253,0.00013449974358081818,8.671984550770451e-05,0.00025024740131956123,0.0002660173922777176
48,0.0005177491154000624,8.117686866573534e-05,0.00018078647553920746,0.0008360607867719805,0.00021356134805605373,8.9326873421669e-05,2.8320465782803034e-05,1.9595572918643155e-05,1.3649463653564453e-05,0.00034795798648025456,7.546497099313043e-05,0.0001256866380572319,0.0002617761672559227,0.00040549827762527413,0.00044206343591213226,0.0003403441082552583,0.0004401538748671557,0.00039847567677497864
49,0.00036535358206984947,0.00027478623791832996,0.00046906154602766037,0.0001735552938579299,3.62332080257842e-05,0.0005679139867424965,2.309049529095053e-05,6.5514963774934015e-06,2.888217568397522e-05,0.0002737676675200751,0.00026988250712351586,0.0006959382444620132,0.00014816527225651466,0.0002647647365910666,0.0005283085629343987,0.0009848537485070696,5.13299337504252e-05,0.0008581224828958511
50,0.0019308579017796312,2.4902168029927035e-05,2.1887943148612976e-05,0.0019332193376052215,0.00011207231016369806,0.0003004167228937149,7.805510223836756e-05,4.116858641278607e-05,9.804219007492065e-05,0.000561199847574842,0.0008564611913970052,0.0012536663562059402,0.0009538115397199898,0.0005441170219197752,0.0007827663794159889,0.0008900300848483644,0.0007211090877371528,0.0014580432325601578
51,0.0006738349375640662,7.767045449461052e-05,0.0007889010012149811,0.0002723716844374724,0.0002370875196339127,0.0008059833198785782,0.00011136343084275704,6.487835766975816e-06,7.712468504905701e-05,0.0002803528380759812,0.00032454563648905144,2.9602088034152985e-05,0.0003037022383988591,6.347266806837337e-05,7.743202149868011e-05,0.0010728913472939638,6.4122648873002e-05,0.001227550208568573
52,0.0005751108129777582,0.0002760738170529721,0.00011380482465028763,0.00016788134302454794,0.0003646575766101355,0.0006103189662098885,1.927557707977548e-05,4.4039180133995776e-05,4.332512617111206e-06,0.000519198419907857,0.0011182456968361135,0.0004720548167824745,0.0011226655097365673,0.0005569171565205644,0.00015295110642910004,0.0009101860693344899,0.0007356707253976997,0.000478893518447876
53,0.00036071901657935834,4.647303672176625e-05,0.0005007246509194374,0.0002065108992312381,0.00017777090715107371,0.00034295860677957535,2.7981325367559123e-05,1.9912346652428085e-05,3.580749034881592e-05,0.00016905648112792993,0.0002204803546366138,0.000363658182322979,0.0007633684555019143,2.342425042603513e-05,0.000531916506588459,0.0007168885937696157,0.0004369331865823967,0.0010474491864442825
54,8.851757720890197e-06,2.2844761002512037e-06,0.00011825188994407654,6.352982753453362e-05,0.0002500662557066609,2.3857690393924713e-05,3.276730040948153e-05,1.1124199082950155e-05,1.609697937965393e-05,0.00015101496046508733,0.0005275086046046332,1.638568937778473e-05,0.0004117826896231497,0.00021305047423994528,0.0002039233222603798,0.0002764011964188906,6.28780574219662e-05,0.00018658116459846497
55,0.0003694499018542796,0.00014189884323055277,5.8778561651706696e-05,0.0005070950535607938,0.00012778756641372915,0.0002081422135233879,2.7576481419430005e-05,3.485129666187353e-05,4.286319017410278e-05,9.823977251063876e-05,0.00028642441010722636,0.0002379799261689186,9.382482225160638e-05,9.82107238217747e-05,3.944709897041321e-05,0.0004059979364104682,0.000499356058012356,0.000764286145567894
56,0.0004022645290632232,5.7339846626619506e-05,0.00010290183126926422,0.00033293145160161186,0.00015517204916215208,0.000391986221075058,1.0584936436668774e-05,4.10425619426275e-05,7.253140211105347e-06,0.00031142286015597986,0.00031429365345123084,0.0001691048964858055,0.0002888005464000559,0.0001431414592584987,0.0004839245229959488,0.0003457289660048213,0.0006316553536909351,0.0001975763589143753
57,0.00017877745793654087,0.00020747951373080095,0.00015937630087137222,0.00022361003604702556,0.00024301516156284564,0.0004155077040195465,3.8670665206217564e-05,3.9762623511139654e-05,3.606826066970825e-05,0.00033353433064728377,0.00027564592061683074,0.0006028665229678154,0.0003283264058416835,0.001126102885245013,0.00026132073253393173,0.0002942370381589787,0.0005883620556289858,0.0007531996816396713
58,0.0006291956813420652,0.00017396419031310423,0.00011533964425325394,0.00032121523746253544,7.59723474976215e-05,0.00011402927339076996,1.0703405898312285e-05,2.381800900402785e-05,2.3655593395233154e-05,8.077908429800218e-05,0.00041811294680015737,0.00017748773097991943,9.464840653174156e-05,0.00012047866807327057,0.0001627681776881218,0.0004244262217073247,0.00041269240943520036,0.00012081675231456757
59,0.0001614893045160659,6.402190154569665e-05,0.0004906142130494118,0.0002201019409619337,7.272633417988034e-05,0.0003142263740301132,7.085579168306447e-05,1.771567527526355e-05,1.7821788787841797e-05,0.0002037736803754131,7.75143735692041e-05,0.00037291087210178375,0.00010206319939344566,0.0006396116750982256,0.00011702440679073334,0.0007625427300078647,0.0003393841144890867,0.0003345143049955368
60,0.0011194960614215599,0.0002421284459334025,0.00010226946324110031,0.00046447968325964706,5.545291497882632e-05,7.52229243516922e-05,2.3703132775578645e-05,7.70046707190269e-06,5.315989255905151e-06,7.639718134082318e-05,0.00010826363432012848,2.5192275643348694e-06,0.00014272857428240804,0.0002882342757417125,0.0002837246283888817,0.0002968404979599437,8.005024757143635e-05,0.0003426503390073776
61,0.00010234185002397367,0.00031754692361831566,2.4927780032157898e-05,5.135237745136634e-05,0.00017553575469770114,8.279457688331604e-07,2.0496151080816316e-05,1.3514242832228385e-05,1.0482966899871826e-05,5.40512434336754e-05,0.0005154437181055307,0.0001878039911389351,3.2006121889555095e-05,0.0001747400730669063,0.00010105408728122711,0.000519290749570217,0.0002401886167925914,0.0006051529198884964
62,3.399123747516164e-05,4.85168929067574e-05,0.00016107410192489624,4.337648488893231e-05,6.728818085993682e-05,0.0002612760290503502,2.577817005297925e-05,1.8388401895724837e-05,1.5635043382644653e-05,3.2676417678206837e-06,0.000483233719102652,0.0003200238570570946,0.00011187034679668861,0.00013578192980456816,0.0001635272055864334,0.0002621767635259675,0.00023956954699695112,0.0003633182495832443
63,3.654963186691673e-05,2.2774064633034746e-05,0.0002045203000307083,1.7238136166344842e-05,5.017303345157542e-06,0.00016563571989536285,5.4961642901169006e-05,2.6060165244499824e-06,1.3951212167739868e-05,0.0002508816256772267,0.00018363448238527258,0.000632663257420063,0.00027228660692538154,0.00019657684261317754,0.0005509210750460625,0.0006156283629741577,0.00010732123186240673,0.000825103372335434
64,0.00010018790113303089,0.00016711735239334155,0.0004187626764178276,0.00013554989791104977,0.00014651217157059943,0.0003720521926879883,3.064356623925721e-05,1.4861235220103438e-05,4.351511597633362e-05,0.0006567698104156666,0.00024297517370906047,0.0003186361864209175,0.00031176507411291576,0.00034281779254576733,0.00037784408777952194,0.0003665268278146838,0.0002872594740782967,0.00083201564848423
65,3.6088947470924726e-05,6.0041836904303064e-05,0.0002419678494334221,6.229293959676696e-05,1.9486162646548122e-05,0.0001469440758228302,2.188371650865134e-05,1.2102461825369661e-05,2.3987144231796265e-05,1.2665155078861456e-06,0.00025854267081756865,0.00024023931473493576,3.682465112668509e-05,0.0001911348438243879,0.00031975097954273224,0.0006947800899590739,0.0002807616161075845,0.0004059839993715286
66,1.3947937566871627e-05,3.666037040956499e-06,0.00032185669988393784,3.783691630117325e-05,4.297771857249971e-05,0.0002793464809656143,8.228730139576285e-06,8.720742870036527e-06,9.503215551376343e-06,0.0002022773047069687,0.00022628835117626672,7.8519806265831e-05,4.0419239664482576e-05,4.972499840903699e-05,3.860890865325928e-05,0.00017986467287062213,7.975689137343736e-05,0.00025641918182373047
67,0.0001945944912851716,3.5339554364195724e-05,1.698452979326248e-05,0.0002558826313905499,0.00028234814005747774,5.6599266827106476e-05,1.5855716447757406e-05,1.4008941451672417e-05,1.4659017324447632e-05,0.0001577464263832623,0.00045153309862853985,0.00027458183467388153,0.0001874154162505859,0.0001362265327205514,0.00017624534666538239,0.0003378242513922547,0.00017053260913897005,0.00027935393154621124
68,0.0004633044907505768,0.00012247733232282482,0.000546557828783989,0.0004082269498244945,0.00010085869928692578,0.0003740312531590462,0.00010549514755857706,1.6144112362180297e-05,2.339482307434082e-05,0.0002782391663163908,0.00016491451366116433,0.000579293817281723,0.00019341697348304598,0.00033696511662852785,0.00041466113179922104,0.00045486865670577026,0.00015034416394054322,0.00036336109042167664
69,0.0003886980848399335,0.0001864250385359839,0.00025553442537784576,0.00038669693283341355,1.605610875497765e-06,0.00021447613835334778,2.7312849329892697e-06,4.314459621235521e-06,2.998858690261841e-06,0.00030212638775581335,4.964615130859107e-06,9.899027645587921e-06,0.00010856615643987932,0.00028681668216496564,2.1880492568016052e-05,0.0008069351961035587,7.106279727959656e-05,0.00018759258091449738
70,0.00015644880388349103,8.419237306102334e-05,0.00022871419787406921,0.00017843051483275307,0.00014651152665778877,0.00011223647743463516,1.2980348356568527e-05,7.627780994800678e-07,4.041939973831177e-06,0.00021608558346641882,0.00017713084621542863,4.2700208723545074e-05,0.0003248293014716519,0.0004280382704526242,0.00016306713223457336,0.000481473787588782,5.333955797702755e-06,2.5331974029541016e-05
71,0.00047609986170144003,8.445213862961348e-06,0.00027194060385227203,0.00026631243040962926,4.690908974683272e-05,0.00045274198055267334,7.433037166278134e-06,1.3902036965317529e-05,2.7496367692947388e-05,3.215653983175415e-05,0.000827990886508978,0.00015318579971790314,0.000496801650059206,0.00037845272278678316,0.00042607076466083527,0.0012017662820975328,0.00027492283539643175,6.289593875408173e-05
72,3.76835221914118e-05,0.00014925132220388465,0.0004441170021891594,0.00014123539838613308,4.3049014001806524e-05,0.0004047183319926262,3.937013764038905e-05,5.546196844123464e-06,2.2698193788528442e-05,0.00025457145309994156,0.0005826896059009934,0.00022225547581911087,0.00041206206565917725,0.0007023505284012854,0.00016468390822410583,0.00026994524099463457,7.517402846200316e-06,0.0003307182341814041
73,9.397301365401955e-05,1.2139888370048951e-05,0.00017867889255285263,0.00015244854038248823,7.331790315332973e-05,0.00024461373686790466,3.212659121783548e-05,9.827657559781384e-06,1.7151236534118652e-05,8.190104373594076e-05,3.622247467105488e-05,0.00019766204059123993,0.00020859282868262996,0.00044575663105458213,9.52109694480896e-05,0.00011299369596079467,0.00012531910962125412,0.0006496887654066086
74,0.0004718169435084518,0.00010000889677099986,0.00021476484835147858,9.024801384831249e-05,0.00015997719623516218,0.00040938518941402435,7.822639936509376e-05,2.152659282993166e-05,5.029141902923584e-07,3.728204089596676e-05,0.0004884655251276779,0.00027960818260908127,0.00040288391559401004,0.0001886354629528214,0.000622444786131382,0.0009547833227760982,0.0004643491410501511,0.00019024498760700226
75,6.280342544379147e-05,1.0590261401922235e-05,0.0004820646718144417,0.0001585025943373758,0.00013861381348809557,0.0004789074882864952,9.028976861296181e-05,3.219473919361136e-06,1.562759280204773e-05,2.2047474392578037e-05,0.000159069337490568,9.534880518913269e-06,0.00026480854647492613,0.00023588106216854837,1.5683472156524658e-06,0.0009661501662158456,0.00012234040250474186,0.0006463639438152313
76,0.0004902438644142637,0.00010964030345120626,4.090555012226105e-05,0.0001459599017620411,0.00012580013636600412,5.296524614095688e-05,3.8419457005819946e-05,1.8474397572311972e-07,1.3422220945358276e-05,0.000618663156962837,0.0002574400838213503,0.00043774768710136414,0.0006974545502078933,0.00012309277312146788,0.0005104085430502892,0.0005442298203279239,0.000142011567744525,0.0004726145416498184
77,0.00022174231188334947,6.934075653226499e-05,0.00045042484998703003,0.0009119453457446247,0.00023145760110777208,0.00039463769644498825,2.8458274028704544e-05,1.0151084410271055e-05,1.7840415239334106e-05,0.0005599545917942261,0.00014633128174303817,0.00022279750555753708,0.0005072009335676253,0.0005319113487878349,0.00017340108752250671,0.001215192346096683,5.59651734441327e-05,0.00018643029034137726
78,7.158371844850908e-05,2.944609594930994e-05,0.00019318517297506332,0.0001739881489122852,0.00017446758579876473,0.0002133455127477646,9.258663275085732e-06,1.1843941409595042e-05,2.2374093532562256e-05,6.603633250891472e-05,8.883762007896173e-05,0.00044276192784309387,0.0004593262743208537,0.00043431469845293946,0.0004373956471681595,0.0011116996476207286,0.000216229972979992,0.0011133011430501938
79,0.0003118007172767667,0.00029530034319631693,9.73111018538475e-05,3.022893129819848e-05,0.00010101665947752012,8.975155651569366e-05,2.5592689898427945e-05,7.776903242114608e-06,3.0938535928726196e-05,0.000526202360822764,0.00019158019618820132,0.00023592449724674225,0.0005555829143819024,0.0002688764355018858,0.00020109768956899643,0.0004930682280388232,0.00023043418257814245,0.00016202405095100403
80,0.0001199340358150891,9.894642889483538e-05,0.000561361201107502,0.00015961499973782267,3.2916422653555405e-05,0.0004006810486316681,1.833004509819297e-05,2.6345354295056393e-05,3.7964433431625366e-05,0.00040321990544626984,1.3426016525444617e-05,0.0004529077559709549,0.0001876878132466911,0.0004083928552095911,0.0006426088511943817,0.00042363992943322826,0.00041117895454164733,0.0008471757173538208
81,4.6913371574697216e-06,7.531548217658626e-05,0.000605851411819458,0.0004783963509590039,0.00015165716061674162,0.0006351079791784286,8.160405226242257e-05,1.308338245298383e-06,6.638839840888977e-05,0.00010071690904611685,5.376677066323832e-05,0.00014138314872980118,0.00015501869283291586,0.0001596981253566901,0.00010673981159925461,0.001669898931049768,0.000336140982452596,0.0006768815219402313
82,0.0008987134882773584,6.953141859519785e-05,1.6158446669578552e-06,0.0007112735402015902,0.00018399902958607037,0.0002862755209207535,1.782484320302785e-05,4.757554636983751e-05,1.0251998901367188e-05,0.0005241781512072552,0.0005988863372531142,6.066262722015381e-05,0.0008774611536390836,0.00035554481761052026,0.0004663197323679924,0.001481959951816464,0.0007643888517056912,0.0009703692048788071
83,0.0003562122265128309,2.1033216339484684e-05,0.0007375003769993782,0.0005553168277800113,0.00011691791414601346,0.0006129853427410126,0.00011285128089463109,1.913585798261914e-05,5.0749629735946655e-05,0.0003585521078803833,2.3902973276632156e-05,0.00017558876425027847,2.1372895278259918e-05,0.00047580120806523657,3.614835441112518e-05,0.001846924199657679,0.00026380527468910066,0.000812111422419548
84,9.246422546979605e-05,1.2865369749554684e-05,0.00041336100548505783,7.22044541595912e-05,0.00020011988265552366,0.00038157869130373,9.373857457849188e-05,2.081174818954896e-05,7.324665784835815e-05,0.0005768034533354255,0.0002364433455331258,0.000648055225610733,0.0007758326367974799,0.00010791298503234209,0.0006058858707547188,0.0002394829031866219,0.00042021935805045874,0.0008005648851394653
85,0.0005185876964353964,0.00014498173829515307,0.0005588885396718979,0.0004947135620248233,0.0002260404288151191,0.0007909080013632774,5.450933734785918e-05,2.4531484197038204e-05,4.990771412849426e-05,0.0002732090663969261,0.0002614979218496516,0.00028877612203359604,0.0004686324129478045,1.7053806577196906e-05,8.260831236839294e-07,0.002249680998031467,0.0003005322171737361,0.0008577145636081696
86,0.0003152112214938607,0.00018163425977934383,0.000363202765583992,0.00026461025196738985,0.00014829103179643532,0.0004537757486104965,0.00012402159777060925,6.3924797841914774e-06,7.82310962677002e-08,0.0010469545550504666,0.0006619471944347768,0.0013277893885970116,0.0013961276386368557,0.0006619079256116461,0.0014092624187469482,0.0029775942351705498,0.00016920859719533475,0.0009849369525909424
87,0.0009692198964888765,0.0001836248315784661,6.938166916370392e-05,0.0010718017940161972,0.0002554546602247347,4.8615969717502594e-05,5.739010022845839e-05,3.2274189100168734e-05,6.4782798290252686e-06,0.0021426453308955318,0.0008922301678454883,0.0014511803165078163,0.0014246390174100093,8.466382775493969e-05,0.0012915926054120064,0.0020169745006132778,0.0004896340722059678,0.0010481253266334534
88,0.0006842569342986327,0.00010089360182192336,3.4496188163757324e-06,0.0007785246602535212,0.0001933876577535805,0.0001790132373571396,3.509798739493794e-05,3.389936341878413e-05,3.726780414581299e-05,0.002126354066434036,0.0017221373009120508,0.000827268697321415,0.0019467118364382419,0.0003597804154054432,0.0010801581665873528,0.0005455346564874342,0.000621286057359189,6.802380084991455e-05
89,0.00045012756986667624,5.6514636936993295e-05,0.0006970344111323357,0.0006289776145496917,2.1420123419192694e-06,0.0006441427394747734,1.296564707022052e-05,3.3591420717006424e-06,7.805973291397095e-05,0.0020136483440612724,0.00018679756840088435,0.0007418971508741379,0.0017553758221453275,0.0002572587034989221,0.0007814159616827965,0.0008155449472309895,0.00012626817410689765,0.0011493824422359467
90,0.0006179687721161453,0.00013062553314867678,0.0007036654278635979,0.0005950895357103303,8.791350016802701e-05,0.0009251926094293594,0.00015311816641049372,3.4409796126726964e-05,5.479156970977783e-05,0.00015066838568993102,0.001569746110256419,0.0002664504572749138,0.0003621508124588835,0.000732439772282413,0.00013287458568811417,0.002363997619675734,0.0005246088804642386,0.0006550140678882599
91,0.00047443528694865456,0.0003989201340870302,0.0005148760974407196,0.0005745353013272558,0.0002605574455822289,0.00034819450229406357,3.9113094289167094e-05,1.6894157728083664e-05,6.964430212974548e-05,0.0003135005887912462,0.0006157454896094164,0.0019559524953365326,0.0002617875846893103,0.00037995061842054784,0.0021135294809937477,0.0015451566635707181,0.0001917800789032816,0.0021798424422740936
92,0.0014361706211913627,0.00010351542666134014,0.00041087251156568527,0.0017356883326814232,0.00026836168983565556,0.00023910216987133026,2.3658874224962573e-05,2.0703728959044828e-05,2.8613954782485962e-05,0.002772163601547542,0.0003705775287503113,0.00039572734385728836,0.002011767813777404,7.062748325793039e-05,0.0001720096915960312,0.0005750714450874495,0.00030791587104811924,0.0011268146336078644
93,0.00017096074487840673,5.4346075681332984e-08,0.000608811154961586,0.0003969461198131685,0.00018771691259128476,0.0008010538294911385,2.8470498350335882e-05,1.6028746975330267e-05,4.8898160457611084e-05,0.00016522246840762478,0.0002555563726902993,0.0010463055223226547,3.80710972661541e-05,0.00018165381788284862,0.0008402327075600624,0.0008307974943935481,0.0004779277032240115,0.0015712473541498184
94,0.0003072484493342187,0.00014309668403293674,0.0008934149518609047,0.000503357911581126,0.00013563510780534999,0.0009087454527616501,7.66841819211661e-05,2.1465211975872753e-05,6.166473031044006e-05,0.00023012786700989107,0.0005474578120239493,0.00017122086137533188,8.545883077996919e-05,0.000849224097490768,0.000231252983212471,0.0017382969125188386,0.00020705082376822406,1.9505620002746582e-05
95,0.0009104833988818617,0.0002600112057836515,0.00022163055837154388,0.0008974441632909891,8.057212182155382e-05,0.0004906542599201202,0.00018452482813701918,2.9138051089016784e-05,3.5375356674194336e-05,0.0006687714445891002,0.0013850065169718415,0.001069360412657261,0.0005444384807249264,0.0004045699343202952,0.0014174813404679298,0.0030251176348745357,0.0005462753785498604,0.000734623521566391
96,0.00012052034162837733,0.00010020458924785147,0.0003981180489063263,0.0004301404948189036,0.0002228879848380598,0.000491507351398468,8.294805275536193e-06,1.9042229649546733e-05,4.534795880317688e-05,0.001299565239361436,8.035205945107482e-05,0.0018722033128142357,0.0012087486930578567,0.00026786046841208166,0.0017652194947004318,0.00233256800311174,0.0004119929410412201,0.0025332029908895493
97,0.0005602713851651231,1.1342452152337396e-05,0.0004577562212944031,6.411446477849747e-05,7.97011854154761e-05,0.00026412028819322586,0.0001100842313302014,3.511437991469873e-05,3.052130341529846e-05,0.0002178173398591221,0.0003134186016350987,0.002246183343231678,0.00021186835660226555,0.00035808735650427054,0.0020130956545472145,0.0034303446872762933,0.0007608490890747555,0.0022762753069400787
98,0.0002973030587487824,0.00020846302042872716,0.0006032977253198624,1.6468590515961168e-05,0.00045762337430302336,0.0004560668021440506,3.191554757554782e-05,1.9736570470327947e-05,5.7071447372436523e-05,0.0013573083869503205,0.0008355365326168235,0.0005541145801544189,0.0008810072874465696,0.0002426016145619242,0.0008624587208032608,0.0010901721311360468,0.0004058249156236875,0.0011371038854122162
99,0.00038287374081227843,6.5618971329829e-05,0.000331757590174675,9.494186492819967e-05,0.00043549846853289595,0.00014926772564649582,6.676329140118883e-05,1.4913799617558417e-05,2.615898847579956e-05,0.000628108862445978,0.0003705798147696643,0.00047030486166477203,0.0007296872361337303,0.0005397462919951371,0.0005913190543651581,0.0003430041004942874,0.0002132267907163244,0.00016885623335838318
100,0.0006532428290013381,5.201639957724477e-05,0.0005584955215454102,0.00029687903605796206,0.00017504133224918034,0.0005757017061114311,3.377944815597875e-05,3.5222966231024616e-06,3.382191061973572e-05,1.4130268339726526e-05,0.0009424327916075642,0.0008295569568872452,0.000804850182866329,0.00011515528748462511,0.0008680727332830429,0.0021009100416705673,0.00017728167730976779,0.0010675378143787384
101,0.00039448310966880284,0.00041513595773643927,0.0008865427225828171,6.989522951011962e-05,9.4486027361073e-05,0.0006544627249240875,0.00023598801122977006,5.49212183027063e-05,5.196034908294678e-05,1.4564311211884284e-05,0.0009684217555283314,0.0021918267011642456,0.000637162002371891,0.00040529843687150263,0.0018885210156440735,0.0040552474923166715,0.000679690673317042,0.0022778622806072235
102,0.0003085476932777609,0.0003204650520438265,4.793517291545868e-05,0.00027494388949844684,0.0001891228066126134,0.00022516679018735886,0.00012861880948272092,2.980048536255613e-05,2.8721988201141357e-05,0.00035307231072136125,0.000871858681582148,0.0012784004211425781,0.00017093918085195337,0.0005565033190249175,0.0011336468160152435,0.001164652300055219,0.0004206615880859737,0.0011788010597229004
103,0.0003438374709203995,0.0001890184367230839,0.0006964597851037979,0.000795661448395435,0.00019979052016085713,0.0006708027794957161,0.00018109688540212526,8.169850466552498e-06,1.5437602996826172e-05,0.001006366741209866,0.00044893640095711174,0.0006883805617690086,0.0002776012309911105,0.0007192553815517019,0.0007109437137842178,0.001255853889533115,0.0002268238840812545,0.00015323609113693237
104,0.0008648097027217916,0.00011159501305682204,0.0003933291882276535,0.0008234656358219739,0.00013762034817920918,0.00035506486892700195,0.00016561194484047276,3.070150509163497e-05,3.429874777793884e-05,0.00035441498271650274,0.0008845372584926833,0.0018491344526410103,0.00029953217200932164,1.6212479447039185e-05,0.0018087495118379593,0.002589642564480521,0.0004945539864516907,0.001438237726688385
105,0.00012857177311567658,0.0001444155785025776,3.468431532382965e-05,0.0008940321646534188,0.00024078843002951766,0.00017908122390508652,2.4258121726461468e-05,3.788510700047107e-05,7.487833499908447e-07,0.001017694348462897,9.812725118958643e-05,0.00048324838280677795,0.00016841693132191304,0.0003299222382767003,0.00037144310772418976,0.0005815641061322763,0.0006694748901764501,0.0009834393858909607
106,0.0006648898339129405,4.167859691884407e-05,0.0003315974026918411,0.0006800251444798733,3.731341305780039e-05,0.00030321814119815826,1.3542704041955012e-05,4.955375285425846e-06,3.785640001296997e-05,0.0001257332685577206,0.00015104205826198952,4.882551729679108e-05,0.0007447334841376718,0.0004262362865528127,2.8692185878753662e-05,0.0006456239268030906,5.0249298578757245e-05,8.91275703907013e-05
107,0.0007520396015060771,9.464796538167022e-05,0.00018432922661304474,0.00011341209340259839,3.5665963994568894e-05,0.00017880834639072418,8.920550441082059e-05,6.354400197130806e-06,1.8514692783355713e-05,0.0002683456171414106,0.000470112869395356,0.00015375856310129166,0.0009613150811197541,0.0003673686492520617,0.00014650635421276093,0.0005991587110643903,9.760627743380214e-05,0.00046064332127571106
108,0.0002882732738309912,0.00023177471016286658,3.105774521827698e-05,7.368734883553274e-05,0.00011500851680894958,6.434880197048187e-05,7.088051552079852e-05,1.008246300231348e-05,8.620321750640869e-06,0.00011163803167396624,0.0007741870552940011,0.0016458285972476006,0.0006033010067619388,0.0009533257846665172,0.0014887228608131409,0.0030027872434953418,0.0001283789736735287,0.0018936842679977417
109,0.000531286804004355,6.316052227289815e-05,0.0005268454551696777,0.0006908096482069193,7.45394635979571e-05,0.0006291447207331657,8.899687869506553e-05,1.5049231538665219e-05,5.22024929523468e-05,0.00011606843733082128,0.0001287325622412877,0.0006060963496565819,0.0013994649315096502,0.0003029387902208497,0.0007713176310062408,0.0024963693130690134,9.85867196981959e-05,0.0006364770233631134
110,0.0011686564721446746,1.3642708896602351e-05,0.000328700989484787,0.0010493577227427553,8.795705890159156e-05,0.00043957773596048355,7.372445244770848e-05,1.3814249731755363e-05,2.3208558559417725e-06,0.00036984541105523905,0.001296206425980169,0.0010918695479631424,0.001371433462144002,0.00014021968231866383,0.0012829052284359932,0.0014781382897968431,0.00034578689270495667,0.0009815990924835205
111,0.0005937315589716052,0.00045966710985069145,0.00014549307525157928,0.0005575875179327783,5.6169113642239726e-05,0.0001801997423171997,8.294102773361359e-05,1.2633140780798029e-05,6.5229833126068115e-06,0.002400954358294141,0.0015312813259820354,0.0001397663727402687,0.0028094759890786233,0.000662717703339602,0.0003628423437476158,0.0006539765450890855,0.00016381919485078302,0.0005030296742916107
112,0.0006154379786936504,0.0001889180137491231,7.892027497291565e-05,7.215361345463966e-05,0.0001622890874579501,0.0003552408888936043,8.53733970427109e-06,2.818819795718375e-05,9.775161743164062e-05,0.0011507677736057875,5.8868387616546614e-05,0.0013168109580874443,0.0015453759259619337,0.0003235117674860663,0.0009891781955957413,0.0007421287640087815,0.0003491001155505966,0.0016910545527935028
113,0.00047991892627452515,0.0006402484401454404,5.440507084131241e-05,0.001517372556355534,0.00035125123596360663,0.00022651534527540207,5.4047516825254244e-05,3.566971032951724e-05,0.00012286752462387085,0.0006986197859814164,0.0007005005132928802,0.0011888612061738968,0.0018524570329991885,0.00036278792903849527,0.000910063274204731,0.0012869076861367346,0.0009444672382442425,0.0023034512996673584
114,0.0007676038612969005,7.452155465155139e-05,0.00010869279503822327,0.0011340563930868214,0.0007852567306558395,0.0002601081505417824,9.023949430533862e-05,2.8569953411868325e-06,1.660361886024475e-05,0.0010664308536381534,0.00018554464223589917,0.0003989050164818764,0.0013562571496226888,0.00011388492591246635,0.0002122875303030014,9.830939639099423e-05,9.975014990866102e-05,0.0021962113678455353
115,0.0009137547437828575,3.785296295796131e-06,1.9428320229053497e-05,0.0011842302541904964,0.000406336915897261,0.0001751808449625969,6.706599638752961e-05,2.6830484635718017e-05,9.590387344360352e-05,0.0016782241428940636,0.0005539264615562062,0.0016453908756375313,0.0010341125796041045,0.000110470669021763,0.0015234509482979774,0.0010815741889732278,0.0003377988343713518,0.0020584799349308014
116,0.0013397917215891564,0.00022685343038554226,5.093961954116821e-05,0.0005200470383284889,0.0005285889388239352,9.736418724060059e-05,2.005518204232712e-05,1.182092538054024e-05,4.108995199203491e-06,0.00015166434946253804,0.0011516908450567576,0.00011148490011692047,0.00023595442364260366,0.00022363678020408118,0.0002908147871494293,0.0012800767007106473,0.00018315886419460487,4.865601658821106e-05
117,0.0008364261628282244,0.0003238514320080127,9.169615805149078e-05,0.0007142017915873072,0.0002606471402666066,5.3620897233486176e-05,0.00012852037970532276,1.1330925697471546e-05,1.8630176782608032e-05,0.0014287133222226772,0.0005396786474839224,0.0005377437919378281,0.0012763333784149011,0.0006687761795502872,0.0005288869142532349,0.0005484318060554882,0.00020836183756828362,3.0644237995147705e-05
118,0.0003342002534187094,0.00011919230617877044,0.0005293507128953934,0.00021857814336645465,2.4911253330765076e-05,0.0006150994449853897,8.282217564696895e-05,1.2829619882176956e-05,3.7811696529388428e-06,0.0005923280998110375,0.00024051051213706126,0.0008188653737306595,0.0009357283514878495,0.0006559533971017967,0.0009001791477203369,0.001540978460838477,0.0002708094484064772,0.0006444677710533142
119,0.00012481356154481205,0.00017136432566049187,0.0003615226596593857,0.0007900492291757072,0.00016890505726331606,0.0005108658224344254,5.836227580429537e-05,1.3910321388028475e-05,4.779547452926636e-06,0.0005188632921175884,0.00013888582621864737,0.0005154572427272797,0.0010121934140479572,0.00054232564919722,0.0006683804094791412,0.0011048581328635954,7.514775702472439e-05,0.00044460222125053406
120,1.6632910244396282e-06,0.0003912293914656445,0.000216679647564888,0.00032406817033571456,0.0001895341171902383,0.0002135448157787323,6.41036043689952e-05,1.675918559648952e-05,3.507733345031738e-05,9.996588684531293e-05,3.9948119060002896e-05,5.1544979214668274e-05,4.4812077920189375e-05,0.000527070165083153,6.667152047157288e-05,0.0003560787172691149,0.0003006594261080603,0.0006860271096229553
121,0.00017974909491794144,3.871597280967476e-05,4.44706529378891e-05,6.745335148355958e-05,0.00022776901020033977,0.0001199524849653244,2.8700019856331416e-05,1.1713463437673736e-05,2.1792948246002197e-06,0.0003839909386669643,0.0004974922957871122,0.00014270376414060593,0.00026762355078788214,0.000188017217593886,1.9297003746032715e-05,0.00028255447785263677,0.0003038991539291093,0.00012246519327163696
122,0.0003886094972891385,5.8720611380888577e-05,5.017593502998352e-05,0.0005916561501782547,0.00028003574175884324,0.00014990288764238358,0.00010691253373921322,1.610804275825172e-05,1.3560056686401367e-05,0.0004695020386684817,0.00044672167590435047,0.00014441926032304764,0.0010423216078771919,0.00019871744464403096,0.00027748383581638336,0.0017932535817523632,0.00024098290665832984,0.0003043226897716522
123,0.00015951285025922468,9.924273069528491e-05,0.00020568259060382843,0.0001374920061846252,0.00014279202049736345,0.00024189427495002747,0.00010950503447933191,2.421110888804062e-07,2.4415552616119385e-05,0.0001228342017518258,9.040703367562547e-05,2.060364931821823e-05,0.00019210618870196816,0.00026401059693760554,9.678304195404053e-06,0.0009716376966434626,0.00011430906204030252,0.00017207860946655273
124,0.00027078266165095344,8.930995858145649e-05,0.00023457594215869904,0.0005516860473449292,0.00014528700787327584,0.0003995737060904503,6.37714332274962e-05,1.9269541794640708e-05,3.76775860786438e-05,0.0002615174783602986,0.00017486051395303182,0.00028742291033267975,7.76860277196395e-05,0.00028348778616488213,7.042661309242249e-05,0.0009548120558341977,0.0003737641184665265,0.00046961382031440735
125,0.0003867043121435765,0.00011801672813520347,0.0001538340002298355,0.0003839506637144108,0.0004354498698785174,5.0234608352184296e-05,7.969508644336404e-05,3.760211986490183e-05,4.742294549942017e-06,0.000394281125801782,0.0003668690612321779,0.00015775300562381744,0.0008853247668200309,0.0005689807478701236,5.612708628177643e-05,0.00012314038260480276,0.0006505838822549463,0.000714525580406189
126,0.0002224335367502217,6.979137096869287e-05,0.000171794556081295,0.00013146797638988184,0.0001317611547390525,0.0003764228895306587,4.816533783869037e-06,2.2847869785663842e-05,3.0387192964553833e-05,0.00038515320575249756,0.00013520689401815694,0.0003919396549463272,0.00038787549138140365,0.0004866435505277364,0.0001608375459909439,0.00047718816291636434,0.00031812309681485346,0.0009183939546346664
127,0.0002513325827876167,0.00021013943817875524,0.00017215963453054428,0.0004404429344993521,4.8781540958338365e-05,0.000310385599732399,1.0945262763052688e-05,1.9199749796737438e-05,7.741153240203857e-06,0.0004080233231278513,9.204446633332558e-05,8.992478251457214e-05,0.00043667023536557437,0.00015673480091518005,8.688867092132568e-05,6.991678611742436e-05,0.00021011865484523318,7.96690583229065e-05
128,0.0008584315450811675,0.00016763715400671883,0.0006273798644542694,0.0006222565627209409,0.00033010379615603866,0.0004999302327632904,4.986975577138397e-06,1.6498595313019817e-05,4.302710294723511e-05,0.0006038933050186157,0.00019538561899792167,0.00016584526747465134,0.0014003487949698773,0.0002665277743994568,0.00032255426049232483,0.001085585628397695,0.0002301531328723419,0.00037744082510471344
129,0.00035911276854683205,9.224785900961013e-06,0.0001479126513004303,0.00045307608372588404,0.0002085380178689228,7.191020995378494e-05,9.257840120711208e-06,2.77962240061395e-05,5.39049506187439e-06,0.00012535137380596806,0.0006167772386328693,0.00023250840604305267,0.0007955326897493009,0.0005389807003107205,9.559839963912964e-05,0.0005876489791078465,0.00040805462329394394,0.0003337152302265167
130,0.00020327123682500892,4.422929605947534e-05,0.00010685250163078308,0.00014777765619142236,7.870018017297822e-05,0.00015219952911138535,5.751660091615068e-06,2.9458363874919997e-06,2.1122395992279053e-06,0.0003996870341679143,0.00015055572102037895,0.00019804760813713074,0.0008553694249899546,0.0003563006314862699,0.0002625994384288788,0.000418740529627315,8.97349338769924e-05,0.00013317912817001343
131,0.00023644296937361253,2.896212528032821e-05,0.000307619571685791,7.304946858943673e-05,0.00011578153672809136,0.0002705128863453865,1.6145220034461533e-05,1.5464254360814176e-05,2.1498650312423706e-05,9.508255896971407e-05,2.8931477365504166e-05,4.381779581308365e-05,0.00039511944771397634,0.00032096809412703736,2.5115907192230225e-05,0.0006222665245083081,0.0002121388894778596,1.1671334505081177e-05
132,0.000401430166209249,4.764585480195732e-05,0.000386236235499382,0.00041639719027875,1.468929370912822e-05,0.0003595743328332901,3.2804535642933647e-05,1.2278001171213795e-05,3.945454955101013e-05,0.0006252827744243072,6.451267548850115e-05,5.526002496480942e-05,0.0008936817672784633,0.0004683894420022608,5.5169686675071716e-05,0.0013348086615170562,0.00019163569862095222,0.0002207532525062561
133,0.0001660628934135877,5.735193460051219e-05,0.0002142302691936493,0.0001481444979178903,0.00013870594240556616,0.00018821097910404205,2.169340836360306e-05,4.752063347134732e-06,1.9233673810958862e-05,0.00015143775279984062,9.630439564957405e-05,3.8188882172107697e-05,0.00028031994725642023,0.0004363671983434181,9.755231440067291e-05,0.0001752563781411698,3.892396098241491e-05,5.2850693464279175e-05
134,0.00030056198863531725,2.1113490981147787e-05,5.190446972846985e-05,0.000281345094821972,4.6794384150360135e-05,0.00010007619857788086,1.806896051831028e-05,4.726754065687369e-06,1.4301389455795288e-05,0.000258190031410227,4.384451473335438e-05,0.00015785638242959976,0.0004434309009613696,0.00013485979335550735,0.00010589323937892914,0.00032118094159958033,9.657823521795963e-05,0.0004972852766513824
135,0.00046854599137155506,1.548624370254631e-05,8.60169529914856e-05,0.0005854371353691268,9.030338238263588e-05,7.922109216451645e-05,5.182782406612865e-05,6.375119971679705e-06,1.1887401342391968e-05,0.00043085446196086674,0.00013558735968153407,0.0001618480309844017,0.0005340306698004421,0.00020366151551567957,0.00016019120812416077,0.00012813803741812402,0.00016271392956971643,0.00024610571563243866
136,0.0001400045347574319,3.1042235959694714e-05,0.00019561685621738434,0.00021561812855255824,0.00010833904908782999,0.00023979414254426956,6.702751616143032e-05,1.165363630194785e-05,2.7101486921310425e-05,0.00012130933985252113,0.00016997203181681741,0.00018241629004478455,3.598518745985546e-05,0.00017574892362214045,9.711645543575287e-05,0.00017995826333380704,0.00019585349505170033,0.0004199668765068054
137,0.00013765349564243134,0.00019206882087481267,6.90855085849762e-05,0.00012654962265820635,6.818667744589238e-05,0.00014473218470811844,3.079676074354068e-05,7.1570056938512466e-06,1.1473894119262695e-06,2.4422712942132052e-05,0.00014521177090703885,0.00032147299498319626,7.636208080957774e-05,0.0002991936786582161,0.00040283985435962677,0.00024051529460114573,9.525230685633428e-05,2.22865492105484e-05
138,5.017191618489347e-05,4.059910828076857e-05,0.00010378286242485046,2.801388802248228e-05,8.092514065353995e-06,0.00010823272168636322,3.617483204876315e-06,1.7865601186969069e-06,3.591179847717285e-06,3.776371904963549e-05,0.00014651341406405477,0.00013912003487348557,5.026077578317023e-05,0.00015789275108941264,7.949583232402802e-05,0.0003032706441984945,1.9463945423969092e-05,3.2085925340652466e-05
139,0.0002791681020340442,9.78051597862184e-06,0.0002096211537718773,0.0001943800875664481,1.91465318580622e-06,0.0003643892705440521,2.6016255594344534e-05,1.8398208948751024e-05,3.4518539905548096e-05,0.0007003514517619214,0.00037295038027509997,0.0004995185881853104,0.0008983439253281017,0.0006357953745479844,0.0002864692360162735,0.0012126136558110456,0.0002783333091245094,0.0007630102336406708
140,5.14421897137296e-05,0.00010725124799428748,2.7185305953025818e-06,0.00025248691740178963,0.00010876150619159794,4.030205309391022e-05,2.519507541237989e-05,9.385029291406207e-06,1.9472092390060425e-05,0.00010444454830875471,4.568956136003638e-05,0.0003248443827033043,0.00027182623495433655,0.00017489527879083894,0.0003926847130060196,0.000583260426154919,0.00017481378335654392,0.00043610669672489166
141,1.3132854554814832e-05,4.526822838078759e-05,0.0002363361418247223,0.00034167054916414696,5.1745453451951945e-05,0.0002023661509156227,5.3406819373175846e-05,2.0926118764110033e-05,1.741945743560791e-05,6.0066264820163306e-05,8.68487810524593e-05,0.000278715044260025,0.0005473045736119758,0.00024681293541196914,0.00020000524818897247,0.0003168415139672698,0.00034460192176734034,3.219209611415863e-05
142,0.0005433044018106348,6.902558348462207e-05,0.0002590864896774292,0.0004943568911990603,0.00013119464924328875,0.00013618078082799911,1.355865292092251e-05,1.3131017070457888e-05,1.8991529941558838e-05,0.0005818219984530804,0.00011720896021687882,1.2062489986419678e-05,0.0006752565166470437,0.00011355577255585392,0.00016273371875286102,0.000897293388458148,0.00022617539065260695,0.0005061998963356018
143,0.00036750245187816555,0.0001579224322959885,0.00035466253757476807,0.00028031824636781666,0.0001724364023278531,0.00016898009926080704,2.590743849081173e-05,3.0508266128080564e-05,3.074482083320618e-05,0.0005102535131265851,0.0002322719437008111,8.810032159090042e-05,0.0008621331329511789,0.00016804744274683675,0.00012588687241077423,0.0002686776008538061,0.0004518765553500788,0.00020090118050575256
144,5.352106444389548e-05,0.0002482565657908678,7.757917046546936e-05,0.00011406150586493191,0.00018530826245956658,0.00017657876014709473,3.119797657877982e-05,4.794346738877335e-05,1.2062489986419678e-05,0.0004910888284540699,0.000778201463096713,0.0001001870259642601,0.00033198414588340996,0.0005013719832980337,0.0004188455641269684,0.0006980203156845555,0.0006430473989314468,0.00028546154499053955
145,0.00047146232219405504,0.0002543501981396301,0.00021233968436717987,0.00029837877205290964,0.00025745306207516916,3.777071833610535e-05,5.750044831012366e-05,3.8460900351093195e-05,4.0121376514434814e-06,0.000377908904101415,0.00025407801815521824,0.0003950390964746475,0.0007846866010933901,0.000822281002397722,6.699934601783752e-05,0.0005560074912766277,0.0005963394293509562,0.00019012950360774994
146,0.00016255847796312062,0.0002524533741332276,8.52290540933609e-05,0.00029061343888639457,0.00021697641679992857,0.00011440180242061615,5.292680787674642e-05,9.884418329745236e-06,5.360692739486694e-06,0.0002570756335978086,0.00026390568479135734,0.0003909571096301079,0.0005319763130482991,0.00018617202242923736,0.0005073361098766327,0.00011939190229731667,0.00021463990135717724,0.00017143972218036652
147,0.0001060799118727529,3.9205040657918494e-05,7.080473005771637e-05,0.00031362835502607433,8.160187575555894e-06,0.00014073587954044342,3.951136960864826e-06,1.4430997861769026e-05,4.757195711135864e-06,0.0003657822819151252,0.0002767928010523196,0.0003399187698960304,7.413959266325265e-05,0.0004445615457237817,0.00043625570833683014,0.00031701068625999973,0.0002835063510977596,0.00014555081725120544
148,0.0003422392851022693,4.629525728331099e-05,0.0002218727022409439,0.00023602814852113907,0.00010667389707226874,0.00023213960230350494,9.488939652656236e-06,7.5119691263565605e-06,4.023313522338867e-07,0.000403145148787476,0.00023864108375943466,1.0308809578418732e-05,0.000769954730449024,3.947960005856038e-05,8.409842848777771e-06,0.00017133284247267122,0.0001320989264461305,0.00017989426851272583
149,0.00042657105159404907,8.008338650846922e-05,0.0002643633633852005,0.00021729442017770495,9.721658982388137e-05,0.00017854198813438416,3.235103693140923e-05,8.449703303780394e-06,6.802380084991455e-06,0.0002860704685841431,0.000595774656957114,0.00034006591886281967,0.0003985716136259976,0.00022575581884191898,0.0002619680017232895,7.058721207145457e-05,6.8111678383935e-05,0.00024390406906604767
150,0.00045583486865224954,3.816986806812889e-05,0.0001805908977985382,0.00037351370504332126,1.230821812355648e-05,0.0001540929079055786,2.5022407360096588e-05,6.931529529529009e-06,3.9946287870407104e-05,0.00014254315654119165,0.00027811265087854253,0.0004237918183207512,0.00015476237559164385,0.0001215398005099122,0.0004315832629799843,0.0002156112905135621,9.840123464072321e-05,0.0009657666087150574
151,9.759495961053632e-05,8.661062173392214e-05,0.00022600218653678894,0.00010528328861292291,4.62022479189618e-05,0.00023948494344949722,8.699592973237386e-06,5.478689643417735e-07,2.882257103919983e-05,0.0004155982170122863,0.0004473575172054198,0.00019731279462575912,0.0006170084717064123,0.00022196708814131022,0.0002496717497706413,0.000253636566492077,6.196222401439085e-05,0.00043465755879879
152,0.00022623445372518813,9.378168123287331e-05,3.954209387302399e-05,0.00026246726615075655,4.739364751364661e-05,2.4888664484024048e-05,1.6988670342513168e-05,3.088361561827922e-05,2.1338462829589844e-05,1.2106819109916622e-05,0.00015988145885677957,0.0005493937060236931,0.00037314636692249714,0.0008996833966075785,0.0005637900903820992,0.0009220273260221734,0.0004833407855024119,0.0002643875777721405
153,0.00040449512744802907,0.0001705095914919033,0.00039554573595523834,0.00046989050911799835,6.447830220440709e-08,0.00024266447871923447,3.676940333275855e-05,1.468197903599632e-05,3.214925527572632e-05,0.0003550423097207489,8.277085555197933e-05,9.47713851928711e-05,3.2223286118723826e-05,0.0002828487321075365,0.0001420816406607628,0.0009053964905702261,0.0003432547659353441,0.0003823414444923401
154,0.000515406980122951,2.1428443931964525e-05,0.00014177896082401276,0.00025277850840141336,8.236661266087728e-05,0.00011504720896482468,1.760501642467105e-05,1.0928548783840203e-06,7.3499977588653564e-06,0.00040670210784383987,0.0003873523297143397,0.0001970650628209114,0.0005143817651310362,0.00046876629671950207,0.00020642485469579697,0.0001224166009827221,1.65955921275808e-05,8.170865476131439e-05
155,0.00012001369358269343,6.394808902481994e-05,8.246302604675293e-05,0.00013651798601191367,0.00017881387363023749,9.596627205610275e-05,2.0520149177010588e-05,1.0476120131701014e-05,1.325458288192749e-05,0.00011654671791828941,0.00017998349672444097,1.5076249837875366e-05,6.623939901730103e-05,2.547823518809708e-05,2.9527582228183746e-05,4.358110019347938e-05,0.00015778812662735862,2.4100765585899353e-05
156,4.917788068939388e-05,9.956782457947247e-05,0.0001922156661748886,5.519518297769643e-05,4.604521310724169e-05,0.00023231562227010727,5.583424819398386e-06,9.917955468148414e-06,8.385628461837769e-06,6.61495389293193e-05,0.00014252006475537482,0.00028813816606998444,8.553315700252084e-06,0.00017772527811142289,0.00021094176918268204,0.00011773688198132848,0.0001990628006499958,0.0004724934697151184
157,0.00010133535996478815,2.1138961605701723e-05,3.269128501415253e-05,5.699682096080294e-05,2.769335044903315e-05,4.059821367263794e-05,7.637997002464536e-06,8.897065396395662e-06,1.880154013633728e-05,0.00018151186776042827,0.0003597238549779766,0.00017568282783031464,0.00014895999472075427,0.00019256533380554094,0.00016877613961696625,0.0002759903522820961,0.00013916913461142766,2.1746382117271423e-05
158,0.0006120942634708082,2.924059211151242e-06,3.190524876117706e-05,0.0006673697896827091,6.6625684343527e-06,6.996374577283859e-05,3.5700721832353927e-05,8.540288868638776e-07,4.637986421585083e-06,0.0003896801883417761,4.319633296639286e-05,0.0002415236085653305,0.0006761151148893252,8.755964917629006e-05,0.0003655608743429184,0.000661473756594505,4.0828178549888114e-05,0.0005337763577699661
159,0.00019814392318098784,2.7319834058299464e-05,0.00020400993525981903,0.00038034298007266765,0.00024835545654582764,0.00020205043256282806,2.570450722052045e-05,1.0185671892704788e-05,1.6916543245315552e-05,0.000383820421298281,0.00045958537999953725,2.7477741241455078e-05,0.0006374474567811955,0.00026132475028152816,5.203019827604294e-05,0.0003051624778977746,0.00020696922510243798,7.592141628265381e-06
160,0.000113823720005235,7.46248724234691e-06,0.00017378851771354675,0.00024623475351331914,0.00016804896474695297,0.00010339729487895966,1.0302743644000772e-05,8.302076443744526e-06,1.9021332263946533e-05,0.00022627569461909636,0.00012719783799741702,2.7768313884735107e-05,0.0001716816429099821,0.0002810884707802677,0.00012239627540111542,0.00015249358638785848,4.809296861345118e-06,0.0002471301704645157
161,0.0004914763470459382,4.769118069807704e-05,3.055110573768616e-05,0.0002598199158656833,3.3046569137839404e-05,1.7165206372737885e-05,2.4615801199875942e-05,9.94883811148285e-06,1.9706785678863525e-06,0.00032742966505137916,0.00040990904649783333,0.00026464834809303284,0.00036121002099682997,1.6666295996857483e-06,0.00018093641847372055,0.0006633509921543657,9.649102522015472e-05,0.0004078485071659088
162,8.466449642152707e-05,0.00018667780859117633,5.367770791053772e-05,6.384378571255844e-05,0.00010617194896836435,2.2753141820430756e-05,1.5847110460681657e-08,7.489889872305301e-06,6.038695573806763e-06,1.1668861366526118e-05,0.00041253786960381705,1.7117708921432495e-06,2.2719630513770572e-05,4.580845589087501e-05,9.382423013448715e-05,0.00010076425707786218,0.00010802293791887293,0.00010425783693790436
163,3.2442994168269124e-05,4.201605522935817e-05,0.00010069645941257477,1.6463930127330606e-05,3.1225820318756675e-05,6.735697388648987e-05,4.882792432023622e-05,3.900257426690899e-06,2.305954694747925e-06,0.00015370799433117588,9.286220086127811e-05,0.00040287431329488754,3.1388350977559765e-05,0.00021290423897075972,0.00036271940916776657,0.0005855707814328426,0.00011168687563026941,8.850917220115662e-05
164,0.00019501530624102537,4.926847923652361e-05,6.604567170143127e-05,0.0005040366977791255,0.00011090604062405363,6.543844938278198e-05,1.5230764508135375e-05,6.143605005332466e-06,4.507601261138916e-07,0.0005326873330384063,0.0003065723622884334,3.827735781669617e-05,7.818251653871067e-05,0.0003475255646820316,8.37845727801323e-05,0.001014205245793598,4.037509647203917e-05,0.0002932325005531311
165,2.778061474986715e-05,5.302203503732006e-05,0.00012668035924434662,0.00011446859111918783,3.501611755587705e-05,4.64925542473793e-05,1.681217171320762e-05,1.2827788027050058e-05,2.074986696243286e-06,0.00014917723418331197,0.00020708603701278389,0.00013790838420391083,0.00031872352812979676,0.0002767536480804099,0.000238027423620224,0.00031420094987028024,0.00016677300853678526,3.60049307346344e-06
166,5.040482804333224e-05,9.063022560423448e-05,0.00015443377196788788,0.00042067726611680345,3.7424555861392816e-05,0.00013477914035320282,9.170148238733106e-06,5.184855346282717e-06,4.567205905914307e-06,0.00043439166186338973,0.00023527514129532273,1.8067657947540283e-06,0.00032068683665426034,1.5975446090849693e-05,1.2570992112159729e-05,0.0008719870196782498,0.00010894103508770746,6.748177111148834e-05
167,1.7316731377725603e-06,3.7211475095118296e-05,4.737637937068939e-05,0.0003856011727776665,1.807290371825046e-05,0.0001251865178346634,4.9861168357281244e-05,9.58510138052409e-06,1.8149614334106445e-05,2.5545391869483125e-05,4.875448199181259e-05,6.719212979078293e-05,4.230715093733739e-05,0.0001739512646924818,0.00015767011791467667,3.8519463729735914e-05,0.0001382535336943427,4.472211003303528e-05
168,0.00047810039021004003,4.9126032256128355e-05,0.0001581832766532898,0.0005106435140421195,7.770184152258372e-05,0.00011139735579490662,3.921739160385462e-05,2.1643391012307394e-05,2.2895634174346924e-05,8.420561316654918e-05,4.082151801734074e-05,0.0003855368122458458,3.2535472530473286e-05,6.710769807898725e-05,0.00029528792947530746,0.0010611315967234414,0.00041782950550931213,0.000751866027712822
169,2.6854506235490794e-05,9.503036785902044e-05,0.00022628158330917358,0.00047817366332611466,3.803455471580383e-05,0.0002008732408285141,8.692040285446234e-07,1.5588228914480877e-05,3.644824028015137e-05,0.00042770305334077774,4.72566110561734e-05,0.0003512278199195862,0.0003288488257234684,0.000311749457605405,0.00036732200533151627,0.00010217278070528968,0.0002385419947711397,0.0008467473089694977
170,0.00032383987349482446,0.00023988516353864314,6.61918893456459e-05,4.875803266499168e-05,0.00018773324005135622,2.8075650334358215e-05,9.196031920868236e-06,3.143698039206129e-06,6.865710020065308e-06,6.293554299045823e-05,5.338271143603274e-05,1.7657876014709473e-06,0.00019280820383370256,0.00029034608473400836,4.296936094760895e-05,0.00024698011783561014,2.8557213440101765e-05,8.461065590381622e-05
171,0.00011479304484485198,1.0863606612780685e-05,0.00045744795352220535,0.0003759948981728878,0.00010433060968584318,0.0005934340879321098,9.080643318920556e-06,2.025388120533648e-05,7.144361734390259e-05,9.564361891567508e-05,0.0003765841031418901,0.0006955042481422424,0.00029216395316572497,9.058482924968053e-05,0.0004871916025876999,0.00026445789003756714,0.0003306912361116174,0.0013089459389448166
172,0.00035164983705035513,0.0002131124886269528,0.0003252960741519928,0.0006758449578352643,0.00039775166979979376,2.1084211766719818e-05,3.401075556748456e-05,5.242476430732134e-05,6.22868537902832e-06,0.0006874060303618257,0.000790442874703319,0.00033431872725486755,0.0014768179423927247,0.0004635990725781261,4.986859858036041e-05,0.0004631352209069628,0.0007405305335043333,0.00016192905604839325
173,8.608233600293502e-05,0.00012816666744109098,0.00024867989122867584,0.0001184257922105525,0.00015336288882790775,0.00031762290745973587,5.9169712229890925e-06,1.7280363336588515e-05,6.3478946685791016e-06,2.3395860723363082e-05,0.00021572963106441384,0.00022342149168252945,0.000394264720866358,0.00019935479973384046,0.00037661753594875336,3.230859845076983e-05,0.0001446374505991773,0.00015884637832641602
174,0.00023222067676162417,0.0001713045444881843,0.00019219890236854553,0.00033888487364147624,0.00011557073526413664,5.207769572734833e-05,5.7044197043047695e-06,1.3442637906126858e-05,1.4215707778930664e-05,0.0004701002309854124,0.000334353585403617,1.6435980796813965e-05,0.00039417536199741476,1.4539865905993654e-05,0.00023023877292871475,0.0003164466009458744,0.00028486158684771275,0.00013010762631893158
175,0.0002414989892224606,6.231593281390627e-05,0.0001737195998430252,0.00022190712329861473,2.0771808271344977e-05,6.93146139383316e-05,2.8966319096216525e-05,1.1173229579142273e-05,9.749084711074829e-06,0.00017546193882515826,7.738102639871791e-05,7.63842836022377e-05,0.00019467519347372841,0.00015761741333929907,0.00024476367980241776,7.617556462796715e-05,0.00023469654119292593,0.00037031807005405426
176,0.00031387411799416176,0.00017907778231649255,0.00022418610751628876,0.0005453184573794012,0.00011051091473364416,0.00015474110841751099,4.684801256594692e-05,3.5213359082005534e-05,3.279000520706177e-05,0.00027234674340569087,0.0008918806330627319,3.9567239582538605e-05,0.0004567892367659948,0.0001258347278001587,0.0001163240522146225,0.000463605948306578,0.0005860390855446664,0.00034591928124427795
177,0.00017625355737960202,1.3444105919430821e-05,0.0001392718404531479,0.00041419318070476385,2.000791949628017e-05,5.323439836502075e-06,3.358206902351335e-06,2.16246225838173e-05,7.02589750289917e-06,0.0003021864790466178,0.00028206041644861235,0.00011254195123910904,7.853501419449738e-05,0.00040347920916342095,0.0002620816230773926,0.000660100122312407,0.00033709575777404136,0.00033691152930259705
178,5.561990258734495e-05,0.00022711070318368748,0.0003867940977215767,0.0001175761413734766,0.00013020626160554702,0.0002397848293185234,2.494344922800845e-06,1.505337209862373e-05,6.15045428276062e-06,0.0002309885142996182,0.00014669878971113048,0.00022247247397899628,0.0003173424739471159,0.00039788410506434724,5.3484924137592316e-05,0.00016476128515854893,0.0003026857541985166,0.00021259859204292297
179,0.0004070877186950206,0.0002080883451826901,0.0005106041207909584,0.0003783331214380625,0.00033826411137303017,7.263291627168655e-05,1.432637478499324e-05,4.0407739542247057e-05,3.676488995552063e-05,0.0003318254263798698,0.0008194967677332549,0.00023569539189338684,0.000668554542347613,0.0007926592937481519,0.0008843019604682922,0.0002586675248715531,0.00037740523711137647,0.0007520020008087158
180,0.00013259668467593966,1.6577861481261585e-05,5.563627928495407e-05,0.00015265717204862583,7.176911466601904e-05,0.00011511705815792084,1.1178613490647749e-05,1.0454144499563972e-06,5.7406723499298096e-06,8.340526815142635e-05,0.00016675510081936434,0.0003164270892739296,0.00033993332501416895,0.0003650409844243724,0.000563829205930233,0.0007315467006937804,9.598851203604158e-05,0.00019450299441814423
181,0.0008091626896391813,0.00019499280763622673,0.00040588807314634323,0.000890939280677433,0.00020213686607237907,0.00017226580530405045,4.64473269753303e-05,1.9685614047812352e-05,5.109235644340515e-05,3.568107899466766e-05,0.00023609370390230422,0.0002848496660590172,1.977355525083213e-05,0.0006260874244688394,0.0006511453539133072,0.0006134657852313319,0.00015868173651226343,0.0006541311740875244
182,0.00014929100189622901,0.00011993678727031942,0.00019359588623046875,0.0003399777926988701,0.0001191568394195465,1.642853021621704e-06,2.232864220743161e-05,3.1496134911835255e-05,1.965463161468506e-05,0.0002130446354122184,0.00015030762391779473,0.00034638773649930954,0.0007602975339389695,0.0002227689121394455,0.0001838458701968193,0.0004927553662970874,0.00042501394823142103,0.0005693770945072174
183,0.0004429329258477943,0.00012905704043028252,0.00018047355115413666,0.00014382320189934572,0.00010091653352090058,0.00031162891536951065,3.964765260451933e-05,1.9997807928882018e-05,6.463378667831421e-06,0.0005318713775270822,0.0006485869436224159,0.00031670648604631424,0.0001701056141126256,0.0009672113844259936,7.539894431829453e-05,0.001111097057918231,0.0003118314235120317,0.0004269015043973923
184,6.860124995489159e-05,0.00012951816157628915,0.00027279648929834366,0.00043850389770092035,0.00013636594013312006,0.0002320408821105957,5.924272212744219e-05,1.2613752041803068e-06,1.5832483768463135e-05,5.146394206644034e-05,0.000320032442313975,0.0004551568999886513,0.00040329224488964976,0.0001893133368809155,0.00047658104449510574,0.001413153171973297,3.809024955249451e-05,0.0005795340985059738
185,0.00014330492545325257,5.734052468938863e-05,2.7016736567020416e-05,0.000265518349874011,3.4420767278053876e-05,8.87913629412651e-05,6.300305752338434e-05,4.52016471672037e-06,9.350478649139404e-06,0.00016865420084821725,0.0004473631219337887,0.00012132525444030762,0.00022285872624649983,0.0006031629043956807,2.8240494430065155e-05,0.00011297183212374828,0.00020935887010382773,0.00015142187476158142
186,0.00030599739942263615,5.3558056703307405e-05,0.00016799289733171463,0.00033083820430368505,2.738661093768316e-05,0.00013915449380874634,9.976483481589915e-06,6.528543684334968e-07,9.968876838684082e-06,0.0002928977008615913,5.741385221671308e-05,6.84959813952446e-05,0.0003946164369953986,0.00018257076388063925,5.949847400188446e-05,0.0009682035565690139,8.085385320297949e-05,3.847293555736542e-05
187,0.0007257091509837998,8.222116822273473e-05,0.00016795843839645386,0.0006434320802343185,0.00014924937405405916,0.00022994261234998703,2.1644591296568483e-06,1.2130202877684007e-05,1.6238540410995483e-05,0.0005719524452902358,9.408116445900477e-05,8.432753384113312e-05,0.000542722311761959,0.0003028768007643859,1.8596649169921875e-05,0.0015913128740046578,0.000151382743440261,6.594881415367126e-05
188,0.00010689895497581481,2.9691280628237754e-05,4.803389310836792e-05,0.00019036952167764132,8.35447666732922e-06,0.00024775415658950806,1.5740013173795586e-05,1.6779547531801755e-05,3.1888484954833984e-06,0.00023788270850354232,0.000461127640562671,0.00014797598123550415,0.0004091646856434761,0.00023052381846784542,0.00041243620216846466,0.001177372565529522,0.0003826467449814031,0.00013492442667484283
189,0.0002487117154970353,1.3340223722242694e-05,0.00016795191913843155,0.00021192123182486866,0.0002006028909925725,0.00022804737091064453,4.548990189436053e-05,2.2010373497505996e-06,2.5156885385513306e-05,6.959999095107472e-05,0.00015998576675248233,0.0004067420959472656,3.6619932424125645e-05,6.653744555489005e-05,0.0003372766077518463,0.0003297610614039215,8.193096273351077e-05,0.0007192064076662064
190,0.00024924557661973323,0.00011880174989014475,0.00011101458221673965,0.0004604043975890426,0.00013129282941116288,4.359707236289978e-05,8.005744035935458e-06,1.4619506677000015e-05,3.3043324947357178e-06,0.0005276389734350934,0.0002336934698677559,0.0002802824601531029,0.0005447775842661318,0.00016782347491282879,9.973254054784775e-05,0.0011170272544955007,0.00020745145142541397,0.0006012860685586929
191,0.00013609948646628456,0.00011337775265998079,0.00022641010582447052,0.0002825175111748346,0.0002152800457392301,0.00013831909745931625,4.3315764313284905e-05,1.1273111653289084e-05,3.427267074584961e-05,0.00016443134854433883,1.0222660521766458e-05,0.00027152057737112045,0.000470593300257241,0.000230532160921601,0.00037807319313287735,0.00036599325608419053,0.00023669799898493483,0.0005598999559879303
192,7.651786103579639e-05,8.97855462078205e-05,9.756442159414291e-05,0.0002693713660858743,4.519120538835561e-05,0.0001366129145026207,9.171243828310499e-06,2.730031147270211e-06,2.5834888219833374e-05,8.409635606729249e-05,0.00016669360449832193,0.0004077702760696411,0.0002209565236133415,0.0003085557494809932,0.00033618509769439697,0.00038537485255710213,3.289208242299342e-05,0.0005783196538686752
193,4.543652739294468e-05,0.00013402411271986117,0.00043703336268663406,2.881951366517921e-05,0.0002860290306296448,0.00036635342985391617,2.2207839702879928e-05,1.5814371242649016e-05,1.8961727619171143e-05,9.360460360313683e-05,0.0003707937959662941,0.00020391400903463364,5.262174120504448e-05,0.00033506855272572716,6.06682151556015e-05,0.0006784892709593981,0.00029945699128523925,0.0002887509763240814
194,8.132729325685539e-05,7.063979463279788e-05,0.0003226259723305702,2.5887740836894046e-05,1.808103898517932e-05,0.00036822259426116943,2.9152451865886025e-05,7.964800748884945e-06,5.923211574554443e-06,0.00011680384000620214,2.747528133113797e-05,6.424449384212494e-05,7.536582081985044e-05,0.00044188326010179135,1.401267945766449e-05,7.636228038310211e-05,0.0001229891649790339,0.0001034960150718689
195,0.00031129844247715366,5.654134832459856e-05,0.0001023169606924057,1.216775462464792e-05,9.953188032911855e-05,2.5218352675437927e-05,2.648845559863333e-05,1.1699381146623348e-05,2.5257468223571777e-06,0.00042921337282404715,0.00017946796945544907,0.00020213238894939423,2.5610272973514148e-05,1.4843002199969868e-05,7.089413702487946e-05,0.0008497695609753497,0.00026748482079271864,0.0004552789032459259
196,3.371713017952249e-06,4.931471007318597e-05,4.1610561311244965e-05,5.296893999012786e-05,3.591948885994442e-05,3.3231452107429504e-05,1.0925145801529007e-05,4.4931316413693675e-06,1.7024576663970947e-06,0.00010909796146967021,0.00013700230125035517,0.00011595897376537323,1.1917541378594909e-05,0.0003696167123561703,9.822472929954529e-05,0.00028699773260629224,4.959863716219115e-06,9.595975279808044e-05
197,0.0001442869498140542,5.8250521834633806e-05,1.9148923456668854e-05,0.0002687357539073454,0.00017072725614646414,0.0002025282010436058,3.432363889493972e-05,1.0787853176972759e-05,2.507120370864868e-06,0.0003363563381510448,0.000264062324174745,0.00010356120765209198,0.0002091159018619837,7.541132699371428e-05,0.00017218198627233505,0.00036806625105118007,0.0001563582748627041,0.00014207139611244202
198,0.00043292328184460493,2.900302560246773e-05,6.008334457874298e-05,0.00035696225756018385,3.0684566701168203e-06,0.0001283995807170868,7.331984148449544e-06,9.583461936008697e-06,1.7933547496795654e-05,0.0002742380544955708,0.0005896801372577837,7.142964750528336e-05,0.0002829671876666551,0.00010755067087384051,1.9008293747901917e-06,0.0006560116663624216,3.875138671422841e-05,0.0002446267753839493
199,0.0002561028712676494,7.487661492713502e-05,0.00023555010557174683,0.00030349727574494056,0.0001784274467637667,0.0003365371376276016,1.8724306735853208e-05,1.2250362631661027e-05,2.9608607292175293e-05,0.00017530704713662748,0.00025944104664241824,0.00022981222718954086,0.0003256960699828948,0.0005146385555303765,5.610845983028412e-05,0.0002493031200938578,0.00014245839033979633,0.0008288361132144928
200,0.0008328037964496215,0.00023229102571988708,4.125107079744339e-05,0.000550203641874164,9.68100439491075e-05,1.5174970030784607e-05,4.053630067164457e-05,3.9783938520784006e-06,2.7485191822052002e-05,0.0004146720264486675,0.0005176276623197196,0.0003187665715813637,0.001269157982790911,5.045519176818253e-05,0.00038773752748966217,4.647888212075402e-05,7.617012751553933e-05,0.0005255639553070068
201,2.2855262261839426e-05,0.00017169956675841536,0.0002986341714859009,2.257005888084418e-05,0.0001134020330655107,0.0002489909529685974,2.783270113067282e-05,4.38967115940762e-06,1.3321638107299805e-05,0.00018364708194794355,0.00016583331893033765,8.677132427692413e-06,0.0001688751873681893,6.389745593932822e-05,4.599057137966156e-05,0.0001953591427003576,9.980429953218139e-05,0.000244947150349617
202,0.0004950525199555189,0.00011358199118361237,0.00017889868468046188,5.611453029366609e-05,0.00017201772125592651,0.00019564852118492126,1.7866039293320396e-05,8.93309050292215e-06,1.9952654838562012e-05,0.000277126354153584,0.0002166928052013059,0.00015258695930242538,0.00028472871254608956,0.00018580085791715384,0.0001034960150718689,0.0005129631745080243,8.658834197198227e-05,0.00037866830825805664
203,0.0004407495023133756,0.0001904964980266842,0.0004091784358024597,0.0004724679901843276,0.00021612855185582786,0.00019981246441602707,2.053565399239704e-05,1.2030802876197388e-05,3.4961849451065063e-05,0.0005189284750126422,0.00018008114063142872,0.00016527064144611359,0.0005164335650721663,0.0002569610793599908,0.00042918045073747635,0.0005173605147265614,6.852224020731986e-06,0.000446222722530365
204,0.00010516613116903772,5.989152876964207e-05,4.7759152948856354e-05,1.715088923709418e-05,0.00012674118703466172,0.00012512784451246262,3.0972836809507742e-06,5.761084709141612e-06,8.005648851394653e-06,9.631614510056952e-05,6.503059316927823e-05,0.00013909116387367249,0.00011762973783281672,0.0002997818874360403,2.4529173970222473e-05,0.00026056190549472724,8.379353764442418e-05,0.0001798197627067566
205,0.0005039523859562134,0.00013224371411250588,7.120054215192795e-05,0.0001647910372046535,0.00013363867270041463,0.00010228157043457031,1.4122461914029688e-05,5.62232740551399e-07,3.0994415283203125e-06,0.0002462895272467569,6.373239495786887e-05,6.515998393297195e-05,2.9274177053909e-05,0.00036927754181383804,5.902443081140518e-05,0.0009791119654116998,7.332264408710116e-05,0.0001849699765443802
206,0.0002937750535790262,0.00019820176943791123,3.0300579965114594e-05,0.00022926183132049305,2.909338943767742e-05,2.4978071451187134e-06,2.4340947191680423e-05,4.338376468553324e-06,7.4319541454315186e-06,0.00011526784043103255,0.0005084257631521455,0.00010980665683746338,0.00032262930760600106,0.0006184253749943816,0.00018820539116859436,0.0015880007198624813,0.00013104158283682192,0.00026253052055835724
207,0.0005749689499040533,0.00015720167149215966,0.0002904478460550308,0.00036366988725147764,0.0001373719308621693,0.00033628102391958237,1.4618008093318646e-05,2.4887256831166327e-06,1.405179500579834e-05,0.0004658175037556278,0.0005906948188382707,6.104446947574615e-05,0.0003161776991914278,0.0002914590295661698,0.00010990537703037262,0.00018555780989945592,0.00014107845477728375,0.0005518011748790741
208,1.875603616929844e-05,5.2815456171809855e-05,3.4389086067676544e-05,0.00016931241110931805,0.00012485407861913614,3.219675272703171e-05,7.763349076938403e-06,6.2261190862104745e-06,1.8835067749023438e-05,0.00029575212976938603,2.3829210776898924e-05,0.0002264808863401413,0.00020537084881863676,0.00033489821103051265,0.00019273534417152405,0.0005278503756198372,0.0001968862784013281,1.253373920917511e-05
209,0.00013217196492776306,3.219538813333672e-05,0.00020526349544525146,0.00010595694106521614,4.0365383486520856e-05,0.0002430332824587822,5.248934547914114e-06,4.240492863402678e-06,1.5486031770706177e-05,0.0003238550822534658,0.00025740599471030245,0.00018479488790035248,0.0003974821939687484,0.00033130565923683575,8.639506995677948e-05,0.0008920868129030368,0.0001370926567559399,5.861558020114899e-05
210,0.0004666726128866039,7.825383842316458e-05,0.00013472512364387512,0.00041156474372672225,0.0003560310002072922,1.981109380722046e-05,3.4341415452627394e-05,2.1308714131071152e-05,1.3150274753570557e-06,0.0002288416054811726,0.00026544058959834804,0.00031635724008083344,0.000361045007846561,0.000188377164636655,0.000192129984498024,7.936762606208791e-05,0.00019619712793933963,0.00024822913110256195
211,0.0002938134778039947,7.462323095945578e-07,8.158758282661438e-05,0.00012745896881816154,8.01508181106636e-05,8.871406316757202e-05,3.0560382569440325e-05,2.0483421927955885e-05,1.8998980522155762e-06,0.000418705311326692,3.592441244257283e-05,9.383819997310638e-05,0.0004151965838713467,0.00030501737071647606,8.653756231069565e-05,0.0006955884412435942,7.363422489258843e-05,0.00022436678409576416
212,0.0001473983295054715,0.00013027736483457036,0.0001859096810221672,4.725255287710284e-05,0.00011157381389958684,0.00012353155761957169,3.492333565436115e-05,3.751142766058418e-05,1.798197627067566e-05,2.134981566059846e-05,0.0008243547332482948,0.0002005361020565033,7.926565610094638e-05,0.0002767503159753562,0.00023040268570184708,0.0006770984791409362,0.0007994657160236237,0.00040269456803798676
213,4.8076723683315725e-05,4.0453878993006176e-05,9.020883589982986e-05,1.7549170256786484e-05,0.0001086593045300302,0.00011220015585422516,3.099813288262587e-05,2.4179708446036305e-05,8.773058652877808e-06,0.00022425164345368787,0.00018774706157875104,0.0003273654729127884,0.00016358648288493371,0.0001296393039903962,3.211013972759247e-05,0.0003320860268962167,0.000496087612215614,0.00011716783046722412
214,7.746038194345051e-05,0.00014094617019266495,2.5435350835323334e-05,9.052826238520328e-05,0.00017658230956667936,0.0002151094377040863,4.3228300075748294e-05,2.168681057304584e-05,3.3292919397354126e-05,4.037293136724407e-05,0.000634075490315425,0.0006263246759772301,7.822679344242356e-05,0.000257875279889859,0.00023398548364639282,0.0005488689753366804,0.0003829783169652715,0.0007749665528535843
215,3.3819402750906447e-05,3.979207956106984e-05,9.425263851881027e-05,0.00012184736711984279,8.262705240452695e-05,4.350394010543823e-05,7.317208984609913e-05,9.7948803269778e-06,2.2191554307937622e-05,0.00032013426115297394,4.799223364132521e-06,0.0005843797698616982,0.0004344351672126573,4.152001409796213e-05,0.0006922045722603798,8.497171971985629e-05,0.00011653147484267919,0.0004394166171550751
216,0.00035420144249734276,0.00013270074278803543,0.0003956984728574753,0.0004496360563602808,0.00010484979054822471,0.00043392181396484375,2.3322478662404084e-05,1.8677229288541615e-05,3.503262996673584e-05,0.0003950822765320522,0.00011302058957140398,0.00047183502465486526,0.0007992519653128999,0.00018763391709585714,0.00038359127938747406,0.0003667703087368024,0.00032285948787331455,0.0007934588938951492
217,0.00011939670183999662,4.5797642881238027e-05,0.0002240268513560295,0.00029500017319702976,3.6537127608878006e-05,0.0002503572031855583,4.114356811302233e-06,1.1395525244724852e-05,6.6943466663360596e-06,0.00044345499815652556,3.529609374918613e-05,5.3649768233299255e-05,0.00011083601672685905,9.050875256726848e-05,6.721541285514832e-05,0.0007432667689824535,8.884724254262159e-05,0.00015344657003879547
218,0.0005599140960656779,2.86514821676645e-06,0.00031276047229766846,6.747080862529176e-05,7.812220167582179e-05,5.835574120283127e-05,5.61962020195414e-06,9.71815309227233e-06,1.9975006580352783e-05,0.00022725572875381683,6.726645372918255e-05,0.00019338726997375488,8.314631814629325e-05,0.0004068275599515489,0.00015617907047271729,0.00028964955128510383,3.6485462197159615e-05,0.00037090666592121124
219,0.00046103932545596416,8.083657946563252e-05,6.58603385090828e-05,0.0006489299482909106,0.00015003542852317503,0.0001657521352171898,4.2923550007754885e-05,5.175125272373938e-05,8.970499038696289e-06,0.0005294676904197687,0.000889687663592556,0.0001135924831032753,0.0006245632090312314,0.00019070883125626992,0.00036283861845731735,0.0002902363592474366,0.0008006005945125197,3.0174851417541504e-06
220,9.76356489165997e-05,0.00012047422016027431,8.597038686275482e-05,0.0002710352713662656,2.3466661526166943e-05,4.1930004954338074e-05,3.935411695349042e-05,6.9246611747762955e-06,1.574680209159851e-05,0.00033629009227795215,0.00040652294244568343,5.4834410548210144e-05,7.960301021328609e-05,0.0004453795248196904,0.00014524813741445541,0.0006854979629264679,0.00014301311751413145,3.7124380469322205e-05
221,0.00022286985662334224,7.284105853589545e-05,0.00013982970267534256,6.882916949432771e-05,0.00012224710024493976,0.00017011631280183792,3.086323224606516e-05,1.847833958078246e-05,2.845749258995056e-05,0.00038112258216653483,1.927823045128757e-05,0.00035101640969514847,5.6320040263402316e-05,0.0003030059042203534,0.0002693813294172287,0.0008577574136172106,0.00020331754084689294,0.0005386695265769958
222,7.654277714516655e-05,5.61986230303603e-05,9.228847920894623e-05,4.3770993772035416e-05,0.0003041474782333152,0.0002260049805045128,2.9061068529612905e-05,2.7886352671539864e-05,1.35079026222229e-05,0.00028575850625986443,0.00035275233356469454,0.00022644363343715668,0.000190554920268593,0.0006968107771864671,7.274653762578964e-05,0.00014651197482867806,0.0004157852174477487,0.00018650852143764496
223,0.00013657535111064045,0.0002697401552707486,0.0005253637209534645,6.476402716201757e-05,0.00016831361740500886,0.00024306681007146835,2.6334739188550033e-05,3.1890438679967455e-05,3.4403055906295776e-05,7.998344662313306e-05,0.000284898905492853,6.507150828838348e-06,0.00012245890278733684,5.3645977190638905e-05,0.0003493092954158783,0.00011977676365315659,0.0005699812894853615,0.0005717985332012177
224,0.00019590653722789675,0.00013758254594638253,2.9962509870529175e-05,0.0005037936047727343,8.154432139522924e-05,0.0003471691161394119,4.3503255594823376e-06,3.809209669665604e-05,2.286955714225769e-05,0.0004895420413097012,0.0002977197594164274,0.0005244631320238113,0.0007671689117940139,0.0005903259660798438,0.0001431955024600029,0.00042261682545693957,0.000515382214340564,0.0005204025655984879
225,0.00027730643926959786,8.879785130565254e-05,2.941116690635681e-06,5.4612610769583236e-05,3.868522604544289e-05,0.00011411681771278381,5.516001414899649e-05,1.4000792340161379e-05,3.024563193321228e-05,0.00010897623648109533,1.707535301930657e-05,0.0009773913770914078,0.00023347047137466104,0.0005256567226516878,0.000832398422062397,0.0004128190284704847,0.00016011099195434178,0.0010865628719329834
226,8.994963724578975e-05,7.160347816099338e-05,0.0003627827391028404,8.717700734925393e-05,7.804961571195729e-05,0.00043691881000995636,3.276256894099716e-06,1.1624912153098695e-05,3.60831618309021e-05,0.0004300774776035965,7.138333455197765e-05,0.00032654497772455215,0.00019054887233846407,9.526979010226339e-05,0.00024673808366060257,0.001201849184552073,0.00023675331795132036,0.0005307327955961227
227,0.0010102451913380772,4.554355547235073e-05,0.00021327752619981766,0.0007815675700309499,3.655796250874241e-05,0.00039631128311157227,3.242111299896211e-05,2.3658082784140894e-05,5.2716583013534546e-05,0.0006037212180657059,0.0002921634478649654,0.0008436022326350212,0.0009684845550539528,0.0007245532242007996,0.0005602454766631126,2.3534168847205716e-05,0.00029093568706476834,0.0011806972324848175
228,0.0006297101658087612,5.19724942508043e-05,0.00026002898812294006,0.0005422286410226296,1.3975075081405774e-05,0.00029442738741636276,4.154361666421774e-06,1.14848693432902e-05,6.002932786941528e-05,0.0003620752073059119,0.000407977294739785,0.0006671613082289696,0.0008760076818121187,0.00015763300684622228,0.0005996795371174812,0.0010330117882756673,0.00020060139300797373,0.0011729691177606583
229,0.00035585084679634615,0.00011686811501606525,0.0003721984103322029,0.0005311875735479199,0.0001608963644000698,0.0005502086132764816,3.336756557069734e-05,1.5657009823172904e-05,3.719702363014221e-05,0.0002769478382889934,0.00028684771770896844,0.00016403011977672577,0.0003251908942891596,7.859122073931857e-05,5.4729171097278595e-05,0.0009722021871369224,0.00028916988064811404,0.0005984175950288773
230,0.0011436173010618556,0.00025825307267565364,9.672902524471283e-05,0.0011886331913570636,0.00028389637391630987,0.00033144745975732803,6.524003091669048e-05,3.891047455510194e-05,5.2385032176971436e-05,0.001028653021415915,0.0005766427984713607,0.0011520767584443092,0.0014631149199849786,0.00034725615609360744,0.0005464684218168259,0.00033028033819268443,0.0007014137263722095,0.0009692125022411346
231,0.0005011502090541964,0.00014564817982631525,0.00021842587739229202,0.00028735069032195804,5.98563374141492e-05,0.00010276585817337036,4.999624120486518e-06,1.6027048029316473e-05,6.362795829772949e-06,0.0003583730520120981,0.0007581288152286592,0.0007638288661837578,0.0008201118675825875,6.123160236001096e-05,0.000491088256239891,0.0016331224787216048,0.00046729179103886234,0.0002934671938419342
232,0.0009289583295777615,0.00016669290727249625,0.0001349048689007759,0.0006560986255487455,0.0001013116392332078,0.0003719031810760498,9.947772887836104e-05,5.8737760238327806e-05,8.950382471084595e-05,0.0014994217334456522,0.0010240598167800194,0.001361415721476078,0.0007481395802499125,0.0007247226935476608,0.0009483508765697479,0.001423600770896899,0.0010423857872191595,0.0015949718654155731
233,9.327163234337799e-05,2.316716443976491e-05,0.00012343749403953552,0.00038547697063273656,8.947068843060194e-05,0.00024388916790485382,4.088153333530256e-05,9.595747566275964e-06,3.2749027013778687e-05,0.00037482400788824144,0.00039536404398815214,0.0005592703819274902,0.000507451718764082,0.0002109763598987513,0.00046884920448064804,0.0006245900709338781,0.00017819182457368393,0.0008888319134712219
234,0.00012959658501085491,0.00017634242399693426,1.1509284377098083e-05,0.00020176895973739173,9.546129290681493e-06,0.00019031763076782227,3.2392521569953037e-06,8.487436134074224e-06,8.344650268554688e-07,0.0002722842170080897,0.00011624235374978545,2.2440217435359955e-05,4.2680840496647776e-05,0.0004150245512050954,0.0002636406570672989,0.0007550134196093183,0.00028620286218898963,0.0003666803240776062
235,6.896975889617019e-05,0.00015625340488707729,8.401274681091309e-05,7.500999605083991e-05,0.00028957431835381284,0.00030916184186935425,1.3715716991651028e-05,4.247001242652185e-05,1.3127923011779785e-05,0.0006067693595181167,4.863152431590356e-05,7.271114736795425e-05,0.00020329669856170018,0.0011177826691322265,0.00019791536033153534,0.000881144920051341,0.00039179009744868664,7.577240467071533e-05
236,0.0006391692131083038,0.00011420430875295692,0.0001603495329618454,0.00013660798095330162,0.0003758956999488569,0.00013731606304645538,6.308139455981493e-06,1.4494410246634448e-05,1.3589859008789062e-05,0.00028369568661994193,0.0002742598270996967,0.0002026418223977089,2.0718235564418097e-05,0.0003947324611055028,0.0002068895846605301,0.0007553435855807145,0.00025915218018985296,1.3075768947601318e-05
237,0.0004999102913163522,7.567558076633507e-05,0.00021121371537446976,0.0002547274738427807,5.811159767469751e-05,0.00017795339226722717,7.245156892620591e-05,1.2806708184472625e-05,4.626810550689697e-06,0.00019957688959545972,0.00018032659311788962,0.0003244113177061081,0.0004396533458508739,0.00022297016315082213,0.0003352249041199684,0.0010757766528510238,0.00030147578496384983,9.465590119361877e-05
238,0.0007855866868966555,0.00010279708674510585,0.00031299423426389694,8.766425625153507e-05,9.060428628651987e-05,0.00029880180954933167,3.628610400163018e-06,3.4071444306170732e-06,4.5046210289001465e-05,0.0005836822368504441,0.00028624486692960596,0.0006188675761222839,0.0002685938344521577,7.03066467010599e-05,0.0006204480305314064,0.00017787942848815352,5.1154788073070646e-05,0.0008099004626274109
239,0.0002810588339330067,3.0057995889197497e-05,0.000517367385327816,0.0006362804467515415,9.008969385075269e-05,0.0003696531057357788,9.306603155515708e-06,3.0039756839155734e-05,1.626834273338318e-05,0.0005459177276848082,0.0005540993348273765,0.00016416702419519424,0.0007618529533228863,0.0003375089396202152,4.994962364435196e-05,0.0006711177259094148,0.000494443376139765,0.00017949938774108887
240,0.0005436790058749308,0.00030059838280927995,0.00018253736197948456,5.395585036288564e-06,0.00012325484687270016,0.00019295327365398407,1.91747908084329e-05,5.380723884873572e-06,2.0116567611694336e-05,3.3970284055689914e-05,0.00019042617805800632,0.0005420297384262085,0.0006251054555137248,0.0004924645732265059,0.00045727193355560303,0.0005944734916628613,2.4617526096503382e-05,0.0006088949739933014
241,0.0010027500812764545,0.00030288592324698854,0.00011943094432353973,0.00020577312839434314,0.00010346443000184766,0.0001722276210784912,4.3563369444657093e-05,3.51627979174258e-05,1.866370439529419e-05,0.0010736481205123743,0.00039699814803074995,0.0006046295166015625,0.0010809916162500197,0.0003397992615738754,0.00017606467008590698,0.0018904176082476798,0.0006296542224164684,0.00037611275911331177
242,0.0007812838971787694,0.00013294294858372593,0.00024171359837055206,0.00010661519039920075,0.0001508166982355716,0.0003416687250137329,3.323221227431901e-05,1.5014733133764352e-05,9.443610906600952e-06,0.0004758437970936308,0.00029260385964145763,0.0004476625472307205,0.00046509438899321187,0.00025640615381951337,0.0002356208860874176,0.0013592761874318404,0.0003807388790197713,0.0005413442850112915
243,0.0011916997596219114,0.00018742798069041472,0.0001970045268535614,0.0008269502686803765,0.00013393278510217752,0.00026058219373226166,1.8226003436825136e-05,2.4151384692062635e-05,1.6298145055770874e-05,0.0005151084218222718,1.6368295818559864e-05,0.0003606826066970825,0.0007955594243094916,0.0004054313310499144,0.00021111685782670975,0.0007296265321765638,0.0005520080833626624,0.00028285011649131775
244,0.00015888416471368516,2.2419163381567908e-05,0.00019789300858974457,8.606366665317444e-05,0.0001909539194368988,7.625669240951538e-06,1.6749477998378656e-05,2.0092973417949528e-05,2.0544975996017456e-05,0.00023134150491747885,0.000577079615633018,0.0001657232642173767,0.0002519603008918625,0.0003126265630512548,0.0004118671640753746,0.00015133566168298862,0.00015214006911006992,4.06317412853241e-05
245,0.0003628231371777535,0.00023375558823798825,0.0004004891961812973,0.00019114679440612736,5.457942067426877e-05,0.0002410002052783966,2.326843917012031e-05,4.101927908764036e-05,1.8533319234848022e-05,0.000594943975468519,0.00026199097525773235,0.000239652581512928,0.0005578714633894533,0.00012427601988802828,3.90857458114624e-05,0.00025690301343014865,0.0006332777624994384,0.0004258975386619568
246,0.0011268359363299785,0.0003959004512357374,0.00011649541556835175,0.0004885652985427702,0.00020769635563618397,0.0005107354372739792,9.419089901690353e-06,3.0305448525181435e-05,2.065300941467285e-05,0.0009964889495509763,0.00018214031744489406,0.0001793261617422104,0.0011088729250398055,0.000885202440383738,0.0002472316846251488,0.0011580633123450534,0.0004571406118589888,0.0002870596945285797
247,0.00022437129281402401,0.00016487413930511494,4.0840357542037964e-05,0.0001695354474740285,7.955326794795853e-05,0.00019892863929271698,6.144297531606932e-05,1.422671756988209e-05,4.8045068979263306e-05,0.00041100948012676164,0.0008088667038935043,0.000927499495446682,7.537190750628309e-05,0.00017155819312288795,0.0006470931693911552,0.0008622204694525293,4.037429645999818e-05,0.0011890269815921783
248,0.00015770992457389554,0.00011521169419571875,0.0003040879964828491,0.00010992307909735155,0.0001379570053153291,2.4439767003059387e-05,7.317534744057455e-05,2.6725954538612742e-05,1.86823308467865e-05,0.00025138576785863065,0.00031012253309410653,6.430130451917648e-05,6.660666801258652e-05,7.566163576609025e-05,0.000462864525616169,0.00025093793414360244,0.0005462173530820396,0.0003352165222167969
249,0.0001998025102871448,0.00013270378978826047,0.0002187490463256836,0.0006165132107242288,5.595937184952465e-05,0.00018539465963840485,8.288936251759846e-05,3.5870450600646118e-06,1.9218772649765015e-05,0.0009404108531214095,0.00020035519384691697,0.0003009997308254242,0.0007139072186089432,0.00017396771192598054,0.00025088991969823837,0.0011319194136498179,3.691545663972321e-05,0.0008186772465705872
250,0.00015262912372365767,0.0003395346066115308,9.601935744285583e-06,0.0006421854839533114,0.00019552292943252406,0.0003354828804731369,3.3006307736824225e-05,4.182205430676265e-05,6.0696154832839966e-05,0.00039313879111795014,6.879333313420527e-05,0.001050376333296299,0.00042670908395475715,0.000192110407409532,0.0005881786346435547,0.0004810217261503602,0.0005570538756826369,0.0010932199656963348
251,1.44879806198428e-05,7.765720505238313e-05,0.0001570768654346466,0.00015381915496121001,0.0003279302472238843,0.00024692341685295105,3.274472538038718e-05,1.9440111753662873e-05,8.631497621536255e-06,4.167909315791474e-05,0.0001958946407172868,0.0003413315862417221,0.00022536904127050394,0.0006176582564321534,0.0004350394010543823,0.0002306713658484505,0.0003823769887260893,0.0003576129674911499
252,0.0001275132024954606,0.0001819752306908666,0.00015078671276569366,0.0002792304478310137,0.0001967708471795164,4.293955862522125e-05,3.145445322813578e-05,3.8134537404695856e-05,1.6495585441589355e-05,0.0002651606498388706,0.0003869537355106964,0.0001283101737499237,0.0002234220270009024,7.104978675377682e-06,0.0003646695986390114,0.00011774849786247432,0.0005456928703432844,0.00034473836421966553
253,0.0002757399205101374,5.073294182833879e-05,5.342438817024231e-05,1.7040998688599984e-05,3.76534819304733e-05,6.986595690250397e-05,1.0771797085912596e-05,6.874652408175879e-06,2.0716339349746704e-05,0.00030840388921748313,8.865684887556652e-05,0.00020102038979530334,0.00018632399913888487,0.0002445081497416124,0.00017922651022672653,0.00040104000209936763,0.00027327628564521823,0.00032221153378486633
254,0.00016970695005458225,0.0006240627966613184,0.0008787252008914948,0.0007345865948244212,0.0001340658852291704,0.0006271656602621078,0.00010486267178601467,4.696249508107732e-05,2.016499638557434e-05,0.00041892828954737116,0.0007265755111023828,0.00041471514850854874,0.0009542691270435916,0.00046076377006083746,8.9242123067379e-05,0.0007845518080308589,0.000674980204280307,0.00010411441326141357
255,0.00036749333386923433,0.00026457267063328613,0.0007260981947183609,0.0004313733611029935,3.8648338303106516e-05,0.0004534795880317688,7.184432578505491e-05,2.4144389244899094e-05,7.227808237075806e-05,0.0008183556448799895,0.0003591250372424748,0.000260314904153347,0.0006667233248124974,0.0003594181337766775,0.0005954355001449585,0.0009388001916095512,6.433989369574399e-05,0.001145143061876297
256,0.0003744836872461299,9.276004359160678e-05,0.00022040680050849915,0.00016506006557567843,9.047351608543544e-05,0.000199832022190094,4.575221832888582e-06,4.597191669520142e-05,9.90554690361023e-06,0.0003742226940910906,0.0004513152046680957,8.749961853027344e-05,0.00016229425323596725,0.0007008047446317653,0.0004898738116025925,9.056038398363997e-05,0.0007761175967176837,0.00021508336067199707
257,0.0004699743270151213,0.00020364460795838438,0.00016426481306552887,0.0002887128763602864,0.00018766346062065384,5.128420889377594e-05,5.053212306200573e-05,1.8884898186626763e-05,1.7687678337097168e-05,0.00033850011620568943,0.00016164271374472655,7.88811594247818e-05,0.0009551084683596736,0.0004420681383811992,4.5282766222953796e-05,0.00014456051180664065,0.00032441423299623914,0.00012531504034996033
258,0.0005296406115618268,3.2901468028135455e-05,0.00023344345390796661,1.3581666895856603e-05,0.00017406083327105304,0.0003447551280260086,6.336611687415838e-05,2.5137875955549916e-05,1.2852251529693604e-05,0.0001922189408378669,0.00044089500800609943,0.00018324237316846848,6.203498518702472e-05,0.0002584030328205422,4.469044506549835e-05,0.0003985014606025794,0.0004750657903526993,0.000264044851064682
259,3.727761523819595e-05,0.00011140725236995219,0.0001872684806585312,0.00014677518087272134,3.6028030153987395e-05,6.090104579925537e-05,3.802948757715072e-05,4.6508630783276384e-05,3.2164156436920166e-05,0.0002033412869754947,0.0010540829696356405,9.816419333219528e-05,5.321526027693424e-05,8.792800609254414e-05,0.00018539465963840485,0.0006248121265048645,0.0007305559306088915,0.00014040246605873108
260,0.0002356214164533632,0.00032259239487851185,0.0003419704735279083,0.00017729815502942614,0.0003129376424333037,0.0004723258316516876,0.00010348160717065132,1.3305154597829488e-05,1.3582408428192139e-05,0.0002566495185327075,0.0008899016506241572,3.317929804325104e-05,0.0008748881212590834,8.309387016028347e-05,0.0002316134050488472,2.4819282866572756e-05,0.0003851432568405186,0.0005105994641780853
261,0.00021245664729649394,3.871381349723063e-05,0.0001283586025238037,2.7160724550751025e-05,0.00021695459022322283,0.0002514570951461792,4.429188056802487e-05,8.349979536853645e-06,1.3425946235656738e-05,0.00017993936394287285,0.00040951849512557703,0.0001194709911942482,4.437767727538677e-05,0.00011037058878425599,0.0003114044666290283,0.0005893777214719953,0.00023956499632256942,8.56444239616394e-06
262,9.608199648686311e-05,0.0001315950123024455,0.0002576839178800583,0.00010277397255564757,0.00016748777613289842,0.0003495793789625168,2.768486903723978e-05,1.8165028133974425e-05,3.5315752029418945e-06,0.00011472787546276675,8.19855374745021e-05,8.50902870297432e-05,0.00019400442298390247,0.0005292624227350787,6.007961928844452e-06,0.000349344660469153,0.00038964977766947715,9.21785831451416e-05
263,0.0011842149901519772,0.00017359702398487414,0.00023829378187656403,0.001086785277666924,1.0013427490056931e-05,0.00014873966574668884,2.3756042970597344e-05,2.424034685397219e-05,3.8467347621917725e-05,0.0009186202219878675,0.0005345443213392101,0.00016468670219182968,0.0010485754204577966,0.0007999760341396642,0.00029926374554634094,0.000399581197060489,0.000491666382876778,0.0007635429501533508
264,0.000483112490707982,2.8659236531274057e-06,0.00010026060044765472,0.0001444797435422862,0.00017849470731843772,0.0003024209290742874,4.088179333068022e-05,2.4417399889062422e-05,6.1318278312683105e-06,0.0001000965378607846,6.834876129992173e-05,5.4094940423965454e-05,0.00016540309277657955,0.0001183434260538796,0.00031579285860061646,0.00046322118064304196,0.0005552606718605682,0.00023331120610237122
265,0.00032523019586333524,0.00018799714592750497,1.5148892998695374e-05,5.23462920604123e-06,1.4419016973240412e-05,5.245395004749298e-05,1.1305404641186526e-05,1.0948303528477544e-05,6.712973117828369e-06,2.824770240753005e-05,2.667077790521194e-05,2.237502485513687e-05,8.062451943319227e-06,6.335437769098423e-05,8.049234747886658e-05,0.0002189353068579869,7.655600311451622e-05,6.525591015815735e-05
266,0.00014093445929982962,0.00027824406492895845,0.00026412494480609894,0.00022819211696120667,9.859205212795624e-06,0.00010013580322265625,9.582611529789647e-06,1.4507560082440904e-05,2.1245330572128296e-05,0.0001808209544113884,0.00044682781083551365,0.00014485418796539307,0.0003103095022722671,0.00036298338271820163,0.0003947503864765167,5.356406504364308e-05,0.00024366008428079776,0.0004248768091201782
267,0.0003550978550861117,9.343980868536592e-05,0.0002281293272972107,0.0003643215997478355,0.0002035341106553755,0.0002422519028186798,2.04260695364257e-06,3.085082558507748e-06,1.5951693058013916e-05,0.00023066908603384256,4.106738700194318e-05,1.8027611076831818e-05,0.0004699301933189723,0.00010798461649719898,9.357929229736328e-06,0.00022235166869158385,9.909390061993775e-07,0.0004498288035392761
268,0.00033198515072307977,4.954001613068082e-05,4.847906529903412e-05,0.00048548532041953196,4.701322274805464e-05,0.00016034208238124847,1.0906756640005622e-05,1.3570155070440613e-06,1.3340264558792114e-05,0.00031226091719873533,0.00010565759450313628,0.00010937359184026718,0.0005977188329354052,0.00015857907964557383,0.0002771373838186264,1.7749981888803834e-05,1.746414717223319e-05,0.00014761090278625488
269,0.0001131440856181054,6.344992958019768e-06,0.00021711550652980804,0.000405192767259116,5.166194158310461e-05,0.00030311010777950287,1.8849540618192176e-05,2.7929403089376435e-07,2.808868885040283e-06,7.153779428052676e-06,0.0001961297399482101,0.00022647622972726822,0.00024239255820355382,4.167046933852697e-05,0.00033663026988506317,0.00020895963970368747,2.957281045227805e-05,0.00022735074162483215
270,0.00036515374188805794,6.290764234155241e-05,0.0002950206398963928,0.00042249825428183896,0.0001860927314833137,0.0002996046096086502,9.904746283775911e-07,1.0232051959085166e-05,1.2218952178955078e-05,0.00048303020133187713,6.353464820894883e-05,0.00010633561760187149,0.0008026046712689625,0.00041221722841795067,0.00012959539890289307,0.0006361194813151172,0.00010114425647810444,5.6803226470947266e-05
271,0.0002018598370999436,7.848616778467765e-05,5.4309144616127014e-05,0.0005341676980029353,5.9084889116833156e-05,0.00013073161244392395,1.4682552227248541e-05,2.606230767015382e-06,2.175942063331604e-05,0.0002028384509130468,0.00026308865603406895,0.0003154585137963295,0.0004638026417490837,0.0005021096981441195,0.00018441304564476013,0.0002996942317599338,1.1678730175750801e-05,0.0004916079342365265
272,0.000400186293239041,0.00048313725821626935,0.00026345066726207733,0.0003810744919303666,9.38631460645177e-05,0.0006441567093133926,3.1147242497208544e-05,4.8884953021834126e-05,3.543868660926819e-05,0.00044214767092329993,0.0009756521001172275,0.0005259104073047638,0.0003091687018851111,0.0006242212920127346,1.6901642084121704e-05,0.0009021520866645816,0.0006801737198803472,0.0008961670100688934
273,0.00013961364049561165,0.0002158770596381171,0.00030710361897945404,0.0002617470876675465,9.447008971702475e-05,0.0005287285894155502,1.1135931180518768e-05,1.783799025082593e-05,3.451108932495117e-05,0.0005779723505837039,8.152227767326686e-05,0.00021556392312049866,0.001222343357387759,0.0008326820927694878,0.00012644007802009583,0.0006323128612001072,0.00031410593691134307,0.00035430118441581726
274,0.00034818840964531694,8.654983270510105e-05,0.00015918351709842682,0.0003580311623244403,4.796445894055673e-05,0.00012662820518016815,4.097868714852959e-05,1.3844612605558619e-05,5.893409252166748e-06,5.343573609818686e-05,0.00043178412187659665,0.00028644781559705734,0.0003411789920140726,0.0002767527839886916,0.0002282559871673584,0.0011482694514676761,0.00019180730566233702,3.9968639612197876e-05
275,0.0003214923898132438,7.164617020044214e-05,0.00044821761548519135,0.00026756414275902474,8.692937115904395e-05,0.000598859041929245,1.1505297047076368e-05,1.815442766453485e-05,5.906447768211365e-05,0.0005725814693629261,3.268187854003901e-05,0.000914011150598526,0.0008721987699139636,4.998980887146315e-05,0.0006805397570133209,0.0003001376656754373,0.0002817164606111469,0.0013543590903282166
276,6.921139166990442e-05,4.8163517429446884e-05,0.00014143623411655426,6.265137351255112e-05,9.991303810560556e-05,0.00019125454127788544,2.899101019368175e-05,6.303485450187194e-06,3.1717121601104736e-05,0.0004580632915869298,0.0004199302823233858,0.0004276363179087639,0.0002723807046321261,0.0005965312669856115,0.00035201385617256165,0.0003080986964077437,7.239491113151132e-05,0.0005332715809345245
277,0.00011495184530746494,0.00011449679265143273,0.0003141239285469055,0.0001342161698396349,5.1898743175193135e-05,0.000445045530796051,4.688488575683124e-05,5.069028132871644e-06,2.905726432800293e-06,0.0002510398747310946,0.0004870873145533666,8.722487837076187e-05,0.0002885724282897101,0.00010107103747145074,0.00025939568877220154,0.0005064262169089673,0.0001307184419881346,9.52407717704773e-05
278,5.56942053405729e-05,8.950067872234499e-05,8.656270802021027e-05,0.00021678029005875454,5.9723129838349515e-05,0.00015526823699474335,2.23795965359104e-05,1.3183568473199502e-05,1.5776604413986206e-05,7.3998734669150634e-06,0.00046358821377529,2.3822300136089325e-05,0.0003793106374149688,0.00036687679942291884,9.337626397609711e-05,0.0002682920518293219,0.0002145422925036401,0.00016814842820167542
279,0.0003230755160311405,0.00037488520792950536,0.0005789231508970261,4.258905369641797e-05,2.2673180917479746e-05,0.0007153283804655075,8.011869642758629e-05,6.920370568173364e-06,6.47231936454773e-05,1.093769654970933e-05,0.0003216619085655639,0.0004293769598007202,1.3288442905566578e-05,0.00016620879048674653,0.00020381435751914978,0.0009124207821920582,0.00010242596623657486,0.0009949691593647003
280,9.835308192129855e-05,0.00015351199161692947,0.00021884404122829437,3.7134940356564616e-05,1.7469183653615744e-05,0.00031718239188194275,2.0234198574808557e-05,1.3926269262037026e-05,1.1738389730453491e-05,3.941050692496395e-05,6.94733764830327e-05,0.00018152594566345215,2.3835573166597346e-06,0.00034502794925583835,4.380568861961365e-05,2.3307764943303333e-05,9.48494194820907e-05,2.4762004613876343e-05
281,0.0006204320573321431,7.269913397725536e-05,0.0005206950008869171,0.0003550649556267882,0.00010053732486167699,0.0005396250635385513,6.512025302185878e-05,2.723219483301699e-06,3.062933683395386e-05,0.0002642310615626822,0.00037821414907689144,8.477829396724701e-06,0.0005686624845702912,0.0001359945699291945,5.163252353668213e-06,0.00047812146361311814,3.508569349011236e-05,0.0005159676074981689
282,1.9702069997046268e-05,3.9582550740692446e-05,0.00017725303769111633,2.1708150981875063e-05,5.2427541441014275e-05,0.00016135536134243011,2.5619380583742635e-05,5.685678824071292e-06,1.3239681720733643e-05,0.00014841844837212848,1.6723378557070845e-05,5.106162279844284e-05,0.00017899247316595368,0.00040729324848880893,5.3627416491508484e-05,4.934538549483669e-05,9.645394493603809e-05,0.0003020577132701874
283,0.00018162592927054022,0.0001293172473869099,1.247599720954895e-05,4.0190936976325364e-05,0.00014474316215425456,0.00012476369738578796,5.505038323250222e-06,1.5789791232388955e-05,1.3075768947601318e-05,0.00011117281129224138,0.0005917302264808119,0.0003864103928208351,0.0005404900117413,0.00013612099663213445,0.00021266192197799683,0.0012720362731485357,0.00026762738086359185,0.0005548931658267975
284,0.0002513569760221046,8.555615386444948e-05,0.000834491103887558,0.00015382553395598686,0.00013213229100770413,0.000843515619635582,0.00015514965046935746,1.4940092945958292e-05,9.393319487571716e-05,2.1714314973282633e-05,0.0004893540457995144,0.0009139180183410645,0.0002411827316471729,0.0002495815928492823,0.0008644964545965195,0.0002347474518374082,0.00026600934516960145,0.0019566118717193604
285,8.12262710765399e-05,0.00014614181196783566,5.4387375712394714e-05,0.00016947496053731914,8.904868791439688e-05,0.00011259317398071289,3.267699567020485e-05,7.2042625704016945e-06,1.115351915359497e-05,0.0004164951570888101,0.0005157986909127971,0.00019896682351827621,0.00030204639464643385,6.503567648259018e-05,0.00026606209576129913,0.0008401759789430363,0.00013101412976461013,5.889683961868286e-06
286,0.00025530278742846857,0.00033552828239516094,0.00012876838445663452,0.00027959783248349135,0.0003712572855800386,0.00018241442739963531,1.6406896460097187e-05,2.187261565419037e-05,2.1494925022125244e-06,0.00025060168382611686,0.00032614821005030187,4.4714659452438354e-05,0.00016104511056169724,0.0003190781600807338,0.00016601569950580597,0.00010400885524619596,0.0003946093260151504,0.0003657490015029907
287,0.00012133423740900984,0.00017971056672283145,0.00011544302105903625,0.00017497616636633073,3.175558905751594e-05,5.216337740421295e-05,2.126534256949482e-05,1.9405630700427114e-07,1.111254096031189e-05,1.2823773879927503e-05,2.5376804415798426e-05,1.058727502822876e-05,0.00013627011199589256,0.00025579431542196995,8.350983262062073e-05,0.00033903697282802736,3.9461255015774306e-05,1.611188054084778e-05
288,0.00025168522987223385,7.433915256434276e-05,0.0003152173012495041,8.511605000310896e-05,2.0478949943041752e-05,0.0004172585904598236,4.7299534194591986e-05,1.902661751572134e-05,3.777816891670227e-05,0.00013678977110447715,9.080693249138849e-05,0.00026996340602636337,4.242016963704881e-05,4.8439440823194735e-05,0.0001560896635055542,0.000553231154315631,0.0003957860233430111,0.0005055144429206848
289,8.446819096258329e-06,9.257446066449071e-05,2.413429319858551e-05,1.4318521880996027e-05,5.662374148701285e-05,0.00010779313743114471,3.221648828875996e-05,1.1968366748167647e-05,1.4789402484893799e-06,4.774380375584253e-05,0.00039779816235232385,7.922016084194183e-05,0.00012418207936740894,5.8153502235251675e-05,0.00025425851345062256,0.00024018757150534586,0.0001357610467791993,0.00018120557069778442
290,0.00037616644415933154,0.00023801247487400395,0.00021201372146606445,0.0005710462978662234,0.00015815258545062716,0.000116029754281044,2.057189215283646e-05,7.687028251900097e-06,5.401670932769775e-07,9.346447032917288e-05,3.879334577364113e-05,0.00025963038206100464,0.00026730477294233806,5.6506360823625756e-05,9.864196181297302e-05,0.0009102442166284419,9.468412591998997e-05,1.2584030628204346e-05
291,0.00042960675035971785,0.00023734080673476488,0.0006133504211902618,0.0006442091166842523,0.0005238848430216304,0.00039169006049633026,8.268394299842767e-05,3.0883513879638815e-05,2.144649624824524e-05,0.00024312260344305087,0.000987980167547614,2.7148984372615814e-05,0.0007228919745245338,8.286946451423194e-05,0.00032035820186138153,0.00010115819990172414,0.000523881916557483,0.000261455774307251
292,7.380093674483335e-05,0.0004614157904051022,5.124881863594055e-05,8.87285849767161e-05,0.00012515800214639092,0.00015023909509181976,2.0884580828051114e-06,1.2916574635533245e-06,6.102025508880615e-06,0.0002882468044989664,0.00032895768808934717,0.000361747108399868,0.0002961248968566463,0.00012570234860364432,0.000497329980134964,0.0010605062163457357,3.4995072459464115e-05,0.0001062154769897461
293,6.117499425994932e-05,0.00018638750837150775,5.506351590156555e-05,0.00030008059080144367,3.4251005064874634e-05,7.14082270860672e-05,5.563013380484316e-06,5.2688937555081376e-06,2.2199004888534546e-05,0.0003567329693285187,2.6080200264885778e-05,0.0006549227982759476,0.00058561201699215,1.9267299288375228e-05,0.0006221085786819458,0.0007171626248396734,8.489280625701605e-05,0.0003994479775428772
294,0.0007610418454744583,0.0001152257199324852,0.00024286657571792603,0.0006735844662961732,0.00011900207928291703,0.0004676617681980133,7.2106700746820546e-06,1.8608704315040462e-05,4.859641194343567e-05,0.0002775573717764268,0.0005719903718646516,0.000407475046813488,0.0003425010552967206,0.00023150748908835894,0.00012684054672718048,2.9825276979700277e-05,0.0004051573167940781,0.0009263008832931519
295,5.689636652761454e-05,0.0005645362300906349,0.0003289729356765747,1.5186852018511665e-05,1.3031011075484433e-05,0.000789666548371315,8.814335111680463e-05,3.2729473018020374e-05,4.819035530090332e-05,0.0003354851649175136,0.000754980345070197,0.0004219887778162956,0.0001269514998582591,0.000489935685661573,0.000965731218457222,0.0004291688310038566,0.0003307220623675975,0.0014065355062484741
296,0.0002231232383060333,0.0010632461862993756,0.0002569761127233505,0.0010665793986291416,0.0007187993647237746,0.00038289837539196014,9.632298126350733e-06,1.569272032172383e-05,1.889839768409729e-05,1.939067034006925e-05,0.0005578293779992319,0.00019913166761398315,8.804665252089977e-05,0.0006420676833887584,4.669651389122009e-06,0.0006938924437521754,0.0003584337061493569,0.0006981007754802704
297,0.0004022398695896767,0.0006706039371296817,0.00019508972764015198,0.0003496385868128338,0.0001814228113644241,8.057989180088043e-05,1.5425589425990122e-06,3.18387109372271e-05,7.91996717453003e-06,0.0006363614518044222,0.0005567815606660198,0.00016823876649141312,0.0008181762471115989,0.0008239584292113813,7.309392094612122e-05,0.00028968833268916416,0.0005427919610656393,0.0002925656735897064
298,0.0008857098288024279,0.0005684187812670036,0.00020077452063560486,0.0009248379518115857,0.0005612921768428404,0.0005299616605043411,2.947837158394362e-06,3.335408077342238e-05,4.861503839492798e-06,0.0010473252323978804,1.3792605273676983e-05,0.00015253201127052307,0.0010170932353599713,0.0004984368401877923,0.0006227660924196243,0.0013532804457008218,0.0003465145783585516,0.0005042925477027893
299,0.0005739232886447232,0.00034598911309610333,0.00013688020408153534,0.0008337557295484133,0.0003640488675855959,0.00036888010799884796,9.090671038399466e-05,3.242844525323791e-05,2.354755997657776e-05,1.1318856347732054e-05,0.0010954327950927004,0.00048352591693401337,5.401659927047747e-05,3.7337200921513936e-06,0.00014243461191654205,0.00024190327741727136,0.0005480834847982753,0.000693105161190033
300,0.0007872951739124889,0.00017307238455566143,0.0001074131578207016,0.0005578741977029511,9.029114179085959e-05,0.00010010413825511932,2.0139238292074188e-05,1.1565930097754296e-05,1.638755202293396e-05,0.0005695523131267685,0.0005795024797488751,0.0001365048810839653,0.000426746695640641,0.0002703051320805949,0.00015520304441452026,0.0002131344432685922,0.0003342160055065371,0.00012828782200813293
301,0.0002333094428097482,0.00011185970055944267,0.0001524314284324646,0.00015096120562987925,0.00011238754432900053,0.0001808907836675644,7.520201993830612e-05,1.4499027557589252e-05,3.127381205558777e-05,4.074927962579439e-05,9.717694328365001e-05,0.00034907180815935135,0.00020602294874217525,0.00013664726999806226,0.00027206726372241974,0.0007547346540330291,0.0001859673469465986,0.00057997927069664
302,5.0084429725788526e-05,0.00010502824664995747,0.0001539960503578186,0.0003228318684402598,8.300615672387351e-06,9.261257946491241e-05,2.3802896070811153e-05,9.160059696333651e-06,1.341104507446289e-06,0.000137171081317361,0.00039192667654289887,0.00010309740900993347,0.00010745357254406118,5.739429493165776e-05,3.275647759437561e-05,0.00014726633388040256,0.0001495970880394013,0.00016313046216964722
303,0.00047980867406927086,0.00013584932524375593,7.236376404762268e-05,6.868894474576503e-05,1.5715989120097806e-05,3.5565346479415894e-05,2.864198247814337e-05,1.625107832913932e-05,1.5467405319213867e-05,0.000534965071608641,1.853157011207779e-05,2.65706330537796e-06,6.933558279471203e-05,0.0005629855697207378,0.00016199611127376556,0.000281311897881692,0.00025864469793919183,0.0001974254846572876
304,0.000425842707509394,0.00023145760131919324,6.108731031417847e-05,0.0005945453473168438,0.0001758767587377863,5.580298602581024e-05,1.417736780614208e-05,2.3396030353154415e-06,1.1362135410308838e-06,0.00042792872760792633,0.0002972452861430483,0.0002402178943157196,0.00020828159685266912,7.762199190384372e-05,0.00026112981140613556,0.0009480566439379612,0.00014944163933122787,0.0005566738545894623
305,0.00013059845412224935,0.00018569164049614048,0.00015662983059883118,0.00023704226434875797,1.036463841454227e-06,0.00022648274898529053,1.3959041367871822e-05,2.007426773003706e-06,2.8721988201141357e-06,0.00012930519683584246,0.00013217561359790686,0.00020814314484596252,3.4802492001620444e-05,0.00011399197346805001,0.0002735406160354614,0.0006560564255187751,0.00011648665558421523,0.00011735409498214722
306,2.4656670837702732e-05,4.859093885214993e-06,0.00020611844956874847,9.47331860349232e-05,7.740908407371377e-05,0.0001267511397600174,3.3786732259958457e-06,1.2933588882177742e-05,1.2468546628952026e-05,5.360336723033571e-05,0.00019707023972320714,0.00012322049587965012,2.3465696657794244e-05,0.000274811607422841,3.2106414437294006e-05,0.0012147339528729983,0.000299569498191609,5.85801899433136e-05
307,0.0001855686865852857,0.00011302813017391097,1.5791505575180054e-05,4.013923697504529e-06,3.277772226710496e-05,9.354948997497559e-05,3.828724388087179e-05,3.159883556200563e-06,1.0695308446884155e-05,0.00016245337379543895,0.0003659472889812887,0.0003671925514936447,0.0002229223048980794,0.0001919544438691856,0.00025721266865730286,0.0010208887355282192,6.810736743903967e-05,0.00018518045544624329
308,0.0005722099335016273,0.0001497473426287678,0.0004770345985889435,0.0006808408839356628,0.00011586901317218665,0.0006673559546470642,2.4281312451197856e-05,2.4078967183111942e-05,5.833432078361511e-05,0.000560884146140507,0.00012663858449303567,0.0002880338579416275,0.001218419555631546,0.0005290799723024625,3.2842159271240234e-05,0.0001293830369370752,0.000248092055069888,0.0008631348609924316
309,0.0001350729137108153,0.00010754401720471443,0.00028892792761325836,0.0001713101891342994,3.732879782052806e-05,0.0001681707799434662,6.555892358607249e-06,1.7417439200848907e-05,3.1385570764541626e-05,0.00036123495897513735,0.00020107599882370625,0.0003077946603298187,0.0003973723111245081,0.0001052777204245195,0.0004924274981021881,0.001096389499559619,0.0003957150818150162,0.0006448253989219666
310,0.0005659571171902078,1.2826573470976071e-05,0.0007622428238391876,0.00033349281469857717,0.00010257009967323122,0.0007157456129789352,8.001643248164818e-05,1.2596996773597417e-05,9.20705497264862e-05,0.0007403411813927119,0.000582406784992287,0.0009587500244379044,0.0002328344198532506,0.0008168121794673022,0.0010065138339996338,0.0010323337247556963,0.0003151114539373537,0.001534242182970047
311,7.31779323111803e-05,0.00010292978041024498,4.537403583526611e-06,0.00039279891317414717,6.035327231519033e-05,0.00012968480587005615,8.892551179485661e-06,1.846065712294152e-05,1.2267380952835083e-05,0.00031959222512790986,0.00014492602593903225,7.363315671682358e-05,0.0008274333166414377,0.00023757882891271148,0.00013590790331363678,6.327954101736921e-05,0.0002967039690803452,0.00027981027960777283
312,0.00015563035039684037,6.514915346946676e-05,0.00015971064567565918,0.00022323961983042317,7.553414795684332e-06,0.00013806670904159546,3.5931640589971156e-05,4.615017725222354e-06,3.643333911895752e-06,0.0003220947195168439,0.00039819119936246317,0.0002629319205880165,0.0006711562808511054,0.00045395119126735717,0.00024973228573799133,0.0005505797454512795,0.0001637403360221319,9.935349225997925e-06
313,0.0005767490834809874,7.959970649531328e-06,0.0005271192640066147,0.0006788528956715723,4.331590445135966e-05,0.0005188640207052231,2.6952716732267512e-05,1.005759053651265e-05,7.31535255908966e-05,0.0008466813556876202,0.0005059847365387823,0.0009107505902647972,0.0012517387722528056,0.0006084200225398434,0.0008895434439182281,0.00016073232474117516,0.00019380617920525473,0.0010415427386760712
314,0.0008137511486802917,6.960837206792039e-05,0.000171661376953125,0.000906202868222683,3.923234665105871e-05,3.603100776672363e-05,0.00010846105901287165,2.6283860546577755e-05,1.9256025552749634e-05,0.0003818640511130608,9.768807600573498e-05,0.00040656235069036484,0.0013030405123751199,0.00012607894299285216,0.000134175643324852,0.00024406259922712947,0.0003185431875072577,8.834525942802429e-05
315,0.0005602018771459494,0.0001193207398108645,8.364394307136536e-05,0.00015147740498930307,0.00017536567196180936,0.0003114324063062668,6.897970670301581e-06,2.4180914917317934e-05,1.6614794731140137e-06,0.000260128391951768,0.0005910457792696056,0.00011897645890712738,0.0002596669851694586,0.000999759282362997,0.00039027445018291473,0.0007782081569923383,0.0004801741253677278,0.00016100704669952393
316,0.00014116797247973323,7.302513152468437e-05,0.00021433643996715546,3.94661682047992e-05,3.620478508548075e-05,0.00011693499982357025,4.422601051767838e-05,1.752222625026818e-05,3.643706440925598e-05,6.841851271448957e-05,0.00040688736817457577,0.0003704577684402466,3.258673508976795e-05,0.0002097887622879574,0.0004662461578845978,0.0004692559577330613,0.00031551894248520174,0.0010413974523544312
317,0.00012976872076680968,2.3546160153868623e-05,0.00027806684374809265,0.0001969888781019058,5.9236971910986425e-05,0.0003416817635297775,7.89701776355671e-05,7.774799535351822e-06,2.962350845336914e-05,0.0001048629506362822,0.0001796071296533211,0.00021263211965560913,6.80130562387346e-05,0.00036293762945160263,0.0001413188874721527,0.00042670759840116035,3.926729712335061e-05,0.0005042366683483124
318,0.0006490505770556099,6.24472603183851e-05,0.0002543441951274872,0.0005510764037254257,3.2096575779631126e-05,0.00019531883299350739,6.466891603847114e-05,9.299094285191437e-06,3.152340650558472e-05,0.0005786589331843381,0.0003230647595653738,0.0003611687570810318,0.0007834338187723139,0.0006084886229041978,0.00044784508645534515,0.00026173372711346676,0.0003445269426273008,0.0005285255610942841
319,0.00016017178143412636,7.165620787660809e-06,0.00013462640345096588,8.624536932083648e-05,1.2375220315864743e-05,0.00015356391668319702,2.4634620110635524e-05,1.1135481671169646e-07,2.074986696243286e-05,0.00014719833898226703,8.02062114327387e-05,0.00029551517218351364,0.00011420497565890059,0.00041752664603653816,0.00024842843413352966,0.00022237721935153276,0.0001317298388815221,0.00035544484853744507
320,0.00014209191961386813,7.549638868320496e-05,1.5329569578170776e-05,4.4298124454916765e-05,3.9020832262356975e-05,3.064796328544617e-05,2.0741973142392525e-05,3.268160182548984e-06,4.030764102935791e-06,0.00011762585784236279,0.0003441166974069848,0.00021397043019533157,6.041030101221895e-05,0.0002487909864126586,0.00016628578305244446,0.00035003790965740245,4.835075769521555e-05,6.556510925292969e-05
321,0.0002355308456864491,2.34213952703885e-05,7.582269608974457e-05,0.00012337964386682776,0.00021476926959259832,0.00011839345097541809,5.552545939720849e-05,2.097457333610405e-05,3.926455974578857e-06,0.00017869795767524316,6.811870459879493e-05,9.740609675645828e-05,0.00036956729367301766,0.0006605486989917156,0.00033417902886867523,8.910285286997666e-05,0.0004421397635489552,6.363540887832642e-05
322,0.00012931190897966238,3.253450926072807e-05,0.0001352895051240921,0.0002538322971766538,3.3625534547696706e-05,0.00021088868379592896,2.6176210304281952e-05,5.716917061269667e-06,2.8915703296661377e-05,0.00021983946118614428,5.4358425904690866e-05,0.0004807179793715477,0.0002368342329888487,0.00034608170893988405,0.0003467220813035965,9.94708450163806e-05,0.00011239793957214142,0.0005212053656578064
323,2.8178451348670475e-06,0.0002615980404215845,0.00020795315504074097,0.00012872051446896626,3.5448892811065086e-05,1.315772533416748e-05,1.9468891934834934e-05,2.456849430010066e-05,1.4852732419967651e-05,0.0003212715594244561,0.0004758155705840983,1.8992461264133453e-05,0.00044492168873688787,0.00014553773878966947,0.00027821771800518036,0.0008500734201884186,0.0004103354464635061,0.00015418604016304016
324,3.058060205085589e-05,0.00013953451598172975,0.00020988285541534424,0.00011997292538126758,6.778593014511447e-06,0.00030339136719703674,4.938991533154531e-05,1.6083104880987889e-06,2.205371856689453e-05,0.0001860670123032468,0.0001692756261770928,0.0001514386385679245,0.00017601058656017965,0.0002969091156900458,5.700252950191498e-05,0.0008735081442433901,0.00017811725575478453,6.293877959251404e-05
325,0.00022163104788250343,0.00034790062208969394,0.000146498903632164,0.0003078481698605695,4.164691494694048e-05,0.00031854771077632904,6.630168837188331e-05,1.5480989308947407e-05,1.7274171113967896e-05,0.0001273495064091773,0.000691322455221334,5.021784454584122e-05,0.00012335708614796825,0.0007340633952730782,0.00017371587455272675,0.00034706374183132715,0.00021261115210949853,0.00013739615678787231
326,0.0003920087396721561,0.00031990334648158633,0.000675451010465622,0.0007846190818907861,0.0001939777865903533,0.0005029737949371338,0.00012829107387420276,4.2998227350994365e-05,2.9981136322021484e-05,0.00013363455477008457,0.0008739054657054823,0.00012799352407455444,0.0002529768857462561,0.0002783801431186367,0.0001470707356929779,0.0005131944067426342,0.0006848006076179724,0.00043910369277000427
327,0.0006837137960301609,0.00023926411406429218,1.9848346710205078e-05,0.0005319421669215396,0.0002191358590243643,0.0002081841230392456,3.431320789057217e-05,2.092613691680878e-05,3.203749656677246e-05,0.00010972347702876972,0.00022405729928792056,0.000419028103351593,0.0004698384440832079,8.724395560136267e-05,0.00017429329454898834,0.0006284605375510011,0.00031132272834108595,0.0008650645613670349
328,0.0003836341987454306,0.00014093882349293374,0.0005079004913568497,0.0008514052288106366,8.486675920820266e-05,0.0002658199518918991,5.53731251718495e-05,2.7678488774560717e-05,5.920231342315674e-05,2.2190609395289496e-05,0.00028096486663419656,0.00017076358199119568,0.0009698075613107648,0.0003583835100650218,0.0005372362211346626,0.00013449396589665374,0.0003038003036352115,0.0010592713952064514
329,0.0004086618445851009,0.00028949141234363776,0.0003321431577205658,0.0005184617490205379,0.0003208515787662611,4.1719526052474976e-05,5.278088102821099e-06,4.7108225191192107e-05,1.4565885066986084e-05,0.0002855915102779952,0.0003809057153205328,0.00024196971207857132,0.0006455758207013773,0.0005704093484271144,0.00014807935804128647,0.0007342760853977226,0.0007420078962380144,0.00011233240365982056
330,0.000347768716296909,8.119097302853803e-05,0.000867057591676712,0.0004196109388756586,0.00020551594824134295,0.0006812550127506256,6.711411741600753e-05,3.820996515933902e-05,5.292519927024841e-05,0.0002628358128839506,0.0003257558222801993,3.1910836696624756e-05,0.00011457951790573573,0.0002648750822316706,0.000257209874689579,0.00017751068885032972,0.0005706519423955203,0.0010334886610507965
331,0.0003054713165643319,3.753788963253499e-05,0.00013442523777484894,0.0003726888102567605,6.727960445836179e-05,2.282857894897461e-05,2.696612090307554e-05,5.488123635393616e-06,6.921589374542236e-06,0.0005603942224151684,0.00031616507470830224,0.0002724546939134598,0.0005788296238897969,0.0005841510033234229,0.00013699475675821304,0.0002533418313546143,0.00014204742698162884,0.00034138187766075134
332,0.0006158612029857624,0.00019031823729187894,0.0005192011594772339,0.0004318752706533313,8.658352165351324e-05,0.0003979392349720001,0.00012402134655502793,3.9612588279896e-05,4.49642539024353e-05,0.0009443055396813754,0.0005635772630210034,4.082918167114258e-06,0.0012495174139791898,0.0003009401675691803,0.0001898258924484253,0.0009695441622046552,0.0006493014160779337,0.0008473843336105347
333,0.0007800689895166857,0.00021350518343356273,1.3671815395355225e-05,0.0007631514188632671,2.438561699361075e-06,3.393925726413727e-05,1.4388300445870167e-05,1.6887940705236326e-05,7.5623393058776855e-06,0.001018681856325511,2.5213449581618086e-05,7.0914626121521e-05,0.000932268367235721,9.068895554883993e-05,2.6870518922805786e-05,0.00020110979171594767,0.00011703371928723514,0.0003108605742454529
334,0.0012534530719827408,0.00016994142650522334,0.00034908391535282135,0.001006696080608327,8.786937381141668e-05,9.963661432266235e-05,5.7709172434118605e-06,8.6826758153335e-06,7.517635822296143e-05,0.0008389159788391443,9.73498547724369e-05,0.00093816127628088,0.0017895922443718834,0.0006073813420556518,0.0012193964794278145,0.0004223008276734441,8.281141871259272e-06,0.0018404275178909302
335,0.000814700393593687,0.00012576526057580736,0.0005806535482406616,0.0004803835660237288,0.00011368639490450319,0.0007371976971626282,8.602280369233474e-05,2.4036220004729995e-05,9.858235716819763e-05,3.534221906301149e-05,0.0002944927717154072,0.0010665319859981537,0.0006773466639072995,0.00022922209475274152,0.0008454043418169022,0.0009784314361338253,0.0005986990017114056,0.0017796047031879425
336,0.0001831705879519474,0.00018406062495049044,4.180334508419037e-05,7.933206950203053e-05,4.352896332688108e-05,0.00014442205429077148,2.0803489015818952e-05,2.9133464917813077e-05,1.9222497940063477e-05,1.299200384476118e-06,0.00016687537961691812,0.0002771737053990364,0.0003232602770953316,3.966806784675564e-05,1.9991770386695862e-05,0.0005170697264867408,0.00042333038028617665,0.000516992062330246
337,6.536375745086476e-05,3.949279016501883e-05,4.4990330934524536e-05,9.462219532790916e-05,0.00011429164374766529,5.727261304855347e-05,1.4479166375671454e-05,3.853985303701725e-06,1.8250197172164917e-05,0.00019406185460600633,6.38175465311891e-05,0.00013837125152349472,0.0006453478450603733,0.0007445050791892657,5.8346427977085114e-05,0.00035896644395802535,4.9050354616393677e-05,4.120171070098877e-06
338,0.00020237415263973935,0.0002211485913427222,1.4215707778930664e-05,0.00035417756826908176,0.00013014984366867613,0.00013281218707561493,3.0007592161028843e-05,1.9292908051260504e-05,2.641230821609497e-06,0.0003807228816865224,0.00028507375535549023,4.724320024251938e-05,0.0006926863676369049,0.0007887788412417537,0.00019355863332748413,0.0009736397301070565,0.00026408030917301865,0.0003407597541809082
339,0.00019957144787188796,0.0004150491380541903,9.540468454360962e-05,0.00010070151716581877,0.00023786581152228023,4.296936094760895e-05,8.519846028982349e-05,2.0903970035017006e-05,4.856288433074951e-05,0.00022254825311916054,0.0002466053487717515,0.0004152357578277588,0.00036183009702800417,0.00030964226740633205,0.0002477988600730896,0.0005626247558799535,0.00032873172290517894,0.0007324442267417908
340,0.00052688375828705,0.00031676813771139983,5.350261926651001e-05,0.00019291531116619187,0.0003230866222837768,5.119293928146362e-05,5.932324521967618e-05,2.5848266074949346e-05,0.0001586340367794037,0.0005448646679390157,0.0004752029310997191,0.001631936989724636,0.0002381073648539539,0.0006189892810058301,0.0015239007771015167,0.001077531362349643,0.0006626050647976184,0.0029591135680675507
341,0.0015831578270687485,0.0008764084786162876,0.000990426167845726,0.002244184242885916,0.001201477546895386,0.0013422667980194092,7.3781045954474794e-06,1.4869929222069037e-05,6.736814975738525e-05,0.0014477852428233101,0.00032492435443089857,0.0005761543288826942,0.0010633577731836916,0.0002702153451865155,0.00010756216943264008,0.0012209890066163243,5.021793063307795e-05,0.000997208058834076
342,0.0007963785745385421,0.0011980113716566626,9.328871965408325e-05,0.0016091656551263378,0.000147424581837894,0.0004133787006139755,8.487089375418949e-05,3.194950389292855e-05,3.896653652191162e-06,0.0003856876106693302,0.0006313338384533115,0.0002065887674689293,0.0006259731046848738,0.00026793364701974826,0.00026290304958820343,0.001332700221445382,0.0006675654020788754,0.0007132366299629211
343,0.0014279509614012753,0.000262052357580686,4.714168608188629e-05,0.0018471206315738842,0.0010214680488182838,0.00019005872309207916,5.1502884866988854e-05,2.5000886227616423e-05,4.279986023902893e-05,0.0013945392644479915,0.00012845272102845334,0.0005777478218078613,0.001497142585058897,6.87439785092836e-05,0.0003793742507696152,0.00022321120910548387,0.00014748826044698351,0.0010670647025108337
344,0.0006202891357820206,0.0004844583746162548,0.0004186369478702545,0.0004005609377000785,8.881291776361225e-05,0.00037613697350025177,1.042588544172482e-05,1.7442533970935204e-05,6.802380084991455e-06,0.00019016593698834017,0.0005898260396088803,9.970646351575851e-05,0.0007170549880404775,0.0009121764744396549,3.171060234308243e-05,0.0011302494977124544,0.00048618841271629975,0.00038977712392807007
345,0.0007218363240042158,6.38930533234279e-05,0.0002683643251657486,0.0005512240690969394,9.086092400228257e-06,0.00013966113328933716,3.757921982990367e-05,8.003546177860396e-06,3.369152545928955e-05,0.00010475310720189923,2.0469027444215693e-05,0.00031423382461071014,0.0007363535949100469,0.0006756007457535407,0.0004464210942387581,0.0005392463297225758,0.0002458314118458701,0.0008781850337982178
346,0.00023851872896338278,9.604985767727031e-05,0.00013272278010845184,0.00011284693567889525,4.366030465597151e-05,0.00015208683907985687,3.4634744731573686e-07,9.291133736035622e-06,1.3887882232666016e-05,0.00013095346993244328,0.00011643843494747036,0.00011121667921543121,0.0005452162357800772,0.0005545206344045317,0.00011730659753084183,0.00047318032248655495,0.0003380040312551628,0.00015464425086975098
347,0.00040906643228888484,7.483903225409538e-05,0.00010800361633300781,0.0005574362476432615,1.8813038778719288e-05,3.9828941226005554e-05,6.473766319598645e-05,8.094895772469324e-07,6.474554538726807e-06,0.00025701846765282393,0.00011760272175782155,0.00014099571853876114,0.00046036689563562494,2.8008943598792357e-05,5.719717592000961e-05,1.2307456921434312e-05,7.012938750478948e-05,0.0001564323902130127
348,0.0002538023277708912,0.00014545839985374842,0.0002956315875053406,0.00020747268634505045,3.0968560488321695e-05,0.00035024434328079224,7.923451982748062e-06,4.3655901479189665e-06,2.041831612586975e-05,0.0004032393955476568,3.993987723160258e-05,0.00019018910825252533,0.0007921049066671737,0.00011474084506125914,0.00025987718254327774,0.00026565281728721524,2.3322951282574948e-05,7.931888103485107e-05
349,6.601638916026165e-06,0.00023710447730319884,0.0001753978431224823,0.00016170230873518987,1.1721783935731561e-05,0.00017219409346580505,5.6704405379720546e-05,4.4749102147105405e-06,5.032867193222046e-06,0.00013098881257155026,6.302509825109603e-05,0.00016346946358680725,0.0002190401231209338,0.0003652330492262823,0.00015539489686489105,0.00030368059241075995,0.00014986128421694929,1.333281397819519e-05
350,0.0001643444694545415,0.0001159022736358338,0.00023157335817813873,0.0001883541915879139,3.473143067170281e-05,0.0003315247595310211,1.2116622444177313e-05,1.186724540527706e-05,2.9947608709335327e-05,0.00015009888954219813,0.00020769866357168293,0.0003144433721899986,0.00021972844521882945,0.00011713410609937719,0.00020094867795705795,0.0001236287466032382,0.00039542815108220813,0.0005332455039024353
351,0.00036417373470115644,0.00020956202401157045,3.0528753995895386e-06,0.00038705706826488995,0.00011213246400322216,1.6827136278152466e-05,1.1690217282093324e-05,7.392314203901829e-07,2.23405659198761e-05,0.00038227054636809366,0.00022751045434974554,0.00027161650359630585,0.0005191142645492863,0.0002913247911208519,0.000269145704805851,0.0001581336980001069,4.817947518297779e-05,0.0003999285399913788
352,0.0003354035460592375,8.82420933929276e-05,0.00019199028611183167,0.0001648858378101581,0.0002747948611503681,0.00011695362627506256,8.653031950743226e-06,1.8050767849203496e-05,7.253140211105347e-06,8.062899604419776e-05,6.396353277100808e-05,0.00023026484996080399,0.00013225647128997653,0.0008508825651105667,0.00012659374624490738,6.845036888469824e-06,0.0003589362452918626,0.00018281489610671997
353,0.000621923737381791,0.00035618197386741435,5.9021636843681335e-05,0.0005268544367658667,0.00011001889674112225,8.045509457588196e-05,1.885129653982076e-05,7.782879607640402e-06,1.6637146472930908e-05,2.1716557953722904e-05,0.00029531105876716424,0.00022926367819309235,0.00011010104601685139,0.0006910095538295441,0.00023803114891052246,0.00018714152301183007,0.00021055089058468618,0.0003246814012527466
354,0.00012006187306179417,1.5143973975454555e-05,0.00012125261127948761,0.0001705728920485261,0.00017224987408364506,8.463859558105469e-05,6.63227929419783e-05,1.9712853431507718e-05,3.546103835105896e-05,5.4494209810636296e-05,1.825966967586301e-05,0.0006868559867143631,0.0002881169498980124,0.0001411676357846378,0.000433419831097126,0.00010178380790420993,0.00038900766083115393,0.000787440687417984
355,0.0006353578972044527,0.0002149993731347631,0.00023816712200641632,0.0014378748201756553,0.00020373403932128636,5.84237277507782e-05,0.00011238432805594362,5.235692403097623e-05,4.8566609621047974e-05,0.000272085448020723,0.0005821637603920862,0.0006622551009058952,0.0006954437145594919,0.0007079996385484788,0.00033668894320726395,0.0006736642254361047,0.0006516230698077447,0.0012934952974319458
356,0.0017601962201855836,0.0004954011987051213,4.0179118514060974e-05,0.0015209775784856827,0.0004597408481491795,0.0010783299803733826,1.1267582895931744e-06,0.00011523056712477191,6.329640746116638e-05,0.0005435007840616166,0.001750820707941532,0.0010309135541319847,0.0014113257104787433,0.002515706346734939,0.0002447916194796562,0.0011665671821092793,0.001728075532998247,0.0009864084422588348
357,0.0018477644898537426,9.519768159312048e-05,0.0012458693236112595,0.0012176565633434389,0.0004112247264243564,0.00047808699309825897,3.809944658103234e-05,0.00013157193660707264,6.445497274398804e-05,0.0006240204056691262,0.001133866324490692,0.00030544959008693695,0.002241415220823245,0.000998696041497528,0.0013123350217938423,0.0007799735653604978,0.0019461379703501255,0.0011055655777454376
358,0.0007802920047779438,0.00015600262362211806,0.0004083700478076935,0.0007911090854205438,0.0003334678442314942,0.00047304853796958923,2.0019488231669963e-05,6.762125150095507e-05,1.6093254089355469e-06,0.00015036554573172323,0.0008983935196622689,0.00022096559405326843,0.0002415488170653124,0.00021064179481146417,0.0007147481665015221,0.00013192909343048842,0.0006010793363402057,0.0005548261106014252
359,0.0002957124657050336,0.00013115622722668918,0.00012226402759552002,0.00042970664639371825,4.123485355499515e-05,0.0004316195845603943,4.81907192221593e-05,9.529015886127834e-05,2.393871545791626e-05,0.00015451183822499243,0.0006129652829544169,4.1227787733078e-05,0.0009914583608240657,0.00051843857468091,0.0007389737293124199,0.0002401671962866947,0.0014084044731054665,3.1653791666030884e-05
360,0.0007986496126815568,0.000335734472197282,0.0009369030594825745,0.0004885248962646083,2.527037676281277e-05,9.717978537082672e-05,5.089532378376241e-05,0.00010356935710073675,5.960091948509216e-05,0.0014619539787517483,0.001431708804480309,4.513747990131378e-05,0.001676735457475681,0.0009293174947543614,0.0012638457119464874,0.00023652920522995724,0.0017950924345603147,0.0005308501422405243
361,0.00034831397843892997,1.0731665634755583e-05,3.517884761095047e-05,0.0009221348468370083,0.0003579835629644833,0.0005351714789867401,0.00011816781656256124,8.388359460368626e-05,2.224370837211609e-05,0.0009605115801455955,0.001669229722431071,0.00044736266136169434,0.0012586255762997711,0.0011467948646705292,0.00028368737548589706,0.0008587216893684579,0.0015034674502007305,0.00028704479336738586
362,0.0002045349641219274,5.058736753326895e-05,0.00016456283628940582,3.166063720552725e-05,0.00017352439645939785,4.421919584274292e-06,8.613192149996285e-05,2.459978682245933e-06,2.1997839212417603e-05,0.00020993623912607395,0.0006511119944222661,0.0002565886825323105,0.0006437940958819999,0.0007233186798345573,0.00020652543753385544,0.002085881813346291,0.00011284703218270888,0.00042519718408584595
363,0.0005284805347939292,0.00017262793599913395,0.0007101567462086678,1.133049621043769e-05,0.00026015764601133515,0.000508822500705719,6.783920515352794e-05,4.60850632348945e-06,0.00010726228356361389,0.0005456328958804019,0.000890669338120962,0.0008808784186840057,0.0007862171168409315,0.0005777813749806293,0.0011814739555120468,0.0002126003942923005,6.156869579112406e-05,0.002351425588130951
364,0.0009215715098678245,0.00011296590125358871,0.00033565703779459,0.0006949000252236825,6.995787752010763e-05,6.416067481040955e-05,6.271861334966426e-05,1.0983893673780268e-05,0.00014271214604377747,1.2710858820430548e-05,0.00047658112805925787,0.001313094049692154,0.00014596218760706825,8.526117300491215e-05,0.00172516331076622,8.007617978153525e-05,0.00017454861884649495,0.0028560422360897064
365,0.0005196743922877833,6.270783463814197e-05,0.00013961829245090485,0.0002962543215385971,0.000579477117013158,8.114427328109741e-05,4.150712400532823e-05,5.463100879902409e-05,2.5998800992965698e-05,0.0003679174974217242,0.0011249382050676632,0.00038811005651950836,0.00042036863065832153,0.000875440967425152,0.00021446868777275085,0.00027983817439017344,0.0009657995474061133,0.0006255805492401123
366,0.0002434012968179633,0.00030838402779946594,0.0002839723601937294,0.0007577867040528541,0.000466128967619113,0.00043284520506858826,2.6623019417804095e-05,2.3092512866839873e-06,0.00014884024858474731,0.000679042222008791,0.0001894840727808926,0.0012399964034557343,0.0005281995344422058,6.818351560872182e-05,0.0011442787945270538,0.0002595183918258914,1.452148039735035e-05,0.0030486807227134705
367,0.000804897125075088,0.0006670323205765598,0.0003971671685576439,0.0006615693479565532,0.0010014289556301362,0.00016164034605026245,0.0001306683620675396,7.087532177057186e-05,2.6982277631759644e-05,7.310145787040034e-05,0.0009900244499325868,0.00014836899936199188,0.0006417023529736721,0.0005416963539973813,0.0008342619985342026,0.0005306982772398106,0.0010574004906391144,0.0008056163787841797
368,0.0006210797671190871,0.000758953487024483,0.0002780584618449211,1.4232628346266818e-05,0.0005902231149395552,0.0008484236896038055,6.594193612009802e-05,0.00011328464167462506,1.5597790479660034e-05,0.0005773540843961728,0.0010509445634748517,0.00016316957771778107,0.0008661754304068597,0.001585778548422713,0.0016789445653557777,0.0012904007960199415,0.0019327568365981058,0.001428510993719101
369,0.0006463090016533557,0.0003549633530029288,0.0009036930277943611,0.0005304469120026023,0.000149230665939519,0.0013946425169706345,8.81338923807741e-05,4.499487524995663e-05,1.1466443538665771e-05,0.0010644757600127563,0.00030227107934363215,3.982521593570709e-05,0.0005141880289449147,0.0008612947231165999,0.0006445562466979027,0.0013880570634258738,0.00018384562231265472,0.00030274689197540283
370,1.2322790807289818e-05,5.788610567925706e-05,0.0008530039340257645,0.0004698700795869315,4.2467616270729786e-05,0.000391470268368721,0.0001627659015837387,0.0001565121268741596,2.0481646060943604e-05,0.0003374197690140801,0.002334665475850605,0.0013974066823720932,0.0006861337653278343,0.0015654172889396356,0.000254310667514801,0.00026620222369111435,0.0021999663735167664,0.0009066350758075714
371,0.0018153360522082662,0.00045036959320905734,0.0011607911437749863,0.0006824563795528871,0.000784428253711441,0.00029644742608070374,1.3845293290286331e-06,0.0001764586585144687,5.362182855606079e-05,0.0001957290647527643,0.001682649009197689,0.00045499764382839203,0.0005981772997469409,0.0023068483593625816,0.0012336699292063713,0.0012155165931887757,0.002587328906427809,0.00030503049492836
372,0.0006561066235429847,0.00042695977397844836,0.0001734970137476921,0.00100203001451038,0.0005141425600851436,0.0006801430135965347,5.461295293594792e-05,9.208280729914984e-05,5.0164759159088135e-05,0.0013815853693594504,0.0011980946145342605,0.0005106376484036446,0.0011328515775650694,0.0009475085867074184,0.0015338212251663208,0.0002213658571103838,0.0013251223903460725,0.0009853877127170563
373,0.00021070569361261726,4.2594400176482194e-05,0.0009511299431324005,0.00026737555157674286,4.085946946077654e-05,0.00014588236808776855,5.733361871319495e-05,0.00012405968818963992,1.9066035747528076e-05,5.478509030855394e-05,0.0020352845431901093,0.0009371312335133553,0.00019371326543486667,0.0008123552978247101,6.156601011753082e-05,0.0006552543179370873,0.0019649146311263924,0.00011834129691123962
374,0.001309061210675283,4.9958419036516544e-05,0.000635812059044838,0.0001240081542614735,0.0002816571060542082,0.00029016099870204926,3.522398255738704e-05,0.00011901514530934305,4.304945468902588e-05,0.0002989629595348403,0.0009083331701043376,0.0002825772389769554,0.0009663515168043257,0.002275270524710632,0.0009512165561318398,0.0006349667318123475,0.001780745691953607,0.0008768662810325623
375,0.0016125767815240444,0.00010285756673966695,0.00015292130410671234,0.00019773329442640541,0.00021717684760624162,0.0003030765801668167,0.00014189577111507236,8.066407498264828e-05,6.370246410369873e-05,0.00011389995978780543,0.0014556404687062555,0.00012294016778469086,0.0006558480171739989,0.0014325751276729956,0.0005132034420967102,0.001266591475904244,0.0010575746068071522,0.001179862767457962
376,0.0001932488704139701,0.0002427253894098022,0.0004839487373828888,0.0007040557080254528,0.000237591270669274,0.0001334063708782196,3.968239048859727e-05,9.018364327577886e-05,4.0531158447265625e-06,0.0005865402819522914,0.0010069749497870692,0.000781710259616375,4.700658208386943e-06,0.0010149774411601573,6.676558405160904e-05,0.0015171993378807758,0.0013241854666992247,0.0011093206703662872
377,0.00034269777582857097,5.7014653614614885e-06,0.0012333560734987259,0.0005988434623026839,0.00032414929852925267,0.000614730641245842,0.00017808416437478658,9.855587152620213e-05,7.388368248939514e-05,0.0007388888637511054,0.0008062372150616989,4.3128617107868195e-05,0.0009808763947996568,0.0006193984091898315,0.0007610311731696129,0.0011790210551547997,0.001387758131163987,0.0011117160320281982
378,0.0006610208366623349,0.00013124488724913091,2.6484951376914978e-05,0.0001757709710142885,0.0002631647467376749,0.0006843516603112221,8.69769338391127e-06,0.00011218973833979756,8.806213736534119e-05,0.0006067738913922288,0.0016051512378086469,0.0013547055423259735,0.00046468099133978313,0.0013243343158486805,0.0004862230271100998,0.00014917138490549986,0.001639794731009881,0.0019193030893802643
379,0.0010721030952053068,4.95114490362443e-05,0.0006985049694776535,0.00038681116749250677,7.304369860083176e-05,0.00034706108272075653,9.942990907345524e-05,5.989123057056824e-05,3.2670795917510986e-05,0.0005663703322555391,0.0010927858744156638,0.0002642804756760597,0.0001677033357676827,0.0012315503211435853,0.00023867562413215637,0.0008884961921259982,0.0009018382502028674,0.0010229907929897308
380,0.0004838769685247546,0.00022306887748837698,1.3399869203567505e-05,0.0005239453546507511,0.0005253804433267943,0.0003462592139840126,6.781684408120256e-05,5.982294324116905e-05,3.5040080547332764e-05,0.00031578040850191447,0.00023048658320519444,0.0004871375858783722,0.0001917891762343582,0.000563092342033434,1.276656985282898e-05,0.0009703867566148716,0.0010160018834711026,0.0005546920001506805
381,0.0002544274735795937,5.0348924532539474e-05,0.00044493749737739563,0.00017302987632314415,0.00012665702235136952,0.00010844320058822632,8.153446098609594e-05,7.540435305362296e-05,3.390014171600342e-07,0.00026138292961455645,0.0009006907355797664,0.000552760437130928,0.0006587601923137842,0.0012400664866335613,0.00015068799257278442,0.0008363265971441103,0.0011267059450411378,0.0003468170762062073
382,0.0006881154904475051,0.0006983545999797725,0.00026695616543293,0.0008732309194128818,0.00042566450695329106,0.0001407712697982788,7.593866311406995e-05,2.5858842487939027e-05,2.4862587451934814e-05,0.0007538226054372432,0.00041643000692916793,0.00027533993124961853,0.00022564541144835804,0.0007926969628409171,0.00010025873780250549,0.00013079478285082935,0.0003606363902085713,0.00031115859746932983
383,0.00043458047045474846,0.0003408487917484007,8.940137922763824e-05,0.0006607923463235188,0.00038012436643660233,0.00019711442291736603,6.066390380752261e-05,2.110088360421879e-05,1.7620623111724854e-05,0.00022928035467775776,0.0005197925893667202,0.0002030152827501297,0.0006988802627621721,0.00036394701491300127,0.00019932538270950317,0.00017851477317540332,0.00014423687616753333,0.00028982385993003845
384,0.0002889741619789554,0.00035769483782365635,0.0003601443022489548,0.0005386576491311079,0.0004406472363918945,0.0005745599046349525,6.884897138252286e-05,4.9054193715222663e-05,4.704669117927551e-05,0.0008521801117151312,0.00043297584459427857,0.00048595666885375977,0.0007431200599480603,0.0009755372075719373,0.00018788129091262817,0.001317073202506347,0.0007812485884223421,0.0005652643740177155
385,0.00011631820788188252,0.0003331236731552445,0.0001046638935804367,0.00019370572276808384,4.054991211536324e-05,0.00012512970715761185,5.637348991630563e-05,1.4579107225425937e-05,6.210058927536011e-06,9.331879284035782e-05,0.0003751491585645278,0.00035068579018116,0.0001632918659496413,2.7322054682459712e-05,9.127147495746613e-05,0.0004032189037121159,0.00023128017759642926,0.00022361800074577332
386,0.0007915752825502775,9.460342263385366e-05,0.00030156224966049194,0.00035142958028641647,0.0002683393726956064,0.0003380635753273964,4.530613413373727e-05,2.7582499462896126e-05,5.15766441822052e-05,0.0004972551768400169,0.00046443285777809235,0.00022134464234113693,0.0003778939624748956,0.00032991749379155874,0.00015205331146717072,0.0008427451249032603,0.0004297757949163171,0.00034090131521224976
387,0.00039042051095183883,6.112854041053287e-05,8.345022797584534e-05,0.0006733301597129093,0.00012231765973565178,5.457550287246704e-06,6.566611644021406e-05,2.5825596861380026e-05,8.903443813323975e-06,0.0008677574115729669,3.86783015347697e-05,0.0004688100889325142,0.0007405703430671401,0.000541624147836553,0.00035499222576618195,0.0006932954784965306,0.000391313056145837,6.099417805671692e-05
388,0.000385438483552214,8.387789401368903e-05,0.00034745968878269196,9.47818493834407e-05,3.350425719869654e-05,0.00023856759071350098,2.8393447534002733e-05,3.0008977405283324e-05,2.1707266569137573e-05,0.00011474570039567145,0.00044733570113750926,0.00016119517385959625,1.4401416354864471e-06,0.00026185274692911223,0.0003303252160549164,5.1751944012468076e-05,0.000455156267189942,2.5156885385513306e-05
389,0.00045537225563341277,0.00011352172552566223,0.0004104413092136383,0.0004024563753527721,0.000157210311628124,0.0005675861611962318,3.8424434485697864e-05,1.4749183180072121e-05,1.885741949081421e-05,0.000730148938648742,0.00021370115306561938,9.022466838359833e-05,0.0003392383557753037,6.56111447428255e-05,0.00028205662965774536,0.002347538876221633,0.00016632379208150576,0.00021237879991531372
390,0.00020099232853623694,7.632249075495423e-05,1.0188668966293335e-06,0.000142053053845681,1.4532073741507084e-05,1.1118128895759583e-05,4.0399534592290565e-06,8.20951231377421e-07,8.050352334976196e-06,8.900399652606028e-05,5.272000524177145e-05,0.00020627491176128387,0.00040193219999878904,0.0007521343942980367,0.00021845847368240356,0.0011326015572903914,2.846737415797794e-05,3.230571746826172e-05
391,0.000276821684863815,0.00023077598041757602,0.00016517937183380127,0.00015323777158085528,0.00010291351222258341,0.00013919919729232788,1.0869774691550649e-06,3.6457581640338696e-06,1.3757497072219849e-05,0.00028339568873649024,0.00022728142345761898,0.00014858413487672806,0.0004305531291361603,0.000313621275810666,0.00013529881834983826,0.0015139755199931604,9.660035903937512e-05,0.00035540759563446045
392,0.0008234086275221708,0.0003263283491502719,0.00042735040187835693,0.0010867093607383471,0.0002603078491669811,0.000386606901884079,7.76682949175378e-05,1.2662943821145135e-05,2.150610089302063e-05,0.0015289025063143363,0.0009660352474736636,0.00033486634492874146,0.0007522469397296533,0.0004868445011471656,0.00036396272480487823,0.0004692366978140128,0.00014244107756466312,0.00030989572405815125
393,0.0008271589457307937,0.0003217955416841556,0.0002886354923248291,0.00042864163601219474,0.0003091126286041135,0.00011646561324596405,7.127881820395351e-05,4.798860544505748e-07,2.625212073326111e-05,0.0017886724847724772,0.0005970303850800704,0.00036049820482730865,0.0010242975099720025,0.00013775284989304276,0.00023942440748214722,0.0005951575849828528,0.0001454502427714159,0.0005803368985652924
394,0.001179944993701637,7.163324044036357e-05,0.0005613695830106735,0.0009710570735873558,0.00020539101474020827,0.0003771986812353134,4.1904833496999444e-05,3.452264165995113e-05,1.846998929977417e-05,0.0015188539741840118,0.0006045908929078123,0.00011159200221300125,0.0005703799495832412,0.0011931850173231492,0.00011677108705043793,0.00040081044223569395,0.00033243184101132417,0.00032537803053855896
395,0.0006870778212939577,0.00018931253979969156,0.00040640681982040405,0.0005791335024959987,0.00011545752807853166,0.00036810338497161865,0.00010370029121049319,1.7789985963899435e-05,3.549829125404358e-05,0.0012829403012830226,0.00032207357652255103,9.125098586082458e-05,0.0005192120352394136,0.0007238895399017953,0.00015911459922790527,0.0014341017455170857,0.00020821149040872906,0.0002060718834400177
396,0.00015483889848327825,0.00021479597242641743,4.297681152820587e-05,0.0002924297449269364,9.48591961256462e-05,0.0001283707097172737,2.8701919542585205e-05,2.610667807618355e-05,1.8112361431121826e-05,0.00030354508817358183,0.0005594149972947826,0.00019469764083623886,0.00031130454217759285,0.0005118800698211655,0.00037124939262866974,0.0007133314460404383,0.000489326669904153,0.0003906451165676117
397,0.0005166430809277478,0.00010513163857704677,0.0002283696085214615,0.00044111629719109646,8.275751942650109e-05,0.00023842323571443558,5.081763981819136e-05,5.386762088736754e-06,1.5757977962493896e-05,0.0005505423652066993,0.0006592366262962931,6.914790719747543e-05,0.0003029006492942382,0.0003254363690323066,2.687796950340271e-05,0.0005738896851326114,9.718110259952437e-05,0.00039549171924591064
398,1.866834051095223e-05,0.0001272705598681194,0.0003064200282096863,0.00023495126847081216,6.844674001402207e-06,0.0005040708929300308,2.0370243049631226e-05,1.5751908463728335e-05,3.0346214771270752e-05,0.00017141356339124558,0.0001445788942430401,0.000372876413166523,4.7809965717501846e-05,0.00012199521855706108,7.741712033748627e-05,0.00015283903765014872,0.00030778203805247387,0.00044870004057884216
399,0.00016132780680566672,3.382919749349983e-05,0.0004427526146173477,0.000390685769533744,0.00015689880243403148,0.00035312678664922714,8.417815111355469e-05,1.3482343248623634e-05,2.823770046234131e-05,0.0002899990336181768,8.740212150673554e-05,0.00017946120351552963,0.0004254915780541324,0.0005104028956286338,0.0003253370523452759,0.00048511310937005003,0.00020584474791598452,0.0006683953106403351
400,0.0002887898931771271,9.961865042495271e-05,0.0003840886056423187,0.00020258983929830054,9.242123551317025e-05,0.0006033722311258316,3.040929495395743e-05,6.281819285819021e-05,9.26777720451355e-05,0.00035507717171842645,0.001302697702185114,0.0009890776127576828,0.00039939402469296725,6.522358776073559e-05,0.0007399506866931915,0.0019524372279758617,0.0009751566133265731,0.001573178917169571
401,0.0005184340037184543,0.0001847562244386286,6.0245394706726074e-05,0.0007438616564431344,4.082366844319896e-05,0.00018576346337795258,1.6942519615830223e-05,3.648168037027877e-05,2.574920654296875e-05,8.270612910758757e-05,0.0003532940598027015,0.0004506446421146393,0.00043921761315568464,0.00044916702320503543,0.0007834713906049728,0.0005916521846726086,0.0005519925600380709,1.6570091247558594e-05
402,0.0013851342117037757,0.00018210138513681182,0.0006308462470769882,0.0006925493046402997,0.00024370850679708567,0.0009092641994357109,1.243275301800531e-05,4.365594787350752e-05,4.93563711643219e-05,0.0004994395649239314,0.0005640980076898894,0.00028667598962783813,0.00046880046207059545,0.0005491085173469357,0.0001229662448167801,0.0005367137130810329,0.0006695138213891252,0.0010931231081485748
403,3.183894903791007e-05,0.00010208831494044543,3.1795352697372437e-05,0.000141058054285631,4.338609603649762e-05,0.00032935384660959244,1.3930616621981445e-05,3.9416485467962397e-05,7.74487853050232e-06,0.00045118071614559663,0.0011308203101020667,8.489936590194702e-06,0.00010666605623145531,0.00011412223716095182,0.0005463119596242905,0.0011598652234946494,0.0003953167142435113,0.00037256255745887756
404,0.0009191098036970824,0.00022268830969575382,6.934255361557007e-05,0.0004375034890916063,0.00046217446108484314,0.0006064223125576973,4.9616289881994e-05,8.848846511120135e-05,4.963576793670654e-05,1.2565321103122362e-05,0.0012550370232535385,0.0006674397736787796,0.000248808339068457,0.0014692725718944005,2.6283785700798035e-05,0.000430336570843487,0.0015233287729802519,0.0013827458024024963
405,0.00018347573253182925,9.943158344563954e-05,5.7714059948921204e-05,1.0564949802199797e-05,7.767728567855889e-05,0.00014189071953296661,2.0315900189809763e-05,2.0635340216278186e-05,1.971423625946045e-05,0.00020625482971860232,0.0003722135676839239,0.0003988035023212433,5.16766127174606e-06,3.3649387285401844e-05,0.00010141730308532715,0.0007814542470150065,0.0002520872154941761,0.00021441280841827393
406,0.0005015846679328195,2.535826858596213e-05,0.00020524300634860992,0.0002462650109107678,1.4151830789947695e-05,0.00012480653822422028,2.6344319577726455e-05,9.586561727358e-06,1.6082078218460083e-05,1.203061057206134e-05,0.00028407358120416393,0.00017354730516672134,1.5505533420195894e-05,2.9995713678860475e-05,3.792904317378998e-05,0.0006781144989027876,0.00010586867250038379,0.0002959929406642914
407,0.0007899904322955509,0.00024170528420189297,0.0005933381617069244,0.0003564101532385344,3.597452913451163e-05,0.00029996782541275024,5.8488623091018654e-05,4.1163220522663266e-05,5.389377474784851e-05,0.0006500895098917742,0.000283687496437951,0.0004248041659593582,0.0005760637810469926,0.00021462074467825526,0.0008065961301326752,0.000158877322626233,0.0007302710689759432,0.0012643113732337952
408,0.0009218607862765404,0.00011131225461125105,8.780136704444885e-05,0.00045368401891254795,2.9018848184032137e-05,0.0001509450376033783,6.562602112117864e-05,2.8323052252812503e-05,1.2516975402832031e-06,0.0003266335165944684,0.00032270439036331117,0.00044992007315158844,0.00017062660584309108,0.0005491352221532082,0.0002057412639260292,0.0005402156217227949,0.00039153077846324456,0.0006020590662956238
409,0.0006173917969826692,0.0005760876218010857,0.0004892721772193909,0.0007978728274178615,0.0001619550835952055,0.0007264157757163048,0.00013847058231764714,2.9978387932235763e-05,1.837313175201416e-05,5.396722255286701e-05,0.000882508201224895,4.7635287046432495e-05,5.515515214767064e-05,0.0005918948370460843,0.0002996399998664856,0.00029011430287831375,0.0006423993343576588,0.0008073560893535614
410,0.00018371450191895233,0.00010386296356526895,0.00042288191616535187,0.00030700214137310833,9.014937209058521e-06,0.00029340293258428574,6.810633145540833e-05,2.5578604443799704e-05,6.746500730514526e-06,0.0005186825018866081,0.000791971302083215,0.00011419318616390228,0.00023660317510698636,0.0007640785337902217,9.726360440254211e-05,0.00022809367201337416,0.00047738019783244087,0.00017523765563964844
411,0.0005970348563298644,0.00023659772625987327,3.267824649810791e-05,0.0009237858534313637,0.00023534753643816159,0.00013197213411331177,2.1780618680855568e-07,4.29284904554573e-05,1.1660158634185791e-05,0.0005191571580180493,0.0012915940546786853,0.00011703558266162872,8.867577506815882e-05,0.00017152122198490008,0.0001212162896990776,0.0014985833449480679,0.0008548142327836983,0.0006172806024551392
412,0.000517051136813107,0.00013179552887875728,0.00015773437917232513,0.0002088452095212745,0.00017392322905295313,0.00020395778119564056,6.971669411487934e-05,4.845737884995901e-06,1.7277896404266357e-05,0.00010770476245076932,0.0003912309624369767,0.00013847742229700089,0.0005907654992781813,0.000274380778767961,5.604047328233719e-05,0.0002512380240309864,0.0003128234770172411,0.000690169632434845
413,0.00016608647988552994,5.4780097763121316e-05,7.685273885726929e-06,0.00018741450360740264,4.9948784119631384e-05,4.116073250770569e-05,1.1678255950125019e-05,4.185117639619103e-06,3.077089786529541e-06,0.00011790609337547497,0.0002866050330533887,7.447972893714905e-05,5.408784219468332e-05,8.298452053390193e-05,3.2749027013778687e-05,0.0001658431864695331,5.0704435484971375e-05,0.00010223686695098877
414,0.00048689440829480235,0.0001667952697707066,0.00013870187103748322,0.0004392019769638711,1.895272097145531e-05,2.7865171432495117e-06,4.4324967105175556e-05,1.9135944010750523e-05,7.782131433486938e-06,0.0004179179408782818,0.0005295541939010565,6.0129910707473755e-05,0.00023705063927513537,0.00026782610230180817,0.00012912694364786148,5.483840717646071e-05,0.00021797253543522164,9.28826630115509e-05
415,0.00015548242325913453,0.0001276945544683196,7.542595267295837e-05,8.62662774053502e-05,2.735204590494089e-06,9.087473154067993e-05,7.671164353295623e-06,9.378946310152083e-06,6.377696990966797e-06,9.212240480505063e-05,0.0006395577646177639,6.265286356210709e-05,0.00011107255785676451,5.5344460579895977e-05,4.266388714313507e-05,0.0007680792527278157,1.3799740108521447e-05,4.394352436065674e-05
416,0.0008516010209689562,5.599526000590882e-05,5.67510724067688e-05,0.0012308458554353696,0.00021432862744421785,0.00010702107101678848,5.51002520021715e-06,1.1020456465925808e-05,4.857778549194336e-06,0.0006411335877631319,0.000350612360425398,0.00013549905270338058,0.0006013011708208976,0.00029442235131079547,0.00020085088908672333,0.001006162493106838,0.00023411720169907915,0.0003786832094192505
417,0.000788655169732283,0.00019153041972006998,0.00010484643280506134,0.0013106965495693068,0.00032154168623143783,0.00019250251352787018,1.0062020527154547e-05,7.489764031971054e-06,2.3331493139266968e-05,0.0004613767096405541,4.150830277100531e-05,0.00014438200742006302,0.0007606783951883411,0.00104124397696332,2.6322901248931885e-05,0.00042808762704979464,0.0001893876818687447,0.0005986765027046204
418,0.00025768493646627366,0.00011538649752876329,3.890134394168854e-05,0.0001079021230807331,0.0002985422728319295,0.00016353093087673187,4.938441925840878e-06,2.5726631803780738e-05,1.372024416923523e-05,0.00017524663185659872,0.0006995722520800746,0.0002856999635696411,5.8011211123532025e-05,0.0003047059912935114,0.0004251394420862198,4.840914865142376e-05,0.00047270717953977297,0.0005344003438949585
419,0.0002642250845488192,0.00022945637548794223,0.00019945017993450165,0.00065097473839279,8.349402758708879e-05,0.0002069016918540001,2.6785754137182913e-05,6.353150452469668e-07,2.7194619178771973e-07,3.323048782399862e-05,0.0002623758932110837,0.00027182232588529587,0.0003793152926389459,0.0004328853811078233,0.00022817589342594147,0.00037578397167928324,6.0381534527795266e-05,0.00013126805424690247
420,3.1758289756211866e-05,0.0001816506671486577,0.00012248754501342773,9.794640085072914e-05,6.879826900687072e-05,0.0001714816316962242,5.301587906927224e-07,8.730487426180994e-08,8.918344974517822e-06,0.00019110806088952492,0.0009341047580544506,0.0002657286822795868,0.0005988245651449842,0.0001269321872770339,0.00031930115073919296,0.0016573604327514424,0.00015744019116950125,0.0007043182849884033
421,0.0003891284908406345,0.00012666339122893375,0.0001284535974264145,0.000718387758605249,1.4838189798280915e-05,0.00011593475937843323,8.779637788872488e-06,5.565828663278477e-06,8.262693881988525e-06,0.00011485730836711949,0.00032480845083890375,0.00018890295177698135,0.00018230760768030152,6.659691630432271e-05,0.0001689773052930832,0.0019154050158201874,3.6450940800520325e-05,0.0008073709905147552
422,1.2490953117699766e-05,6.183354224704313e-05,0.00023356638848781586,6.379967375241824e-05,0.00022106749302745754,0.0002983873710036278,3.491073755888634e-05,8.343300045548098e-06,2.361088991165161e-05,0.0006002389957062287,2.355710864120758e-05,0.00028811581432819366,0.00021084406227586672,0.0005270161683583706,0.00021271593868732452,0.0018011076545338123,6.344938446662621e-05,0.0006312467157840729
423,0.00010998467179443305,0.00018074254773879986,0.0003579128533601761,5.1019690193054856e-05,0.000483425720670224,0.0003512119874358177,5.072259683504797e-05,2.9397866662293163e-06,1.648440957069397e-05,0.0004198868346771967,0.0006106541154020512,0.00011906493455171585,6.708278871629669e-05,0.0001993919650618986,0.00015880540013313293,0.0012072955743257507,0.0001895993556050692,0.0007279738783836365
424,0.0007317497820813479,0.0002524139115472855,6.632134318351746e-05,0.0009795323727779248,0.000491337382969869,9.088031947612762e-05,3.5135673110055915e-06,1.539109203364179e-07,2.3245811462402344e-06,0.00012413083298470906,0.0003878673881413941,0.00026166997849941254,0.00041687645444001,0.0001178107201380181,0.00025508739054203033,0.0005086545296375533,8.636517395807682e-05,0.00048299506306648254
425,4.3916264033661e-07,3.527171705739254e-05,0.0002496447414159775,0.00019666642046187177,7.223608503519052e-05,0.00017552729696035385,7.79061785192818e-06,1.9054475427799733e-05,1.0594725608825684e-05,0.0003790921931369484,0.00044160285283061096,0.0002064574509859085,9.436724995169621e-05,0.0005065335028988961,0.0002911258488893509,0.000267140171510194,0.0004405101283180401,0.0001637488603591919
426,0.0004753388768833633,5.3767992286533894e-05,7.609277963638306e-05,0.0007116318833826629,0.0002069661424318886,0.00013210438191890717,1.8926216079523037e-05,5.517576004361797e-06,8.150935173034668e-06,0.000256731647806846,0.0002244202873744952,7.40857794880867e-05,0.00035034413603819703,0.00011003220852758011,0.00015527289360761642,0.0006536866031963684,6.406080927537014e-05,0.0005217418074607849
427,9.683027165868774e-05,0.00015135910445817843,0.0004006754606962204,2.8948394320688076e-05,0.00018914761050019616,0.00045336317270994186,3.9166123594714525e-05,8.85977129627593e-08,3.390014171600342e-05,0.00045699818523216307,0.00030920403682167114,0.000292312353849411,3.400438022345409e-05,0.00023584077500022824,0.00022707413882017136,0.0011107775191647185,0.0001626854504123438,0.0001322813332080841
428,0.0005487786410282025,4.045646140837106e-05,0.0004057120531797409,0.00019049245417551708,5.676823485034274e-05,0.00044255610555410385,6.488607593662689e-05,3.450725786312129e-06,4.1875988245010376e-05,0.0002777272972296213,0.00021008143771007737,0.0003307368606328964,0.0003846373802042502,0.0001672334848294467,0.0003041094169020653,0.0005204107100653388,7.94037922477453e-05,0.00035087019205093384
429,0.0003755846323479639,7.806128927174971e-05,0.00024117715656757355,0.000457966306354779,1.0179611002816835e-05,0.0002180282026529312,1.8510499698408747e-05,1.984584564983726e-06,2.608075737953186e-05,0.00048816069105643567,0.00045911002378538207,0.00023872125893831253,8.547588799305561e-05,8.305995545409076e-05,0.0003270534798502922,0.0001221889295204004,0.00010058151058338783,8.27498733997345e-05
430,0.0009818478891332194,8.673469381398694e-05,0.00024040788412094116,0.0008164459547523872,9.310672473519452e-05,0.00015248823910951614,3.9318733623472726e-05,7.910242196762615e-06,2.8878450393676758e-05,0.0007775612985660291,0.00026019410105555807,0.0004622386768460274,0.0007788696688106472,0.00013358958132866916,0.0005810484290122986,0.00023406521645147338,0.00012455560695692584,0.0007978454232215881
431,0.0008643341862289988,6.170699890327772e-05,0.00011815689504146576,0.0004788978949371303,0.00022241280310860562,0.00011422950774431229,1.337160640992735e-05,1.3696790777141196e-05,2.8014183044433594e-06,0.00015555670525996268,8.865519828488155e-05,1.1382624506950378e-05,0.000643474066237007,0.0008065083234523318,2.409331500530243e-05,7.041458251866306e-06,0.00036540277666871623,0.0005029253661632538
432,0.0002724222097300055,0.0002955803452113735,0.00018147192895412445,0.00045467922178416,0.00010611827737423696,0.00014965515583753586,3.4808537731304684e-06,1.3604240791973885e-05,7.636845111846924e-06,0.00016356168647443936,8.428208053968406e-05,0.00020101945847272873,0.000396030539888681,0.0006472597208230166,9.19736921787262e-05,0.0007813906796826364,0.00042506232347372126,0.00014063343405723572
433,0.0014083962585610121,5.441004206584166e-05,0.0006337407976388931,0.0012565238627370023,0.0002427470182962202,0.0005336152389645576,0.0001605730294435819,3.276606524351718e-05,5.684792995452881e-06,0.0006485828708988894,0.00012673084453394823,0.00024138670414686203,0.0008317331620176782,0.0006864289570407828,0.00014073867350816727,0.0005711570900396035,0.0008108884303677007,5.844980478286743e-06
434,0.00010614863480759573,0.0007149840769063581,0.00030160509049892426,0.0003784136493347745,2.4205900329327817e-05,0.00042206142097711563,5.8250534554519715e-05,1.8430649230601623e-06,0.00013412535190582275,0.00012129548324436856,0.0003233746910999008,0.0015767421573400497,0.00022948865502672722,0.00029450125584732853,0.0017730304971337318,0.0005182265929160879,4.738903814983236e-05,0.0027591586112976074
435,0.00023643899563852155,0.0004314216336211221,4.009343683719635e-05,0.0006695561936761463,0.0003959599882242919,0.00016335397958755493,2.8594925845597946e-05,2.0281612570005006e-05,7.80448317527771e-06,0.0005619904552237598,0.0003909600474422195,5.401670932769775e-06,0.00042199508821820497,4.4247807018640145e-05,0.0002309698611497879,0.0010276977926690634,0.00044516260976997304,0.00028141215443611145
436,0.0005103983023951597,0.000620585240017825,0.00039509497582912445,0.0002627898700630349,5.44230111263512e-05,0.0004197200760245323,9.438605455215111e-05,3.854144620363232e-06,3.405660390853882e-05,0.0006092096398795932,0.00011859826630732789,0.000282912515103817,0.0004995796737919805,0.0001443206940895357,0.0002381838858127594,0.0004672279658046452,9.2790310052401e-05,0.000981796532869339
437,3.2546113909459606e-05,8.249063941883489e-05,1.7745420336723328e-05,0.0013235366862256737,0.0005341585081915928,7.879268378019333e-05,1.2545985637615886e-05,4.016846494417879e-06,5.925819277763367e-05,0.000321318473674323,0.00041419246694349154,0.0009710444137454033,0.0002525403581496166,0.00016866312951611603,0.0010839933529496193,0.0013441645307932515,9.36498950734662e-05,0.001187983900308609
438,6.383918877539418e-05,1.951699914485433e-05,0.00039306096732616425,9.999399076476845e-05,0.00038500682234340194,0.00027831923216581345,4.0005358982748984e-05,3.810605024212436e-05,3.699585795402527e-05,0.00043848182636482824,0.00021639371860052853,0.00020673219114542007,0.00023572864571180796,0.00033718696672134507,0.0003520883619785309,0.000862298863178651,0.0006455274615795557,0.0005907639861106873
439,0.0006869900102106641,0.00021230701286289316,0.00031473301351070404,0.0009028615191368494,0.00020621962478006503,0.00010063685476779938,7.281767403024414e-06,1.981166416245507e-05,3.3777207136154175e-05,0.00012159869475950047,0.00027168051699234114,0.00032480619847774506,0.0005919558876587017,0.0003623492959499465,0.0006143683567643166,0.0009784850054709027,0.0004438696938047961,0.0003445446491241455
440,0.0005263095050493105,2.6047434196787428e-05,0.0003621485084295273,0.0006956183979708319,0.00022522533829351724,0.0005350252613425255,7.603378294641222e-05,1.2272573232930328e-05,1.3083219528198242e-05,0.0002844551228075448,0.00014380884225352608,2.9160641133785248e-05,0.0007444193122828624,0.0001519597921524861,0.00019189156591892242,0.0003890104122373228,0.00022222209292828768,0.0002829991281032562
441,0.00045322947496184707,8.697069890485631e-05,0.00031704269349575043,0.0004590238480080555,0.00015312221333483103,0.0002736244350671768,5.886838578257267e-05,2.482440581095093e-06,4.842877388000488e-06,0.00011072661467449729,2.3904169506712425e-05,9.278673678636551e-05,0.00014535743606909624,0.00032379427080174786,2.4720095098018646e-05,0.0007668061094654732,0.00011498828724392819,0.00015968084335327148
442,7.310950503866542e-05,0.00018673293920006342,0.00019698403775691986,0.00042427180500487216,0.00010308821999220272,8.369982242584229e-05,1.6366739235339905e-05,2.892865277099167e-05,1.7818063497543335e-05,2.6463738123871927e-05,0.00027687760782588167,8.713081479072571e-05,9.672123954915235e-05,0.00020445697342380553,0.00019087642431259155,0.0008657763736938384,0.00021140149424026672,5.5480748414993286e-05
443,0.0002355427419033218,7.45641027033242e-05,5.667842924594879e-05,0.00016186178242760807,9.869733877782352e-05,0.00010563060641288757,1.2410757026690492e-05,8.865034283403093e-06,1.1362135410308838e-06,4.375722298823048e-05,5.4842458714114695e-05,3.5041943192481995e-05,0.00011322989517446869,0.00023465971949882675,0.00012160465121269226,0.0012218903898562061,4.9845312483516244e-05,0.00047247111797332764
444,0.00014717600757035987,6.0184173758311144e-05,0.00023113004863262177,0.00030977608296509085,5.493780943521126e-05,0.00035191234201192856,4.0162363783447647e-05,1.0087873101747788e-07,1.784786581993103e-05,8.61361280346945e-05,0.00023647313135446296,0.0001831408590078354,0.0001664533061330603,0.00024402825955031557,3.681890666484833e-05,0.00019538319890133327,0.00013149898472733512,0.00028475746512413025
445,7.800502228508255e-05,0.00023791839491386566,6.89234584569931e-05,0.0001940640069618138,3.213700545593584e-05,0.0002731308341026306,7.497049668465927e-07,2.630760953560335e-05,2.0306557416915894e-05,0.0004957782359615581,0.00022041692495325393,0.0006074504926800728,0.00026458036356880044,0.0003899009804340485,0.00035217031836509705,0.0002614710737446624,0.0003121435272294337,0.0006583631038665771
446,0.0005953577970723156,0.00024410682606605325,0.00012877397239208221,0.00027198660908683836,5.772003776222112e-05,0.00038420408964157104,1.6518394127156347e-05,2.134578257938387e-05,2.5097280740737915e-05,0.000476091504678533,0.0006219477033679727,0.0005402825772762299,0.0004598179992046092,0.000262677454485296,0.00024700164794921875,0.00035770101658133546,0.0002897872668020029,0.0009093098342418671
447,0.0002310300133819554,3.7203962954045905e-05,0.0001703072339296341,1.3954809884059172e-05,7.105138682132403e-05,0.00010678265243768692,1.597435233476746e-06,8.467270203209808e-06,1.0959804058074951e-05,6.240321958407569e-05,0.0005127941108469675,0.00012698769569396973,0.00016709736431565203,5.267371161818413e-05,0.0001956634223461151,0.00023427763660238687,0.00012203859758476952,0.00016666576266288757
448,8.504749221940888e-05,1.3461789166759053e-06,0.00027919746935367584,0.0002907503228352093,8.793921189243978e-05,0.00024191010743379593,4.416260344386816e-06,4.930953242155236e-06,2.7135014533996582e-05,0.000262762294061053,0.00020376895164682385,0.00023244787007570267,0.00020572474660059126,7.20939112515348e-05,0.0002802778035402298,0.00011817225434135326,6.869192498657091e-05,0.0005132071673870087
449,0.0004097673568265181,5.9962658614479136e-05,0.00024061836302280426,0.00017453692064314796,1.4030549319220265e-05,0.0002425815910100937,7.002385624654481e-06,1.023000783279915e-05,7.715076208114624e-06,0.00030319557547464626,1.3964010636406676e-05,0.00013399776071310043,0.0005729559986379223,0.0005055579405206581,0.00017730146646499634,0.00061296119938542,0.00027062806988516555,0.0002560950815677643
450,0.002134013302773796,0.00015974357732441435,0.0004658214747905731,0.0020937933550499443,0.00016899834634608382,0.0003894539549946785,0.00011920717854765721,1.3494185435192446e-05,2.4750828742980957e-05,0.0005695804453030168,0.00023455174015685892,0.0005296738818287849,0.0008296535034272023,5.341654818988642e-05,0.0005559083074331284,0.0017220426112868892,0.0002631000277385463,0.000761035829782486
451,0.00029170171048820137,0.00026535463750113064,0.0005981884896755219,0.0008683884467949043,9.546029551995086e-05,0.000622360035777092,4.222972646773619e-05,2.1406734705995767e-06,6.468594074249268e-05,0.0007039134185099077,0.0001342888361754932,0.0009257439523935318,7.531610070728167e-05,0.00022238769791159754,0.0008577201515436172,0.0013289897661465933,0.00013196007711991763,0.0006530210375785828
452,3.843693395538805e-06,5.948768596824444e-05,0.0003797188401222229,5.805473240699799e-05,5.617204752619495e-05,0.00035087112337350845,0.00010043668877990006,1.3850982326898465e-05,3.2100826501846313e-05,1.5585339888754546e-05,0.0003572493327800366,0.0007091425359249115,0.00018647625784934396,0.00014485859080604763,0.0006543193012475967,0.0010695368406852257,0.0002852915980444447,0.00011021643877029419
453,0.0001951714953895567,5.779505525647585e-05,0.00015285424888134003,0.0004404864538361253,0.0002704577022368468,0.00013878662139177322,1.3388783355336789e-05,2.7391027215768195e-05,3.539770841598511e-05,9.736541964744383e-05,0.0004426926993113603,0.0005223406478762627,0.0003665984353520835,0.0001668576269141346,0.0004963148385286331,0.0006908644156035093,0.0005051924867492605,0.0005923397839069366
454,0.0003340342291480447,0.0002447423080447937,0.00012881681323051453,0.0006191128952035829,0.00020796187066626434,5.811452865600586e-07,4.614079207846539e-05,1.3479971701874072e-05,5.144625902175903e-06,0.0006803334658904009,0.00026579396128546817,0.00017760228365659714,0.0007180437209824142,9.047213707852678e-05,0.0003132494166493416,0.0007928070416980126,0.0001729720614157028,0.00028388574719429016
455,9.284777269921718e-05,5.823218495382837e-05,0.00021914951503276825,0.0003009168179772814,5.216866529911268e-05,0.000306776724755764,6.476705598632351e-05,5.690991877459759e-06,2.189725637435913e-05,0.0003096513455418809,0.00044834611312684347,2.525467425584793e-05,0.0004213032716160747,0.00019403242507711263,0.00011186487972736359,0.00023520037010513195,1.1254861694235535e-06,0.0007745102047920227
456,0.0003108978362926229,4.225681406946555e-05,4.768185317516327e-05,0.00010185576280632991,0.00014911045041838406,7.58608803153038e-05,3.0627729112457994e-05,1.0025367191752955e-05,1.1149793863296509e-05,7.139024177905962e-05,0.00028756277682012027,0.00023188721388578415,5.8643346869932667e-05,0.0003461514489822605,0.0003988407552242279,0.0010769777422702242,7.563469033052168e-05,0.00034771859645843506
457,0.00014434986110598014,5.12987717472789e-05,0.0002660844475030899,4.9971448017910314e-05,0.00014122994535877703,0.0002007884904742241,2.86862394359641e-05,1.0437433525366344e-05,4.574283957481384e-05,0.0005192968463171438,0.00029154093926442304,0.0005241138860583305,6.712570486216984e-05,0.00014752806497616774,0.0006342083215713501,0.00109326677419741,6.971239444872844e-05,0.0003415308892726898
458,0.00046576740720144505,0.00030000263385412257,0.0003104768693447113,0.00045747921368452515,0.0003060653396949435,0.0003880085423588753,2.4611699966687814e-05,2.654187206801035e-05,4.7773122787475586e-05,0.0008834846791308248,0.00024075328464898127,0.00031663384288549423,0.0007944204560928619,0.0005341040053388688,0.00019001029431819916,0.001740143294495733,0.0004554454489408173,2.7026981115341187e-05
459,0.0004727761022661481,2.7210571812562312e-05,0.0002724844962358475,0.00047443256805282386,0.00013962299669014952,0.0002615414559841156,1.338742756525936e-05,2.3643104417016216e-06,4.599243402481079e-05,0.0006521947472103301,0.00011179147965498931,0.0006218915805220604,0.00048539482824039304,3.829276496816747e-05,0.0006167246028780937,0.00028552746265428364,4.2299073662528316e-05,0.0005568601191043854
460,0.00022439872364440894,0.0006087579358846906,2.549774944782257e-05,0.0003908620035777133,0.00017853592131090654,0.00013500172644853592,3.180443321548071e-05,2.0399408635795495e-05,2.8461217880249023e-06,0.0003346133868344925,0.0003338078751243395,0.00010994449257850647,0.00036449766588442234,0.00023391349833501787,3.1618401408195496e-05,0.0005977358317899861,0.00030326340204996256,0.00034452974796295166
461,0.000983303010314518,0.00026430337768524464,0.00026451796293258667,0.00028190190682675365,0.0002574980322065275,0.0001484183594584465,2.6491971452984042e-05,9.80853451870348e-06,1.5951693058013916e-05,0.00030115123721612125,4.608059829871308e-05,1.0048970580101013e-05,0.0002630051172544251,0.0002892518862479647,0.0001433705911040306,0.0005116211626588207,0.00013173357598768396,0.00015763193368911743
462,0.00043398120986429256,3.13783499230301e-05,5.171075463294983e-05,0.0002392807389382523,4.269408446942388e-05,7.786974310874939e-05,4.292371214903792e-06,1.046906289956667e-05,1.255422830581665e-05,0.00016192409248179385,1.3309480192839895e-05,0.00019480381160974503,0.0002617058381418208,0.0006216458233910607,6.4354389905929565e-06,0.0008416314237824074,0.00019051753599829205,9.510666131973267e-05
463,0.00043829563846065067,0.00033349449705591047,7.345154881477356e-05,0.00012996068625764634,0.00012911030409121227,0.00012479163706302643,1.3756439745681026e-05,5.637634716068834e-06,2.6341527700424194e-05,4.116036702579706e-05,0.00015654988411113735,0.00036756787449121475,0.0003950218650659032,0.00019170712306138676,0.000420914962887764,0.000966312693680832,0.0001668527962264436,0.00020067021250724792
464,0.0009057343147182706,0.0003234621882985192,0.00016089901328086853,0.0007424862107655306,0.00018919433679557077,0.00013393722474575043,5.7943658517549054e-05,1.5371467477458137e-06,6.07222318649292e-07,0.00046553647784276786,9.659354388859981e-05,0.00032932497560977936,0.0007947184215568587,0.00035299703524505413,0.0002810591831803322,7.170056745978148e-05,0.0003012102642440985,0.00042242929339408875
465,0.0003798822561903725,0.00022610964067959483,0.0003143884241580963,0.00046891728541992306,0.00015785123816355884,0.0003465907648205757,6.948812217228567e-05,1.0163965437266689e-05,2.911314368247986e-05,0.0006351460558575023,0.0001759461088957845,5.377456545829773e-06,0.0006617934815460053,2.9045048164533238e-05,3.937818109989166e-05,0.0008944458884139195,0.00034530879242581063,0.0006526969373226166
466,0.00014590421100907358,4.532032981723749e-05,1.0609626770019531e-05,0.00021830364977959427,0.00010183896479907736,7.249042391777039e-05,2.3391654872632894e-07,1.184815495573169e-05,2.7492642402648926e-06,7.555272829724846e-05,0.0003116531288723384,0.00015120673924684525,0.0002519339688625416,0.00010294631667511628,6.858259439468384e-05,0.0002495249946934952,0.00021582851361912504,0.0002595186233520508
467,8.096579094382661e-05,2.719214867270836e-05,0.00018314644694328308,0.0004939042592575771,0.00011834069885606827,0.00020488537847995758,1.5731647441383223e-05,5.293923401719094e-06,2.004951238632202e-05,8.690504105582364e-05,4.7566806103585546e-05,7.497984915971756e-05,7.280306354226496e-05,0.00014952292652649357,7.42180272936821e-05,0.0003596230642576581,4.8802121246306965e-05,0.00031356513500213623
468,5.320522413623796e-05,0.00022987469942603936,0.0002365056425333023,7.343727779113296e-05,7.389257189174825e-05,0.0001813312992453575,2.79724972091569e-05,1.776692130500999e-05,2.1476298570632935e-05,6.66537102513437e-05,0.0005037536238120879,1.9635073840618134e-05,0.00020820535071559843,0.0003541435867955543,0.00012063328176736832,0.0007680899609378566,0.0003387272502130669,0.00013557076454162598
469,9.75537539278648e-05,0.0004503865615434338,0.0005018599331378937,0.0006674851693077022,0.00013505073391045785,0.000402648001909256,4.339977318696363e-05,1.528480046810506e-06,1.9282102584838867e-05,5.484572159145107e-05,7.368579902353178e-05,0.000569450668990612,0.0005713312878301707,0.0001374061979273998,0.0004156110808253288,0.00032278359161660997,0.00010525810416160599,0.00018965452909469604
470,0.0006144029347714408,2.490000640393078e-05,0.00016111694276332855,0.0005970186450840742,0.0001386249363804215,0.00012022163718938828,4.820132960122944e-06,1.0116848126951383e-06,1.7192214727401733e-05,0.0005706084879199824,0.0002455288883227713,0.00018762145191431046,0.00042504315368685486,0.00041675630387331963,0.0001391526311635971,0.00012003949133349012,9.200864341950277e-05,0.0004265978932380676
471,5.958654429497057e-05,0.00020370340874872883,0.0001313667744398117,0.0002387320994512443,2.108989162556696e-05,0.00014422833919525146,2.869826314874993e-06,6.125084522513717e-06,4.332512617111206e-06,3.728378656921161e-05,0.00011618311373576967,5.175638943910599e-05,0.0001541733789654498,1.6823225427849142e-05,5.280226469039917e-05,0.0005595229495731213,6.79314985952105e-05,0.00045020878314971924
472,0.0008578906998549518,0.00019954190864442112,0.00021470524370670319,0.0007120060551746021,3.1940394672080874e-05,0.0002064928412437439,1.0655054126085597e-05,1.0654208221519369e-05,9.18656587600708e-06,0.00043018117668232325,3.0128969741034795e-05,4.767812788486481e-05,0.0006701141043818082,0.0003330955671770122,5.993340164422989e-05,4.2247591577115884e-05,0.00019251632360216004,0.00033217668533325195
473,0.000920366875530404,0.00021445065401598518,3.8450583815574646e-05,0.0007698849576417977,0.00010427841866204185,7.206760346889496e-05,4.628288870615546e-05,1.341420453269146e-05,1.2036412954330444e-05,0.0004981503299348877,0.00028229691494281034,0.000380663201212883,0.0007214195353310165,0.0002855676789023341,0.0003528408706188202,0.000612283528663965,0.0002392954919204762,0.00040343403816223145
474,0.0005287219234759721,3.88069536694409e-05,0.00017974525690078735,0.0004742369188415474,8.180038909535309e-06,0.0001550912857055664,3.706962725861379e-05,3.480600922187052e-06,1.790374517440796e-05,0.0005284720024806844,0.00024718613445351423,0.00025483034551143646,0.0007230901809895385,8.927852043940504e-05,0.000322720967233181,0.0009372782745239172,3.109570688052121e-05,0.0006965659558773041
475,0.0009152803462627868,0.0004101510596969775,7.671676576137543e-05,0.0006585944230906582,3.8007812035934646e-05,0.00023799389600753784,1.040618139333191e-05,2.9740449310745724e-05,7.230788469314575e-06,0.000663980421147306,0.0004094501685633356,0.000291421078145504,0.0010452538361798713,0.0010172851076027181,8.035078644752502e-05,0.0010740496080738626,0.0004471357854386442,0.0007507428526878357
476,0.0007223086821820379,0.0005523172520179621,8.038990199565887e-05,0.0003981189240083449,0.0003085819011348634,0.00030630920082330704,4.503982051266148e-06,4.301590567205594e-05,1.5735626220703125e-05,0.0006045043406871231,0.00028141954927750346,0.000303022563457489,0.0009610653195871455,0.0011362280226038732,1.2956559658050537e-05,0.00032952506238018153,0.0007298088388231795,0.0009062476456165314
477,1.5516842109264406e-06,0.00011984471014205716,4.558265209197998e-05,0.00010796677824689849,0.0002942651411044668,1.0114163160324097e-06,5.5942928602566167e-05,2.844493298725573e-05,1.0516494512557983e-05,0.0004122382111175771,0.000300931484815678,4.754215478897095e-05,0.0001877754818379318,0.000586326683797378,0.00013281963765621185,0.0003745939410370325,0.0006436144914485544,0.00033270567655563354
478,9.360106471226204e-05,0.0002773920577773155,0.00018032267689704895,0.0002526278578480201,0.00033037734582213804,9.864475578069687e-05,2.0297523389075853e-05,1.6451444477901434e-05,9.141862392425537e-06,6.018059507933993e-05,0.00018179400887979869,0.0003823908045887947,0.0002737377842123023,0.00041462892080752767,0.00026044808328151703,0.0010736307399025202,0.0002746071029010224,5.7406723499298096e-06
479,8.425392076766292e-06,0.00014945118515072298,0.00022041425108909607,0.00027408771512027474,0.00011977092054162378,0.00024573132395744324,5.343092198373256e-05,1.1750237534532992e-05,1.7542392015457153e-05,0.00014787730886633987,0.0004898112914321628,5.6590884923934937e-05,6.847166700364726e-05,3.1924088936041706e-05,4.7274865210056305e-05,0.0003769673396328277,0.0002252042466630074,0.00018507987260818481
480,0.00035423575933732354,9.266214393680722e-05,0.0004169978201389313,1.9978213383842203e-05,6.207727902995258e-05,0.00022375676780939102,6.997270499476196e-05,1.9731811651210263e-05,1.7404556274414062e-05,8.324574629851866e-05,0.00011413244139040629,0.00022110715508460999,0.00024157326847405736,0.000661754966570699,4.075281322002411e-05,0.0007039569146853608,0.00026443636680951316,0.0003325715661048889
481,0.0002867945805873906,0.000260854091218142,0.0004973895847797394,0.00020888592625573077,0.00019317480864165446,0.00032613519579172134,5.445071327760814e-05,2.6843152271983244e-05,2.9243528842926025e-06,0.00020876905590784534,0.00024303132216478562,0.0005008652806282043,3.4730005832192545e-05,0.0008378906056935899,0.0002759834751486778,0.0013513972001104602,0.0003126212203789728,0.00012193247675895691
482,0.0004983150847471529,0.0006338371245248713,0.0002762414515018463,0.00021794396689817086,0.00025696694103838,0.00012206938117742538,2.30719166381798e-05,5.129821848668032e-05,4.4330954551696777e-07,2.881848840877166e-05,0.000330158397419629,0.0003602169454097748,0.0005235225643422797,0.0014733483162441448,0.00015928316861391068,0.0022151680359073778,0.0007934989811074593,0.00048623234033584595
483,0.0007415922374143791,0.0003749905876834908,4.4152140617370605e-05,0.0002935069614904695,0.00013547323225997568,0.00028306059539318085,5.6787674513510134e-05,2.7567792866255007e-05,2.2176653146743774e-05,0.00015907614021618,0.00036770351491560715,0.00024067889899015427,0.0004603726869016056,0.0009525889864979084,0.00013980083167552948,0.0019282933699059923,0.000509989098947704,0.0011923238635063171
484,0.00013656531297628893,0.00034469538677973227,0.00016004592180252075,0.00014488977243898304,6.298956125244323e-05,0.00025489460676908493,8.786785740351986e-05,1.1367912525848262e-06,2.954155206680298e-06,0.00018315081967262836,0.0002169616673668856,0.0004541603848338127,0.0004479946469945484,0.00021462269750077353,0.0005274182185530663,0.0002478290554350504,5.996042649011272e-05,0.0005027875304222107
485,4.6186717855917214e-05,0.0002615588387736116,5.867332220077515e-07,4.4650576990240554e-05,2.621719237521844e-05,2.896226942539215e-05,1.0898841246187799e-05,2.1217412698492537e-05,9.4585120677948e-06,0.00011540446096264256,8.928325829613004e-05,8.926261216402054e-05,0.0003599704564095779,0.0007522024872677439,2.728961408138275e-05,0.00038865013895056366,0.0005195413189528616,0.00017707422375679016
486,1.800645477584295e-05,2.6010879158828992e-05,2.191402018070221e-05,0.00020703438095207027,7.332020419735172e-05,5.302205681800842e-05,1.6947004197012325e-05,1.535978409303475e-05,9.737908840179443e-06,4.363508274966843e-05,8.691364944300034e-05,0.0001559210941195488,4.936710735777006e-05,0.00017013052854102442,8.371006697416306e-05,0.0006336377725206788,0.0003286811189066518,1.2189149856567383e-05
487,0.000687996282578901,0.00019622179391076688,0.0007002055644989014,0.00041467993109078893,0.00012157456142618261,0.0006743529811501503,4.5345894304285594e-06,2.4978513669303426e-05,3.6306679248809814e-05,0.0003565574342784955,0.0006343933719888395,2.1490268409252167e-05,0.0002169991125531151,0.0011802120002730385,5.180761218070984e-05,0.0010943462603940357,0.0006391444966135952,0.000359460711479187
488,0.0020948907109128445,0.00038630759262997527,0.001337159425020218,0.00025155094019074786,0.00020638741911410338,0.0009503578767180443,8.495753471506398e-06,6.405585786342855e-05,0.00012731924653053284,0.0003563202921099823,0.0006695721715153855,0.0004559578374028206,0.0006806087039728514,0.0004458547137831774,0.0010252147912979126,0.00012615119340556036,0.000852181158960498,0.002493657171726227
489,0.0019820149485398897,0.0009500885249284392,0.00046769343316555023,0.001737164841544847,0.0005719279142569582,0.00103035569190979,0.00014897631500637026,0.00022154721993095973,1.718476414680481e-05,0.00246519075797573,0.001537333118040829,0.0015658950433135033,0.0020449699405861027,0.0028911311791879474,0.0003134533762931824,0.0002487508027904928,0.0030590096302947,2.3894011974334717e-05
490,0.0012816913516408013,2.6043430732609202e-05,0.00041445717215538025,0.000357298959387381,5.283967232744616e-05,0.0009782491251826286,2.7622004124195493e-05,0.00025152114888907055,0.00011048093438148499,0.0015133317586041722,0.0011480137640077909,0.0021565924398601055,0.0005710632329315596,0.0028147471622023204,0.00027580372989177704,0.00571150129356246,0.003727434713922978,0.001537177711725235
491,0.0010335047756912241,0.0011210046686836624,0.0030611567199230194,0.0034535326304339087,0.002256737863416333,0.0007476275786757469,1.73425331151094e-05,0.0005992117337042207,1.0810792446136475e-05,0.0014045518004529856,0.008585693600460458,0.0025952854193747044,0.002749405509794328,0.008498087983908957,0.002290276810526848,0.0016005487975925825,0.00953178859700067,0.0010361149907112122
492,0.001644025700408197,0.0006090967678494576,0.00023448467254638672,0.0020563128587272883,0.0004208434436058818,0.0013743303716182709,9.733501597409058e-05,0.00029399222288915166,0.00014798343181610107,0.001673045969360118,0.0030066452393921195,0.002086749766021967,0.00019947127170154288,0.0036579501687872317,2.8776004910469055e-05,0.004689432762737672,0.004789147999196188,0.001951318234205246
493,0.0008698589966178172,0.00024174575698077821,0.002167079597711563,0.0018081664544628007,0.000415064299826004,0.00010178238153457642,0.00010069399235258618,0.00022226745033240587,4.696473479270935e-05,0.001459124610692017,0.0021921170738814152,0.001952774589881301,0.0012981111500333792,0.003106044005086423,0.0006464682519435883,0.004414789654359347,0.003670064715057691,0.0002295561134815216
494,0.0010844854216600919,0.0015569939512567015,0.0003319941461086273,0.0009179768648569508,0.0006700978998129686,0.00034283287823200226,3.1061513248983874e-05,9.1421353444351e-05,5.5633485317230225e-05,0.0005427160661765629,0.0006942155621506296,0.0002491031773388386,0.0016852253353661223,0.00032180302159848326,0.0007548406720161438,0.002356083142235177,0.0019570469001101223,0.0003497079014778137
495,0.00048576557212187677,0.0003423262953244563,0.0011639762669801712,0.0009972973620533676,4.027352787040056e-05,0.00030948128551244736,7.62599981739883e-05,8.87928573775139e-05,1.368299126625061e-05,0.0006017798474768216,6.870940067205122e-05,0.0015417374670505524,0.00039380454838952583,0.0012905652972849714,0.0007707178592681885,0.0001828169283228931,0.0015041517433867085,5.085021257400513e-05
496,0.0006178489673476228,0.00025057994785199905,0.00057976134121418,0.0004167878052112328,0.00012870280608614018,0.0010512042790651321,2.5388548491135643e-05,6.711832482982506e-05,2.9150396585464478e-05,1.122248990120811e-05,0.0008972115927275426,1.5248951967805624e-05,2.611938465667263e-05,0.00040649555191687656,0.0006230752915143967,0.0006997551748170183,0.0014005795026993118,0.0005554370582103729
497,0.0007720864541750638,0.00027514915815197993,0.0003869682550430298,0.0006868123051143593,3.219190634047228e-05,5.1975250244140625e-05,9.927885278479369e-05,4.954085402787819e-05,2.7045607566833496e-06,0.00024321597235300862,0.0010470608033065626,0.0004157999064773321,0.00023682077505221555,0.000723594454080493,3.553926944732666e-05,0.001405632395595463,0.0007152190190303359,0.00011011213064193726
498,0.0006876264338774307,0.00032438694184877895,0.0003319382667541504,0.0006148054464070185,0.0006319433947812522,0.00048387935385107994,0.00011616090127356676,8.42603684477047e-06,6.879866123199463e-05,2.588327709676652e-05,6.009743594482392e-05,0.0003544009814504534,0.00025440912844187924,0.00022731674542272352,4.52529639005661e-05,0.0010017555844799575,0.00019254118575175172,0.0014725849032402039
499,0.000148272071710559,0.00010706623266555637,0.0005944278091192245,0.00014391187043885645,0.000664886776381636,0.0006505153141915798,0.00013071403592969724,8.230317746432594e-06,9.004026651382446e-05,0.0005203288210016976,0.00034120062308449356,0.0003895717964041978,0.00013668180899932547,0.0008924993662875556,0.0001686643809080124,0.0008689625361116837,1.8157143031050094e-06,0.002027500420808792
500,0.0013475836129695218,0.0006805449287809497,0.0006181132048368454,0.0008498555717953993,0.00015346996050769057,9.82433557510376e-05,7.004235064603237e-05,7.04288039961574e-05,9.67457890510559e-06,0.00037776218057741784,0.0007074470664368213,0.0005040256073698401,0.0002619920411780774,0.0015158854211424905,8.721649646759033e-05,0.0019158862172425906,0.0011561413891238298,0.00012217089533805847
501,0.002118656384801132,7.142581533714151e-05,0.0018446575850248337,0.0015182664469363671,0.0009390058303626117,0.00037910882383584976,1.3809395826814078e-05,0.0001440110959571245,1.1850148439407349e-05,0.0018203369866816033,0.0008423000374586237,0.0019580606021918356,0.001477529590590096,0.0012253649792480694,0.0004024188965559006,0.0022046253388848525,0.002056283619237438,0.0007929131388664246
502,0.001517092563630168,0.0007702765277028262,0.0016853585839271545,0.0006316696083983053,0.0009036863574690933,7.069483399391174e-05,2.3116516938892842e-05,0.0002224726065532226,0.00012225285172462463,8.879560332991643e-05,0.002753678860718714,0.0007127992575988173,0.00014729069774123416,0.004095750170343278,0.001154417172074318,0.0014913678325611246,0.004123644055918592,0.0017687231302261353
503,0.004672336881338099,0.00013802845320494417,0.0012161564081907272,0.003069500659985333,0.00012714597798788724,0.0004393383860588074,0.00017108569501677814,0.00016810500563977033,6.010383367538452e-05,0.0031740480401917376,0.0003271928131255708,0.0008709738031029701,0.0027141380768180567,0.0020683888590880585,0.0011284202337265015,0.00017184486665119958,0.003011135077402298,0.0008548423647880554
504,0.003459199983811709,0.00031107973169882536,0.0017004963010549545,0.003173689380016012,0.0007932883184849082,0.0008373204618692398,0.00020355079563529228,0.0003997639262326813,4.114210605621338e-05,0.003657473874028677,0.005142006442538531,0.0015049900393933058,0.0020255669872799448,0.004401484595721528,0.001812085509300232,0.003945116520204545,0.006674224075779306,0.000520411878824234
505,0.0021641080327162165,0.0006378511576382827,0.001210782676935196,0.0019941700152840136,0.00044835423365381655,0.001249660737812519,7.910416147564533e-05,0.0004232279371867728,0.00010404735803604126,0.002363212084455224,0.005157401150426226,0.00345753226429224,0.0017581157697265232,0.006327428384264647,0.00021595321595668793,0.0001205585486691585,0.0066897089862271025,0.003086000680923462
506,0.0014350618044646768,0.0003868529358959129,0.0005841832607984543,0.0013541111170272957,1.620159888111178e-05,0.0007103905081748962,2.1423473190548825e-05,0.0002473256440112256,0.00012352317571640015,0.0009635566801815404,0.0017876669023378852,0.002183167729526758,0.0012365133805471162,0.0019278876103636933,0.00039007700979709625,0.0036608443760113574,0.00377466854212951,0.0016641393303871155
507,0.00209152638401508,0.00034973010204863986,0.0008074585348367691,0.002080399532969429,0.0009732031949919277,0.0005693491548299789,0.00020553754922836807,0.00020009270684537078,2.319738268852234e-05,0.002590305295275125,0.0023446016918238013,0.0005509732291102409,0.0016865692921086833,0.002782329411100487,0.00124409981071949,0.0009927129567625925,0.002775080756432881,0.0012460574507713318
508,0.0004981367845033613,8.100489054122667e-05,0.00040581636130809784,0.0004102035819236738,0.0001358381094167284,0.0006310781463980675,3.467062874256549e-05,0.0001683099353812713,3.98196280002594e-05,0.00033163018254560306,0.001560480835254209,0.0010917726904153824,0.0003056802795592395,0.0025815611772940956,0.0004088450223207474,0.00038298253891039247,0.0029082573976012757,0.00039876997470855713
509,4.6810568234884053e-05,3.7964941311908335e-05,0.0010913945734500885,8.381448893135524e-05,0.000375679193624464,0.0005008336156606674,0.000166192054119765,9.400903768654674e-05,0.00010028481483459473,0.0003418931608019926,0.0017239990108709469,0.000105343759059906,0.0011377644976851842,3.719978250578404e-05,0.0008424529805779457,0.0009566574646016901,0.0015135291606197506,0.0012429021298885345
510,0.001180535598906629,7.724798818349587e-05,0.0005403738468885422,0.0011854511671765267,1.086397313318499e-06,1.7499551177024841e-06,9.12685147568329e-06,8.361747092622599e-05,4.023313522338867e-06,0.0013350900189724735,0.0009585726362577179,0.0006400588899850845,0.0009656166956971413,0.0019565498733950387,2.9674731194972992e-05,0.0004366772767637195,0.0011671639862573342,0.00011784583330154419
511,0.0005807300951057859,0.00025114664685126076,0.0004573538899421692,0.0008432379731436457,0.00044912301672823604,7.560476660728455e-06,1.7482203607872837e-05,4.3456313361344724e-05,9.912997484207153e-06,0.0003064271367216598,0.00013724075836963473,0.0005362369120121002,0.00037959015059771395,0.0007030445503683237,0.0001604044809937477,0.0016068985829305604,0.0007909213306244111,0.0004073791205883026
512,0.00018575279702895409,6.295730402448158e-05,0.0002843458205461502,0.0002699921107176262,6.55787144869073e-05,0.00022800173610448837,4.4408927323991154e-05,1.7200441695678416e-05,1.586228609085083e-05,0.0006085327613132852,0.000673480294129801,0.00013991538435220718,0.00023993184358897524,0.0008024260271892111,0.00011679530143737793,0.00015913315540871942,0.0001697405705577402,0.0001825094223022461
513,0.0012010922145210545,4.007095594995083e-05,0.0001353733241558075,0.0008406289370065378,9.902877064466367e-05,0.00015825871378183365,1.8332001230289552e-06,1.491590343321683e-05,4.3042004108428955e-05,0.0014814215881944759,0.00020349476870482053,0.0005110222846269608,0.001102596465522243,0.0002947612197894238,0.000488748773932457,8.292167048568055e-05,7.848911883036021e-05,0.0010210797190666199
514,0.0013136031898567935,7.592299212924244e-05,0.0005510542541742325,0.0010706238397028,0.00016156940709285625,0.00034953560680150986,0.00014053379216143191,5.2203365340243126e-05,1.154094934463501e-05,0.0017654851455722181,0.00010189655571756634,0.0003670761361718178,0.0008620367773347765,1.2594063836364466e-05,0.00010088179260492325,0.0014613945934011663,0.0007671872926793637,0.00011900067329406738
515,0.0018205395837241622,0.00034724854341676437,0.00012571178376674652,0.0020949998294683414,0.0002005539009025427,0.0003250744193792343,4.60595674929825e-05,1.3275697030161573e-05,1.1045485734939575e-05,0.0022543397592396097,0.0013115785048040188,0.0003022570163011551,0.0017067679747223008,0.0013275504531065664,8.407514542341232e-05,0.0002461000655399337,0.0002370998006910258,0.0008336305618286133
516,0.00037819966824617635,0.0008295925351218744,0.0011454988270998001,0.0006495539559018548,0.0004334328446009318,0.0006317617371678352,0.00012819369487697234,8.534724884339673e-05,3.7964433431625366e-05,0.0001868128232180577,0.0006166066026365574,0.0004529738798737526,0.0006419282899139817,0.0007011064058164117,0.0002555921673774719,0.0032317711251397263,0.0013352767907566405,0.0007934421300888062
517,0.00039719308043559276,0.0003238071545843303,6.150826811790466e-05,0.00019205287503870627,0.00064494977763669,3.917515277862549e-05,3.304338065934255e-05,1.2234097425492985e-05,3.146752715110779e-05,0.0010655074981457402,0.000990937870049051,0.0003731483593583107,0.0004460415009958779,6.1021157240020996e-05,0.00036379508674144745,0.0013841896298751044,0.00017897388536093194,0.00019033625721931458
518,0.00020848068534265463,0.0003267801529346151,0.00013764947652816772,7.274257211567492e-05,0.0004887311176980519,0.00019741617143154144,4.252723323265942e-05,4.1498514266989184e-05,1.2818723917007446e-05,0.00022048964598296583,0.00016302151024648326,0.00022546108812093735,6.258021671819158e-05,0.0012457560890195458,0.0002901693806052208,0.0010327247550131757,0.000625194827288394,0.0002668611705303192
519,0.00048372876632263306,7.049627381288878e-05,2.7822330594062805e-05,0.0005235394595510534,7.321510476765436e-05,8.103996515274048e-05,2.048942014085814e-06,1.7837865529549764e-05,1.4171004295349121e-05,0.0004981105666400504,0.0007029931424398783,0.0004974054172635078,0.00047502288288515937,6.816988913958474e-05,0.00036529824137687683,0.0007246842910172135,0.0002035744717287999,0.0006180070340633392
520,0.0010673159868631044,3.330372771431084e-05,7.958710193634033e-05,0.000944434575858577,6.0754273382632173e-05,2.905074506998062e-05,2.0633350564411637e-05,2.0480756383040694e-05,1.2103468179702759e-05,0.0011722060032838266,0.0005725862347017649,0.00010835099965333939,0.0009085776963858455,0.0004083923907283564,3.371573984622955e-05,0.00018842784826667014,0.0003004261040021484,0.0001760534942150116
521,0.0010087613382916416,8.932855589033686e-05,0.00014857202768325806,0.001051309517451221,2.5616591514170117e-05,0.0001485813409090042,1.9644271442310554e-05,9.059178129393406e-06,3.156810998916626e-05,0.0008005696659537376,3.27044636297541e-05,0.0002324562519788742,0.0005971175977806664,0.0002437491559559371,0.0002011312171816826,0.00037956325710314376,0.0002939843221684184,0.000274658203125
522,0.00022413427018058707,0.00012424471309237586,0.0002588573843240738,0.00011851168926646505,4.4034944124856507e-05,0.00010199751704931259,2.733006693979821e-05,1.8449246314587785e-05,3.0260533094406128e-05,0.0006560190001473759,0.000271467615731269,0.00019481312483549118,0.0004143968765460415,0.00015926032714516647,0.00036133918911218643,0.0001797757751769713,0.0001821497056181537,0.00023442134261131287
523,6.70863538167199e-05,0.00017949553305000518,1.4835968613624573e-05,0.00026175960737109816,2.2408103153168102e-05,5.2344053983688354e-05,2.1096401289805167e-05,2.0802295446224663e-07,3.159046173095703e-06,0.0006396207681915456,0.00043111688888430866,0.00021308474242687225,0.00020518559321390517,0.0004516198014702967,0.0001736348494887352,3.020008205664726e-05,1.555249869764075e-05,0.0007400214672088623
524,0.0002271389730020279,0.00012428368588971242,0.0002596937119960785,0.0006680896068428366,0.00014743872657836665,0.0003526555374264717,3.069435043955883e-05,1.2413290751816467e-05,1.9855797290802002e-05,0.0008112672988436626,0.00013226862838666004,0.00010550208389759064,0.0007443137507858744,0.00042883633488256107,2.9874034225940704e-05,9.439352016224478e-05,3.8853635377675104e-05,0.0002409815788269043
525,7.731780363856577e-05,3.344870481532952e-05,5.826912820339203e-05,7.601375004179234e-05,0.00011781250870378235,2.0753592252731323e-05,2.0723973700552747e-05,3.029520568850058e-06,1.0304152965545654e-05,0.0005029966136512465,0.0001907729709944364,0.00012161862105131149,0.00031526439234114134,0.0001507501754325971,1.848861575126648e-05,0.0001850769182649148,4.0495074222452604e-05,8.66428017616272e-05
526,0.0005801441343837865,0.00014605018732094174,0.00011190958321094513,0.0007328721409877725,0.00017183376520055194,0.00021014735102653503,2.0252599685896544e-05,1.0345137660276553e-05,1.1961907148361206e-05,0.0002872061892675998,0.00046109245623018186,0.00026275962591171265,0.0003755618237345354,0.00035369324937612953,0.0003450000658631325,3.617947442219327e-06,0.0001648442748554916,3.1694769859313965e-05
527,3.2969521125580936e-05,8.691075401315654e-05,0.0002273600548505783,0.00010504863373497764,2.273174391545507e-05,0.0003812406212091446,1.0526593645284257e-05,1.4691339330015203e-05,3.7103891372680664e-06,0.00011394350790057406,0.0003606724218763735,2.4478882551193237e-05,0.0003168144814579832,0.00020107374985999307,0.00021750293672084808,0.0003190078977909627,0.00021428774033491454,0.0002535805106163025
528,6.834096855523608e-05,0.00013641624274427638,7.857568562030792e-05,5.012823251926424e-05,1.0561249559011554e-05,0.0001492667943239212,1.748612687484455e-05,4.4414760624384873e-07,1.825392246246338e-07,2.1059106110415948e-05,1.291858529021972e-05,0.00029224809259176254,7.945901333128447e-05,8.800755754746065e-05,0.0003647292032837868,0.0010149015789707172,3.057885056106328e-05,0.000525154173374176
529,6.728584455251152e-05,0.00014869565719973984,0.000181540846824646,0.0002474816760038301,9.14820465737487e-06,5.688425153493881e-05,2.297990509770448e-05,2.3833554266098906e-05,3.940984606742859e-05,0.00033934392705076144,0.0007926665323038026,0.0005484828725457191,0.000319828302592029,7.492932291091464e-05,0.0006983727216720581,9.23898678907853e-05,0.000339674407636879,0.0004122033715248108
530,6.533933900815247e-05,0.00027796001476176196,0.00010665692389011383,7.931171902594847e-05,4.562292659219397e-05,1.4492310583591461e-05,5.738872958987312e-05,6.249284292720388e-06,3.807246685028076e-06,0.00010704697680249953,0.00010359000097900917,0.0001711566001176834,0.00011138593650650286,0.0001993961803132445,4.241522401571274e-05,0.0017870886195526514,0.00015791067630644903,0.0004379265010356903
531,0.0007420399865814553,4.171021977937561e-05,0.0001624971628189087,0.0008808953968511835,0.00012195449233856626,5.243159830570221e-05,5.548344872563851e-06,2.8266353980399073e-05,4.1659921407699585e-05,0.0015822335861648829,0.0010539166456343604,0.0005608005449175835,0.0010451374590108031,0.00017208380566792816,0.000746297650039196,0.0016505162244470906,0.00043195275174303435,0.0006073638796806335
532,0.0004969802421720404,0.00015953965052914118,0.00028471648693084717,0.000434105038810334,0.0002467475664889064,0.0002172514796257019,0.00013834160376806522,9.695281732039493e-06,3.9346516132354736e-05,0.0011298060707329166,0.0008593551018978435,0.00023931637406349182,0.0006514960636182371,0.0006332921879981211,0.000221974216401577,0.00027510163942989774,0.00025815140748219976,0.000523880124092102
533,0.0001646217098052738,4.098338037679741e-05,8.129887282848358e-05,7.359610878515666e-05,0.00015615493537243091,2.9771588742733002e-05,4.78985564022049e-05,8.138934588280337e-07,5.505979061126709e-06,5.14489109010724e-05,6.683757998594136e-05,0.00012228824198246002,1.6928531851312378e-06,0.00034448567678254174,6.517954170703888e-05,0.0006803407779756576,0.00018561247568982427,0.0005240663886070251
534,1.8608345089349276e-05,2.5476665973103024e-05,2.90554016828537e-05,3.369110995696256e-05,8.947759870806676e-05,4.009343683719635e-06,8.191746081031431e-06,2.738696716442202e-06,3.8817524909973145e-06,6.094567730971501e-05,0.0001151592814775046,2.11494043469429e-05,0.00022265092416075272,0.000132192804534189,0.00010863970965147018,0.00024644217881558683,6.881367862594107e-05,0.00010455399751663208
535,0.00013382321365479344,3.6831758279395194e-05,0.00032072514295578003,0.00026957415920167427,0.0002118192905031721,0.0002756388857960701,3.7497904682012514e-05,1.1764889410811755e-06,2.267584204673767e-05,0.00010983753776470928,1.8242543447989645e-05,5.33517450094223e-05,0.0001240602098899618,0.00021178291556506884,0.00010961014777421951,0.0005099501618348878,2.6182086226324286e-05,0.0004238821566104889
536,2.1307738523823616e-05,0.00010278688109676554,6.224773824214935e-05,0.00010251584459486374,0.00010175267284080053,2.2839754819869995e-05,1.8584233187122698e-05,8.199718213288559e-06,2.864748239517212e-05,7.637144295925824e-05,9.987827832413226e-05,0.00027416646480560303,9.042518421212287e-05,7.01060194972132e-05,0.00032560061663389206,0.0005220064709000327,8.202479878365032e-06,0.00031799450516700745
537,0.0006189766915989936,3.9204336041903654e-05,1.0220333933830261e-05,0.00042108437013396727,0.00016260135617876884,9.547919034957886e-06,3.6538202850070964e-05,1.2224636334489032e-06,1.2401491403579712e-05,0.0008512301386818799,0.0001601970286235488,0.00041327811777591705,0.00018644724039441896,5.331639226480514e-05,0.00039715133607387543,0.0010100397993688393,0.00010757661724069244,0.00043800100684165955
538,5.721730393290492e-05,3.124134167573067e-06,9.165890514850616e-05,8.780196814564545e-05,1.1770520253806538e-05,1.1206604540348053e-05,6.0017285989743055e-05,9.588712406306463e-06,2.12937593460083e-05,0.000594069138107417,9.115679021206441e-05,0.0003041280433535576,0.0005393670777159992,7.106121300841026e-05,0.00034919846802949905,8.517630895615858e-05,4.032836973055093e-05,0.00030982866883277893
539,8.85809528402004e-05,1.021842107916393e-05,0.00032375194132328033,0.00042084777802603446,0.00016040419702603378,0.0002445429563522339,8.034994260375933e-07,1.610669051573579e-05,3.410130739212036e-05,0.00017929246205038163,0.0006615172055572799,0.0002620229497551918,0.0005004591302882611,0.0005304468491666402,0.0003956230357289314,0.0009542084002328588,0.00039264391623733234,0.000777117908000946
540,0.00015960955491270412,8.617570601747795e-05,1.3746321201324463e-05,7.36431852154662e-05,0.00015941204191971883,2.3082830011844635e-05,3.391419062089354e-05,6.856191956105596e-06,1.9665807485580444e-05,0.00021997689812700005,0.0004676911047746951,0.00021038204431533813,0.00015058281331253864,0.00036832762913100586,0.00022391974925994873,0.0003692595381298569,0.00019424741185916812,0.0002589710056781769
541,0.00018915089587406841,9.115897364292067e-05,0.00019200891256332397,2.908045886471089e-05,2.194278537189301e-05,5.969777703285217e-07,1.1768898183507279e-05,2.88351706958283e-05,8.743256330490112e-06,0.0003271616323693438,0.0002322617039924313,0.0004311446100473404,0.00017482869633322906,0.0004907665892752225,0.00015641842037439346,0.00015548589303848726,0.00042253557378361777,6.89774751663208e-05
542,7.244114514431965e-05,0.00011426378412818239,1.3714656233787537e-05,0.00040982663806748976,0.00016003238477163562,8.73710960149765e-05,1.8579215075821207e-05,1.4865284113352827e-05,7.338821887969971e-06,6.867562014795103e-05,0.0002064253183433687,0.00016062892973423004,0.000113108649221344,2.341011125886125e-05,5.498155951499939e-05,0.0003261978405268984,0.00024341669381679025,0.00017079338431358337
543,0.00021100189216793908,0.00017045767987644914,0.00012702308595180511,0.0004423403105908996,2.3872566301333387e-06,0.0001167571172118187,4.6078416836651745e-05,4.497482584974106e-06,4.06801700592041e-06,0.00036141838402889426,1.5111518841079419e-05,7.112789899110794e-05,0.0003707011635897123,0.00029879095166100017,2.7006492018699646e-05,0.000988874695484948,9.867038405967504e-05,6.0304999351501465e-05
544,0.00030224355811026005,2.3894492252204275e-05,0.00016706809401512146,0.00048589304519564003,4.489117238555551e-06,0.00021592248231172562,3.728481033849797e-05,9.294010811990649e-06,2.9169023036956787e-06,6.81011786632657e-05,0.00015623999223677437,0.0004758089780807495,0.00031663572054706213,5.490154366236469e-05,0.0005105175077915192,0.0017737435208007857,0.00015846768637438422,0.0003700964152812958
545,0.0004569899703817104,6.789349896559049e-05,6.81113451719284e-05,0.0005963250480025828,3.4600396584191784e-06,8.992012590169907e-05,2.746626388366001e-05,5.48505413365568e-06,1.3422220945358276e-05,0.00021427557665372465,0.00023832615229468085,0.00013440661132335663,0.0002737973226033946,0.0002532448629574656,9.77925956249237e-05,0.00022915298740486256,4.361889546743245e-05,0.0002702660858631134
546,3.091868909191331e-05,0.00010547221329005804,0.0003566127270460129,0.00010452215331849257,0.00011213946693221233,0.0004058089107275009,5.115302530697176e-05,2.3144117981739078e-06,1.2490898370742798e-05,7.6930927976393e-05,8.793974749813499e-05,0.0005848892033100128,0.00016533074511800028,0.00038534752302873954,0.0006550997495651245,0.002412407895029167,5.4754115860663685e-05,0.0001019500195980072
547,1.578518733402756e-05,0.0002961154995870449,3.1366944313049316e-06,0.0002109265529476323,0.0005167107623487432,0.00011727120727300644,9.546889795954659e-05,1.624543577618138e-05,5.038455128669739e-05,0.0005704475680367443,0.0007129556763787251,0.0009586857631802559,3.267972381147677e-05,0.0004645985857930704,0.0008201664313673973,0.0016028404634512439,0.00036641171349439776,0.0013820268213748932
548,0.00014742324333508194,0.0002937621651878386,0.0001993868499994278,1.2057051925640216e-05,0.000471614038849516,0.00010612420737743378,4.7430955511202494e-05,1.3652242930866081e-05,2.8692185878753662e-05,0.0005189318898835282,0.0007061933938284637,0.0006729839369654655,0.0002454086259736643,0.0009161452508652593,0.0005298610776662827,0.0017490901428027783,0.0003462775684782392,0.0009205155074596405
549,0.00027838935431270806,0.00023860255301174846,2.0675361156463623e-06,0.00014338477068828737,0.00016604572875570864,0.00018546730279922485,4.7242555766229336e-05,2.6874850405733382e-05,1.815706491470337e-05,0.0005855753926802126,0.0008269790967916357,0.00032084621489048004,0.00022075550364539231,0.0007026563829159692,0.00010973960161209106,0.0007067193239930214,0.000618466445472394,0.0006524436175823212
550,1.8960206543683356e-06,0.0001449687596026851,0.00032129697501659393,3.9803233077617683e-05,1.9086771344552222e-05,0.0003006625920534134,1.2849172831008726e-06,1.0200599271451287e-05,1.7315149307250977e-05,0.0002612597819778295,0.00043246813804637824,0.0003758305683732033,0.0003161542052205757,5.704776702571482e-05,0.00037619099020957947,0.00026299029482113045,0.00026746321633600457,0.00025994330644607544
551,0.0006521533631877185,4.1632078294259744e-05,0.00016071274876594543,0.0005688248322562872,3.3226368104877224e-05,0.0001757107675075531,2.4565772156372526e-05,6.841372396454925e-06,9.179115295410156e-06,0.0003232463854422607,0.00010426560704922955,0.00024996791034936905,0.0003434600052851927,1.0177292536068389e-05,0.00022601895034313202,0.0013282507953366052,0.00013461346244152995,0.0005390346050262451
552,0.00010075344371360262,0.0001197200872137677,2.9314309358596802e-05,0.0005002540027908287,0.00010558033038947368,5.1876530051231384e-05,3.7171499093061056e-05,1.6663972533811065e-05,1.2032687664031982e-06,0.00036384891615130754,0.00042353004962859125,7.616914808750153e-05,0.0004649781110206558,0.00015766020113174017,4.251021891832352e-05,0.001160181634542956,0.0003739130656187622,0.0004799552261829376
553,0.0002510524434698458,0.0002850499302352247,2.6045367121696472e-05,0.0004325781162475839,0.00020504278108839438,0.00018794648349285126,0.00011086058545495964,2.6967718280081817e-05,1.1652708053588867e-05,0.0005130880385577352,0.0008572300762992174,0.000130348838865757,0.0002889661228579754,0.0004131312144086234,0.00013949256390333176,0.0013081673801306204,0.0005108810911412087,0.0008538030087947845
554,8.251833082326132e-05,0.0005156389383063585,6.211176514625549e-05,0.0002426023399669519,7.293441706071602e-05,0.00037765875458717346,0.00010061972138845042,4.562126715397692e-05,1.5541911125183105e-05,0.0008551548226387318,0.0011543984727477932,0.00016571953892707825,0.0006168414797070726,0.000513051465890417,0.00024980027228593826,0.0012278849583679807,0.0007102541824569857,0.0012210234999656677
555,3.8625189241386915e-05,0.00023520969168670108,0.00017452985048294067,0.0001379079148891571,6.612081863186653e-05,0.0003193765878677368,6.622957994279095e-05,3.0356765905913607e-07,1.7307698726654053e-05,0.0005077599510614206,0.00012039112970526483,0.00010471697896718979,0.0004634166643460308,0.00042036246040405914,3.020651638507843e-05,0.0006046834093817732,9.538069503070741e-05,0.0009629540145397186
556,0.00012384472737941854,0.00016446250977918825,0.00012478604912757874,0.000260700186119428,0.00018632797359096134,0.00010002963244915009,7.258280923531403e-05,1.4534361278834777e-05,4.474073648452759e-06,0.00036476153785745813,0.0005909629585296797,6.126333028078079e-05,1.4946028970563852e-05,0.0004490012447255151,0.00011274591088294983,6.166972265259085e-05,0.0004439977130797478,0.00010612607002258301
557,2.803128554773604e-05,7.985346975803928e-05,0.00013127364218235016,0.00018605989735293038,2.307890238292462e-05,0.0001465175300836563,1.3925938672460642e-05,5.897453450641823e-06,4.969537258148193e-06,2.731796515466345e-05,5.8661720805652795e-05,3.5225413739681244e-05,0.00030951688067604177,7.313032812550704e-05,3.3138319849967957e-05,0.0004212238901672716,0.00019865496054003503,1.0740011930465698e-05
558,5.388162911484917e-06,0.000150825688668213,2.5795772671699524e-05,6.594218509170524e-05,5.088948125467341e-05,0.00014336034655570984,5.685505789315877e-05,2.0834227082473333e-05,2.316012978553772e-05,0.00016229880707467614,0.0006768937973225392,0.00021113920956850052,0.0002652423734710446,0.0006350102761411569,3.171246498823166e-05,0.00012555005871420222,0.00028967619168945077,0.00022445619106292725
559,5.3822184331725476e-05,8.199470038922421e-05,5.2131712436676025e-05,0.0001639894082220983,8.183245341473674e-05,2.0135194063186646e-05,6.724388093279354e-06,7.219751922624574e-06,3.341585397720337e-06,0.00012083127325765441,0.00014374870418624314,5.687214434146881e-05,0.00015535930580515278,6.391194118943178e-05,6.008706986904144e-05,0.0008266410076552821,2.0105036120014394e-05,0.00012284144759178162
560,8.166521509006541e-06,2.2827876471544217e-05,0.00011631660163402557,1.2075337184835888e-05,6.226325364414032e-05,3.4632161259651184e-05,3.605285606854934e-05,6.245603606322631e-06,1.1622905731201172e-06,0.0003092935431520949,0.000161561249483258,5.2383169531822205e-05,1.6829560399833632e-05,0.00017860395655635783,0.00021974369883537292,0.0005969608568650864,5.066749822714087e-06,6.399303674697876e-05
561,0.0003762848321726686,0.0004127343204169513,3.682821989059448e-05,0.0006248422312925828,0.0004018104621474443,0.0001905541867017746,8.767113669601832e-05,3.485946939973082e-05,1.0054558515548706e-05,0.0004778484889425977,0.0008441768306127195,0.0001833215355873108,0.0003733520872196555,0.0009031756917997728,0.0001255301758646965,0.00010787420684899018,0.0007761973752856625,0.0006530024111270905
562,0.0005967394225804834,7.22491609302274e-05,0.00040682218968868256,0.0005121910132901974,6.353568616817434e-05,0.00044900551438331604,2.755346862024291e-05,6.182739451864462e-06,1.5832483768463135e-05,0.0006150772035824481,0.0002580276717996724,0.00018778443336486816,0.00027738744158935236,0.00026144880792729197,0.00022619683295488358,0.0007916746271482145,3.77814239583738e-05,0.00023765116930007935
563,0.00013134038938250603,6.880775590318439e-05,7.100962102413177e-05,0.0002477518121215827,3.0600670785436296e-05,0.0001298505812883377,1.2426946918296655e-05,1.7820741932643024e-06,1.9781291484832764e-06,0.0003464075920632803,0.0003499054081094813,8.352845907211304e-05,0.00024861416830100624,0.000199572783158658,0.00019881967455148697,0.0002785915378664683,8.618111794056818e-06,0.00037019699811935425
564,0.00030390646921069076,0.0001905395541229836,6.216205656528473e-05,0.00010620779436582017,1.9138133182401013e-05,4.850327968597412e-06,1.4897445393558667e-06,4.165192186981917e-06,2.551823854446411e-06,8.794798876975152e-05,4.7110534644255464e-05,0.00015445612370967865,5.2573331422889336e-05,0.00039762431079478147,0.00026570726186037064,7.043180643670488e-05,5.720434418307477e-05,0.00018829479813575745
565,0.0006851121914391856,0.00013539858363853172,5.986355245113373e-05,0.0007051254528131767,8.08643336340821e-05,0.00020264089107513428,1.3425984285506468e-05,2.2647194715828546e-05,3.5081058740615845e-05,0.0005167179779073938,4.471036493922803e-05,0.0004392731934785843,0.00030604085287781746,0.0007088419215959298,0.0002575637772679329,0.00037773219870049224,0.00038270686430377137,0.0006693974137306213
566,0.00014730490278858088,6.528678767620325e-05,0.00015956908464431763,7.52460593637927e-05,0.0003279559523546201,0.0002756696194410324,1.7026940823932496e-06,7.0560339202708025e-06,1.36643648147583e-05,0.0003941004491127692,0.00023530876261761147,0.0004141181707382202,3.497484229898762e-05,0.00017739787632783596,0.0005303751677274704,0.00014833539294584197,0.0002466893227104543,0.00042901188135147095
567,0.0002597676661367787,3.0195699839998674e-05,0.00013016723096370697,8.387884045862881e-06,0.00028187881550529453,2.1416693925857544e-05,1.5928642625624712e-06,7.711518627708143e-06,3.7141144275665283e-06,0.00022366611842934703,0.00018359693595747933,3.223679959774017e-05,0.0003843638093602719,9.987880247605205e-05,0.00013993866741657257,0.0008781174748561105,5.48878245892892e-06,0.00014310702681541443
568,3.609716842906119e-06,0.00011106864443042805,0.00020880065858364105,0.00023907940763562285,0.00019910385551833235,0.000338725745677948,0.00010366110231435632,3.4671265206684664e-05,4.618242383003235e-05,0.00018378868273642712,0.0007952669913916591,0.0005186237394809723,6.764393840524852e-05,0.0001439526366195966,0.0003466252237558365,0.0004385121831222416,0.00042475071340444164,0.0012707039713859558
569,0.00028685485728843774,0.0004049303595352362,8.500367403030396e-05,0.00015140453564163603,0.00025362995433051566,3.742799162864685e-05,3.0249959744044208e-05,1.9034518572765235e-05,1.9241124391555786e-05,9.72184605218529e-05,0.0004064160492504923,0.0002914704382419586,8.82980459116639e-05,7.2257211864087956e-06,0.00023853406310081482,0.001376400708204023,0.0003488126019579683,0.0004869513213634491
570,0.00042256738188117815,0.00036415188737544055,0.00018898770213127136,0.00013479233307756022,0.00020384642062913974,0.00028241612017154694,6.543619307706854e-05,1.8279663524338967e-05,4.988536238670349e-05,0.00016276646471798106,0.0005801615020678413,0.0005032746121287346,4.230173185044983e-05,0.00010823933855719572,0.00034611206501722336,0.0008082907659098804,0.0003627076964927904,0.0010899193584918976
571,0.0005243733455174981,1.5822025805009576e-06,0.0001872032880783081,0.000339954342271076,0.00011833135038136558,0.00016612745821475983,3.55783856490037e-05,3.750090144059924e-06,2.8032809495925903e-05,0.00032558999885767825,0.00013005909708733304,0.00017333868891000748,0.00021928328060105695,5.035301509641668e-05,0.00018124841153621674,0.00023834360363378382,8.238856823516126e-05,0.000390809029340744
572,1.9942903525804745e-05,8.4280067177301e-05,0.00047583505511283875,4.158747347163261e-05,0.00026276950334768595,0.0003361757844686508,7.621062391731381e-05,2.0732964635184506e-05,2.7216970920562744e-05,0.0002365256424402551,0.0005724750522946784,4.422944039106369e-05,0.0004272024040070377,0.00032787770227337906,0.00024247262626886368,0.0015112103105930363,0.00020937894087359136,0.00012791529297828674
573,5.7188466085850154e-05,4.950914546088259e-06,0.00014229491353034973,4.48581539621018e-05,0.00027685091350376084,0.0003742240369319916,7.169352599959919e-05,3.1848342869526076e-05,1.4342367649078369e-05,0.00031780482859042336,0.0008721912468670628,5.481299012899399e-05,0.00019006123932517605,3.3617240010677674e-05,0.0003585992380976677,0.0008984611169433887,0.00048254143338743224,0.0009103789925575256
574,8.317558496864774e-05,5.779487877966352e-05,0.00021194294095039368,0.0002558773314869367,3.204995765141577e-05,0.00023925304412841797,7.698827054935381e-06,2.0042636635850546e-06,1.0032206773757935e-05,0.00016294670267676115,0.00018445948237774679,0.00010788720101118088,2.407921777525246e-05,8.765284768575549e-05,0.0001720106229186058,0.00023536100070614685,1.969299119996496e-05,0.00017940253019332886
575,3.2180523074354372e-06,0.00015801260859955174,9.089335799217224e-05,0.00039768291256533916,2.7741680850915107e-05,0.00014935806393623352,2.3418500238792106e-05,2.3444880477748993e-06,1.6391277313232422e-07,0.0001396054836620142,0.0002404666407071765,7.509253919124603e-06,1.725937956069401e-05,0.00042010427253688296,8.817482739686966e-05,0.001271874840307774,0.0001166451977881143,3.607943654060364e-05
576,0.0005291950571554571,0.0001048614622018891,0.0004445258527994156,0.0003794486322092061,7.055424175284042e-05,0.0005885213613510132,5.83267969131631e-05,2.4325295115121585e-06,4.599615931510925e-05,1.551838740267153e-05,8.33575709678e-05,0.0003673471510410309,0.0003410568402327785,0.0008866978085062781,0.0001952648162841797,0.0006395110434998241,5.5437179548928e-05,0.0012977942824363708
577,0.0005513858466376087,0.00015702705820978824,2.8971582651138306e-05,0.0006495580028021419,2.9672263274802685e-05,7.418915629386902e-05,2.7074275516460536e-05,1.785554186750941e-05,1.58846378326416e-05,0.0006282673750487022,0.00012533679509854623,0.00017653312534093857,0.0008911876485937359,0.0008624720161367963,0.00012251641601324081,0.000995045668583855,0.0003085478250881924,3.750994801521301e-05
578,0.0003908726398204332,7.965687760753265e-05,0.0001571252942085266,6.215777353518748e-06,0.00011694224868067857,2.8470531105995178e-05,1.809147661285468e-05,8.508858838088924e-06,5.282461643218994e-06,8.430020697680618e-05,0.0003067495537793577,7.172394543886185e-05,2.5122190480716955e-05,0.00030976083937061735,9.256042540073395e-05,2.712936849663672e-05,1.674148312050261e-06,0.00027614831924438477
579,0.0003126386549963389,3.9896789250336295e-06,9.621493518352509e-05,0.00023909497911800415,2.5639072297016507e-06,0.0001535750925540924,3.172539533240204e-05,2.737782787623998e-06,9.428709745407104e-06,0.000344856624055187,4.7515398923191066e-05,4.1651539504528046e-05,5.7895436135935174e-05,0.000348501313748438,4.5672059059143066e-05,0.00034349299820457535,3.9924546517711504e-05,0.00046625733375549316
580,5.2607972336693454e-05,3.652543216548301e-05,0.00036352314054965973,3.92875305629814e-06,5.538803189586439e-05,0.0003967750817537308,2.623433256307428e-05,4.980217720987096e-06,3.1638890504837036e-05,5.98896713328162e-05,1.9083655526580534e-05,0.00032201968133449554,0.0003740403221571126,0.0005281555508183031,0.00027495622634887695,0.000675635906249139,9.077032390142868e-05,0.0004962794482707977
581,0.00025975631027941315,0.0001372629604433663,0.00011438131332397461,2.5628325908189087e-05,2.0487041484492513e-05,7.643178105354309e-05,4.171053654512119e-06,5.822220685933096e-06,5.472451448440552e-06,0.00013246423415036457,4.912618442048239e-05,0.00014335010200738907,9.757985757757881e-05,0.0001583799018151505,5.1812268793582916e-05,0.0006756128434110276,7.26185312333533e-05,0.0001988336443901062
582,0.00020202477751860015,0.00010122983467443156,2.265162765979767e-05,3.0572881551477193e-05,1.0661149062809322e-05,3.5818666219711304e-05,1.589016531188675e-05,7.363997168094005e-06,3.341585397720337e-06,2.492551915531105e-05,0.000185785370516188,6.953813135623932e-05,0.00023627175274773538,0.00013607988746057453,0.00011365395039319992,0.0002230890099678695,8.094205797641411e-05,9.038299322128296e-05
583,1.684185607733757e-05,2.875419904453322e-05,0.0001726895570755005,9.392719567355434e-05,4.76949594490142e-06,0.00018956325948238373,1.7937659476470816e-05,3.7534693450558786e-07,1.7099082469940186e-06,0.00010176609003020864,0.00030787665680444276,0.0002500806003808975,2.6023343121350795e-05,8.726337967199932e-05,0.00024041812866926193,0.0008689111188543153,1.113805270248425e-05,3.378838300704956e-05
584,0.0002718203720352419,3.4627516533672353e-06,0.00017293915152549744,0.00017609305376914408,6.399833024103158e-05,0.00021374598145484924,2.046861534085731e-06,1.5882794732043298e-06,8.38935375213623e-06,2.5172287103122915e-05,0.00024125092322021396,8.644070476293564e-05,0.00035153707391728795,0.00023055127599388991,0.00011610612273216248,0.00025779188712232726,8.834856123716593e-05,0.0002913177013397217
585,0.00012405901779288797,1.3683058307730617e-05,8.760951459407806e-05,0.0001578288162961683,4.393919757720785e-05,0.00011087208986282349,4.39758674560288e-05,8.936336461145834e-06,4.9173831939697266e-06,0.00017893673411420452,0.00016722317416582172,9.656790643930435e-05,2.0824462189497628e-05,5.671026825333075e-05,6.984174251556396e-05,0.00023675709514284216,0.00016754401227856482,3.388524055480957e-05
586,0.00022760330715207444,4.0601400991345515e-05,0.00039027631282806396,0.00022755011668229574,3.0248148268689073e-05,0.000346209853887558,3.8170691634297274e-05,7.585471354435466e-06,2.816319465637207e-05,1.9141996185648158e-05,9.968156028599545e-05,0.00021248683333396912,0.00030388233982860113,9.634028197990849e-05,0.00024682004004716873,0.0002398315071251711,0.00016380690302501312,0.0005149096250534058
587,0.00039291349718398316,4.1199645078794644e-05,8.935108780860901e-05,0.0006181163365485687,4.8348829056691495e-05,7.922947406768799e-05,2.25351020954178e-05,8.890809531908852e-07,2.8390437364578247e-05,0.0006923042550985303,0.00011000760830085637,0.00025416817516088486,0.0005985904313347695,6.255428016534864e-05,0.00026684999465942383,0.000694493252648587,7.222865833394956e-05,0.00024999678134918213
588,0.0002960939647571603,2.467803961112361e-05,4.561617970466614e-05,0.00020618692250237713,3.4444775905032726e-05,5.748681724071503e-05,1.615817826552783e-05,4.6035519659228885e-06,1.560896635055542e-06,1.6062192113544538e-05,0.0002132206717424534,3.9546750485897064e-05,0.00036262953176037505,0.000344942955721253,3.2609328627586365e-05,0.0008608169791343712,4.771083033535675e-05,3.120303153991699e-05
589,0.00013420878177175521,3.40915867374017e-05,7.869303226470947e-05,0.00021002201741193716,3.1715486732277615e-05,9.422935545444489e-05,7.280484126530665e-06,1.4515492417010805e-05,7.875263690948486e-06,0.0004482860971145586,0.0006699047237129704,1.700781285762787e-05,4.558468656032377e-05,0.0004457800883338886,2.0489096641540527e-07,0.0008576575207586701,0.0001292314598475056,0.00021026656031608582
590,0.00020973448299130282,1.6997526986289174e-05,0.00041865743696689606,8.588250131955077e-05,0.00010435868794105713,0.00037478096783161163,6.9150413145539075e-06,2.6527866000468315e-07,2.5074928998947144e-05,7.150836661797e-05,0.0001377418162074942,0.0002477085217833519,8.613825604353309e-06,0.00043038016168276197,0.0002569695934653282,0.00017052702082473448,9.113161294674321e-05,0.0005385205149650574
591,0.00026438417297511285,4.976536151905797e-05,6.069988012313843e-05,0.000222292906615712,0.0001313203267531704,2.5874003767967224e-05,7.17568561573248e-06,2.274056323903629e-06,1.2926757335662842e-06,0.0001101126163306071,1.8944229274280022e-05,0.0001601269468665123,8.155008651394846e-05,0.0002466919803687656,0.00019884668290615082,0.0004115844718348416,0.00013386846429573867,1.8998980522155762e-06
592,0.00032565455847854974,6.7139785276705555e-06,8.494220674037933e-05,7.984708710395694e-05,3.521152741239181e-05,0.00016257911920547485,7.509569364476734e-06,5.242334590726383e-06,2.08243727684021e-05,0.0003025157240493237,5.003971527105244e-05,0.0002816794440150261,0.0003667184379695376,7.701925779588295e-05,0.00020723417401313782,0.00023867790011516954,9.522560090654327e-05,0.00028581544756889343
593,0.00047133320682060664,7.84120665571486e-06,0.000368412584066391,0.0001324717618832738,0.00011280292627431285,0.0003573112189769745,1.2734658331792215e-05,3.954149949542444e-06,1.7385929822921753e-05,0.0003438014592129224,5.196375449108975e-05,0.0001263599842786789,0.00036893346706542984,0.00032715966491253176,0.00010754819959402084,0.0008243186767505628,2.7370151826452537e-05,4.766136407852173e-05
594,8.636431226427543e-05,9.62297609307522e-05,0.00015289895236492157,0.0003591272401099743,8.954636758615533e-05,2.9418617486953735e-05,9.041783302373915e-06,9.43310281688664e-06,1.276656985282898e-05,4.1162960012899874e-05,0.00015649722125104376,0.0002233702689409256,7.2251123515929e-05,0.00027586359845926944,0.00045002903789281845,0.0006775371445539857,0.00025324205862791663,0.0003621019423007965
595,4.773436891755689e-05,0.0002470092722249191,0.0007793344557285309,0.0001661685922407785,0.00014632022515970178,0.00089232437312603,0.00010105264629762731,3.3048064744350383e-06,4.6622008085250854e-05,6.963326638584344e-05,0.0003656310862940951,0.00013042427599430084,0.0003535734864466983,3.053207021283186e-05,0.0002483054995536804,0.001568441287085831,6.753295085435871e-05,0.0008194409310817719
596,0.000371144732143891,2.9634487332886456e-05,0.0005822870880365372,0.0002863104634222291,0.00011016564410906357,0.000513443723320961,6.122474296734425e-05,9.30998458780014e-06,5.7909637689590454e-05,0.0008235348005352222,0.0005116103244351619,2.5068409740924835e-05,0.0005653452075088938,4.795433319141826e-05,0.00016286596655845642,0.0032005209427896364,0.0001274348493198298,0.0007499679923057556
597,0.00018286779044052182,0.000263722494365598,0.00026409514248371124,0.00010866665586112267,3.0296737996388795e-05,0.0004923921078443527,3.9098943773891934e-05,1.145364331880727e-05,5.792826414108276e-06,0.0007427326377496546,7.594205508192758e-05,0.00021285191178321838,0.00029994615562718707,5.686501163252103e-05,0.00047218333929777145,0.00047068699430058425,0.00035119940428969716,6.393715739250183e-05
598,8.366036257484444e-05,4.649910561098716e-05,0.00024879351258277893,5.896221929238554e-05,5.478938042979137e-05,0.00029936060309410095,6.263990873413977e-07,6.3619601556285635e-06,2.1804124116897583e-05,8.843158805013629e-05,0.000265456611977688,0.0002333521842956543,0.00015749264936518181,1.6635218660746715e-05,0.00018278509378433228,0.00035361295171798535,3.145755880650143e-05,0.0004124939441680908
599,0.00020232413156512363,0.00013353821305329971,0.0001233760267496109,3.020544947765491e-05,3.432835491458397e-06,0.00019456259906291962,4.583271759676759e-05,7.199401098045616e-06,2.0973384380340576e-06,0.00031885519796638617,0.00017298899703091508,0.00026469025760889053,6.890146239633965e-05,8.385615090019186e-05,0.0003577526658773422,0.00030245232032474756,0.00020605703196334728,2.2001564502716064e-05
600,0.00026773952337924567,1.828887300137777e-05,0.00016632862389087677,6.851442895433602e-05,4.9841774095928104e-05,0.00013883039355278015,3.405370950788564e-05,7.256776691675276e-06,1.446157693862915e-05,0.0003208107725585496,0.00021467916179032653,1.6408972442150116e-05,0.0004519479681107108,0.00047528002369406214,1.729559153318405e-05,0.0007845245147436453,0.00013471551828828218,0.0001244582235813141
601,0.00035144187611715894,0.0002441673281019345,0.0003227498382329941,0.0003077371580598731,0.00017163947678768693,0.00014980696141719818,1.2691758775317322e-05,1.0641338602996209e-05,3.0238181352615356e-05,0.0005985006705614832,0.00023350996542536445,0.00032113678753376007,0.00040624137892429635,0.00021018868133781607,0.0005409223958849907,0.0006827645716997177,0.00011531173053047324,0.0004431009292602539
602,0.00011119154348451787,0.00015888058546089864,4.2283907532691956e-05,0.00014516220763283183,0.00012162498443379216,0.00020870566368103027,1.6801347412324918e-06,3.572808777750066e-05,3.959983587265015e-06,2.4345597021815935e-05,0.0005639785895334357,0.00027762167155742645,0.00021045915133395543,0.0005899751355184744,0.0005961135029792786,0.0005227898314351942,0.0006413766114965816,0.0001800842583179474
603,0.0005282065069442399,7.424599949890781e-05,0.0002588517963886261,0.00030944796417009535,0.00010264378142368219,0.0001776665449142456,2.6650534339714427e-05,5.244012630903545e-06,2.2064894437789917e-05,0.0001834233614446401,3.3022195879320315e-05,4.969257861375809e-05,0.00042763256400428495,0.00015406318828898105,4.693027585744858e-05,0.0009131681067742758,0.00011631851006203538,0.00038794055581092834
604,0.0002854464141618662,0.00018152190405540045,3.466568887233734e-05,4.345321319790263e-05,6.303352365924497e-05,0.00011296570301055908,5.800465158733656e-05,1.679682112003562e-05,1.7818063497543335e-05,1.498793645322849e-05,0.00036704924427317237,8.044764399528503e-06,0.00015010754617317268,0.00017299553828130365,0.00014201458543539047,0.0006041103802953418,0.0003275872670517035,0.0003000423312187195
605,0.00042628276280576305,6.0729650107550076e-05,3.0491501092910767e-05,0.0006056172168605045,6.76173380827795e-05,5.850009620189667e-05,1.9378571104369108e-05,9.902999234260738e-06,3.4458935260772705e-05,0.00020550789910532552,0.00023837099897300318,0.00046211108565330505,2.7429726946207045e-05,8.880535885056814e-05,0.0005976855754852295,0.0007554398412488172,0.00015127159137687425,0.0006731599569320679
606,4.9037076227914644e-05,0.00015557098403252284,0.0001469496637582779,0.00026774995086287223,2.3402924533084263e-05,4.4712796807289124e-05,2.2204648294197465e-05,1.0546141820649141e-05,1.611560583114624e-05,0.00038657341796821676,2.6363111948604634e-05,8.987821638584137e-05,0.00010753401495922077,0.00017392523793506587,0.000296703539788723,0.0012104399809165223,0.00018191535019508728,0.00010863319039344788
607,0.00011607741579716668,3.459387186754287e-05,8.681789040565491e-05,0.00028736506193374756,9.570504081187967e-05,5.697272717952728e-05,3.940117636259087e-05,6.082573284445388e-06,1.6383826732635498e-05,0.00034606771510138634,4.4587470103760185e-05,0.00017869751900434494,8.536204918238588e-05,1.4965794040602831e-05,0.0003652498126029968,0.0010138426274840517,1.5688535829422312e-05,0.00045868009328842163
608,0.0002617306355026383,8.738713577964921e-05,0.0001695379614830017,0.00038609958111004983,2.9215888020944075e-05,0.00014578737318515778,3.321161921294134e-05,6.017827539743796e-06,1.6596168279647827e-05,4.7294328235636396e-05,6.375420675837351e-06,0.0003390191122889519,0.00014881732077709486,0.0004326927540178431,0.0003874329850077629,0.00014072701573678015,5.981264165603149e-05,0.0006198585033416748
609,0.00020727010564938753,0.0001564555486289823,8.540228009223938e-05,0.00022059117193545807,0.0001793668307490323,3.2549723982810974e-05,3.930804157208784e-06,3.3889013751200266e-06,7.338821887969971e-06,0.0004898258592896665,0.0002971657904415406,0.00018258579075336456,0.0002737736079585912,0.000192885408177898,0.00014708004891872406,0.00028861702767951636,2.4793667951048155e-05,0.00037195533514022827
610,6.319911610302986e-05,4.836385299860496e-05,0.00019263476133346558,0.00026448249610336316,0.00012655582974779173,0.0001416616141796112,1.792770604175202e-05,1.085940026065833e-05,1.2155622243881226e-05,0.0001355710475896693,0.0005828719370974123,0.000227450393140316,0.00020308797093734898,0.00015628277613384534,0.00025701895356178284,0.0009310280272096239,0.0001470750247589414,0.00033028796315193176
611,8.387242348090185e-05,4.7399829568795654e-05,3.0299648642539978e-05,4.8053074595572065e-05,7.659267951803245e-06,3.1985342502593994e-05,6.236406849061127e-06,5.850928390014855e-06,1.0520219802856445e-05,0.0005298102205414934,0.00018077870002911056,0.00014166999608278275,3.414178051301675e-05,0.00015049962454718319,0.0002645682543516159,0.0011753318202606944,8.721847833212436e-05,3.0003488063812256e-05
612,8.83364767501893e-05,0.0002393513054395474,4.876777529716492e-05,3.2562882150477535e-05,0.0001745951601045126,0.00016249530017375946,2.3101899925664568e-05,1.2007362447552218e-05,2.2277235984802246e-05,0.00036554940635158406,0.00013278693293861804,0.00016062986105680466,0.0001870189250348514,0.00023540117859691123,0.0004716338589787483,0.001185260631359597,0.00013786865573917105,0.0003590621054172516
613,9.591610647960436e-05,8.268430371625654e-05,0.00021909922361373901,0.00023206796320887624,0.0002922184032831364,0.00014581158757209778,6.473720885618109e-05,6.695495212120825e-06,9.130686521530151e-06,0.00032254586235365423,0.00010903904194179553,0.00035494379699230194,8.265059812090358e-05,6.199767421331825e-05,0.00021048635244369507,0.0007735519880065767,0.00020087979019226855,1.9762665033340454e-05
614,0.000776108049125146,0.00038007720603506004,4.4617801904678345e-05,0.00013843044204545074,0.00024783213136932505,0.00021316669881343842,4.7656837191300747e-05,1.9439853184548647e-05,9.994581341743469e-05,0.000344832351118568,0.00044769822165509343,0.000651240348815918,9.815234136950624e-05,0.0001788932280480729,0.001001724973320961,0.0012582885676571398,0.0003563723102610731,0.002382606267929077
615,0.001166326375567267,0.0001836245221820687,0.0002937614917755127,0.003267881101306047,0.0006257311200756101,0.00010455586016178131,3.602890256905293e-05,1.5497887487039158e-05,3.7163496017456055e-05,0.0014575246329555508,0.00016763408961645299,3.110617399215698e-07,0.0010039242756767347,0.0005566674798384574,0.00021076947450637817,0.001163472124978221,0.0005015857505858454,0.000691540539264679
616,5.1382046276637894e-05,8.687447846922325e-05,0.000592406839132309,0.0023751328609683264,2.5929684354639854e-05,0.0005080383270978928,6.648235629142484e-05,5.660407311326916e-06,5.884096026420593e-05,0.00029750924515689614,0.0004521896262091457,0.0002321423962712288,0.000824501761567481,0.00040894561372923147,0.000301397405564785,0.00036028221599809784,0.0002101782184149156,0.001324482262134552
617,0.0003197733563639338,0.00048173306771372507,0.0002988576889038086,0.0005769103526448438,0.0006906457150502796,0.0003666561096906662,0.00011823466240293637,2.3757461302120292e-05,6.697326898574829e-05,0.0003877167481485949,0.00043676319418698567,0.0007633529603481293,0.00019841381096995236,0.0008340960248152708,0.0007077585905790329,0.0009595288947454872,0.0005726577316047072,0.0015437155961990356
618,0.0004517804278412474,0.0002714507480234933,0.0006417632102966309,0.0007517882348456462,0.0002697225986239178,0.0004329793155193329,3.003597470043265e-05,3.149337008774943e-05,1.654401421546936e-05,0.0003669349047811382,1.0177362886686081e-05,0.0008808979764580727,0.00013993841629128534,2.9806757787367855e-05,0.0006800433620810509,0.00022687055528050615,0.0003176140926162388,0.0003534257411956787
619,0.0004241756463359003,0.0002986674760370976,0.0001276414841413498,0.0005649183085160991,0.00011057785119741523,0.0001814514398574829,2.2750784358309406e-05,4.10177769477523e-06,2.720952033996582e-05,0.00041578596179858707,0.000431579655247441,0.00040615443140268326,0.00028221122676079513,0.00018747834694626125,0.00045064743608236313,2.1822188164571932e-05,7.285840038536318e-05,0.0005110800266265869
620,3.369918934684191e-05,2.1627593665727446e-05,0.00012032873928546906,0.00024190393986808778,9.926296178942862e-05,1.9412487745285034e-05,2.4511930205691618e-05,1.3421380125706986e-05,1.9107013940811157e-05,0.00023228671419868452,6.34360854975119e-06,0.00040783919394016266,0.00024285889864518462,6.837221106169994e-05,0.00028245802968740463,0.0005018982192543375,0.00042870152884454723,0.0001595728099346161
621,0.0003709465652143029,0.00012627978327411915,0.00015914812684059143,0.0001793525340725577,0.0001206182971422616,0.0001996811479330063,3.202134096165141e-05,1.1168224073900967e-05,4.712492227554321e-06,0.0002831482723583967,4.48805152052853e-05,1.1237338185310364e-05,0.00037303150588587075,0.00022106105034605528,6.521958857774734e-05,0.00016073399279342704,0.00010379481106008665,0.00013666599988937378
622,0.00011870954076020901,4.796774813047022e-05,8.515454828739166e-05,0.00010439556932032024,3.5415018887763328e-06,0.00016270391643047333,4.214885239863138e-05,1.150629664065992e-05,2.3145228624343872e-05,1.8880016033478997e-05,4.122075279946319e-05,0.0002676071599125862,2.6314544892908076e-05,0.0005602015645505727,0.0004066862165927887,0.0010109223263460587,0.00016844037583032276,0.000729929655790329
623,4.5645509571506926e-05,0.00010927618063485967,0.00013075582683086395,7.079224691336483e-05,0.00010488996377487278,0.00012464262545108795,2.985207188721528e-05,1.1414656799602074e-05,4.902482032775879e-06,5.357588259757851e-06,0.0001237263406067557,1.0860152542591095e-05,0.00010379858341111325,0.00010632461818326291,2.1733343601226807e-05,0.0005719392437172621,0.00010380999983540572,0.00012934952974319458
624,3.6772517680278005e-05,8.793732473977647e-05,0.00014058873057365417,8.322784907460745e-05,2.1133862310479534e-05,0.00020626559853553772,1.6337635739200815e-05,6.297019461289972e-06,6.817281246185303e-06,5.441909005997336e-05,3.393884547108622e-05,0.00011463649570941925,0.00040903478183756947,0.00019263378443244022,0.00020751077681779861,0.00020496396609220868,0.00016294106108888373,5.792826414108276e-06
625,0.00024812662818421427,2.45733763284961e-06,8.93566757440567e-05,1.5247154155961784e-05,4.865509974393001e-05,0.00012807175517082214,3.5843236010652674e-06,1.783094717831634e-06,8.985400199890137e-06,0.00033196742619097386,0.0003187090792141009,0.0002189120277762413,0.00025450234841219166,0.00028252500377511786,0.0002849344164133072,0.0004970222341347252,6.925858032715091e-05,0.0005989968776702881
626,0.0004005515209988819,3.067895591446837e-05,5.4759904742240906e-05,0.00030392065973716686,0.00017301589493823669,0.0001205243170261383,5.770380629486864e-05,1.659472152228087e-06,1.475214958190918e-05,0.00024634763115280456,0.00015542686088763913,7.851608097553253e-05,0.000160828124387849,0.00015139248923541973,1.8180347979068756e-05,0.000933021567298048,3.258949017557588e-05,0.00016409903764724731
627,0.00036242196358110546,0.00020134928610250624,0.00016989931464195251,0.00020525160364567863,9.101449480225163e-05,0.00030514784157276154,2.7255014786691303e-05,5.055606102664249e-05,2.216547727584839e-05,8.260293824485787e-05,0.0006521014846312123,0.00020791031420230865,0.00036429699673737326,0.0012084354851667443,0.0008285315707325935,0.00040476172365561114,0.0008512008927865603,0.0005701370537281036
628,0.0004037817384017206,7.753257359009724e-05,0.00021614134311676025,0.0005664244111190375,0.00014002874623330816,0.0003000199794769287,2.037520413336255e-05,1.630667759631691e-05,3.682076930999756e-05,0.0008580355846969367,2.2887672004930082e-05,0.00039280299097299576,0.0005868827482338468,0.00014443457577904828,0.0003389408811926842,0.0013792227094011622,0.00029564439523180113,0.0004481002688407898
629,0.0003861810768733265,7.824525907658073e-05,0.00010084174573421478,0.0005594953753610132,0.00016870248155426495,0.0001883227378129959,1.1961806984057272e-05,7.860986906017787e-06,1.2058764696121216e-05,0.0007406301450252617,0.0002689917655773755,3.24370339512825e-05,0.00035219474306762144,7.232915633169357e-06,8.648913353681564e-05,0.00127249626188497,0.00012098615756355032,0.00013094022870063782
630,5.3777166684254585e-05,9.727087933184692e-05,0.00021610409021377563,6.387792192477648e-05,7.22957792013805e-05,0.00013243593275547028,8.858771952068717e-06,1.1245642146609925e-06,2.32793390750885e-05,0.0005326151654860972,7.133628971973255e-05,0.00023205392062664032,9.401337194966941e-05,0.0001721886164988834,0.00032533425837755203,0.0014626107982946557,3.503582852324772e-05,0.00014690309762954712
631,0.00016583976342240958,7.019433215892101e-05,0.00046445801854133606,0.00023063413670387778,0.00017886747344466464,0.0003287438303232193,7.333639751565951e-05,4.65250271919292e-05,2.2020190954208374e-05,0.0006672966813682096,0.00010505418806252415,0.00035522226244211197,0.00038777978778670175,0.00047446055177998575,0.0002019871026277542,0.0001506711192010013,0.000827549567302311,0.0007516816258430481
632,0.00043680287905206727,8.719193719903748e-05,8.903630077838898e-05,0.00037177166760080094,0.00018419679690075824,0.00011073239147663116,1.8117340447567493e-05,6.527912887411145e-07,2.353265881538391e-05,0.00038769587704266806,0.0002239574764318769,4.2360275983810425e-05,0.0003770834342697177,9.421324305813883e-06,2.0349398255348206e-05,6.521189692743068e-06,7.751085234676991e-05,0.0005320683121681213
633,0.00022984542144133258,1.185653065317871e-06,0.00036059506237506866,0.00038959145207878576,0.00012196528246747815,0.00021053478121757507,6.1003749244446445e-05,1.764558380404238e-05,2.0660459995269775e-05,0.00015792587708658712,9.176965525409253e-07,0.00018774531781673431,5.7613826191446615e-05,1.8535303315442286e-05,4.237797111272812e-05,0.0009018338912410717,0.00021497451849880194,0.00015343353152275085
634,0.0005078794721412039,0.0004100143228151429,0.00043229013681411743,0.00027701659830159375,7.27585076880019e-05,0.00043121352791786194,5.023786189124399e-05,2.704256072765043e-06,6.861239671707153e-05,0.0009281054400475663,0.00011404605884845348,0.0005859993398189545,0.0003965880073248662,0.00038200337024300174,0.0005935579538345337,0.0016781349431010673,4.017365830461276e-05,0.0009071417152881622
635,0.0001463708025479793,5.3876713808537896e-05,0.00048515014350414276,7.87137120551451e-05,0.00023401567528493275,0.00010729581117630005,6.469296387121883e-05,4.3398145362603566e-05,4.095584154129028e-05,0.0004793558189836594,0.0010395359927676678,0.00020352564752101898,0.00010169358336069301,0.0006629974851732057,0.0006766440346837044,8.691573611060988e-05,0.0006133616571479633,0.000540170818567276
636,0.0008116476831631636,7.122998530320265e-05,0.0003718435764312744,0.0010771628710762593,7.6171902900872e-06,0.0002656038850545883,2.660116202637952e-05,2.4106477431023494e-05,4.476681351661682e-05,0.0011400884293999852,0.0004390524560782885,0.00017611123621463776,0.0011536654789419676,0.0002610677370506048,0.000321035273373127,0.0009486745536721464,0.00026801589624627953,0.00031640753149986267
637,0.00012179132018658168,0.00033330417234618895,0.0004742424935102463,0.00022967966497586256,0.00035212978412528864,5.427561700344086e-05,9.111489199233394e-05,6.147453504333848e-05,4.6059489250183105e-05,0.00017224534762011467,0.0009856822124837475,0.0001214081421494484,0.000406244978301995,0.0006822999046879677,0.00039983540773391724,0.0008931854142296136,0.0010414115319940444,0.0007599964737892151
638,7.453516804617477e-06,0.00032384621744696584,0.0003655422478914261,0.00015236884162761477,0.00029619332163775824,4.3995678424835205e-06,4.3573330864295906e-05,6.307463016905111e-05,1.679360866546631e-05,5.639816501409878e-05,0.0009576552647047459,0.0006643608212471008,5.391762303366687e-06,0.0006357668236660133,0.00016858428716659546,9.19405221742331e-05,0.0010183618774589763,0.00041934847831726074
639,8.011135604182873e-05,9.52965189579269e-05,0.0002467166632413864,0.00010971472280474348,1.0948924973528534e-05,0.0001276787370443344,7.373385016787304e-08,2.1787254684325658e-05,1.695379614830017e-05,0.00027498456848203123,1.859971656643228e-05,8.727982640266418e-05,8.870854325562783e-05,0.00028491482004210783,7.745064795017242e-05,0.0005230483283639176,0.00028904366069576037,0.00015952065587043762
640,0.00044756606280119127,2.9637538566541083e-05,0.00018086470663547516,0.00034539022871332703,6.689226449714189e-05,0.00011459551751613617,3.5419492215109025e-05,6.5896456809707e-06,3.330409526824951e-05,0.00024325867395584566,0.00013453346681010017,3.562029451131821e-05,0.0007532292019312853,9.063898008798699e-05,0.0001488281413912773,0.0012535941059482747,0.0002119525895845093,0.0010689757764339447
641,0.0011493950039113132,0.00014551933891927132,0.00041656941175460815,0.0006486892980810677,0.00013917152684576883,0.00018821656703948975,8.768359100600961e-05,4.111491939935919e-05,3.679096698760986e-05,0.0006228225517690422,0.0005426240401765481,0.0007375804707407951,0.0004765040886463706,0.0006594449366719157,0.00045564770698547363,0.0011592379445578005,0.0005665016447704988,0.0007933452725410461
642,0.0005432061494936025,0.0002342240104869428,7.368624210357666e-05,8.916948559367643e-06,1.2084991064774397e-06,0.00012186914682388306,1.4156398358687594e-05,6.676010756044711e-06,2.6520341634750366e-05,0.0004388739123655644,0.00011561673053417723,0.0004969416186213493,1.4093888685506872e-05,5.077092302176178e-05,0.0006560403853654861,0.001095601397584911,0.0002679967568543001,0.000817030668258667
643,0.0007474527323667324,2.1456440461684045e-05,0.00021610036492347717,0.00014715433782860887,0.00015862554819795482,0.0001222267746925354,1.2121364318575661e-05,3.6981381131655537e-05,2.7067959308624268e-05,8.637678200823506e-05,0.00020753245960661998,0.0006028153002262115,0.00019476412000558885,0.00025461551836631485,0.00043617282062768936,0.0009544565601014854,0.0008222883655026872,0.0006838031113147736
644,0.0005849586595123024,1.6532570987323053e-05,0.00027579814195632935,0.0006205274806806438,0.00016873563635885075,0.00015145540237426758,8.248126292293573e-05,3.7720883118573154e-06,4.84660267829895e-05,8.80050270534033e-05,0.00027221565218491645,0.0005926266312599182,0.0003047775023556909,0.00015125967507978455,0.0007011881098151207,0.0009683098946218494,6.458469850492091e-05,0.001138877123594284
645,0.00015139364604163652,8.379490282661023e-05,0.0002774372696876526,0.00034190807324768757,8.938848899298774e-05,0.0001630205661058426,1.0025372395208731e-05,2.219277144527911e-05,1.712888479232788e-05,0.0002010411408467777,1.3119199691540018e-05,4.1962601244449615e-05,0.00010730029968132604,0.00022252080523886553,0.00010789930820465088,0.00011838292543317475,0.0002471721712324409,0.0003170482814311981
646,0.0006142193232948345,6.819600138086718e-06,0.0001264140009880066,4.5985501796241834e-05,4.896147127465486e-05,0.00026093050837516785,4.049714722894476e-06,8.098389410371356e-07,2.919510006904602e-05,0.00010926310227377112,1.1657458804589793e-05,0.0003354540094733238,0.00016323035217821746,0.000203833871488604,0.00020603276789188385,0.00046626681083716814,4.9250193728606756e-05,0.000820506364107132
647,0.00024268417476011606,0.00023160187563225215,2.4488195776939392e-05,0.0007013318652080436,4.832238959136953e-06,0.0002488270401954651,6.305087381483498e-05,2.1643075895402114e-05,1.36643648147583e-05,0.00039116248422525757,0.0003833291310246338,0.00017538107931613922,0.00028528773229714866,0.0004173043964454601,0.00017602741718292236,0.0002934111925567695,0.0002375619434549286,0.00039383023977279663
648,0.00032667538708006094,6.781905857531148e-05,0.0001391228288412094,7.365100176787154e-05,2.53410358096208e-05,0.0001345798373222351,7.146236321947663e-06,5.567511020538002e-06,1.1894851922988892e-05,0.00018488754509823901,0.00011710557095751667,3.526359796524048e-05,0.00026708222308099994,0.00010058445520765708,1.5900470316410065e-05,0.0007527288301501234,0.00011018088059369744,0.0001403316855430603
649,0.00033852628058111955,6.865530106437562e-05,9.810924530029297e-05,0.0003820538757498826,7.624504812966948e-06,9.414181113243103e-05,4.456588390699609e-05,9.96481073034408e-06,1.4796853065490723e-05,0.0005663012271138884,0.0005420612871181694,0.000253923237323761,0.0012241156345522142,0.00041601398249609817,0.0001994417980313301,0.0011188433191610114,0.00018455727771857743,0.000437762588262558
650,0.00043843641170740466,4.109562164446301e-05,0.00011573545634746552,0.0004729718243075276,0.00020419789588535867,4.9095600843429565e-05,5.3152573261902245e-05,2.6898384378167993e-05,6.1318278312683105e-06,0.0005579101949591131,0.001010865341406774,0.00017242040485143661,0.0011690327963414793,0.0006090561573672271,4.7283247113227844e-05,0.0007403056526893714,0.00047257481245443437,0.00013573095202445984
651,0.00031484372127282834,3.85699492200485e-05,6.29723072052002e-05,0.0005972570966335522,4.079499271599299e-05,6.224587559700012e-05,1.8230463637846153e-05,4.469641785663351e-06,1.1224299669265747e-05,0.0005550799097994441,0.0008501044291068342,4.377216100692749e-08,0.0011126850702731783,0.0006480988469405799,2.235453575849533e-05,0.0002438336662829721,0.00014253410567092485,0.0003605596721172333
652,0.0006472395833624356,0.000152336865732558,0.00022540055215358734,0.0005900387562418341,0.00016438387648387912,0.00011672265827655792,2.8625680358848257e-05,3.10515631070395e-05,2.7641654014587402e-06,0.00025148806097131937,0.0012831297168343601,9.86224040389061e-05,0.0008203337215633572,0.0008508137855070402,0.00035934243351221085,0.0005893242958932843,0.00046235914932342154,0.0004375539720058441
653,0.00010579378550654162,0.00019759420169414982,3.445986658334732e-05,0.000542840892905655,2.7488208606697012e-05,0.00016851536929607391,2.313836772827038e-05,7.24637460292304e-07,1.2289732694625854e-05,0.0005148215689003283,0.0004693746904484118,0.00016415026038885117,0.0010229118546491028,7.14907470151585e-05,0.00012865383177995682,3.421996451422049e-05,6.750363915058143e-05,0.0004151761531829834
654,0.00015714055055809917,8.890194240297744e-05,0.00039328355342149734,0.00011311445168629697,0.00017699414216889447,0.00024713948369026184,4.836745268805426e-05,2.9515123975548934e-06,1.1235475540161133e-05,0.0002207828650772209,6.400003039233257e-05,0.00036223046481609344,0.00017041347091110992,0.00015188702365279139,0.0001356443390250206,0.0003354125625768811,0.0001655260518848697,0.00031073763966560364
655,0.00031013120033024366,2.6480439422015e-06,0.00029269512742757797,0.0003341169685748824,3.882814445584082e-06,3.7861987948417664e-05,5.880996647713438e-05,7.15723152150562e-06,4.7460198402404785e-06,0.00017627713567069936,0.0004204381569878485,0.00042772386223077774,3.072512855314957e-05,0.00010399041541604703,9.593460708856583e-05,0.001254050031026993,0.00015020444019202793,0.00022694841027259827
656,0.00023539998971006115,8.645351445756011e-06,0.00027676019817590714,7.395171603169493e-05,9.306352213785465e-05,8.44411551952362e-05,2.154893639306002e-05,2.8890108572685838e-05,2.5779008865356445e-05,0.0002833523500149343,0.000580693134886661,0.0004611257463693619,0.0005384984127128345,0.0004961725166144973,0.00017615314573049545,0.0005804519988903967,0.00045862048607347473,0.00048279017210006714
657,0.0005078459950124403,2.778471857075096e-05,0.00016090646386146545,0.00015818129892714028,1.0740173975017087e-05,3.2357871532440186e-05,3.1059425439333016e-05,7.894883796562128e-06,2.2895634174346924e-05,0.0004096126606028816,0.0002970482301419726,0.0002119205892086029,0.0006841425834369919,2.104685472768819e-05,0.00037894584238529205,0.0007817941566409525,0.00012875581486761125,0.0008239373564720154
658,0.0006840332577856822,0.00018398620069752514,7.976870983839035e-05,0.0004426561530124773,0.00024311383151116514,0.00015067681670188904,2.272473464799696e-06,3.7790282297626575e-05,4.016607999801636e-05,0.00016245026130974616,0.000511673218503355,0.000548163428902626,0.00035442114447212236,0.0009526402979411694,0.0003860844299197197,0.00010204914848327418,0.0003964728660372594,0.0007122009992599487
659,0.00013981597174564375,9.943175704535401e-05,7.757451385259628e-05,0.00010297703638562083,1.2722968933735063e-05,0.00022127665579319,2.3065172618208854e-05,1.2288954110373988e-05,2.833828330039978e-05,5.599959306970548e-05,0.00024716352729846694,0.0003253556787967682,1.3685276146480074e-05,0.0003063382495352429,0.00010694935917854309,9.671380369324911e-05,9.386870842897823e-05,0.0006835199892520905
660,0.0005967559256260246,8.976468389273323e-05,0.0001016007736325264,0.00018560068375680916,0.0002949596404263691,0.00022161751985549927,6.147176826327636e-05,1.8943497820677366e-06,2.9653310775756836e-05,0.00021603227702750305,1.3159571907700451e-05,0.00033422932028770447,0.00014634514480288408,0.00027529388277840877,0.00019780639559030533,0.0008927655429453174,1.2875183274837013e-05,0.0009478814899921417
661,0.0002472080775791641,0.00013127324488303865,0.0004456033930182457,0.0003101596579028476,0.00011124723536021924,0.00034301355481147766,0.00012020964750381231,1.2047355101978694e-07,3.8489699363708496e-05,0.00017010682831500312,0.00039034378443940365,0.0001404397189617157,0.0002251643147479776,0.0007992246465096733,0.0002279616892337799,0.00014517873615507715,9.898650289535439e-05,0.0009491555392742157
662,8.48517603448673e-05,0.00018713842254717075,6.852857768535614e-05,0.00030440320125868503,1.9990629025728318e-05,3.384053707122803e-05,5.3339509169022387e-05,3.6515474410098105e-06,4.559755325317383e-06,0.0005022667874255704,0.00021595380952729032,0.00010521244257688522,0.00044513377576479995,0.00046483601158228,0.00016054697334766388,0.0009470191814834605,0.00013369550690320049,1.3303011655807495e-05
663,0.0001082310741984116,0.00012062963419278913,0.00020761694759130478,4.806000397530874e-05,0.00016413102830683396,0.00033424049615859985,7.784492695110494e-05,2.2723284038690618e-05,2.635270357131958e-05,0.00018657599953879334,0.0009169467599975945,7.211696356534958e-05,0.00010526608560784689,0.00016051833302040824,0.0002238396555185318,0.0004022001510493589,0.00028778899332461676,0.0006526559591293335
664,0.00022901151519463814,3.614902523724206e-05,0.0004452439025044441,0.000720562641802841,6.907429900649201e-05,0.0004411451518535614,4.7215054343081875e-06,1.4752719003355372e-05,4.4502317905426025e-05,0.0001567387580303503,0.000141982779816488,0.0005082041025161743,0.00023904172768207665,0.00037247052641352363,0.0005088876932859421,0.000189823642782333,0.00024136890399582313,0.0013690106570720673
665,0.00041144505478307725,0.00013616591568052158,0.0003459295257925987,0.0005850520860630204,8.848975130115733e-05,0.0003506205976009369,5.663612759098172e-06,7.21229633136503e-06,4.598498344421387e-05,0.0001935341415831987,0.0002473629564714343,0.0005194088444113731,0.00014333833475693725,7.12239694751135e-05,0.0004971232265233994,0.000894256491531964,0.00013692143015912005,0.001238856464624405
666,4.1343422136963515e-05,0.00024194717704609583,0.00012294761836528778,0.00014147962545699166,9.516046182436039e-05,0.00037583522498607635,6.599083189408328e-05,2.8000930265671816e-05,2.8267502784729004e-05,0.0002913311704242916,8.382808480953546e-06,0.0008641369640827179,0.00011153057436576186,0.00036118758729019457,0.000494418665766716,0.0012143063272453125,0.0005172152051014936,0.0006197579205036163
667,0.00042274361950395134,9.368653853439671e-05,0.0004845447838306427,7.009058117546374e-05,3.302402812097385e-05,0.00047436170279979706,8.779224176085412e-05,1.9176137861383368e-05,5.1509588956832886e-05,0.00016559418747327803,9.302679215699577e-05,0.00047191791236400604,2.9217519768823252e-05,0.00011100718938632237,0.0004172567278146744,0.0005707811149185948,0.0005272450727296365,0.0009451881051063538
668,0.00046932413012934493,3.723366964239125e-05,0.0001761140301823616,2.2119979477763785e-05,0.0001855676355142187,0.00015817396342754364,6.678804440541156e-05,2.9828495325720625e-06,6.582587957382202e-06,0.00020553383391083702,0.0003904003513611094,0.000281747430562973,0.00010548235633418834,0.00021128877318918327,0.00025647319853305817,0.0006802249605423472,0.00011524810142170359,7.599219679832458e-05
669,0.00010604933948982209,0.000121081785647556,0.0003095008432865143,1.589323070866344e-05,5.285667568612207e-05,0.0004007723182439804,9.041767610347418e-05,1.639639422735254e-05,3.8135796785354614e-05,5.482302117985893e-05,0.0007233648506995427,0.0004936642944812775,0.00013676646508233026,0.0001181817049794448,0.00036605168133974075,0.00046164570613566047,0.00030486847438830015,0.0011073686182498932
670,1.9544091712314637e-05,6.321458626208643e-05,9.136274456977844e-05,0.00015797888890425882,4.352313862645771e-05,0.00011587142944335938,3.8449575191350574e-05,3.925334109355254e-06,1.6205012798309326e-06,4.3363165526277836e-05,0.00029981044573641064,9.425915777683258e-05,0.00013272985747869726,0.0003999482785040989,4.852656275033951e-05,0.00022789906874248755,0.0001509421714739412,0.0001532435417175293
671,0.00031816114234795023,7.062000687373116e-05,0.00023719575256109238,0.00016107201696549667,0.0001450398447016936,0.0001967158168554306,4.1966237110451984e-05,1.7871955325252315e-06,1.5579164028167725e-05,0.000267749128681688,5.841575251867154e-05,2.605188637971878e-05,0.00023838489804735297,3.2905248290422684e-05,9.894277900457382e-05,0.0002826678876853561,1.5830944596590714e-05,5.89713454246521e-05
672,0.0008450874527631547,3.5427252170830426e-06,6.692390888929367e-05,0.0005203588725285757,8.17846573465085e-05,0.00018191896378993988,1.2172531474749157e-05,2.001591283741234e-05,4.542991518974304e-05,0.00078522023910646,0.0010073813206544838,0.0006949687376618385,0.0009908239894520499,0.0007663130116179334,0.000559377484023571,0.001316514264586649,0.00028463454940366815,0.000772867351770401
673,7.597492769351177e-07,0.00019655967259633866,9.100418537855148e-05,5.229249048194218e-05,0.00023329824702510854,0.00023375265300273895,0.00017193953264637608,1.8813671441289732e-05,6.47716224193573e-05,0.0005701692276338932,0.0007868841434529802,0.0006402879953384399,0.00026995474206352454,0.00042899518736253667,0.0004603518173098564,0.0017656417596852714,0.00033767538239483277,0.001109924167394638
674,0.0005037893921860659,6.822879413427574e-05,2.496223896741867e-05,8.037903508753552e-05,0.00010859128403393342,2.396106719970703e-05,1.629442633595095e-05,1.719135553166477e-05,1.4998018741607666e-05,0.000555977590700224,0.00029876936658215433,0.0002122744917869568,0.0003653320702406565,0.00019936026687360914,0.0002702111378312111,0.0021027280474757437,0.00023494394638099401,0.0015583187341690063
675,0.00023376257969526248,0.00010651220016301768,6.020441651344299e-05,4.4642493866625665e-05,0.0002571477330301948,0.00017815455794334412,2.0592141775905085e-05,2.4154639227428937e-05,1.7169862985610962e-05,0.0005411614206465992,0.00019842202568093673,0.0003394726663827896,0.00016840983696402023,0.0006801280167850893,0.00015989132225513458,0.00022801003850694834,0.00014669309013600612,0.0013763010501861572
676,0.00013335624333338236,1.7358547341986275e-05,0.00016481243073940277,1.8410642687510803e-05,0.0003691773399948292,9.371340274810791e-05,3.69071798764619e-05,8.724520315165837e-06,8.184462785720825e-06,0.00018387868659147655,0.0002457253053232411,0.00011190026998519897,0.0002604270602920705,0.00012571390614783684,0.00010274257510900497,0.00042673554330735497,8.216052587109966e-05,3.921613097190857e-05
677,0.0001856490921140208,0.0001585090268718184,3.534089773893356e-05,0.00022352247649579104,3.959674986816e-05,6.38030469417572e-05,2.2696980716069987e-05,5.911088882824161e-06,1.5702098608016968e-05,8.991278822603754e-06,0.0002498712118506191,0.000252467580139637,0.00037971086840303536,0.0002621217341900392,0.0002058073878288269,0.0009795488728039925,0.00011157313983632938,0.0004885233938694
678,0.000609848065316082,7.798980330126284e-05,1.7357058823108673e-05,0.0008661433511228667,0.00012813391151106704,0.000261060893535614,8.172749319003414e-06,3.509031793928237e-05,5.387142300605774e-05,0.0004694640695158264,0.0007079926659651209,0.001039399765431881,0.0008168515980651186,0.0012007593232324504,0.0006562545895576477,0.0003698789950812298,0.0006552786489850693,0.0013946034014225006
679,4.7447358493768466e-05,1.645841820302474e-05,1.4786608517169952e-05,0.00023514459673854016,0.00034801745088118563,0.0002583153545856476,7.900698577159408e-05,2.5579739810260816e-05,2.7183443307876587e-05,0.00021505190905161953,0.0007386595984193549,0.0004576249048113823,0.00029173112651560695,0.0007250415685858963,0.0001810770481824875,6.464004407866208e-05,0.00027477063714422337,0.0007285699248313904
680,5.402272408627784e-05,3.712196094382905e-05,0.00016523804515600204,0.0005322906224242419,0.00018747935757093548,0.0003050807863473892,7.862851845959543e-05,7.550134752924036e-07,5.89713454246521e-06,0.00032811764022407097,0.0002855333852926495,0.0001024007797241211,0.00029883588744451794,0.00017924351035205482,8.85920599102974e-05,0.0005255880344534059,3.0932180604403836e-05,8.327141404151917e-05
681,0.0002469015879622005,9.945261444418638e-05,0.0002785222604870796,0.00010801793518758207,3.450306407750889e-05,0.0003988221287727356,7.830732744201242e-05,3.0507750719015636e-06,4.077330231666565e-05,0.00015523472711992392,0.00023745170356452572,0.0005502207204699516,0.00010917191589282504,7.440175892082374e-05,0.0004102848470211029,0.00141237256684007,0.00012713799984936328,0.0014905072748661041
682,0.00012943223080652544,1.5315774181279967e-05,0.00014479365199804306,0.00035572145425780133,0.00014785632881808217,0.00033670850098133087,7.90564697160552e-05,2.7611088589459096e-05,6.872415542602539e-05,0.0003503249143139431,0.0005952331312405225,0.0010047312825918198,0.00036770799249660757,0.00014428110285234774,0.0008210297673940659,0.0009631224277769079,0.0005303843302544194,0.0020849332213401794
683,0.0005438485323803477,0.00017863169941092702,0.0002691512927412987,0.0008431266872159504,0.00019156464660821312,0.0006464291363954544,4.911780115710203e-05,3.207265715065639e-05,7.585808634757996e-05,0.0006535263073956799,0.000805420820712166,0.0011025378480553627,0.0008614914478889402,0.0006651318204583326,0.0006274869665503502,0.00040845310403092583,0.0007782447494541047,0.001768115907907486
684,0.0007872490766883955,0.0002215001740331693,0.00016664713621139526,0.0007155861367543759,0.00013374924788132556,0.0004394054412841797,1.5511422346537254e-05,1.9480991419241567e-05,4.08664345741272e-05,9.606913379731075e-05,0.000403879760821884,0.0007065907120704651,0.0003895508533307973,0.00026931705146814727,0.0003422284498810768,7.067921579442804e-05,0.000567034001948229,0.000952012836933136
685,0.00012737644101284973,5.427694996069932e-05,4.7205016016960144e-05,0.0002502141565542959,3.6106246337500036e-05,8.116662502288818e-05,4.999603042545042e-06,2.4051613515674655e-05,7.931143045425415e-06,0.0003030144933779677,0.0005251426977864251,0.0003447923809289932,0.00014147026351872538,0.00035953445503307535,0.00019893236458301544,0.0011011816124070484,0.0004976789104650164,0.0005919970571994781
686,0.0005711853533215405,0.00010418329537179721,7.926300168037415e-05,0.0002757081404033135,0.00022706735295948896,0.00020742416381835938,7.77154149598485e-05,3.498312962482665e-05,3.4961849451065063e-05,0.0002477163093536766,0.0004874205098770387,0.0006213309243321419,0.0003375731795621506,0.0006307281333298165,0.00048260949552059174,0.0007369598527752486,0.0006498189399607533,0.0009453631937503815
687,7.921205252828245e-05,2.0252661676947725e-05,0.00024806149303913116,0.00013138717388430643,0.0001224577464414428,3.159232437610626e-05,9.241046347635909e-06,2.2493752949127855e-05,1.3615936040878296e-05,0.00030505737381929243,0.0003030188178513478,4.183780401945114e-05,5.2039332023676166e-05,8.495509862968542e-05,0.000325680710375309,0.00024682297897848926,0.0003008413020058453,6.973370909690857e-05
688,0.00017727493567393227,0.00013032137111102654,0.00038626231253147125,0.00035149377804322146,0.0001420267699095111,0.00026167556643486023,1.3465963885279583e-05,5.861263130499611e-06,2.2154301404953003e-05,0.00020084986836106655,0.00041913407132302544,1.4398247003555298e-06,0.0001543571829614454,0.0002606039845456723,0.00015994999557733536,0.0008241840407587075,0.00010680561456284654,0.00016179680824279785
689,0.00036186862970269407,2.8202577269782064e-05,0.0003169523552060127,6.697423984428075e-05,8.52177568572178e-05,0.00027839094400405884,8.293859632184375e-06,1.1217239836148931e-05,3.1515955924987793e-06,0.0001605895038321592,0.00021107960919200183,0.00016521289944648743,0.00016783336575951213,5.67690862675399e-05,0.00010289717465639114,0.00029354842595821773,0.00020879958080883328,7.730722427368164e-05
690,0.000687171716409446,7.292353352599326e-05,0.0001325150951743126,0.0003549582146366581,0.00015903374819931787,0.00043622031807899475,1.1180066084420445e-05,2.621796076305796e-05,2.2973865270614624e-05,3.0722007093517134e-05,0.0007699897191991052,0.0002694530412554741,0.0006177455129921655,0.0008865558900125539,0.0001283520832657814,0.0003583695234902762,0.00033374895242034054,0.0005817040801048279
691,4.0704569942734414e-05,1.9343763081776377e-05,4.0016137063503265e-05,0.00029584116288269846,5.7510758681215274e-05,0.00011363998055458069,2.8055304953216245e-05,1.157540380128673e-05,1.8365681171417236e-06,0.00022090186437775938,0.0003834139701890081,3.2728537917137146e-05,0.000280463445280682,0.00033563962274563153,0.0001514740288257599,0.00046237661868450686,0.00017705326585418842,0.0003877319395542145
692,0.0005524213267613931,3.485830420011868e-05,3.6139972507953644e-05,0.0008477324292341382,4.42828033482244e-05,0.00014370307326316833,2.1828955719616072e-05,1.0768941759421507e-05,1.4826655387878418e-06,0.0004773098221421551,0.0002620179212856552,0.00011096149682998657,0.0006850627224877226,0.0002577960413531685,0.000344729982316494,0.0006633558683049601,0.0002131592858388657,2.1539628505706787e-05
693,0.0008890587718583809,0.00012638444824248501,0.0002677403390407562,0.0008947528022189843,0.00016769028603141195,0.0006980840116739273,1.4398230937368722e-05,5.569912181257195e-05,4.4737011194229126e-05,0.0010962387639156523,0.0007795272668133617,0.0005594631657004356,0.001008555728805649,0.0009133106315679859,4.439614713191986e-06,0.00028990194934319646,0.0009973769898060075,0.0009441114962100983
694,0.00036921787964575015,2.253223367755519e-05,0.00043594371527433395,0.00045771720522450043,6.449628015477507e-05,0.00041749700903892517,2.526151226476224e-05,1.146032531560505e-05,4.408508539199829e-05,0.0008528425227354031,0.0001032915615775537,0.00036681070923805237,0.00045476110829012484,0.00027591448264704943,0.00037459563463926315,0.000850847112957076,0.00035335739584413037,0.0008222311735153198
695,0.0004600694501864233,4.253306865608514e-05,8.242763578891754e-05,0.00044272553697688455,7.283783956019835e-05,0.0002261623740196228,1.5551350923253063e-05,2.159231074317058e-05,1.3861805200576782e-05,5.030420374035893e-05,0.0003662860068654149,0.0002613672986626625,0.00044031337800211345,3.160297776858695e-05,5.695316940546036e-05,0.00015168352639816085,0.0004277220789743446,0.0005231350660324097
696,0.0007630624302393529,2.347244443045085e-05,0.00018889270722866058,0.0007889226546714811,0.00011645693292638634,6.235390901565552e-05,5.706786937294782e-05,2.8243130546565915e-06,3.558024764060974e-05,0.0004442459391190978,0.00023165461532713427,0.0003552185371518135,0.0005673069050842333,0.00038639187022242866,0.0005060052499175072,9.891231074768414e-05,1.7812423054475862e-06,0.0006501153111457825
697,0.0004989892202472979,9.499406198206634e-05,0.0003158925101161003,0.0006206456859171317,6.466737351152468e-06,0.0003303010016679764,3.7014983816203995e-05,2.5252485907609526e-06,3.71783971786499e-05,0.0003178231440410517,0.00010936444793573433,0.00040025729686021805,0.00015878827454632316,5.903449099994851e-06,0.00037799403071403503,9.679762660297353e-05,8.177083528297484e-05,0.0006896369159221649
698,0.0014300614281552437,0.0007608661773084828,4.8704445362091064e-05,0.0001667219174748269,5.884873765743537e-05,9.682774543762207e-05,9.413830891420553e-05,2.188105218159809e-05,7.760897278785706e-05,8.49035207497878e-05,0.0001016523218383518,0.0008261296898126602,0.00021483922363076113,0.00014840395926230682,0.0006575817242264748,0.001229001964891424,0.0005629990456206624,0.001412607729434967
699,0.00022620679317172931,0.0006937071603232599,0.00029424577951431274,0.0006626129219071963,0.0005709914136488095,0.00027782097458839417,1.3971683328400583e-05,6.578771520990572e-06,0.0001544654369354248,0.00020706463520853147,0.0010211157776540657,0.001242813654243946,0.0006388955826296117,0.0007141945028024815,0.001304042525589466,0.0018413145971089007,0.0001162992402653296,0.002887345850467682
700,0.0003657475062362747,0.00022485593597681292,0.00015077833086252213,8.62023625170516e-05,0.0010725821982046913,0.00019517913460731506,4.617076392318155e-05,5.692508946173147e-05,1.5094876289367676e-05,0.00018316604734673614,0.001066753158676527,0.0005860337987542152,0.0003696374189367385,0.0007897020087050954,7.27921724319458e-05,0.0021640288163201626,0.0006502828215389934,0.0013611912727355957
701,0.0010890077368526097,0.00012864134130863986,0.0007851626724004745,0.00021834538743217835,0.0010962605202656552,0.00041858479380607605,3.92166623846453e-05,7.452579947518374e-05,0.00011989474296569824,0.0008314227691098713,0.00036669453513887146,0.0009697945788502693,0.0004632370493612148,0.0015265697812413062,0.001580808311700821,0.001771690665148401,0.0007413543190771289,0.0015649199485778809
702,0.0008384667449407579,0.00020779202317618845,0.00015694834291934967,0.0016621501288011653,0.00024995382999165247,0.0003231074661016464,1.5899265243785043e-05,3.1656186371332615e-05,8.862465620040894e-06,0.0007550232581612637,8.580706496593565e-05,5.676131695508957e-05,0.0005625133139854355,0.001102528101892923,0.00034001655876636505,0.00040777507838005156,0.0006370910579203484,0.0002809762954711914
703,0.0012458810193324288,0.00013215516339816144,0.0007215626537799835,0.0008582238446146195,0.00014844470600530388,0.0007089171558618546,7.954226881647097e-05,1.3311679474875516e-05,3.3993273973464966e-05,0.00040105292174155704,0.00018861496314069234,0.0006003789603710175,0.0006438339131073084,0.0002941437562888269,0.0006376709789037704,0.00013391403762305631,9.721809839600623e-06,0.0008008033037185669
704,3.4122846085116176e-06,0.00018156311497407804,0.00012843869626522064,0.000219555618483247,7.022907648402549e-05,0.00032421573996543884,5.1687850695925075e-06,1.5605783680583017e-05,2.5235116481781006e-05,0.00023117834224768707,0.000160321047752824,0.00039533060044050217,0.0002801596369196857,0.0001635069552311172,0.00019647646695375443,0.00031260807087152287,0.0001616877835636174,0.00039042532444000244
705,0.000262829354871319,4.401001546479322e-05,5.893222987651825e-05,0.0004028741439066619,3.786613283283599e-05,7.137097418308258e-05,2.7451108919147524e-05,7.548016700532141e-06,9.08970832824707e-06,0.0001652654335373288,0.0001476278305053251,9.624660015106201e-05,0.00021098247472513265,0.00017444954335910784,0.0001145610585808754,9.428012956530507e-06,0.00022675314133315146,0.0002003796398639679
706,0.00029934353630794996,1.0702836611774236e-05,0.00011396687477827072,0.00015678422206175102,8.117985946164835e-05,0.0001964084804058075,1.1179803203196712e-05,3.7057111349578925e-06,1.0680407285690308e-05,5.690604727970339e-05,3.8125457410217306e-05,0.00033809803426265717,6.037551001626673e-05,3.844421864259567e-05,0.00035674404352903366,0.000725688302174482,9.905283492094019e-05,4.229322075843811e-05
707,0.00026608484412801725,0.00024052326299517368,5.013309419155121e-06,4.73440960360727e-05,4.5526018690535824e-05,0.00018341466784477234,5.5911725771197116e-05,1.5698622325705533e-05,1.2394040822982788e-05,4.5902242608059085e-05,0.00012435774071196254,7.316656410694122e-05,0.00016971326718434598,0.000302598393070265,0.00031456444412469864,0.00029555877121550944,0.00027814158145735186,0.00046111270785331726
708,0.00010657877205497157,4.095789796276783e-05,0.00015724916011095047,0.000501083371000105,1.2334704222728005e-05,0.0002311989665031433,3.0149384887502226e-05,1.12995359068027e-05,4.731118679046631e-06,7.498686455295611e-05,0.00018000265892871917,4.6232715249061584e-05,0.0005228075698534285,0.0002146405699537876,8.466001600027084e-05,0.0012461002579866876,0.00027899611245391,3.87728214263916e-05
709,0.0002652894668409844,9.419392876216376e-05,0.00013659801334142685,0.0005720879034538939,0.00016342980294684062,0.00028487108647823334,7.519800086606271e-05,2.0861083890446567e-05,6.894394755363464e-05,0.000316670515209061,0.0007698951685550307,0.0011454327031970024,0.000688986547113038,0.000828299179956915,0.0009123170748353004,0.0008183910472877587,0.00044101415745431173,0.0016509480774402618
710,0.0005968028708318307,1.47620704632756e-05,0.000250999815762043,0.00028873358819836437,0.00016961032106965757,0.0005146674811840057,9.713664347464103e-05,3.3188364687986645e-05,6.432086229324341e-05,0.0002105180631599285,0.0005389155127943704,0.000994700938463211,5.0549602155225415e-06,0.0008723994943448873,0.0006400272250175476,0.0003556522944258289,0.0006143491530908492,0.0014078989624977112
711,0.000585932711078957,5.2012509620114056e-06,0.00041037239134311676,0.0005298785305843934,0.00013064908861973312,0.0004399418830871582,1.1448238684408016e-05,2.0871253735939483e-06,5.694851279258728e-05,9.024299636534172e-05,0.0002001969996425594,0.0004960000514984131,0.00029333853807060606,0.0004803075905319143,0.000430399551987648,0.0001800214231456876,6.108302893362717e-05,0.0007073692977428436
712,0.0003205743832363772,0.00020421062958548425,0.0003100363537669182,0.00012266169979402441,0.00014142282965658518,0.000506572425365448,4.682940518768025e-05,3.3936635515189066e-05,2.2429972887039185e-05,0.00012054716584483649,0.00016293190052538153,7.0463865995407104e-06,3.5692971799311524e-05,0.0005798500466375131,0.0002984059974551201,0.0009371212397226714,0.0005660229326090241,0.00012809410691261292
713,9.867179444428276e-06,0.00015526332157718772,0.0001950729638338089,0.00032537697146903244,1.1694679015149256e-06,0.00015538744628429413,8.140386663232912e-05,1.0381031054171612e-05,3.408268094062805e-05,0.00018073239578927924,0.0003454741713275235,0.0004244372248649597,0.00019046144678186439,2.3502695894898895e-05,0.00046549178659915924,0.0005274184908961588,0.00021782546922325622,0.0011266395449638367
714,0.00027468344254630295,7.743685624610891e-05,0.00019135978072881699,0.0004660048997208177,9.92359962536521e-06,0.00014832988381385803,8.600274597217114e-05,7.294723685114467e-06,4.440918564796448e-05,0.000251755688105329,0.00022992430102877423,0.0006752526387572289,0.00021754750295224778,2.87143260169348e-05,0.0006714379414916039,0.0010491867984304404,8.925453103323083e-05,0.0012932419776916504
715,0.000145176511308992,4.967871694932721e-05,6.104446947574615e-05,0.00034960582352286385,2.0165499425559008e-05,9.986385703086853e-05,6.786691973480717e-05,9.363613514033818e-07,4.120543599128723e-05,9.292056262824588e-05,0.0002798827908005383,0.0007184101268649101,2.914340669631088e-05,8.995255528571056e-05,0.0006079608574509621,0.0015580873130723316,1.803483236195204e-05,0.00119820237159729
716,0.0001492622680797917,0.00019604980665426444,0.0001696394756436348,7.195883824168137e-05,0.00016340608027279324,0.00012700818479061127,0.0001040166273755111,7.561900841223778e-06,5.893409252166748e-05,0.0005363498152389928,0.000263902139904619,0.0008151689544320107,0.00024235066652991688,0.0003358568731787748,0.0008280454203486443,0.0014455518402369805,6.73818524251496e-05,0.0017200224101543427
717,3.1183465380890674e-05,0.00022102349836367746,6.014108657836914e-05,0.00026703031322611315,0.00012514710566581197,8.130446076393127e-05,0.0001194742504505835,1.8003941149875478e-05,4.7847628593444824e-05,0.0005107239874381359,0.00013058891877002973,0.0008526090532541275,0.00015679345322529292,0.00020299339676234374,0.0010070782154798508,0.0017889122127402735,0.00014449648169706508,0.0015470124781131744
718,0.000754557530127653,3.723089572227334e-05,0.00022116675972938538,0.00011597513002661874,0.0004183608139102825,9.80868935585022e-05,0.00018173384370833053,3.607966186233594e-06,4.2829662561416626e-05,0.00012532987566367393,2.1160280389016795e-05,0.0004991674795746803,0.00014846090616842111,1.9417788209546982e-05,0.0006482284516096115,0.0014508924044099591,2.57539843541172e-05,0.0015145614743232727
719,0.0005819952074388735,2.2996286094388585e-05,0.00027975812554359436,0.00029819037216502475,0.0003678509648181415,0.0001995190978050232,0.00013642384521237415,7.772133413068427e-08,4.113093018531799e-05,0.00023880947519233642,5.0308466281408226e-05,0.00011085532605648041,0.0004000453806819182,0.00029233791191073805,0.00022928230464458466,7.92680756759867e-05,0.00014291172011858012,0.0011070668697357178
720,0.00012101078356782646,1.339413389199115e-05,0.00011498201638460159,0.00023349324946589367,2.1335078941888547e-05,8.927471935749054e-05,1.842105051132019e-05,3.968171534245548e-06,1.2617558240890503e-05,7.666808315265339e-06,2.5273141689093753e-05,9.62214544415474e-05,0.00016036051382584127,3.5435979475681445e-05,7.050391286611557e-05,0.0009543607360273931,7.4451176514320205e-06,0.000102948397397995
721,0.00012925479010633678,2.6930753344416025e-05,4.926696419715881e-07,0.00023135478907423956,0.00011029604867788048,3.948807716369629e-06,5.329327431705805e-05,6.0629234014623196e-06,2.637505531311035e-06,0.00018761920747614735,0.00013659359737224278,8.053332567214966e-05,8.329197423592727e-05,0.00032401053627905546,8.808262646198273e-05,0.0007174596828771751,0.00014412457211798908,0.00026831403374671936
722,0.0002692110486331445,5.9184205076397156e-05,4.2419880628585815e-05,0.0004050594128403584,0.00018631391153123636,0.00028197281062602997,3.7527747684434204e-05,1.9291854603279042e-05,1.0162591934204102e-05,0.00016095347649151825,0.00013781553326754417,0.0001416848972439766,0.0002554708964534469,0.00034084610461822956,0.00015265215188264847,0.0010044574279822749,0.00020944777971171596,0.00012030825018882751
723,1.2886262547251448e-05,8.756001899856702e-05,5.66430389881134e-05,0.00037523076051546034,0.00018308088297454977,0.00011442229151725769,6.62157008530697e-05,1.942214730836332e-05,2.507120370864868e-06,4.580796271716481e-05,0.0006400123067266915,0.00016166456043720245,7.817771819004782e-06,0.00023487908867633744,3.477092832326889e-05,0.000885507383219658,0.0004986338574370537,0.00041297823190689087
724,0.00022208555895941728,9.995083914114689e-05,0.0002309037372469902,0.00018671677375692308,9.377429199101256e-06,0.0003501344472169876,4.775603840189227e-05,1.7237194159533853e-05,1.364201307296753e-05,5.647083840376599e-05,0.0005104635987842852,0.0003945315256714821,1.5646549236178475e-05,9.352080375781002e-05,0.00017270538955926895,0.0007460874824167518,0.00038881030784502623,0.0008151419460773468
725,0.00020087598939205753,6.977899162910473e-05,0.00019834376871585846,4.470328131703227e-05,6.319173029409667e-05,0.0003040190786123276,1.1516538350700434e-05,2.2790538718804284e-05,1.7508864402770996e-06,6.537693382972776e-05,0.0006010012185210245,0.00012660492211580276,0.0001383526340958119,0.00019880844771062028,2.9033049941062927e-05,0.0006695385410932508,0.00046211559407974626,0.00024459511041641235
726,0.0001278618862642078,7.97164063414367e-05,0.00010532140731811523,9.735398025592645e-05,0.00014216225436528354,9.433180093765259e-05,3.815002074261491e-05,1.4697076560545594e-05,1.8253922462463379e-06,0.00012875773274560742,0.00015189291554995252,9.805802255868912e-05,5.122846664597225e-05,0.00012957515801036157,8.555222302675247e-05,0.0006632817308322436,0.0002882163769313429,0.00043638795614242554
727,6.714377433827967e-05,5.302944350653316e-05,0.0002012224867939949,1.3299989197190776e-06,3.3332099546822674e-05,0.00012930668890476227,7.338675975783644e-05,6.521347979172767e-06,4.801899194717407e-06,0.00019040423752819668,4.896481704602315e-05,0.00030550360679626465,1.3818843692864347e-05,0.00023188610721908837,0.0002294778823852539,4.304864639650963e-05,0.00012862488318002036,0.00030010566115379333
728,4.698524470198029e-05,0.0002320551356170611,9.48440283536911e-05,0.0002927601088559273,0.00017626981916740378,0.0002507101744413376,2.390916271629434e-06,5.262433223800493e-06,1.0251998901367188e-05,6.760416491272125e-05,0.0003545511517704797,0.00013086292892694473,7.002486648381712e-05,5.000030390696353e-05,0.00037052202969789505,0.0013874923644056347,0.00010815589480289017,0.0002568662166595459
729,0.00017026879123094307,0.0002004278919320729,0.000163923017680645,0.00027359011579353165,0.0002856392339180072,0.00011031888425350189,7.899482571288932e-05,1.489540964413308e-05,9.052455425262451e-06,0.00028473736808200256,0.0006373937838582908,0.00015902891755104065,0.00019554541658636793,2.566710132207578e-05,0.0001048678532242775,6.513917992995166e-05,0.0002518346534215411,0.0002844296395778656
730,0.0001695350210531854,0.0001295394513710947,6.833672523498535e-05,0.00011254882915134878,0.00016544924423355506,8.451193571090698e-05,5.088943447816019e-05,1.9446164688732435e-05,3.509223461151123e-06,0.00045259601049128795,0.00016011831476814634,0.0001002354547381401,0.00010688738498171313,0.00017545510009556176,6.613787263631821e-05,5.761601239537284e-05,0.0004200875989515797,2.5987625122070312e-05
731,8.419184302513316e-05,2.1153273935935885e-05,0.00010872073471546173,0.0001534000122234147,0.00026347335097559946,4.9658119678497314e-05,3.843251375046028e-05,2.452999511823843e-05,7.5623393058776855e-06,0.00013964015835345178,0.0007030401682512101,0.00016029924154281616,8.663111080378649e-05,0.0003508048981615275,6.576254963874817e-05,2.273207077271855e-05,0.00027149461363322816,7.935240864753723e-05
732,0.0002761926073926724,6.593905810483441e-05,0.00010948628187179565,9.08405338356788e-06,6.036947153980829e-05,9.597651660442352e-05,1.5009886710061135e-05,6.7926153455885965e-06,1.7695128917694092e-05,0.00011781081562389772,0.00014710986116452107,0.00010626204311847687,0.0002510952192518734,6.917874943609265e-05,0.00012469105422496796,9.890025845954442e-05,9.981426532169272e-05,0.00034268200397491455
733,1.5504838627306006e-05,1.3639946428983113e-05,0.00014474615454673767,4.9306551534150644e-05,0.0001548815687440544,0.00015465356409549713,1.0223333299121118e-06,1.384709433131055e-07,3.471970558166504e-06,0.00010654462366310735,1.9243218256012606e-05,7.813796401023865e-06,0.00032464561031365913,0.00019376656948487392,7.929280400276184e-06,0.0002173751149639469,3.859044827650166e-05,0.0002957843244075775
734,8.09000969400342e-05,0.00013012072642890754,8.582510054111481e-05,0.00028662157255640586,0.0003111459766726096,0.00011570751667022705,3.242926747067283e-05,2.366245292084783e-05,1.3388693332672119e-05,0.0001503686496570622,0.0008409349524662948,0.00019660033285617828,0.0002872813334221652,0.0003225499745360405,7.808301597833633e-05,0.0003087103872224106,0.0002345450682002346,0.0003654882311820984
735,0.00015824311556675297,4.115734044382591e-05,6.866361945867538e-05,0.00018374085615488478,7.313666849580527e-05,5.2362680435180664e-05,1.241627466799268e-05,3.847829587701559e-06,1.0367482900619507e-05,8.129653113135571e-05,0.00022134271736917038,2.6610679924488068e-05,0.00045973537754030736,9.202122115928302e-05,0.00011079106479883194,0.0003287903218489596,7.473612817306737e-05,0.0001955851912498474
736,4.759133070439403e-05,2.9278824705412237e-05,0.00012553762644529343,0.00022056340851780987,1.3437443032067453e-06,0.00025464966893196106,3.285047077855249e-05,1.490402345003005e-05,5.904585123062134e-06,0.00013694625022533935,4.280302181027679e-05,9.7653828561306e-05,0.0001401832305933104,0.0001451146767561251,2.91457399725914e-05,0.000628344081560317,0.0003498721290447794,9.797513484954834e-07
737,0.0003691664743863121,0.00016880343346515475,0.00022741686552762985,8.90503600574355e-05,0.00022242841873492541,1.8768012523651123e-05,6.636471531928749e-05,2.295264524628096e-05,1.586228609085083e-05,0.0001828063472021635,0.00015893520352971632,2.154335379600525e-05,0.0001252979793509995,0.00015580562667250747,0.00019543059170246124,0.00039962827186285077,0.0003245923706318597,0.000544033944606781
738,0.00047474988293536025,0.00017554003341698973,0.00023333542048931122,0.00011223933191512048,0.0002144305467211352,1.31167471408844e-05,1.2703202033672104e-05,2.2076970737378878e-05,8.344650268554688e-07,1.3509803406253074e-06,0.0005209164274018394,0.00018046703189611435,0.00020849207524399616,0.00041424763745485926,0.00011185184121131897,0.0006469262545373833,0.00026671276001287957,0.00031147152185440063
739,4.560231836953088e-06,5.45906486597407e-05,0.00013192184269428253,5.892290892262064e-05,2.9778913951474667e-05,0.000147329643368721,3.6589025521560625e-05,4.257358537102483e-06,1.1999160051345825e-05,0.0003489053537021336,0.00028817987315341714,0.00019774120301008224,5.109690099672215e-05,0.00017487399997696135,0.00019715074449777603,0.00022148841153271648,0.00015092282389727023,8.274242281913757e-05
740,5.14311862796768e-05,0.0001377986995727172,4.3351203203201294e-05,8.251971676598302e-05,4.715875231119104e-06,0.00018249265849590302,3.2763351224436577e-05,1.2996711882937617e-05,1.4517456293106079e-05,7.839479133710248e-05,7.941414598422458e-07,0.0002669449895620346,0.0001259405450798612,0.0001593621831547723,8.669961243867874e-05,0.0005246977427747213,0.00020866882146853942,0.0002444125711917877
741,8.170630789250399e-05,0.0002270863445951836,2.6737339794635773e-05,0.0003353763405340715,1.5221071974370198e-05,0.0002567935734987259,1.1590568585101435e-05,2.7525256780121937e-05,3.866851329803467e-06,4.136038636595729e-05,0.0003650615726867347,0.00010229740291833878,0.00015523041323334263,4.615788602756882e-05,0.0001724250614643097,0.0006892408508484549,0.00032804261187284554,0.0001740977168083191
742,0.0003630664215996948,0.00015783703091110102,0.00011356920003890991,0.00029683874394148546,0.00014890047810487902,0.00015310943126678467,4.1794840877700315e-05,6.8081326133429074e-06,2.209097146987915e-06,0.0003517032683894722,0.00014443759851539076,9.380187839269638e-05,0.0003564436152076883,5.803581752653747e-05,7.866602391004562e-05,9.46459597308269e-05,7.998417117592322e-05,6.647780537605286e-05
743,0.0004194676249747731,3.679764586571321e-05,0.00013860873878002167,0.0001641735155342161,0.00016528745362587652,0.00020941533148288727,9.52406042556593e-06,2.025744554161389e-05,1.1291354894638062e-05,0.0001379899413494201,0.0006042571408285159,8.176080882549286e-06,0.00014176825640432877,0.00024750786068477443,0.00010038446635007858,0.00010289222852169488,0.0002456886409409366,0.0003454163670539856
744,0.0002203957574593296,0.00016304995139796927,0.00011810567229986191,0.0003274553949679515,0.000170039325788518,0.0002564210444688797,5.485518502386377e-06,1.5456458881849737e-05,3.057345747947693e-05,0.00025500258719249325,0.000252023972291255,0.0004866030067205429,0.00032271223154139994,0.00033176356231842674,0.00028426479548215866,0.00042138691014298457,0.0002836491111966903,0.0005778521299362183
745,0.0002177896138966795,0.00014030668407657293,0.0002628937363624573,5.870863663712256e-05,0.00012192486421976068,0.00032225437462329865,3.670477469536193e-05,1.1919063315393285e-06,2.728775143623352e-05,7.805425298973434e-05,6.813838371163075e-05,0.0003926176577806473,0.00019987860795329937,2.9570933347385087e-05,0.0003258269280195236,0.0002579936548792461,0.00010623595865785242,0.0004648864269256592
746,9.31172067314967e-05,0.00023364637968772972,0.00018872320652008057,7.456881068054755e-05,0.000156846359263791,0.000370880588889122,2.448823145667807e-05,5.4304741913780655e-06,2.3987144231796265e-05,0.00010248868705034497,0.0002485962786412735,0.00032523833215236664,0.00016414682605865594,0.00015476171504626157,0.00010986067354679108,0.0001328369314928246,0.00019977640655518495,0.0004986971616744995
747,0.00014555699392834742,0.00014727725170608774,4.570838063955307e-05,0.00038531652115383896,4.4462292078346205e-05,8.052587509155273e-05,3.442213339580058e-05,6.399241144906429e-06,1.660361886024475e-05,0.00024975664427591415,0.0001477134428629276,0.00029106251895427704,0.00014901529229723043,4.395736865955152e-05,0.00012214481830596924,0.0002690955210299939,0.00019912067189282578,5.9466809034347534e-05
748,0.0002824226741441338,0.0002919145529301087,2.3115426301956177e-05,0.000310126051301568,0.00020329944011348786,3.4378841519355774e-05,2.5966708685999304e-05,5.666529443690044e-07,1.043081283569336e-07,0.000547224520155723,0.000222292320652559,6.394181400537491e-05,0.00044688893035607635,0.00022574242761586732,2.063717693090439e-05,0.0011918153558124756,1.643425038207018e-05,0.0004127584397792816
749,0.00014565299910787588,5.800959756768059e-05,0.0005697952583432198,9.820589834838578e-05,1.2498002380432333e-05,0.0006760638207197189,0.00011368953866165536,1.6484300104243797e-05,5.038455128669739e-05,0.00043388200579236313,8.750894463137662e-05,0.0001954454928636551,0.0004036253679835372,0.0002251895763352718,8.353684097528458e-05,0.0014461173142197303,0.00023199381710864268,0.0009616240859031677
750,0.00044712833517387973,0.0003102670831990617,8.784234523773193e-05,4.466279128798045e-05,8.542868858152364e-07,0.00023261085152626038,2.2809406574314517e-05,4.947122997863026e-06,1.2528151273727417e-05,0.0003409345366546662,0.00017738548827210196,0.0002025822177529335,0.00014137170905102747,0.0006645478651522152,3.644078969955444e-05,0.00081155113926204,8.966815538996586e-06,0.0004301778972148895
751,8.70408666818756e-05,5.721217723620581e-06,0.0003321748226881027,0.00010180089990499686,0.00026242017087507383,0.0005370266735553741,0.00018058648184684535,3.331232459729302e-05,2.2299587726593018e-05,0.0001243679912829171,0.0003896019517718244,3.8850121200084686e-05,6.270727933849196e-05,9.034477458952361e-06,0.0001867813989520073,0.0008203975767931415,0.00048086364676295894,0.0009065605700016022
752,0.00028573361765854566,0.00010216048039023498,0.00011637061834335327,0.00017700468059739238,8.072457848812276e-06,0.00011137686669826508,1.3369243101251857e-05,8.311219267204757e-07,1.506507396697998e-05,6.781380155050643e-05,4.325964613672781e-05,0.00016865506768226624,5.1891296704978385e-05,2.2420909193680838e-05,0.00015449430793523788,6.59024582947143e-05,1.4513704432624064e-06,0.0003663003444671631
753,0.0002675805748853788,4.559134504745002e-05,5.0999224185943604e-05,0.0002578225367437792,0.00010818720863540673,3.524124622344971e-05,2.5332357832832247e-05,3.5724642851795016e-06,1.1324882507324219e-05,0.00015377240875731613,0.0002666215877836428,0.000346391461789608,0.0004280538980559606,0.00010196589790745919,0.00022276956588029861,0.0002830472434499909,2.9811973346318722e-05,0.00040883198380470276
754,0.0003668085718251668,3.057957604401737e-05,0.00012015178799629211,0.00023443691886917972,0.00012766562698018208,5.444325506687164e-05,3.773656236870544e-05,6.23428734665047e-06,1.3522803783416748e-05,0.00011947326520131418,0.00010584370813549251,0.0002428106963634491,0.00016243330484914942,6.469657013045971e-05,0.00032026413828134537,0.0001526699733558623,5.78457391219641e-05,0.00015245750546455383
755,0.00019514961331346115,7.039506105934248e-05,0.00011691264808177948,5.5005919737644016e-05,3.5803034722340504e-05,0.00012005120515823364,5.804389544089572e-06,9.805004496941873e-06,5.066394805908203e-06,0.00011532662415797423,0.00018363187324707195,2.0306557416915894e-05,5.140714144794001e-05,2.4377205643057176e-05,4.3842941522598267e-05,0.0005904822372511942,0.0003212668509805436,1.5683472156524658e-05
756,0.00010184713086194841,6.93271155861909e-05,7.493793964385986e-05,6.230865682263498e-05,6.008911401607017e-05,0.00015361234545707703,3.603021237806765e-05,1.662542285409287e-05,1.099705696105957e-05,9.986149454323245e-05,0.0001662693213844678,0.0001899469643831253,0.00030025594262954314,0.0003303492981960657,8.364114910364151e-05,2.7866284372735084e-05,0.00038211290464877645,0.00015595927834510803
757,0.00011117645846764335,0.0001510730837914545,7.91400671005249e-05,8.686258523635249e-05,2.3677606350618746e-05,0.00013431161642074585,5.3291223814627e-06,1.6194633421562625e-05,3.479421138763428e-05,1.5803773520117748e-05,1.602974137596136e-05,0.00043664686381816864,3.0670684202191434e-05,0.00034982904835816064,0.000322168692946434,0.0003174993895128375,0.0003461862347022473,0.000718291848897934
758,0.00016332060212498334,8.862194150249803e-06,0.00019269995391368866,0.00034860254533553015,0.00040683437973870404,5.6646764278411865e-05,3.7274498817883167e-06,1.9150184502043422e-05,2.3115426301956177e-05,0.0008447282146570867,0.00014479228717246412,0.0001559453085064888,0.0007080422551974247,0.0004201377060145117,0.0003578551113605499,0.0005857675145319041,0.00038483983321662037,0.0002849884331226349
759,4.455598553518292e-05,5.633769013472373e-05,9.696930646896362e-06,0.0001840401834038441,0.00036149663750488503,5.470402538776398e-05,5.1050216702628465e-06,8.256776214809818e-06,1.284480094909668e-05,0.0003332222832950066,0.0001978410753354469,1.5554018318653107e-05,0.0003060963145329054,0.00020857981143700827,0.00018688663840293884,0.00020240772561910814,0.0001808851621186592,0.00031058862805366516
760,0.0004611033110281382,1.3339577516934681e-05,0.00011399202048778534,0.0002519447684291576,4.381489593946464e-05,0.00020286813378334045,1.958559618860274e-05,1.999600433636188e-05,3.6507844924926758e-06,6.649194923463719e-05,0.00014912744799539315,0.0001848023384809494,0.00024565317826179267,7.754678351633987e-05,0.00029266439378261566,0.000288973771599893,0.0002884288547724545,4.668906331062317e-05
761,0.0001146669428518654,8.441229221729796e-06,3.7377700209617615e-05,0.0002544172503004538,5.3635780213827366e-05,9.305775165557861e-06,5.33595826848407e-06,2.3269766150808293e-06,5.472451448440552e-06,0.00012389944572496758,0.00017330473892144052,5.0496309995651245e-06,0.00042741066996473953,0.00014066628044458185,2.5012530386447906e-05,0.0001172713797752134,7.589021528220646e-05,5.564838647842407e-05
762,0.00020558599827621982,0.00010631657909681083,0.00015978701412677765,7.6116107072699e-05,2.6380132425854463e-05,6.682612001895905e-05,1.0740137008817888e-05,2.7394387561325835e-06,4.295259714126587e-06,0.00045753981924070986,0.0001051277227301188,0.00021865125745534897,0.00013442237611839547,0.00021825530916963487,7.378682494163513e-05,0.0012262497032754505,4.483214133486554e-06,3.608688712120056e-05
763,2.720366972047694e-06,0.00015119829962986428,0.00021447241306304932,0.00014087960666805954,5.5165124016341716e-05,0.00012422166764736176,1.6733969979572036e-05,1.282882294106663e-06,6.050989031791687e-05,0.0005315907144694265,0.00017865466545684966,0.0008411705493927002,0.0008027247212454292,3.382474394853646e-05,0.0009167222306132317,0.00046452989930131916,5.5403866723132376e-05,0.0009065009653568268
764,0.0003958681157752164,8.086970286726863e-06,6.924010813236237e-05,6.909191361653688e-05,8.934510204568202e-05,0.00017119571566581726,2.0268414770437115e-05,2.5999767398919224e-06,6.329268217086792e-06,0.0002523801196959302,0.0004459149361147295,0.00021881889551877975,0.00017912446276928395,9.384270362643166e-05,6.002001464366913e-05,0.00034976224196830996,0.00011345747696845689,0.0001970231533050537
765,0.00013496134322571463,5.020879750256696e-06,0.00015848316252231598,0.0004514065396784006,9.445769754677993e-05,0.0002359393984079361,2.160678515065323e-05,2.024167855088269e-05,1.424551010131836e-05,0.0007848291450360673,0.00014288626423642967,0.00030663982033729553,0.0014089310656810045,0.00011542081440470836,0.00018601864576339722,0.0006962187538114006,0.0003695027079752746,2.3953616619110107e-05
766,0.00022295751941081576,1.8872534128990676e-05,0.0002792961895465851,0.00020409319714720375,0.00015884504909500358,0.0001155361533164978,1.1596660448287208e-05,6.854887906501998e-06,1.0848045349121094e-05,0.00043013782252038224,0.0003185338345286226,0.0003847191110253334,0.000739105530742884,0.00019779567670590026,0.0005440032109618187,0.000676586396029577,9.37008544083049e-06,0.0002025216817855835
767,8.001773818605562e-05,8.614413695983911e-05,0.00022970139980316162,0.00011405222444579866,0.00018968726524763377,0.00013532675802707672,2.5641476493797402e-05,6.014403234683098e-06,4.433095455169678e-05,5.318278170707291e-05,0.00018162279798682526,0.00035482365638017654,5.032645847669048e-05,8.65452403968972e-05,0.0004013059660792351,0.0008395448180689713,0.00015871861617175334,0.00027049705386161804
768,0.00011743882881806722,0.00017705686785804073,0.00021722912788391113,0.00014258672145983642,0.00020751744744696224,5.189329385757446e-06,9.497636411441579e-06,4.2207280005036814e-05,3.820285201072693e-05,0.0005223264043996007,0.0005837024893450005,0.0003954889252781868,0.00045647054517107544,0.0005400083708188771,0.0006419811397790909,0.0005551649833459016,0.0004637027227538809,0.000635974109172821
769,0.00027485293612286577,6.026367835998414e-05,0.0001516491174697876,0.0007094367730796081,0.00023946514326376317,6.972067058086395e-05,7.995876993559595e-06,5.404380169324763e-07,2.6073306798934937e-05,0.0001373283977726819,0.00019943294976762158,0.0005058459937572479,0.0004821759667715114,0.0001481905066787817,0.0004968671128153801,0.0007252305047086849,4.503845200448187e-05,0.0005473457276821136
770,5.259104705993001e-05,0.00011199265052042398,1.4241784811019897e-05,6.915457231046473e-05,0.0002663370275501342,9.81055200099945e-06,5.347339786447754e-05,9.153702343232372e-06,3.4656375646591187e-05,0.0005768833706094392,0.00021805467394091574,0.0003526555374264717,0.0008042409752766766,0.0007124036650561424,0.0003410903736948967,1.2840141251413417e-05,7.406602371657234e-05,0.00042387470602989197
771,3.471159321577488e-05,2.1051285606740744e-05,8.850172162055969e-05,2.290164841112219e-05,0.00015439264356690088,0.00027505308389663696,1.0807262648265814e-05,2.467105870175519e-05,1.2841075658798218e-05,0.0005520578568681198,0.0003334037121011761,0.00027516763657331467,0.0004721349904655489,6.202924355233619e-05,0.0005425363779067993,0.0005775735128700221,0.0003204356037983919,2.7630478143692017e-05
772,5.90969201472169e-05,0.0002779854572803643,0.0002062879502773285,0.000418793302360998,0.00014029335880435742,8.296221494674683e-05,2.6681836259067823e-05,1.2784667534897616e-05,7.718801498413086e-06,0.00022290804932743186,0.00024008359624570763,0.0001239227131009102,0.0003953153662769951,0.0001992853661860125,0.0002990700304508209,4.2664194933345057e-05,0.00017768751562351106,0.00019811838865280151
773,6.749721082632831e-05,2.6850239657583846e-05,0.00012224912643432617,0.00010934783043523022,7.793238769100708e-06,3.967992961406708e-05,7.869973331723137e-06,7.687331773151225e-06,5.513429641723633e-07,0.00011918054190623167,6.632027885828534e-05,0.00034191086888313293,0.0004273350232403203,9.253549827521745e-05,0.0001548677682876587,0.00038252998296836593,8.954757450326629e-05,1.7587095499038696e-05
774,1.0380254818198598e-05,8.324274723710973e-05,9.469874203205109e-05,4.574888361713603e-05,3.5996021598788674e-05,4.36045229434967e-06,1.2963022726913617e-05,3.7448882190946255e-06,7.417052984237671e-06,9.65779520627208e-07,6.162622814330498e-05,0.00016204826533794403,1.4913531301473382e-05,0.0005458518401024806,3.690645098686218e-05,0.0003853226394459064,0.00012157408341480387,7.132813334465027e-05
775,0.00027792459405132086,0.00011486363256836898,0.0002700313925743103,0.00041859625001527956,7.014203890101309e-05,0.0003209654241800308,7.68547254354629e-06,9.773460318647352e-06,3.127753734588623e-05,0.0006501184385439215,0.0002760937637366831,0.00029914267361164093,0.0009720269701300951,7.0141201281404e-05,0.00014391262084245682,0.00037131754028085773,0.0001359086993665522,0.00022724270820617676
776,0.0007953654016601142,0.00014031265179777555,0.0006205029785633087,0.0008374413351508736,0.0003290953332947301,0.0006257146596908569,6.650457437939843e-05,5.0559509195117645e-06,4.754215478897095e-05,0.0004291450280222431,0.0004134535317964691,4.787929356098175e-05,0.0010758820709926772,0.00022268199056405674,1.0766088962554932e-05,0.000888652333357054,9.84996208540658e-05,0.0005850642919540405
777,0.0008042731273220916,0.00011619891971458018,0.000535791739821434,0.0007243302905408644,0.00031087155197131663,0.0005779433995485306,4.3757789501974384e-05,1.9208489608578015e-05,4.065409302711487e-05,0.0008239317024380521,0.0001728849240093186,6.439536809921265e-05,0.001659360415307301,0.000841538755845514,1.1557713150978088e-06,0.0005888626164169963,0.00016647984251205858,0.0005756095051765442
778,0.0005655425701040773,2.6240048321361092e-05,0.000406511127948761,0.00029428859684987874,0.0003979899862266642,0.00038925744593143463,1.2562891629347428e-05,6.502238501009225e-06,2.9578804969787598e-06,0.000708330275722778,0.000272459063670287,0.0005156639963388443,0.0011330504364008356,0.00047829956022766434,0.000517185777425766,0.0008247971185946779,0.00015601319520393894,0.00036413222551345825
779,8.304508246459452e-06,8.384033057500656e-05,0.0006053261458873749,3.809314849687051e-05,0.0007598596540011153,0.00030271150171756744,4.112620957891916e-05,8.042275255988238e-06,1.4428049325942993e-05,0.00029672095937084003,0.00037299510243287565,0.0006724195554852486,0.000850872947174057,5.0737064907907525e-06,0.00032327882945537567,0.00020171913366853755,0.00026962058636080186,0.0003189556300640106
780,0.00015615739821048247,7.412333025080473e-05,0.00027572736144065857,0.00013408170721754264,0.0005957515268075995,0.00013850443065166473,6.2076336354802836e-06,1.9756448494400938e-05,2.8390437364578247e-05,0.00026533912359637257,2.660659683991623e-05,0.000746624544262886,0.0007162171694100328,0.0005977729753009475,0.0008177608251571655,0.0015105738879447606,0.00023527769324970058,0.0005586594343185425
781,0.00024887393288300363,7.778859295975299e-05,1.9321218132972717e-05,0.00026698791987961323,0.0004906250819936529,1.4521181583404541e-05,1.5095153524481014e-05,1.981242496902841e-05,3.0074268579483032e-05,0.00018619101860779808,0.0002396670337667106,0.0007603466510772705,0.0002551403176738534,0.00023149261662380738,0.0006698230281472206,0.0015392289692145733,0.00016118372617314036,0.0008338838815689087
782,0.00028340270053825445,3.988393248289743e-05,0.00013667531311511993,0.00021947169564423552,0.0006388183966576089,4.406645894050598e-05,2.651261927339929e-05,3.2351939677779614e-06,4.298985004425049e-05,0.000128541033684329,4.955815956737136e-05,0.0005352934822440147,0.0008774791821317754,0.00030899115315068115,0.0006975429132580757,0.0007660011924225107,0.0001427122411599038,0.000836055725812912
783,0.0004994346249787007,7.050097299128588e-05,8.263997733592987e-05,0.0003317051614303568,0.0006425655784598056,0.0001714751124382019,2.975185526670962e-05,7.68090027177402e-06,2.6728957891464233e-05,0.0003735067878702647,0.00022608258898530048,3.594346344470978e-05,4.343779579875362e-05,0.0006829250972665707,0.00029269885271787643,0.0001204963105813639,0.00024322199249381072,0.00012043863534927368
784,0.0006367692323888396,4.020691238628207e-05,0.000277472659945488,0.000429901916248393,0.0006318871280084522,0.00018762797117233276,1.0817676080814367e-05,6.625180860633312e-06,2.8502196073532104e-05,0.00048013663646079285,2.20267486719522e-05,0.00012187007814645767,0.0009961837025652537,0.0002800339486639866,0.000166439451277256,0.00010058334531731772,0.00018519341917550697,0.000299111008644104
785,0.0001228224643507747,1.3658097886056625e-05,0.00019247457385063171,8.49653321472188e-05,0.0004892232358502946,0.00035974569618701935,7.319903380010109e-05,1.0729772180464086e-05,1.9945204257965088e-05,0.0004576894540800694,0.00039243511494511246,0.000530017539858818,0.0007229715704687029,0.0001639745941568252,0.0007694903761148453,0.0003199780932589824,2.3163598225952806e-05,0.00037990882992744446
786,0.0005531152235600523,7.335017835460866e-05,0.00035105831921100616,0.0006623027027527761,0.0004462015624509333,0.00017717666923999786,3.4434157630370416e-05,1.2573230131844885e-05,3.474578261375427e-05,0.0008190526865674633,0.00030584336618128677,0.00019179563969373703,0.0009746355146857677,0.000351148084800898,0.0003887005150318146,0.00041952153677207726,0.00020298061361204243,0.00042546913027763367
787,0.0002523542173969995,0.0001252359523812585,0.00020541250705718994,0.00029064945455128943,0.00012004542513991204,8.42418521642685e-05,4.950381571628727e-05,3.5446304079822316e-05,5.472451448440552e-06,0.0011514721518330745,0.0008301250179520402,7.600802928209305e-05,0.001261080672792611,0.00014798508258967447,0.00024316459894180298,0.000302193243500809,0.0005913237485402562,0.00025147944688796997
788,0.0002746084026319928,0.000162706487804868,6.886199116706848e-06,0.0003707286649545227,0.0001446229841240189,5.0205737352371216e-05,1.0808281647669768e-05,1.4049323356454379e-05,8.922070264816284e-06,0.00020552527833260503,0.0002705493672939506,0.00016836542636156082,0.00020360322774712336,0.00011369447236021096,9.518023580312729e-05,5.676400911910906e-05,0.00024931138357261236,0.00020571425557136536
789,7.294860661383185e-05,3.5070182421988866e-05,0.00019361265003681183,0.00011852612805188234,0.0002453796875439458,0.00022565200924873352,1.873881821643636e-05,1.7736371637596315e-05,2.674385905265808e-05,4.432421710641454e-05,0.0003631368351561075,0.0003669317811727524,3.9032718661527466e-05,0.00038600507918288424,0.00028485432267189026,0.00015476804400399446,0.0002856756061765291,0.0005194917321205139
790,0.0014261382123846866,0.0004181065807634804,0.00017362553626298904,3.576168068597507e-05,0.0001667966808588245,0.00021537207067012787,6.453230306349526e-05,1.7628966447100084e-05,6.751343607902527e-05,0.00014036753666138435,3.676920750644852e-05,0.00048185884952545166,0.0001608411592782799,0.0002607750671003786,0.0005687400698661804,0.00024567156233720744,0.0004548912955869011,0.0013350732624530792
791,0.00011532580501352752,0.0007892733767919866,8.11796635389328e-05,0.0009777335659018616,6.392188769133861e-05,7.361359894275665e-05,1.6279463738784472e-05,4.084644500438055e-06,0.00012125447392463684,0.0009236054191908705,0.00010247308805429525,0.0009626550599932671,0.0006268904617422466,5.176153154651947e-05,0.0009890822693705559,0.0006660167457477328,0.000279954552968521,0.0020554177463054657
792,0.0009398466701747155,9.44907126943298e-06,0.0003378409892320633,0.0004849041901145157,0.00019898482964966768,0.00019095838069915771,1.574843503705098e-05,3.144418330083452e-05,3.8295984268188477e-05,0.0011664605314466447,0.001610252902021582,0.0005424441769719124,0.0010886787550042076,0.0005482730792142204,0.0007276581600308418,0.0008614366380786942,0.0004022953953003029,0.0007412582635879517
793,0.00023302854979648235,4.039404014812009e-05,0.00018757116049528122,0.0006673682419516269,0.0002778515597381438,0.00010496936738491058,1.1460635360121749e-05,7.356742011780499e-06,6.726384162902832e-05,7.291329783333522e-05,0.00044058706071259737,0.00038476381450891495,0.00013274160238395394,0.0009017564442089163,0.000552135519683361,0.00041027228501297475,0.00023380682985128798,0.001343008130788803
794,7.087600617125545e-05,1.9050723653879498e-05,4.238821566104889e-05,0.00026477987747797194,4.940771918739151e-06,7.794797420501709e-05,9.045510369003196e-06,6.727680922578459e-06,2.8781592845916748e-05,0.00012452247261998672,4.2942173051639665e-05,0.00019601918756961823,0.00017382276077559933,0.00014461321761967405,0.00013159401714801788,0.0007838976385917407,2.8813480204769107e-05,0.00032176077365875244
795,0.0002523801776296575,0.00024666170137385354,9.229406714439392e-06,0.00034316076828358466,0.00010082932256112384,6.348267197608948e-05,7.424940169573069e-06,1.2921980673633927e-05,2.123415470123291e-07,0.0005022426141071956,0.00021072975214823236,8.831731975078583e-06,0.0005034341179028651,0.0002096154824684643,7.072743028402328e-05,0.0006608750687682463,0.00031395512273180073,6.034970283508301e-07
796,0.00025302187056430725,0.00015243039388297339,0.0002332255244255066,0.00016841174865034336,0.000137647963652128,0.00040834955871105194,4.592385278391793e-05,2.216658931902376e-05,9.201467037200928e-06,0.0001021706092064062,0.00026495713959530723,0.000196969136595726,0.0002003430043481108,0.0002140815100994259,8.046720176935196e-05,0.0006650701865425213,0.0003238450483383261,5.7309865951538086e-05
797,0.0005001120491859856,0.00031152694262749636,7.29002058506012e-05,0.0002403819196210577,0.00013540248325997345,0.00020132958889007568,4.628749987762443e-06,3.688723601081147e-05,1.233816146850586e-05,0.0008669378140375023,0.0005740406437372315,3.368966281414032e-05,0.0011205726353595014,0.00032424553580865517,0.00018533971160650253,0.0007727849513083362,0.0006419927670341915,0.00016481056809425354
798,0.00017089607761075487,8.840518994760946e-05,6.968341767787933e-05,0.00041067659840210435,0.00016276664897999296,9.777955710887909e-05,7.513321386229052e-06,6.839535892111902e-06,1.9449740648269653e-05,0.00020416410234895543,8.852661625707858e-05,0.00021055620163679123,0.00021110779328489815,0.0001243917837347036,0.0001779189333319664,0.00032921924253614954,9.682225352171826e-05,0.00042103976011276245
799,0.00012425690497244735,0.00017679428549824058,0.00014709308743476868,6.941821262460013e-05,0.00011365102372835889,2.292916178703308e-05,1.359128731919304e-05,2.0120119769927202e-05,6.5229833126068115e-06,0.00012613236025249552,0.000319527611898459,0.00035639572888612747,0.00010611225678899827,0.0001486826240726588,0.00019483454525470734,0.0005889788556324715,0.0002788636623973096,0.00035626068711280823
800,0.0003446719685057664,5.127507618847213e-05,0.0003095380961894989,0.00042127619882367795,0.00018270719647069458,0.00031431764364242554,1.8926153394537362e-05,1.2892433466468907e-06,7.409602403640747e-06,6.74642487090843e-05,0.0002087874129054132,5.7196244597435e-05,0.00016883094014959188,4.511093435654451e-05,0.0001374613493680954,0.0007890700789145999,6.706294118292641e-05,0.0001506023108959198
801,1.899528396284711e-05,6.887136877745115e-05,0.00025613047182559967,3.2392523116653305e-05,0.00018425865221805698,0.0002558808773756027,1.1994604959727692e-05,2.7726999436104567e-06,1.6592442989349365e-05,9.149426965493479e-05,0.00020243619201757573,0.00013338495045900345,0.00028181232991827954,0.0001774390444992252,0.0002178652212023735,0.0007701964183913224,2.4597169619470713e-06,0.00015820935368537903
802,0.0002796897025322542,0.00014016583974157254,0.00017866306006908417,0.00024049435349088322,5.513496756237926e-05,0.00017105042934417725,3.7198485038487245e-05,3.228036550940148e-06,1.3880431652069092e-05,0.0008125545818301605,0.000863279703120258,0.0001678643748164177,0.0007297978272466227,7.070351704954736e-05,0.00014114845544099808,0.00012294983404631532,6.561698731177151e-05,0.0001385211944580078
803,4.808527281996433e-05,7.810112965197374e-05,0.00011750869452953339,2.5642693570387953e-05,2.3864791187787338e-05,8.087605237960815e-05,2.9684641145558827e-05,3.1324332886313025e-07,2.10590660572052e-05,0.0001788127660603267,1.3420343188477735e-05,0.00018337741494178772,8.09430160470942e-05,0.00038064435037240413,0.00024226028472185135,0.0002839375891429685,3.1828218957386314e-05,0.000543646514415741
804,0.00025298687409422427,0.00012705383733498457,0.0003527943044900894,0.00033179059747054374,7.524358029092557e-05,0.0002755019813776016,1.3051480647931213e-05,1.924417556622342e-05,4.991888999938965e-06,0.00016025092155144693,3.929125182964427e-05,0.00024229753762483597,0.00046340183794385537,2.6345341771920328e-05,0.00014010071754455566,6.924839845770525e-05,0.0004037241586801396,9.495764970779419e-06
805,0.0002475270745995739,6.622799577130772e-05,0.0003700666129589081,0.00017896658805854893,0.00015849819995820968,0.0003101471811532974,1.9526555578346094e-05,2.2387858238663203e-06,5.248934030532837e-06,1.59140744060704e-05,0.00030706988558276693,3.930181264877319e-05,0.00025876988768699927,0.00011329039087715903,4.48618084192276e-06,0.00012007312060424713,3.761417063598803e-05,2.0232051610946655e-05
806,0.00036420766172642893,1.6384330460736396e-05,0.0006442982703447342,0.00022265063912069172,8.077599959123438e-05,0.0006485190242528915,8.735953062036575e-06,5.020668342773326e-06,4.25092875957489e-05,0.0002443925351884729,0.00014539785843564051,0.0002241525799036026,0.00011222546306988157,0.00012867912439826212,0.0001665297895669937,9.95986649514613e-05,9.517539340091197e-05,0.000574599951505661
807,0.00011693363459946982,3.3018429869077076e-05,0.00011448841542005539,0.000700966200565617,6.112426230349757e-05,0.00014936551451683044,6.779328399813406e-05,1.3776768802634793e-06,4.336237907409668e-06,0.0005409381970487015,8.614209338592832e-05,2.2251158952713013e-05,9.29362714632842e-06,0.00010122948879639354,7.980316877365112e-05,0.00019274058985499498,0.0001217633104430571,0.0003705136477947235
808,0.00013430902262479005,2.7299240906789035e-05,0.00027511920779943466,8.473595988503502e-05,0.0001071075979258776,0.00030020810663700104,2.879723075077667e-05,3.757828455717017e-06,4.4811517000198364e-05,0.00014307386231911245,0.00012751471828923236,0.00021542329341173172,0.0002482655705981496,3.473905173723146e-05,0.00019033998250961304,0.00020350687182418836,0.00021118493049969086,0.0011017508804798126
809,8.832646291709323e-05,0.00011758579330999747,0.00011402834206819534,0.000310575077346803,0.00016957913439208383,0.00016237236559391022,4.807978427570289e-05,7.797482487618794e-06,4.48860228061676e-05,2.997744461732954e-05,4.3542605100199694e-05,0.0004523005336523056,0.00022464962744457584,5.3018110191059564e-05,0.00035374052822589874,0.0001334838532234539,0.00024787322680029124,0.0012268796563148499
810,0.00016591026903337025,7.808391805498235e-05,1.929793506860733e-05,0.00046587893155861093,9.814710362835224e-05,3.371387720108032e-07,5.634588364721027e-05,6.5674632282771e-06,3.643333911895752e-05,0.00011591659618591377,0.00016654870316480663,0.0005409242585301399,8.70295474335453e-05,0.00011442267576193543,0.0005509937182068825,0.0005199527559751893,0.00023120491485007465,0.0010515786707401276
811,0.0003047049842945515,0.0001353704933144198,0.00014478713274002075,0.0003109400279970309,5.289186772919341e-05,0.0001960229128599167,4.456762826268203e-05,1.5302538266771457e-06,2.5428831577301025e-05,1.4846102788138027e-05,0.00046288752889879145,0.0004121502861380577,0.0004657581968058322,0.00039775699606058035,0.0005301982164382935,0.0006517366317610462,0.00012617704632554398,0.0007969923317432404
812,0.00014979134204501365,8.745087364432289e-05,0.00022071506828069687,0.00039805796211128674,9.1056411157215e-05,0.00020242109894752502,8.32723564431724e-06,7.700878746349094e-06,7.946044206619263e-06,0.00017906975967753314,0.0005039244044484255,1.3399869203567505e-05,0.00019653175322699445,0.00023084670528609325,4.821736365556717e-05,0.00034507482192164263,4.565951438528001e-05,0.00011280179023742676
813,0.00020819060587848326,7.941103020641868e-05,4.412885755300522e-05,0.0003132488724463811,0.00017896526807955476,7.444992661476135e-06,9.95061785017022e-06,9.423329875479086e-06,2.1092593669891357e-05,2.9120482655797808e-05,0.00029431171055856534,0.0004649832844734192,0.00016282192152416997,0.00014408105289756556,0.00039043091237545013,0.0006512620399290181,0.00014536698385270597,0.00036856159567832947
814,7.349793066740995e-05,0.00011709656419561787,0.00013643596321344376,0.00029384453181330317,0.0002340095923115161,0.0001739542931318283,2.405114718917814e-05,7.809886268262236e-06,4.643946886062622e-05,0.0002096900928318518,5.8919215249895324e-05,0.0005000494420528412,0.00012990731092693553,0.000621238089114344,0.00044057145714759827,0.0006766988336075197,2.6955422524701372e-05,0.0006396472454071045
815,0.00020672130483365136,2.651928084681371e-05,0.00020902324467897415,0.0004912354692880039,0.00011680812474927985,0.00026334263384342194,4.50734922924443e-05,8.813265613116122e-06,1.3396143913269043e-05,0.0007429807064722044,0.00038162836644640985,0.0002423347905278206,0.00046080511171943395,7.601881228436885e-05,0.00032135285437107086,0.0012916372592313152,2.0025159310836996e-05,0.0006075501441955566
816,0.0003910294792178748,5.688654421306949e-05,0.0001687612384557724,0.0003430253155829732,2.8044604374014015e-05,0.00016718171536922455,0.000134372224238807,3.433984325868812e-06,6.545335054397583e-05,0.0007160366012724656,0.00029261294081939226,0.0005867062136530876,0.00046378754364254093,0.0003445391006132656,0.000635896809399128,0.0002927575293932838,0.0002505972205913958,0.0016530752182006836
817,0.0003965934073956179,1.9686531109262134e-05,0.00022432859987020493,5.705029675839857e-06,6.884590964526677e-05,0.00022390857338905334,7.498615702566588e-05,3.58858178148454e-06,1.7490237951278687e-05,2.54898345496829e-05,3.8830374222687675e-05,6.802752614021301e-05,9.094326073420811e-05,6.791481254733722e-05,0.0001354757696390152,0.00020788273305799576,2.396726917332486e-05,0.0005492605268955231
818,4.967507581279951e-05,8.64262859566825e-06,0.0004326188936829567,7.72473786786465e-06,3.218403911862261e-05,0.000420326367020607,8.448186090965343e-05,1.514620561881533e-05,5.394965410232544e-05,0.0004236738789793887,0.00025285745598593173,0.000575740821659565,0.00020218330761140324,9.739266228329241e-05,0.0006177853792905807,0.0003190841078835882,0.00018270038093027349,0.0012720637023448944
819,0.0002313111847406235,0.00015365009533785737,0.00015420839190483093,0.00014209570146073158,2.4528994566896944e-06,0.00013401173055171967,1.800900609438827e-05,6.1445733906310106e-06,3.8798898458480835e-05,2.1810422976303867e-05,0.0001329163937424105,0.00041599757969379425,0.00010177437252270605,0.0005068344906502126,0.0005164025351405144,0.0002798583373662955,0.00011345451179041195,0.0008680149912834167
820,5.3276855386974464e-05,2.1811401172550093e-05,9.827874600887299e-05,0.0004911545422938979,0.00014007623067917654,1.8563121557235718e-05,1.6907674192420674e-05,2.0762361215031697e-05,2.3953616619110107e-05,0.000858760759491442,0.0004616061994947296,0.0003977157175540924,0.0005923787277028053,0.0004835750497768007,0.0005442984402179718,0.00015132684876667524,0.0003292283090456094,0.0005390867590904236
821,7.25126370254292e-05,2.7416654100519133e-05,0.00011925771832466125,0.0001096075629560267,0.00010921248963902813,0.00021851994097232819,4.374113624293005e-05,3.997408122504429e-06,1.827254891395569e-05,0.0006773275183046129,0.0005533744483865281,3.900378942489624e-06,0.0008483886227474702,0.0005157088679057162,0.0001119440421462059,9.90513424085071e-05,9.408605839334415e-05,0.00027988478541374207
822,0.000409455302895545,9.319226792528848e-05,0.00033013708889484406,0.0003473338291279937,2.5321451373704063e-05,0.0002690199762582779,5.526906922716235e-07,8.737615091394195e-06,3.896653652191162e-05,0.0008828807869933133,0.00045466305728695394,0.0004104701802134514,0.001378924368725165,7.264882745664641e-05,0.00048392266035079956,0.00013083183593551317,0.0002467136881866014,0.0007714219391345978
823,2.8680598600810958e-05,5.1881125971601355e-05,0.0001788102090358734,0.0002699700253085413,0.00018123694851752623,0.00012946128845214844,1.211601262700833e-05,1.90735056346633e-05,2.3208558559417725e-05,0.00031167121639417983,0.00044800878546056785,0.0005268445238471031,0.0007325226440628857,5.106195255072388e-05,0.0005826912820339203,0.000960528082372486,0.0002507829793673144,0.0008317939937114716
824,0.0004290006764939569,9.771483160238292e-05,4.239380359649658e-06,1.8970598723550003e-05,0.0005534067713628202,0.0002735462039709091,3.975086926321508e-05,4.0315265691651374e-05,4.311278462409973e-05,0.0007968463229219847,0.0009692120721520661,0.00046259816735982895,0.0009271905019070867,0.00019273144586760133,0.00013766158372163773,0.0004504389294603117,0.0006530092799669181,0.0012951940298080444
825,0.0003124827867607427,0.0002081155420631739,0.00012490339577198029,0.00036823010902048425,0.0001856380580034303,0.0002867411822080612,6.933781027066571e-06,2.601956363071714e-05,6.452202796936035e-06,4.620663142620995e-06,0.0004982061703134658,0.0001428760588169098,0.0001484563939559841,0.00024135946371722783,0.0003318721428513527,0.0006998219474528555,0.0004063975462018461,9.066611528396606e-05
826,0.0006809066553839505,0.00018762653019605002,0.00048579461872577667,0.0004784438589628959,8.819233161579121e-05,0.00039170868694782257,2.2560711487160448e-05,5.242680504534994e-06,4.7694891691207886e-05,0.0008740252138473015,0.000634437270234961,2.740509808063507e-05,0.0011397545425291603,0.000373301238210319,0.0002070525661110878,0.0015146586364187808,0.00020062377102822567,0.0009297765791416168
827,0.00036833625371854306,0.0002611463197859966,9.12882387638092e-05,0.00026851838318220356,6.277062180566964e-05,0.00013531185686588287,1.7384517444133177e-05,1.6333188675507585e-05,1.4841556549072266e-05,0.0005322953885030096,0.0003874750177371711,0.0006300564855337143,0.0006552561166468726,0.0008011906306689548,0.00048782583326101303,0.00010528724115341226,0.0003891628336293719,0.0003177337348461151
828,7.138143120044571e-05,0.00011979402348803042,0.0003889836370944977,0.00046595562781681643,1.3769019163660523e-05,0.0004340857267379761,9.600436871913011e-05,6.587101402715634e-06,4.294887185096741e-05,9.707946270726131e-05,0.00046367951329888413,0.00015585310757160187,0.0001922094238025404,0.0002729636372834632,5.739089101552963e-05,0.00010106167902060315,0.00020599113574120169,0.0006512925028800964
829,3.4481808498021405e-05,1.739477620058688e-05,0.00011496245861053467,0.00014782006526958824,4.946529237481734e-05,1.607462763786316e-06,3.059617230661768e-05,4.035677453250369e-06,1.2479722499847412e-06,3.162758349540412e-05,0.00030887369315826807,2.9519200325012207e-05,0.0002559615822526687,0.000423737426591235,0.00013174675405025482,0.0009589849515713733,0.0002510257244274618,0.00039014220237731934
830,0.00015318648226303466,0.0002077737848117829,5.577690899372101e-05,1.1500547315496101e-05,0.00028481432359291417,0.00015785358846187592,4.534945044369458e-05,2.6130595797236927e-05,1.650303602218628e-06,0.00048625436271630684,0.0006450555804569311,0.00048409588634967804,0.00040560853775879757,0.0005465415284090225,0.0007221708074212074,0.0005267080755139986,0.0004984100734152668,0.0002728588879108429
831,5.698986056026922e-05,0.00016145453546981617,0.00033661723136901855,0.00019401967444557244,1.6908942587871845e-06,0.0004335697740316391,4.58309159182442e-05,1.2477328572780985e-05,5.65163791179657e-05,0.0002267696931690863,0.00024170813244584616,0.0008861012756824493,0.0006194274071201489,0.00046109287293542855,0.000716283917427063,0.0001706366208521215,0.0002969701251065316,0.0011286772787570953
832,2.4366374679785086e-05,0.0001503560629442062,0.00019277632236480713,9.48486898872114e-05,0.00011836956213613983,0.00022201985120773315,1.7808861236482537e-05,1.3778454673394843e-05,1.9613653421401978e-05,0.00022849018752812283,7.970316550005851e-05,0.00011393986642360687,0.0003489154059442348,8.72455594571192e-05,3.386661410331726e-05,6.531382405514097e-05,0.0003161279587738509,0.0006898306310176849
833,0.00011301834859600568,2.498162804826648e-05,0.00012920424342155457,0.00016020619275275427,6.432589922383478e-05,4.742667078971863e-05,3.300818116201004e-06,1.7551994483076816e-06,1.2367963790893555e-06,0.0002822502512070807,3.299108510601556e-06,7.731281220912933e-05,0.0001057014521328517,4.5696314635836066e-05,0.00015182700008153915,0.00012268872416856813,3.487387777189764e-05,0.00020594522356987
834,0.00015990576818120106,5.833556333169343e-05,9.22325998544693e-05,5.057441658995465e-05,3.513333929529988e-05,8.53613018989563e-05,3.4994611190670988e-06,1.0441267222550434e-07,1.4469027519226074e-05,0.00014767797099077967,0.0002586394915391893,0.0001559760421514511,0.0002492667376772298,0.0001662999765090975,0.0001929309219121933,0.00035915542600331585,3.997890878968931e-05,6.0405582189559937e-05
835,0.0005336323353335726,8.705659963329296e-05,5.692616105079651e-05,0.00046423916385310293,2.6776893386992046e-05,0.0001355484127998352,9.381436270407967e-06,2.0622900059768666e-05,1.527741551399231e-05,0.00038922357712294076,0.0005750176823350883,0.00012090243399143219,0.00043562100732278536,0.00011458704254389135,0.00023087020963430405,0.0006403867319531298,0.0004129456904554906,0.00012300163507461548
836,0.0001157899849372479,5.130466710120962e-05,0.00018926337361335754,0.000303204694443282,9.321367404879766e-05,0.00020634755492210388,3.230922185179334e-05,1.6510011513392524e-07,3.546476364135742e-05,0.0002675247533938038,0.00016364045563526525,0.0003971792757511139,0.00010109217562390832,0.00019081449866523853,0.0003804219886660576,0.0007291682647049269,1.8258880989712768e-05,0.0006895884871482849
837,0.00036123167331933437,0.00019310782082097508,4.8683956265449524e-05,0.0005107867177152892,2.07679604275271e-05,1.0477378964424133e-05,6.334890188793019e-05,1.0705489622498266e-05,7.253140211105347e-06,9.433445302906712e-05,7.707108221605141e-05,0.000325595960021019,0.0003489913527646993,0.0002637382777637351,0.0002547437325119972,0.0002630257938101843,0.0002932933598504481,7.968023419380188e-05
838,0.00014013742496130077,0.00018209327793752492,0.00013319961726665497,0.0003052366096019943,0.00013165271273428078,0.00018520280718803406,2.5279963718006018e-05,1.2257846085493172e-06,3.154948353767395e-05,0.000354197355174328,0.00018555926289906544,0.00041956081986427307,0.0007398387971853659,0.0009339588127834156,0.00033834856003522873,0.001269082811290928,2.5548852205090587e-05,0.00028531625866889954
839,0.0003616151459172323,3.879735290686359e-05,4.1203573346138e-05,0.0003785429031668841,2.743197806343717e-06,0.00012443214654922485,1.7497916840695377e-05,2.091632171355315e-05,2.5041401386260986e-05,0.0012019406378370526,0.0006310018703945125,0.0005496535450220108,0.0010395072394360216,0.0007986237771464288,0.0003769267350435257,0.00017157407461768082,0.0004482059864473159,0.00044002383947372437
840,0.0005051061919430222,4.511092888419277e-05,3.3522024750709534e-05,0.0005069179080803565,7.099331095575256e-05,7.016584277153015e-05,3.978863742408467e-05,6.365030532341233e-06,2.8051435947418213e-06,0.00015865530002629608,0.00021940694742196565,0.00022134929895401,2.4806470936056257e-05,0.00015102976911278432,0.000196884386241436,0.00011803148664568663,0.00017538180388631348,7.845088839530945e-05
841,8.071687521743476e-05,2.5132091299940457e-05,9.736046195030212e-06,6.353460796726385e-05,0.0001476272879495713,0.00015469640493392944,2.0918627298600195e-05,3.652539433080681e-06,2.25752592086792e-06,0.0008705591022290723,0.00044914127254210706,4.809536039829254e-05,0.001382550261192203,0.0007741653484052494,0.00014752615243196487,0.0007629994536049733,7.506065823911258e-05,0.0002716369926929474
842,9.909075726213801e-05,5.616708879748605e-05,2.61552631855011e-05,0.00010012251179605802,3.390238040014426e-05,0.00016809627413749695,3.7903991019640204e-05,1.3209882442253033e-05,2.8051435947418213e-06,0.0004597218187902402,0.0006195689961720485,0.00017534010112285614,0.0009402681240058691,0.0002617847305012855,3.172457218170166e-05,0.0009927772617191188,0.00019096248699587877,0.00030227378010749817
