frame,change 1.x,change 1.y,change 1.z,change 2.x,change 2.y,change 2.z,change 3.x,change 3.y,change 3.z,change 4.x,change 4.y,change 4.z,change 5.x,change 5.y,change 5.z,change 6.x,change 6.y,change 6.z
2,0.0019139907300755321,0.0011109545105918717,0.00024910271167755127,0.0019966463278237034,0.0003823891292449033,7.027573883533478e-05,0.0002236807647708651,1.4025539495382045e-05,7.750466465950012e-05,0.001403446578629966,7.873492595903558e-05,0.00020051747560501099,0.0014399770484781887,0.0006378991622864455,0.000287836417555809,0.006046301574246876,0.0007448608426144677,0.0006327927112579346
3,0.0004072686392699032,0.00034359231013038685,0.00039215758442878723,0.0005661020641274939,0.00012077581253382846,0.0005484987050294876,0.0001405843746321682,4.357179434578658e-06,1.0251998901367188e-05,0.0011598442885550064,0.0005951475413894791,0.0003018006682395935,0.0018745287301119573,0.0007544356857713472,0.0006062956526875496,0.003657981740638805,9.299598208666222e-05,0.0001491345465183258
4,0.00022202757169309528,4.303135052066351e-05,0.0002807527780532837,0.0005292042020284826,0.00014299407363881425,0.0005654860287904739,6.0657948068663925e-05,1.4896388317976218e-05,6.964057683944702e-05,0.0007254703110931432,0.0006931567177804326,0.000740518793463707,0.000478806763791223,0.0004947205240348543,0.00034758076071739197,0.002214829766673504,4.077471992039623e-05,0.0008938126266002655
5,0.0010623697818793187,0.00011512310558210379,0.0005867723375558853,5.548044736891633e-05,1.8470407487432283e-05,0.0005734879523515701,3.931393433274574e-05,3.01110556829302e-05,3.9812177419662476e-05,0.0009219319403491882,0.001210446308843413,0.00039063766598701477,0.0004371295714505896,0.0008638688395568306,0.00038937386125326157,0.0012596347583344047,0.0005042283185552835,6.391480565071106e-05
6,0.0004562633023846574,4.9451367993797596e-05,0.000449134036898613,0.00018683034990651937,0.00029013552949605503,0.00013237819075584412,2.243018826384585e-05,3.443033191361178e-05,3.866851329803467e-06,0.0009288383115784171,0.0008258532666169036,0.0004944223910570145,0.00016839518876725357,0.0003437349724845079,0.00011442881077528,0.002450849691184559,0.000513142089375928,0.0010275766253471375
7,0.0010982870835315184,0.00012330408737069518,0.00029027462005615234,0.0009115388146483661,0.00015103472467978968,0.00020067207515239716,2.924250158925501e-05,1.1696862677794276e-05,3.9521604776382446e-05,0.001517232694505724,0.001015427028993543,0.00031157582998275757,8.245464646097767e-05,0.00019992443570700236,0.0001660473644733429,0.0007144460280927301,4.466805523820755e-05,0.0007373951375484467
8,0.00034285323489621766,4.783051247276779e-05,0.000563405454158783,4.488989807532873e-05,4.917930165881934e-07,0.0005558785051107407,5.6621291089100495e-05,8.031472306066793e-07,4.1872262954711914e-05,0.00026609817465844676,0.0003175742103612017,0.0002903547137975693,0.00010994318141362147,0.00013601660698017715,0.00029197894036769867,9.545651662765109e-05,6.457962547438793e-05,0.0008035376667976379
9,0.00039453023307539636,8.490594267683907e-05,5.1390379667282104e-05,0.00028050900018630753,8.554204967010232e-05,1.1941418051719666e-05,5.071737629775558e-06,1.2951630094217232e-06,6.511807441711426e-06,0.0007132372053479802,0.00032032465907382013,0.0003160424530506134,0.0004239018479444967,0.0003960499940531201,0.00033681653439998627,0.0014573358039648432,5.804915128175027e-05,0.0007284581661224365
10,0.0002928634175932143,0.00012193142938043619,0.00011046230792999268,0.0003493152892096729,7.906652855171892e-05,1.154094934463501e-05,2.9762235836689604e-05,1.2298662276983468e-05,1.085922122001648e-05,0.00017287495414182452,0.000782183280830899,0.0003988873213529587,0.00010222913632042252,0.000668889146727969,0.00027907826006412506,0.0005696790443527611,0.00014242177857574922,0.0007355660200119019
11,0.0007225245996559104,9.617767400011898e-05,0.0005430281162261963,0.0009285914204529289,0.00010831847575118805,0.0006375499069690704,7.873777743046262e-05,5.237065327154064e-06,4.661455750465393e-05,0.001596070758379517,0.0004947859734021759,0.0003446657210588455,0.001162488337053208,0.0006774196423734308,0.000264190137386322,0.0019141110390213378,3.4683741512797975e-06,0.0010165572166442871
12,4.0797989262819634e-05,8.705776403749102e-05,0.0003930218517780304,0.0004155890321080047,0.00011207418731793567,0.0004238709807395935,4.26139940507865e-05,6.778344349786731e-06,2.8833746910095215e-05,0.00030894370235552693,0.00011652374353156997,1.4059245586395264e-05,0.00027307423254957497,0.0005025399973561107,2.9616989195346832e-05,0.0006478044013956685,1.2253174645267262e-05,0.00015862658619880676
13,4.321913494356733e-05,4.829284372444287e-05,5.98616898059845e-05,7.358951350008858e-05,0.0001266744902495287,7.563084363937378e-05,3.474486932640228e-05,6.521706039609102e-06,4.284083843231201e-07,0.0003568526181923215,0.0004970910426104203,6.536021828651428e-06,0.0007714185394535611,6.331137708670553e-05,0.0001127980649471283,0.0005877287509590545,2.921576690661197e-05,0.000512983649969101
14,0.00015308709772410278,5.66713247347056e-05,3.999099135398865e-06,0.0002676886802635836,0.00012598558457306216,0.00012005120515823364,3.08637425943184e-06,2.3226413414786993e-06,8.50483775138855e-06,1.3258315202768767e-05,8.827024633862451e-05,2.2450461983680725e-05,0.00011850916900746356,0.00015443048633002193,0.0001700427383184433,0.00022937603416750552,9.565563355372168e-05,9.010359644889832e-05
15,0.00010180175675250647,0.00012315812874100912,0.00016991794109344482,4.88689135080822e-05,0.00011333769068830671,0.00029086507856845856,1.1964370746960634e-05,3.1070834736341693e-06,1.0728836059570312e-06,0.0001337390792806037,0.000273173156500002,6.96815550327301e-06,2.727358640421118e-05,0.0004393435760647324,0.0002079615369439125,0.0024418973210451334,0.00017458153847411517,0.00019656121730804443
16,0.0002965250269918729,0.00011408807450666303,0.0002874452620744705,0.00012818807729228499,0.0003376747097752833,0.0002720095217227936,9.916758217737298e-05,1.9142302087364388e-05,8.624047040939331e-06,0.00045999090170588397,0.0004207571764561699,9.698420763015747e-05,0.0006923913677468613,0.0004107494118418889,7.330067455768585e-05,0.0024563160525189476,5.8449907938901494e-05,0.00031759217381477356
17,0.0003447527380917026,0.00018409843254456673,0.00030150264501571655,0.0005698550479887599,0.0002128301767474576,0.0004607308655977249,6.843998354843367e-05,2.4083357017655232e-05,4.149973392486572e-06,0.0006311067500161249,0.0008788236661635904,3.0703842639923096e-05,0.0013177754618342863,0.000993617689303998,0.0002705249935388565,0.0006101369663090439,0.000288764722863542,0.0003890395164489746
18,4.122343148194041e-05,0.0002282381285897521,0.0007014628499746323,1.2027463602043431e-05,3.2490491927585075e-05,0.0004923399537801743,6.815999159779165e-05,2.2258985032390984e-05,5.6453049182891846e-05,0.0008306584411834073,0.0001280241011765229,0.0002226606011390686,0.00019274335929181374,0.0003539743213147803,0.0004925727844238281,0.0024298334581930037,0.0003193723905390751,0.0002301819622516632
19,0.0004192161590514387,0.0004474604544591268,0.0006059985607862473,0.0003505020329205022,0.00012217793160900978,0.0003673173487186432,0.00013099380576081857,4.1782142917215525e-05,7.576122879981995e-05,0.0002752440607226153,0.0011213684151405862,0.00039055198431015015,0.0013129194812884493,0.0008209015303032863,0.0007473686710000038,0.002465741369525043,0.0007196665228926553,0.0006002970039844513
20,0.0003667782548852361,0.0003444198490826188,8.746422827243805e-05,0.000284219232065952,7.161354864980082e-05,0.00013501383364200592,0.00011078672928184832,9.976183135687415e-06,3.897026181221008e-05,0.00022015974268876914,0.0005260364302148504,0.0005644988268613815,0.0008643264736217238,0.00019102858617389695,0.0006817914545536041,0.0010332214272315565,0.0002340173138881685,0.0005540326237678528
21,0.0013600578537610042,1.6179444302551194e-05,0.0007269177585840225,0.0015385602595217873,0.00010468170074119654,0.0007720701396465302,0.00012867651902869273,3.190911289227647e-06,6.563961505889893e-05,0.0015622294265242448,0.00035777657762844223,0.000178605318069458,0.0014659316985489584,0.00013986356294300867,0.00014073122292757034,0.002840457896576304,0.00021987065409602435,0.0008187815546989441
22,0.00012012418370058175,1.57274036286445e-05,0.00025410205125808716,0.00016687888372279858,0.00015307424854927795,0.00031624920666217804,9.154345288246712e-05,4.6783100758564147e-07,2.2530555725097656e-05,0.0008103103374512005,0.0003914088480181793,0.00023279711604118347,0.00039729276580345585,7.186534166314651e-06,0.00017041806131601334,0.0009090246869644103,5.606886652621129e-08,0.0003709234297275543
23,0.00026607836460809664,6.327169264272459e-05,7.469207048416138e-06,1.1657013173571595e-05,3.9099823171628856e-05,7.558614015579224e-06,7.841273591373266e-06,1.5757932389455823e-06,1.0211020708084106e-05,0.0003313390750723372,0.00034675407720374807,3.0046328902244568e-05,0.0004444568143292804,0.00025279167302146716,3.573019057512283e-05,0.00018218979924322642,7.619763558242964e-05,8.234009146690369e-05
24,0.00031294159387201814,9.46197350033609e-05,0.00035004690289497375,0.00012146643542793045,2.123398372097171e-05,0.00040788576006889343,8.190925623848683e-05,6.662909973559285e-06,2.6691704988479614e-05,0.00011864411720932666,0.00023992152927109628,0.00021742470562458038,0.00022742554625033995,0.00014205948639951088,0.00013754051178693771,0.0008857792730578296,0.0001928954470517179,0.000525549054145813
25,0.00017935847836186847,0.00022914710405869815,0.0002504158765077591,0.00026778548386330314,9.35294692752664e-06,0.000356379896402359,7.616007716626863e-05,1.0294073932972313e-05,2.6404857635498047e-05,4.285441722094718e-05,0.0004076922201253566,0.0003403034061193466,0.0005772873506576376,2.917471392566845e-05,0.00020610913634300232,0.0004612920061553005,0.00020477522710184506,0.0008055269718170166
26,0.0006420759582388136,5.487255680702505e-05,0.00014403648674488068,0.0008013822046420427,0.00015768559737844648,0.0004057958722114563,9.079698621187321e-06,2.3090470815856975e-05,2.0451843738555908e-05,0.0002704986889691119,7.955950402346174e-05,1.732073724269867e-05,0.00048434225141955056,0.0006959726942230987,0.00023951102048158646,0.00018164427787131787,0.00027120475397764826,4.664063453674316e-06
27,9.321433473707952e-07,0.00011249537219290562,4.429556429386139e-05,0.0002939733472889505,0.00013266327830800673,3.141537308692932e-05,1.8823420300722454e-05,5.86219237384009e-07,1.0769814252853394e-05,4.32038389244771e-06,0.00015232276045980264,0.00014892593026161194,0.0001722204801827415,0.00045204825271870364,0.0001568170264363289,0.00035740654227961466,6.613750070065885e-06,3.5721808671951294e-05
28,0.0005439012555175371,3.5549102492347245e-05,0.0005273632705211639,0.0010442333242200452,0.0001013880185206581,0.0007922053337097168,5.6698104572358576e-05,2.63744056111688e-06,2.0485371351242065e-05,7.21368312004006e-05,0.0007754776785560968,4.781410098075867e-05,0.0007372152857737929,0.0007048680503929719,0.0003934372216463089,0.0019734051180841095,0.00013782495604761774,0.00043090805411338806
29,0.00017269701963729123,5.050450269106915e-05,1.9418075680732727e-05,0.0007496753647585619,0.00013703907856017425,9.702704846858978e-05,8.202073591163234e-06,1.089477689135296e-05,1.1991709470748901e-05,0.0003498677334813488,0.0002589968991356245,0.00026641786098480225,0.001256109484525314,0.00013540915543363424,0.00041090603917837143,0.0017194277269630687,0.00035600069860826106,0.0006774477660655975
30,0.00012607105348033665,0.00017391859881822624,0.0001096632331609726,0.0014727589859667156,0.0001715156390398459,0.00034569576382637024,7.034402236410359e-06,3.305672936730478e-05,4.84958291053772e-05,0.0002316829930365527,0.0002890809523622348,0.0007483530789613724,0.0009474214547861293,0.0006158375274444364,0.0001979125663638115,0.00047190461339732814,0.0003348330819949799,0.0009678825736045837
31,0.0005199402274592146,0.0002750938794793649,0.0002478957176208496,0.0005995994446620634,0.00016869026026210265,8.208677172660828e-06,5.0143136281068784e-05,1.765095909049742e-05,9.424984455108643e-07,0.000355376888865902,0.00033276903917890677,0.00048824213445186615,7.577650499761279e-05,1.37876626879474e-05,0.00012839678674936295,0.00043459470971077274,0.0002462042836766567,6.618350744247437e-05
32,4.9223091370453886e-05,4.592048125466597e-06,0.0002546589821577072,0.00024138683666621863,0.00025796159074327127,0.000287884846329689,7.075420119400516e-05,1.0211823960396265e-05,3.236159682273865e-05,0.00018403744115060017,0.0006616665941303751,0.00010450556874275208,8.529811570595625e-06,0.0002667922685430438,0.0001338152214884758,0.0009199011461475948,0.0001445249608592082,0.00030522421002388
33,3.5140284979529035e-05,0.00018962731354932663,0.00011753477156162262,9.006942189171419e-05,8.501787649892525e-05,0.00016937591135501862,2.6357043394556467e-05,2.9064010057008156e-06,6.359070539474487e-06,0.0002470857713019331,0.00035010594750167073,0.0002780389040708542,0.00025264504777901264,9.128757142846944e-05,0.00024259649217128754,0.0004124494439199655,2.7757163998598337e-05,0.0002716854214668274
34,0.0002560151648492437,0.00019624093917853386,0.0001562647521495819,0.0003996804360719697,2.9780619484266052e-05,0.0003341343253850937,8.17318752492982e-06,1.1070858948560947e-05,7.845461368560791e-06,1.4173795688979252e-05,0.00043676269559626835,0.00040989741683006287,0.00031928318388241284,0.00035766198756291556,0.0001770947128534317,0.000519590551004534,0.00016074667169168298,0.0003258064389228821
35,0.0003975834967469838,0.0001255817993928328,6.36465847492218e-06,0.0002887087124900656,0.0002086013866586904,7.327646017074585e-06,3.621414011630367e-05,5.162352538990258e-06,9.462237358093262e-07,0.00034450864956364624,0.0002668399601115229,6.789900362491608e-05,0.00016830308880114164,0.0001499921531102552,4.2484141886234283e-05,0.00032962635066338675,0.00014187578196843062,5.0496309995651245e-05
36,0.00011232780771222584,7.755476863941652e-05,0.0002853330224752426,0.0003072151757254338,8.571498603301281e-05,0.00033064186573028564,6.638676025570028e-05,7.259624276842805e-06,3.721192479133606e-05,0.00028788634781391764,7.170606318613465e-05,0.00029946304857730865,4.004044108775473e-05,0.00022102413052685344,0.000217377208173275,0.0005196320615939443,0.00026808534261477633,0.0006721317768096924
37,0.0004926869752815144,7.826002410395161e-05,0.00018149428069591522,0.0005560742662513163,0.0002458225848568085,0.0002509094774723053,5.308611913308267e-05,1.1677379517529847e-05,4.976615309715271e-05,0.0007185739021567938,1.145626430319735e-05,0.0009167995303869247,0.0012522050732588358,0.0001878057928482446,0.0008002296090126038,0.0017482528066567193,0.00034384920190208123,0.001158636063337326
38,0.0010382736765071066,0.0004392034644447214,0.00024046935141086578,0.0009868426036789002,2.6665829600164975e-05,1.6089528799057007e-05,0.0001312648426259437,7.46730979249194e-06,8.016824722290039e-06,2.811818836430391e-05,8.59759723376638e-05,0.0008279364556074142,0.001240286531992582,0.0003081088696869072,0.0005259402096271515,0.0025188957204318463,1.4224805153346086e-05,0.000509168952703476
39,0.0010559386251588754,0.00043841333013347125,0.00017204135656356812,0.0012464571774337962,0.00037934233674539325,8.585676550865173e-05,8.629785349142244e-05,4.6801253719553466e-06,2.3096799850463867e-06,0.0001463046901790388,7.358554723765898e-05,0.00041528791189193726,0.0010948351810036172,0.0009158522651153134,0.0002782745286822319,0.001727765810983245,0.0003414215916285289,8.002296090126038e-05
40,0.00031759696408290017,0.00032775136900226737,0.00014028698205947876,0.0005613445711310783,0.00021252840053155933,1.5711411833763123e-05,6.651245016437574e-05,1.3908962758824354e-06,1.5292316675186157e-05,4.2450742235772276e-05,0.00015209670347386683,0.0006389692425727844,0.0002756829418078116,0.0008106705049304164,0.00046773161739110947,0.0010341026758520222,0.00043398331323154203,0.00017229095101356506
41,9.178209005786253e-05,0.00021475845214049064,0.00016073696315288544,4.759504272983106e-05,0.0001955914224467531,1.3228505849838257e-05,9.637722690711281e-05,1.0993580151495144e-05,3.825873136520386e-06,0.0003670824757355251,0.00019920890762958887,0.00010154582560062408,0.00019246619314225444,0.0007643432741775077,0.00014727842062711716,9.961320117418682e-05,6.517306744148205e-05,0.000577341765165329
42,0.0001919843558065848,2.6111767839554628e-05,1.7726793885231018e-05,1.5872827684504376e-05,7.328224375261275e-05,9.285099804401398e-05,1.2672324621858938e-05,4.231614202380356e-06,4.4733285903930664e-05,0.0001913549157120803,0.0002536856296616666,0.00044235214591026306,0.00013875514955399848,0.0006955857064196436,0.0004968903958797455,0.0009316753839570813,0.00017635012753353628,0.00048083439469337463
43,0.0003373711223856324,0.00010920301162293741,0.0002829749137163162,0.00040038418524884767,0.00016724443322472388,8.999742567539215e-05,9.369902706559546e-05,2.677593849165208e-05,1.5329569578170776e-05,0.00024066592412368137,1.293369384670201e-05,0.0001261141151189804,0.0002918413601552816,4.364617732985354e-05,0.0001375693827867508,0.0003502502844923705,0.0004257772029495994,0.00040530040860176086
44,2.1947878365957685e-05,0.0002261266206991172,0.0014105793088674545,0.00027011521397196647,0.00032498538591148665,0.0011316873133182526,0.0002387363914180124,4.33621160432566e-05,3.904476761817932e-05,0.0005714628467782812,9.250541471591406e-05,0.0006293579936027527,0.0003872050295473384,0.00012235832758430293,0.0002701207995414734,0.0025412917505358845,0.0006472516684724984,0.00039821863174438477
45,0.0008896172213544995,0.00022147111412264622,0.0007805768400430679,0.0007584219395603553,0.0001824980698351096,0.0005591269582509995,0.00021495182035513594,2.6471510697366907e-05,5.742907524108887e-05,1.830150328316349e-05,0.0005171850893285548,0.00015975162386894226,0.0012127652374665926,0.0004814771000963766,0.00043411459773778915,0.0008397521297445754,0.0003162318094422638,0.0006638430058956146
46,0.0005079860132213565,0.0003001645515679219,0.0004084780812263489,0.0006413201131618695,0.00014453033799832066,0.000356089323759079,0.00014273014753839186,6.137026295083053e-06,4.08664345741272e-05,0.0005939213866962001,0.00036220035227883807,5.521252751350403e-05,0.0002746948629231277,0.0004948204242358686,0.00010811816900968552,0.0017178510108502298,0.00012941608629280432,0.00016041100025177002
47,0.0003145340581450773,0.00031357647126513746,0.00013785436749458313,0.0004060557923186714,7.204410163833691e-05,0.00011881068348884583,9.057381719179691e-05,2.566700162841341e-05,7.808208465576172e-06,0.0004006968612497719,7.421958528994188e-05,0.0002923235297203064,0.0002466790755605991,0.0011694004586490156,2.5877729058265686e-05,0.001414772987085533,0.00033355026494782253,0.00033130869269371033
48,3.8942306126998893e-05,0.000359795389282002,0.00015594810247421265,7.362593530438333e-05,0.00023012128804654822,0.0001326426863670349,5.056729192175896e-05,2.993642300182792e-05,2.164393663406372e-05,0.00025102939862400864,1.9303813637329414e-05,4.968233406543732e-05,4.34937370592664e-05,0.0009795016107772003,0.000361134298145771,0.00022485695949203688,0.0004394330648248403,0.0005106255412101746
49,0.00020824450115430881,0.00010275183579206565,9.483657777309418e-05,0.0002699725883138493,0.00014978170112833755,3.4870579838752747e-05,2.9214163813143235e-05,1.8905247804664046e-05,1.96993350982666e-05,0.00023267104250723758,6.517210059435452e-05,0.000684596598148346,0.00012112319104902458,9.285232279671041e-05,0.0004967646673321724,1.9857717764193428e-05,0.00015093276538708867,0.0007458515465259552
50,0.0005142048403989907,2.5807017263002746e-05,0.00020292960107326508,0.000610062199628475,0.00013100399050336442,0.0003073476254940033,4.8041032748937645e-05,3.4050339231860363e-06,4.228949546813965e-05,0.0007255671185430468,1.9363486813708808e-05,0.0003442857414484024,0.0005732114904683921,7.687053782297337e-05,0.00017328932881355286,0.0009721517603526186,7.751357740381484e-05,0.0005254261195659637
51,9.915728531287304e-05,5.501493034161878e-05,0.000284804031252861,5.382860422259439e-06,4.962919212869385e-05,0.00027614645659923553,3.3137305611535134e-05,3.0836346079744304e-06,9.26479697227478e-06,1.372735375204659e-05,0.0002277327226924003,0.00012988410890102386,4.60088523665525e-05,0.0003020109587833497,0.00011694896966218948,0.0013567198407494208,6.905852110995845e-05,1.6801059246063232e-06
52,7.10465058813281e-05,4.4158522645155324e-05,0.00017561949789524078,0.00013893008281384844,1.201502837633317e-05,5.334615707397461e-05,9.731341057154369e-05,2.046745064858234e-05,4.425644874572754e-06,2.3854678605231272e-05,4.450676427071587e-05,0.0005542859435081482,0.00013399470498698385,0.00033306651377104646,0.0003954218700528145,0.0007425475341682752,0.00017679563374208788,0.00046050548553466797
53,0.0001319385662995609,0.00021573138272265244,0.00018595904111862183,0.000371854020285306,0.00048663047288541664,0.0002044886350631714,1.2231599393956044e-05,1.698688960569052e-06,2.682209014892578e-05,0.0005775571089586262,4.3753079543289164e-05,0.0004216693341732025,0.000534239442737755,0.0007366226823808247,0.00035615451633930206,0.002215056173825558,3.322084846507124e-05,0.00012765824794769287
54,0.00028865805610561734,1.0896604205751226e-05,0.00024115853011608124,0.0001567209933426572,8.06244631058918e-05,0.00012663565576076508,0.00011658253432123358,1.5084393367837388e-05,6.549432873725891e-05,1.7412866419500017e-05,6.270053600229003e-05,0.00034337863326072693,0.00018541079112978365,0.0002190941842317995,0.0005798507481813431,0.002170451924692396,0.00011886859696073719,0.0009355545043945312
55,0.0006443108813674325,0.00019572462515030434,2.9379501938819885e-05,0.0008258859986632894,0.0002398393970517894,0.0002338457852602005,3.104499063613306e-05,3.351133402904353e-05,6.50063157081604e-06,0.0004429301450278589,0.00037717477544736006,0.00022929906845092773,0.0010556407882234553,0.0003495642820208547,6.203725934028625e-05,6.734444059797173e-05,0.0002947280838663099,4.547834396362305e-05
56,0.0007825802055645703,3.304607282974409e-05,0.00042057596147060394,0.0007880732358425124,0.00016282660076531036,0.0007278323173522949,0.00011251933596272135,1.6663996678357724e-05,5.8628618717193604e-05,0.0007252977438989561,0.0003581758182162817,0.00045408308506011963,0.001305800397780943,0.00015986765803694541,5.216803401708603e-05,0.0023933654873534715,0.00012440036426217618,0.0010260902345180511
57,6.101873607217145e-05,3.982108565937087e-06,0.00025578029453754425,0.00010023490431393389,4.335815168651086e-05,0.00032052211463451385,0.00014383682889229296,2.2996160328074826e-05,2.8155744075775146e-05,0.0003912508611701032,0.0003672808134678879,0.0001059267669916153,2.5856660010953325e-05,0.0009537878943755296,0.00012657791376113892,0.00095579410591079,0.0003372790012212551,0.0005727484822273254
58,0.0004067552964575061,0.0001363193923582702,7.160380482673645e-05,0.0003356725215158396,0.000278298245422505,3.5004690289497375e-05,7.755944798095923e-05,2.920372671458976e-05,4.33996319770813e-06,0.0002256584391152061,0.00044621912806967756,0.0001898445188999176,0.00026429109506975745,0.0007668388137941282,4.110857844352722e-06,0.000437692113335969,0.0004004725440913048,2.6337802410125732e-05
59,0.0003839599666510818,0.00011924440163743263,3.924034535884857e-05,0.00030844067062316127,0.0002660766591360379,0.00012369081377983093,3.8384591950293284e-05,1.8556483921290114e-05,2.958253026008606e-05,5.268119909040969e-05,0.00014419063261722487,0.00035132840275764465,0.0006531692003921841,0.0005480841335669395,0.00021908245980739594,0.00019121796342397301,0.0002817979133613426,0.00034793466329574585
60,0.000274888476228502,4.331271936722919e-06,2.3035332560539246e-05,0.00039854720537221833,0.0002106928314014253,9.629875421524048e-06,4.089173362122056e-06,5.956104950944794e-06,9.261071681976318e-06,0.00013364370063914666,0.0002289153922749726,0.00019438378512859344,7.639359266198298e-05,0.00034318696122741243,0.00020031630992889404,0.0012109220419894429,8.524134675907784e-05,0.0002539530396461487
61,7.852016725823363e-05,7.018067670946579e-05,0.00023875199258327484,9.247862292025011e-05,6.178550419921186e-05,2.6481226086616516e-05,3.69627926093373e-05,2.8064028200217126e-05,5.289912223815918e-07,0.0004929220348175584,0.0002168152036158763,0.0005153901875019073,3.7006025043501145e-05,0.0006222235463838113,0.00022395048290491104,0.0008689254016256975,0.00024743333854591616,7.776916027069092e-05
62,5.72355464871499e-05,3.484686052148203e-05,0.00016945041716098785,0.00017135183976357826,0.00026536209314552417,0.0002772323787212372,3.2881450875054535e-05,1.1488778697035437e-05,2.5484710931777954e-05,9.531450637650929e-05,4.786430228966021e-05,0.0005437135696411133,0.0001339423986744387,0.0002673685214935953,0.0003832336515188217,0.0009074914721416139,6.888083604070228e-05,0.0005613714456558228
63,0.00024228964724498647,0.0002171394322002529,6.537884473800659e-06,0.00012105860563527138,9.5165579956355e-05,0.00020392797887325287,8.931936507919e-05,2.348953458010118e-05,2.1748244762420654e-05,0.00022786801829968728,0.0002491429103901391,0.00036827288568019867,0.0005875747717128815,0.0001941887094478456,0.0006022946909070015,0.001223021448525513,0.0003295166755074583,0.0005872473120689392
64,0.0005752716766492805,0.0002703214002680865,8.168816566467285e-05,0.0005111706507811564,0.0003368846490027638,0.0002786051481962204,6.686954592992692e-05,2.1441561614084096e-05,3.8370490074157715e-06,0.00014419816459193546,0.0006104709424262916,0.0002027563750743866,0.0009061944395906407,4.778068671928981e-05,0.000449606217443943,0.0002341750585215241,0.0002403592897652039,0.0001175999641418457
65,4.442420269137881e-05,0.00020187456439394943,0.00012621469795703888,7.256770523850209e-06,0.00026653006110737704,0.00014532916247844696,2.8637196350819044e-05,4.408608122214493e-06,2.8271228075027466e-05,0.00010949175166660718,7.395315350287868e-05,0.00011609308421611786,5.135469790207292e-05,0.00010278993465553249,0.0001390203833580017,0.0002448786503869982,5.3520393698503095e-05,0.0006402879953384399
66,4.301731695269262e-05,6.347345475769123e-05,0.0002017095685005188,0.0001655661276948328,0.00017230988803153616,0.00030130520462989807,5.766976956296868e-05,1.094749817680008e-05,7.99819827079773e-06,9.296254247219415e-05,0.00011198087317536992,0.00010393373668193817,1.1526922951976548e-06,0.00019354625073342985,5.8263540267944336e-05,0.0006864412623234784,0.00023521274930463597,0.00014760717749595642
67,0.00037757549887820763,5.6952429825431194e-05,8.194521069526672e-05,0.0003256607194383754,8.848965240837794e-05,2.3497268557548523e-05,3.1454173000877717e-05,8.157014831586924e-06,5.640089511871338e-06,0.000507621798651034,6.605243467634747e-06,7.480941712856293e-05,0.0003756170707319567,8.523609477713995e-05,7.7773816883564e-05,0.00039020262804770334,0.00023593044573697996,0.00022704154253005981
68,0.0004729715041448257,7.349514140684091e-05,4.781782627105713e-05,0.00040327740653950395,7.766843158476394e-05,7.227808237075806e-05,3.9713198690973645e-05,5.694654267440888e-07,7.264316082000732e-07,0.0005771635757593346,3.532074730201035e-05,0.00014505907893180847,0.00046789019212113703,5.126340720298245e-05,0.0001411987468600273,0.0005133075467615711,3.492175583212718e-05,0.00030898675322532654
69,0.0002009907188943172,5.305756634984074e-05,0.0002379249781370163,0.0003294191411510605,6.0039302757088076e-05,0.00024088844656944275,6.337719951871046e-06,6.776571209616286e-07,1.9729137420654297e-05,0.0006137008218586176,8.070814767427437e-05,8.031167089939117e-05,0.0003026964838970664,0.00016756210174608682,6.095413118600845e-05,0.0002854448572813528,0.00011431330888679071,0.0002135634422302246
70,0.00042238081481979495,2.514488305938728e-05,1.4437362551689148e-05,0.0003060549595773343,1.9581778723035126e-06,0.00011100061237812042,2.342446907832238e-05,1.9404685806585775e-05,1.5810132026672363e-05,0.0006790257506808228,0.00039135693106612246,0.0002902112901210785,0.0008871912630453865,0.0002667251747296498,0.00014800392091274261,0.00021689827199686262,0.000246962556771254,0.00020135194063186646
71,0.0003515419290144317,0.00010870389986415707,1.7093494534492493e-05,0.00017709007965477364,1.8480276068245927e-05,0.00013075582683086395,7.091687161425719e-06,1.7431674510157787e-05,1.6279518604278564e-06,0.0006110170082604394,0.0006706541382810599,3.283098340034485e-05,0.0007693233767485236,0.000635408509577419,0.00023335032165050507,0.0006984637815234396,0.00030123229664592334,0.00019957870244979858
72,8.620801666486821e-05,0.00020993723992840732,0.00028236024081707,0.00014359380890985318,0.00011969579763014895,0.0005519688129425049,9.068859277239563e-05,4.0316800550394135e-05,3.082305192947388e-05,0.00012063188674359127,0.0007028717123191003,0.0001308787614107132,0.000521960912743008,0.0011164814898545969,0.0002250373363494873,0.00047926834613731817,0.0005550775874682799,0.0004756934940814972
73,8.51024048675042e-05,0.0001075754009716122,0.0008972510695457458,0.0001693464222384533,0.00016053827137810575,0.0009135343134403229,0.00016211554227463232,3.7174784738867102e-06,4.254281520843506e-05,0.0005161334782265992,9.762383835401622e-05,0.0002923011779785156,0.000468026074007144,0.00030440461838993765,0.00033589918166399,0.002415614301851221,0.00010746819449192722,0.00025639310479164124
74,0.0005910458814182562,0.00016925042461827383,6.482191383838654e-05,0.0005958738383465556,1.3772295732728673e-05,0.0002579186111688614,5.377167450332232e-06,2.437260404657287e-05,2.7544796466827393e-05,0.00030997965377158043,0.0006118892686794442,0.0003970600664615631,0.00038418919961891174,0.00026164906120496045,0.00012990739196538925,0.000343912310172223,0.0003971326493193033,0.0004303082823753357
75,0.0003439411855281904,0.00014068435050636902,1.6672536730766296e-05,0.0004082722684435325,1.101015574210551e-05,0.00024321116507053375,5.331849380323106e-05,2.3428817706447943e-05,8.169561624526978e-06,0.0005069257875784661,0.0005389883690304006,0.00012994557619094849,0.00042118338272859046,0.00019282275092218776,0.0001648562029004097,0.0005161155395296546,0.00022556471295228156,0.00010475888848304749
76,0.0002572211891202214,2.9164006718779972e-05,0.0006141327321529388,0.0002842802731485017,1.689788003846754e-05,0.0010064151138067245,5.135586359238803e-05,3.554176903125398e-05,5.6296586990356445e-05,0.00022161761734264263,0.0009311192179138963,0.00040667876601219177,0.0006943052433394797,0.000138218674174094,0.00012944918125867844,0.0016366032722219537,0.0003984294801606561,0.0008423291146755219
77,0.0010433429684972295,3.6456231439354475e-05,0.0007176250219345093,0.0010578802636463935,0.0003892224709275069,0.0005883499979972839,5.355169214375788e-05,1.808669665428835e-05,1.6245990991592407e-05,0.0011521753053140155,1.3948865161247936e-05,0.0004227627068758011,0.0006886671392232618,0.0009186715059434775,0.00017060711979866028,0.0008385055620384052,0.00029684612555973917,7.666274905204773e-05
78,0.0003690018221462754,2.569726966777236e-05,0.00015730597078800201,0.00037749517455404336,8.182768942636628e-05,0.0002071075141429901,3.343211886200695e-05,8.746170426037825e-06,2.4732202291488647e-05,0.0004584470488350062,0.0001880939906794138,0.000249398872256279,0.000339608291724941,0.0003589665786352461,0.00022980011999607086,0.0007601283476334764,0.00022167264346927354,0.0001825280487537384
79,0.0005224478211764971,0.00017222983917866003,0.00019837729632854462,0.000317317954297458,0.00016629824730050174,0.0002184789627790451,1.977655383225349e-05,1.5004306214608893e-06,7.82310962677002e-08,0.0003673941951205656,0.0004680398805408312,7.845461368560791e-06,0.00029516852412105055,0.00020738438008820886,6.214901804924011e-05,0.0005494287396883291,0.0001435203280458052,1.7799437046051025e-05
80,0.00033648910504904816,8.521354084920635e-05,0.00041390955448150635,0.0004557106989561688,7.344370418951862e-06,0.00051114521920681,7.074562502804721e-05,7.75040902234697e-06,3.045797348022461e-05,0.0007913508959317833,0.00014639633312202305,0.0002941414713859558,0.00071702275740472,0.00023914799440424156,0.00014989078044891357,7.798668009345588e-05,0.0001983246050879608,0.0005408264696598053
81,0.00045277749146779844,0.00020457099534892942,0.00020913593471050262,0.0009680269802008201,0.00017939605214482152,0.0003335624933242798,3.6539200736041e-05,2.66342550681362e-06,1.938268542289734e-05,0.0008624522364993198,0.0003065870594795156,0.0002255607396364212,0.0007417007099180389,0.0012214128152058454,4.757661372423172e-05,0.0007257382446934357,2.3609868888250368e-05,0.0004519037902355194
82,0.0001317631054734425,5.606154732081328e-05,0.0001522693783044815,0.00046455603094666675,2.245549241073827e-05,0.00014721602201461792,3.937312779745544e-06,1.0896375179805882e-08,4.347413778305054e-06,0.00028533561124000073,0.00024535024929069754,0.00016022659838199615,0.00013887148459273968,0.0011557822332831022,0.00015415996313095093,0.00020300490594060694,6.0169484296743875e-05,0.00028129667043685913
83,7.073880262276067e-06,1.8817249233433336e-05,0.00038025155663490295,0.0002401648208920637,1.2845255729102001e-05,0.0003666970878839493,4.716143866895922e-05,6.301093466398039e-06,3.9696693420410156e-05,0.00036915402342563297,0.00021743251993319723,0.0003219880163669586,0.0003641981270890021,0.0002984072511690722,0.000386667437851429,0.00016243848197505795,2.7532117570210762e-05,0.0009997598826885223
84,3.096542966618543e-05,4.915192876703972e-05,7.155537605285645e-05,0.00025333087349171945,8.764196700219648e-05,0.00013071484863758087,3.5506591511552665e-06,1.1646433620063335e-06,4.161149263381958e-06,4.840132632971672e-05,0.0002844915674416401,0.00011992081999778748,0.000342275223345484,0.00010215391813479802,0.00019118096679449081,0.00019546473165016343,0.00010592813579603493,0.00021962076425552368
85,0.00016619144777771377,8.893477654963594e-05,0.0001832433044910431,0.00039076996537196207,5.529902593101599e-06,0.00020817667245864868,3.2540325931720154e-05,8.940042447217567e-06,5.3979456424713135e-06,0.00019377710175683127,0.0001372630114800863,0.00015157833695411682,0.00019987952662312014,0.0006287875149593308,0.0001806505024433136,0.0004445752322284613,7.421328677310879e-05,0.00027103349566459656
86,5.350775433751731e-05,4.311441173391814e-05,0.00011842884123325348,8.480459826426534e-05,7.247233959588664e-05,0.000151829794049263,4.739249121898936e-05,2.572669853967706e-07,1.2803822755813599e-05,2.5085473945848924e-05,0.00013586503808337563,1.564621925354004e-06,9.713828171993566e-05,0.00012928949265357537,2.474989742040634e-05,0.0006731319764905208,7.483919732885307e-06,0.00032866373658180237
87,4.6137244345684225e-05,2.5268258263193982e-05,0.00018654018640518188,0.00013952085536930725,0.00011064378874613492,0.00020440109074115753,3.9343449398106245e-05,3.386326681838344e-06,5.148351192474365e-06,8.263701179798966e-05,0.000157522710960388,0.00013081543147563934,0.00021130136457217508,0.00047458877508849834,0.00015258509665727615,0.0002892149010691458,3.511519502753888e-05,0.00020200759172439575
88,0.00045798989277071045,5.74367098887113e-06,9.779073297977448e-05,0.00023083073974988766,1.8371001130133846e-05,0.00011361017823219299,3.195826931554763e-05,2.395480739641109e-06,1.6540288925170898e-06,0.00019382420894133168,5.7378670544776245e-05,0.00011217407882213593,0.0003638516320442625,4.1977001238445444e-05,0.000143502838909626,0.0004756332409716624,4.075729318376653e-05,4.104524850845337e-05
89,9.215561308961728e-05,4.163137754277513e-05,0.00011068768799304962,0.00016676411595853424,0.00015096418654542143,0.0001660417765378952,3.521779909459663e-05,3.707346031832999e-06,1.621246337890625e-05,7.91807072766243e-05,8.09538819036143e-06,0.00032730959355831146,8.176750877858519e-06,9.746771538958476e-05,0.0002357298508286476,0.0002023984332434614,6.292200597143773e-05,0.00035714730620384216
90,0.0004739136057694826,5.171928874534576e-06,0.00038813240826129913,0.000592204659158907,6.558816686901003e-05,0.00044015608727931976,1.4149257498676654e-05,8.08052979783271e-06,3.692507743835449e-05,0.0006412728854429256,0.0005102345115141696,0.00023088417947292328,0.0008781042895413538,0.00020882124406412794,0.00018798373639583588,0.00042446462523476614,4.76921179343422e-05,0.0005098506808280945
91,0.00033009164373354327,2.4647620286116778e-05,0.00039800815284252167,0.0005585446959978091,0.00015507578889078014,0.0005272813141345978,5.251337345769935e-05,6.679998056553739e-06,1.7020851373672485e-05,0.0005488233318435426,0.00017670895142124499,2.641230821609497e-06,0.0003960014042899973,0.0002523022616007231,0.00016272347420454025,0.0006224325022440302,0.0001343571815123957,0.00016168877482414246
92,2.209500423991373e-05,1.4631319934805403e-05,1.3114884495735168e-05,2.9407615666304787e-05,2.9981115568063904e-05,3.5762786865234375e-05,4.915418102342112e-06,1.2089865229382565e-06,4.973262548446655e-06,0.00011551813621528406,0.00016150677494552318,0.00017916224896907806,5.695596918445234e-05,0.00014427949538688145,0.0001969868317246437,0.0002336553390233087,4.402174003006153e-06,0.0002795383334159851
93,9.338619748655574e-05,7.64372692349212e-05,0.0001471973955631256,0.0002740251988174458,5.3566206830665125e-05,6.953999400138855e-05,2.969036763554589e-05,1.1406780032011685e-05,8.393079042434692e-06,0.0001768033760334159,0.00021130421419627426,3.60049307346344e-05,0.0001716028451069912,0.00031027115913272174,0.00012069381773471832,0.0005649193117912565,0.00019315866222311111,0.0003328584134578705
94,7.822224357828533e-06,4.962002913911148e-05,0.00026791729032993317,0.00019492439189131017,0.00013988479781169502,0.0002508126199245453,4.161540099647046e-05,4.7898614288838974e-06,2.9675662517547607e-05,0.00022924568082480223,0.000338557047775051,0.00015187449753284454,0.00023981985557811059,0.0005380465768761097,0.00011980719864368439,1.705362010884226e-05,7.589315289338074e-05,0.0007171556353569031
95,3.7964494186526476e-05,2.3037197389635944e-05,1.5290454030036926e-05,1.173715442287504e-05,5.4821865058791996e-05,1.0825693607330322e-05,1.5676541939811661e-06,4.718685017739924e-06,3.3527612686157227e-06,4.702302113582246e-05,0.0001982962757891421,4.2146071791648865e-05,0.00013208114871474108,5.244405524957446e-05,4.358217120170593e-05,3.93833796232812e-05,0.00011981871268287522,0.00023959577083587646
96,1.9778289540833827e-05,2.4938697427371453e-05,0.0002203192561864853,8.504275489124025e-05,6.030763553852708e-06,0.0002754218876361847,2.027274563558279e-05,1.0840912533721951e-05,2.3618340492248535e-06,0.0001642911613271153,0.00010215739313830519,9.004771709442139e-05,0.00018198709342684416,0.00012431422092765154,0.00016403384506702423,0.0001617991850802747,0.00017819568481898702,8.235126733779907e-05
97,0.0003435363001185465,5.2680100117909884e-05,9.085983037948608e-05,0.0002520685844966952,3.175781109115636e-05,0.0001019742339849472,3.939126122191536e-05,3.4283608446124183e-06,4.3585896492004395e-06,0.00033267312051603326,1.4419487231041861e-05,0.0001142304390668869,0.0002968290494434478,0.00018315972294923738,0.00012525171041488647,0.00012168066828319168,0.00021075242392416685,2.2355467081069946e-05
98,0.00016820752594598476,3.323912630661188e-05,0.0002201516181230545,9.663767964351866e-05,3.587921637210334e-06,0.00028602592647075653,4.3959353252104316e-05,1.386233887642983e-05,8.437782526016235e-06,7.203725915996828e-05,0.00011805129828527244,0.00018001534044742584,0.00022831848287087342,0.00021264931463731152,0.00023377034813165665,0.0005939316104002501,0.00019552924628201155,5.47356903553009e-05
99,0.00023825689416140383,0.0001762364685244898,3.5628676414489746e-05,0.00012781900202285534,9.513831558834868e-06,0.00019730813801288605,1.8566525908019632e-05,1.8461486285732627e-05,1.8887221813201904e-05,0.0004835778618697689,0.0007637981709466418,7.805228233337402e-05,0.00012442617223940022,5.379471038224892e-05,0.0003224797546863556,0.0006161324344868546,0.0003007560754026712,0.0004763193428516388
100,0.00018950663878752882,6.62257989891904e-05,0.00013552233576774597,0.00015865752547172818,0.0002631973142648014,0.0001023709774017334,6.873764443364114e-05,8.700059469448837e-06,2.672523260116577e-05,0.00029610596966272995,9.058332607812108e-05,0.00019764527678489685,0.0005591488147880241,0.0007945778356488256,0.00026810821145772934,0.0002422268026347485,0.0001682474952568857,0.0009392015635967255
101,0.00025173757067656344,3.628978311766631e-05,0.00024022720754146576,0.0003635935999005968,0.00023861193853529084,0.0002912413328886032,2.8716229920715958e-05,1.048774913584309e-05,2.2161751985549927e-05,0.00046992981332877326,2.0503508451723274e-05,0.00030209869146347046,0.0006208040083143379,0.0008669578333262568,0.0001961737871170044,0.0007875946112201326,0.00011955245177060723,8.452683687210083e-06
102,0.0002724571875331594,2.9687661864910564e-05,0.0004662908613681793,0.0006346940627064979,0.00013235306464124894,0.0005804002285003662,9.481855532596575e-05,4.928130079526541e-06,1.9747763872146606e-05,0.00045470038607943464,0.0001690263019899635,0.00020682625472545624,0.0003778628197992351,0.00024721078012091696,0.0003271074965596199,0.0008272966742908228,9.568237473126656e-05,0.00014752522110939026
103,0.0003774819783406713,2.509326843436882e-05,0.0004966165870428085,0.0003077285961493037,0.00017446929812028542,0.00048666447401046753,7.816202910593609e-05,6.261230160290078e-06,6.508082151412964e-06,0.0003828951312327272,0.00012684761790638516,0.00033603422343730927,0.0005826271363132823,0.00036829634274388595,0.00027368031442165375,0.0006448546342614769,8.74228059371358e-06,5.073845386505127e-05
104,0.00010857363332444914,3.1162722201005105e-05,0.0002345684915781021,0.0001002628272231132,1.9537870544684977e-05,0.00030246563255786896,2.1187458986372115e-05,5.827388060459631e-06,3.16426157951355e-05,0.0002909849377840529,0.00010815768525000019,0.0004573781043291092,0.00038229293369509976,0.0006837134383460355,0.00034711696207523346,0.00033524657751399234,2.6475802890123506e-05,0.0007749907672405243
105,3.618721951306747e-05,7.747247814168107e-05,0.00015524961054325104,0.00016408303593049012,4.2739249671366886e-06,0.00016108714044094086,1.2636989771032392e-06,7.389628084736571e-06,1.1499971151351929e-05,0.0001762345998553294,0.00016637135740528441,2.4592503905296326e-05,3.715165248356633e-05,0.0002404615059011725,2.164393663406372e-06,0.0007963086268485686,0.00016625258049272722,9.49762761592865e-05
106,0.00021272251846501944,2.1051184781073484e-05,3.9402395486831665e-05,0.00023876164024691504,1.6577272371476326e-05,0.0001205001026391983,4.856347422421692e-05,1.3256101895062385e-05,7.860362529754639e-06,0.00034124958009440487,0.00043790468875978816,0.0002026911824941635,0.0004998519698077852,0.000841728080859,1.2197531759738922e-05,0.00044673303019002186,0.00011061141511072188,0.00024070218205451965
107,0.00023011300842518123,4.4418678848190396e-05,2.3646280169487e-05,0.0003400647029724868,1.6101156412474255e-05,6.3516199588775635e-06,2.7216722333061466e-05,3.439825858526956e-06,1.5400350093841553e-05,0.00019494322641810946,0.0002838217257121467,0.0002449639141559601,0.00024188073634863472,0.00023500727181813286,0.00021903589367866516,0.00037256056142709326,7.966706460396525e-05,0.0004566200077533722
108,0.00016957862872546414,0.00011348060103272273,0.00017504766583442688,3.7626959928455106e-05,9.520606527455011e-05,0.00023167207837104797,6.283790779699344e-05,7.0403391747093555e-06,2.5484710931777954e-05,7.455179750077978e-05,1.377772366199792e-05,0.00021154806017875671,8.315311688621152e-05,4.0654252949405556e-05,0.00015007704496383667,0.0002878648517129212,0.0002107907795984962,0.0005515106022357941
109,0.00024191763842051905,0.00015859978779967157,0.00015969201922416687,0.00022938772227557025,3.2555874120900746e-05,0.00015366636216640472,5.990229169408265e-05,2.7904236679105333e-06,8.48621129989624e-06,6.650452869762236e-05,7.91321294343339e-05,5.3219497203826904e-05,0.00015288218885595173,7.876265208361238e-05,6.194505840539932e-05,0.0009026112798823371,4.421430644354057e-05,1.679733395576477e-05
110,0.0002123174078750567,0.00014609025035237574,0.0005123037844896317,1.7768907903753517e-05,8.148911681303203e-05,0.0004952438175678253,6.40229240128215e-05,9.608985349419578e-06,3.6444514989852905e-05,0.00014064772174518514,0.0005264130191751579,0.0003885887563228607,0.00014422251358425786,0.0004995208063760456,0.0004204995930194855,0.0004700653254106346,0.00012801308120686129,0.0002924427390098572
111,0.0007122462903119964,0.00010924755962668856,0.0006971098482608795,0.0007346570819690978,4.620281996392528e-05,0.0006907638162374496,6.227772600440537e-05,1.0999264768206472e-05,4.49642539024353e-05,0.0005930660656866676,5.968134079399612e-05,6.190687417984009e-05,0.0007526601931760052,5.912852155521425e-05,5.7952478528022766e-05,0.0008941080485332931,0.00018162478195592711,0.00040485337376594543
112,0.0005029636108159763,0.00011639632273777178,4.1909515857696533e-07,0.0006920142328134815,0.0001012298513734973,7.479079067707062e-05,1.499373247946037e-05,2.1024829327370145e-06,5.781650543212891e-06,0.000690762720061161,0.00013157733435065905,7.994286715984344e-05,0.0007250102802506819,0.0003151599892838239,9.890645742416382e-06,0.000989780017616737,8.102989817019776e-05,6.645917892456055e-05
113,0.0003126435502597835,3.1418769409014e-05,0.0002691540867090225,0.00010378906405034138,7.10571699876622e-05,0.0002799537032842636,4.976791207011999e-05,1.920646500972584e-06,6.295740604400635e-07,0.00018466335770678244,0.0001648932850253429,0.00036087632179260254,0.0001199329764661472,0.00040244613350932934,0.0003590565174818039,0.0005016094363828882,7.566919450105545e-05,0.00021964311599731445
114,0.00028282303558124777,4.088124565210238e-05,0.00032742880284786224,0.0003460748097369182,2.0531746931080203e-05,0.0004208572208881378,3.8015203983620544e-05,1.4615900234388467e-05,1.952424645423889e-05,0.00040817225927718137,0.00021971502801320514,8.364580571651459e-05,1.3751756246599411e-05,0.0007973851276228544,0.00020195171236991882,0.00045393070646027045,0.00023969400490332334,0.000289086252450943
115,0.00018533140844845253,0.0001362591033557195,9.887292981147766e-05,3.254873453972795e-05,0.00011054709442713528,0.00011350959539413452,1.4943819921991314e-05,7.538808277653895e-06,3.863126039505005e-06,0.0005419441346437986,0.000288757382591924,0.0002348199486732483,0.00031034125249983224,0.00013159703733037903,0.00023703742772340775,6.849331416652893e-05,0.00013155520542330835,6.629899144172668e-05
116,0.00025297277295474596,0.00021317067001092038,8.644908666610718e-05,5.5949717159997636e-05,0.00038501076576014787,3.135949373245239e-05,3.74145249670485e-06,1.3653219502003894e-05,2.798810601234436e-05,2.557023323990215e-05,1.6582372693994818e-05,0.0003920942544937134,0.00025239716421243674,0.000332495979663866,0.00024076737463474274,0.00022805788751401046,0.00023651812195296228,0.000479135662317276
117,7.755607399509423e-05,4.4789152503988544e-05,4.828907549381256e-05,0.0003355472334518328,0.00015956189209085855,3.587454557418823e-05,2.2842407146953653e-05,4.7399681526783845e-06,1.948326826095581e-06,0.0002453422792087212,7.256242063032742e-05,0.0001681298017501831,0.0001361897400500578,0.0001474416139782067,0.00013167131692171097,0.0005653329102300875,0.00012960215457159027,0.0002027750015258789
118,0.0002857294034497859,0.00011666253026136608,0.0001812409609556198,0.00013567895849245226,1.7194665245467977e-05,0.0001386776566505432,3.4740603879986065e-05,1.3584799349250498e-06,1.1302530765533447e-05,6.756714680870857e-05,0.00030696852105738595,9.780563414096832e-05,0.00014336358578086184,0.0002268476942613451,6.063375622034073e-05,0.00011294882552645436,2.9618265897376084e-05,0.00012042373418807983
119,0.00026798944649808476,5.4773406101438216e-05,0.0001415163278579712,2.939018016687167e-05,3.423237637064508e-05,0.000157184898853302,4.758737801929813e-05,7.232844502198858e-06,1.7486512660980225e-05,0.00010330145763662313,0.00038457450309132765,3.8042664527893066e-05,9.58963560269005e-05,0.000728257482234887,4.599429666996002e-05,0.00010036656414916245,3.2200374296723414e-05,0.00030959397554397583
120,0.00020727336704554067,0.00010485018759149103,0.00026164576411247253,0.0001781505947313633,1.1638174036845278e-05,0.0002255477011203766,2.8760663481411375e-05,6.966915856035583e-06,4.552304744720459e-06,0.0002903660191582308,0.00021506850043172612,0.00022049061954021454,0.0003362469484975428,0.00025586570254599456,0.00017166510224342346,0.0006827807333778524,0.0001902560646150327,0.0005035810172557831
121,0.00029323983123566433,0.0002377894744102424,0.0001267455518245697,0.0002075379034164604,6.000207544714503e-05,8.351169526576996e-05,1.4969719029298e-06,7.791407752657885e-06,4.5258551836013794e-05,0.00014390900931354755,0.00016678683665794294,0.0007515568286180496,0.0001865206361177374,0.0005313306679025007,0.0007443474605679512,0.00025977209156255454,0.0003049881777644034,0.0005487166345119476
122,0.0002582832065164964,0.00018558399554809493,8.21426510810852e-06,0.0007044712709180501,0.00020646119342366404,6.327405571937561e-06,5.5875939025524374e-05,1.4017496219247697e-05,1.7605721950531006e-05,0.0006738074772795061,0.0003821262561520683,0.0004857070744037628,0.0007480936471093852,0.0005180859513193303,0.0004647662863135338,0.0003385631142741041,4.11681357980454e-05,7.300451397895813e-05
123,0.00015276323379850854,0.0001903235033350846,2.573244273662567e-05,0.0004515673685179522,0.00016520952849368928,0.0001750010997056961,1.8531986295068636e-05,2.5960795924311622e-05,1.1324882507324219e-06,0.0005146426123233822,0.0005142292017019413,0.00010214373469352722,0.0006129159472676449,2.9647012900563263e-05,7.445923984050751e-05,0.00026385487795352325,0.00025329204700801815,6.252527236938477e-05
124,0.00019190420483158888,0.00016637307876849264,5.6838616728782654e-05,0.0001875813838066731,3.99258447094375e-05,7.295608520507812e-05,3.299379036159067e-05,6.065469497528044e-06,3.948807716369629e-06,3.334527206610982e-05,8.803725147133248e-05,9.064562618732452e-05,0.00011342041029209493,0.00028670294268627605,0.0001479312777519226,0.0009223505719365421,0.00018402015875790094,0.00032336264848709106
125,0.0007064782051409146,4.614193820246318e-05,0.0003628954291343689,0.00042474308174805797,0.00011623527108000839,0.0004607308655977249,1.3801386632084772e-05,2.9617682722239973e-06,1.449882984161377e-05,0.00024866014591883034,0.0003845408164134326,0.0003781355917453766,0.0002618714515321835,0.00041746765966652055,0.0005429601296782494,0.0004476041347806492,3.0257925927564336e-06,0.000317644327878952
126,0.0005387195661478439,8.693937941631896e-05,6.467662751674652e-05,0.00029993282754417483,6.919923424127117e-05,0.00013163499534130096,3.188233084492481e-05,1.0544430378424467e-05,6.575137376785278e-06,9.426585866340043e-05,0.00011899942921499151,6.128475069999695e-05,0.0001215590211040285,0.0007699943030562775,4.4036656618118286e-05,0.001155001560222163,0.00029958089301095406,0.00033551082015037537
127,0.000614035948066638,1.0360832821892235e-05,0.0002909712493419647,0.0006499129563170836,0.0001502564190892751,0.00024625658988952637,1.138316145031515e-06,6.103501187586284e-06,2.000853419303894e-05,0.0004848716418235782,0.0003167636878784047,0.0001598745584487915,0.00039236519355809185,0.0005160556402344987,7.684621959924698e-05,0.002020734983871425,5.704900272906349e-05,0.00013142451643943787
128,0.00028229046611202846,0.00020684768953267013,0.0004120413213968277,0.00010035505862437955,0.00027777935654575703,0.0004723966121673584,0.00011915782881036577,2.0750900942835977e-05,6.346777081489563e-05,0.00013122003725057896,0.0008729387767078059,0.0006228499114513397,0.00032336424078234505,0.0005163747460860332,0.0005051922053098679,9.54922321910745e-06,0.00012850450318278948,0.0013697035610675812
129,0.00014553077447398977,5.832444456108435e-05,0.00018032453954219818,0.00011442582442391935,2.9394294337344723e-05,0.00033017992973327637,3.447933976621215e-05,1.556476692899991e-05,1.580268144607544e-05,7.16168999757294e-05,5.538041039050007e-05,9.267032146453857e-05,0.00024109581990335027,0.00017351585706588263,0.00011212378740310669,0.00016241077191955777,0.0002141093912580946,0.000322192907333374
130,0.0001577027966677691,0.00015673740430762959,0.00016278401017189026,6.968678295971031e-05,5.842145209698085e-05,0.0001758784055709839,9.032017493615721e-05,5.237856727144906e-07,2.6475638151168823e-05,3.0564328404869556e-05,4.1036465718936876e-05,0.00016134604811668396,6.37350203739756e-05,0.0003091387845959928,9.521842002868652e-05,0.0007621518249357473,6.097011907736606e-05,0.0006645694375038147
131,9.848517250587996e-05,0.00018416377227785385,0.0002193804830312729,9.94419319302331e-05,9.979072596766336e-05,0.00047717802226543427,2.396953059581597e-05,2.6114701919847916e-05,1.6391277313232422e-07,0.0006423636667193394,0.0002719144551892247,2.695620059967041e-05,0.0001421635432945073,0.0007212665472167562,0.00026587117463350296,0.0004857995320609043,0.00031888792255579945,0.00038509443402290344
132,0.0004969474324903744,3.930232268421416e-05,0.00046738237142562866,0.0006345406012992771,2.469881872562557e-06,0.00029855966567993164,1.7668588188326367e-05,4.197798538199975e-06,3.760308027267456e-05,0.0009925066481810962,0.0006698044290254085,0.00041525252163410187,0.0007430813551529691,0.0007236628314205643,0.0005949530750513077,0.0017717364223296395,1.4958376624487485e-06,0.00016612932085990906
133,0.0003724872702193516,2.6655548102619275e-05,0.0001598987728357315,0.0005646423517579324,5.041038996554323e-05,0.00010935403406620026,4.8915606558359165e-05,3.618469905082355e-05,1.8306076526641846e-05,0.00046494965598134486,0.0004125614145660192,0.0002612099051475525,0.0009383325584020885,9.844929896227206e-05,4.548951983451843e-05,0.00016065052363639643,0.0005293731626404685,0.000681661069393158
134,0.0009650255347293801,0.00013882822017570462,0.0003142617642879486,0.0008500024928645433,1.1791883788081492e-05,0.0003419499844312668,3.651789874846434e-06,9.605284457888898e-06,3.5334378480911255e-05,0.0008423860974730024,0.000425436274019364,1.7091631889343262e-05,0.0006800505339780855,0.00026467608179828184,1.135561615228653e-05,0.0004313472459998857,0.0002101128124484871,5.3241848945617676e-05
135,3.691058785224022e-05,0.00013737935500461942,0.00034764595329761505,0.0003296670856676176,0.0005274665514885882,0.00039346329867839813,0.00010962021763673627,1.5701328217502348e-06,3.381073474884033e-05,0.0003013101606227364,0.0003936041712185173,8.196569979190826e-05,0.00044808896930410846,0.0003330347269756215,0.00010719522833824158,0.0016081679495590362,5.689676362886399e-06,0.000656425952911377
136,0.00013792738932608128,0.0001814921412434667,0.0001513361930847168,0.0004375701565618728,0.00015939211787900295,0.0001788996160030365,4.745711690028187e-05,1.959750346361731e-06,5.289912223815918e-06,0.00011789614855049757,0.00010517357694878049,9.020045399665833e-05,0.0009176791731373979,0.00039025321698819837,8.52048397064209e-05,0.0004616318633335892,1.146385576133481e-05,0.000557728111743927
137,0.0009361022679900688,6.024810072408765e-06,7.36527144908905e-05,0.0006780828681285933,2.943986639206142e-06,0.00010876171290874481,2.8434373527442408e-05,1.0037579036174191e-05,1.2375414371490479e-05,0.000322729712362399,2.6649350567585495e-05,0.00021588243544101715,0.0003873835323019714,0.0003595597609622955,3.098044544458389e-05,0.0005435909227549107,0.0001404418485125721,7.133185863494873e-05
138,0.00017165659766027463,0.00013542667080771592,0.0004922095686197281,0.00012439849751896825,0.00014037953492913868,0.000410664826631546,4.074906139589496e-05,6.863985289398591e-06,3.0230730772018433e-05,0.00016524544526633211,1.990844410632714e-05,0.00022271089255809784,0.0002123626944037782,6.203415339481322e-06,0.00026600807905197144,0.0011221446442223892,0.00026706253769241944,0.0005450397729873657
139,0.0007418645447441474,0.00012175637107136525,0.00017260201275348663,0.000605223410007627,0.00028777161717738475,7.057562470436096e-05,5.752356549259402e-05,1.748522200412141e-05,1.6048550605773926e-05,0.0004434674289546803,0.00013347778282230688,0.0005416404455900192,0.0005661416891181437,5.076467780140703e-06,0.00022121425718069077,0.001366641136683694,0.0003444979277250409,0.00034559518098831177
140,0.0006977609268483953,4.6210725349053045e-05,0.0008128825575113297,0.0006490761396422684,2.118611376130536e-05,0.0012522153556346893,6.193013409663828e-05,4.049007054019696e-05,7.807835936546326e-05,0.0005336120415578433,0.0003383583024105172,0.0005593020468950272,0.000590144176567331,0.0007352182780572952,4.544202238321304e-05,0.001224590932808023,0.0004771652918971769,0.0009243302047252655
141,0.00020445728354703818,2.5002220064331004e-06,5.953386425971985e-05,0.0005858944197365545,0.0003150316383675189,5.749054253101349e-05,4.678477063337766e-06,3.8945700894950884e-07,1.8943101167678833e-05,0.0005847304396107561,0.0002483470390259937,4.204176366329193e-05,0.0005715004346381891,0.0008789234273618371,5.727633833885193e-06,0.0003799333191707166,3.485178466222042e-05,7.08065927028656e-05
142,4.619652515486239e-05,4.404429197938514e-05,0.00012898631393909454,0.00010404647076875384,1.0737978242220114e-05,0.0001873113214969635,4.548578120308275e-05,2.0727473096034848e-05,1.2148171663284302e-05,6.458346201018705e-05,0.0003224980647966724,0.0001259204000234604,0.0002687672388819867,1.8477822088185103e-05,0.0001710532233119011,0.0006685404972250619,0.0003873759899247482,7.461383938789368e-05
143,0.00016933626320933537,7.9462548853583e-05,0.00031242333352565765,0.00040945491353452934,3.916789313844829e-05,0.00039030611515045166,3.2914729920695274e-05,9.070688679162816e-06,4.0668994188308716e-05,0.0004701917581721171,8.422967903855272e-06,0.00020277686417102814,0.00027670844583287113,3.552764909025424e-05,7.582735270261765e-05,0.0014706524151215927,3.827621319812957e-05,0.0005302317440509796
144,0.0004535915662902956,9.609567867795155e-06,0.0007414165884256363,0.0005584474189682387,8.19541863698453e-05,0.0006883442401885986,9.014080840273261e-05,9.15883460488753e-07,6.434321403503418e-05,0.0007350054843374282,8.000965591571652e-05,0.00018705613911151886,0.0007206362418607365,0.0002924787707336285,7.9326331615448e-05,0.0023784733593000817,3.7340610464099266e-05,0.0006172731518745422
145,0.0002517744463662597,0.0001385546208896131,0.00035025179386138916,0.00042654678905446053,0.00018989782021950827,0.00017096102237701416,2.8629247281010406e-05,1.674474099784849e-05,1.6808509826660156e-05,0.00016516344605488342,0.0001263517493440558,0.0005493070930242538,0.00028721188399925823,0.00046060971617223334,0.0002984730526804924,0.0014000192281785895,0.00011035168334740542,0.00032144784927368164
146,0.0009053973938552284,4.500829260879399e-05,5.378201603889465e-05,0.0006545202453517307,0.00013073740718728272,0.0002493523061275482,2.0050784838198527e-05,2.1871609903074057e-05,4.4014304876327515e-05,0.00042812737205147333,0.00031104230909376196,0.0003141704946756363,0.00023792955945894922,0.00022099117454250222,8.193496614694595e-05,3.135965220568693e-05,0.00012454227159210476,0.0007363483309745789
147,4.8261334240351506e-06,8.497796600240304e-06,0.00034397467970848083,0.00020315846506480106,0.00021406699283003233,0.0002938881516456604,3.628645279868739e-05,5.610640513625288e-06,1.12876296043396e-05,0.00025984821663338487,0.00019033794265547327,0.00010009109973907471,0.0008123375150052708,0.000687054786817208,0.00017154403030872345,0.0011646933001210336,0.00012662946128945592,0.00010680779814720154
148,0.00019217852891070808,5.4282478779296706e-05,0.00021236762404441833,0.00016822119212436815,0.0003305402126976033,4.629790782928467e-05,4.1943001750137376e-05,8.026660790272225e-06,1.763179898262024e-05,1.8219501679045402e-05,0.00017010678315940164,3.431364893913269e-05,0.0005355670528323087,0.00041305068430543684,0.00023019034415483475,0.0018056350452512748,8.226187450696785e-05,9.315088391304016e-05
149,0.0006064312890607659,1.8188275147594524e-05,0.0002204589545726776,0.00043967619287010873,0.0001194903107918123,0.0007346812635660172,1.4273999127161624e-05,5.871558443176398e-05,3.508478403091431e-05,0.0006836632120081065,0.0007721150792607233,0.00030872970819473267,0.00010630113395111718,0.0002729799424381618,0.0003620833158493042,0.0004721541521673922,0.0009228536302067995,0.00039812177419662476
150,0.0007336416450553496,4.949730909209471e-05,0.0007581226527690887,0.00018579652889297305,4.83990573877241e-05,0.0005249734967947006,0.00014879654425253505,2.19612301084177e-05,4.008784890174866e-05,0.00041551282303955994,1.7033976620652036e-05,8.792616426944733e-05,7.796894103280494e-05,0.0001418605120937083,0.0002976115792989731,0.0013196952324887046,0.0003633050479450242,0.0013335421681404114
151,0.0005633202349706601,6.848848264793747e-05,0.00082365982234478,0.0005390352785176744,9.096212624915001e-05,0.0005090422928333282,8.239377579307566e-05,2.3206519747632093e-05,2.4765729904174805e-05,0.00023428815934659064,0.00040791543468168476,0.0006627868860960007,0.0008369937727471383,0.0009223294768765239,0.00018112827092409134,0.001115683718062116,0.00031273722639387283,0.00029997527599334717
152,0.0008674716539567029,7.619666793244953e-05,0.0005265660583972931,0.000973519870556494,0.0001937696255903884,0.0005515646189451218,6.80312734622178e-05,5.801598509642611e-06,4.183128476142883e-05,0.0005741243845332339,0.0004658654866383054,0.0004092976450920105,0.0012053611372150747,0.0003214096943767522,0.00041794683784246445,0.0007270417436278931,6.638683643961796e-05,0.0007997192442417145
153,4.794309331493385e-05,5.246991478941726e-05,0.00012142769992351532,0.0003809541026223995,8.166680499492943e-05,4.32133674621582e-06,3.359537437402221e-05,1.4236145411526506e-05,2.6013702154159546e-05,0.00015776950069242013,0.000322713248658988,0.0003872290253639221,0.00011372696551734118,0.00018281982326968926,0.0005319332703948021,0.00010886007604365977,0.00031304687101408896,0.0009244531393051147
154,0.00026636689432193994,1.6664336642373268e-05,0.000603819265961647,8.424739609269594e-07,8.375174753729245e-05,0.0009015556424856186,8.487820621701919e-05,3.113926837215009e-05,4.908442497253418e-05,8.111299329209565e-05,0.00033048705962734903,0.0007264446467161179,0.0003353753643332291,0.00012711849516766627,0.00032437965273857117,0.0004969719524290372,0.00038186241060419145,0.001050356775522232
155,0.0008286879272637881,2.620700445156096e-05,0.00016724132001399994,0.0005749973543571485,0.00011857203770586355,0.00020051747560501099,1.0361242051792202e-05,1.6257800500478828e-06,7.335096597671509e-06,0.0007275035663615176,0.0002772208297234721,0.00023218803107738495,0.0005882400312984953,5.847379343885961e-05,0.00015706941485404968,0.000236531841814408,0.00014771755317743128,8.900463581085205e-05
156,0.0003619001170095393,3.559284020533335e-05,0.00023140385746955872,0.00011682145238312014,0.00016571143938720959,3.748387098312378e-05,3.930789132998436e-05,2.2260018943905926e-05,3.997236490249634e-06,0.0005272055210998328,0.0007984649275321262,1.0721385478973389e-05,0.000611332803948067,9.423828531699568e-05,0.0002802405506372452,0.00020358820084970253,0.0001799265757260523,0.00023001432418823242
157,0.00041137884152384063,0.0004749056818015296,0.0002469085156917572,0.00037527900375405876,1.4507105293402878e-06,0.0005569495260715485,8.360178117717762e-05,4.056479907643012e-05,7.852911949157715e-06,0.0008551821367161622,0.000347633700239363,8.368119597434998e-05,0.0006065324098314395,0.0003605428908285413,0.0001979125663638115,0.0007609146569460268,0.00042414206363638497,0.00037645548582077026
158,0.00019170004453228362,1.3749275045320253e-05,0.00028364919126033783,0.00015754914342025472,0.0002325592028934384,0.0001300908625125885,6.855893406010338e-05,5.025060163855934e-05,1.1514872312545776e-05,0.00014946072931554255,0.0007243526772796188,0.00033762119710445404,0.0004829225996305503,0.0006808133361374119,0.00017763953655958176,2.2135696438940755e-05,0.000628502258700165,0.00045646727085113525
159,3.020722914970353e-06,0.00016548153945831687,4.279427230358124e-05,0.0005440958638596727,0.00021838131142541684,0.00021116621792316437,2.560699069891273e-05,3.308921389694929e-05,4.6469271183013916e-05,0.00016347849013460813,0.000493205426477298,0.000546744093298912,0.00018572265770970542,0.0005013995447955069,0.0003894614055752754,0.0009992530732651772,0.0005248914578241202,0.000748511403799057
160,0.00022110974443512177,9.708662832318138e-05,0.00030662864446640015,0.0006940316431497118,0.0003983650349889123,4.954636096954346e-05,4.65957564841149e-06,1.793240430276381e-05,8.071213960647583e-05,0.0003530242447864901,0.000169204654427383,0.0011568870395421982,0.0016725278910987434,0.0010403703777994155,0.0014302060008049011,0.0009362772055497293,0.00015874904124652846,0.0009396523237228394
161,0.0007482914303953703,0.00015514954380707255,8.118525147438049e-05,0.000550118662647564,0.00023115186136525925,5.727633833885193e-06,1.502892406602882e-05,4.264480535769134e-06,1.6104429960250854e-05,0.0006744765845360379,0.0005055575349633551,0.0002411678433418274,0.0013608482035335906,7.41368206533255e-07,0.00032549072057008743,0.000886717928843872,0.00016952808552513944,0.00016762316226959229
162,0.00032024358972465583,0.0003040011998156379,0.0006496328860521317,0.0006486166229450752,1.2758076871701579e-05,0.0010094176977872849,8.621699226728924e-05,5.611758544439528e-05,8.041039109230042e-05,0.0006524338576216343,0.000840790676205929,0.0008974466472864151,0.0008879382425277665,0.0010465230028658956,0.0004978664219379425,0.002437381093139235,0.0006716462539532401,0.0010649152100086212
163,0.0007708183521590029,0.0005877854740314013,0.0005414579063653946,0.0013028770041817739,0.0003241747399085823,0.0009437873959541321,2.7353602588923998e-05,4.323582864184961e-05,9.733438491821289e-05,0.0008947468325942315,0.0006296606080191253,0.0013361480087041855,0.002140194770326717,0.0016593954170587843,0.0008189408108592033,0.001012479754220974,0.0004996236827883079,0.0010973885655403137
164,0.0009836955796982683,0.00038097915750802056,0.0006014108657836914,0.0010861074121645276,0.0002358961259277606,0.0010330136865377426,1.1514051557831584e-05,3.4280719921628256e-05,0.00010052323341369629,0.000451293502574876,0.00045098626146760495,0.00091543048620224,0.0005216258703371335,0.0006674435618839666,0.00044764764606952667,0.0016967228773252796,0.00039859629627174084,0.001575235277414322
165,0.0030403000412885794,0.0009700993648462282,0.0007584244012832642,0.003028275881231557,9.900285663787603e-05,0.0013956110924482346,4.20247700190432e-05,6.716556016597941e-05,0.0001072511076927185,0.0018829833621593212,0.001699399972903571,0.0010245032608509064,0.002258534669708559,0.0009952190527590457,0.00031977705657482147,0.0025820802868301296,0.0005639919379464174,0.0015068389475345612
166,0.0011251383352456623,0.00030466821449166154,3.3950433135032654e-05,0.0012592805349719016,0.00023657291591579893,0.0005781576037406921,3.729478422736382e-06,7.055457753970905e-05,6.0927122831344604e-05,0.0010375570429958653,0.0012482635111287811,0.0012060683220624924,0.0008656495757304455,0.001244311489600157,0.000418907031416893,0.000862008417839899,0.0006891205642629737,0.0011271126568317413
167,0.0004011652200913707,0.0001173900306534574,0.00042267516255378723,1.1343246339362567e-05,0.0005760827023963792,0.0007313955575227737,8.885867697283611e-05,3.662628694450499e-05,7.846951484680176e-05,0.0003731539973459569,0.0006020804770403877,0.0009891074150800705,6.824353547511819e-05,0.0005311054762767511,0.0005297493189573288,0.0008643156629462578,0.0002367442629277218,0.0016415640711784363
168,0.001008427360792874,0.0003978929131612345,0.00031129270792007446,0.0009639393721837808,0.000306666728437259,0.0008149202913045883,1.798745959984832e-05,5.984790234318582e-05,3.6153942346572876e-05,0.0006558190449931361,0.0015443960991872799,0.0006056930869817734,0.0003870516795155682,0.0007742013434894057,7.268786430358887e-05,0.0016391130051936764,0.0007132677837271388,0.0004331357777118683
169,0.0013153182368983163,0.0004600718821107172,0.00033094920217990875,0.0016273783000941844,0.00040223805025359216,0.0006378218531608582,1.6162200435418383e-06,3.0215164052432224e-05,2.401694655418396e-05,0.0010262656311088303,0.0012377288725342224,0.0002651028335094452,0.0012524469741859584,0.0008287487858193929,0.00013270508497953415,0.001715377219410008,0.00033912665140092575,0.00037993118166923523
170,0.0003556448276724189,4.75964880660637e-05,0.00011606141924858093,0.0006047139197461471,0.00023703849133331623,0.00015359558165073395,2.792970242771614e-05,8.868357748200513e-06,1.3943761587142944e-05,0.00016929270344305525,5.577605359588858e-05,6.172806024551392e-06,7.73064444388738e-05,4.734643399195715e-05,1.8166378140449524e-05,0.001592630069473966,9.118335960478594e-05,0.0001649707555770874
171,0.0006996232289636362,1.0648245754842078e-05,1.2556090950965881e-05,0.0006158783365284859,0.00019055027061215882,8.887425065040588e-05,5.209420192804973e-05,1.6099721563145493e-05,1.8533319234848022e-05,0.00021820672225164595,0.000467880988775031,0.00033245794475078583,0.000629332820585346,0.0001470454874315033,0.0002072155475616455,0.00042278245909863066,0.0005055872585718029,0.00030396878719329834
172,6.339319756210049e-05,0.00024321040125032875,0.0004299189895391464,0.00030725300653364207,5.7559062794292765e-05,0.00041403621435165405,2.79655394035995e-05,6.666773810722645e-06,1.1280179023742676e-05,7.529271115462588e-05,0.0002876971122350615,0.0006697196513414383,0.0004844306982881713,0.00031943300556796367,0.0006371885538101196,0.0008156392958037495,2.901899010226451e-05,0.00048020854592323303
173,5.80140948318042e-05,0.000154823908642146,0.00011698529124259949,2.8675834058577987e-05,0.00015777704188337655,0.0001732204109430313,3.103331815394739e-05,3.375099189734088e-05,6.888061761856079e-06,0.00012523477923345738,0.00030501473594716014,0.00010909885168075562,0.00010173419411564633,0.0011752545822900223,0.00021602585911750793,0.0003297383854306002,0.0003492791266468554,0.00012295320630073547
174,0.0019808527726566105,0.0002625462361973939,0.000424358993768692,0.0011626086739204289,0.0004698120313110579,0.000452997162938118,8.590339191625121e-05,1.6828651809607572e-06,1.800432801246643e-05,0.0003623344924759131,0.00033656451152055955,0.0002212878316640854,0.0002480803918460811,0.00015229430454893195,8.243601769208908e-05,0.000685306184925738,3.4830988291684184e-05,0.0004408694803714752
175,0.0005920941865198981,0.000205806837763077,7.644295692443848e-06,0.00045087240111821303,5.3265687930889594e-05,4.978291690349579e-05,3.117036729300207e-05,6.8662198015280104e-06,1.6201287508010864e-05,0.0005143355585546516,0.0003988767358596816,0.00037044845521450043,0.00024194831055554533,0.0003430999445342836,0.000334826298058033,0.0008756847516308008,0.00023900656697680746,0.0003814585506916046
176,0.0009897230824149617,6.946601216915871e-05,0.0005021914839744568,0.0010783824373527262,9.115804715343484e-05,0.00024583935737609863,1.4901048675658446e-05,1.5254376631177987e-05,3.412365913391113e-05,5.551325451946809e-05,0.0006599874990208324,0.00013505667448043823,0.00048374964218814154,0.0003820484410771985,0.0004948722198605537,0.0016613637214425436,0.0001905091485975615,0.0003037862479686737
177,0.0009502229744997037,0.00014859592728129478,0.00011659972369670868,0.0008623887726245949,3.228249698009056e-05,5.310773849487305e-05,6.081901502682022e-05,1.4563129050979202e-05,3.647059202194214e-05,3.290270809819251e-05,0.00011533053731281606,0.0005274638533592224,0.0003251608279256635,6.404717524331749e-05,0.0006680162623524666,0.00023662443476529793,0.00020059462133607646,0.0004185996949672699
178,0.000503554101624476,1.65488344354911e-05,0.00020899251103401184,0.0007841838894010744,0.0002931935315638838,0.0001798439770936966,3.02810408596213e-05,2.894640373689544e-06,4.328042268753052e-05,0.0008573377407058436,3.834262117133683e-05,0.0006490461528301239,0.001072866316634058,0.0008185560340021603,0.0007271189242601395,0.0012386933685297197,3.286326013418085e-05,0.0008384622633457184
179,0.00039064463178706266,0.0002708065179890043,0.00017951615154743195,0.0004252068180946311,0.00010341409830603998,0.0003059469163417816,3.403564257192446e-05,3.49074753642673e-06,2.5954097509384155e-05,0.0005452211940992213,0.00014869911327470078,0.0003738533705472946,0.0002601450287245538,0.0001280880117566982,0.0005437163636088371,0.0008247824448643082,0.00015656773479937047,0.00024858489632606506
180,0.0002996080502152554,2.2072229049669573e-05,0.00035830214619636536,0.0005996609276029963,0.00010686752706939515,0.0004333779215812683,2.269657064993963e-05,6.533329086462372e-06,2.119317650794983e-05,0.0005359842258352843,0.0005781742750244588,0.0005438681691884995,0.00022389181349018183,0.0002310619163387595,0.000637957826256752,0.001142485042914393,0.00010370452017657156,0.0003844313323497772
181,0.0007062388764239036,1.6960114809939225e-05,0.0001407414674758911,0.00032918017185110116,0.00041011187744458694,1.765228807926178e-05,3.869019550891556e-05,2.813494333637123e-05,4.779547452926636e-05,0.0006733006594533131,0.0008146393504365017,0.0009995289146900177,0.0005563186585861579,0.0009773995553507414,0.0007433081045746803,0.00119377350768482,0.0002868964989549555,0.000523056834936142
182,0.0008874207108929277,0.0003167082027212692,0.0010165460407733917,0.0005287223288852894,6.983397213469744e-05,0.0009412746876478195,8.899522361992783e-05,1.0982239213887181e-05,1.8522143363952637e-05,0.0005645617024535865,8.412610183437808e-05,0.0004502590745687485,0.00022682799392348407,0.0006931518550153531,0.00031262077391147614,0.002548501181440288,0.0001376826116002124,0.00024929270148277283
183,0.00018106329265668575,0.00017882564324442352,6.707943975925446e-05,0.0001595068233283814,0.0003031249396409051,0.00016607530415058136,2.54571319219625e-05,2.335392478878932e-05,7.718801498413086e-06,0.001039598858803517,0.0007746336371741262,7.478706538677216e-05,0.0007475568281727213,0.00039374400410883276,0.0003530653193593025,0.0014840000416062593,0.0002046752106629737,0.00045822933316230774
184,0.0011649303003015976,0.00010593168359948266,5.5830925703048706e-05,0.001242423012712074,0.00043340247701553064,9.025447070598602e-05,3.919544046436345e-05,7.689771037095242e-06,1.8104910850524902e-06,0.0006672891499438088,0.00023472411137660798,4.0421262383461e-05,0.0008088577970297994,5.046300683341637e-05,0.00012370385229587555,0.0007920074109071806,0.00026687341927686837,0.00016048550605773926
185,0.0008355193716797493,4.273803422904371e-05,0.00024640560150146484,0.001021816683486776,0.0003464358181987405,0.0002846289426088333,2.7651035100786925e-05,3.472131724724468e-08,1.928955316543579e-05,0.0009286957065949702,0.00042330546926210716,8.287467062473297e-05,0.0006711502531812491,0.00018381203964914355,5.275756120681763e-05,1.170814787765373e-05,3.798186372054504e-05,0.0001878701150417328
186,0.000692194635636384,0.0002878478827191694,0.00030590035021305084,0.00045788284857459227,0.00011347546789600149,0.000254899263381958,0.00013786139272569352,2.229618581484831e-06,3.9536505937576294e-05,0.0007531924304479826,0.00034715564634268253,0.00025572627782821655,0.00046331923689604815,1.661585587648534e-05,0.00021319929510354996,0.00033814398763371,7.786352439134118e-05,0.0006230585277080536
187,0.0002323321220779606,0.0004151852122133877,0.0010495074093341827,0.0002676861563392363,7.610315115473554e-06,0.0004694424569606781,0.00012299470484193782,7.619291348036166e-05,8.952245116233826e-05,0.0007244288709205293,0.001055786509521945,0.0002846810966730118,0.000602070121547213,0.0009480805438209089,0.000949508510529995,0.0027688585917768904,0.0009006395253276086,0.0010139420628547668
188,0.00035364326925066414,9.138503685705152e-05,0.0009266603738069534,0.0008795819812498773,0.00012215074789439714,0.0006752200424671173,0.00017542083736160098,3.393507254530962e-05,1.905485987663269e-05,0.0002238836414836659,8.193530933568033e-05,0.0002945791929960251,0.0007048788109495635,0.00025476064075436594,2.904888242483139e-05,0.001260523231906091,0.0001867231987629104,0.000648006796836853
189,0.0007698813038120311,0.00045620052087805285,0.0002633538097143173,0.000998108671231679,2.342766183922179e-05,0.0005202721804380417,1.324985257708522e-05,3.8640429618617695e-05,2.8930604457855225e-05,0.00045817571449681405,3.161261364350437e-05,0.0002252534031867981,0.000299462007329207,9.130308062169773e-05,3.287568688392639e-05,0.0033199651152102383,0.0003765990453755731,0.0001530274748802185
190,0.0002672676085197223,0.0006862611253885993,9.984336793422699e-05,0.0006923686774467364,2.08161476169047e-06,0.0003349892795085907,2.1529465143426546e-05,5.173421506069484e-05,1.4223158359527588e-05,0.00016070146841361266,0.00043219423497952575,0.00011184811592102051,0.0003316214890964203,0.0012104076457024812,0.0004329923540353775,0.00241082259706743,0.0006210725902627608,0.0009121373295783997
191,7.586338974144291e-05,0.0004856233415796961,1.893937587738037e-05,0.0003513265277531874,0.00015285315019908374,0.0003239531069993973,1.0058348803285155e-05,3.933869825147469e-05,4.0978193283081055e-06,1.5339901624306096e-05,0.00017795808903632582,0.00021630339324474335,0.0008127307073066276,0.0018903467084310996,0.00019270367920398712,0.0010536492678467901,0.0006242197431371678,0.0007164478302001953
192,0.001057177229517342,0.00020283616944268001,0.0005230549722909927,0.0010770019485686344,0.000165210684463752,0.0008591599762439728,0.00010906897373176919,3.9637105583882214e-05,6.113573908805847e-05,0.0009073039015512208,0.0011755803531332126,0.0005780253559350967,0.0010954395319894145,0.000835160621952373,0.00018318556249141693,0.003261907093541877,0.0005297543289584173,0.0006775669753551483
193,0.001319307263035252,7.133677294306542e-05,0.0004640016704797745,0.0012063817240918207,6.960645309378802e-05,0.0006329640746116638,0.00011367840229634975,1.2341570216257156e-05,3.0368566513061523e-05,0.0012728052426784209,0.0012474985417737575,9.235739707946777e-05,0.0008877688936244077,0.00017596065330108268,0.00014378875494003296,0.0036604882544814255,1.0224274494825825e-05,0.00028064846992492676
194,0.0006715741462516855,0.0001359764016478672,0.0004293955862522125,0.0006045821436768128,0.00011035757924718337,0.0005363412201404572,0.0001022923472770252,1.2868634295193544e-05,1.3146549463272095e-05,0.0007592662399196204,0.0007974262687753565,0.00018991343677043915,9.010123111392876e-05,0.0005517661380514058,0.0003536902368068695,0.0030296958336260837,4.0477205672857786e-05,3.430992364883423e-05
195,0.0008603916965209124,3.6624916454119916e-05,0.0003803987056016922,0.0008962460436842401,0.00033563120416059064,0.00021716207265853882,4.884753225682659e-05,3.6981025238929006e-05,3.6172568798065186e-06,0.0005467914447552791,0.0006183378291778445,0.0003566015511751175,0.00030516118342786835,0.0011029322768598693,0.0001506749540567398,0.0013697595739128599,0.0005762682296572806,0.00024295225739479065
196,0.000702429201909549,0.00012043962575747358,0.00032112933695316315,0.0005481002836187077,4.146449821741324e-05,0.0004859212785959244,6.27481020439042e-05,1.4758536475584791e-06,2.12937593460083e-05,0.00015730488166577905,3.641586774436739e-05,2.104230225086212e-05,6.850592856519344e-05,4.5497365220380226e-05,0.00016369298100471497,0.0013888462509214217,0.0002013749845939626,0.00011638179421424866
197,0.000582511259942825,9.141606075344089e-05,0.00019159726798534393,0.0006107124350080428,0.0001122640315045012,0.00024905242025852203,1.3112513423375882e-05,1.646696071208733e-05,1.484900712966919e-05,3.735276634400653e-05,0.0006566896588636358,3.1385570764541626e-06,0.00022836749203890283,0.000704450198725344,9.389594197273254e-05,0.0012375325943543014,0.0001953377999248298,0.00021367520093917847
198,4.591848658380693e-05,0.00019464756507973913,0.00022902898490428925,0.00012462567943402614,0.00012411725629261558,0.00020852312445640564,6.257906640796083e-05,2.203367614861504e-07,3.4481287002563477e-05,0.00037234191927741633,0.000994251403187884,0.00020481273531913757,0.0007545668102059838,0.0005944171822058614,0.00030523911118507385,0.00023341006644705953,7.35990790719683e-05,0.000512830913066864
199,0.000489262504133614,3.524304225615074e-05,0.00014967285096645355,0.00041131174699138295,0.0001276756722657993,0.000148821622133255,8.380634910144097e-06,5.40137314027436e-07,1.948326826095581e-06,0.00046437617715906765,0.0005599253971019097,0.00014163553714752197,0.00012893515326163618,0.00046451147290804684,0.00018156133592128754,0.0008217072883219267,0.0002335116120499147,8.366256952285767e-05
200,0.0007969450921111176,5.051047336437561e-05,0.00025937519967556,0.0007817064571475352,0.00014723311257823848,0.0004705600440502167,6.452006563244586e-05,3.472986947984007e-05,3.8411468267440796e-05,0.0005294979111857279,0.0004301277399591172,0.00042502768337726593,0.0009439127657385332,0.00103076256769212,0.0001765117049217224,0.0015066809863148733,0.0004892912432735604,0.0005176924169063568
201,0.0012797167849611657,5.923358330016393e-06,0.0005541816353797913,0.001607428801875449,2.6677975773586188e-05,0.00051068514585495,5.2429385674445175e-05,4.774836043961795e-06,4.20399010181427e-05,0.0011839720492383687,0.00022376229649999357,9.600631892681122e-05,0.0010596207042269934,9.667035995361561e-05,0.00011489354074001312,0.002273993846335115,0.00040002698369090255,0.00014922022819519043
202,0.0010203812849464422,0.00017512672668728788,0.00019551627337932587,0.0012017651424429954,6.183189207267445e-05,0.000189170241355896,2.614598325015663e-05,2.138483157796431e-06,2.985447645187378e-05,0.0007948064760130158,5.703409973513082e-05,0.0004657730460166931,0.0006190335082075504,0.0008057920891241521,0.00033483095467090607,3.317465567376221e-05,0.0002647720611493494,0.00028863921761512756
203,1.369284147309524e-05,1.8710263917316727e-05,0.0005771312862634659,0.0004766061876671779,0.0002680217549122614,0.0003980714827775955,0.0001093080334628356,2.6468800098902474e-05,2.2646039724349976e-05,0.0005252010662038092,0.00013920770669586038,0.0005052201449871063,8.614052706809594e-05,0.0014859065576729794,0.00021295063197612762,0.003156820667114174,0.0002701554066654576,1.1663883924484253e-05
204,0.0004252588597666862,3.202402543606847e-06,0.0006634406745433807,0.0004272803134064418,0.00012107531805528524,0.0002795271575450897,0.00016059055018650611,2.834116895990193e-05,5.887076258659363e-05,0.0003863991444742476,0.000681094364914335,7.4356794357299805e-06,0.0004130025881484978,0.000775201196342841,0.0005680788308382034,0.00021926158119503492,0.0004452392013232975,0.0009278133511543274
205,0.00040045474531558156,0.00015538533472980037,0.00026534684002399445,0.00013605454623774604,4.811091349097782e-05,8.284859359264374e-05,0.00010988431862449244,1.6926528492002717e-05,1.2096017599105835e-05,0.00030550781835002316,0.00010316051940191528,0.0003575030714273453,0.0006927995406241227,0.000744302575043744,0.00011791102588176727,0.0009594103873241944,0.00034859135976404634,4.023313522338867e-06
206,0.00020581120392146324,5.850261297957529e-05,3.401748836040497e-05,7.388264951690982e-05,8.604824377241374e-05,0.00012466683983802795,7.202503745265543e-06,1.1462351753111454e-05,3.825873136520386e-06,0.00033819270430666265,5.897966742877958e-05,0.00014256127178668976,0.00021087648217414656,0.00022539938909008073,0.0002772100269794464,0.0007144245766690371,0.00013384071722674813,0.00022583454847335815
207,0.00027501639567101277,1.6274067294406308e-05,2.0252540707588196e-05,0.0002248630278421926,5.427562091515209e-05,4.8492103815078735e-05,8.473327022781238e-05,9.402300747868221e-06,9.745359420776367e-06,1.3635068260402228e-05,4.666772137270486e-05,5.781650543212891e-06,0.00044557007124294834,0.0003455585144927151,0.00013491138815879822,0.0011535126931697115,0.00017053953312434755,0.00017746537923812866
208,0.0001554962100540902,8.014881969029691e-06,0.00025990046560764313,0.000388812838380187,8.363761629456845e-05,0.00025214068591594696,2.712083625822266e-05,1.779122552666274e-05,2.682209014892578e-07,0.0001383658855660802,0.000521305616471221,0.0002001579850912094,2.3024693778253558e-05,0.00037837359802810056,0.0002065524458885193,0.00035296078170382605,0.0003430484941635385,0.0001305900514125824
209,5.600720129964043e-05,9.872928700484576e-05,7.940270006656647e-05,0.000418055066847306,1.3125607193041622e-05,0.00017834454774856567,1.4681594535333187e-05,3.48531161702511e-06,2.195313572883606e-05,0.00031865990657997667,0.00020396587509648872,0.000355718657374382,0.0003191225180250168,0.00041667456221695237,0.00024521350860595703,0.0006191615246736726,0.00016391772451219283,0.0004354342818260193
210,0.00045301035983821847,2.1043043298290404e-05,0.00011929124593734741,4.552009438688054e-05,1.43676311228913e-06,1.841410994529724e-05,2.8190597701645975e-05,1.2169123422556217e-05,1.835450530052185e-05,4.405101233066061e-05,0.00020970838474987374,0.00042393244802951813,0.0004587836520519306,0.00033929914593946314,0.0005706846714019775,0.001562946466049292,0.00019219897134302097,0.0008779801428318024
211,0.00016777404130685625,2.7330137394400433e-05,0.00020125508308410645,9.877773312133575e-05,7.433927334501295e-05,0.0003065299242734909,4.386248961003002e-05,1.08068953114177e-05,1.835450530052185e-05,0.0005812549226047667,0.0007090475027658472,0.00026112981140613556,3.529526069236122e-05,0.00029792167234871103,0.0001264922320842743,0.0006929433939250607,0.0003759540108739419,0.0004945918917655945
212,0.00032301817542010336,0.00019132027660202083,0.0004155132919549942,0.00023613603068373124,0.00028299898192022527,0.0006703361868858337,5.114006910756155e-05,2.874966667946305e-05,4.57763671875e-05,0.00019793126116036952,0.0006480732629381286,0.00023955665528774261,5.5549027315124344e-05,0.00022487171136936074,5.4273754358291626e-05,0.000770782885058191,0.000544428846329199,0.0006356090307235718
213,0.00010329929402136395,0.0003750107699754292,0.0004693176597356796,0.00015615041474315028,0.0003278364685655802,0.0005765203386545181,7.831637298198399e-05,2.2791458015306812e-05,4.255026578903198e-05,7.087238055465683e-05,7.215402903596249e-05,0.0002451278269290924,0.0003123414507612554,0.0007877078130843762,0.00015722587704658508,0.0017821726427214857,0.0004300492997476625,0.0005148313939571381
214,9.90448700527724e-05,0.00025904431698893504,0.00033483095467090607,3.2308115109624946e-06,0.00011189816878666436,0.0003421865403652191,7.580424807104857e-05,6.095219855256845e-06,3.62396240234375e-05,9.319004812970849e-05,2.4567993324561138e-05,2.230703830718994e-05,0.0005066280661838868,0.0008032718386890361,6.649643182754517e-07,0.0004957886744039464,2.760877596748139e-05,0.0002936422824859619
215,0.0009787332074557564,9.572582646787814e-06,0.00022664666175842285,0.000856251868272706,6.357486038911439e-05,0.0001910720020532608,1.0266598151564832e-05,2.730605086048374e-06,1.5642493963241577e-05,0.0008681750317140538,0.0005202358053783065,2.5641173124313354e-05,0.0010470830534118486,0.0003278898882438652,7.644854485988617e-05,0.000922051294071552,0.00015326212534035218,0.00035836920142173767
216,0.00020111155254826096,1.8913494780434248e-05,0.000164717435836792,0.0002814439895237886,6.842403430850491e-05,0.00010135769844055176,5.2736017834408705e-06,8.456638273837702e-06,1.728162169456482e-05,0.0001747349563089723,0.0002811942370522999,0.00020822696387767792,0.00018924710351153617,0.0001607759562666719,0.00028715282678604126,0.0006276835507630085,1.761919193192865e-05,0.0003862529993057251
217,0.00024686397310541563,1.478144561295816e-05,0.00018121115863323212,0.00026258733118270094,1.0633218472295286e-05,0.00020274147391319275,6.059669392010324e-05,6.1541448801894654e-06,1.611560583114624e-05,0.0001188699817627481,0.00017523803583754938,0.00012180022895336151,3.0327628364315573e-05,0.00016112261634531472,0.00014260224997997284,0.00045968155737316496,0.00013990976389709024,0.0001161918044090271
218,0.00020027249910078981,3.986195511882645e-05,0.00017639435827732086,0.00022736511631826772,6.676548316269029e-05,5.064345896244049e-05,8.75093782981666e-05,1.1431550122616195e-05,1.084059476852417e-06,0.0003552221525196242,1.8612166659250085e-05,0.00012598559260368347,0.0002927714722468916,0.00035148047492636336,0.00010734237730503082,0.001103973932530089,0.00025558468997813853,2.7418136596679688e-05
219,0.00028028315092570866,0.00012206129093650028,0.00011946819722652435,0.00048464597401073894,0.00010931984351651367,0.00012271851301193237,4.4793128328118534e-05,5.400139232180387e-06,2.699717879295349e-05,0.0006080447515858373,1.4296629567644992e-05,7.178820669651031e-05,0.00018291994937501277,0.0005625058534560259,0.0001591034233570099,0.0012306607814602522,0.00018183789019772783,0.0001893453299999237
220,0.0007934791469445535,9.006988212216863e-05,0.0004550814628601074,0.0008109674939903999,0.000254520666047902,0.00029617734253406525,4.313688526497682e-05,1.2557345777294989e-05,3.9536505937576294e-05,0.0006754983395319894,0.00089048337919196,0.0002686306834220886,0.0004717849132390428,0.0005132809926927315,0.0004427637904882431,0.0013122658370439133,6.33609544981456e-05,0.0007958747446537018
221,0.00025213070035703944,0.00012738734685966563,9.3068927526474e-05,5.439534447948535e-05,0.00018499986652591519,0.00012847594916820526,8.778526482746893e-05,6.995959139680151e-06,4.325062036514282e-06,1.9524460307174252e-05,0.0007811912243876826,0.00025750137865543365,0.0002524053530434389,0.0006258072098604753,0.00030522793531417847,0.0006288971539162858,0.0002057884754881967,0.00011730566620826721
222,0.00028690497052757946,0.0001506510486003823,0.00025197118520736694,0.0001515380576306291,3.003183506541246e-06,0.0002704635262489319,1.8462075740115907e-05,3.0374358771057355e-06,3.649294376373291e-05,0.00035567272746245965,4.75297106027478e-05,0.0005503073334693909,0.0003638288199734052,0.00031530992615232123,0.0005265958607196808,0.0005526268314372806,8.37385084627041e-05,0.0005781501531600952
223,8.474154035251202e-05,1.2093473465171062e-05,0.0006740521639585495,0.00014014777516699328,9.165200731453896e-05,0.0005967691540718079,0.00011531272087614113,1.3666423103085351e-05,1.895800232887268e-05,0.00014847419442850368,0.000559405712587939,0.00013739056885242462,0.00013266849565926608,0.0005480084443909156,3.8353726267814636e-05,0.001533003945276279,5.491473541353875e-05,0.00029574334621429443
224,0.000425314891109807,0.0001391499122000532,0.0005302745848894119,0.0004788972746853637,0.00019451969624183912,0.0002853125333786011,0.00013282686294776962,2.221268919920012e-05,2.4687498807907104e-05,0.00022027685111913886,3.809433278792462e-05,0.0004242565482854843,0.0004570847209963702,0.001689958787380437,6.105937063694e-05,0.0020861384863688492,0.00016225067547187555,0.0003050267696380615
225,2.3583979033015012e-05,0.00011700104376032375,0.00042018480598926544,7.243793365457885e-05,0.0006906442282459575,0.00043993256986141205,5.929875171148749e-05,1.6672073394756763e-06,1.5020370483398438e-05,0.00016598307794066236,0.0003362293962776257,0.0002527628093957901,0.00036225167636481925,0.0006813318497627049,0.00027356669306755066,0.0006943296800645538,0.00019130399486980403,0.00031759217381477356
226,0.001827001158917374,0.00017828833580297437,0.0010356772691011429,0.0009259238199469944,0.0002725041414250104,0.0010407064110040665,0.00011874368817622362,3.4725450499482327e-06,6.845593452453613e-05,0.0013388745072136637,0.0002821305428358199,0.000235019251704216,0.0003781394335977406,0.0012800761782554015,0.00024330243468284607,0.0031029063595073847,1.0973008973255358e-05,0.0014913678169250488
227,0.0032076496110763075,0.00019598235530204552,0.0011653285473585129,0.002891760961576756,0.0007529953115211797,0.0010780952870845795,8.084041015800868e-05,3.7157587918483764e-05,5.097687244415283e-05,0.002438701723885571,1.4347190121489356e-05,0.0002830382436513901,0.0028096258745503033,0.0017563672845615427,0.00015628337860107422,0.0038561467377743186,0.0008030676016145101,0.0004458390176296234
228,0.0035125952875500466,0.0002552095263706963,0.0021054334938526154,0.003480840203003488,0.0005534295001259418,0.0019981060177087784,0.00022107700731804035,3.55830960510019e-05,0.00012254714965820312,0.0033461499712912346,5.985681608243129e-05,9.920634329319e-05,0.0034098954015531896,0.0013464506797250392,0.0001968424767255783,0.005734170719770032,0.0004139950400061255,0.0013400577008724213
229,0.0017262805218783706,0.00012030022920055117,0.0008562076836824417,0.0008050016123795634,0.000566479476297007,0.0007674694061279297,5.391508886810545e-05,1.0001222372361669e-05,1.3750046491622925e-05,0.0009938458841616399,0.00034969711298049946,0.00035418570041656494,0.0012905111275003656,0.0013614102445970097,0.00023826025426387787,0.0015726572471061184,0.00020132221676329339,0.00017048418521881104
230,0.0016873548597976518,0.00014498753473467588,0.0009398274123668671,0.0008858466463192161,8.015510993783503e-05,0.0011819470673799515,1.4708171036569018e-05,2.059052726821305e-05,5.294382572174072e-05,0.0017554100531977368,0.0007886946122886464,0.0005796477198600769,0.0008183812523032824,0.00014864172450389929,0.0002946034073829651,0.0015062072707436452,0.00032597065446682196,0.0006283596158027649
231,0.0013996155943646893,0.00016189671645899795,0.0008716117590665817,0.001473281825564693,0.0002650644537044028,0.0010638050734996796,6.985340702076077e-05,1.6047113240679628e-05,6.128102540969849e-05,0.0015372289383349946,0.0008931112610774845,0.0005119442939758301,0.0007513652322021641,0.0003890211842081173,0.0002368595451116562,0.0018930162526862443,0.00038354886481525245,0.0008054859936237335
232,0.0014241793206457576,0.00013981030025392305,0.0010618064552545547,0.001713215079765823,0.0003038106893027241,0.0011607371270656586,5.675791970989434e-05,1.6225106308037597e-06,9.261816740036011e-05,0.001070994027647293,0.00037046721002609653,0.00073259137570858,0.0008014192294345801,0.0002831097109773986,0.0005146265029907227,0.0007849232968915876,0.00021375852492437793,0.0017172954976558685
233,0.0003655524481946115,0.00019481044179668963,6.710365414619446e-05,0.0002261589415131493,0.0002503385522809841,0.0002867653965950012,6.110429061519963e-05,1.6633247902285344e-05,3.9752572774887085e-05,0.00047657738557466134,0.0007650890640380666,0.0001239050179719925,0.00057178944845971,0.0004386047453733624,0.0004649423062801361,0.0009797221805699918,0.00032515942334878853,0.0008657760918140411
234,0.0013610819291779985,8.697070283321742e-05,0.0008400660008192062,0.0013669195927262234,0.00016621245187132053,0.0007141716778278351,0.0001424789564997246,1.2729510541640329e-05,2.6073306798934937e-05,0.001181704291075239,8.986947713773841e-05,0.0005196630954742432,0.0015710127756557932,0.0008254930476213479,0.0003930777311325073,0.003357026482908518,0.0003669778771000602,0.00024002417922019958
235,0.0022657003668036246,4.8867029173716575e-05,0.001254720613360405,0.0019230140816486052,0.00024848839956044533,0.0012191496789455414,0.00015587539090175864,2.610005830411949e-06,5.405396223068237e-05,0.0021159991649754017,0.00014705293090666247,0.0004008077085018158,0.002209893950391728,0.000996819339401718,0.0003323554992675781,0.003259437524846545,9.228222215663419e-06,0.0006059929728507996
236,0.0007747604836479405,6.301796558439918e-05,0.0007583480328321457,0.0005819215412693202,0.0002511042467374172,0.0006872545927762985,7.634479101985801e-05,9.523018742995542e-06,2.6963651180267334e-05,0.0008974310861236609,0.000227099145571754,0.00016053766012191772,0.0007197333352435276,0.0009807036715552345,4.199892282485962e-05,0.0009257891034040455,8.982934616865324e-05,0.000631183385848999
237,0.0006762961377890508,4.9629183116791514e-05,0.00015311315655708313,0.0008764314901031633,7.711924161562383e-05,0.0001506619155406952,2.032500262185051e-05,5.479166839392365e-06,2.5622546672821045e-05,0.001395977250041383,2.8016230087964805e-05,0.00017985515296459198,0.0009503608178210166,0.000495465319371502,0.00022730790078639984,0.00011549878726738183,0.000133272073642097,0.0003662295639514923
238,0.00046403783865767156,0.00012188328367617601,0.0007688552141189575,0.00022109797586958302,0.00025550313024592583,0.0006799791008234024,6.278617640305927e-05,1.691251284825123e-05,4.26173210144043e-06,4.621107485645176e-05,0.0005550290090297824,0.00046346522867679596,2.851639636432257e-05,0.0006113560500500825,0.00041419267654418945,0.0014253642549133805,0.00019144057378225107,0.0002141036093235016
239,0.0006829027603012516,8.201853108714963e-06,0.0010160580277442932,0.0007136230548472067,0.0002610749889903202,0.000914398580789566,7.775210804402202e-05,2.849242447644783e-05,4.407018423080444e-05,0.0007867407252318132,0.00038569601175622234,0.00015185587108135223,0.0007460426600209985,0.0004736578848331535,3.2726675271987915e-06,0.0017573229481946395,0.00037221979282781384,0.0004901140928268433
240,9.27318921312148e-06,7.283161296514976e-05,0.0006288494914770126,0.00015594065391838496,0.00019191259838240854,0.0007120762020349503,7.40091934775932e-05,1.7741323332743438e-06,2.5216490030288696e-05,0.00011802083873323904,0.0006979378061137305,9.948015213012695e-05,0.00042399499521474093,9.368089393521628e-05,0.00017946399748325348,0.0005491433964527892,0.000195790201637085,0.0003330707550048828
241,0.00022421450586587732,7.261544093960584e-05,0.00023875758051872253,0.00030862485297886155,2.0490901147730833e-05,0.00027483515441417694,0.00010514849040686725,1.2048579439695407e-06,7.253140211105347e-06,7.819736593225879e-05,0.0005886305769266034,3.884173929691315e-05,4.21858198465519e-06,0.0003346801996778753,7.095187902450562e-05,0.0006308694191150266,0.0001913368802477734,0.00010752677917480469
242,0.0001237672951525659,8.791621133274335e-05,8.006393909454346e-05,0.0003990982508858265,9.37645862307962e-05,2.3329630494117737e-05,0.00010189287970422713,4.89968237392651e-06,1.9632279872894287e-06,5.778819506006838e-05,7.330224704731048e-05,4.92483377456665e-06,2.552101374879434e-05,0.00026568899600614565,0.00010702386498451233,0.0006372386965952381,7.389463926339192e-05,0.00017985329031944275
243,0.00016564576844002588,0.00020570262816806476,0.00039100833237171173,7.429933316546733e-05,0.00015384857655294237,0.0005481783300638199,1.4777955216777744e-05,2.3282753843782765e-05,2.5328248739242554e-05,0.00017010065243871358,0.0006316830076910987,0.0002848207950592041,0.0005841767858584812,0.00038404104834859065,6.0535967350006104e-05,0.000539182181222897,0.00036794070477858595,0.00027773529291152954
244,4.573131885535209e-05,5.499549371332235e-06,6.217882037162781e-05,0.00034219752891775923,6.580372253137817e-05,7.247179746627808e-05,7.760298857104747e-06,2.3993699695430758e-05,9.641051292419434e-06,4.425542426030743e-05,0.0003093201025171008,3.731437027454376e-05,0.00039847466460554704,0.00011932806185935979,0.00020323880016803741,0.0003683831658204406,0.00035292837854536494,0.00027324259281158447
245,0.00026612535136952276,0.00010397141818399916,7.831491529941559e-05,7.412966529482534e-05,0.00019547698262287194,0.00022491998970508575,9.890580509976099e-05,2.1937345156975677e-05,1.1585652828216553e-06,0.00020979265319649026,0.00014068279167878117,7.132813334465027e-05,1.4739177708528173e-05,0.00015719465093504137,0.0002747531980276108,0.0010585542584524432,0.0003985650138055288,0.0001080147922039032
246,0.00027781800604476103,0.0002828218192684716,0.0005267355591058731,0.00030398125030134393,7.484871201925841e-05,0.00044877082109451294,7.741320268552475e-05,9.9950262351933e-06,7.857009768486023e-05,0.0003326790199288804,0.0002573752876302432,0.0010602250695228577,0.00047871372538152435,0.0005557330374432456,0.0011452306061983109,0.00038829968119805103,0.00018066456410144142,0.0019759684801101685
247,4.339566625491398e-05,0.0001473160227722925,0.000520782545208931,2.2248796623047795e-05,0.00017977546954023663,0.0002660416066646576,8.72506923960889e-05,2.289065541371193e-05,1.773238182067871e-05,1.5468697725617986e-05,0.0011306716843271503,5.230121314525604e-05,0.0006558986656519383,0.0004486144326099062,0.00035773031413555145,3.28044219751189e-05,0.0003253306716227769,0.00061006098985672
248,0.00015342799847339883,4.6218568349496586e-05,0.00018756836652755737,0.00029581707345613384,9.166549577131408e-05,0.00012610480189323425,4.961891465225798e-06,4.765783650439163e-06,2.1521002054214478e-05,0.00025701298309459275,0.00021193117219512475,5.6566670536994934e-05,0.0002681912849653717,0.00020960958027057414,0.00010656379163265228,0.0003182325926106566,0.00010588087347809284,0.00027175992727279663
249,0.0007508107347691251,0.000349573746572511,4.665367305278778e-05,0.00011072097065636943,0.0004881409952329323,5.5553391575813293e-05,5.537041544146325e-05,2.7468700018036025e-05,1.5892088413238525e-05,0.0008701166769663274,0.00040648921550186234,0.00019357353448867798,0.001130410197711526,8.591650468824791e-05,7.695332169532776e-05,0.00047355679177998877,0.00042195526578883225,0.0004609338939189911
250,0.00012937715855199095,0.00031112235868877014,0.0005312543362379074,0.0007663149297151839,0.00026970334320976577,0.0003231242299079895,3.227189143270234e-05,2.2153099410086218e-05,4.493445158004761e-05,0.0014045699085689853,0.0011344143841181265,0.0004748459905385971,0.00021011891655733916,0.0007751463643598522,0.0007537249475717545,5.868682411527826e-05,0.00025350347792488194,0.0012049786746501923
251,0.0001290786324462112,0.00015248698804777236,0.0003081001341342926,0.0004922284267168398,0.00017454371127223825,0.0006831977516412735,0.00010461226606223346,3.939809164453105e-05,1.3589859008789062e-05,0.0009682982114738309,0.00019386838556424354,0.00012413784861564636,0.0004927506507510504,0.0003167746359590759,0.0003239437937736511,0.0026041948171743323,0.0005962006803855897,0.0005544610321521759
252,0.0007825585324471029,0.00017334099267276096,0.0003960970789194107,0.0005678463476326556,2.8212349406669945e-05,0.0004301778972148895,4.7101328151027966e-05,2.8931627237056346e-05,2.5939196348190308e-05,5.717873949685759e-05,0.0006164657873408384,0.0002679433673620224,0.0004787655761588905,0.0002670599434331719,0.00019662454724311829,0.0025593830352997893,4.660901799642247e-05,0.00040874630212783813
253,0.0001941069762619041,0.00014145447827707686,0.00025907717645168304,0.0001244936209643388,2.101003374300678e-05,0.000508548691868782,9.345224458411072e-06,3.968489534251243e-05,4.373490810394287e-06,0.00036933891388753193,0.00024217451392976458,0.00016938894987106323,0.00017960060822665158,0.0005052572347212028,0.00016362778842449188,0.0006982944071495245,0.0004193563422959226,0.00023641064763069153
254,0.00022669454396875843,0.00021244019021395694,0.000482046976685524,0.00017055201595869707,0.00012271000343429608,0.0003155805170536041,4.814741137687366e-05,1.6853582540234146e-05,2.4799257516860962e-05,0.00026151097657191313,0.0004112434697940426,3.2864511013031006e-05,6.489685324677363e-06,0.0011061538617108471,0.00024403072893619537,0.0004510374531470629,0.0003054368814096762,0.0009685568511486053
255,0.0006448113476089923,0.00015424348319474646,3.59266996383667e-05,0.0005604658813835595,2.7800743854427407e-05,8.884444832801819e-05,3.598422008632696e-05,2.6061628255495906e-05,1.6726553440093994e-06,0.0009764097103691846,0.00014335181550901438,1.074373722076416e-05,0.0009985413140911545,0.0002828545277587177,0.00018599070608615875,0.0002448479352763211,0.0004575825608724364,0.00039293989539146423
256,0.0004391642882703717,8.667195037732195e-05,0.00031892023980617523,0.0005134740741233879,5.924623382776509e-05,0.0001414213329553604,2.4893886125344766e-05,2.7260584675199226e-05,6.172806024551392e-06,0.0007033665764730676,0.000577796985004847,0.00020879507064819336,0.0009849539274866398,0.0005996513279074439,4.6623870730400085e-05,0.0008244101494866152,0.0003989648814482611,0.00022703036665916443
257,0.00017640073756589048,3.3152885061549925e-05,0.0003965012729167938,0.0002056551413318064,6.323581832584288e-05,0.00011833570897579193,7.696802644654652e-05,1.3269177086964245e-05,3.3371150493621826e-05,6.4636606869381e-05,0.000277087522517136,0.00019077584147453308,6.669376730947946e-05,0.0003435692583638947,0.0005375109612941742,0.0001967564507482089,0.0002052572345975969,0.0007597878575325012
258,0.00011624304083604486,2.2500447104046445e-05,2.4069100618362427e-05,0.0001877217125154096,0.00016068553222205184,3.304518759250641e-05,1.546072816305602e-05,2.9189260482172772e-06,2.898275852203369e-06,0.00010323938003198307,0.00030952548639871097,0.00019211508333683014,0.00036355108666077246,0.00044172198839363686,0.00018984265625476837,0.000608887324480778,9.314887934981989e-05,9.924173355102539e-05
259,4.899707914030049e-05,0.00026016318328664703,3.6522746086120605e-05,0.0004721650641246189,0.0002367160783159801,0.0002999156713485718,6.748214592053325e-06,3.4475970531539884e-05,1.7508864402770996e-05,5.5984743448131424e-05,0.00012221766571657994,0.0002666749060153961,0.0002633395848827061,0.00025774156436018936,0.00010142102837562561,0.0006638415283356791,0.0004848897746983459,0.00014440342783927917
260,5.223523595276891e-05,0.00012148701950562626,7.878616452217102e-05,5.965007523509036e-05,0.0001275736234716482,0.00010659918189048767,2.046210343905827e-06,1.2905950107260702e-05,4.84660267829895e-06,5.7682501474386194e-05,0.00035862587170496993,0.000241156667470932,2.1937157455020895e-05,0.0002915243483890481,2.468191087245941e-05,0.0002225650647649513,0.000244480247683628,5.342066287994385e-06
261,0.0002502718449774455,0.0001300959491883115,0.00012032128870487213,0.00019323850425512212,5.627498873121001e-06,9.116530418395996e-05,2.708588350235422e-06,2.895908629065556e-05,4.872679710388184e-06,0.00044862028906894613,9.288315028621597e-05,2.6660040020942688e-05,6.276656527722663e-05,2.2871266039864446e-05,0.0003001652657985687,0.00042698908882274345,0.00027310820306955964,0.00019516795873641968
262,0.00020012299619034946,7.273057262870142e-07,7.120519876480103e-05,6.649219036647391e-06,5.4717751297610195e-05,6.091967225074768e-05,2.266868223279629e-05,6.214742554049734e-06,7.82310962677002e-08,0.00038822510766828994,0.0002688256018577827,1.559220254421234e-05,0.00019815396903537924,3.404189465139318e-05,1.735985279083252e-06,4.377374981875959e-05,6.680189771626028e-05,0.00028801336884498596
263,0.0009586884091435377,0.00010189276928871532,0.0005572419613599777,0.0009253445471434363,0.0001929422182091224,0.0006197225302457809,3.9853966688076226e-05,4.455835573465938e-06,7.536262273788452e-06,0.0011605176410080312,0.0004693607914295697,0.00025968439877033234,0.0009820726394433182,0.00028289016704154124,0.00035739317536354065,0.0009293015483953504,0.0001471449811398834,4.6465545892715454e-05
264,0.00033375434563515105,1.6267614320365775e-05,0.00011710822582244873,0.00046709580027826103,0.0002011566981663833,5.454756319522858e-05,5.681448702183484e-06,8.824982227337275e-06,2.4944543838500977e-05,0.0004847606315613734,0.00029238510059247796,0.0003386586904525757,0.00010219672226562115,6.670006279027585e-05,0.0004289597272872925,8.8520013823562e-05,6.992073079669248e-05,0.0006596781313419342
265,0.0004478071934390371,0.00011845405590592967,0.00016932375729084015,0.00027696737094015655,0.0002510953463827417,7.791072130203247e-05,2.5750695278648622e-05,2.549714574579906e-06,5.54695725440979e-06,0.00020696005327200395,0.00011186714688082161,0.00038050301373004913,0.00019354328870230947,0.000511082250454209,0.000284779816865921,0.0011244707546406163,9.544567609208899e-05,0.0005210824310779572
266,0.0017135593473531496,0.0001916822891719662,0.0007237866520881653,0.0014623707778448902,8.78568949888997e-05,0.0006604734808206558,4.614142017227499e-05,1.1124045349162113e-05,2.7235597372055054e-05,0.001340831661231369,0.0002232911992902098,0.00026402436196804047,0.001363531199109827,0.0007737127707288308,0.000193009153008461,0.0031823344035388224,0.00026269026209162823,5.3122639656066895e-05
267,0.0007059052579988512,0.0002682064698571046,0.0006390698254108429,0.00039256729455625083,0.000148990354716369,0.0009797252714633942,0.00011477478505025722,3.786651620646773e-05,2.5268644094467163e-05,3.149241691483007e-05,0.0009144359836824531,0.0001202709972858429,0.0002639442774349382,2.133730008412743e-05,0.0005657337605953217,0.0025185967882817295,0.00044751823547438657,0.0004086419939994812
268,0.0003513941162884837,0.0002712512211559791,0.0001667160540819168,0.000535406430263341,0.00021367386694275473,0.00043842196464538574,3.8898676751978126e-05,6.889537454660815e-05,6.366521120071411e-06,0.0013657075567278174,0.0009581371118486809,0.00015959516167640686,0.0008155253954256064,0.0007961728484267155,0.0009816251695156097,0.001045593160824837,0.0010319005080311485,0.0004080347716808319
269,2.5192763008774488e-05,0.00040132066866080396,0.00012324750423431396,1.1453234998487494e-05,0.0001592769742005673,0.0004075765609741211,8.68622982530716e-06,5.287842017108184e-05,3.301352262496948e-05,0.0008465650779348674,0.0003635289981498077,0.0005117319524288177,0.00015924476639279234,0.0005106461039465909,0.0012343544512987137,0.0005979904407374947,0.0007786008710024095,0.0014659315347671509
270,0.0004057596332044666,9.037070304384817e-05,0.0002990793436765671,7.200535490650695e-05,0.0003000428449734145,0.0001294948160648346,5.176977784947419e-05,2.2809957948125532e-05,8.184462785720825e-06,9.570514162006438e-05,0.0006399322300456312,0.0003806501626968384,0.00013917469893049567,0.0008454956917180317,8.892267942428589e-05,0.0005811633660114668,0.00035306517998342753,0.0003196224570274353
271,0.0005321569141926163,0.00013954242125223393,5.328841507434845e-05,0.00042387582221656284,8.423679333751516e-05,1.5832483768463135e-05,2.6063458926360236e-05,6.909922583261859e-06,1.4826655387878418e-06,0.0002014673115961485,0.0013153818178257143,0.0004914533346891403,0.00032951804628390813,0.0006833690754692243,0.0004272349178791046,0.0012279877778466064,4.913876621258405e-05,0.0006830021739006042
272,0.0007514634569828205,0.00035786120187378256,0.0002265777438879013,0.0003198089703650431,4.466382833974436e-06,0.00014973245561122894,5.326744351125297e-05,3.3649573173217414e-05,2.6889145374298096e-05,0.0004999255218063256,0.0011218700303865237,0.00013262778520584106,8.239406144722183e-06,0.0003818644737517557,0.0006319284439086914,0.0007802589262604076,0.0003849597687942538,0.000995974987745285
273,0.00030234889399094467,0.00020840793150014164,0.00024209357798099518,0.0004764409282922155,0.0003636747050543322,0.000378243625164032,7.688675185262353e-06,1.2200098060244967e-05,4.1618943214416504e-05,0.00032777160664622385,0.00022120773278577754,0.0003748387098312378,4.6362420640710944e-05,0.0004873506437233152,0.0005547590553760529,0.00012244982293396767,0.00032598117040386326,0.0005419105291366577
274,4.1541871236144834e-05,6.323811107736971e-05,0.0008416753262281418,0.0010729826676621756,0.0012659200547184106,0.0005872920155525208,2.671000783683805e-05,4.631877849643848e-05,6.153061985969543e-05,0.0009190552295948659,0.0011216753039125053,0.0001893565058708191,0.0004165752251908475,0.0014735078805002341,0.0005165915936231613,0.0007474993135858365,0.0005048866683451426,0.0010667704045772552
275,0.000138937207440043,0.000666852720668621,0.00035195983946323395,0.0006879396149975237,0.001022849376617927,0.0005604438483715057,1.0472847241515745e-05,4.547831115390489e-05,1.96993350982666e-05,0.0003016547866661126,0.0007185791871815832,5.782023072242737e-05,0.00030808607910687985,0.0009331693714100045,0.00018765777349472046,0.002344658083817036,0.0005353692054335928,0.00040305405855178833
276,0.0006929833933189411,0.0007998332212016263,0.00042818300426006317,0.0016108424208147731,0.0008913324912871411,0.0008039586246013641,7.308787608420984e-05,4.870538999227585e-05,1.1902302503585815e-05,0.000884621716278039,0.0008159650790190605,1.625344157218933e-05,0.0010360443462830438,0.0011428440065205034,0.0004944894462823868,0.0016287694601804792,0.0007871784309584984,0.0005920045077800751
277,0.0005359253668081321,4.035018466364004e-05,0.0004002545028924942,0.0013077668321004599,0.00038772429959442814,0.0006334930658340454,0.00013372404218472966,3.78130741801678e-05,6.633251905441284e-05,0.0004872136636418223,0.00031496285693638493,0.0006962679326534271,0.00023943924501448888,0.0001191619807042743,0.00041404925286769867,0.00205548445618034,0.00033775324696559044,0.0010468550026416779
278,0.0007265613982759267,0.0004336341103431604,0.00034368783235549927,0.0009653729775198072,0.0002033513268822583,0.0007492657750844955,4.5130904832610744e-05,4.691607699446477e-05,2.6952475309371948e-05,0.0008323780763169059,0.0007619427215926969,3.0143186450004578e-05,0.0006765467939582673,0.0003325450341295222,0.0005660764873027802,0.0023072157220325185,0.00039217779175475557,0.0005831420421600342
279,0.0014853209770673004,0.00026849377233267163,0.0006263591349124908,0.0013721338228134816,0.000582491158831154,0.001274406909942627,6.894450712433518e-05,9.057094689196429e-05,6.308034062385559e-05,0.0012444321863582727,0.0014196921286915888,0.0005158260464668274,0.0011437924847411338,0.0008783363612738168,0.00037553533911705017,0.003305626501441894,0.0012022582339166928,0.00029745325446128845
280,0.0008404797688757459,0.0003250091765559862,0.00014520436525344849,0.0006726617359719134,1.4121522042827989e-05,9.795837104320526e-05,0.00015420534818690393,3.103534752158767e-05,2.2962689399719238e-05,0.0001156381651308061,0.00033570286295345544,0.00045361556112766266,0.0005635032154089337,0.0010577468961478695,7.074698805809021e-05,0.0004115094545513731,0.00027303215295879394,0.00012899935245513916
281,0.0003100097412204461,0.00010006250090604726,0.0002803914248943329,0.0010491714440858946,0.00022461144781079495,0.0003956519067287445,4.1700097597401065e-05,5.769746767723862e-06,1.5188008546829224e-05,4.49892307368277e-05,0.00024976481653931834,0.0002558436244726181,4.996799229968485e-05,0.0009288680903119378,0.00032783858478069305,0.0013165384340972086,3.323293130074855e-05,0.0002459809184074402
282,0.00040128662808164295,8.239466762486464e-05,0.0002123601734638214,0.0006884961549487034,0.00012583011401339633,0.0001888517290353775,2.530579419381118e-06,1.03353965314526e-05,1.5731900930404663e-05,0.00024953021608584147,0.0001436829419630553,0.00019372254610061646,0.0007427719018346518,0.00026871025084697353,0.0002710670232772827,0.0004866434509228912,6.363095281193424e-05,0.0004951730370521545
283,0.0005424992729267386,7.682919970686958e-05,4.425644874572754e-05,0.00033771326124198975,0.0003366701395453968,0.0002283770591020584,1.247216744698805e-05,1.3549783766514948e-05,1.711025834083557e-05,0.0001586403443238904,0.0007553733548812391,0.00028842128813266754,0.0005760850492380967,0.0002077185016617772,3.199465572834015e-05,0.002632139075166573,0.00012047508792945028,0.0004956983029842377
284,0.00045329658731846356,0.0005281748108249655,3.428943455219269e-05,0.0005802088755347545,0.00023579143563652247,0.0003934204578399658,5.8557744481253435e-05,4.209348774060248e-05,1.274794340133667e-05,0.0001017884374314923,0.0006962528347857419,0.00027017854154109955,0.00013266816973512424,0.0008554600337769905,0.00019327551126480103,0.0035834596147448494,0.00036841130852405214,0.0003738030791282654
285,0.0005575353910677872,5.256364889476284e-05,0.0003485381603240967,0.0005027158154639055,6.841716916316035e-05,7.794611155986786e-05,7.311450379472208e-05,3.829739050967255e-05,1.6439706087112427e-05,0.00035688263567569545,5.594767887961288e-05,0.0002591032534837723,0.0006302402702393906,0.0015676469575106391,0.00013080239295959473,0.0010708250476430259,0.00034918748044491035,0.00044935569167137146
286,2.9381493787422608e-05,0.00016539090391745268,0.0003170650452375412,0.00036318370417054435,0.00011474023506289135,3.5995617508888245e-05,9.428227719998628e-05,4.034357059290905e-05,5.189329385757446e-06,0.0005597454312219058,0.0006029856301006491,0.0005326569080352783,0.00045314449463806916,0.0007923318937908749,9.874813258647919e-05,1.2626057247167033e-05,0.0005113983058522807,2.378225326538086e-05
287,1.2368527958495079e-05,0.000360969757768316,0.0004968550056219101,0.0006873615725689064,0.00020056706672986688,0.00033224187791347504,0.0001904307813091321,2.391824600282233e-05,9.115785360336304e-06,0.00047187987332326237,0.0004618377684985596,0.0007478389889001846,0.0001021397364623644,0.0012329134615995593,0.0004990026354789734,0.0017353745507786844,0.00023807102750370186,0.00033510103821754456
288,0.0006739571864097238,0.0003521726290259264,0.0005405936390161514,0.000731540102791195,0.000273482780379055,0.0005591027438640594,5.4638949504633855e-06,1.8157111920643823e-05,3.334507346153259e-05,0.0009261109162500766,0.0001244292181089915,0.00014343485236167908,0.0005672562553323962,0.0002442074486173479,0.00011749379336833954,0.00034009075066010475,0.00013280145872276994,0.0004047192633152008
289,6.453179263266051e-05,0.00017218765336144207,0.00012568198144435883,0.00010110593003465063,0.00010144332196609582,0.00020559504628181458,1.174457470772515e-05,2.9321578265627778e-06,3.5703182220458984e-05,0.00017352856764535352,0.0005766994040451029,0.00052664615213871,0.0002019982456928221,0.0006626926035956451,0.000414019450545311,0.00035819396590430763,0.00015698103889582714,0.0007234588265419006
290,0.00028352482453700145,2.202264636506912e-06,0.00014548562467098236,0.0002175329311044638,0.0002434471111527614,6.7196786403656e-05,5.240803328662551e-05,1.0277220814205743e-05,1.9274652004241943e-05,0.00022315590459415224,0.0005886361025727524,0.00017893314361572266,0.0007952381213821719,0.0008664925628333736,0.0004652068018913269,0.0006491464391441826,0.00022896214165464687,0.0006207749247550964
291,0.0002929634386304447,0.00018363231175530861,5.4119154810905457e-05,4.5545936460056335e-05,0.0001068425311286092,0.0001799222081899643,7.665773302490721e-05,3.933152810796512e-05,7.141381502151489e-06,0.00012971324845671706,0.00037807014336149747,0.0002864506095647812,9.121109609089295e-05,0.0008186203102939632,2.267211675643921e-05,1.1580635277980145e-05,0.0005185736152602642,5.6117773056030273e-05
292,0.001911062328597224,5.2004655101411945e-05,0.0010884292423725128,0.0012303734258291288,3.9411229392320724e-05,0.0010655894875526428,8.28854100351252e-05,1.8755690709141486e-05,9.250268340110779e-05,0.0017251870929104532,8.449587721232055e-05,0.0002848803997039795,0.0012762217245338436,0.0014114854826546216,0.0003230348229408264,0.003225153517318363,0.00033677886876340565,0.0013216100633144379
293,0.0006434794441975422,0.000271563737646207,0.0001241043210029602,0.0011853566030449458,0.00014820648614528517,0.00027428939938545227,4.9122245775452475e-05,5.0720704264444155e-06,5.554035305976868e-05,0.0008545066224799891,0.0007440560095214876,0.0007948167622089386,0.0012395991987716598,0.0005798425920948425,0.0006391685456037521,0.0001285904038868524,0.0003198167857564583,0.0008241795003414154
294,0.00015775497114137171,4.749567762378851e-05,9.568221867084503e-05,0.00022992410439054423,3.2087476251340535e-05,0.00011405721306800842,5.2753039977291444e-05,3.2031034131775984e-05,2.693384885787964e-06,0.0004679760435913477,0.0005447341414004589,5.097687244415283e-05,0.00046078617693202234,0.0006924539678195007,0.00023069605231285095,0.00011190605862620995,0.0004833829863407188,0.0002359636127948761
295,0.0005183799034932379,3.1720932247531614e-05,0.00010535679757595062,0.0005929477154752449,0.0003537370496404374,0.00020967982709407806,1.7778026700400115e-05,8.952400723954675e-06,5.465000867843628e-06,0.0006244416976156214,0.00031805687676959155,0.00015005283057689667,0.0006354183930978238,7.601809289256578e-06,0.0002896152436733246,0.0013908652344094274,0.0002477570799285021,0.0006684958934783936
296,0.0002913902258769585,0.0001721408742229799,0.00022534281015396118,0.0006503303514147907,6.0868583883478405e-05,0.0002107657492160797,3.572307054073784e-05,1.846336731207201e-05,2.1085143089294434e-05,0.0006282622944653454,0.0006039463121664812,0.0001447666436433792,0.000719741538207086,0.0005927891650585049,0.00021196156740188599,0.00044729047710120873,9.172045416908645e-05,0.0006276816129684448
297,0.0005897188016296406,0.00024395659466261432,0.0001963432878255844,0.0003813066851386937,1.9747783731646068e-05,0.0003860257565975189,4.2020692344827554e-05,1.4740314417496174e-05,1.903623342514038e-05,0.0006223951817792006,0.0006043352443730124,0.00019536539912223816,0.00030170516166699857,0.00015296181126379232,2.0619481801986694e-05,0.000777815613610483,0.00020991210500161507,0.00018595904111862183
298,0.0006054611425994894,1.990267898220252e-05,0.0002676546573638916,0.0009545705844666574,5.415697640959519e-05,0.00016875937581062317,0.00014204540190167203,1.0403262767585877e-05,2.5913119316101074e-05,0.00039484757562280315,0.00041858897422898667,0.00023824907839298248,0.0005245262364924619,0.0007637865619143716,0.00027938932180404663,0.0010808232951848573,7.846400706898807e-06,0.0009893812239170074
299,0.0013644555005599968,0.00026396833067398456,0.0007830075919628143,0.0019445884197095975,9.960131965076197e-05,0.0009889956563711166,3.534372323023456e-05,2.0776291211008154e-05,8.523091673851013e-05,0.001383114035720022,0.0007720098536164871,0.0010229907929897308,0.0010133145496064033,0.0014108039089451158,0.0007484201341867447,0.0032324022844312517,0.00028410654658758694,0.0013971440494060516
300,0.002108201127993259,0.0008077318541387553,0.0006236433982849121,0.002982568054874901,0.00028175714176236974,0.00011249072849750519,0.00021616936748791032,8.811922656354749e-05,6.835535168647766e-05,0.0020588906095840437,0.0013921354445042174,0.0015194453299045563,0.0022666665760389046,0.0030223011961406088,0.0008638929575681686,0.001064243072183474,0.0012035119056027395,0.001234099268913269
301,0.00010471663678932042,0.00028439789702318363,0.0005547273904085159,0.0009149957557400001,0.00037344715340976303,0.0009656231850385666,0.00011673316849861691,4.4490395470122256e-05,3.516674041748047e-05,0.0010696400044725995,0.0011180416084817894,0.00026543810963630676,0.0009249713828491726,1.4803416266043201e-05,0.0003266315907239914,0.002489806014418783,0.0005729488248115353,0.00025751441717147827
302,0.00015581617891485822,0.000582150236580696,5.342997610569e-05,4.756500879546377e-05,7.862091190314127e-05,0.00022966600954532623,0.00011487916760080652,3.0415049568698483e-05,2.7261674404144287e-05,0.0008595573097471415,0.0006065409000867474,0.0007169414311647415,0.00012278703313997608,0.002112201279751126,0.00025958940386772156,0.0008960948801352286,0.00031219145428463364,0.00011780858039855957
303,0.0015502492539160584,3.195723227646455e-05,0.0005555562674999237,0.0013501152211224665,0.0001878563868723676,0.0009786374866962433,0.00011399287009819861,5.29440326356247e-05,2.528354525566101e-05,0.0018136332144830375,0.0007135644521944172,1.6942620277404785e-05,0.0019432987472035174,0.0009579643423466705,0.0005245022475719452,0.004577403980158767,0.0008590384707986569,0.0003118477761745453
304,0.001794264314224775,0.000555199406272168,0.0005959365516901016,0.0012824110331458582,0.0001358156937949738,0.000782109797000885,1.084166341902039e-05,6.310591622398762e-05,4.6603381633758545e-06,0.0009956331384132072,0.0009873642906246434,0.0005935989320278168,0.0001273228405382354,0.000582724442756373,0.0009016767144203186,0.0017933506980599423,0.0010102283165401068,0.0006329603493213654
305,0.0017363596630529665,0.0005147156588290146,0.0005239546298980713,0.0014330885846373653,0.00023276593338477855,0.0007979478687047958,0.00010672079164305605,6.512515602289873e-05,3.976747393608093e-05,0.001627858444527383,0.0014597849507904,0.0002432316541671753,0.0010711100022806758,0.0001158766262829361,0.0006278231739997864,0.0029805662850973524,0.0010263905425166404,1.714751124382019e-05
306,0.0001284413615021407,0.00012571734404729848,0.0008910186588764191,0.0004762097395404341,6.734678552023851e-05,0.0009640082716941833,0.0001985319239717221,4.870218884923694e-06,8.017569780349731e-05,0.0008387085156308927,0.0002691970250592521,0.000470651313662529,0.0010550473693220208,0.00046507285660136316,0.00039250217378139496,0.0029842745669287074,9.661327243533704e-05,0.0010111555457115173
307,0.0001745262089735411,1.0933005130140533e-05,0.0005259457975625992,3.317159492469135e-05,3.7192797166352154e-05,0.0006406344473361969,2.1351998247331333e-05,2.075998618210543e-05,7.059052586555481e-05,0.0006003706365322464,0.00012463179389670537,0.0010656025260686874,0.0005440098286316475,1.4266528274610446e-05,0.0009437911212444305,0.00015842078533070958,0.0006438121879021167,0.0018844455480575562
308,0.00029887747722082136,0.00013799186352557447,0.0001513008028268814,1.2453193478506597e-05,0.00019775387302755146,0.00028315745294094086,6.960900873887246e-05,1.749301152431361e-05,1.0166317224502563e-05,4.026745725520253e-05,0.0007649326438595033,0.00033457763493061066,0.00021338637302201202,0.0002580852736461664,0.0005475804209709167,0.0013744061360745907,0.0002177151534377272,0.00015291571617126465
309,3.361569369225714e-05,2.4799530218656135e-05,0.00025552883744239807,0.00010116434275414532,5.290111335203712e-05,0.00012574158608913422,3.2258574550862035e-05,9.529838450122573e-06,1.3355165719985962e-05,0.00039901771490610805,0.0012001532581632848,0.00015022419393062592,0.0005031171764499631,0.0006749081420542938,0.00034776702523231506,0.0010006800292549078,5.9589830866855e-05,0.0007705464959144592
310,0.00013445136960854587,4.164117278648502e-05,0.00026345811784267426,7.147563992357386e-05,6.415394131294855e-05,0.00020954757928848267,1.4921496797364736e-05,7.243593177415456e-06,9.164214134216309e-06,3.917295217420458e-05,0.0006838430089543893,2.1636486053466797e-05,2.3147185842023466e-05,0.0003156710087801051,9.692646563053131e-05,0.00036574591740748397,0.00015946657246859557,0.0002389959990978241
311,3.4132941902575986e-05,0.00016863005548512985,9.038299322128296e-05,7.307902336692318e-05,9.734467806989805e-05,2.8364360332489014e-05,2.6527258690414723e-05,3.2927002893233374e-06,1.765042543411255e-05,0.00016043800883729087,0.00038570936138743184,8.722767233848572e-05,0.0001042704858564697,0.0004963544598706945,0.00017323531210422516,0.0005900812349968199,8.112552223684972e-06,0.0002731494605541229
312,0.0003256201038221995,0.0002166451412960145,0.00034889765083789825,0.0003693068384238718,9.237095232124751e-05,0.0002523642033338547,4.2006849227865795e-05,2.6541394025078152e-05,2.148747444152832e-05,0.0004138341782713162,0.0007216541717440066,2.209097146987915e-05,0.00043312578858013817,0.0005459849992461643,0.00015827082097530365,0.00014565598174134942,0.0003105724755463374,0.000214405357837677
313,0.0003175719959169765,8.86608245450407e-05,0.00034805387258529663,0.0004388617949288298,0.00022722956835661764,0.00026307813823223114,1.661479461237403e-05,4.751899991417948e-06,3.375113010406494e-05,0.0003279771022784844,4.6146389816880545e-05,0.00012787804007530212,0.00029998660747793116,0.00038985989200161775,0.00026972219347953796,0.0008963989769965042,1.2847087915667226e-05,0.0007346086204051971
314,0.0002195145522881914,6.35677257204148e-05,0.00026652775704860687,2.9499276220368298e-05,4.221775781747955e-05,0.00023100152611732483,1.2844787981240724e-05,4.907129024224802e-06,5.6587159633636475e-06,5.403715856017177e-05,0.0002348018764220458,8.584745228290558e-05,4.0555340955844565e-05,0.00043914191169665967,0.00011878646910190582,0.00017261448152766645,3.146001201274808e-05,0.0003490522503852844
315,0.0003446956020727865,7.21212545798898e-05,0.00019762665033340454,0.00026663974704072,0.00011334464521062584,0.00025449320673942566,5.382918158089445e-08,1.2638135937179546e-05,4.3917447328567505e-05,9.994638893366659e-05,0.00026935724487067367,0.0006774161010980606,1.681340888164129e-05,0.0008576581878563458,0.0005794540047645569,0.00023014507364543801,0.00020668826154401736,0.0006813779473304749
316,0.0001605129702134389,8.709855109847661e-05,0.00014074333012104034,0.0004388733325978722,0.0001399022074730777,0.00012174248695373535,4.055970952800136e-06,7.978654137355946e-06,7.860362529754639e-06,0.00023130428835643757,6.042039840546687e-05,9.646452963352203e-05,0.0002488520183801246,0.0003339120715293298,4.9872323870658875e-05,0.0012503260822454287,3.5751645638498926e-05,3.287196159362793e-05
317,0.0006797820496148022,0.0003152157935133945,0.00016610510647296906,0.0004949324179630843,5.258228632547962e-05,9.044259786605835e-05,5.919438617834824e-05,1.5761553736138906e-06,1.1928379535675049e-05,0.00029636718264845763,0.0006013909518576173,0.00011341460049152374,0.0010651668804939202,0.0011359885894568697,7.111392915248871e-05,0.002128682956678174,9.632655035248525e-05,0.0005621127784252167
318,0.0014656094416580778,0.00030003589249854093,0.0003408733755350113,0.0011981742673418116,0.0001142647800256684,0.0002892781049013138,3.9446046783787186e-05,1.0187179492654561e-05,2.4337321519851685e-05,0.0007675774612910524,0.0005284410314960394,0.00014827586710453033,0.0015961984567770676,0.0009530199667266773,8.90493392944336e-05,0.0010989134526063205,0.00022829898187101206,0.00038374215364456177
319,0.00024198509501541232,0.0001420280002762224,0.0006730016320943832,0.00014990758029831408,0.000272128455242604,0.0006762053817510605,9.826214438032888e-05,1.502245388326678e-05,6.762892007827759e-05,0.00011207344552220666,0.0005592129684786756,0.00036496110260486603,7.629652418787713e-05,4.2899363565621074e-05,0.00040476955473423004,0.0016938648276068613,0.0002520985794073117,0.0011511221528053284
320,0.0008171919988510246,1.7430948494774612e-06,0.00010067224502563477,0.0007473860255543252,7.8357064221303e-06,0.00017590075731277466,2.8963260864621476e-05,3.878005161909087e-06,2.9560178518295288e-05,0.0001717577988624014,0.0003922577916502662,0.00035708583891391754,0.00017552774139373284,9.298452120089229e-05,0.0004622749984264374,0.0005576338021300309,0.00015365932588234672,0.0002567656338214874
321,0.000315613602744208,5.645542110035637e-05,5.620531737804413e-05,4.438846805598917e-05,0.0002115835934112624,0.0001872926950454712,6.935701814300699e-05,6.1037315374259916e-06,4.2110681533813477e-05,0.0008807197030337305,0.00037991364128244637,0.0005448516458272934,0.0009439285031500044,0.00010637276591152212,0.0007095728069543839,0.0006695089285541078,1.5159246434862366e-05,0.0004308447241783142
322,0.00046055956695753575,0.0003369607531744506,7.048435509204865e-05,0.00018160412954129623,0.0001326831478654783,4.9116089940071106e-05,6.9597894402227e-05,2.5471106344415723e-05,2.255663275718689e-05,0.001072521023374906,0.00019013992117379586,0.00024790503084659576,0.0010659391487615327,0.0002318612736414566,0.000135703943669796,0.0006409813378930318,0.0002770693896342667,0.00039581581950187683
323,0.00044457942136394424,3.4053797168882155e-05,1.9904226064682007e-05,0.000467672347193665,0.00018187565425354518,9.0818852186203e-05,8.798983170940286e-05,1.3786939234618635e-05,4.030764102935791e-06,0.0002409282149044567,0.000168269534709789,7.397681474685669e-05,0.0006734427916435942,0.0002044310979785191,9.655207395553589e-05,0.0007876211654020693,7.672760459961772e-05,0.0004453621804714203
324,0.0008648485727723587,0.00023132283107511406,0.0005434714257717133,0.0008652090861096806,1.3094454739587952e-05,0.000503048300743103,3.1909866969895284e-05,1.0247456629015075e-05,3.922358155250549e-05,0.0008079923085834301,0.00024518756571014627,0.0001790914684534073,0.00097535548660585,0.0001301701338617539,0.00022638868540525436,0.00017539415367950895,0.00025500477158077635,0.0006183981895446777
325,0.0009499503272765164,1.5472865004272085e-05,0.0002608373761177063,0.001212433710046673,0.0003335424423733767,0.00023274868726730347,1.5347741524097958e-05,2.19330222184664e-06,2.2396445274353027e-05,0.0011344537301856417,9.283562974984894e-06,0.0002112817019224167,0.0016879896684576096,0.0004436046146027231,0.00016642548143863678,0.0005534898930089349,9.921686448791534e-05,5.882233381271362e-06
326,0.0005534675030165193,3.955502050213833e-05,0.0001374613493680954,0.0002495014379168825,0.0001370735886821045,0.00019904226064682007,1.7977939790463082e-05,6.026304719588768e-06,1.7832964658737183e-05,0.0007495595201295058,0.0003437405510298558,8.547678589820862e-06,0.0007121376870451307,0.000524510049170826,4.468206316232681e-05,0.00178077850486838,7.877542952673634e-05,9.185075759887695e-05
327,0.0005347113951700289,0.00017776442530146805,0.00023706257343292236,1.6460928276507136e-05,0.00026551070648216796,0.0003368593752384186,2.3152732324324687e-06,3.1834387953578775e-07,1.8309801816940308e-05,0.0005539818175583772,1.0097259386443458e-05,0.0003651287406682968,0.0006981629702599995,0.00020240003729121714,0.0002744849771261215,0.0017765494876930688,7.571645548493317e-05,1.866742968559265e-05
328,0.0003826584676785705,4.030111329836675e-05,0.00047500431537628174,0.000346164287250067,0.00015104526614391836,0.0005247108638286591,9.94985524933184e-06,1.0820872446496105e-05,2.9306858777999878e-05,0.0015483419579435387,3.993354216248052e-05,0.0003933832049369812,0.0016288911609227824,0.0005223628161032876,0.000319858081638813,0.0009808113616920633,1.266583287084502e-05,0.0004821307957172394
329,0.0009440613486709493,0.00026922463922440104,0.00020331516861915588,0.0005930046363490094,0.0004014724790140749,0.00013826973736286163,9.154461040674841e-05,1.1977462559417267e-05,2.2824853658676147e-05,0.0006484795849559244,0.00031292954316641114,0.00024014152586460114,0.0006872370963046798,4.738516101034096e-05,0.00018712598830461502,0.0005445648294217509,0.00018955030037200995,0.0007619522511959076
330,0.0009344436208244544,1.205017036196715e-05,0.0006832461804151535,0.00039315501785991414,0.00024292758320657026,0.0007807966321706772,1.064543731239126e-06,3.067414876959846e-05,3.786012530326843e-05,0.00082556601652993,3.893526860948571e-05,0.0003141108900308609,0.000672277585911249,0.0005165671217947573,0.00016259308904409409,0.0018215260716986093,0.0004917862622848788,0.0002588517963886261
331,0.0010909360184090666,0.00019333841190721096,0.0008567683398723602,0.0009824635332986165,0.00025385135503817186,0.0007020123302936554,5.268048218031243e-05,1.3734627194775148e-05,6.929785013198853e-05,0.00012381958057160192,0.000564608546583377,0.00021641887724399567,0.0005678062662281269,0.0005988075052490577,2.5520101189613342e-05,0.0030079079954487,0.00019480498157561574,0.0007312595844268799
332,0.0006045509620152545,0.00042867282860546,0.0007945187389850616,0.0014853281642786265,8.18717850650727e-05,0.001201605424284935,8.015096294540502e-05,4.109694735353244e-05,8.1673264503479e-05,0.00024095207501435845,0.0016072284022908764,0.0003129122778773308,1.1959790197635378e-06,0.0010123459985360225,0.00011867005378007889,0.0015697208374951532,0.0006376216453092029,0.001270141452550888
333,0.0008800943655490612,0.00043810612956009937,0.00027391500771045685,0.0008585202325764596,0.000759022811755692,0.00033235177397727966,4.21445139879989e-05,2.771377840107508e-05,3.5587698221206665e-05,0.00045980943567730526,0.00037131466677676334,0.0004987362772226334,0.0010579939172560976,0.0012295248487784252,0.00043316278606653214,0.0008711816120072213,0.0004976078168187647,0.0009020082652568817
334,0.0009979512171136573,0.00043082321179332625,0.0004375651478767395,0.0008581952279616833,0.000256658092257174,0.0004928261041641235,7.010765050660672e-05,2.9475872467659233e-05,7.311254739761353e-05,0.0007983197599410186,0.0006062208862931684,0.0006660213693976402,0.0012181458814597285,0.0008465822664325828,0.000627557747066021,0.0007443249280082165,0.0005357192753104941,0.0015347674489021301
335,0.00011600227817315512,1.691751117569376e-05,7.569417357444763e-05,2.2708526906556337e-05,0.00014014246965518562,6.04093074798584e-05,1.901201353730203e-05,1.3892792439530738e-05,2.376735210418701e-06,0.00019567945964850397,1.8337693248757225e-05,8.366070687770844e-05,8.84486008898705e-05,1.5217049180241138e-06,0.0001119803637266159,0.0004370841197885722,0.0002801282761482728,5.9194862842559814e-06
336,0.00019261802693204544,3.325221242227866e-05,0.00011743418872356415,9.412400157582379e-05,6.142522360713665e-05,0.00031754933297634125,1.4860226874580107e-05,3.40139275407755e-05,4.5847147703170776e-05,0.00016051853154611107,0.0002674597585835409,0.0009337170049548149,0.00023059775831343887,0.0003442041042082608,0.0006225146353244781,0.0011851183703187884,0.0004774245980297817,0.0011882148683071136
337,0.0004089984625209597,0.0001206328920182187,0.00038602016866207123,0.0003080486310172992,0.00013962919558162604,0.0002797190099954605,0.00010437241190923777,1.2098195430927915e-05,6.0908496379852295e-06,0.00015343248387399144,0.0003524510110781004,0.00043985992670059204,0.0008847260992671802,0.00035758843640647936,0.00026526302099227905,0.0026904357581938043,0.00019391420037561096,0.00011517107486724854
338,0.00048076186197920645,2.8134628161702313e-05,0.00039116479456424713,0.0007045169364103543,1.8174427236110346e-05,0.000603819265961647,6.618894486842136e-06,2.434249613586368e-05,6.392970681190491e-05,0.00138907032423638,0.00040600973484416353,0.0007302369922399521,0.0010051309098652317,0.0008192383600416492,0.0004154723137617111,0.0010998642365346867,0.00026482933771469004,0.0015914291143417358
339,0.00018023765803867886,6.929929443676847e-05,0.0003239605575799942,0.0002533273501752753,9.994838903612524e-06,0.0005077235400676727,2.7455891521185882e-05,1.3922544286497091e-05,5.426257848739624e-05,0.0009392611875526646,5.689161767323536e-05,0.0005973987281322479,0.00032375909128960767,0.0007915263904330061,0.0003556143492460251,0.0008791440406029083,0.00025105070710358364,0.0010874532163143158
340,0.0007146028992433273,0.00013841732824143235,9.571947157382965e-05,0.0007264750728309399,6.159575565416534e-05,2.545677125453949e-05,4.3087489240076216e-06,1.4384401959702275e-05,8.404254913330078e-06,0.00013685255558000542,0.0006806818649199159,0.0002760346978902817,0.0007582793255292708,0.00048287803151685765,5.245767533779144e-05,0.0017122003441498446,0.0003824095677284608,0.00046226009726524353
341,0.0005412210055148747,0.0001447326480495774,2.2411346435546875e-05,0.00023084662008646117,7.115690511224487e-05,4.628486931324005e-05,2.32174887256284e-05,1.4585659459252705e-05,5.628913640975952e-06,2.0708265147745264e-05,0.0004705547678160518,0.00020654965192079544,0.0002765691466006803,0.00015732175027257517,6.472505629062653e-05,0.002257493919477438,0.0003485907250710433,0.000500999391078949
342,2.396386212691337e-05,0.0001556321013596318,0.00040527060627937317,4.741517845122112e-05,9.661885871024845e-05,0.0007317066192626953,2.1295223699913796e-05,2.7079787233716152e-05,8.646026253700256e-05,0.0007779522934525107,5.214250983124474e-05,0.0010642819106578827,0.00044615704954434343,0.0006763706875484304,0.0005777794867753983,0.0015888940223600934,0.0006113304004498469,0.0017062760889530182
343,0.00020918391013008408,0.00024760855733419254,0.00038158148527145386,0.00021164477042892593,5.2323078624679636e-05,0.0007519032806158066,1.0500625364031485e-05,2.207279667867812e-05,9.205937385559082e-05,0.0006524439786525227,0.00047677512997856136,0.0012997100129723549,3.831842907711658e-05,0.0003555506768587735,0.0007103122770786285,0.0016073767972108466,0.00044706097553538814,0.0019144564867019653
344,3.490537077857625e-05,0.0001865734872209951,0.000251157209277153,3.560226766685659e-05,6.487966828452874e-05,0.000354718416929245,2.3483692463577288e-05,1.1041351656284948e-05,2.987682819366455e-05,0.0006794488268789811,0.000501242704844751,0.0004544798284769058,0.00014226542588677282,0.0001632749540623063,0.00023384299129247665,0.000693493955744362,0.00018954426860649147,0.0006127692759037018
345,0.0007209532669990859,0.00016955759254674851,0.00041198916733264923,0.0006287551939256064,0.0001011830988309724,0.000330926850438118,4.6158592253767866e-05,1.1820675573656538e-05,2.7954578399658203e-05,0.0001282028091171422,0.0002694863951676549,3.782752901315689e-05,0.0008773408320034704,0.0005086855225622175,0.00014359783381223679,0.0013956047011693395,0.00020572629561208065,0.0007153116166591644
346,0.0008028131120977611,0.0002841689361846242,0.0006399825215339661,0.0007453663359313079,0.00011572496163456819,0.0005628727376461029,0.00010189744177433596,4.381125770391739e-06,3.6913901567459106e-05,0.00014077751672103567,0.00023436182927748933,0.00019374024122953415,0.0011053676880759117,0.00038476183251657387,4.115421324968338e-05,0.0034483330068017792,9.29827706249481e-05,0.0005858875811100006
347,0.0005073214344068488,6.79662251768659e-06,0.0002063009887933731,0.0006208681475471933,0.0002381472963151783,0.0004002470523118973,1.8699751339928267e-05,3.635687990212637e-05,6.744265556335449e-05,0.000408087923656264,0.0010283207833668775,0.0011021662503480911,0.00011505699781631795,0.000213293687567985,0.0007907543331384659,0.0017726682449904774,0.0005424035610971734,0.0017233192920684814
348,0.0006736000895478933,0.00017708584845617728,0.00036977604031562805,0.0007784465793030382,0.00020158951927831334,0.0005663484334945679,4.689896957409817e-06,4.3977009349897405e-05,8.733943104743958e-05,0.00014071086039406377,0.0011236113468555894,0.0013447925448417664,3.250234859854262e-05,0.00010450787774687886,0.0010094419121742249,0.0006075555254896892,0.0006927009578443547,0.0019246488809585571
349,9.79666642881849e-05,0.00012799580185519563,0.00020176731050014496,0.00013980028088098062,1.101254763050119e-05,0.00043629296123981476,3.7861129838431817e-06,3.6694110542457496e-05,5.869939923286438e-05,0.00011049796261748679,0.0007573924270799504,0.0010449355468153954,7.646843369374379e-05,0.0006650875994116678,0.0006698928773403168,0.0008782631501827731,0.0006062195974407859,0.0012495778501033783
350,3.404408355128785e-05,2.6043778356424352e-05,0.00035819225013256073,0.00020876535692460063,0.00021769804001892795,0.0007192231714725494,1.7082888465070473e-05,3.373041945098563e-05,7.865205407142639e-05,0.00038267815159460927,0.0008505119772313288,0.001127122901380062,0.000408444526102017,0.0009935117977302385,0.0006103841587901115,0.0008616763412129524,0.0005186105110691372,0.0017127469182014465
351,7.494429989457485e-05,0.00012884795809396318,0.0004166252911090851,0.000508566318435516,3.852245633942375e-08,0.0007038246840238571,5.4408854906935755e-06,2.1887160161577633e-05,8.37184488773346e-05,0.000569703256659615,0.00028157587717039106,0.0011439500376582146,0.0005399534744782025,0.0008280509439819936,0.0007164087146520615,0.0006470380014721444,0.00027963496992633604,0.0018613412976264954
352,0.0007571255630799967,0.00027424494485954465,0.00046306662261486053,0.00035099438666205685,0.00022839888632898708,0.0006255097687244415,6.347166896361958e-05,1.1519448325637285e-05,7.012858986854553e-05,0.00015006618782541226,0.000676816862531987,0.0007695509120821953,9.896585591220863e-05,0.00019861894148894,0.00047318078577518463,0.00101078130730331,0.00012111190051085721,0.0017249435186386108
353,0.0011838516404969468,0.0003130014836999172,6.544217467308044e-05,0.0008978345253531361,1.3689017105970175e-05,4.743412137031555e-05,2.4060624378912515e-05,6.474348396882056e-07,1.0520219802856445e-05,0.0007399210242146209,0.0007321872230243928,0.00019427482038736343,0.0007067417294035344,0.00020258805640818028,3.4105032682418823e-06,0.0014309027620716397,2.1581191581586e-05,0.0004932023584842682
354,0.00024460970848799723,0.00010197588624821091,2.1422281861305237e-05,8.24051612659249e-05,0.0002477320076426266,8.26474279165268e-05,2.8657156252515775e-05,4.83759281449825e-06,4.9658119678497314e-06,0.0002877986130826321,5.178857650570134e-07,4.70038503408432e-05,3.19238551866885e-05,0.00013418370105330868,0.00013219472020864487,0.0007327788567727533,4.3725263634759306e-05,6.945431232452393e-05
355,4.396268767664635e-05,0.00017737988045941205,0.0002624373883008957,0.00026269997386552113,0.00012867346586890524,0.00011073611676692963,8.942209371465976e-06,1.0210515223907645e-05,6.411224603652954e-06,0.00022333408783299646,0.00021002109756009663,6.701424717903137e-05,9.791593241945118e-05,0.00020603123380596305,0.0001401575282216072,0.0013975961734455367,0.00014704999603750812,0.00017597898840904236
356,0.00032507805735337847,9.425954735526806e-05,0.00016923993825912476,0.000239304623302794,2.348438587297663e-06,0.0003631003201007843,4.9884729661268945e-05,1.6861926233834788e-05,6.049498915672302e-05,0.0002531043936924299,0.0005263055545679102,0.0007943473756313324,0.00013706799466634,0.0001612511130137384,0.0005178116261959076,0.0008745589301945578,0.0002460754751026262,0.0013178102672100067
357,3.9021583159909445e-05,0.00018862366968599303,0.00031876377761363983,0.0003745083566812635,1.6054587862582986e-05,0.0005195271223783493,2.1669454371514574e-05,2.683521746555805e-06,6.1769038438797e-05,0.0001290105872872177,0.0003801350416976698,0.0008603464812040329,0.00010030053205914435,4.44668677136717e-07,0.0005410574376583099,0.0007904949476613965,2.567292926945481e-05,0.00137300044298172
358,0.0012489798494280946,0.00021204868947121563,0.0009167343378067017,0.000772350486082124,0.00015660693908661413,0.0006135739386081696,1.2057846921868787e-05,2.278806677950151e-05,4.8667192459106445e-05,1.430968786195197e-05,0.0003009864590956604,5.247443914413452e-05,5.280713637648149e-05,0.00043448392357811616,0.0004161437973380089,0.0026326607443733774,0.00033554746517677476,0.0002180039882659912
359,0.0006610151438292966,0.0004965338189812998,0.00019605271518230438,0.0005858888859263944,0.00026819316153163866,0.00022366084158420563,4.681922856497253e-05,5.224178148430109e-05,3.5848468542099e-05,7.651060638087792e-05,0.0013677784730581552,0.00019782502204179764,0.00045892545655401573,0.00032830770614767496,0.0007915394380688667,0.0027615808951361454,0.0006581469045119316,7.958337664604187e-05
360,0.0006886092764337715,0.0003023947560408663,0.0008414145559072495,0.00010642897028315113,0.0002615887844449466,0.0010741986334323883,4.406629544853602e-05,3.3022685590819776e-05,6.308034062385559e-05,0.0003789096458898661,0.0011957469891636513,0.0005790814757347107,0.00022267295634238737,0.00037270804199349833,0.00025547295808792114,0.0007928614038978654,0.0004450004758998799,0.0014665499329566956
361,0.0006085694351489201,0.00022509111104220686,0.0003674086183309555,0.0003220673844175903,0.0002029165925808707,0.0006732624024152756,4.406289584750478e-06,2.683916193791164e-05,5.830451846122742e-05,0.0003646139618634636,0.0003967090440063145,0.0008558202534914017,0.00026483000586623173,0.0002914625644293012,0.00045675691217184067,0.0002986993810399352,0.0003608850124598782,0.0012637525796890259
362,0.0003563801565303337,1.5421222329819323e-05,0.00019096583127975464,0.0003352089444978168,3.16710125353864e-05,0.0001088269054889679,4.074194941407899e-05,1.422502379835335e-05,3.0428171157836914e-05,9.724165031958776e-05,5.973295963866698e-05,0.0009172521531581879,0.00011849869377275613,0.0010336928461323752,0.0005982285365462303,0.0015084734428591484,8.038408949306852e-07,0.0010828636586666107
363,0.0009661526261858788,0.00012090155878995493,0.0005522947758436203,0.00026145985623574064,0.0001659122689575583,0.0005007348954677582,6.122359520683088e-05,1.497526336593648e-05,2.3014843463897705e-05,0.0003267517945880899,9.057609411598777e-05,0.00035005994141101837,0.0002487853266551071,0.0006379287798401329,0.00020797085016965866,0.00028267945457294275,0.0003928549124048316,0.0005525350570678711
364,7.536343933234324e-05,0.0002554512109122775,7.981620728969574e-05,0.00015025055935799503,0.0004872412635497231,5.562417209148407e-05,6.17581559482841e-06,3.673241520415853e-06,1.9818544387817383e-06,0.000178035947213398,0.00022152553415086956,5.276128649711609e-05,0.0003819326128934042,0.0006489789771865206,5.334801971912384e-05,0.0007037602986293134,0.0002977409387078206,7.008761167526245e-05
365,0.0006561054665627231,0.0002732889986488199,0.0011298339813947678,0.0004480472595008167,0.0003541265535219433,0.0009434688836336136,0.0001117373897159199,1.983231239642734e-05,6.772950291633606e-05,0.0004709277417957042,8.308277263328889e-05,0.00031829439103603363,0.0007390631252445073,7.155354463145303e-05,1.8853694200515747e-05,0.004410813345812503,0.00046578455557555833,0.0010598748922348022
366,0.0010838700757479225,0.0003886185211119976,0.0005705449730157852,0.0012285256835694591,0.0005330369642372566,0.0008825473487377167,3.127920722184249e-05,3.370603506285558e-05,4.8786401748657227e-05,0.000695065555995647,0.0010362788221079736,0.00025577470660209656,0.0004832153668295619,0.00020368823297474414,7.461849600076675e-05,0.0014770231220108954,0.0007060862969704873,0.0008252374827861786
367,0.00048512256265223486,0.00046835685634145224,0.00021293386816978455,0.0006336043953263648,0.0004306513177186784,0.0002839844673871994,2.1127536736980507e-05,1.3515577317992642e-05,3.3445656299591064e-05,0.00021796941429017003,0.00021746937001953376,0.0008371258154511452,0.00013543121670864244,0.0005364752757938129,0.0007830187678337097,0.003239567535327309,0.0002742594108016351,0.0015180297195911407
368,0.00020549800701641363,0.0002482814017874639,0.0007434133440256119,0.0002295955395438809,0.0002717683954343922,0.0010529439896345139,8.220113676196683e-08,2.366224964670166e-05,8.138269186019897e-05,0.00045894774834828733,0.00017481889725227268,0.0012065591290593147,0.000820103951740786,0.0016234275112070873,0.0008847638964653015,0.0030048615582957683,0.00032622109328695435,0.00257236510515213
369,0.000923790510973993,1.0734725328098021e-05,0.000911196693778038,0.0010695439383750505,0.00015846421354735393,0.001106753945350647,5.121624354294252e-05,7.891171056089875e-06,8.651614189147949e-05,0.0011824471884468724,0.0003153355980068523,0.0005685808137059212,0.001123224521915045,0.0010565450440396251,0.00043324660509824753,0.001111296257522626,7.007849159634903e-05,0.0020240433514118195
370,0.00023673823808856298,7.887386176215483e-05,0.00013816356658935547,0.00019971662673573531,2.778389764676592e-05,3.732927143573761e-05,0.00010457041597641478,1.9627974334378837e-05,2.8662383556365967e-05,6.26198622451779e-05,0.0003943820861276523,0.0007815025746822357,0.0001781296864775267,0.0004329711884102083,0.0006065834313631058,0.0032283273917866617,0.00010442034364820758,0.0011819489300251007
371,0.00034737907853948924,0.0003209166030274796,0.00023170746862888336,0.0006874386357365037,0.00010663515423440725,0.00048015452921390533,2.0208225147755332e-05,2.8276047295356743e-05,5.4389238357543945e-05,0.0005438961207706178,0.0009667528134012365,0.0007793949916958809,0.00036197483620324655,0.000457785874809942,0.0004983805119991302,0.0014885576262276545,0.00035759977094578584,0.0012541040778160095
372,0.00035345041916678976,2.6815672877641972e-05,0.0003369394689798355,0.0006368527918157452,0.00011749194023617793,0.000560535117983818,7.60920800892198e-05,1.9289991994054687e-05,3.128126263618469e-05,0.0003359325832711091,0.00040036336793877053,8.514523506164551e-05,0.00015013550591939928,0.0001423853112820228,0.00018948689103126526,0.0011141106981779059,0.00040526939220303826,0.0003585144877433777
373,1.3780227430454373e-05,0.00027430150816933063,0.00034966133534908295,0.00012388524803666479,0.0003255051540640881,0.0005614403635263443,3.6731960923686025e-05,1.1381692323052462e-05,3.905966877937317e-05,0.000356835220591753,0.00036415624590389883,0.00039255525916814804,8.810074797843681e-05,0.0002311976778868255,0.00020227394998073578,0.00036743927508786633,0.0001235777094790913,0.0005341991782188416
374,0.0001196056910365284,0.0002453647169733432,0.00034497305750846863,0.00011306555022952414,0.00041748223477232685,0.0003960859030485153,2.4626114645785735e-06,7.230797357625073e-06,3.351271152496338e-05,0.00028094630090422235,9.389217703163755e-05,0.00020893942564725876,0.0002188560389434352,0.000633671896577391,0.00018793251365423203,0.0017934530524496006,0.00019690616676426294,0.0006137154996395111
375,7.000528379788595e-05,2.5647192355818943e-05,0.00027717091143131256,0.0002750870947290651,0.0001449650556590784,0.00014457665383815765,4.269985828015202e-05,5.910936026573012e-06,1.6454607248306274e-05,0.0002430262566590763,0.0007188570791289983,8.68532806634903e-05,0.0003812278043520828,0.0003796281475745636,8.681323379278183e-05,0.0005700080393269691,0.00016024663170480864,6.845220923423767e-05
376,0.0008633671511781571,3.621109924744487e-05,0.00031642988324165344,0.000547563363766046,5.030513444111845e-05,0.00017140619456768036,3.432623007241023e-05,1.1974502294864547e-05,6.742775440216064e-07,0.0009067269277656248,0.00022921989931850434,0.0005386918783187866,0.0006923872634253675,0.00013718318944742208,0.00029568374156951904,0.0022055203344313046,7.382915202930915e-05,0.000493321567773819
377,0.0005968836740663508,0.00016799662857931025,0.0003013778477907181,0.00013662025029240188,4.959062098753783e-05,0.0003831349313259125,2.6529172223302422e-05,1.692297598770187e-05,7.128715515136719e-05,4.3081273758696637e-05,6.280302235201624e-05,0.0010479390621185303,0.00043073658649775415,0.00011014080759617906,0.0008523734286427498,0.0022023224477752956,0.000442222896144993,0.001437947154045105
378,0.0003771385067705968,0.00036127502829379557,0.00012974441051483154,0.00024001569857465266,7.203236105999752e-05,0.00014087185263633728,1.793363137586254e-05,1.4924041700637065e-05,5.153939127922058e-05,0.0004492695591821888,0.00044222168244974214,0.0008573234081268311,0.0010422565203564715,0.00018065597377184273,0.000860980711877346,0.0017609309084735125,0.0002964992040243163,0.0008953996002674103
379,0.0004708227612427174,0.0002060137531738858,0.00010550394654273987,0.00037999426509979783,5.21577220596349e-05,9.162724018096924e-05,5.670871458519217e-06,2.6062620797816184e-06,2.5101006031036377e-05,0.00021791514539171164,0.00013299134386773187,0.00024848897010087967,0.00022211774989872035,0.0003095616417957206,0.000319470651447773,0.0015625980483524593,0.00018779211442784566,0.0007711872458457947
380,1.8678547158285097e-05,0.00019985220622920769,5.6331977248191833e-05,0.00010810487730048002,6.207989672370531e-05,0.000261673703789711,9.751914945368284e-06,2.6408132956081673e-05,3.221258521080017e-05,0.0002561023332826595,0.0002985815682012491,0.0007462818175554276,0.00013024994255728117,0.0001855624584812185,0.0004843035712838173,0.0016875475865657241,0.0003591673228171689,0.0010310150682926178
381,0.00029663378527503004,0.00020569635098966615,0.0004395432770252228,0.00029720829416557404,0.0001121956256305047,0.0006187930703163147,5.775223995221207e-06,3.544713799055933e-05,6.167590618133545e-05,0.00022248091700788342,0.000902477285039685,0.0009132707491517067,0.000492898467579786,0.0009946430118452088,0.000651058740913868,0.0006733044977461911,0.00042523999831316065,0.0015909522771835327
382,0.0009998789101882677,0.00010271501790014986,4.1857361793518066e-05,0.0007066692976752942,0.00021728180734303243,0.00027988292276859283,6.282407784830718e-05,3.47443363093363e-05,2.4780631065368652e-05,0.0003765257472853334,0.00037067212207534533,0.00011527910828590393,0.00036840561266202054,0.0009291921024553312,0.00020660832524299622,0.0004835701482482635,0.00021055361201718892,0.00035798922181129456
383,0.0005545761738569022,0.00012810622728285162,0.0006905905902385712,0.00030631153207696937,0.00029454580566466715,0.0005669128149747849,5.504127096847555e-05,3.0360604165899764e-05,4.634261131286621e-06,0.0005174208329075808,0.00015839472240965213,0.0005096746608614922,0.000677585209636733,0.0002316609961699051,0.000354057177901268,0.0011967336975894916,0.0006033206164567579,0.00014351680874824524
384,0.00011719555189484976,0.0001005119985009878,5.967170000076294e-05,0.00013709909810252774,0.0002508411785365344,7.504969835281372e-05,4.17133329880838e-05,1.433883583795031e-05,1.1958181858062744e-06,0.0002085876832006589,0.00027520635369533697,4.0835700929164886e-05,1.954926229563725e-05,0.00010713175567167443,3.198441118001938e-05,0.0008647798666558126,0.000296138012193215,7.969141006469727e-05
385,0.00060291525110856,0.0002860900056807329,0.00035945698618888855,0.0005823849249722568,0.00011296129474585442,8.934922516345978e-05,3.547386654853546e-06,3.709180134114454e-05,7.752329111099243e-06,0.0004531590131805624,0.000696989460741218,0.00029177218675613403,0.00035089649518542376,0.00021948119084711643,6.715208292007446e-05,0.0002505195381896641,0.0004626193327124113,0.00034716352820396423
386,0.0002557696646656171,8.321083925552294e-05,0.00041642971336841583,0.00047585884232620446,3.170118859825363e-05,0.0004315916448831558,4.754485380708412e-05,1.577849020298523e-05,2.9724091291427612e-05,0.0004298277401214995,0.00019590987087679534,0.00013773608952760696,0.0005427227323718253,0.00019910590280697305,0.00010950863361358643,0.0013666707759594499,0.0003240211268723252,0.0003642849624156952
387,0.00044284978507744266,0.00019370394150425643,0.00030276738107204437,0.0003164688295074214,9.546140130014744e-05,0.00038690678775310516,4.5581726126824734e-05,4.9053207878119035e-06,4.31649386882782e-05,0.0005404953829977188,0.00026311923829858835,0.0003059282898902893,0.000255467736859874,0.00021600455021767578,0.00023155007511377335,0.0010051919751262184,5.674367121727159e-05,0.0009240098297595978
388,0.00021746058379829014,0.00013588927975645773,0.0002516210079193115,6.219388264952497e-05,0.0001338114028979799,0.0001323297619819641,2.135513575587597e-05,1.5363424502922026e-05,1.5072524547576904e-05,0.00010856273079862255,9.162647391919992e-05,5.1223672926425934e-05,0.00012117139727244042,0.00020935701242114774,0.00013868510723114014,0.00015432734923465086,0.00019457983024043007,0.00039793550968170166
389,0.0011813742653046522,8.83695115363875e-05,0.0004519205540418625,0.0008636422243094022,0.0001792852113244557,0.0003760922700166702,4.011773987317932e-05,1.3776877518827037e-06,2.683699131011963e-05,0.0008603335313468741,0.0001103365090861369,0.00011111889034509659,0.000665383484691251,0.0003317780054921046,1.5125609934329987e-05,0.0017746151072101368,0.00024592574124094766,0.00018822774291038513
390,0.0003667398015315404,0.00015367318910507882,0.00016054697334766388,0.0003348990893846937,8.906312424999951e-05,0.0002209208905696869,3.920789517612017e-05,4.961829170969267e-06,2.278760075569153e-05,0.00033895196930064375,0.00044746068436603975,0.0002067824825644493,0.0004858242733430662,0.00035281184530799176,0.0001407880336046219,3.0677225096503724e-05,0.0001561121136253237,0.0005802176892757416
391,0.0002459657916766833,5.3213754598470386e-05,0.00034748949110507965,0.0004747722172926405,8.988465883441599e-05,0.0002577453851699829,5.006559137377478e-05,2.12469384178315e-05,7.9423189163208e-06,0.0005614169754933757,0.00017860495723459602,0.00010800547897815704,0.0007175079929674644,0.00032247994414079384,5.318783223628998e-05,0.00017339815499881062,0.00041515895295138674,0.0003400146961212158
392,0.0005779476495356706,0.00017965995673118254,0.00034518539905548096,0.0008181901600299857,5.078069863686738e-05,0.000430794432759285,1.7662403966906687e-05,1.0126482690845821e-05,2.9560178518295288e-05,0.0009081404747387917,0.0006140629516002069,0.0001845788210630417,0.001166321726793304,0.00025855152231550604,0.00010181311517953873,0.0010719942696343077,0.00022239842160004237,0.000506225973367691
393,5.8561906856269275e-05,0.0001659840791922683,4.751607775688171e-06,2.7209034477088112e-05,0.00015335802417460256,6.408244371414185e-05,9.499164878665894e-06,1.349976027782129e-05,9.6932053565979e-06,3.308271526630824e-05,0.00013420449167655252,0.0002551572397351265,0.0004607520530962167,0.0003451893640437423,0.00017531216144561768,0.0008083948519692352,0.00019058412850371672,0.00024870410561561584
394,7.209103564906338e-05,7.619894816486908e-05,0.000506063923239708,0.00015277674647090622,6.846360872528323e-05,0.0005014147609472275,5.0803146907495156e-05,6.456136659783811e-06,4.139170050621033e-05,0.0002577368631241084,0.00011564882173602936,0.0001269252970814705,0.0005360502556484015,0.00014862458499023679,0.0001343684270977974,0.0016867599793010946,0.0002810870131732966,0.00057167187333107
395,0.0006136768439060081,0.00019063061963385877,0.0001577436923980713,0.0005551855449962007,3.0460140636793392e-05,0.00031955353915691376,5.791119169656217e-05,7.1491826467321795e-06,1.0736286640167236e-05,0.00045426425350286737,0.0005941305178264258,5.31952828168869e-05,0.0004469837749148664,0.0005539662729283218,0.0001563485711812973,0.00010709188097107747,6.575224471445061e-05,0.00023170188069343567
396,0.00011751913957933069,0.00022053547330189507,0.00039578601717948914,0.0002854050092601923,4.5732132418548066e-05,0.00015348754823207855,1.910074459123695e-06,3.1461970051571285e-05,1.3414770364761353e-05,0.0002260393322786325,0.00020668149264788105,0.00033513735979795456,0.00012736344224285878,9.39190119630326e-05,3.17087396979332e-05,0.0008892452242049154,0.0005438288975854943,0.00015414506196975708
397,0.0001756510955092383,4.110724295048815e-05,0.0002256929874420166,9.49171999680698e-05,1.4292474988329001e-05,0.00037152692675590515,2.322708476059851e-05,2.7431347489098167e-05,2.1845102310180664e-05,0.00015522193363284864,0.0002981881956635041,0.000248173251748085,1.748664489548135e-05,0.0007954846022729944,5.289260298013687e-05,0.0004253429063383607,0.0004459775731672946,0.0004873834550380707
398,7.896912073526718e-05,3.126821230294702e-06,0.00022094137966632843,0.0001118832280315174,0.00011571702584849478,0.00023387745022773743,1.1429604316753189e-05,8.300187614661801e-07,2.6676803827285767e-05,0.00011727108608799997,0.0006700370666093483,0.0004948647692799568,0.00014080117624006017,0.0002311896092185156,0.0005066590383648872,0.0007178257604664451,2.3248923123503438e-05,0.0008421018719673157
399,9.379111587720645e-05,8.124246141390581e-05,0.00011926516890525818,0.0003152874943839479,0.00011705977876339327,0.0001470465213060379,4.1918275070267075e-05,2.99993226234797e-06,1.695007085800171e-05,5.397436314738546e-06,6.099394258630292e-05,0.00018402375280857086,0.0001585098347934577,0.0005702015759989978,0.00014290213584899902,0.0006673288779718289,9.459411911867058e-05,0.0006381385028362274
400,0.00035547508244668236,1.8604639422357266e-05,0.0004213210195302963,0.0003056982086668547,0.00029158947507502975,0.0004771798849105835,7.002689079387003e-05,2.0571381272341217e-06,3.3229589462280273e-06,0.0003195593656090817,0.00022350157421219957,0.0004250872880220413,0.00022326186589195773,0.00030304325929819687,0.00048641394823789597,0.0004454883880208038,7.647720505414676e-05,0.00022712722420692444
401,0.0002921760679827634,0.0001578261900769956,0.0001965947449207306,0.00048806731292797,0.00027191977241075235,0.00021096132695674896,1.3846717750662374e-06,1.893263206477003e-06,7.048249244689941e-06,0.0005146490285987682,2.1347652891336166e-05,8.572731167078018e-05,0.000509813934845435,3.3481022546223704e-05,7.038284093141556e-05,4.859728771794414e-05,0.0001641502082769127,2.1535903215408325e-05
402,0.00015768729661316816,0.00013905727260127634,6.620772182941437e-05,0.0002252967380057258,6.217569169739146e-05,8.751451969146729e-05,2.5017302808343078e-05,2.9049623784519385e-06,1.393631100654602e-05,0.00028886778051018247,1.540349238465799e-06,0.00036416109651327133,0.0005612077620936601,0.0003338536450514934,0.00036998745054006577,0.0009220851213090908,0.0001130280468426522,0.00044208765029907227
403,0.0004350121364629367,3.921925377532026e-06,0.0001842305064201355,0.000634482920845364,3.425102232919308e-05,0.00018774904310703278,5.311489255405838e-05,7.150798026273519e-07,9.723007678985596e-06,0.0005202246587390769,0.00032874460053352456,0.0001447172835469246,0.0008577570799018913,0.0006014637650510607,0.00015659909695386887,0.00047483334683853795,6.412272029833249e-06,0.00016843527555465698
404,0.00024250090914532119,2.3993099326938966e-05,0.00031510181725025177,0.0002781839181518475,1.0963661275641134e-05,0.0002454575151205063,2.483449173020652e-05,1.4472803554427987e-05,2.559274435043335e-06,0.0002718056272154046,0.0001743091361045626,0.00022752955555915833,0.0005485580481528751,7.77789589955849e-05,0.0001386040821671486,0.0005834535948623654,0.0002201149796821275,0.00020008906722068787
405,0.00015932105008392705,5.6835530054782923e-05,0.0004021208733320236,0.00035036674677571544,2.499658863773166e-05,0.0005325824022293091,6.71841539271259e-05,1.3526728114674462e-05,5.2716583013534546e-05,6.15461544395679e-05,0.0001676563506169751,0.0004822593182325363,1.827119754016504e-05,0.0001968364100155967,0.00032223109155893326,0.0007625346952361833,0.00033485617750410985,0.001386638730764389
406,0.0005628974864421155,4.045087635579786e-05,0.0002200547605752945,0.0003572725021895873,0.00010468744327852414,0.00032475776970386505,3.9569576894431246e-05,3.888434016544913e-06,1.3951212167739868e-05,0.000308893268324284,0.00012682181297889866,7.588602602481842e-05,0.0005008870552206807,6.534650270151321e-05,7.124803960323334e-05,0.00046054331185912956,0.0001040151872624261,0.0005299225449562073
407,0.0003485251574004977,5.96087471513608e-05,1.1796131730079651e-05,0.0005629923176863894,2.56441485006996e-05,0.0002108197659254074,3.947392326492452e-05,9.075454748729386e-06,2.0597130060195923e-05,0.0006884173072080335,5.3090670242242344e-05,0.000283997505903244,0.001310660324880683,0.0004663894704769189,0.000558885745704174,0.0012833557682017105,2.29950841092153e-06,0.0002891458570957184
408,0.00038544617573266216,0.00038399848718842153,0.00030364468693733215,0.0002663152017728654,1.9633232376390503e-05,0.00043289363384246826,3.034050300682739e-05,2.7454814929535825e-05,5.081668496131897e-05,0.00017359249340778704,0.0012077936361739108,0.00021707266569137573,0.0003023392781272005,0.00010756614591841962,0.00042808614671230316,0.001094478348623279,0.0005173136433233223,0.000653538852930069
409,0.0005835553512620051,0.00039156488328564304,0.00021918118000030518,0.00011124589254005168,0.0003578433353340696,0.0003685988485813141,0.00012605088552018404,2.3366347424760354e-05,1.71661376953125e-05,0.0008470084145957707,9.837697172835475e-05,0.00022411812096834183,0.000920707994309003,0.000204395512221546,0.0001422334462404251,0.002219876651450542,0.000314749751809867,0.0009776540100574493
410,0.0009695387170126912,2.9186727569751464e-05,0.000695548951625824,0.000915520054719482,0.0003257603188966951,0.0007117539644241333,3.2102784760235092e-06,1.4220542469239514e-05,3.573298454284668e-05,0.0008593525304926297,6.980231389100422e-05,3.867596387863159e-05,0.0010615423734464668,0.0010530049989080706,0.00013357773423194885,0.00039875951966253376,0.0002641224377340312,0.0016867630183696747
411,0.0006557581191721784,0.0002039445351441141,0.0006817653775215149,0.0011130631286143111,8.332749323455499e-05,0.0006443522870540619,8.643179615153151e-05,3.509209684742588e-06,7.034465670585632e-05,0.000399788243821822,5.884655035424957e-05,0.0004374636337161064,0.0005663362378592052,9.183268554735502e-05,0.0005273660644888878,0.0013302534340149663,8.086410665645184e-05,0.0011227838695049286
412,0.0001928485065577079,6.910287238803131e-05,5.74309378862381e-05,0.00018653713749852696,0.00014834269375998965,0.00023477338254451752,3.494233710973557e-05,9.802613795732094e-06,2.715364098548889e-05,0.0001696892488241425,0.00027919164904008364,0.0003975182771682739,8.003102176742938e-05,0.00010321814042774796,0.0006201034411787987,0.0006891288130770612,8.47318305280283e-05,0.00026980042457580566
413,0.0002952437490952309,0.00019082251506359615,0.0003662034869194031,0.00013491556647285408,0.0001133493664698948,0.00014638900756835938,7.159759789102105e-05,1.6657879079424326e-05,2.2202730178833008e-05,0.0005576382690766768,0.00031590882388157077,4.716403782367706e-05,0.0003631777686307486,0.0006077177653483617,0.0002225227653980255,0.0032889531937144723,0.00013553991396900644,0.00030188262462615967
414,0.0008712567969458018,8.883850061837742e-05,0.0005803536623716354,0.0005277151561518811,0.00012303707933696006,0.0007732845842838287,3.1028162222664774e-05,1.9990959362211746e-05,4.587322473526001e-05,4.316217931046862e-05,0.0004238861722147477,0.00041537731885910034,0.00021243452913907723,0.0005873749183558999,0.0003206199035048485,0.0025805876910635905,0.0004377012293021573,0.0016280002892017365
415,0.0007758346991683096,0.00012695172584110612,0.0010711681097745895,0.0008151092095432799,3.0182037868569517e-05,0.0012680049985647202,4.0081981322052235e-05,8.21368489197714e-06,0.00010651722550392151,0.000431404922896797,0.00034899306701622473,0.0005794921889901161,0.0009033394397696404,0.00021468164147812885,0.0004558628425002098,0.0005725566650612579,2.4947495404742176e-05,0.002161748707294464
416,0.0007752717081809801,2.7183856156475644e-05,0.0003063138574361801,0.0007283149398032152,0.000208916369931679,0.0003737732768058777,5.0324394512933635e-06,1.4514217507629506e-05,1.1563301086425781e-05,0.0008839320021474667,0.0009980719567229887,7.106363773345947e-05,0.0010948446240954535,0.0004060825497307699,3.3515505492687225e-05,0.0011571137542755738,0.00011051632657543874,3.2883137464523315e-05
417,0.0008931065047129705,0.00033922622679428277,0.0004452243447303772,0.00031082356028996894,0.0002806309355746321,0.00030689872801303864,0.00010097273518578503,6.504418605317948e-07,7.844343781471252e-05,0.0007019494245430469,0.0005904685992447201,0.0003407467156648636,0.0005801960856079841,0.0004959031767920313,0.0005762958899140358,0.0035846355823837273,0.00018444655092531427,0.001035451889038086
418,0.0007718380016040194,0.00020619756571692294,0.0002873372286558151,0.0008182091588187501,0.00014885404859969753,1.2489035725593567e-05,6.187438293562067e-05,3.794040053594662e-05,1.381710171699524e-05,0.0003586570225280611,0.0007227418344465941,0.0004247063770890236,0.0001066655022044366,0.0007555481034946243,8.574407547712326e-05,0.0004219238828969407,0.0006597900264216747,0.0011533871293067932
419,0.0007177608124436796,0.00028414513845091693,0.0004045329988002777,0.00016574830474214153,3.836088171602428e-05,0.00014410726726055145,0.00019163935666550655,4.263318876531624e-05,1.496821641921997e-05,0.000558517942111994,0.000999429593848522,0.0003190087154507637,0.00045000497919221727,0.00012447115584834217,3.541819751262665e-06,0.002451940510261874,0.00042334177019037094,0.00036606565117836
420,0.00012218226581045544,0.0004133857685318827,0.00027418695390224457,0.0004283930167310046,9.870244220108043e-06,0.0001410115510225296,6.964631988498268e-05,3.662905663181823e-05,1.7937272787094116e-05,0.0016315547935209368,0.0011682121855059527,0.0002124374732375145,0.001630914129235661,0.0006370333388937277,7.028598338365555e-05,0.0012270446819797054,0.0006714251256395572,7.406622171401978e-05
421,0.00018283767025917275,0.00030017425281572,0.0007458925247192383,0.00023347258674544236,4.7053443861206495e-05,0.0006026662886142731,0.00012070757722563649,2.4456453432471567e-05,7.550045847892761e-05,0.0006510934380484223,0.00040040432702306145,0.0005286494269967079,0.0005134279947017345,2.9753209617580656e-05,0.0007099555805325508,0.001187122190564771,0.0003995199665430163,0.0013846606016159058
422,0.00016998395799716626,0.00028851335397825015,0.00047164224088191986,0.000619262378674601,8.818174658116462e-05,0.00026926957070827484,0.00010949196447434043,2.5769883115199244e-05,3.901869058609009e-05,0.0010066101365911462,0.0007304679894854296,0.0004193577915430069,0.0004193503237624602,0.00017452101254729346,0.0006749602034687996,0.0012748506745537125,0.0004569432107057051,0.0003806203603744507
423,0.0002235550562417754,0.00022614404092793222,0.00022665411233901978,0.0001795517339644448,0.00013815717449915804,3.336183726787567e-05,8.695673669855547e-05,2.283821703367482e-05,1.720339059829712e-05,0.000795283730338131,0.0009478621577970331,0.00013288669288158417,0.0003461992804131009,0.00032254827930077584,0.000426669605076313,0.0005857155819841697,0.00033365837627884567,8.09989869594574e-05
424,0.00044166636598125253,5.986447758257046e-06,0.00018546171486377716,0.0004877066710898825,0.00014696471142148018,0.00018396414816379547,7.470746712097062e-05,3.1357859989789862e-06,3.0759721994400024e-05,0.0006554068387819717,0.00043941593221693415,0.00035658758133649826,0.00027302282914905274,5.986069384123632e-05,0.00031583476811647415,0.00012033382325443709,8.175674323568079e-05,0.0005484893918037415
425,0.0011713220841171879,0.00018853105810587648,4.7573819756507874e-05,0.0012493225566265198,0.00038619191092165855,0.0001425221562385559,2.3366114147146955e-05,1.9574989122254452e-05,2.32793390750885e-05,0.0008761037525544524,9.118053714940455e-05,0.00012572575360536575,0.0007410735620074077,0.0002275539194614984,3.480445593595505e-05,0.000848283541004774,0.00023760348057076251,0.0005112737417221069
426,0.0002643456184446835,8.775566586101402e-05,4.08124178647995e-05,0.00032232733558140714,0.00025442999332929775,3.0249357223510742e-05,1.0754772372920801e-05,1.5725489304034291e-06,3.4008175134658813e-05,0.0003219200912524256,0.0007914071580943233,0.0005261898040771484,0.0005556672151718345,0.0005725558671851941,0.0005653565749526024,0.00015468304902538366,1.572935523453528e-05,0.0007750578224658966
427,0.00046123407178130793,8.14921551477027e-05,0.00037588924169540405,0.0006061063241194486,2.9919317078609675e-05,0.00024284236133098602,2.4537610024619183e-05,1.6479487286226427e-05,2.7220696210861206e-05,0.0007716838649421964,0.0006046987410504509,1.9352883100509644e-05,0.000726136266961705,0.000771649143544495,0.00022867880761623383,3.8343346177860393e-05,0.0002882336004529575,0.0003445558249950409
428,0.000480407546194328,4.9021840590350585e-05,0.00011502951383590698,0.00068517571159038,0.00027464967023082404,0.0002428051084280014,1.8393791669974596e-05,2.3092922293112015e-05,4.000216722488403e-05,0.0005295809142531749,0.0002115878964710216,0.0005798172205686569,0.0006265896529232956,0.0010819129396673552,0.00040044449269771576,0.00012250466488133993,0.00039949071784711894,0.00040527060627937317
429,0.00044283264621414187,0.00015494043393794385,0.000182226300239563,0.0006356219446142508,8.071247243224278e-05,0.00017691776156425476,3.726934235277063e-05,2.2785222637356e-05,2.3309141397476196e-05,0.0005115410184593633,7.319793178622858e-05,3.0183233320713043e-05,0.00038383194958178934,0.00022615978853544882,5.154404789209366e-05,0.002406978753659361,0.0003901263270955312,0.00023375824093818665
430,0.0007325498359584959,0.0004365988624266022,0.00010388344526290894,6.831295739137544e-05,0.0001679430589838042,0.00039531290531158447,6.155853815258822e-06,4.988699016224366e-05,4.015862941741943e-06,0.00015229334421160146,0.00036532828261144623,3.492366522550583e-05,0.00014865257486085248,0.00010744931451309864,0.00034432951360940933,0.0006471215062867908,0.0007915546421828179,0.0002111196517944336
431,0.0013028300456822406,0.00016023390301321203,0.0003365948796272278,0.0007256680722270981,2.60721187407692e-05,0.00032278336584568024,1.2723647335562832e-05,8.025448763179983e-07,2.468004822731018e-05,0.0002821972383788285,0.00012102411757908965,0.00012171640992164612,0.0011823767606755492,0.00021245406906686415,2.7089379727840424e-05,0.0008040563946596357,1.649928962053405e-05,0.000722445547580719
432,0.00031468963928280025,0.00014692057146133142,0.00027631036937236786,0.00019511276998826488,7.379350644727556e-05,0.0004960335791110992,1.6870696283779324e-05,3.081665697814864e-05,5.770474672317505e-06,0.000819899069989749,0.0001974028878298298,0.0001423778012394905,0.0008673197283270151,8.921745888108151e-05,0.0001572510227560997,0.00011955797130999701,0.0005120829135814551,0.00044677406549453735
433,0.0006568355348595678,0.00021092885781017617,2.053007483482361e-05,0.00021201241610030452,5.088681834863884e-05,3.892742097377777e-05,4.29730307230404e-05,1.9394977824049186e-06,4.235655069351196e-06,0.0003729125061176508,0.0006906340830485774,0.00010208599269390106,0.00045331796607360475,0.00042252169723892147,0.00012379884719848633,0.0009605882932961218,0.0001570717032945213,0.00018941238522529602
434,0.00044069235024796205,0.0003434391936072527,0.0006356406956911087,0.0004932124679185856,0.0001707220750708227,0.0007524136453866959,2.3285295873431283e-05,6.331139648301716e-06,3.804638981819153e-05,0.00010613162448790125,0.0005998096712575979,0.0001970473676919937,0.0003515054134824447,0.0009226318380221657,8.423253893852234e-05,0.0006172004815337973,9.767918760821958e-05,0.001330200582742691
435,0.00014902591900944895,0.0002541357286332917,3.931857645511627e-05,0.000138068336047098,0.00015582851130237912,0.00011582300066947937,4.9495887308181885e-05,1.575667083838238e-05,4.6156346797943115e-06,0.0001733713000952597,0.0003097251039335877,0.00018976442515850067,0.00029098464214852293,8.935163433943655e-05,1.12876296043396e-05,0.0008097215782153777,0.0001483697312184549,0.00043084099888801575
436,0.0001736158695895551,0.0001437275153085213,0.00010398775339126587,0.00029249844055648233,8.626858206770699e-06,7.05961138010025e-05,5.395455552720946e-05,3.868065629757052e-06,2.520531415939331e-05,0.00026640699772086107,0.0002761320566300324,2.94586643576622e-05,0.00022010932757204893,0.00017989737533577466,7.342547178268433e-06,0.00146322769651841,2.100028486633947e-05,0.00011923164129257202
437,0.0008468687161750088,0.0001151392257313956,0.00041784532368183136,0.00087488090351312,4.696307098222066e-05,0.00036221928894519806,4.023000627677298e-06,4.528037634428947e-06,4.313141107559204e-05,0.0009856009308990832,8.727628701196699e-05,0.00020168814808130264,0.001073219645104262,0.000715180728898146,0.000269424170255661,0.0016055941213202751,1.3396520006074379e-05,0.0001401565968990326
438,0.00044341650948090394,0.0002764952197041211,0.0007553119212388992,0.0006406737306886567,7.573938359269408e-05,0.0008001308888196945,5.845221611167073e-05,6.671696011848204e-07,8.647143840789795e-05,0.000961189238678356,0.00017139772301656697,0.0008082138374447823,0.0009464101634238525,0.0011690801849376306,0.0007305778563022614,0.00259692897914951,0.00013908853265866012,0.000948689877986908
439,0.0005843576176095822,0.00010284368874245026,0.00028023868799209595,0.0006076646826949639,1.3463277371159044e-05,0.00019374117255210876,1.5287177075041375e-05,5.931041071159773e-06,1.757591962814331e-05,0.00014447465017423944,0.0008692351831837072,0.00017356965690851212,0.0002382380477671392,0.001245508239949275,0.0003326134756207466,6.709668752505338e-05,6.750058231976106e-05,0.0014187432825565338
440,7.850790452743062e-05,4.6435911500841004e-05,0.00026886723935604095,0.0001154501362328475,9.194193330175002e-05,0.0003070123493671417,3.4007559829497824e-05,2.8371023307386094e-06,2.9496848583221436e-05,0.00012494978430187265,0.000391044851923171,0.0003876620903611183,4.1895503679167945e-05,0.0005405069602954782,0.0003366507589817047,0.0003597664328159611,8.552209092203096e-05,0.0008721910417079926
441,0.0003068631714724379,1.5222677994451012e-05,0.00034030526876449585,0.00021383634687943687,5.330660475428434e-05,0.0003444477915763855,5.229851857945639e-05,5.712213952212394e-07,4.486367106437683e-05,0.0002986560749507483,1.9119195796106492e-05,0.00035676173865795135,0.0003807206030178867,0.00025426417624977576,0.0003816336393356323,0.0006820434008524556,0.0002560996848871909,0.0006139129400253296
442,0.0008049303742530822,2.8969016205627335e-05,0.0002625025808811188,0.0005516110266786667,0.00031356327121775593,0.0003395993262529373,0.00010500923780325591,1.4323654759174184e-05,4.026666283607483e-05,0.0013609239955193614,0.00037004657799521307,0.0004397239536046982,0.001018527018568527,0.00076649881935896,0.00039152801036834717,0.0007913712576495258,0.00014232740113422418,0.0007093213498592377
443,0.00022768909926199066,9.884019493239943e-05,1.339055597782135e-05,0.00031494966299469573,6.118795024697907e-05,1.078099012374878e-05,4.567932593846358e-06,3.39386983778838e-05,6.847083568572998e-06,0.00033551922702364234,0.0001512653452784979,0.0003879545256495476,0.0013312803093351866,0.0007468073420746624,0.00033299345523118973,0.0004082221355061477,0.000545849324848803,0.0005955435335636139
444,0.0006001763682166039,5.31027328636649e-05,0.0008482988923788071,0.00043409638341129764,7.616657369751909e-05,0.0008995458483695984,2.1287840725851825e-05,1.4784271571403196e-05,4.4129788875579834e-05,0.0006759360086886351,0.0009419329698384313,0.00036007724702358246,0.0007985993256518359,0.0004369060476503081,0.0004256078973412514,0.0011855332249626482,0.00020447160268321466,8.9988112449646e-05
445,0.0006242940115066542,0.0002855501971380271,0.0006924215704202652,0.0003256172716898931,3.71306002203628e-05,0.0008451920002698898,8.430187321816635e-05,2.1982044061933336e-05,6.213411688804626e-05,0.0006370752166282162,0.0009004195911526056,0.00022345874458551407,0.0010207593568537232,0.0012340730156478255,5.381833761930466e-05,0.0015537911966643225,0.00047954714265899213,0.0003182739019393921
446,0.00041982146432090195,9.624884360991126e-05,0.0001520346850156784,0.0004222302815318213,2.4081145024196227e-05,0.0002371426671743393,7.771623422260163e-05,2.0657168169914506e-05,1.6108155250549316e-05,0.0002693125665968049,0.0006194199245012771,0.00030798278748989105,0.0003939469685941138,0.0007542187683075643,0.00016155466437339783,0.0010029228970330206,0.0004294817906445169,9.673461318016052e-05
447,0.00013888580619408897,0.00011801517536395509,0.00019123591482639313,0.00031762988239592005,7.386391906289216e-05,0.00020368210971355438,8.492311536838562e-05,3.5065398912000143e-07,7.167458534240723e-06,6.404096878798171e-05,0.0005135720709972119,0.00018636789172887802,0.0005565153470189627,0.0003907169284816936,0.00014726631343364716,0.0012106206378910134,1.825560073580464e-05,4.941970109939575e-05
448,0.0008014044006543486,9.701894719575666e-05,9.349733591079712e-05,0.00036345516009711476,0.00023730493943181774,1.6003847122192383e-05,6.823183432662361e-05,1.186151311802077e-05,4.26173210144043e-06,0.0008502526810493793,0.0007215623647089872,7.643923163414001e-05,0.0004727088414546582,0.0005473859492900884,5.362648516893387e-05,0.0004911924544777901,0.000370620685644968,1.992657780647278e-05
449,0.0007704787946746505,8.6945674874217e-06,6.65709376335144e-05,0.0002619471271506635,0.00015300317182754403,1.6553327441215515e-05,5.762635521073742e-05,6.367193644200367e-06,8.761882781982422e-06,0.0005010910628175241,0.0003431886297771414,0.00017250701785087585,0.0004811499230187727,0.0007139440702749814,0.00027215760201215744,7.723077845578352e-05,0.0002357521265309037,0.00040035322308540344
450,0.0006250446174745072,7.532455415074427e-05,0.0003396216779947281,0.0007006016095068013,0.00015433928180074927,0.00027931854128837585,3.1335651578395796e-06,4.573105950472122e-06,3.7904828786849976e-05,0.0005991725608052029,0.0003963791228120475,0.00032775476574897766,0.00039265569084687146,8.925534590018686e-05,0.0004083653911948204,2.388194246003006e-05,0.00011081534484074732,0.000795263797044754
451,0.00024674749915420957,0.00011566319609846235,0.0004410054534673691,0.00021845532196987372,0.00012682618180007155,0.000231817364692688,4.6441113938443246e-05,1.6577387710095732e-05,2.0645558834075928e-05,0.00046419762936464326,0.0002767122781336534,6.136856973171234e-05,0.00020683254152409347,0.00018740398477416764,0.00021248683333396912,0.0004415797521995779,0.00013131947345272773,0.0005807876586914062
452,0.0008453835918598718,8.374658382120925e-05,0.0007822271436452866,0.0013831065279761023,6.648887324558692e-05,0.0009127799421548843,8.033288424729237e-05,2.181180353843059e-05,7.520616054534912e-05,0.0012064277160712955,0.0007427797747995707,0.0004130154848098755,0.0013720617003101787,0.0008734597627822818,0.00022605620324611664,0.002232454899244729,0.00034019825270093754,0.0006517581641674042
453,0.0005020877950472902,7.451279952439688e-05,0.0005830638110637665,0.0006972378397982204,0.0002704782912522387,0.00073213130235672,0.00010957412564548824,3.096493539073988e-05,6.745755672454834e-05,0.0006833895180561878,0.000916270854533989,0.00031629856675863266,0.0007712183420711671,0.0006665878331123323,0.00012603402137756348,0.002004834941776279,0.0007139065514235089,0.0007400289177894592
454,0.00011259057220780466,0.0002701151138411982,6.5583735704422e-05,0.0004743268349774732,0.00019207656814472507,0.0001600794494152069,3.912100074576763e-05,1.3387881612872697e-05,1.1958181858062744e-06,0.000423951977392964,0.0010882472837664345,1.026783138513565e-05,0.0006824460354422357,0.000928169190000383,0.00010567344725131989,0.00011506814958353595,0.0002731079014270338,0.000438787043094635
455,0.00013211204884114314,1.1494461494267194e-05,7.146038115024567e-05,0.00022549846034755627,0.00024413194035766486,0.0001317691057920456,2.879273927306955e-05,1.840858226388952e-05,6.996095180511475e-06,0.0003131161000272248,0.00010545580918577824,2.5508925318717957e-06,0.0004890776336023278,0.0001732672617069872,0.00012047681957483292,0.0014428447911794817,0.0003306654182107881,5.587935447692871e-08
456,0.00043026000431001243,9.224518900039641e-05,0.0003984924405813217,0.0008524974679774977,0.00018723881314336444,0.0004420895129442215,4.964487445112756e-05,1.703583040164255e-05,7.135048508644104e-05,5.693493375470704e-05,0.0003626339699431269,0.0009940220043063164,0.00017161832699734425,0.0008485389784286049,0.0008781189098954201,0.0006018232081692609,0.00039707531396868383,0.0014017410576343536
457,0.0016097453728170785,0.00023758427887583464,0.0007450170814990997,0.001790323366350044,0.00048756864808689043,0.0008052699267864227,0.00016499738104864756,2.3070622233648647e-07,7.295235991477966e-05,0.0008265556260861479,0.00013859475419403938,0.00018936209380626678,0.0016644118623224957,0.00048776413099657634,0.00013668090105056763,0.0020558149396012193,9.718681819405155e-05,0.00082402303814888
458,0.0005645099284797839,0.000270208782978041,0.0005377866327762604,0.0005754915534245675,2.0211723998568576e-05,0.0006462112069129944,0.00013274202921607567,1.772330331451896e-05,6.720796227455139e-05,0.0005968940371567782,0.00035401201672122934,0.0005171820521354675,0.0008224922081774833,0.00030092596256254406,0.0003214087337255478,0.0018777558854726484,0.0002600048472415806,0.0008852928876876831
459,3.6633677648056917e-06,0.00022426920963080146,0.0002719219774007797,0.00010432137754409765,9.667138005365131e-05,0.0002853497862815857,7.54931242131305e-05,8.782417119717359e-06,1.6242265701293945e-06,1.0769399787211031e-05,0.0005545849965742505,0.00012149475514888763,4.282565025720553e-05,0.00013022956363994281,0.00020495057106018066,0.0011684194957463367,0.00011988389852048858,0.00027702003717422485
460,0.000743282603191453,0.0005200290431834759,0.001073099672794342,0.0012425621139793563,7.795315884627854e-05,0.00129670649766922,0.00010308417324857329,3.6919963742888286e-05,8.074566721916199e-05,0.0007963178812091798,0.0010003486525636401,0.000811288133263588,0.0012887801128151216,0.0011121853814554453,0.0005086716264486313,0.0019985436652963373,0.0005775273550508032,0.0009630173444747925
461,0.0006423250313747353,0.00028107956501914264,0.0007808264344930649,0.0009864107847518122,4.982960140349768e-06,0.000921785831451416,8.888206923496518e-05,2.3078201586097477e-05,4.328787326812744e-05,0.0006408921532856937,0.000679885675921775,0.0004180958494544029,0.0006430778545237631,0.0005965994822082973,0.00021558813750743866,0.0012028986837279154,0.0004151193263686366,0.0005202256143093109
462,0.00015169777155005226,6.308676883762243e-05,0.00013186223804950714,5.917467192628756e-05,1.690837305300466e-05,9.932927787303925e-05,5.979825531066997e-05,3.184393058301639e-05,3.658607602119446e-05,0.00022482407098996238,0.0004576195050136275,0.0001392662525177002,0.0001010428020905979,0.0002996127704811141,0.00043815746903419495,0.0005172655875715082,0.0004286204179570672,0.0007114298641681671
463,0.00030074491687681615,0.00012505602343881872,0.00023947656154632568,0.000604054197804238,6.596891750808298e-05,0.00011866353452205658,0.00012422012185377834,5.269300239094907e-05,2.711266279220581e-05,0.00026272219768738725,0.0003472784206776172,0.00016721989959478378,0.00027747804728248116,6.001620160465959e-05,0.0005878955125808716,0.0004739642564695057,0.0007430408900819681,0.0006642043590545654
464,0.0004600382052248331,5.668256374809916e-05,7.493607699871063e-05,0.0001622908698362402,3.979916734803829e-05,0.0003061145544052124,1.0215618010501332e-05,4.0246959850407185e-05,9.559094905853271e-06,0.0004375277306510744,0.0005454040478196434,3.721844404935837e-05,0.0005986514284309352,0.00010718253318998255,0.00023291539400815964,0.0012493745900330477,0.0005383414226473088,7.164105772972107e-05
465,0.00045036824269947817,0.0003560854378073276,0.00027257390320301056,0.0013571132766334593,0.00011541478340223316,0.0004438105970621109,1.2429442416091174e-05,3.1532823513477756e-05,3.5859644412994385e-05,0.0010751542533901648,0.0013512802104359012,0.0004575764760375023,0.001379543299369665,0.0014076075125708867,0.00023408886045217514,0.0006813232214854248,0.0004563259940538432,0.00014428049325942993
466,0.0001529791410687098,0.0003183018932909204,0.00012886710464954376,0.0007708295300441481,0.00019058927261252426,0.0002182796597480774,1.0340955896716991e-05,2.5654673778986633e-05,4.138052463531494e-05,0.0005604809880460637,0.0002215236213460453,0.0007428908720612526,0.0006750095652883065,0.0006133053019864929,0.0006795218214392662,0.0002508999938710399,0.0004459473091906667,0.0006989650428295135
467,5.3163074169193525e-05,0.0002761702681770978,0.00012067519128322601,0.0002089164216221573,0.00018638767101943413,0.0002839788794517517,5.726255519304668e-06,2.894574589184582e-05,2.2329390048980713e-05,0.00033587550460922877,1.192229506090381e-05,0.0006185229867696762,0.00013138048961759685,8.519741426130795e-05,0.00045464280992746353,0.0002013509537809599,0.00040207544553948096,0.00047137588262557983
468,4.800841959703983e-05,0.0003228966353588589,0.00017490796744823456,1.3974730099786115e-06,0.000306064109836475,0.00035626254975795746,4.902044731234026e-05,3.7552129147396006e-05,9.015202522277832e-06,0.0003199566579544788,0.00042867409839696113,0.00041122082620859146,7.824892647664838e-05,0.000383566204622203,0.00019426364451646805,0.000473716917865602,0.00047591843266723633,0.0002679377794265747
469,0.0004598803911919913,0.0001378378502782801,0.00022654607892036438,2.4648233905189e-05,0.00038096769056210344,9.13962721824646e-05,0.00013088951710564858,4.289484878710641e-05,3.7364661693573e-06,4.1931349417739794e-05,5.6265692845343385e-05,0.00034358911216259,0.0005157519099531216,0.00030828712933609476,0.00020019151270389557,0.0011761418405209223,0.0005123986081096675,0.0003256499767303467
470,0.0005820577215056577,6.049919420916122e-05,0.00029102154076099396,0.0001731725541671003,0.00033383628338546495,0.00017686747014522552,6.109298540117256e-05,1.2818860349817212e-05,1.9982457160949707e-05,0.0002585133044036153,0.0002100055794614572,7.096584886312485e-05,0.0007231022705466161,0.000563357192038691,0.00027063582092523575,0.0005889755202845293,3.65448312019713e-05,0.0007411465048789978
471,0.00023605309135868446,4.314148850569771e-05,0.0006193481385707855,0.0007997185626048009,0.0003377371657326336,0.0004687327891588211,1.5428175114996778e-05,1.732850319373895e-05,5.780905485153198e-05,0.0008114282455160965,3.876667259269939e-05,0.00037988554686307907,0.0006689896871825141,6.436292162029233e-05,0.0006235130131244659,0.0006747439599404104,0.000294237673420239,0.0010451115667819977
472,0.000356137804987694,0.00010325572158392804,9.111687541007996e-05,0.00027267109295536773,6.719711451146429e-05,0.00013385526835918427,1.8976760436974216e-06,2.013665497644176e-05,2.2705644369125366e-05,0.00023910697695350702,0.0009149271236232395,0.0003030886873602867,1.6792430586456963e-05,0.00010159422155640169,0.00027178041636943817,0.00010716785860698241,0.00037340181318640166,0.0006280690431594849
473,0.00039571801052121214,9.734447432167143e-05,0.0005011558532714844,0.0007009360249408403,0.00013592811328765747,0.0005448944866657257,5.236307503214688e-05,3.460977638287244e-06,4.727393388748169e-05,3.6407864891993547e-05,7.341458959169572e-05,0.00035999156534671783,0.00045320532663958857,2.9838590101395612e-05,0.0003526676446199417,0.0012689215274985233,0.0001308319158848869,0.000733792781829834
474,0.0005982972472127202,7.83478292030633e-05,0.00014816410839557648,0.000844742440212487,0.0002202518045871689,0.00012677349150180817,2.5212842486049825e-05,1.3876485769419007e-06,3.750622272491455e-05,0.00027303305516436505,0.00025439174630803585,0.00034814514219760895,0.0011552621701658577,0.0006919324110835762,0.00039018504321575165,0.00010673949364309321,3.5131432173140034e-06,0.0002264752984046936
475,0.0004952293505942618,0.0003357785741394878,5.890056490898132e-05,0.0005072003899622979,0.00023458776977492227,0.0001869387924671173,8.212787833949964e-05,3.204850541669465e-05,3.1892210245132446e-05,0.0003396876604334631,0.0007108415510984206,0.0002994593232870102,0.0005685726008084896,8.509724234447014e-05,2.415105700492859e-05,0.0003494964121066313,0.0006106657842208968,0.0007319487631320953
476,0.00030837801333905013,0.00011907795469470392,0.00030933693051338196,0.0005382282162819663,1.2640736676804154e-05,0.0003992002457380295,0.00011832122145894255,3.6244055620064273e-06,5.409121513366699e-06,0.0004068170304693669,0.0005617901492449562,0.0002904115244746208,0.00033756783679536606,0.0004312008825229155,0.000423165038228035,0.0013521868782734592,7.42351974467384e-05,0.00012893974781036377
477,0.0002221283225966597,8.404197537511052e-05,0.00022952817380428314,0.0005980936643127377,0.00014952822821303127,0.00012075714766979218,1.6337635846075393e-05,1.610151950968489e-05,1.405179500579834e-05,0.00043541124877000126,0.0007258695008349469,0.00022040773183107376,0.0011425929684107522,0.0007327924163141111,0.00012625474482774734,0.001109274431233681,0.00025883464774479736,0.0007948838174343109
478,0.00028948461751271415,0.00020728606455658674,0.00012072175741195679,0.0007035149566735344,4.574931410440686e-05,0.0002670604735612869,8.805431066426228e-06,2.006164765368373e-05,2.6598572731018066e-06,0.0004989229828617908,0.00024734982454055476,0.0001543331891298294,0.0009732472121492947,0.0009528045119945455,5.093403160572052e-06,0.0007848050273569218,0.00038133017281540634,7.770955562591553e-05
479,0.0006512785485784378,0.00024857030062666596,0.00014219433069229126,0.0006199417960373876,0.00018707924454106767,0.00024029798805713654,7.504274319856952e-06,1.5335333607730038e-05,2.362951636314392e-05,0.00039503508201135795,0.0001963793344953238,0.00033099669963121414,0.0007814984305394707,0.0008138874684652103,0.00021165329962968826,0.00048203481830408346,0.00022204346665771584,0.0004784800112247467
480,0.00012589958525940914,9.741989296288209e-05,0.00012003816664218903,0.00030014739916792155,3.834464035710333e-06,0.00014045275747776031,2.448439286171361e-05,4.0211084720376885e-06,3.225356340408325e-05,8.033741391907934e-05,0.00010749370232565614,0.0003061331808567047,8.595651613109434e-05,7.515552992658214e-05,0.00022706203162670135,0.0015276242874410761,9.448881566230375e-05,0.0003154389560222626
481,0.0006927331120095692,6.456296735800338e-05,0.00022961758077144623,0.0006746220380770551,3.992171795283439e-05,0.00028537772595882416,8.812721035744361e-05,1.6958435643201197e-05,4.5165419578552246e-05,0.0012148681163910574,0.0007211924145573562,0.0006358399987220764,0.0014977138335214996,0.0004940951036333865,0.0005344413220882416,0.0005983747432531938,0.0002667088754517164,8.56444239616394e-06
482,0.0002656956124206522,0.0001961662184842318,0.00017547979950904846,0.00018634136118089728,9.766219926352071e-05,2.2798776626586914e-06,9.579312107793614e-06,1.793534453852256e-06,3.248825669288635e-05,0.0007196888791261014,0.0006853208496888363,9.257346391677856e-05,0.0010032443606652341,0.0007407385146874154,0.00036224257200956345,0.0007027656989536668,0.00011952194403777399,0.0007414296269416809
483,0.00012124720792988652,6.968442754970439e-05,0.0002949424088001251,0.0001979255568923255,9.710734867597257e-05,7.968395948410034e-06,6.354215985106618e-05,2.18034091714331e-05,5.435198545455933e-06,0.00047854239995374914,6.799375035417693e-05,0.0005102874711155891,0.00010826477118508482,0.0005419715670960251,0.00011703744530677795,0.0010815926123811104,0.00027837401596558006,3.854185342788696e-05
484,0.0003197077965803874,7.290001850386585e-05,0.0002573542296886444,0.0003748432334162166,1.3434970209495745e-05,0.00027436576783657074,3.299119918909188e-05,7.270483428315313e-06,5.953013896942139e-06,0.00040204716978567423,0.0009802961617289621,0.00015570595860481262,0.0002296223482077253,0.0009761233566497537,0.00015179160982370377,0.000600932314320235,6.0145595980922546e-05,1.1824071407318115e-05
485,0.00016788278301155257,0.00021658901277329945,8.01384449005127e-05,0.00013141527123480823,0.00010519510704855642,0.0001704096794128418,9.763080468377927e-08,1.6860489174583867e-05,2.5331974029541016e-06,0.00041495460266328943,0.0007901461936571028,1.0545365512371063e-05,0.00031724573207786433,0.0003909578635352337,9.756162762641907e-05,0.0008386719424218203,0.00019922697391123447,0.00014729052782058716
486,0.0002573901398682521,0.00042857162674959925,0.0003881976008415222,0.0006217205356237321,5.666244225901312e-06,0.0005805939435958862,6.574879368915695e-05,2.456277738726082e-05,5.187466740608215e-05,0.00036156941768936135,0.000872485163342096,0.0006135758012533188,0.000745937204102945,0.0010647689728555051,0.0003728652372956276,0.0016537067984757625,0.0001824926540530342,0.0008691102266311646
487,0.0001414364825313985,0.0006157109472211125,0.00020978599786758423,0.0006104534043942234,7.38495401106827e-05,0.0005183983594179153,1.2052328975317717e-05,3.6939107828593676e-05,1.5888363122940063e-05,0.00036511410787003207,0.0013495764308986344,0.0006206873804330826,0.00035449581887884996,0.0015249667801016942,0.0002283100038766861,0.000245683422557319,0.00037746397219933945,0.00031062960624694824
488,0.0002623551736734564,0.00032313811075195334,0.0001272447407245636,0.0003353695217013508,0.00031794527503228864,3.777071833610535e-05,2.125883337841805e-05,3.612286160519353e-05,2.533942461013794e-05,0.0003274479662581792,0.0006961531516261193,3.9880163967609406e-05,0.00026907905030665313,0.0005243572411286826,0.00021957047283649445,0.0006362720058057103,0.000618987322750608,0.0002562291920185089
489,0.00028409511883639715,0.00021368435344232967,0.00034724920988082886,2.1857443739614624e-05,0.00016955523269150674,0.0001902058720588684,1.1772004468675601e-05,2.9946797272579378e-05,2.5134533643722534e-05,3.195531176947153e-05,0.00011829015165481377,8.915085345506668e-05,7.425646525784091e-05,0.0002806317217446397,0.0002784794196486473,0.00020994161225232344,0.0004381600337742646,0.0002543888986110687
490,0.0003669169135989414,8.935536385752674e-05,9.67513769865036e-05,0.0004037329212645824,0.00010259394850437725,2.0097941160202026e-06,2.495995852015015e-05,1.2526815991629933e-05,1.938268542289734e-05,0.0006578389367696558,0.0005362709989316233,0.000125763937830925,0.0003639788933052779,8.540443570453915e-05,0.0002103867009282112,0.0006420835082073806,3.7306165147568335e-05,0.00013171136379241943
491,0.0003042754344111387,0.0003600784317112707,0.0004563499242067337,0.00020342367207717982,0.0001336841436209643,0.00033448077738285065,5.6274183068570974e-05,1.8334942235376315e-05,5.342066287994385e-05,0.0007223072759156429,0.0005519911839988664,0.00012846291065216064,0.00064791803177211,0.00011588586492267128,0.0002148561179637909,7.05161778361274e-05,8.394691701067995e-05,0.0005401931703090668
492,0.0002566485022879039,0.0004189326391789497,0.00046019256114959717,0.0002808644417746087,0.0002719910698910921,0.00034460239112377167,8.86070123449368e-05,2.559726184257855e-05,5.634874105453491e-05,0.0003570305906760163,0.00022125098418289413,0.0002582455053925514,0.00021799650254501757,0.00042808870552882294,0.0003421185538172722,0.0007200211017418523,0.0002972949225216006,0.0010996721684932709
493,0.0004660152464780465,7.92120794674521e-05,0.000367848202586174,0.0002927116215016845,7.889031001142091e-05,0.0003033652901649475,4.16601392278608e-05,1.5822716160628845e-05,4.3120235204696655e-05,0.0003182343666404547,0.0002435095569453885,0.0004274267703294754,0.00011744307834689327,9.119930326603742e-05,0.00047750305384397507,0.00010194462392748571,0.00015283613733823665,0.0009488947689533234
494,0.0002569388454623234,0.00023488983956502021,0.00013336725533008575,0.00035369503287296933,7.77201878047612e-05,1.9390136003494263e-06,4.082242418848234e-05,2.943671369824881e-05,1.4990568161010742e-05,0.000244955184475773,0.0006921572040863924,2.7694739401340485e-05,0.0005891414680060103,0.0006616940824121023,0.00017446931451559067,0.0005039153439295729,0.00028738960925093517,0.0004725232720375061
495,5.383905288613988e-05,0.00016454806868362523,4.826299846172333e-05,0.00031946076489589026,0.00010329962557183506,0.00013669393956661224,1.1317013103976509e-05,1.2661715410660989e-05,1.5564262866973877e-05,0.00015546751334120923,0.0006907206029757723,0.00022340845316648483,0.0002552678925136359,0.00039081177203227624,0.00014531146734952927,0.00023150535435856323,7.563911969124385e-05,0.0001723840832710266
496,0.0004114794896130092,0.0003321168274976194,0.0005504246801137924,0.000830268469107498,2.10811829101272e-05,0.00032547861337661743,7.551686173123962e-05,2.4391353165525108e-05,3.412365913391113e-05,0.00022976704654935343,0.0007282381504600116,0.00014091655611991882,0.0009709419028699068,0.0010698301564758955,0.00017151515930891037,0.0007447574809378299,0.0001575547732047824,0.0008594691753387451
497,0.00037569003943682677,9.097207706708701e-05,0.0007148943841457367,0.000696548030944516,8.988904398199091e-05,0.0006932392716407776,0.0001823398613883618,1.0798518655545121e-05,7.887929677963257e-05,0.00011892832710223844,5.471067295902132e-05,0.0005311314016580582,0.00018062347058248052,9.28411254887615e-05,0.0005514519289135933,0.0022292449024978456,0.00013512533828557234,0.0011317133903503418
498,0.0010258745407901448,0.0002446344719470375,0.00029357708990573883,0.0010576385656246023,0.0004255363179360948,0.00032412074506282806,7.415415492421397e-05,3.0140392374430425e-06,2.4374574422836304e-05,0.0006334081512610751,0.000720831624352429,0.0001914147287607193,0.0007388940973760555,0.0011749442451091663,0.0001590074971318245,0.0005567469640873068,6.940788408894838e-05,0.00030232593417167664
499,0.0004876036736438383,0.00011830776971640672,0.0006077159196138382,0.0004067118695321448,0.00018957330944375378,0.0005928706377744675,6.176032778533458e-05,5.993109266264502e-06,2.4616718292236328e-05,0.00043496279500662705,0.0002443748725868694,4.8640184104442596e-05,0.0005013944811641385,9.629047212458136e-05,6.711576133966446e-05,0.0014206084798782936,3.9940552136717234e-05,0.0002574846148490906
500,0.000770266595562813,0.00024470862652611197,0.0007046181708574295,0.0006899050708810417,9.095393878287214e-05,0.0005660019814968109,3.8031381141567094e-05,1.901068977685908e-05,4.976987838745117e-06,0.00010621096943558284,0.0007833279561056464,0.0004913732409477234,3.3515676116813164e-05,0.0004333885053317832,0.00032383203506469727,0.0009145358353388477,0.000247113615646846,3.468617796897888e-05
501,0.0007277610599930595,0.000148121418449082,1.716427505016327e-05,0.0004961172680754411,0.00012164098464518061,2.2327527403831482e-05,6.599064449912956e-05,9.800975115780298e-06,8.624047040939331e-06,0.00023639743926907875,0.00011598335128625709,4.118867218494415e-05,7.984466213378782e-05,0.00019267270851042184,4.050973802804947e-05,0.00114004102618806,8.191114804350394e-05,0.0004287250339984894
502,0.00032729659741670414,9.724344613458447e-06,0.00036819465458393097,0.0008769844964274798,7.874963936626428e-05,0.00014118105173110962,5.9114355813533886e-05,1.3011576312619319e-06,2.438575029373169e-05,7.801810144658639e-05,0.00024310381268835557,2.5987625122070312e-05,0.0002689207986877329,0.00015979402238947699,0.00020763929933309555,0.0010974882211580994,3.673822513773975e-05,0.00037010759115219116
503,0.0003044681435530605,0.0001503376539402669,0.00021529756486415863,2.1803058271929743e-05,0.00012493226432645083,3.2473355531692505e-05,1.2701807397475645e-05,2.6730901786213123e-05,1.948326826095581e-06,0.0004366321061059497,0.0003791178859840205,0.00019364617764949799,0.0003566783225985998,0.0004071585398307334,9.339861571788788e-05,0.0004987456541098167,0.000287009822342986,6.018206477165222e-05
504,8.192172537246911e-05,2.086444892513903e-05,0.00022485479712486267,0.00018689814262340398,0.00012263841385450058,0.00017604045569896698,5.504176425035617e-05,1.0283717445835525e-06,6.385147571563721e-06,0.0007362792379377731,0.0003246418771363918,0.00013627856969833374,0.00046349348919323685,9.498912754639377e-05,9.638536721467972e-05,0.0005944210749056766,7.723012874576792e-05,8.637458086013794e-05
505,0.00010110641840774259,8.438662840186406e-05,0.00010854564607143402,0.0005345842345243212,0.00012589582612082886,0.00027742795646190643,1.986610505762265e-05,1.3954556875064164e-05,3.620609641075134e-05,0.0007610175049348744,0.0003866359166963332,0.0005526850000023842,0.0007577400384176647,0.0006014183499376477,0.00039141997694969177,0.0007534425048667803,0.00018315046416946608,0.0009449273347854614
506,0.0002425394475673026,8.659034540557317e-05,0.0002275276929140091,1.5606105795068492e-05,0.00010018048680145858,3.911368548870087e-05,4.4330794713116906e-05,3.120761064867121e-05,1.0713934898376465e-05,0.0003490921532360719,0.0004031691171613519,0.00036955345422029495,0.0002536606792991475,0.0008116159042809087,0.00013730674982070923,0.0005997439069915511,0.0003573833182024279,9.915605187416077e-05
507,0.0002687755579545148,0.00015634365231246422,0.00016868487000465393,0.00035320369035107824,1.8767208293409693e-05,6.689690053462982e-05,5.862284392367176e-05,2.3147673981519765e-05,1.8551945686340332e-06,0.0005539885519592613,0.00046526054605538353,0.0003851456567645073,0.00036016585692195957,0.00047707745839922766,0.000263335183262825,0.0006369153228433788,0.00030385450973351396,0.00018139556050300598
508,4.196184428165162e-05,2.80393076007579e-05,0.00035824626684188843,7.143634274398014e-05,0.00012379774238221314,0.0003785565495491028,8.830349948284882e-05,5.943794127227201e-06,1.5188008546829224e-05,5.094338472191873e-06,0.00022928673905168312,4.082825034856796e-05,6.607077552142626e-05,0.0001533777672452566,7.188692688941956e-05,0.0012246593605847178,4.123733816050368e-05,0.0003190450370311737
509,0.0011015907137470193,5.232251021254977e-05,0.0008183810859918594,0.0013646073565197758,9.627202015581246e-05,0.0007035490125417709,5.325027865567267e-05,1.1907618998854039e-05,5.191192030906677e-05,0.001357531879292162,0.0006497275217873244,4.654750227928162e-06,0.0012840924877609988,0.0003244923718358564,0.00015837419778108597,0.0018145616456197722,0.000162490001015035,0.0007135197520256042
510,0.0008816021803356722,2.817852121101555e-06,0.0006095878779888153,0.0008154719631001117,0.0001242448277473003,0.000529017299413681,1.8416532642454714e-05,4.980975586341336e-06,3.85381281375885e-05,0.0010353342537282734,0.00021828980599068043,6.821658462285995e-05,0.0010033453293245148,1.9389034174761843e-05,7.358286529779434e-05,0.0011240014494298123,7.568501660870294e-06,0.00042199715971946716
511,0.00031518201276781177,1.2136760755288023e-05,5.791708827018738e-05,7.537164736975965e-06,9.106461830236598e-05,6.137602031230927e-05,8.95468379749284e-06,3.5075105059870714e-06,2.3603439331054688e-05,0.00029723175339164964,0.0001877068893623643,0.0002871137112379074,0.0001283194811579763,0.00017411940279427746,0.00025852303951978683,4.673711943445347e-05,0.00012073405027924035,0.0002188272774219513
512,0.00014405359869901213,4.7496944361163224e-05,3.707222640514374e-05,0.0001525542127418511,7.167005123404069e-07,2.954714000225067e-05,5.5724706693096454e-05,3.705556700725807e-06,4.0978193283081055e-08,0.00031702559644281036,8.65950083573444e-05,3.836117684841156e-05,6.410649740086483e-05,0.0001897771567638401,6.395205855369568e-05,0.0008044300577602082,1.7510708048559115e-05,0.0001280084252357483
513,0.00046129962405200287,8.162566960683015e-05,1.4649704098701477e-05,0.00035071825740332074,3.4728875842729434e-05,3.8370490074157715e-05,4.5391605502903554e-05,3.475887510640327e-06,1.8320977687835693e-05,0.0002528754244853215,0.00011775837686993362,0.0002721566706895828,0.00015080004501792643,0.0003252699377205223,0.00031850486993789673,0.0010335599438107135,3.368163387482072e-05,0.0003267154097557068
514,0.00041661211258048336,3.4572660820228474e-05,0.0001971069723367691,0.000201307350749802,3.831546622689447e-05,0.00027603283524513245,7.539386097515921e-07,7.226215515131608e-06,2.146512269973755e-05,0.0006283610086802172,0.0004038510103284848,0.00018844380974769592,0.00017955574990985435,0.00012488975512219697,0.00011172518134117126,9.887084831367021e-05,0.00013100401448879005,0.00036947429180145264
515,3.062185106292303e-05,0.0001263702650164747,1.3781711459159851e-05,0.00013268091289700412,4.7110445157805964e-05,0.00019332394003868103,2.8494925214221645e-06,3.3962826030918645e-05,3.8646161556243896e-05,0.00027296848770805293,0.0005831935814006803,0.0006960416212677956,0.00010679596695410687,0.0006443958424954196,0.0004208432510495186,9.683886894476523e-05,0.0004318951326521157,0.000708509236574173
516,2.8061269410073475e-06,8.630432015365938e-05,8.176267147064209e-05,0.00018480908065543478,0.00016085941204516466,3.150850534439087e-05,1.8614521840275983e-05,2.170289903792461e-05,2.2336840629577637e-05,3.984350371522005e-06,0.0005838783046698756,0.0001635197550058365,0.00013081254543732823,0.0002060923015474031,7.145851850509644e-05,0.0002920494041135091,0.0001761435964516497,0.0003078170120716095
517,0.0004193951715393829,3.170779446226568e-06,0.00027170032262802124,0.0005963960676072522,0.00022743626489212312,0.0003613196313381195,3.2927731067299015e-05,1.5717976499813355e-05,5.805119872093201e-05,0.00027349419769232,0.00043052537906098504,0.00043302401900291443,0.0007223623898576365,0.00024239189927773713,0.00040887948125600815,0.0004973675546572354,0.00012009452709171929,0.0011083073914051056
518,0.00015285300346862263,4.160759909804801e-05,0.00027600862085819244,0.0003767494313506037,0.0002022735368483082,0.00017788074910640717,1.8295078711001028e-05,1.2920671764024268e-05,2.4866312742233276e-05,0.0003717231817523259,0.00030681333051676973,0.0004834504798054695,0.0005313783160118962,0.0003312420588728257,0.00042518507689237595,0.00029248191003933277,0.0001236536802083992,0.0005346201360225677
519,0.00038863775717784543,3.9446124408464706e-05,0.00045451894402503967,0.00015966814874593394,0.00012776700180268039,0.00034752488136291504,1.9248017701860298e-05,7.5591489298805264e-06,1.7508864402770996e-05,0.0003584834267384984,9.530227141332781e-05,2.8106383979320526e-05,0.0005626433449788942,0.00031321291144809776,6.049126386642456e-05,0.00021463031522148124,6.797348404401497e-05,9.78708267211914e-05
520,0.0006211393166374868,4.196470679844813e-05,0.0004641953855752945,0.0005458688637315356,5.2614647880463994e-05,0.00039667636156082153,1.2425882313288339e-05,5.548599498335274e-06,5.5827200412750244e-05,0.0005195147455462901,0.00019045377144420034,0.0004376266151666641,0.0007037697315592784,0.0001100127235937054,0.0005377614870667458,0.0010243106177620365,4.433055867201249e-05,0.00083174929022789
521,0.00010472800590438647,0.00016720439798886474,0.00027735158801078796,0.00036141869488515166,6.611488974881882e-05,0.00020638667047023773,3.506340820654333e-05,5.519046382388381e-06,3.0338764190673828e-05,0.0003143895941914582,0.00015896682243637938,1.9020400941371918e-05,0.00017915716473486387,0.00010041133679488529,5.7882629334926605e-05,0.0007741821688787565,9.058745793399632e-06,0.00024962425231933594
522,0.0001408017931487926,2.9233398515002285e-05,0.0002858005464076996,0.00025239192443182734,6.36680141944436e-05,0.0002073347568511963,6.152773697512895e-05,1.2153444990647836e-05,1.0814517736434937e-05,0.0003960018462635523,4.6981091881538595e-05,0.0002782931551337242,0.00020702209244474745,3.4169550881521515e-05,0.00018404517322778702,0.0011485046376603913,0.00012661362655195206,0.00011179223656654358
523,0.0009927480000421762,2.398335577954991e-06,0.00030267052352428436,0.000633526506521348,2.6069377449432912e-05,0.00019106827676296234,2.0966826505666725e-05,1.1231450591903905e-06,1.039355993270874e-05,0.0007601056784510007,0.000127122473035729,0.00047098565846681595,0.00025413079563947616,0.0002483574301523142,0.00033747032284736633,0.0016027825107427507,6.247418366168707e-05,0.000691540539264679
524,0.0008538372787738613,9.08112147242103e-05,0.00011835619807243347,0.0002810177080925236,0.00010470255741581308,0.00018715858459472656,4.454006540889621e-05,1.1855859386480477e-05,2.3815780878067017e-05,0.0006458703711725716,6.661219409721114e-05,0.00029750075191259384,0.00034537345563509514,0.00045325576982496035,0.00018494576215744019,2.469855245321173e-05,9.239032499515592e-05,0.0006384812295436859
525,0.0001342916284866602,5.2080993142106236e-05,0.00014331936836242676,0.00024038147403193655,0.00010034046421316528,0.00020345300436019897,2.025433771674079e-05,5.4356098025653274e-06,1.0862946510314941e-05,0.00024391512693253126,0.00010703714312334384,0.00024700257927179337,0.0003706321618223707,0.00013642481821393715,0.00034250039607286453,0.0002788823676483365,0.00022796650194082356,0.00047286227345466614
526,0.0003932899721600658,5.913459431773627e-06,0.0004438050091266632,0.00036619486694325354,6.144966694928214e-05,0.0004339180886745453,9.284263989447344e-05,1.0074366835357662e-06,5.8691948652267456e-05,9.866873313349456e-06,0.0001056425308253589,0.00031210482120513916,8.716091302318763e-07,0.0003356864468445561,0.0002769194543361664,0.0018634631934179857,7.749486491202698e-05,0.0006982684135437012
527,0.0010029873976894754,0.0001828722428609611,0.00046075694262981415,0.0009631186924408675,6.850833968303355e-06,0.00038910843431949615,6.89829303723577e-05,2.576841543496791e-06,3.5606324672698975e-05,0.0007423872088621747,0.0006961870047374891,0.00022399425506591797,0.000863738147416318,0.00048224253272330375,0.00015269126743078232,0.0024857849352114825,7.169453923204635e-05,0.00016199052333831787
528,0.0006680110088001789,9.646305868418747e-05,0.00037211552262306213,0.0006156299802822229,0.00010124467989464786,0.00014853104948997498,7.958190542134598e-05,9.370772762481202e-06,2.6203691959381104e-05,0.0005313836921775894,0.0003662080429545772,0.00010161753743886948,0.0005195693602703805,0.0002624134552486959,0.00018250010907649994,0.0018209123360125312,0.0001747270105732909,0.00038205087184906006
529,0.00016418313955249286,0.0001017048619694795,0.00016650743782520294,0.00024763934607541227,0.00010995070144634994,4.262290894985199e-05,4.7279141029006946e-05,2.2872276839184966e-05,1.4580786228179932e-05,0.00042647171918179516,7.020370877595938e-06,0.0004243999719619751,0.00015926797918380808,0.00017113574463363534,0.0001518595963716507,6.693710234564887e-05,0.0005222659442981374,0.00021235644817352295
530,0.00022403965123998781,4.524533966652339e-05,0.0001695733517408371,0.00021579470244792454,5.58885928955942e-05,0.00016606971621513367,2.8873896321758574e-05,1.1584011303366422e-05,4.1428953409194946e-05,0.00012158461320066483,1.820419090351605e-05,0.0002181604504585266,2.7195128618581754e-05,4.581913261036269e-05,0.00022368133068084717,0.0006825347224252987,0.00031713613452267185,0.0006449110805988312
531,0.00015906354987782478,7.263814774181171e-05,0.00016792304813861847,0.00047494194434621884,0.00013309462226440347,0.0002798978239297867,1.6830029728711476e-05,1.1898088432844693e-07,1.5776604413986206e-05,0.0006482930250084062,0.00024243656189870677,0.0004252847284078598,0.00020335171221563808,0.0005216296237922288,0.00026043038815259933,0.0007183787805563335,8.88427313147839e-05,0.0003994069993495941
532,0.00013440107981838034,5.121416271802043e-06,0.00024236924946308136,9.039613900269083e-05,3.95966957717972e-06,0.00018343143165111542,2.1392410175881393e-05,7.773269729202442e-06,1.6182661056518555e-05,0.0003057949325897258,0.00029326151082664786,0.00022116489708423615,0.0005351935054081214,0.0002262265973319924,0.0001713419333100319,0.00021923550833494176,9.010522772322227e-05,0.00040362775325775146
533,0.00016743715378278456,1.798184384315185e-05,0.00017118826508522034,0.00021019059497923154,9.210597430315409e-05,0.00019568204879760742,4.4972761697549546e-05,3.1616679956890153e-06,7.547438144683838e-06,6.437103665964117e-05,0.00038353473313965797,8.58725979924202e-05,0.0004041263880696505,9.56530686704038e-05,0.00010233186185359955,0.0008248305952822388,6.370256176444367e-05,5.974620580673218e-05
534,0.0002466834101194637,0.00014004847811653967,0.000271061435341835,6.315342160889692e-05,5.2020049548993225e-05,0.0001879557967185974,1.1850570445282038e-05,1.5070026901400354e-05,1.3224780559539795e-05,0.0005404119702599047,0.00017448920474657376,8.991453796625137e-05,0.000692383999472343,0.00015288028413258659,0.00017641298472881317,0.0002245321000200473,0.0001378714132324896,0.00020032376050949097
535,0.00026605694513925915,0.00010829955564212179,0.00014063343405723572,0.0002945713742601441,2.601727960069994e-05,0.0002686046063899994,3.294853206080306e-05,1.8996702207040337e-05,2.4490058422088623e-05,0.00012118834920329946,0.00032625867446094137,7.202848792076111e-06,0.0003756266000464886,0.00018140378886794678,0.00015582609921693802,0.0007913271966934754,0.00035680207306380113,0.000383574515581131
536,0.00031119661640496843,4.072771751903806e-05,0.0002126544713973999,0.00037178790434427844,3.35639177201745e-05,0.00024780072271823883,3.662857256757704e-05,4.554126107472593e-06,3.6053359508514404e-05,0.0006263573944431389,0.0004921456499931559,0.00011883396655321121,0.0006019507335719709,0.00012976488095096245,6.3321553170681e-05,0.0005655469438332894,0.0001069660309090711,0.0006730854511260986
537,0.0002084673936617043,3.392821514135863e-06,5.7600438594818115e-05,0.00031880737344042176,1.4534412232231064e-06,7.12033361196518e-05,2.0259989429810554e-05,1.4461098125336235e-05,3.2410025596618652e-06,6.107433011587338e-05,9.908678388965281e-05,0.0001092124730348587,0.00011513653607579666,3.260183122055088e-05,0.00012919586151838303,0.0007631476945424154,0.0002905260415437846,0.00012819841504096985
538,0.00023887200639502448,4.1573674539815975e-05,1.5515834093093872e-06,8.97530611748687e-07,0.00015416075651928512,9.844452142715454e-05,3.857382281457003e-05,1.388853887133922e-05,1.1254101991653442e-05,0.00011662665324548016,0.00018563993945469592,5.6453049182891846e-05,4.007135744438228e-05,0.0004887808856593179,5.4151751101017e-05,0.0013016441839128479,0.00023020607642040012,7.467344403266907e-05
539,0.00040893438857533826,5.22769484029538e-05,0.0002038571983575821,0.00036048399791072105,0.00033776380232775766,0.00017321109771728516,2.160626326938933e-05,1.9892731450124894e-05,4.712492227554321e-06,0.0009125815201303095,0.00040582236889336043,6.980542093515396e-05,0.0013396546344335014,0.00044968450383661013,5.151145160198212e-05,0.0002327914456089486,0.00024635205674557203,0.00018057599663734436
540,0.00029767118995785435,3.869927860961769e-05,3.705546259880066e-05,5.483916967113922e-05,6.730397852065806e-05,0.00017695315182209015,1.7095785807448582e-05,1.5081878408244322e-05,1.3358891010284424e-05,0.00010085908833566692,0.0010414681817209337,0.0004432033747434616,7.714641003128686e-05,5.988511577117994e-05,0.0002310900017619133,0.0008672046142645662,0.0003369471585686068,0.0007039345800876617
541,7.407519771393534e-05,0.0001512627426444972,9.608082473278046e-05,0.0004432846194837581,4.5165589530372224e-05,0.00010300800204277039,1.3754248675227482e-05,1.0307577282279198e-05,2.1647661924362183e-05,0.00041728433991909675,0.0010417768591645532,0.00021881703287363052,0.000617783519857848,0.0008461518055434963,0.0001934124156832695,0.0014199817814808946,0.00022035246039009437,5.148351192474365e-05
542,0.00020775659411573222,0.00013755043363235242,0.00012802518904209137,0.00045392581080408445,0.0001389599172150202,9.501166641712189e-05,5.0952106735734776e-05,5.905090156357076e-06,6.429851055145264e-06,9.528340709705208e-05,0.0009166885566566502,3.3142976462841034e-05,0.0003208109500387607,0.000609057796359648,0.00013898592442274094,6.175272399697174e-05,0.00014929996998950677,0.00038373470306396484
543,0.00011746872168119649,0.00015388181365037779,8.556991815567017e-05,0.00011811624124585807,0.00019068992518184863,3.078393638134003e-05,4.8489336569652874e-05,6.062037278701702e-06,2.2351741790771484e-06,9.274294886707501e-05,0.0001950762899263006,0.00021032989025115967,0.00015761755392994237,0.00032745341590612737,5.8542005717754364e-05,0.0009806001703935308,5.819031962672966e-06,9.410455822944641e-05
544,0.0003415932521282916,8.309976790864607e-05,4.805438220500946e-05,0.0006541273725010899,6.403483885304359e-05,0.00013567134737968445,6.4384549615902065e-06,1.8028901794790248e-05,1.5325844287872314e-05,0.00045138661264441937,0.00047125424000839244,0.00015712156891822815,0.0005937704432490976,1.9561687064448274e-05,0.0003802236169576645,0.00016773849171564104,0.00041164962795383524,9.720772504806519e-05
545,5.270795738537837e-05,0.00010897171176781073,0.0002087615430355072,0.00019530256197333729,3.769472687746578e-05,0.0001501142978668213,4.469111531141962e-06,7.705396738638817e-06,1.2699514627456665e-05,0.00025536502481926515,0.00014465628240447476,8.201971650123596e-05,0.0001937918301447017,0.00023683312427841968,0.00016582198441028595,0.0003352482118923472,0.00012913459971869564,0.0002556554973125458
546,0.0005259566121159076,0.00026475936063950073,0.0003711096942424774,0.0002657099885207681,0.00024161855171276822,0.00033349543809890747,8.53594281764597e-05,8.766969191791903e-06,5.54695725440979e-06,0.000377300742587669,0.00019796228404770494,0.00031749531626701355,0.0003944952780007699,0.00031956155236342876,0.00023908354341983795,0.001010064231545399,0.00010635712525691038,2.3223459720611572e-05
547,0.0005254022518947354,7.085714774620125e-05,0.00012090802192687988,0.0006920845867849634,2.8052866683017652e-05,0.0003078542649745941,3.5025271273827346e-05,2.085239319791205e-05,2.8185546398162842e-05,0.00032209076633768485,0.00012169035941540784,0.00035526975989341736,0.00011448549674300534,1.3043832849252146e-06,0.0001551155000925064,0.00038920178443008213,0.00045371765283679674,0.0005488172173500061
548,0.0008232977167610955,0.00012046329273135079,0.0001042298972606659,0.0009126671649901941,0.00011008806626781192,0.00012194551527500153,1.946500159411349e-05,5.0294069895417135e-06,3.1363219022750854e-05,0.0006863408619667416,0.00041011420698983114,0.0003929324448108673,0.001064224081343601,0.00034315581816777435,0.00040393415838479996,0.0006269461986015967,4.2891429761805766e-05,0.0003307424485683441
549,0.00016813191147310724,8.382247634984227e-05,0.00010594166815280914,0.00016456092998959337,4.759407966189316e-05,3.13296914100647e-05,2.974247763897625e-05,3.363452373789105e-06,2.0347535610198975e-05,0.00021313821302300362,6.458889825512737e-05,3.657490015029907e-05,0.00030586075004818136,0.00017189685910394548,0.00013425853103399277,0.0005811349881036099,0.0002497671970090891,0.0002228468656539917
550,0.00025907233356411985,8.90539372847346e-05,6.787851452827454e-05,0.00041398875937606605,8.278473937248926e-05,1.3381242752075195e-05,5.704207511753046e-07,7.820988764446475e-06,1.1369585990905762e-05,0.0002621305218015041,0.0003306646157378232,1.0446645319461823e-05,0.00031385420689086785,0.00010928931881663134,5.575641989707947e-05,0.00030583520033597433,7.383391310810316e-05,1.1689960956573486e-05
551,2.666847369467429e-05,0.00012145145353589792,0.0001789722591638565,0.00020723122650906367,0.0002606075331183233,1.1129304766654968e-05,3.4879511630725446e-05,1.691972378094984e-05,3.5390257835388184e-06,3.2128747347037745e-05,0.000238587487016724,0.0001837257295846939,6.616463125425076e-05,0.00032410019000875256,1.91517174243927e-05,0.00031793028418922176,0.0002624215143236233,8.710473775863647e-05
552,0.00030350463642117576,0.00020425003963712302,0.0003271196037530899,0.0003234385578012311,0.00011241263095542256,0.00023667141795158386,5.298295492940641e-05,2.1108283879230143e-05,3.499165177345276e-05,0.0003646432912623315,0.00032833028990480323,0.00010631699115037918,0.0007171048206898595,6.222419095509857e-05,0.0002338215708732605,0.0012041493350866683,0.0003357787013261368,0.00038708746433258057
553,3.9274229168800856e-05,1.2839289537724258e-05,0.00029786117374897003,0.00015875454659186605,0.00014172162580718822,0.0003104228526353836,3.822452026747483e-05,1.6394056407823053e-05,5.271285772323608e-06,8.884726181818126e-05,0.00045801436129433437,3.8703903555870056e-05,0.00011398284031491346,0.00022518599062510553,1.7311424016952515e-05,0.00035580795400186327,0.00031863361051398444,0.0003088042140007019
554,3.24142170214925e-05,4.830856949167642e-05,2.668611705303192e-05,3.794303289395007e-05,0.00011504165379131251,4.2224302887916565e-05,1.4636727814060918e-05,3.419199228987314e-06,3.98978590965271e-06,5.013129585326737e-06,0.00023299817711881082,4.6605244278907776e-05,2.341101891435715e-05,5.4852367974290994e-05,7.761269807815552e-05,0.0010133442154670047,2.3565578269805e-05,0.00011277943849563599
555,3.597749116363014e-05,8.930413153566963e-05,4.3977051973342896e-06,0.00027752914767753545,6.357247073595501e-05,7.423199713230133e-05,1.2585134040284801e-05,8.4304024013554e-06,1.7434358596801758e-05,0.00010543205769693309,0.0004015592544438576,0.0003713667392730713,0.00048496810536276247,0.0005228419412123472,0.00044824928045272827,6.31862559756502e-05,7.089938544463403e-05,0.0001539662480354309
556,0.0005996773669882938,1.592519697274017e-05,0.0003123357892036438,0.00019106621718975592,0.00017159400488978016,0.00021065957844257355,9.681608568633954e-06,1.5691712964257073e-05,2.2549182176589966e-05,0.0003829413396777559,3.4230594040812745e-06,2.6608817279338837e-05,0.0004866329574142597,0.00023746746874998143,0.00015845522284507751,2.4102534007530707e-06,0.00023176314318663622,0.00039434805512428284
557,0.0005829162611319383,9.385989948396123e-05,0.00017449818551540375,0.0002583776182078501,1.8184953244612667e-05,0.00019058026373386383,2.2489902886734664e-05,7.968895006734729e-06,3.983825445175171e-05,7.234440424967736e-05,0.0004382571713186234,0.00029146019369363785,8.69559701527911e-05,0.00020744518056632633,0.0002966616302728653,0.0019110329730353537,0.00017716079374567421,0.00042264536023139954
558,0.0010199134889978256,0.00011212119039949453,0.00041988492012023926,0.0010800803245929746,5.935411698374665e-05,0.0005866046994924545,2.9122045046608286e-05,1.406536053881672e-05,5.1584094762802124e-05,0.001518127177446038,0.0009270938920112048,0.00024866778403520584,0.0016670282956214033,0.0008948200429690703,3.8601458072662354e-05,0.0010142941489765522,0.00032706425649065224,2.407655119895935e-05
559,0.00048191755595580754,3.543964458544921e-05,5.067512392997742e-05,0.0005965008252157289,7.057808946921498e-05,4.41577285528183e-05,3.790886542491545e-05,8.164798099393416e-06,1.1026859283447266e-05,0.00031863986978589165,0.00025972524473269476,3.3206306397914886e-05,0.0003238155917799218,0.0003375029742480745,4.219170659780502e-05,0.0008384525055131764,5.9582330560510686e-05,4.2922794818878174e-05
560,0.00024080670152193395,0.00031954860192439163,0.00011053495109081268,0.0004864523889473449,5.189626901920194e-05,6.73104077577591e-05,5.491467497041255e-05,2.280624344396209e-05,3.987923264503479e-05,0.00015927508683502567,0.0001678266979069573,0.00027341581881046295,0.0004852714090546745,0.0005215305058292805,0.0005058161914348602,0.0004758112208270715,0.0001788334704888974,0.0007745623588562012
561,0.0006517024693161177,0.00033063220048250644,5.22807240486145e-05,0.00012792414099313532,0.0005901010314148906,1.5817582607269287e-05,2.900694506311266e-05,4.356789210801918e-06,2.2701919078826904e-05,0.0003388706844138084,0.0002649179365333196,0.00020330864936113358,0.001038027468349273,0.00023647469548556538,0.00039206724613904953,0.0004753554740890842,0.00011683409149057262,0.0005891025066375732
562,0.0003361676422092841,0.0008030415351779271,0.00020837970077991486,0.0011595524837363091,0.0007628769610714438,0.000345379114151001,1.8097668052878546e-05,5.141769286715899e-05,4.6566128730773926e-05,0.00044326283857830384,0.0006751818670684001,0.00017753243446350098,0.0007415717302051289,0.0009407017764819017,0.0008334852755069733,0.00013081335941139693,0.0005926824397661267,0.00112876296043396
563,0.001499181822377571,0.0006430277396259516,4.244968295097351e-05,0.0009288888739083789,0.0003602380620689148,0.00031076930463314056,0.00011862084713322799,3.358171140067416e-05,2.9142946004867554e-05,0.0013698283501160091,2.1230019668722067e-05,0.0001624738797545433,0.0015386724484714037,0.00039707265518927615,0.0006095916032791138,0.0010594447403599883,0.00037871645274247185,4.412233829498291e-05
564,0.0007685435286291231,0.00042246824574767444,0.0006022993475198746,0.0007673634244960981,0.0006975707741527469,0.0004347115755081177,1.53742373442331e-05,2.8617625836467733e-05,4.3410807847976685e-05,0.001035482012355468,0.000933231017788104,0.00012138951569795609,0.0012785257559937424,0.0003385485390853399,0.0003040079027414322,0.0009541751003654675,0.00045637297292150207,2.0720064640045166e-05
565,0.0016831310158967883,0.00047616234612251826,0.0005818791687488556,0.0023908713692626926,4.908546021761828e-05,0.0007015299052000046,7.883089486282122e-05,5.62651902249629e-06,7.194653153419495e-05,0.001443288412410218,3.1574673239734286e-05,0.0004147002473473549,0.001552065520169163,0.00011096323920965767,0.00033106375485658646,0.0012456812648804771,0.0003854964000880039,0.00020341575145721436
566,5.3937833556977344e-05,1.883719671450998e-05,0.00032204389572143555,0.0002123526355477523,3.8270016723324085e-05,0.0004227515310049057,1.3557720019454628e-05,1.3893460721055718e-05,4.380568861961365e-05,0.00013867896376776323,0.0004912578537210541,0.0003739232197403908,6.141649628348123e-05,0.0003542541863733456,0.00021481141448020935,0.0013712420524926439,0.00018934650303325086,0.00041153281927108765
567,9.847436236756768e-05,6.422429552074144e-05,0.00010848231613636017,0.0005445258300628142,0.00028827550899671386,0.000218244269490242,3.848457107310729e-05,1.1275987861782165e-05,1.5087425708770752e-05,0.0007359043806932364,9.338814511338639e-05,0.00021998491138219833,0.0008852907485281114,0.00035055996701581493,0.0004769880324602127,0.00022406397300533953,0.00040947958260067487,0.0010209903120994568
568,0.0006796907373745331,0.00027729066865598076,0.00034360215067863464,9.560785877829603e-05,0.0001274222969849942,0.00028195418417453766,2.3485471913612527e-05,6.489873174968052e-06,9.629875421524048e-06,0.0005525611317217377,9.97116205018328e-05,0.0002156030386686325,0.0006218695610209074,1.3215047429009086e-05,0.00015176460146903992,0.00039463808029546743,0.00012125072402363666,1.2971460819244385e-05
569,0.00025688761507966507,0.00029311120960142517,6.901659071445465e-05,3.8198400438616e-05,0.00016688672110952082,0.0001245737075805664,3.7612298509001607e-06,1.9340728421852012e-05,1.424551010131836e-05,0.0001967526238894346,2.3265375652926912e-05,4.630628973245621e-05,0.00029438289283427455,0.00038341637419150865,0.00010916776955127716,0.00047614229761175353,0.00016104583890945543,0.00022414326667785645
570,0.00018467800054908223,0.0002419634228785876,0.0001304391771554947,0.0001654948846369908,0.00013590870758951878,0.00012295134365558624,4.2243420214339855e-05,4.170625383577968e-06,2.24187970161438e-05,0.0002549181515345139,9.579695832995921e-05,0.00017438270151615143,0.0003101410242403041,0.00026959033632961704,0.000216679647564888,0.0001246360454708606,2.2260289063319796e-05,0.0006223209202289581
571,0.0004988861269879241,3.168763818926432e-05,0.00022109411656856537,0.0006091440727497011,0.00011122561579482437,0.00017557665705680847,6.207850046027752e-07,9.951128044009112e-07,2.436339855194092e-06,0.000704477589744984,0.0002073215743057591,0.0002004755660891533,0.0005404711039255633,8.465358841039383e-06,0.00014120806008577347,0.0015270027341834913,0.00010109483555201183,0.0005893521010875702
572,0.0007240976088529749,3.540221676467947e-05,0.0004761647433042526,0.0008507176165922503,0.00017634128579665023,0.0005145464092493057,1.2481881987963517e-05,1.0761379314545594e-05,2.614036202430725e-05,0.0007158372205057079,0.0003260513385845362,7.402058690786362e-05,0.0008831732726250485,0.0004602684071592575,0.00017180200666189194,0.0017845512102790673,0.0002710785102549504,0.0003008730709552765
573,0.00024005246373073885,0.0002888150472691621,0.0001050904393196106,0.0003858531867889925,3.797469932809508e-05,2.6922672986984253e-05,3.393095934574146e-05,3.1336909691810297e-05,2.783164381980896e-05,8.312894813454486e-05,0.0007315379675063988,0.0003873109817504883,0.0002220528165278457,0.0004960959358814021,0.0005705999210476875,0.000627160847433611,0.0004699484521930601,0.0007805749773979187
574,1.5945076177442674e-05,0.00021171973119599521,0.00020993687212467194,0.0002848098897501872,8.310853862616985e-06,0.0002936720848083496,6.7104912087659e-05,2.8509518461674926e-06,3.503262996673584e-05,4.5844649095960754e-05,0.00018192753756539337,0.0004608379676938057,0.0001221586897706406,0.00024077104975683827,0.0003368658944964409,0.0002084068543469486,5.9312154062610275e-05,0.0005341395735740662
575,0.0005536211459402918,1.2112180963239072e-05,9.33278352022171e-05,0.00038144296289227553,0.00029699724106925854,0.00021172314882278442,1.3093100262234758e-05,2.2391276699623225e-05,1.3552606105804443e-05,0.0006146456949423923,0.0005871443759921519,2.902001142501831e-06,0.0005131575720383891,0.00019358402316868584,0.00016253162175416946,0.0003175926988916167,0.00036674993186211957,4.803389310836792e-05
576,0.00037221204226722815,8.815598056830312e-05,7.295608520507812e-05,0.00017700606887380288,0.00018980283625469677,0.00016891025006771088,2.6725596839541343e-05,1.531187836441075e-05,1.282617449760437e-05,0.0001697807918684957,0.0007994254109716589,0.00019298028200864792,4.386508993770022e-05,0.00013131654212585053,0.0003289971500635147,0.0007774999588180675,0.00024259105469172522,2.222508192062378e-05
577,8.689561732719286e-05,0.0002938896162535294,0.0003924760967493057,4.2141130949246985e-06,0.0002255604366476309,0.0003399699926376343,7.233478314095515e-05,1.7674495750142185e-06,4.316866397857666e-05,0.00013406874740558294,0.00036118003475532623,0.00023494195193052292,0.00013397235427127507,0.00033205846785232945,0.00033347494900226593,0.0003813968470405549,9.765744652914213e-05,0.001003459095954895
578,0.00024725393774602256,0.00027248336601886497,0.0001686587929725647,8.228349091088383e-06,0.0002164635369067136,1.0035932064056396e-05,6.115446665455604e-05,9.92689978775033e-06,4.09148633480072e-05,0.00046112867409293934,8.192625647993751e-05,0.0004376145079731941,0.000708948816381394,0.0007620316081875383,0.0005981018766760826,0.0010514985773986962,2.963651672865616e-05,0.0007027685642242432
579,0.0002864500896637978,1.4315335220248249e-06,0.00012007541954517365,0.0002818913543813084,0.0003655913003233306,6.219558417797089e-05,2.0064210387929493e-07,4.468899264694053e-09,1.8298625946044922e-05,0.0005896663916829525,0.00045912258224170555,0.00018898025155067444,0.0003758340765500079,0.00012785909612441498,0.00021814089268445969,0.0011975080810434913,0.00021986558878093164,0.0002861432731151581
580,0.0005718093046899742,1.141452554823466e-05,4.2786821722984314e-05,0.00035601962335590764,0.00032942252971507324,7.058680057525635e-05,5.376559252520674e-06,3.296084434765539e-06,1.2882053852081299e-05,0.00023008128438575803,0.0003828775721576097,1.753866672515869e-05,0.00031473686420599445,0.00018433125323141092,9.236298501491547e-05,0.0013761849573015184,5.4557443638859155e-05,0.0003968551754951477
581,0.00013561882028689798,6.333266892044609e-05,0.00017678551375865936,7.00926651991951e-06,0.00018537152487211814,0.00031663477420806885,2.9113786642828016e-05,1.4581004465135728e-05,3.16910445690155e-05,0.00018613639110034996,0.00019360400079785484,0.0005765547975897789,6.776986599525692e-05,0.00032741391112938584,0.0004252437502145767,9.867100432195408e-05,0.00028683946690062916,0.0005216114223003387
582,0.00010714768801325936,4.088271809436425e-05,0.0001925453543663025,1.5556821324785863e-05,0.00014935461097525735,2.7805566787719727e-05,2.9465243738154012e-06,1.9412643601289623e-05,1.650676131248474e-05,0.0005724415046293729,0.00047429915256904515,0.00045248959213495255,0.00021048893344180475,0.00046736199153731006,0.0002553313970565796,0.0005583495092525981,0.00030664548607851135,0.00029385462403297424
583,0.0002686635633253609,6.391269357184856e-05,0.00011678226292133331,2.6614600062424554e-06,0.00012615331075490135,5.6061893701553345e-05,1.4763667348885456e-05,2.271977969443129e-05,1.8104910850524902e-05,0.00021478331571302134,0.0004017354344051996,0.0002584680914878845,0.0001828805113549964,0.0003214976747788062,0.00034546665847301483,0.0012228550850820752,0.00036385260107542794,0.0006291158497333527
584,0.00010882784955626446,0.00010100490183535815,0.00021746568381786346,0.00064567295248108,0.0001934914987346166,0.0002336166799068451,6.556473801200974e-06,1.0979406757364977e-05,1.0713934898376465e-05,0.00012060401393836073,0.0005232154665515409,0.00018130522221326828,0.00021990419808848305,0.0007853127542179691,0.00011122971773147583,0.000976993284654254,0.0002785767912643982,0.00019166991114616394
585,0.0008984077160302251,4.571524214263753e-05,0.000290723517537117,0.0007018281646752056,6.864346518659775e-05,0.00019130483269691467,6.448588525494875e-06,1.5484163638398556e-05,2.376735210418701e-06,0.001162903096662421,0.00014554519587145487,0.0005241343751549721,0.0010547635747273493,0.00045363412243012297,0.0003630351275205612,0.0008334019078421739,0.00018839778131873636,0.0005678348243236542
586,0.0003563931461659231,2.5962482969033723e-05,0.0003528129309415817,2.0098021194792093e-05,1.3302899714653232e-05,0.0005156397819519043,8.771798675687864e-05,1.8446964419987046e-05,2.4199485778808594e-05,0.00024216997489022452,0.00036921953953485825,0.00037274695932865143,0.00011022769883681227,0.0007846109794088785,0.00011914223432540894,0.00024046185859771807,0.00025992330960722095,0.0006898567080497742
587,0.00045102752557990566,0.00019228708652773568,0.0001135263592004776,7.0307778377298735e-06,7.845891153257512e-05,0.00016520731151103973,0.00011075843734709157,5.567624196106284e-06,1.0564923286437988e-05,5.0669685456097846e-05,0.00034540719498545036,0.00010760687291622162,0.00014435299889123399,0.00027217243793434265,5.163252353668213e-06,0.00015795567235046826,0.00014520175597040386,0.00045709311962127686
588,0.0008208446625392329,0.00010270227377450272,0.0006161872297525406,0.0004236935471367831,9.926252643016956e-05,0.0004580151289701462,2.011459622267009e-05,5.238645879143564e-06,1.5720725059509277e-05,0.00047267205025941506,0.00026744639479131527,0.0004025045782327652,0.0006407068373768116,0.0002402085315982433,0.00017836876213550568,0.0016959531328638033,5.0955331544636244e-05,9.548664093017578e-05
589,6.014100163800884e-05,7.515802581122e-05,0.00040393322706222534,0.00020284020826749627,4.47365006465833e-05,0.000257786363363266,6.299799014001725e-05,1.2544415009566284e-06,7.152557373046875e-06,0.00010251148804682475,0.0005739696742424263,0.00047215819358825684,0.00014292076106273144,0.00030615286521185753,0.00028436630964279175,0.0022627407368547847,0.00012612235147941176,0.0005470402538776398
590,0.0007570846180958712,0.0001644896464907987,1.0477378964424133e-05,0.00039310630432112803,2.9552761611425366e-05,9.255111217498779e-05,3.296553400234867e-05,4.234953181767525e-06,9.927898645401001e-06,0.00023010953870578055,0.0006913869316056698,0.00037094391882419586,0.0002678634549361514,0.00033901706592671943,0.00023710541427135468,0.0006338117713128033,0.00010587448903262965,0.0009231530129909515
591,0.000461507678849421,3.9461807362729806e-05,0.0003716070204973221,0.00031390526405666863,6.176594948163402e-05,0.00042860396206378937,0.00010148181431032452,2.573580188744559e-06,2.7429312467575073e-05,0.0003062770709101603,0.00015857386909115534,4.921853542327881e-05,0.00022820868990719445,0.0005706449799819657,0.0001438874751329422,0.0015767007427209545,5.2556452495098726e-05,0.00044491514563560486
592,0.00010673816213896403,0.00027846516119179113,9.945780038833618e-05,0.0002861491178896558,0.0001039170931904157,1.2362375855445862e-05,4.2408879474299666e-06,2.712697402127356e-05,6.332993507385254e-07,0.0008016300134606053,0.0014366981735899273,7.115956395864487e-05,0.000240621339826122,0.00046722383798143,0.00014012865722179413,0.0007922103929996205,0.0005746965222163472,0.00046810880303382874
593,0.00039695472358913797,0.00025641603369334215,0.00028640031814575195,0.0008261218980879503,0.00013504240775528628,0.00014786981046199799,3.10711716303598e-05,2.3788149616565864e-05,1.4469027519226074e-05,0.00028183403965202636,0.0010387357850959247,0.00041519664227962494,0.0002575291587353229,0.0004087170171114818,0.0001775342971086502,0.0006687181655371799,0.00046468928708233524,0.00016938894987106323
594,8.053015770950744e-05,4.620482168893325e-05,7.139518857002258e-05,0.0002331349699193075,0.0002895716598651926,0.00010703876614570618,1.0564329970933622e-05,8.418433774998586e-06,1.3347715139389038e-05,0.00026695921575639603,0.000488305472513835,0.0003170892596244812,0.00020071058851584,0.00021225700776422024,0.000256415456533432,0.0009417729126683372,0.0001784344317841346,0.0005085133016109467
595,0.00022010330805299905,0.00014159563342520942,0.0004883036017417908,5.473962505631036e-05,0.0002659289768717592,0.0003459528088569641,0.00011445653305711817,1.7296417489109396e-05,2.473592758178711e-05,0.0005020526262957542,0.00016450679380865252,8.148141205310822e-06,0.00029867454447217445,0.00028301996187442974,0.00018060393631458282,0.0014396056109641509,0.0001667589925024714,0.00046788156032562256
596,0.0005031379570936689,0.0003012586752060148,0.00013854354619979858,0.00025771266618696,5.5948181095194505e-05,1.5363097190856934e-05,3.641517436840484e-05,2.7021962391596277e-05,5.09992241859436e-06,0.00019866361764089846,0.0011087806579556242,0.00013752561062574387,0.00044753419707274644,0.000507727160784878,0.0003486406058073044,0.0009919008431033827,0.0006979633146036988,0.0004990175366401672
597,0.0001182851663684148,0.0004150294645399316,0.00023746304214000702,0.00032122291827546556,0.00016971297380898726,5.218014121055603e-05,1.3520453781300235e-05,2.476763457804815e-05,1.9744038581848145e-07,0.0001826874393489747,0.0005340948935065454,0.00022900570183992386,0.00019824866045647926,0.0006090327384225686,3.259629011154175e-07,0.0008042490792233015,0.00033550185351458365,4.388391971588135e-05
598,2.3558961977365733e-06,0.0004268060526993016,0.00013274699449539185,0.0005764375698525948,3.649026206698977e-05,0.0001313723623752594,6.865915255791291e-06,4.258772925102913e-05,5.628913640975952e-06,0.00017850852439138531,0.0009022084201886771,0.00047371070832014084,1.5288968252785695e-05,0.00039045298356939206,0.00016156211495399475,0.0007442331855207762,0.0003689120625942012,0.00025325268507003784
599,0.00020119001136426062,0.00015992518817630613,0.0004361439496278763,0.00045411721409716055,4.347558187651687e-05,0.00031832046806812286,7.373442716735595e-05,3.3049096261813924e-05,3.851205110549927e-05,0.00046215882331702984,0.0003224411128605609,0.0003111381083726883,0.0003273289300411708,0.0003487543923390915,0.0001752357929944992,0.001247856132783165,0.00025293143167484135,0.00010231882333755493
600,0.0004171378940450443,0.00012790697561156084,0.00032348744571208954,0.0005030685444086802,0.0001995122563865359,0.000171637162566185,5.369039797147382e-05,2.7291263810392456e-05,3.5390257835388184e-07,0.00013329089769616165,0.0007961838453894379,2.0077452063560486e-05,0.0003941589393845202,0.0004195674778511363,0.0002714395523071289,0.00042267615608007625,0.0006131008667065643,0.00022266805171966553
601,0.00038187767568312325,0.00030976439708493494,0.0002909041941165924,6.109773718088185e-05,0.00013842047936261578,0.0001523718237876892,5.053178305322939e-05,2.8276043109471706e-05,1.1127442121505737e-05,0.00027055510386840564,0.0004998267838812395,7.215049117803574e-05,0.0004155038916177217,0.0006281343812798434,7.226318120956421e-05,0.00019678095149386343,0.00044570590051391324,0.0002033635973930359
602,0.0002472595692533386,1.1655622156495765e-05,0.00016386620700359344,0.00028742653240457217,1.774754831209563e-05,0.00026824697852134705,1.4181239932263556e-05,1.9940895238331955e-05,1.8581748008728027e-05,0.00012093476437034789,0.0006834125454298068,0.0001808498054742813,0.00015483035704809411,0.000380270344847472,2.5756657123565674e-05,0.00012142256183045319,0.0003683702188547035,0.00035816431045532227
603,0.00011311326187102289,7.087123624751127e-05,0.000317918136715889,0.00037113308019418034,0.00017978821092946157,0.00029846280813217163,9.843972870656782e-05,2.2485734010975684e-06,3.534555435180664e-05,0.00010263630099273391,0.0001258268923060718,0.00034057628363370895,0.00011313383611889771,0.00015825469057465652,0.0004116930067539215,0.0008198880760487137,5.981402878335205e-05,0.0005635581910610199
604,0.0006924208387466824,4.750795127670196e-05,2.203509211540222e-06,0.00045605857338831823,0.00016059376090948874,6.561540067195892e-05,4.065452650064277e-06,2.9217824154662594e-06,2.2884458303451538e-05,0.0006284934807602449,3.5550837879094743e-06,7.973145693540573e-05,0.0006540377418753629,0.0002992009574506599,1.2088567018508911e-06,0.00013901652960154887,4.6168800790031585e-05,0.00027125701308250427
605,0.0006803520268849617,0.00038363880005821277,0.00014128349721431732,3.720366959408805e-05,7.507957748908306e-06,0.00012475624680519104,2.171719205354243e-05,4.783316179217693e-06,2.987682819366455e-05,0.0006668994262970934,0.00024810691175344846,0.000216691754758358,0.00030926596010066865,0.00034740779890683054,0.0002500489354133606,0.0015835611949037431,9.724253199970556e-05,0.0003764443099498749
606,0.00040836342159167316,0.00027471242670439044,0.00023408420383930206,0.00034552333006987457,7.542524431865261e-06,0.0003206860274076462,1.5480923883677902e-05,2.4430331518817154e-06,5.052611231803894e-05,0.0002690545336890837,0.0006389392091006654,0.0005367519333958626,0.00028714593009451783,7.697248144570429e-05,0.00040371716022491455,0.0015676444597132744,3.7873091828953195e-05,0.0011234432458877563
607,0.0006776026304922689,0.00042130387655125653,2.039410173892975e-05,0.000745117456382588,0.00017617092192673267,7.819756865501404e-05,3.792998829246601e-05,6.120571971238414e-06,2.940744161605835e-05,7.458971702870021e-05,0.0005099661767331981,0.00042285583913326263,0.00022902395849301593,0.0008405958102789199,0.00035989098250865936,0.0017201472332223078,0.00010565377069251983,0.0009621456265449524
608,0.0007564766964208991,0.00019568416673110267,0.00013654492795467377,0.000712256835135261,3.2280201917755935e-05,3.731250762939453e-05,2.7981706581303722e-05,3.4092521410818654e-06,2.9925256967544556e-05,9.889191849421497e-05,0.00039900935468483584,0.0006353864446282387,0.0006199515000237521,0.0006825085428032104,0.000524451956152916,0.0016135474211527168,1.1027717792403465e-06,0.0009790025651454926
609,0.0003555200128648184,0.0003323003982293356,4.048086702823639e-05,0.0008339230396571529,1.627856661493704e-05,5.286559462547302e-05,8.734924675346534e-06,1.0518133521086572e-05,3.1620264053344727e-05,0.0004964164716219077,0.0009114506757829308,0.0007404647767543793,2.347289713555689e-05,0.00027238249402827125,0.0005747377872467041,0.0015472892561906593,9.848664239051519e-05,0.0006380565464496613
610,4.3636878696518e-05,0.00043323872756963894,0.00027627497911453247,0.00044563703050162773,9.448944087157851e-05,0.0001401994377374649,4.482715234583462e-05,4.444019482216155e-05,2.746284008026123e-05,0.0008483463790675827,0.0012823839691136762,0.0001456327736377716,0.00045121043120723014,0.0011263336390123294,0.0003375876694917679,0.0012616604601893289,0.0007174070960471138,0.0005417540669441223
611,0.00017545239294614046,0.000178386437273019,7.270462810993195e-05,0.000148966905301251,4.982513811664299e-05,0.00015714950859546661,5.370473562747724e-05,3.492773593027505e-05,1.646578311920166e-06,0.0009924645761012207,0.0013437414576389778,0.00020758435130119324,0.0005897544146135497,0.0005762906396529002,5.187187343835831e-05,0.0013311464226304082,0.0004805585001385112,1.7989426851272583e-05
612,0.0006158738583256496,0.00011211787812217405,2.0775943994522095e-05,0.0006376202109778517,9.72833614065402e-06,3.216788172721863e-05,4.5475169846275615e-05,1.4783207753618329e-05,9.533017873764038e-06,0.0014030432278064053,0.001112448361615108,0.0002478165552020073,0.0010235781941564798,3.739586191182226e-05,0.00013586971908807755,0.00027184027873811134,0.0002866379289705747,0.00019980967044830322
613,0.0002875080061402191,2.9966034800415348e-05,0.00023204274475574493,3.199238548817762e-05,8.248568286640598e-05,0.0003994405269622803,7.180428535311437e-05,2.1574969464784662e-05,3.989413380622864e-05,0.0003141716606276934,0.0006255325941716405,0.0003457535058259964,0.00037392211443902645,0.00027934617770073583,0.00011228211224079132,0.000534415146894035,0.0005251642261494497,0.000705767422914505
614,0.00024938956033018767,4.152231794737199e-05,0.00016086548566818237,0.00018841039407527238,6.798154521587413e-05,0.0003028605133295059,5.4766757540840316e-05,2.308799994926337e-05,2.6404857635498047e-05,0.0003172627884855811,0.0006085390388274464,0.0003857165575027466,0.00045297545036618314,0.0005596203068705327,0.00017130188643932343,0.0003808160140854333,0.0005256005006606538,0.0004019103944301605
615,9.242017604699226e-05,0.00023265809975602306,1.1436641216278076e-06,0.00017881054109913919,4.29347154087302e-05,2.174265682697296e-05,3.6182510624732656e-06,2.243972795493111e-06,1.8402934074401855e-06,0.00010538081521020704,0.0002456557473209664,0.0001370282843708992,0.0001106901589089937,0.00027147166731926464,7.932260632514954e-05,1.309454336867466e-05,1.3901383627704014e-05,5.0459057092666626e-05
616,0.00020887205722583402,0.00016526094892494944,0.00013224966824054718,0.0002992623591464294,0.00011641027942779075,6.971880793571472e-06,6.038493890761498e-06,5.647750971780972e-06,8.367002010345459e-06,0.0002973069483427071,0.0001827469851266375,0.0004821876063942909,0.0002822230220552169,0.00011691342513107245,0.0002914620563387871,0.001827411365225906,0.000115834051401814,0.00015973299741744995
617,0.0005276663293840578,0.0002762937699315321,0.0002616085112094879,0.00021918499843945338,9.916934838407471e-05,0.00032200291752815247,2.9896062932209533e-05,2.6521387037833232e-05,2.4352222681045532e-05,0.0011193854633755468,0.0005459096744617684,0.0006560087203979492,0.0009370291883856185,0.0002577166356448543,0.0005644345656037331,0.001988193397910676,0.0004498840762405796,0.0006340183317661285
618,0.0004788678657106915,0.00022662069292572404,0.0008419640362262726,0.0005037218356224449,2.6984642419267818e-05,0.0008490551263093948,1.1886978888670657e-05,1.3485946766872051e-05,6.46449625492096e-05,0.0014169076146423182,0.0005535942789530526,0.0007597412914037704,0.0011410193942731767,0.0003302418650874342,0.0007700081914663315,0.00035440767478009394,0.00026269979111632254,0.0011264458298683167
619,0.00015122728877853264,0.0002224255603681287,6.511062383651733e-05,1.6877284468891363e-05,6.4688346417964e-05,8.253008127212524e-05,1.6080527325459254e-05,1.1612082469745913e-05,2.197548747062683e-05,0.0005956256270853305,0.00017559622640541533,0.000375872477889061,0.00023675743576230535,0.00025529957954391336,0.0004302067682147026,0.0010943484299629769,0.00025550913286824127,0.0007097981870174408
620,0.00010692930874509066,3.968092695473199e-05,0.0003784243017435074,1.5029047614384394e-05,6.0773765413590225e-05,0.0003133397549390793,1.1543670709657228e-05,3.379826027631518e-06,3.3076852560043335e-05,0.00025656578751130643,0.0001347543969551987,0.00041494332253932953,0.0001742191309533625,0.0002874798364006226,0.0005449522286653519,0.00039125983556714816,4.7421109353006e-05,0.0005680285394191742
621,0.0002477800740903757,1.776001464280641e-05,3.637000918388367e-05,2.61701940929282e-05,8.11619286601728e-06,3.289617598056793e-05,5.976916901200696e-05,1.3112288028924109e-05,9.26479697227478e-06,7.908358656322223e-05,0.0005148696621363608,0.00029560085386037827,0.0001844739894998615,8.063708470500142e-06,0.00037456024438142776,0.0007954194569329553,0.0002684386197273048,0.00015548616647720337
622,0.0006412681953000821,1.2379992017964164e-05,0.00012085959315299988,0.0002267616418202001,1.8346434260296807e-05,0.00011711940169334412,6.39727655384198e-05,4.894109253052756e-06,2.4721026420593262e-05,0.0009856038881614348,0.000438210161372507,0.0004429258406162262,0.00075839743507021,0.0002432719158537433,0.00045952480286359787,0.00016935080152297166,6.524560740278152e-05,0.0005868040025234222
623,0.00016170289063946464,0.00020280413429034014,0.00010336190462112427,0.0004130356546209468,7.132397759878131e-05,8.409842848777771e-06,2.0105528400135575e-06,1.6782281257223718e-05,5.427747964859009e-06,0.0001283265888616797,0.00012737729521576646,9.137392044067383e-05,0.00019932975930676833,0.0003778984443622707,0.00022345967590808868,0.0007447388397378296,9.110105582470001e-05,0.0003550387918949127
624,0.000355965435026806,0.00017411431282648646,0.0003049783408641815,0.00042492311032174546,4.0247216097622635e-05,0.0002095196396112442,2.6871467655533582e-05,4.5369146416742194e-07,3.6135315895080566e-06,0.00043619062644338624,0.00010292105476628066,0.0004929704591631889,0.0003126124923609336,1.5124905244905118e-05,0.00032562948763370514,0.0014781737513182847,2.7207253516590545e-06,0.00026773661375045776
625,4.883338846134455e-05,0.0002980920650176959,0.0001375284045934677,0.00035389770735236303,8.176095037571579e-05,1.932494342327118e-05,3.229906738542662e-05,1.5172080280903165e-05,4.481524229049683e-06,0.00024433256941325254,0.0011158237943519403,0.0006020413711667061,0.00036672293255197996,0.0001108639312346546,0.0004082918167114258,0.0003784049142942225,0.0002738515743566719,8.717179298400879e-05
626,0.00026710995976225727,0.00022564554478461327,0.00013415329158306122,0.00038899493329239143,1.1775372172756482e-06,0.00015387684106826782,1.9771831788129718e-05,7.570418300624699e-06,1.738220453262329e-05,0.0006278803174619707,0.000683314450904686,5.525536835193634e-05,0.00031887778269285016,7.777719646836351e-05,1.752655953168869e-05,0.0013030979913261354,6.617185878981819e-05,6.987154483795166e-05
627,9.894715641267648e-05,0.00010017464898204667,0.0003182310611009598,0.00011391784988906695,1.1535735443806566e-05,0.0003359578549861908,1.2483708951786798e-05,4.396099829810939e-06,3.797560930252075e-05,6.858810210169652e-05,0.0003051747377137981,0.0007918812334537506,0.00032378654276420116,0.0005231153077497261,0.0007737521082162857,0.0005714852662115355,0.00010032743201747354,0.000972699373960495
628,0.0005196568869197116,7.160718255797005e-05,0.00043822452425956726,0.0007270595684291947,1.865861858225612e-05,0.0003937017172574997,4.430098948908501e-05,2.8693141903169544e-06,3.9905309677124023e-05,0.0005839655305285851,3.4180583811112275e-05,0.00024217553436756134,0.0005880898695063419,0.0002701632522369296,0.0003266977146267891,0.0022653965731631587,3.142069867967845e-05,0.0002865418791770935
629,0.0006138048624974302,0.00033598597727309276,1.2660399079322815e-05,0.0008481102555431552,5.844461730549963e-05,8.127652108669281e-05,4.726020671543332e-05,9.814678964116319e-06,9.562820196151733e-06,0.0005717336122871564,0.000806573162904875,0.00034621357917785645,0.0004977068205205409,5.854893232644376e-05,0.0001869024708867073,0.001241088121402556,8.93746827345394e-05,0.00041656196117401123
630,0.000511454014687357,0.00035090681804672216,0.000432625412940979,0.000831830580112547,0.0001402143332116905,0.0004457961767911911,4.775852251691359e-06,1.8535873130679355e-05,3.457069396972656e-05,0.0005207770780535359,0.0005151012873862368,0.00020837783813476562,0.000522163217079763,0.00023868117257277305,0.0002320045605301857,0.0006678290437637235,0.0002554208678982757,0.0005912519991397858
631,5.033062210477168e-05,0.0003769034248525642,0.00036089494824409485,0.0006761755179265916,1.5318691612323243e-05,0.00033789873123168945,7.165616349275039e-05,8.98483883460732e-06,4.6253204345703125e-05,0.0005190580225899466,3.0286577485195976e-05,0.00023849867284297943,0.0003504174659265946,0.00038723773222701374,0.00029654987156391144,0.0012196179405792873,0.0001562322936101701,0.0010603927075862885
632,0.0002095655736869262,3.264272856752862e-05,0.0002615489065647125,0.000504337026905971,0.00017120071380846702,0.00019833631813526154,1.2393528215547123e-05,2.008675851238701e-06,1.973658800125122e-05,0.0003007013516285878,4.34449671145587e-05,0.0001536523923277855,0.0004319827792356179,0.0009445651993690851,0.00024124793708324432,6.556846386013282e-05,1.1045388322104615e-05,4.120543599128723e-05
633,0.0005111845220548139,0.0001274392672909741,0.00017582066357135773,0.0001634005478888534,5.90652713700103e-05,9.351223707199097e-05,6.424928128141369e-05,2.650563682652431e-06,2.8461217880249023e-06,0.0007489733873368709,0.00019452904314208597,0.000182250514626503,0.00022555151918297878,1.4628033778718574e-05,6.499513983726501e-05,0.0001624677473759939,5.754200324259548e-05,5.2228569984436035e-05
634,2.889013806312013e-05,1.9621888753259403e-05,0.0001776609569787979,5.3029564811402086e-05,0.00010073985600003374,0.00016867369413375854,1.2708111052295995e-05,2.0509105843027258e-06,3.0238181352615356e-05,0.00015188188769035826,2.3554772230059695e-05,0.00018770620226860046,0.00017981728416814613,0.00014581542428688393,0.00019435212016105652,0.00025126786333590223,0.00016539161729056,0.0005898512899875641
635,0.00024570417266775446,0.0003020634607708954,2.70158052444458e-05,0.0003705038753231693,6.281568436163412e-05,0.00017728284001350403,2.2813013800436488e-05,2.4828054965654654e-06,3.069639205932617e-06,0.0004284438651442346,0.00018972229877849828,0.00018683075904846191,0.0005912666189958754,0.0003547705431517362,3.116577863693237e-05,0.0005476073358477995,0.00031517286457232916,6.708130240440369e-05
636,0.000245267403468169,0.00039017093996289096,0.00011718273162841797,6.047585256169219e-05,4.552679389793063e-05,1.4834105968475342e-05,9.108461749028629e-06,5.529249521090741e-06,1.0535120964050293e-05,0.00029544509163142996,0.00015147266117283842,0.00016258005052804947,5.587720528821283e-05,0.00038153207197474254,4.895031452178955e-05,0.00014795274340026476,0.00023169630121933332,9.3899667263031e-05
637,0.0005163339217354457,0.000246566493947685,0.0007090698927640915,0.00025996995784524635,5.13902596420146e-05,0.000748874619603157,0.00011944530873906484,1.2740734762109029e-06,5.9720128774642944e-05,0.0002731840056676149,9.165076414061057e-05,0.000606948509812355,0.0003605684099546591,0.00022538568080287397,0.0005420958623290062,0.0013259638809050844,9.310931906239659e-05,0.0013479068875312805
638,0.00016842806400119148,2.0321711593974945e-05,0.0003349781036376953,0.0003657241353859919,7.327782134217489e-05,0.00016399100422859192,3.173320536679902e-05,1.318909124601206e-05,3.931298851966858e-05,0.00025501691107884805,0.0002367086441078456,0.000529944896697998,0.0005068267153267997,0.00018136918887341758,0.0007001934573054314,0.0009299241261523372,8.230472606624972e-05,0.0008322000503540039
639,0.00023244355240875647,0.00021853815782864675,0.0002408977597951889,4.3974391099876886e-05,2.6809655121983605e-05,8.7689608335495e-05,3.964660389675634e-07,9.411755293478824e-07,3.333389759063721e-05,0.0002742542019462252,0.0001221222225798596,0.0004989346489310265,0.0002000929687470121,0.0002230001484123667,0.0007020207121968269,0.0007904118264830118,5.8078408303900925e-05,0.0003577396273612976
640,0.0002293821011649655,0.0003380906203580246,0.00013329274952411652,0.00016373343900874526,0.0001223884928351661,4.4424086809158325e-05,3.2720776302539584e-05,8.057198369856112e-06,2.672150731086731e-05,0.0008513578168279218,0.00014434437527024307,0.00048191286623477936,0.0006931000001767357,0.00020238096296870678,0.0006090300157666206,0.0001907572057739948,0.00012571025675403753,0.000647321343421936
641,5.401691662251795e-05,1.006837379795289e-05,0.00017755106091499329,0.00016126531448831805,3.999654137674946e-05,7.528252899646759e-05,4.885310660227363e-05,1.3907437608268186e-05,1.2058764696121216e-05,0.0001228838514159003,0.0003577434866279261,1.1548399925231934e-07,0.00020982559220807107,0.00022025972899558655,0.00013098958879709244,0.0008553723022613202,0.00015934845432381372,0.00022505596280097961
642,0.00048028505695529855,5.0351291706503265e-05,0.0002792011946439743,0.0004734220098142894,2.899457905061048e-05,0.00015113689005374908,2.543865697879344e-05,1.3706800734226206e-05,2.8468668460845947e-05,0.0007472568793310125,0.00015870108640894665,2.887379378080368e-05,0.0010709586116856573,0.00012458522472936356,0.00027025025337934494,0.001739437307082925,0.00020201865537231413,0.000315152108669281
643,0.00044096804449247906,1.7981452766657746e-05,0.00033368170261383057,0.0009860974190182004,2.306518587750009e-05,0.0003520417958498001,5.9430635398278336e-05,5.3041855276751205e-06,5.410239100456238e-05,0.0006456406593130515,0.0006340912464524867,0.0005012881010770798,0.000788258505071443,0.0008309845608983485,0.0004935944452881813,0.000816834539850736,2.477741749451457e-05,0.0009982623159885406
644,0.0001402572543307279,0.00015309584806581442,0.00038532353937625885,0.00038060716481921886,0.00010745609397277284,0.00039004720747470856,3.7203245263559004e-06,1.104524890336908e-05,3.3292919397354126e-05,0.000162322520642591,0.0003541457578461957,0.00017619319260120392,0.00033207836212088837,0.0003349684790002888,0.00019944645464420319,7.691590722633257e-05,0.0002922530368772802,0.0003220401704311371
645,2.0457113679039907e-05,0.00017763784680334058,0.0005439203232526779,0.0002413341530442814,9.79199126118109e-05,0.000536356121301651,5.302898306975244e-05,1.309569652660489e-05,3.1251460313797e-05,0.00013309105466748072,6.126376645515519e-06,0.000142538920044899,0.0002308831145376028,0.00014239211555911596,7.881037890911102e-05,0.0010069108535045168,0.00030845982591240387,0.00030872225761413574
646,4.2104023682820735e-05,0.00014590331862586459,0.0001358669251203537,0.00010464370915758137,0.0003105094110668581,0.0003086049109697342,3.2327970679113874e-05,1.4576155112397784e-06,2.329796552658081e-05,0.0007654667368987567,1.3629674909372558e-05,0.00018093548715114594,0.0006277678640689427,0.00012930731557201508,3.962777554988861e-05,1.1306852626791208e-05,0.0001233559032966468,0.00020324811339378357
647,0.00035879897109139525,6.809590306451618e-05,0.00011497735977172852,0.0001638680650267732,0.00017445127043635295,9.40859317779541e-05,4.078828169124318e-05,1.5415287720830085e-07,1.2971460819244385e-05,0.00010577290010303775,0.0002780199238390166,0.00010210461914539337,0.00010677268902142822,0.0006546404673422185,7.636286318302155e-05,5.961940200915894e-06,6.524079975687687e-06,0.00032721832394599915
648,0.0005366537120297943,0.0002106629154764346,0.000561865046620369,0.0002983133636519364,4.350002755186544e-05,0.0006356034427881241,2.4113589094609117e-05,5.85012749556137e-06,6.705522537231445e-05,0.0006582821039265441,0.00023242624067529305,0.0007149679586291313,0.0009591443967763846,0.0008567287350546848,0.0006478801369667053,6.204014125429924e-05,4.694475468101076e-05,0.0013661906123161316
649,0.000368640444717766,9.371773037782083e-05,4.322081804275513e-05,0.00011257008729173568,7.296158927971863e-06,5.151703953742981e-05,3.2265597530846055e-05,6.4667096029821704e-06,1.5012919902801514e-06,2.0696167474756888e-05,0.00016667405192027224,0.00017966143786907196,0.00021125644428177104,0.0002765920862750279,6.364472210407257e-05,0.0009538447355034452,0.00010817074133182437,0.0002553611993789673
650,0.00029374860536315883,0.00018041115357482831,0.00011356547474861145,0.00021942306413788581,3.2229190431672106e-05,3.174878656864166e-05,7.07091621326688e-05,2.0118325428362168e-07,1.6786158084869385e-05,7.943697073108102e-05,7.927150708874481e-05,1.570954918861389e-05,0.00017748577350705508,0.00043672713378321154,0.00015651993453502655,0.0004658803878993534,8.840498774472265e-05,0.0005933605134487152
651,3.95943152154965e-05,5.948536202245169e-05,0.0002602003514766693,0.00024133614516697044,8.365106441118528e-05,0.0004453808069229126,6.820550437301037e-07,1.7157542148156377e-05,3.4067779779434204e-05,0.00035391855919320037,0.00022079420655895382,0.0007319701835513115,0.00030382946265429533,0.0003552197169630414,0.0004713200032711029,0.0009204091131103653,0.00040263475260084625,0.0008755326271057129
652,0.0008817670717649051,9.90769778760267e-05,0.00021494552493095398,0.00015747497445997571,4.16174408814432e-06,0.00020955130457878113,6.401058433729706e-05,3.54604194475821e-06,1.214444637298584e-05,0.00022023799827730617,0.0001270546917904944,4.487857222557068e-05,0.0006092736789974074,0.0009918868773152872,8.860602974891663e-06,0.0007563411762667172,6.944824819905436e-05,0.0005799680948257446
653,0.00087994073413869,1.2009941462904489e-05,0.0002723168581724167,0.0001820409855413374,3.799249656990383e-05,8.181668817996979e-05,4.59569806258997e-07,1.7655657721846543e-05,9.208917617797852e-06,0.0008032960270082934,0.00017190289023365918,0.00016671791672706604,0.0009572215680859197,0.000256375200418657,0.00010214745998382568,0.0012350528844704278,0.0002429945842516647,0.0001389719545841217
654,0.0007583557829012877,5.7670496355227e-05,0.00034396350383758545,0.0005011260394748585,0.0002082804647614324,0.0002823062241077423,6.631200718068553e-05,3.6213473485623322e-06,3.282725811004639e-05,0.0008346330083850578,0.00033587573188357395,0.0003143083304166794,0.001029064336239241,0.0005242452832176711,0.0003445390611886978,0.0010983855773318008,0.00020982533755895872,0.00047581642866134644
655,2.3476272685035715e-05,8.256812156695603e-05,0.00011587701737880707,5.019881337742227e-05,0.0002665811782770512,0.00022315233945846558,9.742592560204114e-06,3.2294711736700866e-06,1.3362616300582886e-05,5.4761890954477255e-05,0.00042095076332957643,1.593679189682007e-05,7.949821818588332e-05,0.0004546748990771829,0.0001388993114233017,0.0010739832642627511,5.971192006843772e-05,4.2743980884552e-05
656,4.263132199736064e-05,3.975180917350357e-06,0.00015824474394321442,0.00013701971984356187,0.00017924692709076276,0.00021370872855186462,8.17738129251129e-06,1.0849384218489548e-06,2.9649585485458374e-05,0.00045627511579439395,0.0003408403155299583,0.00042724236845970154,0.00039896471628496355,3.234532147733393e-05,0.00032281316816806793,3.741087367276075e-05,9.786760945535659e-06,0.0006867758929729462
657,0.000880153686327767,0.00012453014704926282,0.0005511939525604248,0.0008882562060847365,0.00011035810266045096,0.0005173869431018829,4.698279179704036e-05,2.5642621330404373e-06,4.13842499256134e-05,0.0010602190048710491,0.000207180627803491,0.00012089870870113373,0.0010951172717280633,1.1294131265666973e-05,0.00010960735380649567,0.0018542575366388425,2.1085383928232853e-05,0.0003483816981315613
658,0.00018425981066769181,1.2100917311529819e-05,0.000540437176823616,6.546570326854129e-05,0.00011883665712709643,0.0004432089626789093,5.4680045344023334e-05,2.1912356517251528e-05,7.109344005584717e-05,5.0588707965787405e-05,0.0004995891066604599,0.0006490815430879593,0.00019915212130741655,0.0007987768025848885,0.0008075442165136337,0.0002570082716868427,0.00025941026002667214,0.001421801745891571
659,0.00019639371031515696,3.1362864737361634e-05,0.0003868117928504944,0.00015640049429621605,3.31892311681882e-05,0.0003661327064037323,4.090748910747996e-05,1.2784226297751539e-06,3.571063280105591e-05,0.00040444311719606274,2.3719996824642098e-05,0.00027211569249629974,0.000570034931621638,0.00021821028144314997,0.0003211256116628647,0.0006147587970843638,0.00018308168305756828,0.0006870590150356293
660,0.0003565031324798129,4.128234901569494e-06,5.6726858019828796e-05,0.00031419638366050884,8.961805870871808e-06,1.9537284970283508e-05,2.2511069803780176e-05,8.673690192740474e-06,2.46390700340271e-05,4.0355570727873546e-05,0.00013103843589828273,0.00030543841421604156,0.00010543790369192674,8.015163749361398e-06,0.00021089240908622742,0.00014672256286493712,2.7558785142279977e-05,0.0002236105501651764
661,3.922389961921735e-05,5.9497890374522744e-05,0.0005514882504940033,0.0005517135011736674,2.534772985402986e-05,0.0005918703973293304,7.108660573990934e-05,2.9983177577727995e-06,2.386420965194702e-05,0.0004747862546196635,0.0002708021933344254,9.525567293167114e-06,0.00034152039728545247,0.00019833245277424416,6.308220326900482e-05,0.0010196601104502379,7.949824639553061e-05,0.00020419806241989136
662,0.0002781105858371269,0.00010567623775148416,0.00014451146125793457,0.00038084077506694847,3.394195163477706e-05,0.0002558901906013489,6.90121495760046e-06,6.321925110486069e-06,5.0514936447143555e-05,0.0009266299475003542,0.00022715878543707463,0.0005527697503566742,0.0007439197784710055,0.0001720125072933315,0.0004354845732450485,0.00033157146040399543,5.378301085495079e-05,0.0010806210339069366
663,0.00047830363296691436,0.0005015535972963982,0.0003240033984184265,0.0011704280736679062,0.00011350444660038206,2.100318670272827e-05,3.271851942829654e-05,4.4202982145675194e-05,4.984065890312195e-05,0.0008199713690290045,0.0006563369582902046,0.0002508368343114853,0.0007636068149669967,0.00033312219305232926,0.0006064232438802719,0.0009909604847474773,0.0007755389103522841,0.0009630098938941956
664,0.00023458306629370318,0.00039851178357639197,4.674680531024933e-05,0.0006232932723536644,0.00027937921541470664,0.00037536025047302246,2.9811700530440327e-05,5.275980310701274e-05,8.702278137207031e-06,0.0006608369231073663,0.0008525265260780554,5.0008296966552734e-05,0.00041014061527934464,0.00019731376448235693,0.0004457887262105942,7.855110142387933e-05,0.0008466093295606159,0.0003176741302013397
665,0.000244444209921979,0.00018705985760400848,0.00012890063226222992,0.0010438740691900705,0.0002023545775863972,2.935156226158142e-05,4.028825125005665e-05,2.120016935813575e-05,2.7135014533996582e-05,0.0005899121107676847,0.0004248132199094201,0.0002571437507867813,0.0005289475912834546,5.289350843071944e-05,0.0004853270947933197,0.0009412251752829448,0.00043066246049385795,0.0005314983427524567
666,0.0004363106532409844,7.691910948223746e-06,0.0002371910959482193,0.0007568312257251464,0.00014088249746273263,0.00026134587824344635,1.97809203976735e-05,5.306768141257639e-06,2.0913779735565186e-05,0.0009987351097642816,5.021952852152234e-06,0.0002233646810054779,0.000771061632459033,0.0004497209652856021,0.00019715912640094757,0.0010370133223304712,0.000144833828954004,0.0001872330904006958
667,0.00020015767472331136,4.21207949424067e-05,0.0005538947880268097,0.00031205976693488013,0.0001323936514337591,0.0005938038229942322,7.991510360943858e-05,6.977156867013327e-07,4.6800822019577026e-05,0.0004778902268738755,9.412898074714904e-05,0.0001962948590517044,0.0005237190553677856,0.00019287626908082167,0.00013634748756885529,0.0013514615664138585,1.630554491954296e-05,0.0007502324879169464
668,0.00035172277696901566,4.224015249050528e-05,0.00021327659487724304,0.0002693303538637004,1.0102066311634683e-05,0.000210445374250412,1.3364933664850379e-05,1.3324661283044866e-06,4.1350722312927246e-07,5.318248399635572e-05,7.408270105407205e-05,8.662603795528412e-05,1.3199267923286184e-05,0.00015919444401635285,0.0001192968338727951,0.00045058062463115833,2.034495750633078e-05,0.00039466097950935364
669,8.120149313375902e-05,3.495660288514377e-05,1.2291595339775085e-05,0.00020751440540320298,0.00010062701671966282,7.174350321292877e-05,4.320345954344877e-05,2.733647859971849e-06,2.339482307434082e-06,0.00012089060746313385,0.00013971612134426603,0.00019454024732112885,7.580222940951897e-05,0.00020118325807959303,8.342787623405457e-05,0.0003661007073926803,0.00013336040798817873,9.022653102874756e-06
670,0.00022334728241260593,8.498141336231793e-05,1.1146068572998047e-05,0.00018925605986039318,0.00022101405314637126,0.00013543851673603058,3.329506017022907e-05,1.2200963030564363e-05,2.0988285541534424e-05,0.0002032960813838497,3.52200557252047e-06,0.00039510056376457214,0.00023416844884119326,0.00014098210732677724,0.00023896433413028717,0.000789258477352367,0.0001893075398345875,0.0005700327455997467
671,0.000316765138590025,8.914671221419909e-05,0.0004238598048686981,0.00046752569360408724,0.00013221426672111597,0.0005076192319393158,0.00015757850517864568,1.168910657644258e-05,4.3723732233047485e-05,0.00027751727930051817,0.0003870638571355431,8.788332343101501e-05,0.0005693155352052975,0.0003490673596527258,1.8769875168800354e-05,0.002046382801158958,0.00024430944873960695,0.0005945898592472076
672,0.0006021753324859658,1.5770052664461354e-05,2.86102294921875e-05,0.00034411277432436216,0.00025404783815316523,0.00012955628335475922,1.128286958118098e-05,8.516501658004767e-06,2.9597431421279907e-05,0.0009683958184781294,1.7967976253065177e-05,0.00022396445274353027,0.0007651018438340068,0.0005995946570855892,5.5067241191864014e-05,0.000782479423422161,0.00016411436300569748,3.582984209060669e-05
673,0.0003185852482305296,6.071020873236674e-05,0.0005653966218233109,0.00044860755058159785,1.545182871042286e-05,0.0005293767899274826,9.327824196499884e-05,1.3008950210811627e-05,2.3480504751205444e-05,0.00021163821431038898,6.443592881280602e-07,0.0002945512533187866,0.00023200639675734214,6.2656805892083445e-06,0.0002468116581439972,0.0019238806506501338,0.00017049537610631352,4.4327229261398315e-05
674,0.0005585349453307298,0.00010997568755966025,0.000608028843998909,0.0011004624356721615,0.00016022328394415045,0.0004675053060054779,8.60521163049445e-06,6.2568993803159925e-06,6.44885003566742e-05,0.0005366936031842157,0.00017878792753129452,0.0006932560354471207,0.0011790089745247756,0.0007011268593497405,0.0008745584636926651,0.0006518001343544244,0.00013595758583448284,0.0011599436402320862
675,0.0004891066519733533,3.311974979539056e-05,0.00010100938379764557,0.00015292889398310638,5.166740599450714e-05,0.0001013297587633133,5.929252020303935e-06,1.7950985464062976e-06,5.89713454246521e-06,0.00010969583919945292,0.0004740958293200856,0.00017572194337844849,9.189255146326014e-05,0.0004658351622067944,0.00013099052011966705,0.0002542248075350917,0.0001063319898289396,0.00016286596655845642
676,1.595025776282566e-05,0.00012537336853927702,0.0005647297948598862,0.00025306173251557484,0.00020200129922239365,0.0005200691521167755,0.00010747053645191254,6.406122491178258e-08,2.405792474746704e-05,0.0004033069539986778,5.0176984910645095e-05,0.0002501383423805237,0.0002271155641038608,0.0007520695043824535,0.0001704879105091095,0.0013210652623776575,5.103552886866853e-05,0.0001995489001274109
677,6.567442685520564e-05,0.00010367855065195053,3.028661012649536e-05,0.00031065672338800865,0.00015071841174617642,0.00023046135902404785,3.2518224249432e-05,2.9909676668159847e-05,2.5220215320587158e-05,0.00018915835136945613,0.00034587299292766077,0.00024576298892498016,0.0007592836085771604,0.0007866885760601725,0.000538308173418045,0.00042183371962042915,0.0005056668432892953,0.0007011108100414276
678,0.0004289693943772266,1.567641237162215e-05,5.9235841035842896e-05,0.0002642549979685327,0.00023762932733046097,0.00013648904860019684,3.552020761232039e-05,2.849986885662762e-06,1.535937190055847e-05,0.00026563354538057526,5.195311109040812e-05,0.000586802139878273,8.435457223572584e-05,0.0005605923839920313,0.0006673410534858704,0.00043744204324616676,8.376018283193362e-05,0.0003657415509223938
679,0.00022976097604143764,0.000132078544695418,0.00024388544261455536,0.00031815164574608423,1.869949635558213e-05,0.00028446316719055176,3.85328239904531e-05,1.5948473964014903e-05,5.248934030532837e-06,1.329228942235916e-05,0.0003747395778351398,0.00015744566917419434,0.0001471813122087412,0.0003676077512004619,7.333606481552124e-05,0.001038528190189708,0.0002404886092175684,0.00014153122901916504
680,0.0008322889049588444,0.00012259552570238752,0.0005838349461555481,0.000969103774092317,0.00031985074218242315,0.0005372688174247742,7.933303860632734e-06,2.7842224508642182e-05,3.209710121154785e-05,0.002035905940640452,6.457186867272341e-05,6.379187107086182e-05,0.0016038651088271932,2.730066154658234e-05,0.0001736711710691452,0.001204315474910983,0.0003939046668961952,0.0007809065282344818
681,0.0002658286542331634,0.0004048754135544258,9.732507169246674e-05,0.000634593237613279,0.0004128173450238977,4.596635699272156e-05,1.3080255443215574e-05,2.5872514557884825e-05,3.0994415283203125e-06,0.0002658403361842712,9.084901601557477e-05,0.0001054573804140091,0.0004846900657156372,6.286958726855335e-05,3.878772258758545e-05,0.0013345525722352203,0.0003367604240395788,0.00012686103582382202
682,0.00012425825118725364,0.0001472234597471589,0.00010752864181995392,0.00042151998207806685,8.738299976018826e-05,0.00012112036347389221,4.229713432420297e-05,2.3624150456236313e-09,2.7567148208618164e-06,0.00035278504665324506,0.00022262753918438766,0.00043507106602191925,0.0004796708006374051,0.00042723264144447354,0.000431012362241745,0.0014763361650835805,7.2912698384003036e-06,0.0003546290099620819
683,0.000692576118410948,1.866321105839855e-05,0.0004441943019628525,0.0004808560681156815,6.70191706346017e-05,0.00036422722041606903,3.3762841471501534e-05,6.533084948523584e-06,3.246963024139404e-05,0.000422959143994886,0.0002169091840696566,3.507360816001892e-05,0.0001075592606314818,0.0006841917187334623,0.0001904405653476715,0.0009190240356475032,0.00014944741677530202,0.0006404034793376923
684,0.000919686679509979,0.0002707430462832311,0.00055643729865551,0.001101770329116486,4.58717594220108e-05,0.0005438905209302902,4.108010412362008e-05,2.5138991833606743e-05,3.4477561712265015e-05,0.001350092422145649,0.0003078131254018665,0.00011505745351314545,0.0007343802224063362,0.0005087910790067332,0.00010046176612377167,0.0019080619715159675,0.00016837162317109551,3.454834222793579e-05
685,0.00036948802664477087,0.00023364352095293917,6.0480087995529175e-05,0.00021211309962126945,0.00013340478132017539,0.00010054931044578552,2.973003305177177e-06,5.6356211013286895e-06,8.828938007354736e-07,0.0002726882073685877,0.00045621434272871686,0.00017184950411319733,0.0006431129132958013,0.00046582945344287446,0.00011868961155414581,0.000530717792676938,5.463318909017852e-05,2.2862106561660767e-05
686,0.0009036672959295833,0.0001579734359070592,0.00011910684406757355,0.0010229271420796882,6.335439852540176e-05,0.0001571793109178543,5.838864251243685e-05,2.8272411631459905e-06,1.4755874872207642e-05,0.0016072008559068623,0.00023025418328668362,2.7745962142944336e-05,0.0016816105484227378,0.0010885395140388318,5.950406193733215e-05,0.0015447648003378278,5.91855545323441e-05,0.00026104971766471863
687,0.00021833605133803058,5.2558458014259624e-05,0.00019416026771068573,1.995835601881213e-05,5.039449099679405e-05,7.066316902637482e-05,5.394451164383342e-05,1.640702870078564e-05,1.3504177331924438e-05,8.681642043967264e-05,0.0007314134285024212,0.0002498514950275421,0.00035371499115577354,0.00030047010794821,0.00034195929765701294,0.00045199359805137007,0.00032770279077756043,0.0003388933837413788
688,0.00022587582083052893,7.521814002962868e-05,0.00041506439447402954,0.00015914524674798258,0.00014652272684571865,0.000325692817568779,2.2710753258870647e-05,6.4688398108259495e-06,1.4487653970718384e-05,0.00011703014212952056,0.0005779977075324946,0.00032573379576206207,9.46170444943023e-05,0.0001685367457291212,0.00015350058674812317,0.0013354493163253989,4.3717656398629e-05,6.225705146789551e-05
689,0.0016842558020568055,1.5636211376700293e-05,0.0003478061407804489,0.000903344263115502,0.0002629992994786813,0.0004070587456226349,5.089941768154395e-05,1.9806628865812838e-05,1.9941478967666626e-05,0.001332682158746129,0.0009503170372325495,0.00010081566870212555,0.0011348422266377473,1.7738844532613762e-05,7.142871618270874e-05,0.001238888638474711,0.0005170977471422038,3.435090184211731e-05
690,0.00010776815661453498,2.8981541799442956e-05,0.00043685175478458405,0.0005024715912798905,0.000534272409914105,0.00033007748425006866,7.707775176835074e-06,5.022261500312381e-05,1.9244849681854248e-05,0.0007633710870702526,0.0006409301892373043,0.00029259733855724335,0.0005780285643841865,0.0006800107718279019,0.00014461763203144073,0.0006741598350868128,0.001038551775784436,0.00015112385153770447
691,0.0003365540980996007,0.0003657473279089739,0.0005119927227497101,0.00027304408323977625,7.387475369465685e-05,0.0002963077276945114,7.422318441437613e-05,4.4269139535442465e-05,3.4146010875701904e-05,8.21148439238556e-05,0.0003666824106599159,9.267032146453857e-05,3.715833392652079e-05,0.0006695708822406568,0.0003811437636613846,0.00033934990690792644,0.0006680310835020752,0.0007056817412376404
692,0.00014231766050137873,0.0002536902799142732,8.35563987493515e-05,2.9437363303380648e-05,0.00014629427989306873,7.971934974193573e-05,6.865951577119181e-06,3.720419953139953e-05,2.3581087589263916e-06,0.00043756008218603926,7.326394113515988e-05,0.0003303680568933487,0.00034051823471609177,0.000438280278438119,0.0001172330230474472,0.0002910551827369212,0.0006020818848559259,0.00010747089982032776
693,0.0002761007042597352,6.0528982965834394e-05,8.727610111236572e-05,0.000648568785523912,3.360083411367218e-05,7.322616875171661e-05,2.888696821086445e-05,1.801966067078821e-05,4.947185516357422e-06,8.802749328040704e-05,4.953221384650791e-05,6.358139216899872e-05,0.00025442029476759054,0.00031588468305001477,8.066371083259583e-05,0.00019584487408047524,0.0003117811946289097,0.00013140961527824402
694,0.0005890424460378019,0.000284407571433172,5.805492401123047e-05,0.0008051946339029115,9.128602322511226e-05,8.200295269489288e-05,6.360355588718586e-06,1.7808781351494102e-05,1.9360333681106567e-05,5.3047766980368616e-05,0.00010681620243251783,3.1970441341400146e-05,0.0003466194478153328,8.888904816495291e-05,1.1967495083808899e-05,0.0014066126911193022,0.00020369931239154699,6.295740604400635e-07
695,0.00010102078632753808,1.4640026310356463e-05,0.00047967396676540375,0.0004163291531808777,0.0001849286006688107,0.00045298412442207336,6.955365140737593e-05,1.7430088165737326e-06,3.3289194107055664e-05,0.0005922902803737334,0.0008361045906797593,0.0001819860190153122,0.0006064896947720333,3.182222168848087e-05,0.00010852329432964325,0.001096649726907345,7.699332486028128e-05,0.00045045092701911926
696,0.00024909378418166983,0.00016832892586302745,0.00026493892073631287,0.000333406848864487,0.00012373572552313097,0.0001232977956533432,3.038629051507931e-05,2.054066482564109e-05,9.313225746154785e-08,0.00046517064832712895,0.00011926636768470195,0.0001818481832742691,0.00032190225836581376,0.0003122967010796007,7.281452417373657e-05,0.00044870154084020175,0.00037478908584366285,0.0002285391092300415
697,0.00022680197649818656,7.715151916874718e-05,5.640275776386261e-05,0.00023455404711855699,1.1255864029051377e-05,0.00015108473598957062,2.4271512033611012e-05,1.9697103936519247e-05,3.8817524909973145e-06,0.00020990258549760665,5.486708777766719e-05,0.00024140812456607819,0.0002192989638845344,0.0003024430007008694,0.0001266486942768097,0.0001953494357199992,0.0003082984764056194,0.0001247301697731018
698,0.00021922832232956768,2.599847233571151e-05,0.0002305004745721817,0.00015334870775043918,2.598447308123364e-05,0.00016463547945022583,1.7770595662099792e-05,4.580699683759458e-06,7.5623393058776855e-06,0.0002687219263381724,7.442307297717693e-05,0.00015055760741233826,2.483689177719406e-05,6.639382115984638e-05,9.476952254772186e-05,0.00029855266088771315,0.00013086913491481005,0.00013290345668792725
699,0.00039576085692069607,8.128282003666207e-05,0.0005230233073234558,0.00017554060202998323,0.00013080972164795576,0.000342370942234993,9.088581757821755e-05,2.7044602387958844e-05,3.063678741455078e-05,0.0001702117631956629,0.00012424823968694432,5.0107017159461975e-05,0.0004889136745985234,0.00040141455094917095,0.00016093812882900238,0.0011292891412114092,0.00045141013025201226,0.00020970776677131653
700,0.0007153445389962432,4.393405084088253e-05,0.0009432975202798843,0.0003780606649830265,2.223136825380695e-05,0.0009359996765851974,0.00019378818880995755,9.323890411223776e-06,5.882233381271362e-05,0.0005392754690182744,0.0007420716655632334,0.00023994967341423035,0.001122907027515399,0.00020148894486014118,0.0002468414604663849,0.0022888512242568437,0.0001106955361107379,0.0008742175996303558
701,0.00035812816030986183,0.00017982262109295447,0.0006061755120754242,0.0004217836274346687,0.00011100259961778838,0.0008026920258998871,0.00016410088397529436,1.6914522401017878e-05,4.834309220314026e-05,0.0004398923356955242,0.00025092364102343584,0.0007520020008087158,0.0009697533343257791,0.0005271653285384495,0.0004142429679632187,0.0013568075502704835,0.0004705513670796922,0.0006335191428661346
702,0.00030983606329329505,7.026892767602808e-05,0.00012194924056529999,0.00013354313888708225,0.000100948747734423,0.00013448111712932587,4.768593009744221e-06,2.5999245203015085e-06,1.9956380128860474e-05,0.00018500443085851803,0.00025545751274013567,8.03433358669281e-05,0.00019190457705155206,0.0005942795582347116,7.001124322414398e-05,0.00038329625817601354,3.0299347039732796e-05,0.0005004331469535828
703,0.0004124715548073088,1.0350138346430782e-05,0.00021552108228206635,0.0006848263583229819,6.492591717846205e-05,8.83154571056366e-05,8.098002171835414e-06,5.4519252138284695e-06,2.070888876914978e-05,0.0001738281529052449,0.0001227375985457524,0.00021716952323913574,0.0004991937833776494,9.95394123365842e-05,1.8242746591567993e-05,0.0003383722912672915,0.0002610504570791643,0.0003958679735660553
704,0.0001852574748893443,2.9422182518092088e-05,0.00018531829118728638,0.00035255353717245086,0.00013749233598488175,0.0002518966794013977,1.0608069530517253e-05,1.3225973461604819e-05,1.6130506992340088e-05,0.00017876115133760861,0.00038813060143307737,0.00036029890179634094,0.0002657189082670014,0.0003043156919218526,0.0002535022795200348,0.00047549801730562,0.00013399119293047148,0.000691540539264679
705,4.4538207786271045e-05,0.0001018359782755246,0.00023204460740089417,0.00028505225116093325,7.078732816448441e-05,4.227831959724426e-05,5.7884948624267046e-05,2.682374651953313e-05,1.1596828699111938e-05,9.521109876010903e-05,0.0006281229413446637,0.00023161806166172028,0.00024378821077962465,0.0003830962577656555,7.108412683010101e-05,0.00019532800688171204,0.00047932844253747845,0.00021656230092048645
706,0.00030494920302165385,6.576067714176778e-05,0.00028181448578834534,0.00023618233722827453,2.7919400484535672e-05,0.0002853572368621826,2.399133794407475e-05,2.4624649227840054e-06,3.471970558166504e-06,0.0005018232107974196,0.00030578299834540384,2.7900561690330505e-05,0.0002943865864678541,9.486811002967777e-05,3.195926547050476e-05,0.00022267354173208243,5.1048780392877425e-05,0.0001814141869544983
707,0.0005935309430959157,1.4374173240273846e-05,0.00021774880588054657,0.0004970164289537504,1.8092545652725195e-05,0.0003683455288410187,1.8947488262201564e-05,1.847296412994077e-05,9.667128324508667e-06,0.0007096657551971947,0.0003744576464145555,0.0003360435366630554,0.0007442859270888891,0.0006627983091259046,0.0005168020725250244,0.0006871490001263414,0.00022565586569563752,0.00045657530426979065
708,0.00043165603509623396,5.7015199848953896e-05,0.0002556629478931427,0.0007074008601640758,4.325566677415918e-05,0.0002748686820268631,4.4779470712980746e-05,7.788654450658407e-06,1.7784535884857178e-05,0.0006401192468523248,0.00010930535165550731,8.568167686462402e-05,0.0006622997430340977,0.00019297013210577835,0.00011917576193809509,0.001224579461662989,4.6185109149523423e-07,3.427267074584961e-05
709,0.0004805262239015451,0.00018013000787775804,1.117214560508728e-05,0.00032779326395648845,2.6825454715710684e-06,5.0045549869537354e-05,8.634279556336485e-05,1.0676236507074197e-05,4.7013163566589355e-06,0.0005660217305329118,0.00024616617368827115,9.110011160373688e-05,0.00038316986263119135,0.0003167395035442444,1.2064352631568909e-05,0.00010736132949895616,0.0002398421295860321,8.50781798362732e-05
710,0.00037574024282091556,0.00022603119775790187,0.00025188177824020386,0.000383110511325474,8.867799772091511e-05,0.0002182386815547943,6.694748299332712e-05,3.139175697579327e-06,1.8026679754257202e-05,0.0002875236173768697,0.00032849278075433586,0.0001426897943019867,0.00039676270005399583,0.0004051452197206609,0.0002157595008611679,0.0002604238073855569,0.00013972529581733118,0.0007041282951831818
711,0.001405171739267047,0.00015952299970588626,0.00042832642793655396,0.001383466737663458,0.00013026988791357483,0.0004482455551624298,3.202914270549438e-05,7.589491334175668e-07,5.676969885826111e-05,0.001392598944810669,0.0003348038071198933,0.0004013068974018097,0.0015666908116779704,0.00021691101309818245,0.0003816206008195877,0.002760867040209669,4.984818391173796e-05,0.0006463155150413513
712,0.000747417091208985,0.00022023818565553716,0.00030237436294555664,0.0007840165570951185,4.087035413530976e-05,0.0004559233784675598,4.6802646846283436e-06,1.608500481691086e-05,1.551210880279541e-05,0.0003165320612057848,4.254204210338286e-05,0.00027564913034439087,0.0006173419555713239,0.0002483081542503929,7.4705109000206e-05,0.00046434235899184273,0.00027156591610736714,0.0006030239164829254
713,0.0003692757589020268,1.1303019184796814e-05,9.160488843917847e-05,0.0005548908827904819,2.493896675228452e-05,5.514174699783325e-05,1.7161290014387418e-05,1.6780446507047277e-05,3.240257501602173e-05,0.00018444744812814995,0.000395383514140521,0.0002736654132604599,0.00016755195085649266,2.506528383788842e-05,0.0003413911908864975,0.0011484390553029022,0.00032159622759605014,0.0001569986343383789
714,0.00043924513802601206,5.24508508340793e-05,0.0004090573638677597,0.0004965142708805437,1.6317339933905745e-05,0.00041401758790016174,4.128655922196363e-05,9.444678117862264e-06,4.1972845792770386e-05,0.000504365040409599,0.0002154827353115646,0.00031321123242378235,0.0003271414651363491,6.564187482391293e-07,0.0003097429871559143,0.0010955718559375605,0.0002540135163905851,0.0010071732103824615
715,0.0005408871603885534,8.969891209831618e-05,9.42964106798172e-05,0.000523190704806914,3.933619986216247e-05,0.00010758265852928162,2.183113853728748e-05,3.4308542772315954e-06,2.2295862436294556e-05,4.505485350669858e-05,0.00019883534645127876,1.5389174222946167e-05,0.00029298903680384514,0.00046646101561263753,1.0514631867408752e-05,0.0013074251902461254,2.614322173626147e-05,0.00026572495698928833
716,0.0003593735848101687,0.00027576939912003426,0.0002558976411819458,0.00021358050860878497,1.7363923422993727e-05,0.0004386045038700104,5.459381696901189e-05,1.6482154050011445e-05,2.0209699869155884e-05,0.00010364178014264647,2.2876554055840936e-05,0.0003671608865261078,0.00041749406544222545,0.000776443142307133,0.00014092028141021729,0.0008644728318460693,0.00037644116086419223,0.0004067420959472656
717,0.000981757863438265,6.351127318605931e-05,0.00042781420052051544,0.0011675386552117417,1.8498851465029165e-06,9.072199463844299e-05,5.962828811757401e-05,2.9112879325625092e-05,1.341104507446289e-06,0.0014397395061041818,0.00032867633404590896,0.00029642321169376373,0.0011514289089589874,8.733924240587887e-05,0.00016735680401325226,0.00011366260340606171,0.0007170623663014392,4.009529948234558e-05
718,0.00010000207127913718,1.5506719004066555e-05,6.079860031604767e-05,0.00015054078673187865,3.0808549817157305e-05,0.00012632645666599274,3.3314609504911386e-05,1.0868225729358956e-06,6.590038537979126e-06,3.3375691024739584e-05,1.481453126445098e-05,0.0001100730150938034,0.00012628769073175228,0.00028072418917089725,1.4808028936386108e-05,0.00084576912359971,0.0001521509755324866,0.0001221969723701477
719,0.0008521629641863315,5.66822442736592e-05,0.000308748334646225,0.0006721084071831807,7.716324660873505e-05,0.00030750595033168793,7.601053672338584e-06,1.0302364303201982e-05,3.8333237171173096e-06,0.0006605651192129469,0.0005841755527679904,0.00019004568457603455,0.0004969465958617331,0.0001106679884889869,0.00020923279225826263,0.0010519618089259164,0.0001073352450909231,0.000508330762386322
720,7.581669943593217e-05,0.00011181287752490623,1.1175870895385742e-07,0.0002309806980562712,3.233161961145592e-05,0.00012444518506526947,1.1515008835557422e-05,1.8362740920877993e-05,9.462237358093262e-07,9.550415239301113e-05,0.0008351172491677522,6.677769124507904e-05,0.0002526034350053552,0.00012248538226730665,8.053518831729889e-05,0.000319740312213046,0.0002953959823636717,2.4635344743728638e-05
721,0.00027088842317418704,3.159573997789725e-05,0.00022721104323863983,0.000330325642708712,4.025245523037527e-05,0.00017672032117843628,1.5910892814136046e-05,6.9186999520799025e-06,4.6193599700927734e-07,9.870952951337997e-05,3.843808402833465e-05,5.0259754061698914e-05,0.0001807510230180942,8.112448391144056e-05,0.00013009831309318542,5.8157454888213556e-05,4.616927357381159e-05,0.00018757209181785583
722,0.0006230417629170815,0.00012743750344676452,0.00026616640388965607,0.00044973040348172955,6.2913395568652e-05,0.0003199055790901184,1.290643846125171e-05,1.7040548517757324e-07,1.0076910257339478e-05,0.0005283932374118283,0.00021527860644318664,4.272349178791046e-05,0.0006087909102503314,1.4640115520270225e-05,7.869862020015717e-05,0.0012417204770550083,0.00011562553623584875,9.794160723686218e-05
723,8.850751318054129e-05,8.197573128803162e-05,0.0002267453819513321,6.150120692044458e-05,4.91115293528438e-05,0.00022041425108909607,2.0165486246902925e-05,3.573513001036278e-07,3.345310688018799e-06,0.00013438571249430042,0.00011291878408815209,0.0002788230776786804,0.00018442961689923987,0.00012180696832939097,0.0003043562173843384,0.001301774929999222,1.125267222008234e-06,0.0002415180206298828
724,0.00025960928777568615,9.605876495354798e-06,6.896443665027618e-05,0.0004313979220836317,4.2012742442060214e-05,4.9915164709091187e-05,4.3748414920807485e-05,9.695379377352878e-07,1.315772533416748e-05,5.0076859107031635e-05,0.0004353641296087271,0.00021333061158657074,1.2502919631743326e-05,0.00010565543516049408,0.00025995634496212006,0.0011474097199067612,2.994342538416902e-05,0.0003645084798336029
725,0.0005424482179537116,2.3490000486601353e-05,1.0579824447631836e-06,0.00030677929166222917,6.412852349374151e-05,3.395974636077881e-05,1.6328767781736975e-05,5.64287387465692e-06,2.460181713104248e-05,0.0006687197853071369,0.000539298813094613,0.0002940613776445389,0.00028764108896545126,0.00026516866103334924,0.0002206508070230484,0.000673716123749668,3.5618244721823816e-06,4.902482032775879e-05
726,5.489177294235037e-05,0.00010611936216708626,2.271309494972229e-05,0.00017666680524724976,0.00011019788761110205,2.0060688257217407e-05,2.2847767661248256e-05,9.731001443673867e-07,4.939734935760498e-06,0.000677573528465078,0.00019671127812350558,0.00024372898042201996,3.8042003206825714e-05,1.09224282609649e-05,0.00016323477029800415,0.0007964828326705586,3.180555494630591e-05,0.0003268048167228699
727,0.0011514544892981815,1.0530566888621029e-05,0.000506032258272171,0.000708893446610126,8.899010924283066e-05,0.0005120448768138885,5.763732422607061e-05,7.143436268906427e-06,6.163492798805237e-05,0.00016455321754048347,3.385483276109602e-05,6.54999166727066e-05,0.0005611721260156272,0.0005155428610885138,5.4191797971725464e-05,0.0017269128689290647,0.00025728769163669814,0.00030553340911865234
728,0.0008147104620286894,2.6849458164297096e-05,0.00037074461579322815,0.0006604130266112951,0.00013419439032621994,0.00037139467895030975,7.910198756668103e-05,7.211660148242788e-07,4.380941390991211e-05,0.0003155704992807429,9.274393904962208e-05,5.8144330978393555e-05,0.0005560160401444497,0.0004307368762447583,4.769675433635712e-05,0.001168569093870836,4.978688837949184e-05,0.00029214099049568176
729,0.00041186234273002387,3.050714457568035e-05,0.0002957340329885483,0.00033244759833250814,4.445862076591853e-05,0.0002761669456958771,7.930642263594134e-05,1.3527567480186507e-05,2.7492642402648926e-05,0.00033361513811240584,0.00021054876967785408,6.253086030483246e-05,0.00039336337569151336,0.00034907878699841355,7.990747690200806e-06,0.0014574326887722144,0.00022863610251083017,0.00030491873621940613
730,0.000701807719837827,0.00014749323124798805,0.00035259872674942017,0.0009721921181003179,0.00010421614932435569,0.0002646464854478836,1.5353251567424078e-05,1.5832830970028593e-05,9.957700967788696e-06,0.0006584662534296626,0.00011153032628602455,0.0001324731856584549,0.001136503040740422,0.00023944568327606552,0.00023819506168365479,0.00010164195576756185,0.0003900906203780786,0.00047728419303894043
731,0.0001761157042755035,2.8627694278356847e-05,0.00012296251952648163,0.00012887863605431926,0.00013543201250355505,0.0002695620059967041,6.896579595112341e-05,5.272164505986429e-06,8.009374141693115e-07,2.68286556506514e-05,0.00010373482666691664,0.0004386007785797119,0.0001109410130895605,0.00030058274899798926,0.0006599556654691696,0.0012452483091270616,8.794498695772709e-05,0.0004026144742965698
732,0.00013294976779917866,6.839326001532864e-06,1.9801780581474304e-05,8.355289682535072e-05,0.0002052759914520641,5.813315510749817e-06,6.747495910017567e-05,1.644455063790686e-06,3.794953227043152e-05,0.00021563388642163728,0.00012551578961826626,0.000535380095243454,0.00014371665245047072,0.0006277093731002562,0.000574963167309761,0.000665489594048746,0.00022365051147098095,0.000549808144569397
733,0.0007906499167402714,2.378998797969087e-05,0.000278715044260025,0.0007701811361520983,0.00011652385633259196,0.00015797466039657593,4.801661496120664e-05,1.4719085355497741e-05,2.0440667867660522e-05,0.001254125488119373,0.00023377669098648135,7.657334208488464e-06,0.0009155521305023867,0.0003356554596033526,0.00016200914978981018,0.0001807114195708781,0.00015259579855638242,4.075467586517334e-05
734,0.000979176146652605,7.591587101709457e-05,5.9898942708969116e-05,0.0007462774823795426,0.00014801514467228938,5.62816858291626e-05,8.415443763501798e-05,9.38681104324177e-06,4.140287637710571e-05,0.0011278727076555542,0.0006766818636600447,0.0008019600063562393,0.0011789712721290146,0.0008351350574601554,0.0008194968104362488,0.000402524834509449,0.0001010913405983054,0.0007450804114341736
735,0.0004228866182048596,5.786427688999479e-05,0.00022926554083824158,0.000740104480988546,0.0001279785277868463,0.0003712121397256851,2.7582563393352758e-05,2.1049280371586632e-05,2.4091452360153198e-05,0.0002445210490584146,0.0002550040058690514,0.0003538578748703003,0.00047592543793156805,0.00044708619779045694,0.00018116645514965057,0.0009346099419935694,0.00037007220529012056,0.0002746693789958954
736,0.00042995063688644475,0.0001794992432743274,0.00016106851398944855,3.0389456074919607e-05,4.540278360993383e-05,0.0002696029841899872,2.887292160707114e-06,8.904618315842708e-06,6.113201379776001e-06,0.0005846428063225328,0.00019372215509821933,0.00014963559806346893,0.0005170580181368262,0.0001953349247900485,2.376735210418701e-06,0.00031958435492016046,0.0002393468400862075,1.3276934623718262e-05
737,0.0005027920060977908,1.1137739195348634e-05,0.00031604059040546417,0.0004159523174525892,5.881746974991872e-05,0.00036351941525936127,3.8367396980730495e-05,8.25424512605939e-06,3.5449862480163574e-05,0.0006178323191037699,0.0001723517392531737,0.0004719756543636322,0.0006215262567661611,0.00010939282613967038,0.0004145577549934387,0.0010060701437970554,0.00024524638638831063,0.0005243979394435883
738,0.0006933266691805662,3.9012714255073216e-05,0.0009995121508836746,0.0009838487073657587,0.00015004844139656845,0.00098428875207901,7.400018733554926e-05,4.931141394148137e-06,7.252395153045654e-05,0.0009695005596264406,9.923400581123704e-05,0.0005347598344087601,0.0008454457999786252,0.00032014298627962984,0.0005277059972286224,0.0014862508412080422,4.326105723311967e-05,0.001414656639099121
739,0.0005086058688825723,0.00016091694715622898,0.0004030708223581314,0.0005617900064669723,6.580765153932355e-06,0.0003707464784383774,2.409663822569401e-05,3.338297670871541e-06,3.571435809135437e-05,0.0004613185175545015,0.0002958443087212395,0.00019848905503749847,0.0002453928567195257,0.00045752366842726627,0.0002525094896554947,0.0007405306141629042,2.4179919999910062e-05,0.0007603690028190613
740,0.0004750409867640415,0.00015804237142696964,0.0001987200230360031,0.0010540154602867169,2.236545891239755e-05,0.0002078525722026825,1.687041765445485e-06,1.1393797302843435e-06,3.40193510055542e-05,0.0006424992935880336,0.00020281233629119988,0.0003795158118009567,0.0006949273608799766,0.00019622059391704444,0.0003617778420448303,0.0009669349109816816,8.380096374768081e-06,0.000609569251537323
741,0.00028149518226533443,0.00012601168520655,0.0001567397266626358,0.00018882795053970503,7.471883674010915e-06,0.00013036280870437622,2.3695281413729785e-06,3.2069220567951023e-06,6.3516199588775635e-06,0.00039336553576038713,3.406957247659159e-05,8.39773565530777e-05,0.0003552421199321948,3.507068586105361e-05,0.0001645367592573166,0.00019711793481672069,8.700057017786873e-05,0.00016852468252182007
742,0.00020110190653743754,0.00010030603250615194,2.411194145679474e-05,0.00032471123192559515,5.1632183923414066e-05,1.5595927834510803e-05,4.6478153977255396e-05,2.3562711871336105e-06,1.6633421182632446e-05,0.00033094212236206566,0.00016964024689553048,0.0002652667462825775,0.000575521716040403,4.753744317802233e-05,0.0002679508179426193,0.00030615225581812067,5.57025074201167e-05,0.0004207789897918701
743,0.0006525378671084214,0.00014463788500256383,0.0004949998110532761,0.0010103024298297736,4.3141020629862414e-05,0.0005341190844774246,4.4815443154405665e-05,1.7740820718617636e-05,4.902854561805725e-05,0.0009414269391232605,0.00033134168033911726,0.00015484169125556946,0.000876954817383202,3.572992326152796e-05,0.00015579722821712494,0.0020591515222352363,0.00037274815965901106,0.0005145110189914703
744,0.00012482548885014988,0.00016194920751958983,0.00020479224622249603,0.00047890614773962725,8.032286502259595e-05,0.00033310800790786743,3.210525227099505e-05,2.463280502539497e-05,1.8615275621414185e-05,0.00028078283658010406,0.0004394602410503004,0.0005282573401927948,2.2912389957038815e-05,3.58305255755767e-05,0.0003139134496450424,4.248268612719319e-05,0.0005035124628310708,0.0006911717355251312
745,0.00022450738597401543,1.5464423164680136e-05,0.00021602585911750793,0.0002905501886305284,7.77777426521492e-05,0.00029654987156391144,6.549101881909991e-05,1.0005184614026076e-05,4.850327968597412e-06,0.00021798570391028116,0.0003605923192563226,3.1478703022003174e-05,0.00022724359105968928,0.00021666422873113655,0.00015170127153396606,0.0009479190352194022,0.00017705122840590867,0.00016133859753608704
746,0.0009794979891863953,5.7218497499601784e-05,0.00014986470341682434,0.0015045755036640074,3.3222120061755095e-05,0.000376896932721138,8.364046307917858e-06,1.46146538307311e-05,1.9319355487823486e-05,0.0012094376971169274,0.0006332802708161264,0.0002808962017297745,0.0009188108409087653,0.0004690809688636388,4.0512531995773315e-06,0.001327934471862191,9.075205117243471e-05,0.00039507076144218445
747,0.001011115602978202,7.287017009028826e-05,0.00023004785180091858,0.0007726808567594667,0.00028562802360905526,0.000127280130982399,0.00017509092344983324,2.1293999775130062e-05,3.743171691894531e-05,0.0012866576985660072,0.0004399695562527228,0.0004089735448360443,0.0009891654952696866,0.000916372660081613,0.0005541648715734482,0.0003542995945292615,0.000323805161324635,0.0009077601134777069
748,0.0004437575749923206,9.587989389045828e-05,0.00014502182602882385,0.0005422041866036953,6.74488989849363e-05,0.00013735704123973846,1.4143543491270533e-05,4.61790475132624e-06,6.16908073425293e-06,0.00020157768832368417,2.3249218116090653e-05,1.4469027519226074e-05,0.0001602130858690265,0.000107051575318734,3.343634307384491e-05,0.0003321800620485482,7.888572526003595e-05,0.0004958398640155792
749,0.0005043635725053564,4.951333083842019e-05,0.0004821810871362686,0.0008025181416143612,3.9589117163351534e-05,0.0005476679652929306,3.1471191620764324e-05,7.794732270491192e-06,2.395734190940857e-05,0.00020215861726320672,0.00020818247354295605,0.000436270609498024,0.0007481861148296021,0.0005117296317274714,0.00030359067022800446,0.0006494227587829082,0.00013429852925148067,0.00021825730800628662
750,0.0003945368599079513,4.099185229500257e-05,3.244355320930481e-05,0.00025749868267813114,7.063175885351283e-05,2.1941959857940674e-05,8.591985411881067e-06,8.34947249124876e-06,8.229166269302368e-06,0.00035821185337205075,0.0003647977270324759,2.9684975743293762e-05,3.0158198231669542e-05,8.554795219718747e-05,1.2101605534553528e-05,5.964135474878507e-06,1.2017358694527223e-05,7.770955562591553e-05
751,0.0008835924976317022,1.1540463878891016e-05,0.00038232654333114624,0.00041250302704687325,2.0013243818194082e-05,0.0004273615777492523,6.761520785100034e-06,8.352290695605842e-06,4.0959566831588745e-05,0.0010763594578598323,0.0005924361003116288,0.0003893095999956131,0.0004931113572862744,0.0007073516649699144,0.00041515007615089417,0.0012172383848594037,6.0894223147709434e-05,0.0006379522383213043
752,0.00038025277263506463,3.585304102358966e-05,0.000141998752951622,0.00036373169719397525,2.053311908774974e-06,9.192898869514465e-05,0.00011110548018587567,8.997451205363364e-06,2.451986074447632e-05,0.0007430929076736315,0.00026985325603715027,0.0002829190343618393,0.0006768442627008708,9.17065571071074e-05,0.0002971682697534561,1.0223712674145569e-05,0.00014400914008174835,0.0008050836622714996
753,1.9540965643466413e-05,4.31554094335318e-05,0.00010418891906738281,5.349059391657196e-05,7.526995537958381e-05,0.00019777566194534302,2.2876584212946915e-05,1.7950244402673503e-05,8.199363946914673e-06,0.00017947197829711048,0.00010373967175286714,0.00010052695870399475,0.00019343625864372271,0.00010129639300841126,0.0002063065767288208,0.0003330535269278345,0.0003028743501507472,0.0003951042890548706
754,0.00044836722224864123,3.955286335259947e-05,0.00020035356283187866,0.0003143736419066734,0.0001371777444194172,0.00022662431001663208,2.5268534173235324e-05,7.287337423073342e-08,2.9765069484710693e-06,0.00047384096749987503,0.0001165683101152018,0.0001957956701517105,0.0005298122164481278,4.522204032319371e-05,0.00019669532775878906,0.0007638578008487829,0.0001444451763541691,0.0002718530595302582
755,0.0008745812553449528,5.662385133631265e-05,0.00023745186626911163,0.000996483055881986,3.0770810095382545e-05,0.0002841241657733917,4.9959389316119734e-05,1.5839821521382167e-05,1.6648322343826294e-05,0.0007236044957415477,0.00037557450414074656,8.5439532995224e-05,0.0007023932412002359,0.0006578042491589622,0.00014509819447994232,0.0016585752867064596,0.0002096317080760152,1.3496726751327515e-05
756,0.00037229411993802697,6.280855486513748e-05,6.607547402381897e-05,0.0010153759428202513,4.7547021908535964e-05,0.00010395050048828125,6.251312861220437e-05,1.4487843842229882e-05,2.4806708097457886e-05,0.0009896544600656032,4.592113898201078e-06,0.0008181147277355194,0.0006531983567193839,0.00015223897105429846,0.0007498711347579956,0.0016494987814434647,0.00016191820229051837,0.0009108521044254303
757,0.00032690204034260817,1.6086104385980987e-05,0.00028002820909023285,0.0007295762217580104,1.1966551950869098e-05,0.00036057084798812866,4.4400380342691365e-05,2.8450636382419106e-05,1.4681369066238403e-05,0.0007919333283240154,9.549901779519476e-05,0.00014371424913406372,0.0006575174655545218,0.00016185688669528853,0.0002495031803846359,0.0017835355680815845,0.0004885733826476145,0.00046181678771972656
758,0.00012822392223363344,5.7546629358976725e-05,0.0002578459680080414,9.490539589934732e-05,6.424246982526458e-05,3.7979334592819214e-05,7.754193515904784e-05,5.241712749090352e-05,1.0885298252105713e-05,4.877122909603682e-05,0.0007564061992090879,0.00012373924255371094,0.00010016125754976068,0.0009471973434837938,0.0002991482615470886,0.0007436259443893423,0.0007541246123047626,0.0005887001752853394
759,4.917305570925623e-05,7.872379846319763e-05,0.00025790371000766754,0.00014318363404247636,4.876201791594384e-05,0.00030055269598960876,5.149640359383527e-05,1.7667381966404217e-05,1.029670238494873e-05,9.99337928467292e-06,4.764008632105604e-05,0.0001785382628440857,0.0004494382858994117,0.0004889695829746465,9.273365139961243e-05,0.0005237811217078392,7.69248468110523e-05,0.0005221851170063019
760,0.000165966524053901,0.00012013805934972532,0.00011291354894638062,0.0006170600460916886,3.9018458734205175e-06,9.58666205406189e-05,4.4676511042699915e-05,1.069195343716934e-05,8.005648851394653e-06,0.0001994813446697663,7.027538118779125e-05,1.5715137124061584e-05,0.00016283783897591553,1.3008320215619762e-05,3.250502049922943e-05,0.00044326940501066003,5.383246522561798e-05,0.00040017440915107727
761,0.000175205479940016,0.000117408832753612,0.0008852910250425339,0.00028749834753105663,2.0182522234599848e-05,0.0007065720856189728,0.0002000424215802335,4.0786466978478685e-05,4.48860228061676e-05,0.00024641303084740884,6.564750116649226e-05,2.2592023015022278e-05,3.881137643663157e-05,0.0005426750665299337,0.0002204347401857376,0.001515806348479587,0.0004652310895048717,0.0011734254658222198
762,0.0004847386851277724,0.0002890847808401792,2.8349459171295166e-05,0.0003104873553252674,0.0001640031597546221,1.383759081363678e-05,9.103949685225488e-05,2.832631762014412e-05,4.6193599700927734e-06,2.3360342475492457e-05,0.0001285638433010522,0.00010440126061439514,0.0005274024328520699,0.00015242322048717588,0.00014769285917282104,0.001123619154800637,0.0005233909566962898,0.0002622567117214203
763,0.0009265909458674171,2.7098333860425122e-05,0.00011603347957134247,0.0012342980808659476,0.00019489201708334028,7.632933557033539e-05,7.860191121372359e-05,1.76115991546513e-05,3.4384429454803467e-06,0.0007819349805926468,0.00020258088432963117,0.00016833841800689697,0.0009883541843982158,0.00013381356011564483,0.00012550875544548035,0.0012159208860550719,0.0003208125739053428,0.00025032833218574524
764,0.0006296525691820987,9.737296328287542e-06,0.00027912482619285583,0.0005864654017496973,6.5143283071930624e-06,0.0003260243684053421,6.015800710820751e-05,1.488116943649761e-06,9.465962648391724e-06,0.0003533756152293843,1.9170796230996712e-05,0.00022838450968265533,0.0005814357505308093,0.00026124268788130234,0.000269303098320961,0.0011174297678878953,6.104336988870191e-05,0.00010074302554130554
765,0.00014630230425571877,1.1198140674489876e-05,0.0001089293509721756,0.0006755762017105482,9.796096032965718e-05,8.093193173408508e-06,9.641123768753396e-06,6.565099940348195e-06,1.512095332145691e-05,0.00010925398236057149,0.00024617602246249093,7.606297731399536e-05,0.00029607933391466446,2.5512276107697573e-05,0.0002148561179637909,0.0002828255735131402,6.357832685541232e-05,0.0001202896237373352
766,0.0007884092000776388,0.00019359019609418993,1.3900920748710632e-05,0.0008187507926856463,7.351521881299519e-05,0.00015973858535289764,8.820101117469961e-06,3.0014721353801562e-05,2.545863389968872e-05,0.0009074787351937147,0.0008574006219322083,0.00029035843908786774,0.001059787949449692,0.001047600222736672,0.00013276748359203339,0.000550962691367396,0.0005137865385736442,0.0004522278904914856
767,0.0005322021689528056,6.418847335782837e-05,0.0003193821758031845,0.0012310233753821398,0.00014673150033933657,0.00016545504331588745,7.61610745949378e-05,3.4909790770923745e-05,2.6263296604156494e-05,0.001079905001200837,0.0004911064989190847,0.0009148772805929184,0.0013359271071238937,9.50291386572974e-05,0.0006579607725143433,0.0017769574703778157,0.00047662506810246816,0.00089288130402565
768,0.0011341466764847874,0.00016518025014648427,0.0005118902772665024,0.0008708431655436721,5.416361024736596e-05,0.0006493479013442993,9.347850405590392e-05,2.7831909260981095e-05,6.698444485664368e-05,0.0012124747703783495,0.00032909713621769726,0.0009662993252277374,0.0010250166999910132,0.000494371032050113,0.0008173082023859024,0.0006592080480469498,0.00038347748244076346,0.001186329871416092
769,1.3522527288256647e-05,0.00011760897714084909,1.630745828151703e-05,0.0002447144286153169,6.131913099533329e-05,2.6833266019821167e-05,8.351996565613383e-05,1.0302196920726047e-05,1.1451542377471924e-05,0.0002718689731287943,0.0002551094079044358,0.000181516632437706,0.00022111723645618087,0.0005792350695816295,0.00020735152065753937,0.001144767592781204,0.00017990459550732188,0.00031585246324539185
770,0.0013604926881927992,0.0002961204457096675,0.00040002353489398956,0.0006362844051326366,6.354475268000731e-05,0.0003511812537908554,0.00011960686589942114,1.5686423932594594e-06,6.384402513504028e-05,0.0008450809041481572,0.00012764403729512153,0.0007674619555473328,0.000935511167568237,0.0007121125220821353,0.0008401107043027878,0.00019842833137420635,0.00019049062673054005,0.001449480652809143
771,0.00020034528523385498,3.5890683360587095e-05,0.0001302417367696762,0.00022160192352904673,6.033384400040698e-05,7.662549614906311e-05,0.00012595791250475524,1.5685137414997197e-05,7.078051567077637e-07,8.384153930765526e-05,7.892084113517855e-05,0.0005611572414636612,0.00042909794696152637,0.0006510331503347053,0.0004949849098920822,0.0007786294669668847,0.0002496491510446822,0.00016418099403381348
772,0.00018764278315050453,0.00016113527608166422,0.0003610476851463318,0.0001880735567875158,9.278613867928776e-05,0.0005211010575294495,7.363092837352203e-05,1.741174003121647e-05,1.337006688117981e-05,0.00047083848207553347,0.00029756793212130234,0.00011724233627319336,0.0004340127583038339,0.0003232441127753935,0.0001588873565196991,0.0014267859383344794,0.0002976261984488004,0.00041901692748069763
773,0.00010664682956232352,0.00023246595865760236,0.0003080833703279495,0.00023308107942335288,4.369925806509134e-05,0.0006787832826375961,4.4222560548050696e-05,4.150788619937137e-05,4.809349775314331e-06,0.0002818067768813326,0.0004440600936742381,0.00014248117804527283,0.0013351992365642495,0.0005790384850130753,0.0006152503192424774,5.238803548474058e-05,0.000765451317736855,0.00021541491150856018
774,0.00011589815028545392,0.00013778005557671738,0.0007460601627826691,5.657677598866484e-05,2.820233951338416e-05,0.00046479515731334686,6.896770269686561e-05,4.120911802430621e-05,4.876032471656799e-05,0.00041449351373738785,0.00012567461267554147,0.0002617351710796356,0.00029632144230348767,0.0005951635589514018,0.0006162524223327637,0.0011418980984059246,0.0004727461432355927,0.0013043731451034546
775,0.0006460703156712932,4.4861679980145314e-05,0.00017677992582321167,0.00037989354314080237,0.00017611197713938986,0.00018191523849964142,7.724962614623875e-05,1.0779076572691452e-06,1.3981014490127563e-05,0.0008730027148145525,0.0003150469109340498,0.00043733231723308563,0.0010003707756091051,0.0001682917659131672,0.0004795622080564499,0.0006469965375630327,0.00015320924035119648,0.00043562427163124084
776,0.00033468489564625337,0.00011336509869348116,0.0001771971583366394,0.0003218062151979506,6.799689109722798e-05,0.00010140426456928253,4.939627056794321e-05,6.623224656499994e-06,1.5147030353546143e-05,0.00048067756262168415,0.0001549629895447463,0.00014114752411842346,0.0006953118487424761,3.845840228417635e-05,5.3666532039642334e-05,0.0015342446074368132,0.00018212577475932288,0.000263020396232605
777,0.000255887177509434,0.00010175016961115613,7.75698572397232e-05,8.41039071718952e-05,9.74578343390757e-05,0.0001221727579832077,5.418331513131619e-05,3.115320583272679e-05,2.8502196073532104e-05,9.441414824576388e-06,0.00037403315713405855,0.0010606646537780762,0.00047332159309632776,0.0005320479121713254,0.0008539799600839615,0.0021977224110147353,0.0005250894630170655,0.000741858035326004
778,4.1295477021169313e-05,0.00010805654456636296,0.0006974637508392334,0.0001464727862511006,0.0001810221590350415,0.0008706506341695786,5.8746842515392667e-05,1.102446218047764e-05,4.832074046134949e-05,0.0001944189603228924,0.00029757238142043285,0.00034110061824321747,0.0003721785122932503,0.00022850595231697912,0.00011669285595417023,0.00015423667021968734,0.00042997780634679316,0.0010825060307979584
779,0.0004178610530432558,3.0092711721493165e-05,0.0003644544631242752,0.0005619319387090704,0.00013060098824220837,0.00017451681196689606,5.342297407844726e-05,2.9095078631811855e-05,2.327561378479004e-05,0.0007205520141536081,4.003094751486164e-05,0.0003424733877182007,2.9135575996763752e-05,0.0003923253186743636,0.0005873478949069977,0.00042959921644067367,0.0005230077236341021,0.0005748830735683441
780,0.0002028545993278119,7.609730107219215e-05,2.5872141122817993e-06,9.379132766804132e-05,0.0001239440330261625,9.700655937194824e-05,4.385538946078543e-05,1.565158852863406e-05,1.389533281326294e-05,0.00021044497342317947,9.20177273064926e-05,0.0001285932958126068,0.00014850164292200263,0.00011120720435082304,2.5842338800430298e-05,0.0005573559345146972,9.09763113546673e-05,0.0003886595368385315
781,0.0006593958780770348,0.00011260211205301948,0.00020261108875274658,0.0004708339364447589,0.00018384835264245725,0.0002182144671678543,4.228298172217343e-05,2.3029498803523306e-05,2.6363879442214966e-05,0.00030265497507667855,0.00012448667735946023,4.4932588934898376e-05,0.0005292236150227642,0.00011424341110291558,3.2646581530570984e-05,0.0007469642904665008,0.00040058338420332794,0.0004506818950176239
782,0.00035744213733676644,0.00023424187857465015,0.00033420324325561523,0.00022219644029150554,0.00021310326397779022,0.0005563776940107346,5.3660875211324066e-05,2.3222772257231567e-05,4.4718384742736816e-05,0.00016243453119446638,8.119251328020383e-05,0.0005676280707120895,0.00012003660697486318,0.00045119246628870513,0.0002495069056749344,0.0004457504349152652,0.0002578391670906067,0.0005843043327331543
783,0.000515777864836614,6.428824754506346e-05,0.00012227147817611694,0.0003333466960788456,0.00024347225664912014,8.182413876056671e-05,3.477508687599676e-05,6.2565443185850806e-06,3.937631845474243e-06,0.0006026110732821957,6.0694307473754816e-05,3.257952630519867e-05,0.0009137142816898064,4.409959033047084e-05,2.461858093738556e-05,5.454783868374946e-06,1.1927343151053697e-05,7.972866296768188e-05
784,0.00021303556204452234,0.00022224005273538752,0.0002613123506307602,0.00011517731478064008,0.0001607979622554566,8.689798414707184e-05,4.87105683107808e-05,2.7850290835123047e-05,2.8561800718307495e-05,7.112653246557632e-05,0.0006452066115034891,0.00011725351214408875,0.0006114059259094626,0.00024281209157454853,0.0001299940049648285,0.0014359169862615817,0.0003900254951961788,0.00013259053230285645
785,6.378350761770957e-05,0.00024393166326365512,0.00038563087582588196,0.00023005927262223502,0.00021396940595926062,0.0002676956355571747,5.2561152490863267e-05,4.854541602142834e-05,2.4199485778808594e-05,0.0001711345283852972,0.0002329411979708762,2.2454187273979187e-05,0.00025134068962053,2.5339869643078994e-05,0.00020509585738182068,0.0012406850993369745,0.0008255004087880384,0.0001665055751800537
786,0.0004947384919739006,0.0001406538362099148,1.6165897250175476e-05,0.0006021840654548971,0.0004354661410046895,6.037205457687378e-05,5.553269400399713e-06,4.093214076702944e-05,1.5094876289367676e-05,0.0007083595622164873,0.0002218607437812492,6.44885003566742e-05,0.00011614772990262145,0.00039124396522341454,1.9041821360588074e-05,0.00045703643471498023,0.0008771340759224462,0.0004438161849975586
787,1.703266642039125e-05,0.00023388109482569766,0.0001717042177915573,7.912660987080544e-05,0.0005170984989491707,0.00029883161187171936,4.961241423882823e-05,1.817016474587433e-05,4.491955041885376e-05,0.00018902931732898282,4.191394550148719e-05,0.000697670504450798,0.0007459581300792439,0.0009996840450673325,0.0005143545567989349,0.000512031733172269,0.00022324443308172287,0.0014664195477962494
788,0.0009271274554773223,0.0002127537072062237,0.0002244655042886734,0.0015597403137760923,0.0002223021194430637,0.0002444721758365631,1.4985752646780315e-05,5.329665975886623e-06,3.110244870185852e-05,0.0007211120063847151,0.00018960883032288073,9.687244892120361e-05,0.0009604764465134599,0.0005674043037478191,0.00011831708252429962,0.00170418062822833,0.000147660609399958,3.730505704879761e-05
789,0.0003394266665239509,0.00011911374241335704,9.906478226184845e-05,0.0009051871924538324,6.0546396671967706e-05,0.0004534069448709488,4.1616316827503e-06,5.099476527945536e-05,3.5937875509262085e-05,0.00011736864672015623,0.00061196787264272,0.0007204078137874603,0.0005602809279118964,0.00025461004943864995,0.00023251399397850037,0.00110283523443655,0.0007416910420485548,0.0012293606996536255
790,0.0008375949520383896,0.000211082843365875,0.00019005686044692993,0.0004631304334897779,0.00014732983370735822,0.00021062791347503662,5.21131864806082e-05,4.952105529164805e-05,2.4534761905670166e-05,0.000639749114707544,0.0007226456962544717,2.9334798455238342e-05,0.0007445185082357794,0.0007143733386000203,0.0006260965019464493,1.262579951150089e-05,0.0005892994862882056,0.00027199462056159973
791,0.0005595949905284892,2.1655203382583976e-05,0.000682927668094635,0.00010012401119410819,0.00020766925457462934,0.0005392003804445267,0.00011826237641885187,2.020802246174269e-05,8.298829197883606e-05,0.0006881648051452333,0.0004366437817366342,0.0007623936980962753,2.225773971229611e-05,0.0003693745540025231,0.0009706132113933563,0.00041174443234209823,0.00012960454410965334,0.0015617012977600098
792,0.00034290188081248507,3.650495731858175e-05,2.1494925022125244e-06,0.0002798502968583694,7.291989504029997e-05,0.00020868703722953796,8.973415047256253e-05,1.6578251236541854e-05,3.3911317586898804e-05,0.0008844979704309003,0.0004071258512561571,0.0003899224102497101,0.0007539468911459679,0.0004911483236832506,0.0006913580000400543,0.0003561932280483071,1.6180843240770366e-05,6.011500954627991e-05
793,2.937697031690778e-06,5.3242001938461764e-05,0.0005780048668384552,8.098333449341188e-05,0.00011400395889194642,0.0004267115145921707,0.00016149769589374544,1.8371897694521925e-05,6.432831287384033e-05,0.0007485466538077329,0.00024517112484746806,0.00038862042129039764,0.0006412571225586153,0.0003449869005666892,0.0006239768117666245,0.0003495952551898218,0.0002108140512548022,0.0009018778800964355
794,0.0002802301306174815,1.620853103067796e-05,0.00046502985060214996,0.0006382076187366748,0.0002591230528859907,0.0003408920019865036,6.557428941257257e-05,1.3739970264699014e-05,3.379210829734802e-05,0.00010464958062054996,0.000755669518213764,0.0001461859792470932,0.00017182787877861178,0.0009332252700820914,0.00032775476574897766,0.0006104941995586366,0.00010264763960732802,0.0008699335157871246
795,0.0004005054851031198,8.909030017284145e-05,0.0001199822872877121,0.00037779351101527303,9.704661080681826e-05,4.492141306400299e-05,7.155906952649449e-05,9.110800699165255e-06,4.2416155338287354e-05,6.006867473681843e-05,0.00028076729873989514,0.0005797035992145538,0.0003950720542245656,6.219251580855817e-05,0.0006253588944673538,0.00040576545906534367,0.0002774170888656135,0.0009657256305217743
796,0.00033365303395302415,0.00021906778997432194,0.0001271311193704605,0.0004349929455775836,0.0001018659192673875,0.00044429488480091095,2.7172110257205062e-06,3.664698085282961e-05,2.0034611225128174e-05,0.0005555351264368291,0.0007844971723811808,0.00026513636112213135,0.0006644276486856698,9.23026143562003e-05,0.00011701323091983795,0.00018015443172145207,0.000612078751234786,0.0005976669490337372
797,0.0002016787936606479,0.00020705956354543503,0.0007537826895713806,0.0002507031109948432,0.0002275508760625211,0.0009183231741189957,9.516959933120184e-05,2.6778121009449863e-05,8.134916424751282e-05,0.0004196822333885769,0.0005736789826046862,0.0005055349320173264,0.0003204557168681871,7.363539928686297e-05,0.0003100614994764328,0.0011453995664870709,0.0004015312837331443,0.001533612608909607
798,0.00030287468219014624,0.00010716701454632077,4.919618368148804e-05,0.0004873159481046385,4.4293210273122635e-05,3.4477561712265015e-05,2.9187529116146693e-05,1.4771039124295774e-06,7.022172212600708e-06,0.00015329291962574987,3.9463345855708654e-05,5.9781596064567566e-05,0.0005225466605299073,0.00046165974822778844,1.6298145055770874e-06,0.0007788400416607888,0.0001727122959635165,0.0002797320485115051
799,0.0006476044001408054,4.562690274588846e-05,5.804374814033508e-05,0.0006781166878823408,0.0001863917626576221,0.0002164393663406372,5.499983278255474e-05,1.5571354753513787e-05,1.9583851099014282e-05,0.00045800715253314916,0.00023223547142322415,0.000338016077876091,0.0005322992715729655,0.0003184907278635449,0.00018900074064731598,0.00019742512775847154,0.00022703098342874472,0.00038493797183036804
800,0.00037039967716259725,7.303593026038169e-06,3.0221417546272278e-05,0.0002814661537947072,1.0051665690877926e-05,8.427910506725311e-05,5.096914927797333e-05,1.1728055148833193e-05,1.3653188943862915e-05,0.00044516354722755336,8.215176849262623e-05,0.00014416314661502838,0.0006726747193825169,6.244427432500893e-05,4.053860902786255e-05,2.7391734693266168e-05,2.0563949778408183e-05,0.00035280734300613403
801,0.0004857242181617871,5.0892852082005946e-05,0.00041713006794452667,0.000755047965172867,0.00010300006905781742,0.00048697926104068756,9.11113160525015e-06,1.1181625592318752e-05,4.67933714389801e-05,0.0005966016111857847,0.0003188887487370687,0.00041776522994041443,0.0008442018017302683,0.00011427926096385654,0.0003189854323863983,0.00021830164421812737,5.1474765760827716e-05,0.00046203285455703735
802,0.0005186995350632828,2.2450627560427483e-05,0.0002968590706586838,0.0005029916778148957,4.9730002652390026e-05,0.0003408435732126236,1.1151124637336085e-05,2.0636271308649412e-05,2.261623740196228e-05,0.0008405838423726636,0.00032264462697689095,5.663931369781494e-05,0.000809030400726829,0.0004885939686439036,1.8084421753883362e-05,0.0002847808180481415,0.00025361199055731667,0.0005072429776191711
803,0.00040611443399360403,0.00010001029614950183,0.0003043562173843384,0.000607855052713796,0.00014031939363514864,0.0003571361303329468,6.553408688062326e-05,1.4432617979316496e-05,1.8171966075897217e-05,0.0005932107410507453,4.633935211311585e-05,0.0003205053508281708,1.4077023870698313e-05,0.0003208949658868865,0.00028641335666179657,7.875222844716534e-05,0.0002553601046246679,4.194676876068115e-05
804,0.00025518468307531017,1.7356645508292273e-05,1.4647841453552246e-05,0.0003656114086489637,0.0001995876758560354,5.603022873401642e-05,2.610362554757162e-05,1.8891041463655039e-06,6.366521120071411e-06,0.00048156325715549564,0.00017757596820385663,5.3998082876205444e-05,0.00024662820172156874,0.00014323575654042603,0.00019884854555130005,6.709425692447146e-06,1.1343350906279758e-05,2.469494938850403e-05
805,0.00016509399705225136,4.0018375580552074e-05,0.00018799863755702972,0.00016791239731178687,4.362636081654131e-05,0.00019961223006248474,1.690277357049505e-05,5.584808627662679e-06,1.6611069440841675e-05,6.869936688405631e-05,0.00040853901295818257,2.2115185856819153e-05,7.706375267799159e-05,0.00018608754639257846,4.9330294132232666e-05,6.49518363042001e-05,7.120310893656348e-05,0.000564325600862503
806,0.00010011385083075197,0.00023299650037962236,0.0005342774093151093,0.00026386898511659984,0.00017674798626517857,0.0003545451909303665,8.41251839975854e-05,2.410278456357266e-05,4.382804036140442e-05,0.00036136540357180336,0.00016532042467119062,7.449090480804443e-05,0.0003930712549492371,0.0006381070744649817,0.0003005322068929672,0.0007855545593329627,0.0005378900178152363,0.0009179264307022095
807,7.153499551046383e-05,9.896088540985865e-06,0.000743640586733818,0.00034665867454039545,0.00010235919103683891,0.0007880423218011856,9.822411326340999e-05,1.1237107987894384e-05,4.938244819641113e-05,0.0001254818586656492,0.00030728819469136304,9.628012776374817e-05,0.0002751247279726421,0.00023553084603532282,0.00013934820890426636,0.002152771671229292,0.00011226558817043061,0.00038900226354599
808,3.862096967371942e-05,3.419356142341998e-05,1.0814517736434937e-05,0.0001793293851687916,0.0002679655655643161,0.00013860128819942474,7.195405667458077e-05,1.2003593906298828e-05,2.2366642951965332e-05,1.9924333543794304e-05,0.00012483847051814045,0.00042945146560668945,0.00021252021099014973,0.0005702828423078191,0.000568462535738945,0.00018821657776757483,6.663969057721722e-05,7.417425513267517e-05
809,0.00038422830545695175,0.00015910562009827448,0.00020534545183181763,0.0003335523447319799,0.000104619429628236,0.00037582218647003174,8.165092138881849e-05,1.1786384101025222e-05,5.636364221572876e-06,0.00040623081850467424,0.00020727716318214018,0.000222865492105484,0.0005005265899548361,0.0002480390988119849,0.00045756809413433075,0.0014961700377445208,0.0001343822677896409,0.0005776062607765198
810,0.0001535019106349289,0.0002410093459455677,5.772337317466736e-06,0.00019216766301571875,6.248152383328542e-05,8.403509855270386e-05,3.7467257123943026e-05,1.845760651612472e-05,6.619840860366821e-06,3.6050785102895166e-05,0.00012404651000014894,0.00024654529988765717,0.00017394419235883252,5.646368032619087e-05,0.0001111980527639389,0.0004962095281973167,0.0003569391659982782,0.00012848898768424988
811,0.00017606563158786837,0.00015215628696052183,0.00018037483096122742,0.00019169719362252535,3.5989292963486963e-06,0.00013005919754505157,1.9723699661331612e-05,8.961926109964525e-06,3.2372772693634033e-06,0.00025318920446375237,9.645426047415195e-06,4.188716411590576e-05,0.0003021811963083293,5.005047216678077e-05,1.7005950212478638e-06,8.309188819130564e-05,0.00016950186683617387,5.1237642765045166e-05
812,0.0005665439960728935,2.6415167262185124e-06,0.0001318845897912979,0.00046896344551272673,0.00045919500396265217,0.00020528770983219147,2.8117831250158362e-05,1.2211636493756608e-05,4.595145583152771e-05,0.0006898211004371518,0.0004577839933930031,0.0004994384944438934,0.0007104109294202854,0.0004898291357401247,0.0003823675215244293,0.000625472363839169,0.00021851472127696345,0.0005924403667449951
813,0.00031171052122405674,2.1919227138605252e-05,0.0005074813961982727,0.0005678240017593372,0.00021623714394802124,0.0005833301693201065,5.885775265640665e-05,5.749282293481548e-06,4.966557025909424e-05,0.00013068732605441002,0.00011222778581276155,0.0003468897193670273,0.0004969218634899991,0.00028720552423705525,0.0002637673169374466,0.0009933811142397442,0.00013979268777635856,0.0006984472274780273
814,1.2651763079823963e-05,7.245803396141795e-05,1.901760697364807e-05,4.317085968955081e-05,7.982790974869411e-05,0.00014888308942317963,5.452410271039598e-05,2.6071756970795658e-05,1.0285526514053345e-05,0.00037379696614073255,0.00017425789706593253,8.837133646011353e-05,0.0002573585295395503,3.627304858008079e-05,0.00013248808681964874,0.0008378198601984854,0.0004384491669387294,0.0001374557614326477
815,3.734873424840468e-05,0.00012103102648968259,3.587454557418823e-05,0.00020280651601126132,9.462600183979264e-05,7.452629506587982e-05,8.064040728746752e-05,2.3201691791868945e-05,7.014721632003784e-06,0.0004604641801946585,0.00015401578850605946,2.9461458325386047e-05,0.0005650915713484445,1.6059812792894312e-05,8.521229028701782e-05,0.00018105780891591872,0.00035418419156305796,0.00011823698878288269
816,0.0001939978250443397,7.508896501644616e-05,1.9107013940811157e-05,0.0005372136024533181,0.00010858932208394553,6.389059126377106e-05,2.25871261913535e-06,2.5498603918155277e-05,2.804771065711975e-05,0.0003242048042356588,0.000358846817459825,0.00028914399445056915,0.0006899230032285097,0.0002768654816097185,0.00023223645985126495,0.0007815377400831325,0.0003473595518666069,0.000648006796836853
817,0.0007691323232817959,1.5982013769722664e-05,0.00013423524796962738,0.001177244411329409,0.0001398463789685396,0.000103706493973732,3.193292415580237e-05,6.31607549991315e-06,1.9330531358718872e-05,0.0005587979451478764,1.8675521825425867e-05,3.4594908356666565e-05,0.0006409331083707531,0.0001865283013152974,3.3352524042129517e-05,0.0011901853817219976,9.641477189126007e-05,0.0001116432249546051
818,0.0005649135063675037,4.178717715005997e-05,0.000359363853931427,0.000496141493637442,7.852348364177641e-05,0.0004111193120479584,3.748017566703073e-05,2.7581926906550746e-06,2.24187970161438e-05,0.0007510788379499339,0.00010994639970894615,0.0002426542341709137,0.0006210741274898651,8.771534807653497e-05,0.0001333225518465042,0.00021363310533670243,0.00010121477089553412,0.00048116594552993774
819,0.0008189569925231011,3.553040258113052e-05,6.183236837387085e-05,0.0006569307708382821,0.00016266208082678021,6.450340151786804e-05,1.4549822906047977e-05,2.0198425614549896e-05,8.631497621536255e-06,0.0008394248630127499,0.0001826391795971341,5.125068128108978e-05,0.0007532192845540048,0.00016957624081347794,0.0001866798847913742,0.00036858245608503704,0.00032628717670860974,0.0002460293471813202
820,0.0005544769560513751,8.568482021369811e-05,3.0566006898880005e-06,0.00035479736577992416,5.800743433300587e-05,9.035319089889526e-05,2.598144559696515e-05,1.3644710506124713e-05,1.3109296560287476e-05,0.0006794914777999705,8.575085346071432e-05,0.0002535078674554825,0.0004393476218321757,0.00030698576700902147,0.00012968853116035461,0.00043377409839001624,0.0003051108309258493,0.00023233145475387573
821,9.390543584131272e-05,0.0001487540529278089,0.0003811642527580261,0.0001036176020577928,0.0001811812536704864,0.00042774342000484467,1.5103163317421037e-05,1.0258557714959714e-05,5.628913640975952e-06,0.00031388762342794696,0.0002866495147003517,0.0003349892795085907,0.0005050291505809545,0.0009281139231233915,0.0003630146384239197,0.0007789237000850602,0.0001115893097474118,2.6457011699676514e-05
822,0.00044432609628874964,0.00022464647698553983,0.0003779008984565735,0.00022852046948382276,0.0004942245832669535,2.808868885040283e-06,8.923214761472932e-05,5.403787486441531e-05,1.1980533599853516e-05,0.0006899765056198048,0.0007461830421608764,0.000544864684343338,0.00030895909506663266,0.0007278694888098666,5.188770592212677e-05,0.0004065968249166163,0.0007724926845040269,0.0005102492868900299
823,0.0009330555706875965,0.00011884566596084487,0.00010058842599391937,0.000560668426306421,0.0004084652969478797,0.0002708025276660919,4.482726218352738e-05,2.4876183891318145e-05,4.663318395614624e-05,0.0007340198082950444,0.00040397411366387137,0.0007609352469444275,0.0010100117541765458,0.0008085082469743154,0.000566486269235611,0.0014114406772108568,0.0002280695577725543,0.0007015205919742584
824,0.00031706735022901666,3.62424335382007e-05,0.0003319382667541504,0.00015396548353596717,0.0001442420680004379,0.000291360542178154,1.2920496028547696e-05,3.80223343229025e-06,1.9252300262451172e-05,0.0003663923573189176,0.00033048664714746545,0.0001742728054523468,0.0005634415519608915,0.0001353083382421294,0.0002520959824323654,0.00037580905070652704,0.00013929293684528067,0.000307232141494751
825,0.00020688116024430991,6.627345369141294e-05,3.433786332607269e-05,0.0002193938682540364,2.5472410489998237e-05,0.00016948208212852478,2.426229587840223e-05,1.8938520780790644e-05,6.400048732757568e-06,0.00020051448251699744,3.2387436515304846e-05,0.0002879984676837921,0.00026774478171777416,1.2060799791338561e-05,7.918477058410645e-05,0.00024328921005456472,0.0003857070608309903,0.00030954182147979736
826,0.00016429029804909678,5.2321371601569966e-05,0.00039809010922908783,5.0680303300160157e-05,4.488239071121641e-05,0.0004047863185405731,5.4066837338618765e-05,9.401850781044356e-06,3.1400471925735474e-05,9.96586950950673e-06,4.3424355905749557e-05,2.8070062398910522e-05,3.260284858225271e-05,9.334787201745881e-05,1.0699033737182617e-05,0.0005912477691872864,0.0002319696329900695,0.0003235861659049988
827,0.00020542382485608246,2.826463431731402e-06,0.0002789590507745743,0.00024740606094653117,0.00016826176509883786,0.00014127790927886963,4.182109727722365e-05,6.757980726213622e-06,1.905113458633423e-05,1.6489591076723764e-05,0.0002737219424094814,1.2006610631942749e-05,8.151246736466666e-05,0.0001005417519453003,0.00017444416880607605,0.0007052125434868772,2.8508925924145088e-05,0.00021589547395706177
828,0.00013043664225087515,5.422290899433427e-05,0.00025202706456184387,5.148949220212806e-05,0.00018779929454361757,0.00026755034923553467,5.101182685860947e-05,8.404631284620549e-06,1.220405101776123e-05,0.0002661847482543639,0.0003356561615637174,0.000617271289229393,4.4925688717667445e-05,0.00014898286455262283,0.0006251316517591476,0.0006917695440754046,5.203729950266139e-05,0.0003794059157371521
829,0.0003511342727958999,8.326098056680303e-06,6.934627890586853e-06,0.00011927464831842927,8.160558965008419e-05,2.9647722840309143e-05,1.2453627800123462e-05,1.4276999556952613e-05,2.5115907192230225e-05,6.366115287077811e-05,5.8937278396078985e-05,0.0004028547555208206,4.692286120719369e-05,0.0005426365988721316,0.00034696049988269806,0.0007117662108525324,0.00023859305171944518,0.00015513598918914795
830,0.00015268334438409137,5.112250337821478e-06,0.0002591721713542938,0.00017181586517109326,4.251884441208026e-05,0.00017441995441913605,1.6299993499002685e-05,7.112502505219275e-06,3.7178397178649902e-06,0.0005391523557885941,0.00016269977578966394,0.0002031475305557251,0.0004815024317912503,0.0002823255602482297,0.00010971538722515106,0.0009885462198741257,0.00020767836394211103,0.00027070939540863037
831,0.00037182821080075645,1.1849451841981773e-05,0.0004730932414531708,9.644891906451791e-05,1.9240488110864457e-05,0.0004172325134277344,8.064186517334204e-05,5.708082316474485e-06,2.117455005645752e-05,8.918359948040244e-06,0.00010801692630509063,0.00033451057970523834,4.697786112775604e-05,0.00047232288369092323,0.0002901460975408554,0.0006007924309281154,0.00015934506226337672,0.000512395054101944
832,0.0005243300796139994,0.00016976973365371434,0.00024645961821079254,0.00011911540571141188,0.0001672562972860961,0.00016218982636928558,2.8397176019472753e-05,3.4375458798380644e-06,7.078051567077637e-07,0.000792332678787408,0.00010297324403609615,0.0002908371388912201,0.0008959948799212719,3.6965463483737415e-06,0.00019766204059123993,0.0009100749498305305,6.66510713133537e-05,0.00020471960306167603
833,0.0005286962946097762,0.00012935010698992416,0.0001122690737247467,0.0004375922619224981,4.8399078259969e-05,0.00020045414566993713,4.199321087083874e-06,1.2189113834204366e-05,1.329183578491211e-05,0.0008147711182967116,0.00014190604023527759,0.0003817342221736908,0.0007285015038983739,0.0003865317175967137,0.00023889541625976562,0.0004526873712159263,0.00027796965603557166,0.0003174133598804474
834,2.2674139668416027e-05,0.00021084405704697995,2.5713816285133362e-05,0.00028641788949071434,6.782260422762143e-05,3.0178576707839966e-05,2.193856276721043e-05,1.91360880244132e-05,6.802380084991455e-06,0.00011544005667421531,3.2749945002436e-06,0.00013199634850025177,1.748693412298441e-05,0.0002568570141633156,8.983723819255829e-05,0.0006426541439991107,0.00030507257975848426,8.535757660865784e-05
835,0.0004181468396722565,1.641802378221993e-05,0.0005523860454559326,0.0005641364720385122,2.7218592723022433e-05,0.0006117802113294601,7.930940477487818e-05,2.3293294125058424e-06,3.143399953842163e-05,0.0004766184996887052,0.0003846407749537942,0.00017346814274787903,0.0005837840266476185,0.0003808330074336688,7.187947630882263e-05,0.0014418084305044543,9.080043881888513e-05,0.00018453598022460938
836,0.0006166883146477287,6.25418289192832e-05,0.0003859102725982666,0.0003256249018380175,0.00013252372866851686,0.00033824704587459564,1.5812672937771943e-05,2.69512593266424e-06,1.852959394454956e-05,0.001117679655603998,0.0002390166948945116,0.0001404397189617157,0.001123133769372453,0.0005177878894911669,0.00019722431898117065,0.0003234683547140016,9.28848942583901e-05,2.8837472200393677e-05
837,0.00020285880951409485,2.939376543405897e-05,0.0005434118211269379,0.00032336520710074534,8.540051488398204e-06,0.00048618391156196594,0.00010631096518367439,7.760674407284135e-06,2.6404857635498047e-05,0.00010789729233999512,0.00042794848046829453,0.00024023465812206268,0.00030178205294673077,0.000827748971914101,0.00016957707703113556,0.0020054343375580097,9.205713703945573e-05,0.0002597980201244354
838,0.00013397440957360618,0.00017464421344993292,9.370781481266022e-05,0.00012612316285229297,0.00023916488103023145,3.754161298274994e-05,3.234183103092286e-05,1.0717179825641424e-05,5.451589822769165e-05,0.00041226395094474955,8.858394094524852e-05,0.0008901078253984451,2.9546130663887782e-05,0.00010309635709105508,0.0009843874722719193,1.3449551303279517e-05,0.00018978115077045122,0.0014460906386375427
839,0.0011500957629580477,0.00021587859724993622,2.098269760608673e-05,0.0008117127744695363,0.00018571239181763496,0.00011417455971240997,4.988348927429526e-06,1.63259992504137e-05,1.6372650861740112e-05,0.0011484848578011755,0.0007339291523271868,1.9146129488945007e-05,0.0009965837654272447,5.334650321052459e-05,2.736598253250122e-05,0.0020409194284339016,0.00021824461829363312,3.0081719160079956e-05
840,0.00016235125261890304,0.00027253518058537735,0.00021837465465068817,3.198123179587453e-06,0.00011724564243870486,0.00021839328110218048,2.3821806697769607e-05,3.0643063055822944e-06,3.249943256378174e-05,1.5721110321616216e-05,0.00027048115320141286,0.0003233999013900757,9.030597970263732e-06,0.00016471723179349584,0.0003893095999956131,0.00025561993008840767,1.199563288244946e-05,0.0006912648677825928
841,0.0002551944106726767,1.7073043481197203e-06,0.00019486434757709503,4.333246546531222e-05,5.683070028629153e-05,0.00030204281210899353,7.502703643175526e-05,2.9368445474286685e-06,1.039355993270874e-06,0.0001823550269676455,0.0005012059853429437,0.00034254416823387146,0.0005323385102405376,0.0006566102612727692,0.00042801909148693085,0.0006241447310058046,8.7656661664548e-05,0.00011657550930976868
842,5.906883624853809e-05,0.00010366637237982021,2.4121254682540894e-05,0.00010716960257281527,0.000360822385346897,8.798949420452118e-05,1.1466346102285627e-05,2.080662123920044e-05,9.279698133468628e-06,0.0002852038146592961,0.0003308777565740259,0.00013176165521144867,0.0005022221998365328,0.0001574715905398663,0.00022286362946033478,0.000670150501372424,0.00034024579780701347,0.0001404397189617157
843,0.00011547118412372215,0.00013453012492635127,0.0006560757756233215,4.442980818097908e-05,0.00010027136940271228,0.0006434880197048187,9.27147012234758e-05,1.319793755223515e-05,3.4496188163757324e-05,0.00036334166326948414,0.0007749316567271028,0.00010706484317779541,0.00017806827089786315,0.0004361835737582906,4.620850086212158e-05,0.00034835052120052445,0.00025567928430221066,0.0009845085442066193
844,9.131081058044721e-06,0.0002214058284777838,0.00028887204825878143,0.0006296636068655326,4.7311156141628674e-05,0.00030743516981601715,6.518027851368409e-05,1.6267186125047488e-06,1.528114080429077e-05,1.6104622819021475e-05,0.0005131700036682951,0.0002124439924955368,9.17082555855625e-05,0.00020894817840237667,0.0002576783299446106,0.0003171174695623946,1.2115957830206685e-06,0.00032494962215423584
845,0.0003447979230258025,0.0003110725679056209,0.00037770532071590424,0.0002536017002018609,0.00013050798501106076,0.0006421525031328201,6.695478781639473e-05,3.322016641369707e-05,3.511086106300354e-05,0.0006647826307725827,0.0007990369482145654,0.0003066547214984894,0.00043011378105853315,2.8891828672480968e-05,2.3618340492248535e-06,0.0017865101866098299,0.0006000499024651348,0.0005337297916412354
846,0.00034057510384938317,2.1057212302739298e-05,4.7832727432250977e-05,0.0006278748774993514,4.997167551080289e-05,5.9351325035095215e-05,5.6142646583113784e-05,2.034122225772622e-06,1.5057623386383057e-05,0.0006390220032364627,0.0002491559586045508,0.00030982308089733124,0.00024192612967208205,0.0004451154094227139,0.00026997365057468414,0.00016727160810012243,0.00016053643156567227,0.0005362927913665771
847,3.566413176775418e-05,8.259396813034212e-05,0.00011193566024303436,0.00021288332636973384,8.236134000060014e-05,0.00018354132771492004,5.1104070824700004e-05,3.02342047862295e-07,1.1458992958068848e-05,0.00010610784523443911,7.619778512407693e-06,3.989227116107941e-05,0.0002922088325530148,0.00021831571181690074,6.105378270149231e-05,0.0005560385998895911,2.2614510406865872e-05,3.4868717193603516e-05
848,1.277311602262965e-05,2.5718289663096555e-05,0.00015573389828205109,0.0005633964944842251,5.930204026913938e-05,4.186667501926422e-05,3.421967839800123e-05,1.7185158925021735e-05,1.817941665649414e-05,0.0005374640811326853,4.699632427199868e-05,0.00042164698243141174,0.0002901112326067906,0.00020927093810235026,0.0002711806446313858,0.0010642705495776394,0.00019027457373743065,0.0003863312304019928
849,0.00021181513263557328,0.00014708188521328144,3.551691770553589e-05,0.00018699335420771512,6.205100457901125e-07,0.00012220069766044617,4.63889070921996e-05,1.3069471725238942e-05,1.1350959539413452e-05,0.0001150769294061757,7.8033305561373e-05,0.00013713352382183075,0.00016974952355240658,0.0003383589471036355,0.0002798084169626236,0.00028746323029577026,0.00022500877472544315,0.000199977308511734
850,0.0010684509339722592,5.5478087021613304e-05,3.0724331736564636e-05,0.000805798761889881,0.00011774877180874624,0.00016158446669578552,0.00010766359683498511,6.586716216714863e-06,1.5404075384140015e-05,0.001236000029351196,0.0002830168193306351,0.0001382622867822647,0.0016264284834683757,0.0008554674015331318,0.00034752674400806427,0.0007343856401854088,0.00012306922272383586,0.00030077993869781494
851,0.0012186790688256677,0.00015251489399482204,0.0002332013100385666,0.0009948151383438186,6.664231496338047e-05,0.00038568489253520966,2.465941722040385e-05,3.673539097755603e-06,1.2468546628952026e-05,0.0015746859513339206,0.000503113946185095,0.0001773107796907425,0.0018011259959957449,0.000515431628381191,0.00035289302468299866,0.0014956598682585032,0.00018835661352477502,0.00012478604912757874
852,0.0005392181968855159,0.00027915323997262584,0.0003124065697193146,0.0008214956634028936,9.584670598684203e-06,0.00021261535584926605,8.158787064215661e-05,1.5780097576803803e-05,2.016127109527588e-05,0.0005864133840879984,0.0002938582340305043,3.0566006898880005e-05,0.0006327312817535347,0.0002460410645318545,0.00012039951980113983,0.001373515149250687,0.00025357550581042287,0.00023742765188217163
853,0.00024176650300855584,0.00010286417540495904,0.00028911978006362915,5.765481415698215e-05,0.0002398668757789893,8.454360067844391e-05,5.18489584221387e-05,2.5163625525076076e-05,1.49458646774292e-05,3.082337728851914e-05,0.00044182102291114717,0.00023017264902591705,9.113316423503548e-06,0.00024888017822001507,4.505738615989685e-05,0.00039905761538139295,0.00033688923492221573,0.0003203190863132477
854,0.0012895528784649113,3.394490954359078e-05,0.0008324775844812393,0.0011859598744254907,7.17205766569036e-05,0.0008670073002576828,0.00016717701341708267,1.346582416544766e-05,6.408616900444031e-05,0.0009562615415005249,0.0005395990383082229,0.00028144754469394684,0.0010143117079210243,6.830578694249495e-05,0.00025285594165325165,0.0031862472233390726,0.00035871832432061686,0.0008535049855709076
855,0.00018103397142560373,9.050534510918196e-05,0.0004458092153072357,1.9336550889564874e-05,0.00023916137316485134,0.0005130060017108917,0.00012589840800032032,1.7779967390154196e-05,1.790747046470642e-05,7.655581903041886e-05,0.0005131647100860455,0.0006674174219369888,0.00017702841652428997,0.0002480354973750862,0.0006897803395986557,0.0014779174235138304,0.00019266209012380048,0.0005753561854362488
856,0.0005918805061088384,0.00022015288468425417,0.0005408544093370438,0.0006433510208585236,0.0003826369590468233,0.0007730294018983841,0.00013476213184888605,3.596665499506864e-05,7.642805576324463e-05,0.000519361142074147,0.00031618133726121767,0.001112205907702446,0.0005244870188544221,0.0015672096129089735,0.0007702577859163284,0.00233196833687882,0.0003568649753715597,0.000985845923423767
857,0.0003140058578647853,0.00013273339857609173,0.0001449156552553177,0.00010633659922854033,0.0001482469477976367,0.0003255177289247513,1.5431092869501797e-05,2.8743326533479637e-05,4.556030035018921e-05,0.00025521881117235995,0.0004909133184315614,0.0011531449854373932,0.00015472109655449706,0.0013612608902527912,0.0008434448391199112,0.00010691103393473123,0.0002891962354866452,0.0006215199828147888
858,0.0009875725857770024,1.772281705167758e-05,0.00015299394726753235,0.0006825354085467084,0.00026014679249637684,0.00011085346341133118,6.963185319742993e-05,8.79639184581563e-06,2.6073306798934937e-05,0.0009617855250744489,0.0002777881432871748,9.468197822570801e-05,0.0008436458746251888,9.12003078895815e-05,0.00018201768398284912,0.0011502846140974687,0.00019922828806907822,0.0003808066248893738
859,0.00026263788634903196,0.00036318661549239115,0.00025981105864048004,5.0813337880289966e-05,0.00026191036859867997,0.0002031903713941574,2.9969034408550144e-06,1.2682827067843328e-05,1.3191252946853638e-05,1.40167836429686e-05,0.0003614903969352823,0.00013351812958717346,0.0004777879416458311,0.0010698118052462138,8.912943303585052e-05,0.00010511356308026687,0.00012776949060717187,0.00017315149307250977
860,0.00046687934611480686,0.00032283604684129816,0.0004033837467432022,0.00012155044042183594,0.0001521669385876577,0.0003353096544742584,5.220358427863482e-05,1.8142445973857145e-06,2.4061650037765503e-05,0.0002515812284920385,0.0001313380052968896,1.2731179594993591e-05,0.0002285811304401017,9.16627442693746e-05,9.267963469028473e-05,0.0007158935129999433,0.00013059475537755254,0.0005495175719261169
861,0.00030260250506625175,5.32511214767703e-05,0.0006542596966028214,0.0008554249373509959,0.00013391212559756352,0.0004972908645868301,0.0001460078850796919,1.3498877846922458e-05,3.225356340408325e-05,0.0005096321180888888,0.00014305335967347566,1.5348196029663086e-06,0.001173303089337184,0.0009548436693116932,0.00022292137145996094,0.0013232902655314904,5.9369767372766113e-05,0.0006830990314483643
862,0.001505287560642471,7.572315488805006e-05,0.0004808381199836731,0.002009828241574335,0.0001956694623355612,0.0007400643080472946,5.109092709286098e-05,2.0781252901640835e-05,4.8976391553878784e-05,0.0018630890760402766,0.0002519984356779831,0.00020450353622436523,0.0022350892373745324,0.000646075469710343,0.00010147690773010254,0.0012316134086088892,0.0004460787936288119,0.0006513409316539764
863,0.001040679347754564,0.00010451421936125138,8.385255932807922e-05,0.0007767856366650838,0.00027291260405653064,9.418651461601257e-05,5.5315153906738274e-05,2.0193014213938215e-05,1.3854354619979858e-05,0.0010250617715108074,0.00031668517345859876,0.0005823597311973572,0.001108450029015308,0.0008276708849587963,0.0003675632178783417,0.0008055428885859195,0.00042637632051716794,0.00017439574003219604
864,0.000557247299344199,7.881285495491691e-05,0.0005730018019676208,0.0007404632219997209,2.1875899731231552e-05,0.00036059506237506866,7.663705993716206e-05,1.1837784147140506e-05,3.8918107748031616e-05,0.00047074701114848544,0.0005847479307326472,0.00025949627161026,0.00030541449861067743,0.0002389534331694726,0.00010447204113006592,0.0025789028587327456,0.00029914231707960613,0.0006652139127254486
865,2.439017761257656e-06,4.0544454101999056e-05,0.00038573890924453735,0.0001625968892243479,8.428573138740195e-05,0.0002062339335680008,5.267310621491321e-05,1.2016510537934141e-05,1.9691884517669678e-05,7.388337293463831e-05,0.0005931101046680876,0.00011734478175640106,0.0003463415099501793,0.0002787797243227405,0.00020374543964862823,0.0009672073919962387,0.00028975702963657994,0.000634368509054184
866,0.0007668100278384882,6.816582646305275e-05,0.00018578395247459412,0.0003777596770773717,3.259498894307017e-05,5.167163908481598e-05,1.9965394475471646e-05,1.5353730026493507e-05,5.953013896942139e-06,0.00033760396774536877,0.0005685279574038152,0.0003238506615161896,0.0007186774603083548,0.0006233557520888555,8.464418351650238e-05,0.0005118660247659945,0.0003382261050138219,2.0042061805725098e-05
867,0.0009309271850347911,0.00012095853489246453,0.0003276541829109192,0.000566248327618396,0.0001647135547520502,0.00037855468690395355,7.55184327527348e-05,4.108129651806254e-06,2.446770668029785e-05,0.0006259834204934631,0.00048601005533101954,0.00015076622366905212,0.0008275862127307618,0.00010136033662772048,0.00010577589273452759,0.00047238576256883325,4.845299018173873e-05,0.0006361864507198334
868,0.00035453576418270627,6.298966301631834e-05,0.0002115163952112198,0.0002737615424572293,0.00011403839884153305,0.0001651756465435028,4.4688152607611636e-05,6.035984220096257e-06,8.121132850646973e-07,0.0003803665090948982,0.000358217563408654,0.00013499893248081207,0.0002680273721383658,0.0002044693087541391,8.890964090824127e-05,0.0005744782351249644,6.825411635538389e-05,0.00017593055963516235
869,0.00037218686945139634,1.2655274152020834e-06,0.0003282390534877777,0.0005332254271702419,1.4638277827362656e-05,0.00026977062225341797,5.8668994084760256e-05,9.084408636747158e-06,1.5310943126678467e-05,0.000930884319409013,9.74677750020872e-05,0.000293731689453125,0.00045436689083557663,0.001043454282912075,0.00018139183521270752,0.0008094762679184686,1.3947186054638107e-05,0.00034341588616371155
870,0.0002553753391659197,0.00020654649636099587,0.0005565173923969269,7.476191678179589e-06,0.00013980787238449324,0.0007381383329629898,0.00017441366497424407,3.3231321794515535e-05,5.017966032028198e-05,2.9950028079143987e-05,0.000909899789768201,0.00029837340116500854,0.0001918868004469193,8.006282902345285e-05,5.208142101764679e-05,0.001854473858958039,0.0005342709749133409,0.0008808337152004242
871,0.000534019070531716,0.0003636593280830179,0.00022182241082191467,0.0004510075353414411,0.00019220712744653576,0.00015064328908920288,9.277950439319504e-06,6.797413571860299e-05,2.9750168323516846e-05,0.0010312655856001551,0.001238442090904547,0.0009387079626321793,0.0005629971029843459,0.0017080785272734489,0.00042734667658805847,0.0005604748140562998,0.0009442284159454041,0.00046385079622268677
872,0.00039616882088500116,7.730145579101441e-05,0.0001234114170074463,0.0003557409459527261,9.014018628243983e-05,3.7183985114097595e-05,3.7680925133880966e-05,2.5897818326232636e-05,9.182840585708618e-06,0.0008129416307102871,0.0008418086057112653,0.0003424324095249176,0.000828500001144844,0.00043230680733423454,0.00014019571244716644,0.0006193789177271758,0.0003613818093308706,9.035691618919373e-05
873,0.0006819183606210089,8.974392943543116e-05,0.00044326670467853546,0.000613693070215332,0.000162928841682803,0.0003413558006286621,5.554774000872051e-05,1.4724217722332923e-05,2.0001083612442017e-05,0.0009560702575950805,0.0005289109135814124,0.0002922937273979187,0.000935041926753255,0.00018223974281971617,0.00013960152864456177,0.0003193547643636496,0.00022571027472997017,0.00043125078082084656
874,0.0008303459606151253,0.00022705879835781262,0.00029441341757774353,0.0006026285958437294,6.692461536387737e-05,0.00026456452906131744,0.00012258798652591864,7.3044416471568306e-06,8.754432201385498e-07,0.0008446854137165519,0.00021151872989709497,0.0003080833703279495,0.0008970917714530291,0.00024639769009066753,0.0003019142895936966,0.0014060509978450486,0.00026159214468114873,0.00015411153435707092
875,3.391653574510989e-05,1.2798492344492929e-05,0.0009128302335739136,8.791110573266869e-05,0.00017397814394263036,0.0008342210203409195,0.0002774347562218161,1.3167730326773007e-05,6.264448165893555e-05,0.0004467921061896696,0.0006471366603760034,0.00019108690321445465,0.00041369394394009246,0.0006922757696280618,0.00015522725880146027,0.004396623137673805,0.00015082317365951387,0.0007595084607601166
876,0.0007782715975142296,1.2717541204954746e-05,0.0009003691375255585,0.00039989253858230267,0.00012977771299388027,0.000692492350935936,0.00019119624271064437,1.813853510056917e-05,6.458908319473267e-05,4.7981352157548673e-05,0.002223320078206359,0.0002838987857103348,9.41375581549192e-05,0.0003435631299112951,2.5385990738868713e-05,0.0033484884610978927,2.317846168399659e-05,0.0012197047472000122
877,0.0009388454238583588,6.187887407116746e-05,0.0006158296018838882,0.0009529922497210075,0.00012837028841252568,0.00046650879085063934,5.645313550453265e-05,1.3775503004854182e-05,3.458559513092041e-05,0.0012576534828932645,0.0012612538111967109,0.00023528002202510834,0.001346652440978452,0.0007175879365493507,0.00047067180275917053,0.0011764489624651597,3.359894424796294e-05,0.0010023340582847595
878,0.00013821130698474238,1.7158332140977672e-05,0.00013563968241214752,7.6030082540951e-05,0.0001524422861723558,0.00027935393154621124,6.465319020886387e-05,1.1049828984642307e-05,5.235522985458374e-05,0.00027098339813137057,1.5216829035671897e-05,0.0007008891552686691,0.00033185078066855916,0.0002045138866079224,0.0005363579839468002,0.00024338747010707595,3.5781223425209244e-05,0.0008894279599189758
879,0.00045954454502850073,0.0001289549315472288,0.00040975213050842285,0.0005712900010914068,7.941073439354102e-05,0.00031484849750995636,0.0001045760067613366,2.7378288744768053e-05,2.26534903049469e-05,0.0007421328836535457,0.0004389459106927743,9.292364120483398e-05,0.0008849194955800124,0.000192541918684834,7.72625207901001e-06,0.0016238571252541745,0.00038690746505605587,0.00010651350021362305
880,0.0003312411784746061,2.6829690208157037e-05,0.00013624504208564758,0.00015561772752217817,5.3645819966006286e-05,8.527003228664398e-05,4.47500328732732e-05,2.3796305418987248e-05,1.5463680028915405e-05,0.0012688206494887513,0.0002101973285242656,0.00030430592596530914,0.0006215204249805859,0.0009107263389077427,1.2503936886787415e-05,0.0008232562051916636,0.00032340414006314967,0.0002362951636314392
881,0.000797401487854954,1.4626086231386837e-07,6.307661533355713e-05,0.0011386242614586095,0.0001494452355203825,7.75698572397232e-05,1.5723179659298328e-05,3.1684592135410613e-06,9.194016456604004e-06,0.001318888212453101,1.282271472528157e-05,0.0002739615738391876,0.0006964821475985983,0.00027619759329158833,0.0003214683383703232,0.0009100895687659816,9.186191258387646e-05,0.0003050118684768677
882,0.000395835248465759,0.00011589952204286297,0.00011497363448143005,0.0004100343760680969,0.0002189684095437218,4.906021058559418e-05,3.1474779253453516e-06,1.54903336114823e-05,2.6416033506393433e-05,0.0006560036706462075,0.00015807194235605004,0.0007723849266767502,0.00046972110016291896,0.00015896191660216136,0.0005572717636823654,0.0015168087880948478,0.00030731843949813407,0.0005948059260845184
883,0.0002992826060408682,8.081885897684438e-05,0.000552300363779068,4.473984939079578e-05,0.00024068300127925296,0.00037955865263938904,7.941310429010473e-05,9.297985359020631e-06,5.003064870834351e-06,0.00017872394923446056,8.260506070568302e-05,0.0004474371671676636,0.0007043816141760958,0.00024624703318591734,0.0001876726746559143,0.0017292528125542883,0.00020422494966661816,0.00023696571588516235
884,7.937263532195593e-05,2.253153207430053e-06,0.00023709051311016083,0.0003042809014816017,0.0003247088188505186,4.192255437374115e-05,6.007802280503724e-05,3.320847600527389e-05,2.551823854446411e-05,0.000273110967714027,0.00022531485421039416,0.0006039328873157501,0.0005713156645880887,0.0005493137416773125,0.00031416304409503937,0.0005534737582836291,0.00040686707737127995,0.0004559941589832306
885,0.0011317015045922973,0.00019201462553990536,0.0005172975361347198,0.0011995912714972412,0.0002819576879772648,0.00017711520195007324,4.15187434900776e-05,6.858277874911739e-05,3.0502676963806152e-05,0.0024225065187595124,0.0020834992765191504,1.0456889867782593e-05,0.0009917121537855941,0.0005215208753479028,0.00045463815331459045,0.00024189989184925098,0.0007276686096939961,0.00042184069752693176
886,8.362998681760159e-06,0.00018422874099003478,9.918585419654846e-06,0.0001033056269920396,5.634454594769661e-05,0.0001470409333705902,2.0764815447396612e-05,4.395616179740319e-05,2.6639550924301147e-05,0.000809991876965295,0.0019381991986873737,0.0003297291696071625,0.00014582546261009133,0.00031147833625722043,0.0005471166223287582,0.0006108892718934,0.00035838062541350977,0.000378582626581192
887,0.0010537699125019728,0.00038432162120865393,0.00022975727915763855,0.0008370779683895824,0.0005057294422307554,0.0006808992475271225,8.124867857372056e-05,6.731706152190203e-05,1.9125640392303467e-05,0.0007583147500026394,0.0013876256288771621,0.00042270682752132416,0.0005147870901900525,0.0013686028429980707,0.0001733042299747467,0.002715999048655632,0.0007437925239220686,2.265721559524536e-05
888,0.0008915040359153414,0.0010081981815471923,0.0003156643360853195,0.00120112619764709,0.0005496958695672544,0.00029120035469532013,6.599980056720169e-05,9.139817148481067e-05,1.4640390872955322e-05,0.0024577489095631497,0.0016166065786345982,0.00029101036489009857,8.425187607936924e-05,0.002702927771383,0.0004137270152568817,0.001651402866601065,0.0009008689200516169,0.000841975212097168
889,0.0006335699267380479,0.0006871181507269071,8.305348455905914e-05,0.000536909123072915,0.00040937532577539973,0.00029398128390312195,7.893882703353082e-05,4.5488003412672104e-05,2.9161572456359863e-05,0.0013904588207711496,0.0012156341994649308,4.116632044315338e-05,5.145035372822182e-05,0.0013469549695113853,0.0001212041825056076,0.001794001265375822,0.00039435285589471767,0.00033664703369140625
890,0.0015447663621386276,0.00028456498544078904,8.041039109230042e-05,0.0013562253170290584,0.0003549907763125519,0.00011477060616016388,4.8287157135821004e-05,3.096873815216543e-05,1.514330506324768e-05,0.0019006558145996458,0.0007090310078852677,0.00019010715186595917,0.0008231433293805213,0.0018039427856578055,9.687617421150208e-06,0.0006075524627381645,0.0004225831183769877,0.0005237944424152374
891,0.00038084967551435533,0.00017869305470299274,0.00029732100665569305,0.0007888769127356587,0.0004501613997705857,0.00013990327715873718,8.24797456387659e-05,2.3364005462174443e-05,1.7959624528884888e-05,0.00038745394993949106,0.00032936897193230896,0.00020788609981536865,0.0010465173802687647,0.0008424582847525869,0.0003603454679250717,0.00021168790156428363,0.0003904824438179053,7.966533303260803e-05
892,0.0001763729411281001,0.0002392281054880603,0.0001434851437807083,0.00029073751814440163,0.00016431662670767302,5.471333861351013e-05,2.0325547623028378e-05,1.3457796988512272e-05,1.5128403902053833e-05,6.801614420917645e-07,8.11673102082619e-05,0.0005210991948843002,6.133964784393181e-05,8.855742241377362e-05,0.0005970168858766556,0.0001521313531665791,0.00021153708175490312,0.00045230239629745483
893,4.260537874151149e-05,3.448958875282987e-05,0.00012379884719848633,0.00011437718463522262,0.0002281794340475221,4.155561327934265e-05,7.263004495989406e-05,6.2697438458866775e-06,7.752329111099243e-06,0.00022351585315358996,0.00035515320713733894,0.0004589539021253586,0.0001174949333428571,0.00045241368446457403,0.00036795996129512787,0.0011236424353741337,0.00021157967419152416,0.0001656860113143921
894,0.0003506674111976027,7.070153635025181e-05,6.198696792125702e-05,0.00011256749622143292,0.00026973273030275746,7.797032594680786e-06,7.568315589423849e-06,1.4750621784761218e-06,6.109476089477539e-06,5.411092540577589e-05,0.00040506345131540583,7.607601583003998e-05,0.00016959055531640815,0.0009166618961905584,0.00021110661327838898,0.00020570686489385093,0.0001617249967639815,7.731467485427856e-05
895,0.00022387321666436644,0.0003305658821777767,0.0004197023808956146,0.0007547522677554541,0.00023640858379160232,0.00020915083587169647,1.6925945063051354e-05,1.1252859167500714e-05,1.689046621322632e-05,0.00029060872783606695,0.0005123587143645858,4.962831735610962e-05,0.00019941616260731737,0.00040967098071548885,0.000260939821600914,0.0006538613568801421,0.00020197629093777602,0.00016939640045166016
896,0.0004954444237203759,6.73005537396229e-06,0.0001908913254737854,0.0009415488890230916,0.00036909536972604823,0.00011641904711723328,2.0106792368902032e-05,1.0041740477725381e-06,3.408268094062805e-05,0.00044004419215228074,2.526123441953798e-05,0.0003990102559328079,0.0005905334721728953,0.0006669603313225053,0.0005012731999158859,0.0006864815269901903,8.097828690532046e-05,0.0005527883768081665
897,0.00028989568802953447,0.00014954842619076258,0.000185331329703331,0.00036770350564446774,0.00036484369527842175,0.00020869821310043335,0.00012777247964487065,2.8687103921330856e-07,1.998990774154663e-05,0.00039156004850438714,0.0003437505032386698,1.0488554835319519e-05,0.00021192016704617983,0.00015986794678454763,1.6111880540847778e-06,0.0023628069026384035,4.217439675186386e-05,0.00020214170217514038
898,0.00020032283018334152,0.0003193674627242696,2.1560117602348328e-05,0.00022234191011410998,0.00018811944592914825,0.00038330070674419403,4.382133263270381e-05,5.6203205645932226e-05,0.00010193139314651489,0.0013186288673446359,0.0009439048905478323,0.0013122651726007462,0.00022821716267626413,0.0021119171765264302,0.0007938724011182785,0.0008588655658347544,0.0006924242112590156,0.0014724396169185638
899,0.0017097474804533275,0.0004075576808644406,0.0007818788290023804,0.00011114170184109429,0.0006457093241683427,0.00038097240030765533,4.0333124476798696e-05,3.0042904977383485e-05,0.00016094371676445007,0.0023040927735471506,0.00047058260245019107,0.0009267684072256088,0.0013536558206077437,0.001026741101935777,0.0014572646468877792,0.001163080894569929,4.397589214878879e-06,0.00320502370595932
900,0.0010214267788145326,0.0010735583653852035,0.0006255172193050385,0.0008643747485502506,0.0007121116419086838,0.00047221407294273376,0.00014156484574251622,3.214556470408503e-05,3.254413604736328e-05,0.0014120789882926324,0.0006095666355442411,0.0010389816015958786,0.00113850472697348,0.0012061267882381432,0.0009538829326629639,9.49484630141939e-05,0.00040549155776512967,0.0006968975067138672
901,0.000353972667942265,0.00048394824456499466,2.898275852203369e-06,0.00017266985528002765,6.537470913429294e-05,0.00015439465641975403,5.621935033445907e-05,1.0145937782025e-05,5.575641989707947e-05,0.0003580930905182009,0.00047204788648524953,0.0010081231594085693,0.00031902868319488853,0.0011502204858849785,0.0007334668189287186,0.0006187151237239674,0.00017457005421238478,0.0008344054222106934
902,0.0006399654675666444,0.0004911670734914393,0.0004364047199487686,0.00018369075120377998,0.0005554100892592069,0.00040498748421669006,5.7728260244921045e-05,2.047511323839988e-06,2.8368085622787476e-05,0.00017980202344269197,0.00033468991579284346,8.866004645824432e-05,0.0004760778887640815,2.5026004336903274e-06,2.7798116207122803e-05,0.001955593377944348,9.798703416230656e-05,6.495416164398193e-05
903,0.0005540860310508655,0.0003898738972433445,0.00024839118123054504,0.0007251655606169694,0.0008942925604104764,0.0006267912685871124,0.00010033981208299944,4.748385786597988e-05,2.970173954963684e-05,0.00047342433968665387,0.0006842026778601101,0.00041729025542736053,0.0006263359703577373,0.0011837207433784205,3.756769001483917e-05,0.0034915881922485403,0.000715878380413734,0.0001788027584552765
904,0.0007907433739943182,0.0006458561786581718,0.0005148500204086304,0.0006765811934558164,0.00012301398051559748,0.0008717644959688187,0.000149677625397672,4.132734262184254e-05,3.151595592498779e-05,0.0005720897927043375,7.571035804494058e-05,6.638094782829285e-05,0.000556140759981838,0.0005540103147570891,0.0006490908563137054,0.0018996723501283341,0.0006322381747200906,0.001129988580942154
905,0.00015180624426189282,0.0002908059438527441,2.3152679204940796e-05,0.0002963122789360617,0.00042529901056605895,0.00025153905153274536,7.574364738065394e-05,2.2979321634350106e-05,5.301088094711304e-06,9.351736709050512e-05,0.0005991015614791595,0.0007366891950368881,0.0002855516991961543,0.00033151249069375555,0.00036618486046791077,0.0011700934598493917,0.00027514996475514007,6.432458758354187e-05
906,1.4798407422245141e-05,0.00024159187736125243,0.00045526400208473206,0.00027693976971859824,0.00027303816180538135,0.0005104001611471176,0.00010496849422677972,7.763997440307852e-06,4.148855805397034e-05,0.000149383081304362,0.00024940368233777876,0.0002930108457803726,0.0007500006498970535,0.0006262821887396131,0.00015442445874214172,0.002414714677755253,2.5489420829284248e-05,0.0003670044243335724
907,0.0004371834072957048,0.00018848107662396835,0.000403430312871933,9.760308470477264e-05,0.00046984807516612173,0.0007266663014888763,0.0001266262996007777,5.6095372610182655e-05,6.806105375289917e-06,0.0009332132091454948,0.0009888285087513021,0.00011904537677764893,3.0619605944845474e-05,0.00038692988949858703,0.0005567837506532669,0.0026188091547181824,0.0005834776360648182,0.00035582855343818665
908,0.00041626223722221467,0.00043292179807153525,0.00021036528050899506,0.00033103614892054933,0.0005267218637616568,0.0007518231868743896,0.00011324953743450071,8.871644917113125e-05,4.2147934436798096e-05,0.0012668028303429446,0.001118293446339562,0.0008776839822530746,0.00037438063116983916,0.0014377846408591965,0.00021097250282764435,0.0021401412581422974,0.001184987428236391,0.00017365813255310059
909,0.00014320413644342,0.00034684239450241336,2.5363638997077942e-05,4.0194357390277435e-05,0.0003625455467354752,0.0004955083131790161,3.572394724538075e-05,8.295004184805135e-05,2.2001564502716064e-05,0.001848035684002873,0.002051378199546053,5.9412792325019836e-05,0.00024532815595570967,0.0005989111208255932,0.0005848444998264313,0.0019152352108077753,0.001011042783009071,0.0010885149240493774
910,0.0006637341581804679,0.0004185369033432376,0.0003579184412956238,0.0006878560688069468,0.0002933742260754872,2.00662761926651e-05,1.5333491175693187e-05,6.71640158603106e-05,1.1630356311798096e-05,0.001034878747443839,0.0013959963669238212,0.0006765909492969513,0.0007463743702798911,0.001036683800576886,0.0002022571861743927,0.0017815406775454068,0.0005842414807733739,0.00018045306205749512
911,1.5205502304466156e-05,0.0007220052761792647,0.0001631472259759903,0.00042023315914471726,0.0002885045636120409,0.0004425477236509323,9.683952618669625e-06,4.195752089172753e-05,4.3604522943496704e-05,0.00028787653768672095,0.0008892258455616905,0.00039409101009368896,0.00025651268485766404,6.365401696353801e-05,0.0007646754384040833,0.0003808299423788686,0.00021429399483368847,0.0008919425308704376
912,0.0002813030635771818,0.00027610569548182015,0.0008135419338941574,0.0006153543187409072,9.699365780726013e-05,0.000645684078335762,0.00014442690967758458,1.6014450966265483e-05,6.962195038795471e-05,0.0005691200529068796,0.0008163757631321419,0.00022513419389724731,0.0006905292542778371,0.00017212030527904987,0.0004084240645170212,0.0017607697231941666,0.00012370587941457198,0.001277834177017212
913,0.0003889863742805866,0.00029082771588612166,0.0007619969546794891,4.3621790192349685e-05,5.42614889696251e-05,0.0008453484624624252,8.283838437324852e-05,9.98729338174282e-06,5.1334500312805176e-05,0.0009539642464390513,0.0002511831548254878,0.00010641105473041534,0.0007953713905900356,5.335607521999436e-05,1.552887260913849e-05,0.001840689443532384,0.0003038897624040842,0.0001543089747428894
914,0.0012727110804851005,0.0003527382795781714,0.001019829884171486,0.0008618709945771019,8.788751625461722e-05,0.0010946597903966904,6.988010381973886e-05,1.521571071622194e-05,0.00010574609041213989,0.0009850437541249271,0.0002689222089539908,0.0007920432835817337,0.0019500510225079065,0.0003626637499381455,0.0007537845522165298,0.0032130417185843307,7.711707477180921e-05,0.0012645050883293152
915,0.00037614770056204616,8.920219365489424e-05,0.0006445497274398804,0.0005318389943169133,0.000176247841993344,0.0009914711117744446,9.927753791008631e-06,2.2868807822748417e-05,3.13296914100647e-05,5.389178151281315e-05,0.0006809910257395066,6.730109453201294e-05,8.295915472926463e-05,8.613665179810215e-05,0.00036642886698246,0.0019297286759689114,0.0002709934410626614,8.654221892356873e-05
916,0.00016636160284486112,0.00011584503926443182,0.0007001198828220367,0.000797884195277071,0.00013788844658094504,0.0011172983795404434,2.9072034662071602e-05,4.444549189183659e-05,9.214133024215698e-05,3.328267258714823e-05,0.0011151220598071693,0.001262841746211052,0.0005907214340150763,0.0005765660231988184,0.0007807612419128418,0.0009924312122867873,0.00067370784800002,0.0013925209641456604
917,0.00013085144642693836,2.5713824973492422e-05,0.0005412399768829346,0.00035165058884387146,0.0002596920875438183,0.000662604346871376,8.749037326660769e-05,4.084811624358145e-05,4.999712109565735e-05,0.00030985006027078876,0.0009469194176264656,0.000402623787522316,0.0003913519692527248,0.0007479411702391928,0.00020915642380714417,0.0006639263783756455,0.0006373802081133368,0.0010693445801734924
918,0.0007338052859087174,1.828968074907289e-06,0.0005426798015832901,0.000660743703554123,3.385142342235761e-05,0.0006085280328989029,0.00012127132829286257,3.5797095717077774e-05,1.9922852516174316e-05,0.00012637928858771214,0.00042010920547772695,0.00025227293372154236,0.0004112402455360917,9.290329606308212e-05,0.0003786664456129074,0.002373173378106691,0.000603108652617599,5.128234624862671e-05
919,0.002115763934030318,0.00014927119930617516,0.0006250496953725815,0.0020192900204425157,0.00021333263968986368,0.0008391644805669785,4.533850443497536e-05,3.7666303632986865e-05,4.79184091091156e-05,0.0011550685008034495,0.001479482390475552,0.0001360177993774414,0.0015866521844086975,4.164788390543378e-05,0.00016702152788639069,0.00270952179938852,0.0006406839914008182,0.00034816935658454895
920,0.0002810454397065565,0.00013365684780364956,0.00013398565351963043,0.0003886657698157492,0.0002987454149882447,0.00014370307326316833,7.251602147035491e-05,4.265520209939834e-05,4.3880194425582886e-05,0.00013721953848886553,0.0010419963958822123,0.0010165031999349594,0.0004046299813144569,0.0008220042770880481,0.0006560999900102615,0.00047873334397416367,0.0006518571762815992,0.000616803765296936
921,0.0011356001250645842,0.00018254777977043044,0.0007030405104160309,0.0012804410596688187,0.00013963007418689097,0.0006637163460254669,5.406883717277121e-05,4.250950245298702e-06,3.1251460313797e-05,0.0012539451714645919,1.8776590041937047e-05,0.00014988891780376434,0.001119446283874538,0.0007344839265781278,0.00013525784015655518,0.0008931548132944389,4.526444184449474e-05,0.000495031476020813
922,9.318216780523914e-05,0.00022264466780754985,0.0003013238310813904,0.00017367697865403042,7.593757284746552e-05,0.0003592148423194885,9.2835220757332e-05,7.74510690683465e-06,7.752329111099243e-06,0.00026501985780059273,0.0006714007674896508,0.0002582874149084091,0.00013063318115008604,7.866011064957407e-05,0.00031902268528938293,0.0009787096087751357,0.0002062152714264573,0.00017671287059783936
923,0.0013697823971812184,0.00019903981466041012,0.000570833683013916,0.0010427702021503782,5.1105282023473225e-05,0.0005383417010307312,7.915920146991592e-05,5.520282247368992e-06,2.117827534675598e-05,0.0014104122910819708,0.00039363717159451167,0.00041996873915195465,0.0012402951922350774,0.0006090763128865639,0.00036983564496040344,0.002722320499777081,0.00018391885339686092,2.9772520065307617e-05
924,0.001027660778992745,0.0002626026578737041,0.000475103035569191,0.0010594411724499653,6.682122446081615e-05,0.0006207451224327087,1.1355997833440226e-05,4.74930125239829e-06,4.914402961730957e-05,0.001265926095911682,0.0008193839686568907,0.00023381784558296204,0.0012702215871630146,0.00044192572658516976,2.4532899260520935e-05,0.0006092995973798476,0.00010958649047300125,0.0009264200925827026
925,0.00036629653272707285,3.63637648876404e-05,0.00029166415333747864,0.00024229142701640005,3.200623038364034e-05,0.0003616511821746826,0.00019819762803021182,2.1719108121574153e-06,2.9481947422027588e-05,0.00017508379163205107,9.407444944051213e-05,0.00019442103803157806,0.0008081797488354234,0.0006549818837081958,9.53134149312973e-05,0.001303894935071076,4.113923675008388e-05,0.0010632909834384918
926,0.00028567291391387584,0.0005407039020600551,0.00027374550700187683,0.00027661471354506473,1.9633024446852332e-05,0.00056474469602108,3.6513788027270344e-05,6.0435887388297745e-05,3.835558891296387e-05,0.0007789173745743408,0.0002525595063443825,0.0006417762488126755,0.0014310597440888237,0.00031430688272312407,0.00028905831277370453,0.0012123686731428662,0.0011156132233381142,0.0004405081272125244
927,0.00010433694667047466,0.0002849874830062604,5.638040602207184e-05,5.9416265623696285e-05,9.927952265536416e-05,0.00011858716607093811,6.31246997985814e-05,1.8981006448461163e-05,1.1160969734191895e-05,0.0007673389323494817,0.00040328209746129384,8.298829197883606e-05,0.0010272957906660302,0.0002943975170101032,0.00018694810569286346,5.429854586297411e-05,0.0003222734994270137,0.0002125464379787445
928,0.00020233400509123145,0.00018480281261917114,3.643520176410675e-05,0.0003625045834954044,2.2207348458789383e-05,8.09691846370697e-06,4.5863666120070715e-05,1.610460423631194e-05,1.706928014755249e-05,0.0005208587294378772,0.0003095133408092948,0.00014817342162132263,0.00020812633917939583,0.00014745168327116864,9.24430787563324e-05,0.00112527920278796,0.0002902497767385912,0.00045998021960258484
929,0.00031444672714403543,0.00035248615136682093,0.00012089498341083527,0.0005265462119728725,0.00020965080763199126,0.00018633902072906494,9.025809106626322e-05,4.15196648415309e-05,9.242445230484009e-06,0.0006295990160678222,0.0010324665394506258,0.0006003715097904205,0.00011051616135215186,7.375025516737077e-05,0.00020456500351428986,7.729103542578053e-05,0.0009178200065627861,6.856396794319153e-05
930,0.0002559764730211411,0.00011553068979942155,0.00010186247527599335,0.00011882390105014129,0.00026714002027534295,0.0002292301505804062,4.9640555114263685e-05,9.247196806298134e-06,2.6732683181762695e-05,0.00022489330271858315,0.0002222277541332196,0.0005101077258586884,0.000389944829918748,0.0002800616627159011,0.00034471601247787476,0.00037540370279592894,0.0002025961116017337,0.0007362030446529388
931,6.605367370424164e-05,0.0003540526066037504,0.0005405675619840622,0.00026174988683008715,0.00031911044135813846,0.0007961932569742203,7.026372635209575e-05,2.7530269331527623e-05,4.363805055618286e-05,3.0664179356494625e-05,0.00029429883190579265,0.00030542537569999695,0.000116972238787795,0.0005210435955615572,2.5602057576179504e-05,0.001482604499355833,0.00043631645048220315,0.0003214702010154724
932,0.0004424042487887192,0.000244698975871583,0.0008778925985097885,0.0007863931847583161,0.000370810103407386,0.0011151880025863647,4.004915283422304e-05,2.72011808999063e-05,5.247071385383606e-05,0.000480694498672371,0.0010501809476534327,0.000508500263094902,0.0001572899455773366,0.0003668314714170076,0.00019866041839122772,0.001804042129966904,0.000506149160256251,0.0004227161407470703
933,0.00029371580074755155,6.906814813063822e-05,0.00014861859381198883,0.0007572769818704195,0.000336979934235971,0.000292707234621048,6.801137957543509e-05,1.2681768722260498e-05,5.241483449935913e-06,9.795442190372455e-05,0.0008051555818333542,0.00045729242265224457,0.0004744845178904847,0.0001896510490103781,0.0002638082951307297,0.0005739760591080001,0.00013879658185747545,1.4506280422210693e-05
934,0.0013254829372471577,0.0001877326141385867,0.0004973337054252625,0.0009682668451928278,1.5717929902826777e-05,0.00044456683099269867,4.639900929953242e-05,3.1075282746224203e-06,3.60049307346344e-05,0.0015900712025492675,0.0002177787491277547,9.492039680480957e-05,0.0012029079416515515,0.0003192053904096104,8.17812979221344e-05,0.0019491057586262794,0.00019960963835049823,0.00021643564105033875
935,0.0007178179215126257,7.89055526170708e-05,0.00041869282722473145,0.00043510868308793693,0.00016028277665398188,0.0003744848072528839,1.1690553152863756e-05,5.589700634898016e-06,8.17328691482544e-06,0.000563580508136298,0.000177657332459856,0.00034881941974163055,0.0007269334051008686,0.00027013658610386404,0.00028979405760765076,0.0011368252639961107,0.00011132797501035331,0.0003304779529571533
936,0.0005257849346712307,0.0002696526965778358,0.0005082208663225174,0.0002791851598974715,0.0002902762457270766,0.0007275901734828949,1.070806243322342e-05,1.8067496982658045e-05,4.141777753829956e-05,4.3248145723685794e-05,0.00119137532422494,0.0003103315830230713,0.0002040637551832189,7.194337282826618e-05,5.6158751249313354e-05,0.0014993298113589737,7.207655357336241e-05,0.00027824193239212036
937,0.0005873432190403316,0.0009152222556199699,0.0004508607089519501,0.0004908703048923935,0.0004281274582914815,0.000516040250658989,3.756875767675465e-05,2.8929258316628796e-06,1.8872320652008057e-05,0.0006384603784323345,0.0006922146051642278,0.0003960859030485153,0.0001592078322523241,0.000792377487320417,0.0004951134324073792,0.0008404701322744235,0.00032289719878959237,0.0010316260159015656
938,0.0003967565833721265,0.00022361707703414876,0.0007546469569206238,0.00040963909850860736,0.00017501508019740833,0.0007475670427083969,0.00020782593686624433,2.5097679829443954e-06,6.006285548210144e-05,0.0005740708754229731,0.00032921969549803975,3.181770443916321e-05,9.03673181525122e-05,0.001271608261599201,2.4084001779556274e-05,0.0024613387542720966,0.00012290223498085534,0.001155216246843338
939,0.0015536876339549976,8.815396656979349e-05,0.0007248576730489731,0.0012478479820771382,6.862746693565153e-05,0.0008545760065317154,1.1212749925482851e-05,2.867976433398967e-05,0.00019300729036331177,0.0005797984183215019,0.0011627605324677284,0.002144714817404747,0.00012983550347776124,3.2012320181351583e-05,0.0019632261246442795,0.001450316170004462,0.0008824473537883426,0.0034335702657699585
940,0.00031889887888364443,7.441821429411341e-05,0.001172790303826332,0.0009516076043251387,0.00022905119065388252,0.0006715208292007446,0.0001394652747779366,4.333480152906365e-05,4.972144961357117e-05,0.0021921341566335448,0.0006403822943322549,0.0009041465818881989,0.00142807783254114,0.0004215168959637722,0.0002314932644367218,0.00047222267711780064,0.0005666432842814585,0.0009575970470905304
941,0.0012616832793984067,1.0397578415480974e-05,0.001339329406619072,0.00030716101781705363,7.056905453216994e-05,0.001513056457042694,7.618023754305848e-05,1.843954026684884e-05,7.7858567237854e-05,0.0016859965129065804,0.0006307326654553733,2.403557300567627e-05,0.002083750786284727,0.0007002388425061887,0.00013449974358081818,0.002033521460659965,0.00028335773362466897,0.0009008683264255524
942,8.456143912147218e-05,4.953948760116206e-05,0.00023140385746955872,0.0006373292342458092,0.0006336526822462545,0.0005403384566307068,1.7370228282975048e-05,8.929560082284005e-05,8.928775787353516e-05,0.0003911257158946968,0.0016023945305260676,0.0005741994827985764,0.0004659157303867553,0.0009142142289495503,0.001503022387623787,0.0008986625836669981,0.001020188252503715,0.00216544046998024
943,0.0003701502727224415,0.0002492215575747754,0.00012492015957832336,5.750224016085048e-05,0.00015657039541381798,5.376897752285004e-05,0.00010295105215979601,2.1201382962215585e-05,5.8848410844802856e-05,0.0005416035768609564,0.0009161603239785862,0.0005040336400270462,0.0005839296062410751,0.0004235259615391479,0.00036364980041980743,0.00044829561279785546,0.0003166086718175928,0.001241430640220642
944,0.0006118222606904533,9.67376631778663e-05,2.4404376745224e-05,0.0007232659295174915,8.139187970890652e-05,0.00011754781007766724,3.2885808187797794e-05,9.749971328369927e-06,3.065168857574463e-05,0.0006330740942891502,9.33210203634266e-05,0.0006072670221328735,0.0010670671097016554,0.00025224769736420516,0.0007133092731237411,0.0005540967792672657,0.00010660189755246421,0.0006558150053024292
945,0.0005936797911217928,0.00025599133603169955,3.28943133354187e-05,0.0008971660530948944,5.203885294006658e-05,3.965198993682861e-05,1.738264731947388e-05,5.1121965714666655e-06,3.3192336559295654e-06,0.0011085851288986093,0.0005466653935651475,6.763078272342682e-05,0.0007284208867244235,0.0003789693072244124,0.00011865049600601196,0.0009337203081027368,0.00017899252350845685,0.00030117109417915344
946,0.00037010094104691915,3.042720797821058e-05,0.00043466314673423767,0.0007674816098464932,9.269224257206846e-05,0.00046074390411376953,3.801933474858153e-05,9.842631249158364e-06,8.743256330490112e-06,0.0006460459085807294,2.6382569353923524e-05,0.00029179081320762634,0.0005999612347438871,3.162170343241205e-05,0.00030935369431972504,0.0007614453882088257,0.000167733429695813,3.217533230781555e-05
947,0.0007326265588697978,0.0002604586347302214,0.0006249193102121353,0.000719422858748292,8.301569119283092e-05,0.00047932006418704987,9.627888576564832e-05,1.7745622869309245e-05,6.187707185745239e-06,0.0016580130314344799,0.0006859516613258732,0.0007086992263793945,0.0011758201325445597,0.0007462133068313684,0.0005378834903240204,0.0015580508537043625,0.0003516136557961411,0.0003250688314437866
948,0.0004108121974136236,0.0002995999557153378,0.0005104262381792068,0.00027803575744761444,4.774006186889987e-05,0.0005385372787714005,4.3408320711866774e-05,1.989711925720413e-05,2.785027027130127e-05,0.0003922866325247118,0.00045388213352934303,0.00016055069863796234,5.290832667241563e-05,3.864285224369074e-05,0.00013866275548934937,0.00041633642074712096,0.00025393091038192813,0.0003288574516773224
949,0.00015351052019674238,0.00029878653611118203,0.0002737138420343399,3.5225796260279774e-05,0.00019709850403550055,0.0004699043929576874,1.5452924923674977e-05,3.724616758077836e-05,4.982948303222656e-05,5.649692188360034e-05,0.0005269739439137042,0.000682612881064415,0.0003740259311842617,9.3082280207199e-05,0.00043077580630779266,9.381169940370082e-06,0.000578691386127218,0.0010850317776203156
950,0.0005186049406236959,0.00038295800317502196,0.00032793544232845306,0.00011389830859334649,0.00027304014635642915,0.0005647633224725723,7.866051896031519e-05,3.4371321728108456e-05,2.565234899520874e-05,0.00036665820058645604,0.0006899981080791887,0.000263730064034462,0.0001953956021080172,0.0002866619778915738,1.9257888197898865e-05,0.0004143370025914417,0.0006766273122538607,0.0006043128669261932
951,0.00021031504859680972,0.00010115546551592303,6.271153688430786e-05,0.000619504834570267,3.176176043560505e-05,0.0002664979547262192,2.9515431581045998e-06,4.081250033430886e-05,4.973262548446655e-06,0.0010700511580165814,0.0008353815836945264,0.00015559233725070953,0.0008233537912946398,0.0001057227919464554,0.00010072067379951477,0.00016213969132714,0.0006253470897422055,0.00011101365089416504
952,0.00028757259648309885,9.832103621212895e-05,0.0002570655196905136,7.122300695239225e-05,0.0002798533416525535,0.00012478232383728027,0.00016300318583321698,3.359522210042814e-05,4.980713129043579e-06,0.00015846677376722684,0.0004168919226111151,0.00034995563328266144,1.8917162593098946e-05,0.0008521229546372064,0.00024348683655261993,0.00011226991840151967,0.00040140667912153026,4.000961780548096e-06
953,2.7928818375905218e-05,6.611354343752374e-05,6.967037916183472e-05,3.4164428548227876e-05,0.0001890870208587185,0.00018586032092571259,2.769945433938638e-05,2.1962983302712845e-05,4.0568411350250244e-05,0.00015671729579552762,0.0001612673551582705,0.0003285743296146393,0.0002161458519323381,0.00048460234229546345,0.000254165381193161,0.0026908215707500405,0.0003535490766485936,0.0006013065576553345
954,0.001212043611565905,0.0002369991382023401,0.0007433705031871796,0.0010779823013140066,0.0003107112496890316,0.0010219737887382507,0.00010525769765032215,4.816607218302243e-05,7.69980251789093e-05,9.384177421824236e-05,0.00033341662020035245,0.00011018849909305573,0.00042683415408800024,0.00017693630345587408,0.0004815235733985901,0.004263442184130051,0.0008068643258119109,3.184378147125244e-05
955,0.0007252208309188601,6.272489408433099e-05,0.0011473651975393295,0.0005799100892372455,0.0002822866501814292,0.0014903564006090164,0.00016962809603285854,5.376071743030017e-05,0.00010363757610321045,3.0742154772542274e-05,4.062133905621129e-05,0.00010724924504756927,0.0001927464099038545,2.3888945390529437e-05,0.00028685107827186584,0.0041825688595766575,0.0009999233689061576,0.000688645988702774
956,0.0006262086950173662,4.845060361196793e-05,0.0008566062897443771,0.0004209157290518961,0.00017951386788030849,0.0011816173791885376,4.353083767993232e-05,6.653973703187618e-05,5.726143717765808e-05,0.0005193532151799782,0.0004524369990975899,0.00010210834443569183,0.0002241597315399621,0.0006811535009211347,0.00047669000923633575,0.002400627281112483,0.0010859204245225271,0.00012346729636192322
957,0.00046642105014621515,0.00013019695726764619,0.00015947222709655762,9.532196447073482e-05,0.0001395336790280602,0.00027825869619846344,5.394617360592047e-06,5.446193519852019e-05,2.0001083612442017e-05,0.000398834758349724,0.0006388583659132849,0.00019859150052070618,0.00011234408719130312,6.124137791660433e-05,0.00032965466380119324,0.000805555146355108,0.0007987813898613213,0.0008380040526390076
958,0.0006484512594132907,0.0003839278143047027,0.00035309232771396637,0.0012456861837776279,0.00010007616769763458,0.0003891400992870331,7.624658052065442e-07,2.5202465459592087e-07,8.174777030944824e-05,0.0009714210038885701,0.0003101650559983668,0.0008204001933336258,0.0011043831395921508,8.803336364021641e-05,0.0008388124406337738,0.0009231767898057741,3.330783274071731e-05,0.0015842840075492859
959,0.0005771378159174501,3.173268996269421e-05,0.00015685707330703735,0.0011962799382816969,0.00021793229003544412,0.00024554692208766937,3.4199376827581673e-05,7.527146183165356e-06,6.274878978729248e-05,0.0009009765400168068,0.00011693406476125101,0.0008582510054111481,0.0010479220097606573,0.00023091017781205758,0.0007006973028182983,0.000895733921351366,3.706345980630972e-05,0.0008332394063472748
960,8.164115920511472e-05,4.808655994323688e-05,0.000727115198969841,0.00031117406313496687,4.190693335589732e-05,0.0007521249353885651,0.00023160723816475354,3.2581600683732984e-05,6.690621376037598e-06,0.00048376739552769693,0.0006548895264958457,0.000781480222940445,0.0001746002593644297,0.0006617218682045817,0.0007928349077701569,0.003226620257579055,0.0004318078539640559,0.00015967711806297302
961,0.001360820117311451,0.0002059657739874078,0.001006443053483963,0.0013074075240594452,0.0003722670341113517,0.0012185033410787582,0.0001429509216166365,4.559310853659255e-05,6.591156125068665e-05,0.00019243275181644176,0.00110954449076104,0.0002425462007522583,0.0008392058142435363,0.0003594605342889176,9.223073720932007e-05,0.003846270275252972,0.0004035153294794829,0.0007072202861309052
962,0.00040134841985728364,4.961653629080229e-05,0.00015575438737869263,5.245501012460241e-05,0.0001904078351631748,0.00033522583544254303,6.271897897898795e-05,2.1480258004975285e-05,1.6491860151290894e-05,0.0008804111801709799,0.0007417073731359608,0.0004779789596796036,0.0001619641539639255,1.5089224203422569e-05,0.0002519860863685608,0.0017993293689569922,0.00012339790855742366,0.00035931915044784546
963,0.0007336975361693365,8.727983552584209e-05,0.0006852447986602783,0.0005757847589348553,4.711220122274526e-05,0.0008683577179908752,3.265291543055361e-05,1.4997021287710898e-05,5.25154173374176e-05,0.00010712356992063216,0.0010876477909956134,0.0006811171770095825,9.50642197854526e-05,0.0008602050710549772,0.0004445575177669525,0.000456513855337487,1.6583908051519963e-05,0.001293279230594635
964,0.00015586683771989795,2.6109863271700506e-05,0.00013363175094127655,0.00010987403496892645,8.960201006864149e-05,0.00018196366727352142,3.7273758772089424e-05,6.735680836579994e-06,2.1710991859436035e-05,2.4508271906052703e-05,7.240474876121089e-05,0.0005859658122062683,9.100264912442757e-05,0.00014774444637338097,0.0005039572715759277,0.0006433199883828511,0.00026139462467423494,0.0004543587565422058
965,0.00021089643707725148,0.00014274081364708952,0.00017995946109294891,0.000204288934367719,0.00016157596891662462,7.68899917602539e-06,2.2757777954305128e-05,2.3093247042610046e-05,1.0598450899124146e-05,0.0006613767908915172,0.0006666698059965281,0.00043531879782676697,0.0008279746128190338,6.81795875639088e-05,0.00025533512234687805,0.0002219841757067076,0.00031870220750456184,0.00025119632482528687
966,0.00012429281002182546,3.202797579674593e-05,0.0006713829934597015,0.00016829966426420984,0.00021315305148755792,0.0007762424647808075,0.00015766050698804573,6.51737582371364e-06,1.3239681720733643e-05,0.00014110231212318552,0.00022625255479689216,0.0005746390670537949,0.0003860028879144675,0.00021129133802054445,0.0006764065474271774,0.002612664731779263,6.241796454299186e-05,0.00028149038553237915
967,0.0006516305606775741,7.974611754024002e-05,0.00010487064719200134,0.0002700667460258377,0.0001230399978028457,0.00020860135555267334,6.46643125567243e-05,2.1323715812567354e-05,1.5269964933395386e-05,0.00018572519324352305,0.00010114271019497079,0.0003883354365825653,0.0002382441025125942,0.0016616466309892289,0.00018576346337795258,0.0012020115571688417,0.00019739755620462075,7.223337888717651e-06
968,0.000782307897833151,6.702715088951344e-05,0.0008627120405435562,0.0009461882170140878,0.00014911251385717195,0.0007377676665782928,9.407749237060233e-05,4.8033238569659856e-06,2.8926879167556763e-05,0.00029370024294043257,0.000358546718902307,0.0003655422478914261,0.0006623118056618069,8.796574866205831e-05,0.0001988094300031662,0.0017020986999707333,1.1505431844653115e-05,1.749768853187561e-05
969,0.0008709795946519883,7.313915945024799e-05,0.0006125885993242264,0.00058702567886873,0.00023147445428467125,0.00039273127913475037,9.848464446776672e-05,3.3316922717805054e-05,3.565847873687744e-05,0.0008903374471553038,0.0008154553696179748,3.2922253012657166e-05,0.0007550157752088324,0.0005181979718224122,0.00035463087260723114,0.002672976174864866,0.000606825075082158,0.0006563104689121246
970,0.00048305812657462033,7.480683160217619e-05,0.0006366129964590073,0.0007357626415550322,0.00021040960898873265,0.0006164293736219406,7.548390298968422e-05,5.082053235369539e-06,3.212690353393555e-05,9.432477890741753e-05,0.00023861359122555326,0.0002457760274410248,0.0001751413149674655,0.0007610646039031901,0.00026788748800754547,0.0035736551709697473,0.00041948005178899786,7.890164852142334e-06
971,0.0001572090322056463,4.4090380254459965e-05,0.0007628109306097031,0.00015866174102857622,0.00012177177262102587,0.0008641090244054794,4.841021510433759e-05,1.8705852648465604e-05,7.772818207740784e-05,1.1685886648897525e-05,0.00021467608968095409,0.0005303621292114258,0.0005985901705564331,0.0017156720413379553,0.00030422210693359375,0.002495354911736386,1.2559911984847544e-06,0.000900711864233017
972,0.0005619347542627218,0.00018104744814691903,0.0005446542054414749,0.0006873779018726767,0.0003525892396683099,0.0008562896400690079,2.731769337733364e-05,3.970024983970745e-05,7.373467087745667e-05,0.0004292326941339186,0.0011582661538860548,0.0008379183709621429,0.0001396962138805677,0.0020150494384924625,0.0003545507788658142,0.00047861950736191594,0.0005624889252232902,0.0010302439332008362
973,0.00038884135319303126,0.00033847355182385283,0.0008131489157676697,0.0002148661880776448,0.0004084490559191807,0.0004998110234737396,0.00017429944135221274,4.478893442362632e-05,2.1085143089294434e-06,0.0002627709289254529,0.0013758818478141616,0.0010919738560914993,0.0006704820055123475,0.0020456839239530247,0.0006626304239034653,0.0022523383904683725,0.0006416603328555388,2.2448599338531494e-05
974,0.0008757321013445063,5.078467486563376e-05,0.00022491440176963806,0.0009277766523834163,0.00022706183242293676,5.996786057949066e-05,2.494423691414699e-05,2.751851010059244e-05,4.5746564865112305e-06,0.0009036798262759757,0.00041370448850226726,0.0003428291529417038,0.0012255499816240592,0.00011423430640940951,0.00021483004093170166,0.00019220371994871366,0.00034734553806638636,7.791072130203247e-05
975,0.0007242179672102833,0.00017240698642644395,0.000612383708357811,0.0003384436226961385,0.0002130767426872307,0.0008298251777887344,0.00010560797938780585,3.1145239268515293e-05,5.439296364784241e-05,0.0009564147985434909,0.00010383395849140192,0.0004993919283151627,0.0012686229381575348,0.0003708597294178259,0.0002984441816806793,0.0019492197226558816,0.000586426137515291,0.0006851553916931152
976,0.0003769876578346154,0.00016064761115409595,1.7367303371429443e-05,0.0003016159811680408,2.222389556148091e-05,0.0001802537590265274,6.210399374621638e-05,1.9480114749145376e-05,2.7120113372802734e-06,0.0002217404100342546,0.0002089415820736365,0.00020651891827583313,0.0005126130783142738,0.0005808801326260479,2.1958723664283752e-05,0.0014632322735846637,0.0004717903879108351,9.44286584854126e-05
977,8.315173695705447e-05,0.00016324959489133137,0.0011096075177192688,0.00010163883315222888,0.00014157035834999263,0.00100034661591053,0.00011535967833046015,1.3844765463751681e-06,8.236244320869446e-05,0.00010283874730297737,0.0002836983192297318,0.000352637842297554,0.0001916613153766511,0.0008868523900900163,0.0005116742104291916,0.0020150707645347488,9.323418166167809e-05,0.0009645111858844757
978,0.00027417137095236965,3.1973962197860695e-06,0.0010318644344806671,0.00048451173732580455,0.0001268880020798037,0.0010496024042367935,8.782420088171775e-05,1.1409569027740629e-05,9.25995409488678e-05,0.00027625927313685433,0.00037909975286868486,0.0007505156099796295,0.0005703695685708443,0.0007331019752032514,0.0007581654936075211,0.0014964904176267002,6.014814136644838e-05,0.001422889530658722
979,8.967611919610818e-05,0.00045730007372579706,0.00034857913851737976,0.0006275596044986731,0.0003056670863831115,0.0005626194179058075,4.207188280112156e-05,2.8276610681439592e-05,3.693997859954834e-05,0.000303260245652158,0.0006251770804613851,0.0006395373493432999,0.0003717729718666629,0.0011287071265159432,0.0003491286188364029,0.0013685617213630985,0.00027550999652710233,0.0003612600266933441
980,0.000688003078116145,0.0004266903536530274,0.00016014277935028076,0.00034922922599195383,0.0002946880664993941,7.431954145431519e-05,2.0899797976642667e-05,3.396687676882244e-05,4.589557647705078e-06,0.0008503605325517888,0.00044179933474768757,0.00038157589733600616,0.00025219798198840293,0.001170048137857961,8.952245116233826e-05,0.00038634544334295584,0.00023527423709885763,0.00015206262469291687
981,0.0004012229095719799,0.00024935891746847086,0.00019356422126293182,5.43846343548926e-05,0.0003369873996128571,0.00012911856174468994,5.506784239885966e-05,4.978175148138091e-05,7.685273885726929e-06,0.0010074392926614148,0.0006743103408617529,0.00034247711300849915,0.0004974483357277348,0.0009236813640239594,3.8782134652137756e-05,0.0006184953274024629,0.0006103255584082451,0.00024526938796043396
982,0.00016242509309533082,0.00029622587395100597,0.0004734862595796585,0.00032900089967960455,0.000265753391047438,0.00022699497640132904,1.4911450093782821e-05,3.744234984621466e-05,1.8887221813201904e-06,0.0004963727011520688,0.0011251256901244552,0.0006904024630784988,0.0008084620273227996,0.0017659669401317996,0.0003512948751449585,0.0007048482377467746,0.0002259093798994468,9.365752339363098e-05
983,2.8927376739013022e-05,1.4608379014017375e-05,0.0005403719842433929,8.630079690846726e-06,0.00028009169551998503,0.00033323466777801514,7.355874103025066e-05,4.651308717873047e-05,2.33575701713562e-06,0.0005006402463597001,0.001412180245771659,0.0007453430444002151,0.00032094253785987237,0.0010247633767734785,0.00041354820132255554,0.0005852965154267697,0.00034974560187124235,0.00036866962909698486
984,3.390952470497255e-05,7.727726624847525e-05,0.000606069341301918,0.0001963605994114992,4.200428711711307e-06,0.0007147267460823059,0.00012945247288209324,1.8984349015509303e-06,6.429105997085571e-05,0.0005604198750586292,0.0001311335516839332,0.0003042016178369522,0.0003495004262919557,0.00020384904854328645,0.00019960291683673859,0.001280900827394238,0.00010149972038446748,0.0009666383266448975
985,0.00029713021955704577,0.0002457844089964155,0.00036260485649108887,0.00021159985144991733,0.00030564177890150465,0.0006196107715368271,2.9439936156011245e-05,4.630740909002481e-05,5.804002285003662e-05,0.0005603687547854758,0.0008051797754215079,0.0008454583585262299,0.0003493223375236332,0.0009612634721325383,0.0005455128848552704,0.0010889668868827584,0.0004705347755530483,0.0013060793280601501
986,0.0006434725134429609,7.668179881927667e-05,0.0003471542149782181,0.0006728262791483863,4.594009031195709e-05,0.00037001632153987885,9.764007983669235e-05,8.689801030573887e-06,4.374608397483826e-05,0.000741939494340961,0.00020358951726551222,0.00041143596172332764,0.0006482913441323221,0.00011648558957250837,0.00038395076990127563,0.001320980358348045,0.00018944639463110667,0.0006886571645736694
987,0.0016473875476514521,0.0006178027189228212,0.00010331347584724426,0.0020752186133169426,7.5399977369741e-05,0.0002092793583869934,9.365380463964915e-06,6.620883362003043e-05,1.1947005987167358e-05,0.0019472597700050803,0.0015095900909105064,0.0006156992167234421,0.001688978143548646,0.0011348695242468024,0.00021193362772464752,0.0013469745521973442,0.0006914730841221482,0.00038897618651390076
988,0.000133823786198084,9.713532848434556e-05,0.0004367828369140625,0.0001495827237476266,0.00011408172815796994,0.00037858448922634125,7.986764544604466e-06,2.553832043647442e-06,3.419816493988037e-05,0.00010207045011505211,0.00019714331414875247,0.00017012469470500946,0.00045263440515855985,0.0001670906453135404,0.00021846219897270203,0.0005355614288483357,2.4586372921490615e-05,0.0002956986427307129
989,0.000638630047766986,0.00026513331416981936,8.166953921318054e-05,0.0006044095232196345,0.0002475541986220568,0.00017867982387542725,0.00010523892614785167,4.244042557738955e-05,5.211681127548218e-06,0.0004156632866517268,7.422772804612648e-05,9.909458458423615e-05,5.351201806311212e-05,0.001067739641920147,0.00024078413844108582,0.0005468092371515021,0.0007155659825792051,3.030523657798767e-05
990,0.0005704529299368766,0.00021242232387366777,0.00020790472626686096,0.00025868486170532723,5.92572075769765e-05,0.00020473822951316833,6.212132385646427e-05,3.3802496318276746e-05,4.954636096954346e-07,0.0010910520044505878,0.00030941389151181026,0.0005815066397190094,0.00038069190234199524,0.0004447868349395506,0.0005346033722162247,0.001361079409711835,0.0004713914865101783,0.00040720775723457336
991,6.87089900813509e-05,0.00046746838131603297,4.248693585395813e-06,2.337080816394721e-05,7.339994971579389e-07,0.000128110870718956,4.296096918541756e-06,2.1301731063975624e-05,9.942799806594849e-06,0.0003302415315906762,0.00035668001350508405,0.0001615416258573532,0.0007252897229203178,0.0006288351554598198,2.3845583200454712e-05,0.000998421896993118,4.572768550203596e-05,3.2491981983184814e-05
992,0.0004938691546412799,0.0002155017652389242,0.00028425082564353943,0.00019559035906235867,0.00014787287110279088,0.00033596716821193695,7.941934752205351e-06,5.295392945902863e-06,7.271766662597656e-06,3.823055983694784e-05,0.0006191511287541307,0.00028945133090019226,0.0007956363484248816,0.00025213240332386255,0.00029176846146583557,0.0016476229854821,0.00012171054275644452,0.0003794468939304352
993,0.00014463698235145372,0.00024677413935074444,0.0007499512284994125,0.00010330585112433566,4.7272256343232344e-05,0.0008604656904935837,7.351907440951953e-05,2.800377447292459e-05,6.953626871109009e-05,0.00020265180634688323,0.000808881736679562,0.00022767484188079834,0.0013940427228192193,0.0008767491636766031,9.727105498313904e-05,0.0024034061742782,0.00030508728097849557,0.0007664784789085388
994,0.0004980784318128206,0.0004248193665508035,0.0006063748151063919,0.0003090280243394361,0.00018099640301268843,0.0008842442184686661,0.00012949781390581526,5.3538662869848124e-05,5.478784441947937e-05,0.0002692511857135746,0.0003068635732779018,0.0004389435052871704,0.0005697004518220791,0.001554145276707851,4.894658923149109e-05,0.0017355229043221898,0.000631508866824157,0.0005543865263462067
995,0.0004066479770924447,0.0003382470637863337,0.00024645403027534485,0.0004848945934671778,0.0003692570631405878,0.0004470366984605789,3.5834087799302763e-05,4.468239833092761e-05,1.9513070583343506e-05,0.0004237060403232615,0.0009435178850828035,0.00012709759175777435,0.0005207000983063204,0.001398826169021726,0.00016644969582557678,0.0006004965605291845,0.0003982057953466384,5.936622619628906e-05
996,0.00023857003371260954,6.290113839623954e-05,0.0004709046334028244,0.00021998642225484755,0.00015538976376704497,0.0004680398851633072,2.07238228432053e-05,1.0048189233917513e-06,1.1660158634185791e-05,0.00015235945971678322,0.0004301527146793188,0.00033425167202949524,6.34850538856549e-05,0.00029645166867548617,0.000316668301820755,0.00039055955730926684,0.0001470491890202142,0.0002730339765548706
997,0.0001532581309514891,7.932616964589218e-05,0.0007729176431894302,0.000408029930006909,0.00015834394617227424,0.0007123667746782303,7.132294013245319e-05,1.335077755598699e-05,4.044175148010254e-05,0.0001700238123242201,8.28624508906195e-05,0.00023693032562732697,0.0003340620222516827,0.000464413476946271,0.000119771808385849,0.001601983208177754,0.00025471055931329143,0.0005095154047012329
998,0.0006916986922857749,9.672761632636626e-05,0.0007535889744758606,0.001038929477074374,0.00013270617355447614,0.000722888857126236,7.165121124599189e-05,1.750533959316529e-06,6.0461461544036865e-05,0.00026131674398019444,0.0007460271691552833,0.0001339595764875412,0.0012323131569021567,0.0003084753718989447,0.00016942434012889862,0.002125493063934142,0.0001454916398832321,0.0007975995540618896
999,0.00022937121651786518,0.00042881617693361906,0.0005734525620937347,3.415574687717915e-05,0.00012123857010253036,0.0007880479097366333,9.29070960496315e-05,2.975792271387706e-05,4.1894614696502686e-05,0.00039035414553369174,0.0011072922074402414,0.00017544813454151154,0.0008223519396626938,0.0007609097917927327,0.000125812366604805,0.001982663697967124,0.0003167015646081063,0.000376138836145401
1000,0.0010460769325586483,0.0002640434352384931,3.554485738277435e-05,0.0009232121714926045,3.5873565964010534e-06,7.786042988300323e-05,4.911999663349126e-05,1.2435865254650411e-05,6.750226020812988e-06,0.0009858747895227296,0.0007814470876360419,6.76959753036499e-05,0.0005068463728461134,0.001742526710369334,1.5933066606521606e-05,0.00047564916750741926,0.00017118283101036878,0.00034923478960990906
1001,0.0003309212889569535,0.00010905305207504351,0.0005127284675836563,0.0004072786900159442,0.0001511096241425397,0.0006396472454071045,8.55542553702647e-05,1.6649841461375658e-06,2.4262815713882446e-05,0.00022586497936821076,0.0007856902710497021,5.6512653827667236e-05,0.0007732217702084918,0.0010209384124401921,0.00023600272834300995,0.0015928705207282345,0.0002950925539348566,0.00024188309907913208
1002,0.0005816955393104783,0.00016542555002719422,0.0005732737481594086,0.00011335267572462615,0.00011474826536796157,0.0005431249737739563,5.63902045771069e-05,1.8709093782154243e-06,5.540996789932251e-05,0.0004725760038563065,0.00014692863367886388,0.00018714368343353271,0.0003052040597474534,0.00020571507366321656,0.00022563710808753967,0.0004301691429280663,0.00024216328677784376,0.000799182802438736
1003,0.000497216060002581,8.168374537045539e-05,0.000566260889172554,0.0005045785805683212,0.00015296311593863618,0.0006728637963533401,6.849808665134252e-05,2.2246532152940193e-05,4.719197750091553e-05,0.0004785779340010579,0.0005256686771391711,2.3381784558296204e-05,0.00047392489227265217,0.00011125068816966732,0.00010970793664455414,0.0018856310381072938,0.00023136451149793034,0.0004845820367336273
1004,0.0003443146167115274,5.437819573156019e-05,0.0007572192698717117,0.0005576235071965419,0.00033212361736845164,0.001083439216017723,9.508033520754661e-05,5.567552956661334e-05,7.31348991394043e-05,0.00047844057689905295,0.0008601108775328353,0.000524742528796196,0.0006913105925048374,0.00033899737220871584,6.172433495521545e-05,0.002747766592389067,0.0007702843062309421,0.0008186250925064087
1005,0.0010622261129568655,0.00010624989018548012,0.0004245210438966751,0.00062374247892788,0.0005134579126693552,0.0006950721144676208,6.571734210044679e-05,5.773026074922086e-05,6.428733468055725e-05,0.0007247944098768069,0.0005757577877937639,0.0011275112628936768,0.0005299219376207198,0.000936829943695365,0.0006977096199989319,0.00016712890038450556,0.0006386947351845387,0.0014204084873199463
1006,0.001559038140267699,0.00017694768772119618,0.0006704051047563553,0.0014945249727709442,0.0003962735301785564,0.0004349164664745331,0.00010150384333650064,3.881472101090674e-05,2.084672451019287e-05,0.0013984715633755668,0.00044560038845651434,0.0006484072655439377,0.0012973213400795866,0.0008730946588312027,0.000319063663482666,0.002269300021538606,0.0004823860036350632,0.0001732371747493744
1007,0.00036004325526187153,2.262901933194894e-05,0.0005511045455932617,0.0005706128446995862,0.0001685825944234831,0.0004715956747531891,6.44959267012725e-05,5.764878570947745e-06,1.5653669834136963e-05,0.0008460865249143995,0.0006749089941618797,0.0001942962408065796,0.0009416016979899924,5.4136560065018435e-05,0.000155644491314888,0.0015575054841342473,5.759133610980325e-05,0.00021296367049217224
1008,0.0012691574507781023,8.934836073853925e-05,0.0003061201423406601,0.0009823221371961788,1.0639952602309322e-05,0.00020881742238998413,3.873790155411311e-05,2.4443959700248005e-05,1.6942620277404785e-05,0.0009406522324188343,0.0004098729419768424,0.00027650780975818634,0.0011453047753540516,0.00020860496572312065,5.0479546189308167e-05,0.001252300470794554,0.00020118660463166408,0.00036418065428733826
1009,0.00041464286753423174,7.919605325203832e-05,0.0001710653305053711,0.00027895186496523783,0.00013719818227874228,0.00015053898096084595,2.9893890787807686e-05,3.224910715447576e-07,2.314150333404541e-05,8.189456452047106e-05,0.00042818748800600714,6.279908120632172e-05,0.0006582918742914917,0.0002249644180577215,0.00010078586637973785,0.001269005775722365,2.136884586240867e-05,0.00032981857657432556
1010,0.00043330997218571365,0.00010047958566218942,0.00018409639596939087,0.00033689120905419645,0.00015064922434594383,4.931725561618805e-05,3.434061406221503e-05,1.3887440926210417e-05,1.1071562767028809e-05,0.00017189397602641182,0.00031624227273443356,0.00010610371828079224,9.032688114284093e-05,0.0004368627625422686,0.00023574568331241608,0.0003761277229350768,0.00044805437477439536,0.0005514733493328094
1011,0.0006692862097706087,5.384175185182971e-05,0.00016751699149608612,0.0004747502799818393,7.111006793826535e-05,9.449385106563568e-05,3.131659509395153e-05,1.1461712944185043e-05,4.913657903671265e-06,0.0005901794556703657,0.00012634127282429297,0.000153418630361557,0.0008760519831338895,6.192952471908986e-06,2.6931986212730408e-05,0.0004071748292146238,0.0001671214025676833,0.00011083856225013733
1012,2.5920820499569786e-05,8.588960604591009e-05,0.00012651272118091583,0.0001505744886994842,8.535072396285287e-05,8.658505976200104e-05,2.2385026117602638e-05,1.3933287681826485e-05,7.148832082748413e-06,4.65499343694914e-05,0.00023159112515246105,0.00010411068797111511,0.00012118151606641675,0.00020294177448619555,3.121793270111084e-06,3.0190668546009602e-05,0.00025426860865431986,0.0003955140709877014
1013,0.000672186961032023,6.174907380949654e-05,0.00028037093579769135,0.0006761499112688252,0.00013818138227709303,0.00015453249216079712,1.5020902149007545e-05,1.9448816794303452e-05,2.201274037361145e-05,0.0007659488041430393,0.00036786783772391196,0.0002720355987548828,0.0004522662746292566,0.00015876241031385907,0.00040450319647789,8.958821444976506e-05,0.0003064264606917129,0.00041398778557777405
1014,0.0005623800667743095,3.0941660163555373e-06,0.0004240497946739197,0.000678985262952625,0.00026449238338490527,0.00036603957414627075,2.797710429412216e-05,2.6253111581497088e-05,1.265108585357666e-05,0.0009066967443168497,0.0006189328299222446,7.366761565208435e-05,0.0005387048171481695,0.0006651087358354318,4.517287015914917e-05,0.000976889115061802,0.00016187755400170643,0.000126522034406662
1015,0.000586442050103525,6.658746337064037e-05,0.0001140199601650238,0.0003298155587255214,0.00011476956587916712,0.00031771324574947357,7.381167346132318e-05,2.7373630564110797e-05,1.72443687915802e-05,0.0005890000920678734,0.0005540567292721468,0.00013130716979503632,0.0005147531843279415,0.0004102341106829027,0.00015158019959926605,0.00016473170458167208,0.00036218186049324355,0.0005168803036212921
1016,0.0009076422824594033,0.00018975863200375656,3.0083581805229187e-05,0.00027200497036461435,0.00024631199055636516,0.0002715475857257843,7.032492228599765e-05,3.7504887309097886e-05,1.897290349006653e-05,0.0006083082882896995,0.000575937694719246,0.0001709815114736557,0.0008002496225795602,0.0003766805199732215,0.00018745474517345428,0.00022232700269594896,0.0006086993542772741,0.0005095340311527252
1017,0.0011314721426379515,0.0002577825656075554,3.148987889289856e-05,0.0008007623513608952,0.00033695266328300985,0.0002824440598487854,7.963275684853312e-05,3.5159925202459506e-05,2.896040678024292e-05,0.001044959224200094,0.00030613586635075407,0.0003954228013753891,0.001293953590858446,0.00020526955528140517,4.657730460166931e-05,0.0002441891048119704,0.0006812756944354942,0.0006571747362613678
1018,0.0005406465122372028,8.201085580725881e-05,0.0005301032215356827,0.00040293419081588455,3.5570278277091e-05,0.0006652511656284332,3.0150410670953462e-05,2.2278756388767354e-05,4.141777753829956e-05,0.00032891337607160454,0.0003560629603901605,0.00011559762060642242,0.0002419113143638449,0.0001922763755861298,4.163198173046112e-05,0.0009915241729005209,0.00031684892044343393,0.00025980547070503235
1019,5.9823866644381773e-05,6.141831646303691e-05,9.702518582344055e-05,0.00015481911156992045,7.380004897526715e-05,0.0001881532371044159,1.086898277645118e-05,1.5305160123182986e-05,2.761930227279663e-05,0.00023169247430645384,0.00028419849589142454,0.0003295205533504486,0.0003762809738366707,0.00014840540191490836,0.00022421590983867645,0.0008468566173815695,0.00011686325950594975,0.000284634530544281
1020,0.0005569034277440599,4.2099114764278245e-05,0.0005479138344526291,0.0002922162347596957,6.434369833385051e-05,0.0005865022540092468,6.49247268375043e-05,5.60762847962517e-06,4.970282316207886e-05,0.0008569842769116723,5.04850020747738e-05,0.00048672035336494446,0.0006264481385060555,6.177223500314355e-05,0.00040282122790813446,0.0001210381789609194,0.0003817866991031914,0.0010391287505626678
1021,0.0007969888952336635,2.8711301546611306e-05,0.0007108654826879501,0.001082793087637618,0.00012224909791435506,0.0006995890289545059,6.863687945911703e-05,6.063019066445633e-06,2.5570392608642578e-05,0.0009265400329988224,8.584461971960361e-05,9.593553841114044e-05,0.0010546209022879519,0.00019158454514702633,6.945058703422546e-05,0.002434198218228101,6.29753276461878e-05,0.00026374682784080505
1022,0.00033326949824288854,0.00011021501979633502,0.0009913146495819092,0.000673610266878677,0.0003072553385269419,0.0013033710420131683,0.00021464188336755598,4.236345337618329e-05,8.037686347961426e-05,0.000641761732863802,0.0002874795219783219,0.0002618171274662018,0.0004906315249338516,0.0002689450872169208,0.0001890379935503006,0.0036960496861403735,0.0007495592774047614,0.0010610781610012054
1023,0.00029196316747254203,0.0004224292830202585,0.0007582083344459534,0.00015708341482054133,0.0005364157991297955,0.0012166667729616165,0.00012698341957436549,6.132381516479646e-05,3.522634506225586e-05,0.00018413955863817721,0.0010544612103821696,0.00019823387265205383,0.00017002860152998817,0.0007957713329811295,0.00047670118510723114,0.002488519149807883,0.0008376064128411162,0.0005475990474224091
1024,0.0008841750461526521,0.000475419787190276,0.0004488173872232437,0.00030566739250939556,0.0007915026346586515,0.0009882226586341858,0.00010397362649413114,6.577169760779947e-05,4.715472459793091e-05,0.0009415826589958265,0.0004561816618324985,0.0011191554367542267,0.00134618267852607,0.0009142802245149517,0.00028156302869319916,5.8408051627489854e-05,0.0010150480127587083,0.001288820058107376
1025,0.0015419766432171744,0.00019048003861545093,0.0005066990852355957,0.0009999797796473864,0.0004391742882038571,0.000331047922372818,1.9339015976446022e-06,2.6539130852240594e-05,1.284480094909668e-05,0.0018906441086576006,0.00021407375655896344,0.00032600946724414825,0.0018707326251119274,0.0006034539359853416,4.034489393234253e-06,0.0008721533530030856,0.00030728890029428895,0.0001474618911743164
1026,0.0006870034737159747,0.00023236446494666677,0.00013062171638011932,0.00044245566021175464,0.00010014783381545947,8.252821862697601e-05,1.714438025950636e-05,1.3445286023764925e-05,1.224130392074585e-05,0.0009536849622177532,0.00044733808725951063,5.621463060379028e-06,0.0007410192748442679,0.0002733764302396621,6.251595914363861e-05,0.00034749177949869314,2.3372613579149097e-05,0.00020800158381462097
1027,0.00017879230265066548,6.643009070909575e-05,0.00027552060782909393,0.00010557190242310721,0.0001305647361520522,0.00018717162311077118,5.88084833566694e-05,4.860484017481806e-06,2.407282590866089e-05,3.0483502650800742e-05,0.00033545630489058287,7.662922143936157e-06,0.00014195335892232958,0.0003207834142401611,0.00011947005987167358,0.0011176640919375869,0.0002528890731385777,0.00042254477739334106
1028,0.0005367273858654376,0.00017175150538800005,0.00010476261377334595,0.0007704973542295157,0.0001991146683549029,0.00017670728266239166,6.797358167283905e-05,1.678590119726125e-05,1.2505799531936646e-05,0.000666636568220115,0.0003371698423598399,2.1159648895263672e-05,0.0005501799968625973,0.0003285796113271719,0.00015047192573547363,0.00041802871759474836,0.00014476984256661142,0.0003943108022212982
1029,0.00022603666903794895,5.983152603563496e-05,0.0004427023231983185,0.0003941360633910318,9.19424910079368e-05,0.0004978068172931671,2.6293163438466036e-05,3.747443846042564e-07,1.2643635272979736e-05,0.0005583553610460854,0.0004336736901228225,0.0002043154090642929,0.0006904026655789736,0.00025910186537826674,0.00025665201246738434,0.0007582961118799414,0.00016324189197670577,4.470348358154297e-05
1030,0.0004970249455164832,7.15971767167832e-05,0.0003606695681810379,0.00030155045013663395,4.672277673299988e-05,0.0004088897258043289,5.266446333578728e-05,5.050456724450022e-07,1.1567026376724243e-05,0.0003928700105248206,0.0003989790582741154,8.478574454784393e-05,0.00048043296955259385,6.416877488972517e-05,2.8422102332115173e-05,0.0007401944904217861,3.847699180085451e-05,0.00025777146220207214
1031,0.00021446775592023903,0.00013112018502332498,2.962350845336914e-05,0.0006720988827015051,9.644734298636451e-05,0.000116787850856781,4.0510727757243903e-07,1.0057004047166142e-05,3.585591912269592e-05,0.000683866412512335,0.0005567582208946195,0.0005243904888629913,0.00015596228851258442,0.000492686271759378,0.0003810971975326538,0.00019161445290363788,0.00025105419534401366,0.0010391287505626678
1032,5.949747925584892e-05,2.409420019661851e-05,0.00030206888914108276,0.00017221334125999688,2.499657438630523e-05,0.0003674272447824478,5.583648837738202e-05,1.657161348664419e-05,6.057322025299072e-06,0.0007278851617924451,0.00040980335216552616,0.00019047409296035767,0.00014785019318770687,0.0004104679535669731,0.00022590160369873047,0.001048929856701658,0.0002310122156611548,7.398426532745361e-05
1033,0.0004741792949710666,0.00015461590042264994,0.0003400631248950958,0.000568352193831112,0.00015698934979086615,0.0004853885620832443,6.52285020665902e-05,2.966504474033921e-05,1.8484890460968018e-05,0.0009131587548003722,0.00022246326210156875,8.71848315000534e-05,0.0009096877332625819,0.00017795621719529642,0.00031238608062267303,0.0008676578381324185,0.0006510670365255369,0.0001873597502708435
1034,0.0004850359268271931,0.00022975403733494978,0.000254286453127861,0.000550336970512294,3.704282615028462e-05,0.00035686977207660675,6.578129104306205e-05,3.0895575039981366e-05,2.9578804969787598e-05,0.0006333360479395186,0.0006439383258071349,0.00029582157731056213,0.0005600191018696188,2.489095214560505e-05,0.00013762712478637695,0.0005460700579178468,0.0006093361471117831,0.0005241371691226959
1035,0.0008840459512106102,4.910136030020912e-06,0.0003837570548057556,0.0010173897691974076,0.00016455723886382723,0.00023243017494678497,6.21429076296514e-05,1.4555309696267165e-05,3.384426236152649e-05,0.0013113819014559797,4.8325981544937446e-05,0.0002905111759901047,0.0010657035316311778,0.00020407088413355867,0.00048433803021907806,0.001513506304381046,0.00025368445703479684,0.0006459318101406097
1036,0.0014101194364918856,8.942171275526378e-05,0.0009810682386159897,0.0014380085524800523,6.248171374214143e-05,0.0008162036538124084,9.947941959256336e-05,1.957595129400123e-05,5.130842328071594e-05,0.00162644893078729,7.632901556848398e-05,4.097260534763336e-05,0.0017007279412527762,0.0005102833616391148,0.00019996054470539093,0.0020570848351807725,0.0003414345569621611,0.0010561160743236542
1037,6.8005202863707925e-06,4.483389142818234e-06,1.8052756786346436e-05,0.0002538923587531161,8.031802880244937e-05,1.2896955013275146e-05,1.1194399467813823e-05,1.323290651858471e-06,3.1989067792892456e-05,1.487972948403804e-06,0.00016714214134028876,0.0004041306674480438,9.046653051830028e-05,0.0003331999213377207,0.0004730541259050369,1.407802303268757e-05,1.5552796447096916e-05,0.0003154836595058441
1038,0.00012503943778260918,4.652352849967428e-05,0.0006119441241025925,4.723140162307682e-05,4.2841811962415766e-05,0.000580446794629097,0.00011149025135222951,6.99808928077421e-06,3.8664788007736206e-05,7.791912066772849e-05,0.00016669842426522002,1.8727034330368042e-05,0.0002677182820722823,4.9721014165123034e-05,8.585304021835327e-05,0.0017215261387742153,0.00010360298541542759,0.0006681308150291443
1039,0.00015316715521587754,0.00016776605044510964,0.0003357846289873123,0.0005975929923861811,3.5703258142852357e-05,0.000372275710105896,9.126199546315161e-06,5.583646282505435e-06,2.4080276489257812e-05,0.0002373718962448007,0.00020716952489298335,0.0005137640982866287,0.0007569889023692142,0.0006984151206679348,0.00046891532838344574,0.0007939172234998626,0.00010876844162800367,0.000804562121629715
1040,0.0008800892426243656,0.0001749963567098424,0.0009046513587236404,0.0008111606290898965,8.054960494929125e-05,0.0009559150785207748,0.0001939633192124205,3.0616083459003265e-05,6.692111492156982e-05,0.0007977485174008106,3.155362445289578e-05,8.059665560722351e-05,0.000523264747229385,0.00015104034095433233,6.05359673500061e-06,0.004410189057586583,0.0005054774548731208,0.0008108466863632202
1041,0.0004955599967000346,0.00037372780283195794,0.001088624820113182,0.00010226759377998662,0.0001792335305221479,0.0011534728109836578,8.9620143970277e-05,1.882457040495441e-05,6.507337093353271e-05,8.814933460989105e-05,0.00010332721378274179,0.0005335956811904907,0.0005192336104133666,0.0004737217219032766,0.00040052272379398346,0.0023935415749249678,5.847041602584889e-05,0.0007694214582443237
1042,0.0005444196042474758,0.00012195920117946332,0.00028591789305210114,0.000774030529762465,4.445888284874272e-05,0.00026805512607097626,7.976973378039445e-05,9.965501107909633e-06,2.689659595489502e-05,0.0002979971725183411,0.00038442798427301694,0.00036508776247501373,6.285719737354062e-05,0.0008067519737646051,0.0002926606684923172,0.0008415201824441276,0.0004474272041153065,0.0002958551049232483
1043,0.000771900776645712,0.0003429121536125783,0.00026231445372104645,0.0007473088998377897,7.161044318658438e-05,0.00040509551763534546,3.874864779935573e-05,2.5508886123246517e-05,3.773346543312073e-05,0.00033219012588575625,0.00046211525493788236,0.0004330147057771683,0.0005053943019346432,2.3964784489696744e-05,0.00022826902568340302,0.0008913927703423918,0.0004020803887691375,0.000768560916185379
1044,0.00022001465421273014,3.5498589336237923e-05,2.12695449590683e-05,0.0004052393249722175,0.00012247496091856783,2.0191073417663574e-06,5.412432635003468e-05,1.0021686855299475e-05,5.770474672317505e-06,0.0003337292564570826,0.00014598972673868227,0.00014127418398857117,0.00028652791785940823,0.0001239002346387838,0.00016504526138305664,0.00039115762329841597,0.00028119272198182284,6.723403930664062e-05
1045,7.490951268807056e-05,8.065672736877125e-05,0.00020456314086914062,0.0003101900793761325,2.3801312969244648e-05,0.00025283172726631165,3.8380696630908526e-05,7.565961618906641e-07,9.573996067047119e-06,0.0002675769652410523,6.89174209142357e-05,8.774362504482269e-05,6.994121086804916e-05,7.026739816802519e-05,0.00010142847895622253,0.0007210962711972357,0.00011740845981386173,2.0600855350494385e-06
1046,4.9674375641184376e-05,0.0002160758353977367,0.00048151053488254547,0.00013024965859784188,8.540713794297564e-05,0.0004942677915096283,0.00014351157946014374,1.0139570904748273e-05,4.926323890686035e-05,0.0003877092226473519,0.00019309109825225296,0.0003091525286436081,0.00018457716519348216,0.00023393880487921487,0.00029855407774448395,0.001107121115210552,0.00013741738725943798,0.0009663105010986328
1047,0.00021240426548768676,0.0003430951969484418,0.0005036592483520508,0.0004558350120075494,0.0008654431674020371,0.0001083575189113617,1.681790152464717e-05,3.4571582409539546e-05,4.065781831741333e-05,0.001186068149891313,0.00024257550955673196,0.00022901035845279694,0.0016750124364792313,2.5351000943057977e-06,0.0007223989814519882,0.00015618412382545355,0.0005714959524008119,0.0007962286472320557
1048,9.124610481905937e-05,0.00030051072161076456,7.127039134502411e-05,0.00044055834872802624,0.00016348798766160563,1.415051519870758e-05,2.045431694142931e-05,1.560834678842937e-05,3.382563591003418e-06,0.0006274612824598846,0.0004052093181392061,0.00028245896100997925,0.0013079345327454417,0.0011882655913881754,0.00019497424364089966,0.00046713501937153956,0.00035365420616817033,0.0002965293824672699
1049,0.00022190057178650413,7.833702978318757e-05,1.5040859580039978e-05,0.00052538515618622,2.9731668607195505e-05,0.00013139471411705017,1.2250531816134641e-05,8.7964345289619e-06,2.3230910301208496e-05,0.0001912922600595876,0.00036562338836827746,0.00034940801560878754,0.0009744140123545686,0.0009407085332808415,0.00022456608712673187,6.30634720097667e-05,0.00016431908425068413,0.0005213432013988495
1050,0.0003892987836641437,0.00019112434045910273,7.542222738265991e-05,0.0002549653116595829,4.108624861903776e-05,5.260109901428223e-06,6.806051290313836e-06,1.1633911790064554e-05,7.126480340957642e-06,0.00034609740893971896,0.0002660999781563811,0.00020505115389823914,0.0003061707895268828,0.0001338187170382074,0.00012202374637126923,0.0004974940515491688,0.00018747312269033322,0.0002496577799320221
1051,9.28703416804566e-05,2.2442333293837963e-05,0.00029227882623672485,9.337655998978289e-05,0.000164894793489051,0.00027883797883987427,6.089502559300346e-05,3.6458505794938656e-06,1.7285346984863281e-06,5.5690602675607936e-05,9.823384051400874e-06,0.00011535920202732086,4.8795628046556516e-05,0.00010199335120132658,0.000115957111120224,0.0005371550051441187,5.276520030245667e-05,3.141164779663086e-05
1052,0.0003316868772564596,9.029391902813308e-05,0.0003333520144224167,0.0002618663607246996,0.0001557863210203611,0.00014528445899486542,4.0285433288628214e-05,2.7699305502473532e-05,5.856156349182129e-06,0.00045754299552815125,0.0003423082673971317,1.2751668691635132e-05,0.0001321461749911948,0.0007443824065841292,0.000237930566072464,0.0012156536079289681,0.0005685012030100791,0.00011780112981796265
1053,0.0003150678469788504,0.00010271591313569875,3.9419159293174744e-05,0.0002893462153971127,6.812910734885214e-05,6.538815796375275e-05,4.635012442201145e-06,2.3481472670512703e-05,1.3787299394607544e-05,0.0005983150279638208,8.376146826688524e-05,2.1046027541160583e-05,0.00031194963112286117,0.0003502788059530221,9.783171117305756e-05,0.00021341295643420577,0.0004865500109261329,0.00013004988431930542
1054,0.0005618071926168922,0.00031735733326292495,2.3692846298217773e-06,0.00013791787958300494,0.00010950662468439329,4.450604319572449e-05,4.684158307424746e-05,1.0355288466282713e-05,1.4837831258773804e-05,5.0282938141646416e-05,0.0002784563272005547,0.0005288664251565933,3.89159938030334e-05,9.206873129372073e-07,0.00040736421942710876,0.0004958707343967195,7.235130602584877e-05,0.0001352168619632721
1055,0.0008246315887196765,9.170041167619672e-05,0.0004148446023464203,0.0001081909595802566,5.80124520791897e-05,0.00033858977258205414,4.187219644287768e-05,2.5971529678108516e-06,1.601502299308777e-05,0.00043428348267972317,3.6952764177512754e-05,0.00013360194861888885,0.00011904715490933943,0.00015808573284259442,0.00021641328930854797,0.0013086857693705434,6.247559761040494e-07,0.00019288808107376099
1056,0.0002565026602772136,1.861115236843902e-05,0.00020627304911613464,0.00046844740641965865,8.695882329442725e-05,4.33456152677536e-05,2.1434448696667358e-06,6.891171456690533e-06,8.549541234970093e-06,0.0005137698929233228,0.0010186590408035046,0.0003827754408121109,0.0013021480929430451,0.00045432842757431313,0.0005674641579389572,0.00017756710438848744,0.00019919241302151537,0.0003734603524208069
1057,0.0003574369165077751,2.883960128550328e-05,0.0002675876021385193,0.00028975035497760815,1.2016277502368417e-05,0.00011338293552398682,1.7657035112588967e-05,2.08506569130614e-05,8.422881364822388e-06,0.00024410247981145744,0.00022281842580800654,3.2665207982063293e-05,0.0004603100212568906,6.117724046992429e-05,0.0002012103796005249,0.000318431918747919,0.0003956996799504252,0.00010426715016365051
1058,0.00010254593683131641,3.535438012392325e-05,0.0002815667539834976,0.0001531856704936052,2.22429330227307e-05,0.00013307854533195496,3.151784069382185e-05,1.8077942449812903e-05,2.562999725341797e-05,9.792136631809473e-05,7.81281203433154e-05,0.0002506691962480545,8.015444740428618e-05,6.698506547631738e-05,0.000410543754696846,0.00015625470850191836,0.00036782952736075236,0.0005226209759712219
1059,0.0008553202972312046,2.774747296321531e-05,0.0001920592039823532,0.0009539112334319699,1.5149622556359654e-05,5.9874728322029114e-05,7.939510762923485e-06,2.7648625501467262e-05,2.499297261238098e-05,0.0009736357598312262,1.0084710379193451e-05,1.302175223827362e-05,0.0014975692290129516,0.00032853536936336414,0.00030018389225006104,6.207199934066265e-05,0.0005351032805477399,0.0004339069128036499
1060,0.00043118431041758165,1.9782299989883068e-06,0.00038077495992183685,0.00044412959392131635,0.00010056761511341092,0.0007581990212202072,0.0001049263989084219,4.660462097548805e-05,1.5906989574432373e-05,0.0008631352160139369,0.0003849473297007286,0.0003476142883300781,0.0017493155106261815,0.0005202086510459961,0.00013346970081329346,0.0006986931112402117,0.000706503982189949,0.00014963001012802124
1061,0.00031043240568692787,0.00012367030448616131,6.557255983352661e-05,0.00022384301122385653,0.0001789933830867417,0.0003631189465522766,3.791749953131751e-05,5.549092413545013e-05,6.3478946685791016e-06,0.0008887498523419482,0.0006652136111378465,0.0004564523696899414,0.0015881375544031656,0.0002494491843696364,0.00012472085654735565,0.0004881880332714694,0.0008616891148468713,0.00019695237278938293
1062,0.0013379209068488107,0.0002116662055010668,0.00032490119338035583,0.0007834545641745017,0.0001838603885215631,0.0001158006489276886,2.2550297542212744e-05,5.4358916188462455e-05,1.0456889867782593e-05,0.001442960509752525,0.00011187641235435586,0.00044649653136730194,0.0018990364599043227,0.0006589523176125656,0.00014806538820266724,7.15615583919138e-05,0.0008000876737363572,0.0004920251667499542
1063,0.0003504607744911348,0.00019323621589913478,0.00024425238370895386,9.500516555452365e-05,4.8222065837585926e-05,0.0006087552756071091,2.5161406513828782e-05,5.070422251946251e-05,3.191456198692322e-05,0.0004596626904296852,2.6865471275068498e-05,0.0005794521421194077,0.0007286264455649977,0.000364605816411713,0.00011163949966430664,0.0007013528125273949,0.0007417762736705372,0.00044240057468414307
1064,5.566231259981902e-05,2.9434047132879254e-05,0.0006819944828748703,0.0003952180339457656,0.00015477133948938251,0.0008673686534166336,0.00010573937827589204,1.838406104771222e-05,3.667175769805908e-05,0.00011720067440502274,0.0004892494454260612,0.00021471083164215088,6.088427283474501e-05,5.335273734752288e-07,2.1638348698616028e-05,0.0019365442181944748,0.0003543822975443844,0.0005873963236808777
1065,0.00021802904636736287,0.00011436036261577506,0.0001364145427942276,0.00017530809967872263,0.00022545323638917258,0.0003370773047208786,6.160369484102361e-05,2.654038614289137e-05,6.668269634246826e-06,0.00035080236723004227,0.00021289450621492234,0.00019801408052444458,6.33300209617535e-05,0.00041021176604547765,0.00011385418474674225,0.001127940102694014,0.0003616592746178565,5.068257451057434e-05
1066,0.0006356794555467116,9.207567874856479e-05,8.970499038696289e-05,0.00036612155770054944,0.00017119059971473782,6.629526615142822e-05,6.927517244875725e-06,2.880125296220908e-06,1.774728298187256e-05,0.0006313200615978912,0.00021951920090686888,9.843148291110992e-05,0.0004433421907282936,0.00026099304578003357,2.732500433921814e-05,0.0005992377173076879,4.6587417296238207e-05,0.00014913082122802734
1067,0.00011625844234114391,0.00017420361978126922,7.02105462551117e-05,0.0001999379165821824,0.0002684921952193185,3.783218562602997e-05,1.001450636713315e-05,1.9700318986217477e-06,3.6250799894332886e-05,8.409515556639935e-06,0.0006784042768096035,0.0004408136010169983,0.0004334329483166449,0.0002901172298497706,0.0004901178181171417,1.179989242838797e-05,8.286953230035501e-05,0.0008237138390541077
1068,0.00017723602874486488,6.886219006285721e-05,0.00031954236328601837,0.000213429604332821,0.0001226920002688585,0.0003369264304637909,1.0446303302283355e-05,4.4768867064199345e-06,3.213062882423401e-05,1.0193790192881969e-05,0.00010758141261307114,0.00038125738501548767,1.0459649488300804e-05,1.5440657416904147e-05,0.0003211498260498047,0.00043857802337571306,0.0003142396163799202,0.0008749142289161682
1069,0.0004562156350808033,0.00022349407944836225,0.0005927123129367828,0.00026828126312986034,5.899137590733433e-05,0.0007568895816802979,0.000139615118694425,2.4935435599854436e-05,1.8816441297531128e-05,0.0003253674271489551,9.578313211969225e-05,6.567128002643585e-05,0.00023068839457308227,0.00042063892367858596,0.00026445090770721436,0.001780119082711723,0.0004237207192991795,0.0001252889633178711
1070,0.00015028960939045266,0.0001810658335333129,2.3009255528450012e-05,0.0002188465140144924,8.304608675394412e-05,3.145262598991394e-05,5.914863628314615e-05,2.0778646406543414e-05,1.2580305337905884e-05,0.00021447012870394466,0.00026367807087249867,0.00014739856123924255,0.0008678293249826663,0.00028984303923328125,0.00013167783617973328,0.00031526856035657413,0.00022160979603877634,0.0005372241139411926
1071,0.00011961087279233062,6.695319747142964e-05,8.711777627468109e-05,0.0002587827214064753,1.6885549294073238e-05,8.74549150466919e-05,1.9301540722920646e-06,1.8413704812417523e-08,5.949288606643677e-06,8.917183092923414e-05,7.78402959953628e-05,0.00016892142593860626,0.0002131632401956643,0.00029306539583393715,0.0001788754016160965,0.0002829915771259961,0.00010125398190051526,0.00024407729506492615
1072,0.00023234081394349348,0.00015541638347683906,1.9721686840057373e-05,2.8806707297740486e-05,0.0001118262729758214,0.00018007494509220123,3.5239404806429106e-05,2.3216796115170264e-05,1.1157244443893433e-05,0.0002438415659264878,0.0004923069321516454,0.00024149753153324127,0.0001631528601214599,0.000537774302947186,4.620850086212158e-05,0.0001880699554342169,0.0003569443569389958,0.0004804544150829315
1073,0.0002147606174917327,0.00026288010731246106,5.299411714076996e-05,0.0002440719909801159,4.832434137494804e-05,0.000296521931886673,1.3777571789897955e-05,3.162934130179914e-05,9.875744581222534e-06,2.0529434161031812e-05,0.00039763938841534674,6.68056309223175e-05,8.070674401956107e-05,0.0005163166392007229,0.00023105740547180176,0.0005015921155195613,0.0005805189864045842,0.0001079365611076355
1074,0.00014819957472991807,0.00010505220159996373,0.00015579350292682648,3.826190611616598e-05,3.3897522945872116e-06,0.0002050604671239853,5.141401339890314e-06,9.524556786334878e-06,1.4413148164749146e-05,0.00013029558281803244,0.0004802989195378665,8.73170793056488e-05,0.0002530873779039017,0.0006315444477710055,5.0593167543411255e-05,0.0002796731148716758,6.521890169453991e-05,0.00016017258167266846
1075,0.0002531808193497742,7.793960895466356e-06,0.00012693554162979126,5.04323415910779e-05,0.0001378420848125797,0.00024184584617614746,1.1041762785284417e-05,1.2688933370788493e-05,3.0197203159332275e-05,0.00013954968200241558,0.0006994026015104821,0.0005067065358161926,0.00039427459374376944,0.0005340709343079203,0.00033365748822689056,4.077466255048012e-05,0.00014010993730329165,0.0003979690372943878
1076,0.0003557032867358423,7.738015669766368e-05,0.00016428343951702118,0.00045417589779997436,3.8308528679094345e-05,6.53676688671112e-05,6.043096638385856e-05,5.253770884953703e-06,1.093745231628418e-05,0.0005244825271125964,0.0001597249817511387,1.801922917366028e-05,0.0008073874877332424,0.00025290754706947666,0.00013657845556735992,0.0005931435842401744,0.00019539000120226847,0.0007172897458076477
1077,9.860697752839265e-05,5.795523128624552e-05,9.021535515785217e-05,0.00030267227821417775,0.00023700589079313217,5.370005965232849e-06,2.8164150746520095e-05,1.1316314321532111e-05,4.2751431465148926e-05,0.00014154643370773573,0.0005026186451222159,0.0007102396339178085,0.0004476618358551718,0.0002513252756115511,0.000753575935959816,0.00036419701310125285,0.00021625567480959302,0.0014373920857906342
1078,0.00013790563017757052,1.789501986414893e-05,0.00018187612295150757,0.0001234899730150063,0.00010253067812737368,0.00015003234148025513,4.711690403572111e-05,3.012652484699589e-06,6.273388862609863e-06,6.09539730193967e-05,0.00022042749736764233,0.00022932887077331543,2.8740959117021236e-05,0.00019280450148192324,0.000197557732462883,0.0010134076163695882,0.0001215413431621239,6.52112066745758e-05
1079,4.079494250872062e-05,0.0001358538262042075,4.7773122787475586e-05,0.0002992397741186925,1.5731888112057585e-05,0.00021886639297008514,3.623860824650618e-06,2.1324627374944775e-05,7.186084985733032e-06,0.00021826869382217395,0.00015864035355241807,0.00020439177751541138,0.00041798581628299525,0.0002719006217952874,3.123655915260315e-05,9.61471513102885e-06,0.0003463414888554362,0.0003455057740211487
1080,0.0005903933128451333,3.750182407224675e-05,0.0004769805818796158,0.0003668955245648142,8.888755458864861e-05,0.0005763284862041473,7.494689327703849e-05,1.0425158413082263e-05,3.236159682273865e-05,0.0006381602831658437,3.4699216185804516e-05,0.0002806819975376129,0.00036585801855733985,3.3448625384492614e-05,0.0001859571784734726,0.0010134564362553888,0.0001529841003169814,0.0006659813225269318
1081,0.0005037363498766323,0.00015621279236239724,0.00015871413052082062,0.0004719635310944936,7.434158964336052e-05,0.0002070702612400055,1.5708743186973462e-05,1.0889832725437823e-05,1.1682510375976562e-05,0.0005731482261445084,3.708767928548018e-05,0.0001901928335428238,0.00044775009497804996,0.0003527907033501129,0.00011441670358181,0.0005452716269894464,0.00010869685002950179,0.00019221380352973938
1082,4.2153421052570916e-05,7.826160978445171e-05,0.00011969171464443207,0.00011299862404887118,7.931213126096542e-05,0.00019631348550319672,4.2622740646196255e-06,1.2653604024639336e-05,7.852911949157715e-06,0.0001083669149087585,0.00021274765330458328,9.402073919773102e-05,9.25719697853905e-05,0.00019556435014151524,3.630295395851135e-05,0.0002211375462845555,0.0003415602078612979,0.00019458308815956116
1083,0.0005668118750357387,8.334239751821293e-06,0.000478893518447876,0.0005416728890404177,1.3278009442972694e-05,0.00042203254997730255,5.449387236373428e-05,5.9750439809257226e-06,2.5838613510131836e-05,0.0006740895922686188,0.0001132972682359526,0.00017791986465454102,0.000813987566910139,0.00010261450918092746,0.0002453327178955078,0.0005250441065296485,9.791412018669669e-05,0.00042458996176719666
1084,0.00015525748093841996,0.00016412017562844258,0.00015283003449440002,0.00019764595735455304,0.0001474404473632493,3.6071985960006714e-05,6.058786484499333e-05,1.8345202729020896e-05,1.6905367374420166e-05,0.0002741166873959436,0.0003021823983180433,0.00020946189761161804,0.00023284490460392243,0.0002856406840677714,0.0003590211272239685,0.00023960702270992007,0.00034638501483178277,0.0005031600594520569
1085,0.0006579066309947701,0.00021195895948252635,0.00011286139488220215,0.0007596714386127745,4.953922652233683e-05,6.169453263282776e-05,4.119928496545619e-05,2.5328954529628297e-05,6.884336471557617e-06,0.0008357971522310742,0.00040322738825371296,0.0002674441784620285,0.0008573531234517193,0.0003114179865944186,2.650730311870575e-05,0.00029167886680162014,0.0005096279340678703,4.1522085666656494e-05
1086,0.0013537506962056078,0.0002298867457168098,0.00032718293368816376,0.0013541334880023403,3.615937323736898e-05,6.204284727573395e-05,3.1602930631504517e-06,3.263173414171417e-05,2.1103769540786743e-05,0.001198504750807343,0.000563894212546219,5.662254989147186e-05,0.0016140610663502378,0.00040011496573635896,0.00027887895703315735,0.0006412209122015899,0.0003690601535736573,0.000256512314081192
1087,0.0007954769337074896,0.00019400137692464,0.00018395856022834778,0.0008561994405130169,0.00010801520172427567,0.00010515749454498291,6.260391581529474e-05,3.841693773623704e-05,1.54152512550354e-05,0.0008107695282203592,0.0003693971133177862,0.0001326240599155426,0.001014450541024843,0.0009240391643833765,0.00023187510669231415,0.0002613222735701748,0.00035905862612049984,0.0004757605493068695
1088,6.114801405898707e-05,0.0001409990257375468,6.828829646110535e-05,8.569330733732006e-06,0.0001522524479287586,0.00032291002571582794,4.56681137777637e-05,2.479106729814541e-05,1.4413148164749146e-05,5.127483179870329e-05,2.868263955444622e-05,0.00041976943612098694,0.00024840356035513156,4.584330459267427e-05,9.895302355289459e-05,2.713015607069824e-05,9.625738202175167e-05,0.0001666434109210968
1089,0.00038695782364869813,0.00016307266896240305,6.861984729766846e-06,0.0004241368227927145,0.000127540822015125,0.000208219513297081,1.8326719606436004e-05,3.151546048500947e-05,5.427747964859009e-06,1.3818220786832036e-05,0.00032513808788808135,0.00027883797883987427,0.0002179644959407756,2.3403350830460135e-05,2.5043264031410217e-05,0.0008154577522846151,0.00032617592983085527,0.0002751387655735016
1090,0.0002949171173556586,3.474163474338765e-05,0.00010684318840503693,0.00042421047039517545,0.00013028510249804212,0.0001680385321378708,2.3387299827024033e-05,1.2296795642944154e-05,6.314367055892944e-06,0.0002265347757209879,9.75802340324669e-05,9.415112435817719e-05,0.0002628762418716707,0.00017448910535133866,2.2258609533309937e-06,0.00010052544865457591,5.485121728743356e-06,4.299730062484741e-05
1091,2.812420083692091e-05,3.3407380881526894e-05,0.0004945583641529083,0.00026802475454967833,6.899235577021573e-05,0.000603649765253067,5.6745049951277896e-05,1.3798312427958646e-05,2.856925129890442e-05,0.00027165431912278687,6.724629301775586e-05,4.828348755836487e-05,0.00016080696824726654,0.00011415505425167727,0.0001799464225769043,2.7863623827367734e-05,0.00020537942966996616,0.0005615688860416412
1092,5.3814357947740143e-05,5.623257976072535e-05,0.0002868194133043289,0.00012678547714942145,0.00025636325080848413,0.0003534611314535141,3.4946831266658915e-05,2.30728704897029e-06,2.4437904357910156e-05,0.00011147654157332709,0.00029675943397346194,0.00010797940194606781,0.0002493072949384806,3.3971742641615565e-05,0.00016673840582370758,0.0003091662413689522,0.000175869243148915,0.0003044009208679199
1093,0.00031688492234005494,1.7748525821838917e-05,0.00017925724387168884,0.0004704466168722332,0.00010998372564747713,0.00016688741743564606,4.272321367358549e-05,9.18023734638757e-06,9.145587682723999e-06,0.00044748323784189054,0.00030319929321000194,0.0001338999718427658,0.0006645290212511784,2.6399062352772118e-05,0.0001447051763534546,0.000247776425576246,0.0002393976564123673,7.448345422744751e-05
1094,0.0003816507898871946,6.237588553885398e-05,0.00042729638516902924,0.0003451571385626184,0.00033766156917801673,0.00037180446088314056,8.110150204463165e-05,2.1289346371976096e-07,1.5385448932647705e-05,0.0003308373847853707,0.00028479460127937145,6.365776062011719e-05,0.0001295537889064377,0.00024255649438183896,0.00014604069292545319,0.0008212727527969754,6.973275575199167e-05,0.0005799457430839539
1095,2.0672681575684138e-05,5.649408319603755e-05,0.00011765211820602417,0.00030419369114639827,0.000414419092596003,0.00035073980689048767,6.744963999636561e-07,2.522164742248679e-05,1.607462763786316e-05,0.0001995275920378889,0.0006049909141267462,5.023553967475891e-06,3.511269977433257e-05,0.0001679294336923015,0.0002760607749223709,0.0005114650539525534,0.000506002731787465,0.00013006851077079773
1096,0.00028011035082597946,9.339987289629093e-05,7.23525881767273e-05,0.00018566927433164016,0.00021885813220466274,0.00024020858108997345,3.778468481464327e-05,1.8280198312312692e-05,2.5443732738494873e-06,0.0003053402133488814,9.302465409902899e-05,1.8250197172164917e-05,0.00047647574143225985,7.953829186201078e-05,0.0001903921365737915,0.00020665840442415928,9.547300889534496e-05,8.544325828552246e-05
1097,0.00018053202359907816,4.379041087765323e-05,0.00015378184616565704,9.539059511770587e-05,0.00026161570557304767,9.040534496307373e-05,2.1051008956878003e-05,1.6593032047618352e-05,7.748603820800781e-07,1.0733008033218805e-05,0.0002628249957264475,2.913177013397217e-06,9.850473716911667e-05,0.00018714913674840877,9.195506572723389e-05,0.0002069115619925399,0.00024846889906199624,0.00022215396165847778
1098,0.000428600049962341,0.0001324763519914736,0.0003921147435903549,4.064880746354471e-05,0.00031475403574691974,0.0003677383065223694,5.4173112717921176e-05,1.421655942838426e-05,8.605420589447021e-07,0.0003502673423877098,0.00012463081145298177,0.00032056868076324463,0.00013665429464854856,0.00026732131981875573,0.0003015100955963135,0.0010238015425714786,0.00021026228680337327,0.00016313046216964722
1099,0.000734888965450986,4.574204008433655e-05,0.0006822720170021057,0.000807461475434923,4.3578064070300127e-05,0.0006959270685911179,0.0001109567987818659,1.3586831959342565e-06,4.7907233238220215e-05,0.0005971859373658656,7.13557524010533e-05,0.0002716127783060074,0.0008801133346007378,0.0003638939934884067,0.0002534966915845871,0.002102846356006771,3.806878463845928e-05,0.0006406828761100769
1100,0.0001787177930014372,0.00018491431475020983,3.976188600063324e-05,0.0007246298997673206,0.0001299858175422483,5.797296762466431e-05,7.51930495144007e-06,2.8466768697033213e-05,2.1755695343017578e-05,0.00039322354372195445,0.001051528423942745,0.0003946274518966675,0.000769167883715012,0.00013185696416402604,0.0005500558763742447,0.000656920956770668,0.0006144955198565702,0.0005766823887825012
1101,2.8982311976150088e-05,8.106243903699753e-05,0.00021896325051784515,0.00023387870074634276,0.00011695548203868866,0.00028917938470840454,3.739500858133439e-05,4.306889477250354e-06,2.6848167181015015e-05,6.185700795633547e-05,0.00027220517627061375,0.0005990751087665558,0.0005627691457036829,0.0004257684543042192,0.0006916280835866928,0.0012435525638811729,0.00014138663428452884,0.0006991401314735413
1102,0.00060839961592285,0.00015488750948336114,9.083189070224762e-05,0.000700992866488781,5.8974897474389776e-05,0.00016619637608528137,2.1465990222192463e-05,3.354813188002713e-05,3.2782554626464844e-06,0.0007564864675631902,8.848620107935329e-05,0.00040659867227077484,0.0009365660446824103,0.0007490929931421378,4.382804036140442e-05,0.0008661118311347193,0.0005884365105755518,7.546693086624146e-05
1103,0.0007922958170820393,0.0002461346980128544,0.0002081003040075302,0.0011129467490862688,0.0001862759773308964,6.693601608276367e-05,1.551789571282297e-05,3.4521645764830475e-05,7.253140211105347e-06,0.0011888515333031355,0.0006047362416887886,0.00042161718010902405,0.001405672855448778,0.0007917831783623916,4.591234028339386e-05,0.00017558269997566822,0.0005993569257939802,7.11493194103241e-05
1104,0.00043983156723528816,5.3602954383020346e-05,0.0006557665765285492,0.0006094785179802664,3.844437371911674e-05,0.000932035967707634,0.0001153324622472883,3.288296679642192e-05,4.5042484998703e-05,4.06913219328231e-05,0.00021256550268445445,0.0003151744604110718,0.0009085434163227171,5.0307196472268445e-06,2.0956620573997498e-05,0.0026438797919349777,0.0005650239035169336,0.0006245225667953491
1105,0.0008284604163555642,0.00011437963932744294,0.000985635444521904,0.00044026563461951884,0.0001100835083961485,0.0006596390157938004,0.00013803179941779958,4.399593393146354e-05,7.872655987739563e-05,0.0006216921592322525,5.63836690728875e-05,8.729100227355957e-05,0.0003021815390021401,0.0009725230675510788,0.0003689862787723541,0.00029961753988416717,0.0002911263465173175,0.0012649446725845337
1106,0.00023361653045228525,0.00016026159060078884,0.0013495460152626038,0.00029454764548758616,0.00015764401095830563,0.0012424401938915253,0.000142986993697327,1.5324724413380943e-05,0.00011298060417175293,0.0008584131313034357,1.420164258605916e-05,0.0009346939623355865,0.0009392402291850607,0.00046878532076362334,0.0010621678084135056,0.000135758144286513,0.00032379953504422035,0.0019267350435256958
1107,0.0002285850183048055,0.0002919600217347468,0.00029019638895988464,0.00010267510759387477,0.00016435368222099053,0.0002610050141811371,5.4169911348104366e-05,1.9543261736356234e-05,4.191696643829346e-05,0.00011878736008098106,0.00020063087512547928,0.0005367007106542587,0.00012427212238917684,0.0002567131306105211,0.0006025172770023346,0.0005549455725560037,0.00023408824920802002,0.0007487684488296509
1108,0.0003424632327628796,1.1215334190569498e-05,0.0007365364581346512,0.00044155036202597753,0.0003604618593397689,0.0009392742067575455,0.00016541571900109166,2.0603399503236108e-05,5.616992712020874e-05,0.0008097686279835911,0.0001375610866356583,0.0003121905028820038,0.0005411716603509614,0.0009104047784860222,1.2274831533432007e-06,0.001527876293855257,0.00044497164515672465,0.0005920939147472382
1109,0.0016454747819183158,0.0004382502497402019,0.0007063373923301697,0.0012482190303508556,0.00013606082676194745,0.0005841106176376343,2.040335606284631e-05,3.557488320933284e-05,8.132308721542358e-05,0.0022065738894844686,0.0012660247082521905,0.0009336415678262711,0.00144270434413718,0.000223048660564433,0.0011029187589883804,0.00045876914280709724,0.0004754470287278113,0.0016782358288764954
1110,0.00014344553065004373,0.00017866439539560713,5.708448588848114e-05,0.00013000586812972337,0.00020092164704000465,0.00025534816086292267,5.844350442157573e-06,3.260094646916547e-05,1.8127262592315674e-05,0.000554558621418802,0.0017942997011785242,0.00039842166006565094,7.463913394031157e-05,0.00023268888541226607,0.0006550699472427368,0.000386212196714919,0.0004964656521854001,0.000523153692483902
1111,0.00037851741937799943,0.00018398813278795376,0.00016435422003269196,0.0003042165173445244,0.00018282412462164097,0.00013420730829238892,2.515288630349985e-05,2.7895125480509612e-06,4.56981360912323e-05,0.0005431718385600845,0.0014331083735173444,0.0008598640561103821,0.001423120023114073,4.505786411110324e-05,0.0009484812617301941,0.00035859629416921945,3.472823838695117e-05,0.0015233345329761505
1112,0.000703941718532719,0.00015880563073249546,0.0005180556327104568,0.000587804492261701,0.00016787322623758316,0.0005737598985433578,2.1374327639309132e-05,2.0649530105117705e-05,3.778189420700073e-05,0.000953676946876314,0.0004745986254529183,0.00023454613983631134,0.0008142159806815916,0.00020334545536774412,0.00013670139014720917,0.00037033342166681305,0.00036473277506481744,0.0006886310875415802
1113,0.0013266958583776078,1.815024567258794e-05,0.00038251467049121857,0.0009853154876142411,0.00011267226305812506,0.000351492315530777,3.751359293066407e-05,1.6116832511088326e-05,2.7406960725784302e-05,0.0017329117863283741,2.1595887779425615e-05,2.5818124413490295e-05,0.0015411533171000996,0.00038108402624494747,6.80088996887207e-05,0.0018856098729288506,0.00014194349582709927,9.422376751899719e-05
1114,0.0009402490326921864,9.242584535883516e-05,0.0004462487995624542,0.0004304239039974178,3.751494929019744e-05,0.00047669559717178345,1.0459509595444824e-05,1.2649745809771031e-05,6.388872861862183e-05,0.0007532075550593584,9.162368283549549e-05,0.0005611702799797058,0.0006348615535586993,0.00031691423179539685,0.0005410108715295792,8.166810925576418e-05,0.00021998760690465982,0.0009417422115802765
1115,0.0006512013710844033,0.00025338493586894717,0.0008151065558195114,0.0002010900512024738,7.2699420624385e-05,0.0007861629128456116,6.726799796157035e-05,1.6726763918762451e-06,6.819143891334534e-05,0.0007387121728469129,0.0006422053757388149,0.0004222169518470764,0.00037490258747197025,9.61683261112567e-05,0.0004986375570297241,0.0010490965197536423,5.83477441080801e-05,0.0009541399776935577
1116,0.00113889779389309,4.594152122822104e-05,0.0003091394901275635,0.0005484795605086301,0.00017860503508257408,9.142234921455383e-05,6.850880542086379e-06,2.2489992513172066e-05,2.5235116481781006e-05,0.0009045427837034922,0.00017186593920047455,0.0008370932191610336,0.0013570387877752596,0.0009788017353529535,0.0005665365606546402,0.001158185234331019,0.00046754658164076517,0.001119181513786316
1117,0.00022466961158926213,0.0001738630857595,0.00038889795541763306,0.00023639125427127317,0.00039377391255128805,0.0004828348755836487,0.00011899589120289988,2.5658936394958498e-05,6.930157542228699e-05,7.302028597570842e-05,0.000883376980581857,0.0009489580988883972,0.0009363506308453715,0.0009222088104904047,0.0008750725537538528,0.0011205685374614804,0.0006016734379726083,0.0015228167176246643
1118,0.0007784899244087096,0.00017657564574334247,0.0006890147924423218,0.0008460586910979673,4.080737127924727e-05,0.0007393192499876022,0.00010307347080662846,5.61012443680035e-06,4.60892915725708e-05,0.0010513398168555815,0.0004701576631512411,0.0001289062201976776,0.0010767078416137332,4.130157712982363e-05,2.679973840713501e-05,0.0008398193236072993,0.00017069017069426453,0.0007685348391532898
1119,0.0008694127735706658,5.5684062523434635e-05,0.0004382450133562088,0.0008314876267569715,0.00019183073162238468,0.0003944654017686844,8.122375262240022e-05,6.55496432520639e-06,4.748255014419556e-05,0.0009395949265106757,0.0001831345341765933,0.00025109946727752686,0.0008761908513207559,0.0002254208403631719,0.00030907243490219116,0.0008037306246154313,0.0001359319895715607,0.0008749775588512421
1120,0.0001893023915595371,3.965251533108796e-05,0.0005221497267484665,0.00044862152718130877,7.134040292172336e-05,0.0004344657063484192,4.941404197711906e-05,1.417468441196489e-05,4.429742693901062e-05,0.00015067716385025465,0.00034136345716204164,0.0001526065170764923,0.00019424785370699554,5.1446338491904775e-05,0.00029537081718444824,0.001087407749105776,0.0002762669709686933,0.0006905309855937958
1121,5.9613392204976856e-05,7.918520168262791e-05,8.584931492805481e-05,0.0001205882520380619,0.0002731938605726701,8.52346420288086e-06,5.251197029519303e-05,4.71673625591874e-07,2.9280781745910645e-05,0.00017359165199085091,0.00037705790410652584,0.0006514508277177811,0.0001647088484919082,0.00012896843184972973,0.0005786344408988953,0.0009382664128989165,0.00010912223963606416,0.0006539300084114075
1122,0.0005547889895419211,0.00023790010143583118,0.0005564074963331223,0.00029735815695505763,0.00048574343901530703,0.0006279535591602325,0.00010357891624181333,1.4428358700255349e-05,6.268918514251709e-05,5.719609901727596e-05,8.255512835551176e-05,0.0007604919373989105,0.00028743766451015673,0.0006061789245688509,0.0006867460906505585,6.452583476632134e-05,0.00020690755330900982,0.00165480375289917
1123,0.00031904761689052763,1.592694985825746e-05,0.0003547016531229019,0.0002864135963668579,0.00014597624464186484,0.0003976970911026001,2.9008110217373928e-05,1.2145674812567505e-05,4.486739635467529e-05,9.677837754879653e-05,0.0005280184426217777,0.00025578029453754425,6.944033442537328e-05,2.607091873103179e-05,0.00021819956600666046,0.00017891313402142173,9.574013509439788e-05,0.0008832588791847229
1124,0.00011794062870371103,8.47348902944696e-05,0.0001538153737783432,0.0003768745414212682,7.540084795060534e-05,0.00025269947946071625,2.0067408690163657e-05,1.768292848724313e-05,1.0807067155838013e-05,0.0002890579158224549,0.00045274739010804643,0.00030457042157649994,3.447026062255998e-05,0.0006008336200318265,0.00011974945664405823,0.001204308707761323,0.00033195534014541193,0.0006219334900379181
1125,0.0005982542764480792,0.000249072174592805,6.656348705291748e-05,0.0009752209051042404,8.414269403178229e-05,1.5078112483024597e-05,4.095085568090254e-05,2.9918517207050605e-05,1.2695789337158203e-05,0.00032600638437309953,0.0004996036101483844,4.412606358528137e-05,0.0007983497438912301,0.0003120505281255445,1.5905126929283142e-05,0.0005716337613648204,0.0004863503449056691,0.00010640546679496765
1126,0.0003763969494944841,0.00017982520578234754,0.00041188672184944153,9.702007890871611e-05,0.00025862863094701025,0.0002948921173810959,0.0001403249076167984,2.521199198550673e-05,8.456408977508545e-07,0.0001950390481465572,0.0006621339151908004,0.0002576969563961029,0.0003822226921746663,0.00043120154088133883,0.00016645342111587524,0.0012300104815600316,0.0003023811182824472,0.00011262297630310059
1127,0.0014603734710212923,0.0003323167722475255,0.0007563270628452301,0.0010457570504260882,3.7643390699275414e-05,0.0007852669805288315,0.00011330065487262508,1.3600418077271755e-05,2.4713575839996338e-05,0.000858046639979966,0.0007384917769834923,0.00022871233522891998,0.0010268648027528457,0.00029234970805010196,0.00024344399571418762,0.002286052280974754,0.00016711809050653538,4.28520143032074e-05
1128,0.00035099852911069096,0.00029336293029454466,0.00041718222200870514,0.00045847875056240217,5.9081622834012554e-05,0.0005161259323358536,6.664013990028902e-05,2.5356311824952502e-05,1.0993331670761108e-05,0.000680501442975559,0.0005615214931117135,0.00022209249436855316,0.0006708907741636225,0.00028509224047415516,0.0002831351011991501,0.001782843060361347,0.00026965206649382737,0.00018566101789474487
1129,0.0008674620168137859,0.00011383876469770252,2.7390196919441223e-05,0.0005880938250576728,0.0001646479781547104,0.00017221830785274506,9.919042300461124e-05,3.487600339118196e-05,5.833804607391357e-06,0.0006463738418865661,0.00017298021751667447,6.824731826782227e-05,0.0013001999716181073,0.00011191134664324115,0.00028631649911403656,0.0010966134655619603,0.00044645204180571683,0.0001854933798313141
1130,7.695594074375034e-06,4.034583114670767e-05,0.0004855990409851074,3.1930850777600606e-05,0.000217570980579819,0.0003729984164237976,5.8483724818984145e-05,8.146273667201042e-06,6.885454058647156e-05,8.442629447598382e-05,0.00017246323482544151,0.0009457189589738846,0.0005128503271397064,0.0007961282032261305,0.0010783113539218903,0.0006966020860643546,2.494995279606581e-06,0.0011223070323467255
1131,0.0011578015380900863,0.00023695184740161676,0.0004595201462507248,0.0010894572708013972,7.917182004353943e-05,0.0003750920295715332,4.034152455497861e-06,5.764195761551237e-06,1.3470649719238281e-05,0.0012519653165779451,0.0020207466508503358,4.978664219379425e-05,0.001650032017379205,0.0006901436319292284,6.741099059581757e-05,0.0028995289525423212,0.00014250287741075784,0.00020376592874526978
1132,0.0012314848221449681,9.132201201942497e-05,0.0007907915860414505,0.0010144197062734173,5.611234555478323e-05,0.000852830708026886,1.714925031096222e-05,2.50546020107049e-05,1.982972025871277e-05,0.001623404648054945,0.0009071772668126157,0.0006372034549713135,0.0007962557035467374,0.0010574227923084017,0.0006792489439249039,0.0027494630328242092,0.0004443863558312635,0.0006765685975551605
1133,0.0006898637834623911,0.0001651419455440152,0.00022250227630138397,0.000734881792443659,2.3769903272845283e-05,0.0001930519938468933,9.564945364551672e-05,1.0243495286307196e-05,4.532560706138611e-05,0.0007812288417926513,0.0007523834502066867,0.00043231435120105743,0.0003864750243473894,0.0005199964281193334,0.0004885885864496231,0.00023058332653397295,9.699664217209091e-05,0.0006828717887401581
1134,0.0010438643284298443,0.00011709198956718139,0.0002793148159980774,0.0008388144234451334,0.00013647822737506213,0.000229518860578537,5.086720077372188e-05,5.528077532160032e-07,2.1062791347503662e-05,0.000593905634140475,0.0005420340213512995,0.0006415378302335739,0.0007932479244186913,0.0005817558614320539,0.0004976410418748856,0.0012146735469132919,5.553711982123153e-05,0.0007914677262306213
1135,0.0001464963560877386,5.607632985247732e-05,0.00012792646884918213,0.00023971505830455708,6.868474272719166e-05,0.0002349354326725006,5.160469714550822e-05,5.6562263026792205e-06,1.0021030902862549e-06,0.00018893501178238875,0.0003894237328823727,0.00022514164447784424,0.0004942811183512377,0.0002474832772182342,0.000374380499124527,0.0013357174610585248,7.839697273654463e-05,0.0002531372010707855
1136,0.0002980038558753062,4.446468568089848e-05,6.697885692119598e-05,0.0005149932492517773,0.00017401783287680078,2.442300319671631e-05,5.757621398401122e-05,8.275051691751436e-06,1.4144927263259888e-05,7.64710629734544e-05,0.000529475918496787,0.00016957707703113556,0.0003058261699859649,0.00016440844631628038,0.0003720279783010483,0.0007032724716311417,0.0002873466362519348,0.0005754269659519196
1137,0.00010311187884295969,0.0002329193896659608,7.725320756435394e-05,0.00019341590656937746,0.00017322244942371764,9.579956531524658e-05,5.1141305835377196e-05,2.046396429798952e-05,3.524497151374817e-05,0.00026808687166200024,0.0008786937071806611,0.0006977841258049011,4.5603254448862984e-05,0.00023855831747151418,0.000673685222864151,6.939089842419865e-05,0.00043269424902828754,0.0007313042879104614
1138,0.0004933285105322982,0.00021754694507991265,0.0001180153340101242,0.000363563771194203,9.219899948386193e-05,0.00022594258189201355,3.307807794606689e-05,2.1486117595890684e-05,4.801154136657715e-05,0.0004714923119808617,0.0002619605869269778,0.0004966389387845993,7.848598256118833e-05,0.00026963763815831404,0.00035726092755794525,0.00030898609430876633,0.00036255358035548226,0.0008530393242835999
1139,0.0004627813308883677,2.9188920015653375e-05,4.3198466300964355e-05,0.0003450522428388447,2.4314361939704876e-06,7.058307528495789e-05,3.8092647448962486e-05,1.7626932949646652e-06,4.362314939498901e-06,0.0002572382987833244,0.0005408509011937401,3.0253082513809204e-05,0.000216162426786827,5.254751833255744e-05,4.155561327934265e-06,0.0006122359572449665,3.255135387040652e-05,0.00019855424761772156
1140,0.00026538887632801544,0.00010289019006414282,8.898228406906128e-05,0.00029199310579475224,0.00010944985467113352,0.0002664923667907715,4.763018192805932e-05,1.3549722594394817e-05,4.6681612730026245e-05,0.0004821718868556271,0.0004171514446108873,0.0006421823054552078,0.0007683956958618385,0.0010527677495160079,0.0004190690815448761,0.0011118915569743454,0.00020472673914621008,0.0004932284355163574
1141,0.0005255100592047313,0.00016269639668527527,0.0003427751362323761,0.0005016203434743405,1.0101629726172456e-05,0.0004065781831741333,8.729707882066708e-05,8.920386547623868e-06,3.65525484085083e-05,0.0005813250860906838,0.0007433273725929307,2.286769449710846e-05,0.00029756808715594024,0.00020839868156603825,7.84602016210556e-05,0.0010566659337751805,0.00022816078157622023,0.00041886046528816223
1142,4.782338143693998e-05,0.00025834954830979834,0.0002552792429924011,0.00019048591663542447,0.00010853072928174515,0.00033913180232048035,5.5418730878612626e-05,1.011310229072582e-05,1.0557472705841064e-05,0.0003900042808457904,1.3573513088754874e-05,0.0002662837505340576,0.0007653380664045806,0.00028901659766635,0.0003973357379436493,0.0007829206588611665,0.00021200126432723097,1.955777406692505e-06
1143,0.0006721433331236815,5.5390946596123314e-05,6.822124123573303e-05,0.0007236073470070492,0.0001838164537036023,0.00037491321563720703,3.071930803637442e-05,2.402379080139569e-05,2.0541250705718994e-05,0.0010142954881751515,0.001211292398910123,0.00011203810572624207,0.0016560958309956367,0.0010960160731838461,0.0002627819776535034,0.001459661592749864,0.00039523029558257913,5.747377872467041e-05
1144,0.00021931989665685547,8.914674520037885e-05,0.00010292604565620422,0.0002831044614497735,0.0001070462509725964,7.218122482299805e-05,6.874456959722261e-06,8.697525766123673e-06,2.660229802131653e-05,0.0002824402893707237,0.0005131097631589435,0.0004969742149114609,0.00033404978916822675,0.0006557321207643074,0.0004009231925010681,0.00012705072343122126,0.00022157893967064343,0.0005407072603702545
1145,0.0002215688355763079,0.0001525384241277579,5.461834371089935e-05,0.00015484490749434476,3.694438804457273e-05,0.0001329667866230011,2.991585340530664e-05,1.460077677538894e-05,1.6257166862487793e-05,0.0004937422611229828,0.0005106749143879916,0.00024968571960926056,0.0004657614079436531,0.00016899743360070107,0.00014126673340797424,0.0001958164715964994,0.00036279000205256037,0.00020085275173187256
1146,0.00011593223065420322,8.116429313271417e-06,0.000148773193359375,4.330602200020017e-05,0.00011573197194421347,0.0001747235655784607,3.318534362024145e-05,9.689895326382594e-06,7.845461368560791e-06,0.0001154158468211694,0.00016231767615323967,0.00011601671576499939,3.0249974711023253e-05,0.00012270377546826083,0.00011607632040977478,0.00014680500811554975,0.00010163386729876173,0.00034077465534210205
1147,0.00025632041916634485,6.574750004371618e-05,2.094358205795288e-05,0.00035492193075153944,8.881751350536121e-06,2.7477741241455078e-05,2.2506546915433343e-05,5.346050716875889e-06,9.894371032714844e-06,0.00013986763608889174,0.0005228004253297822,0.000260867178440094,0.00021098973618240147,0.0003519468052414973,0.0002719573676586151,7.3163875836945724e-06,4.470873050544267e-05,7.112324237823486e-05
1148,1.4366269615789795e-05,4.7099157998681945e-05,2.6965513825416565e-05,5.4627731253725775e-05,3.275875605401532e-05,8.489936590194702e-05,3.4386467104123575e-05,1.6415976675253135e-06,9.026378393173218e-06,0.00010831200219833109,0.0002187879129110712,3.281980752944946e-05,0.0005640246742459817,9.65007370198126e-05,8.403323590755463e-05,0.0004660186232476049,2.7514686667898074e-05,0.00016211345791816711
1149,0.0009366654803266428,0.00020151877699753698,2.8429552912712097e-05,0.001027379254409072,0.00019287481527160977,4.717707633972168e-05,4.167362933260067e-05,3.661347911418551e-06,1.0948628187179565e-05,0.000916787494451933,6.590493478945969e-06,5.5924057960510254e-05,0.0017019434507194522,0.00015293094403684426,8.160993456840515e-05,0.00021986527602470274,0.00033249673236821625,0.00015345215797424316
1150,0.0003952716171117532,0.00011120466845737642,4.805810749530792e-05,0.0002154158373303683,0.0002051502310917233,0.00017945840954780579,3.8968067183734606e-05,3.6571180155910046e-05,2.7310103178024292e-05,0.00029518582067507987,0.00022429655905364249,0.0006705522537231445,0.00021113265039139628,0.001300425871113224,0.0004222933202981949,0.0004602245604739541,0.00040636807006368906,0.0007374994456768036
1151,0.00024536092353766303,0.00011408548732350782,0.0002824924886226654,0.0001237373726067359,3.22836485380229e-05,0.00025040656328201294,3.005037776668447e-05,4.784974523087905e-06,2.6054680347442627e-05,0.0002903462473254556,0.00018945077333167026,1.609325408935547e-05,0.0002674951305577794,0.00037865210596148974,4.398450255393982e-05,0.0003538221695004451,0.00011061646459094038,0.0003846101462841034
1152,0.0011599821218922224,2.615589552113287e-05,0.00029390305280685425,0.001271426149186461,0.00011612078784866212,0.00038451701402664185,2.884666327001087e-05,2.5357426547332985e-06,4.46811318397522e-05,0.0014945295522340168,0.00024317344982419803,0.00024429336190223694,0.0015940062271749059,0.0015867706319020944,0.00018171407282352448,0.0010337860080660288,6.709158857631098e-05,0.0002666264772415161
1153,1.2147291329756005e-06,0.00017754371656809181,0.00010364130139350891,0.00010307408134693774,3.153943700950207e-05,3.48798930644989e-05,1.619736785523143e-05,1.0876072746173338e-05,9.43988561630249e-06,0.0001540878948150387,0.00022968635556980949,9.778887033462524e-05,9.307727450476311e-05,0.0001354579414752921,0.00020705536007881165,0.000982234666952464,0.0002301478053847745,0.00013982504606246948
1154,0.0010412709015133192,0.00018861625851854594,0.00029624253511428833,0.0007950521738509797,2.3588318266334896e-05,0.0006301887333393097,7.521564697524075e-05,4.1270783745407836e-05,4.289299249649048e-05,0.0013697386468337,0.0002769754761654461,0.0007122531533241272,0.0012527778124938396,0.001964224383608465,0.0002654176205396652,0.0004947210610453112,0.000805236841850244,0.000721171498298645
1155,2.29392760020819e-05,0.00024357622988713246,0.00022923573851585388,0.00016320885719525724,4.965424431321863e-05,0.00013122335076332092,1.4374145240558453e-05,1.0440789422349933e-05,1.8369406461715698e-05,0.00013889818957912858,0.00014427021226738612,9.159743785858154e-05,9.17134435719294e-05,0.00016193427254331677,0.00026358477771282196,0.0005174813479047469,0.00021660861937614247,0.0006321705877780914
1156,0.00010984824250656611,8.00337571237042e-06,0.00010204501450061798,0.00028730255545852956,0.0001307138684453306,3.765523433685303e-05,8.617146873219142e-06,1.1991064293010492e-05,6.057322025299072e-06,0.0007785721338670615,0.0002821012103262355,0.0001279059797525406,0.0002802688015876992,2.5787934325685602e-05,6.441213190555573e-05,0.0004772089497571963,0.00019795903070015178,6.194040179252625e-05
1157,0.0005202061973073602,0.00014087954173161443,0.0002653729170560837,0.0006018155583600304,7.049010516062618e-05,0.00031792744994163513,0.00011505715851123886,2.0847504424243422e-05,4.2669475078582764e-05,0.0006883000889566643,0.0002661691235204891,0.0007182471454143524,0.0013958283511632252,0.001758296676562389,0.0006839372217655182,0.000134697533485148,0.0003031577471163298,0.0010006949305534363
1158,0.0005538120859827911,7.389714801263672e-05,0.0004413723945617676,0.0005155230326768789,5.827722698432264e-06,0.00044732168316841125,0.00010335106885500482,9.285497507521335e-06,2.9597431421279907e-05,0.00023743905077797806,0.0007595706689083048,7.136352360248566e-05,0.0009359086268330083,8.674107050093971e-05,9.723380208015442e-05,0.0009841948904148468,0.00022295191372202414,0.0003267638385295868
1159,0.0009499183995450577,3.361718229133101e-05,0.0007128417491912842,0.0008189952075203233,0.00013493061588934832,0.0005589239299297333,5.817968459097961e-05,5.123934023103108e-06,6.121397018432617e-05,0.001125173175007911,0.0011128302956804406,0.0004099477082490921,0.00106990974611694,0.00016041972625281675,0.0006066691130399704,0.0013395830918975643,6.287566207724676e-05,0.0007346756756305695
1160,0.0007243348018054485,1.3920652780021608e-05,0.0006314031779766083,0.00025587922373096483,7.2411637440907e-05,0.0005347691476345062,9.587171320829188e-06,1.955945328653726e-06,2.460181713104248e-05,0.0008868310331279633,0.0010621512568304084,0.00021609850227832794,0.0006281066591789022,0.0008131895528148761,0.00031810440123081207,0.0005070359252220269,6.547835702144268e-05,0.00042777135968208313
1161,0.00012494373317503693,7.479612937621657e-05,0.0004226360470056534,0.00044428372585675335,0.00014534705208106222,0.00028184428811073303,4.16146822310344e-05,2.4321114825881198e-05,1.3906508684158325e-05,1.5129584333140045e-05,0.0004335212317515616,0.0007353313267230988,0.0002411870271384342,0.0009016769611452022,0.0005228463560342789,0.0003622941848538813,0.0003718349126895764,0.0006230957806110382
1162,0.0003433605518699534,9.799710659344138e-05,0.000433553010225296,0.00045381067507080375,3.141430870789996e-05,0.0004613734781742096,7.35026744054356e-05,1.8670144329318878e-06,8.247792720794678e-06,0.00048206604958615784,0.0008587784647381899,0.0005156528204679489,0.0004906385605700642,0.001100350249609909,0.0005601420998573303,0.0009129317451586211,5.446591195678186e-05,1.849234104156494e-05
1163,0.00018270880675383405,2.390277535670518e-05,0.00013834424316883087,6.263077600238143e-06,3.852597549691694e-05,0.00011382251977920532,6.944319303341627e-05,2.0177710421858758e-05,1.5858560800552368e-05,0.000983530133290729,0.0008746404693786222,0.00048271939158439636,0.0004380613451232876,0.0009418853087625051,0.0005113966763019562,0.001174480309363457,0.0002497160892457424,0.00022560730576515198
1164,0.0004097027062243963,0.00035505264595894065,0.00015174038708209991,0.0004687377622367428,0.00027532672697521895,0.0002792179584503174,7.746372892400433e-06,3.659143345839002e-05,3.0219554901123047e-05,0.00031663571296143556,0.0009336972749818331,0.0002477038651704788,0.000466637092463848,0.000472177064950563,9.68053936958313e-05,0.000348434924984084,0.0005732487922758015,4.703551530838013e-05
1165,0.0016798277450226495,0.0003999401959770485,0.0009260121732950211,0.0013039420055715456,1.4300002928905459e-05,0.000933431088924408,0.0001330644713323538,6.603932812063504e-06,6.495416164398193e-05,0.002158812897953638,0.00014356847429537745,0.00020004063844680786,0.0015085344343942625,0.0015885188660706429,0.0002025216817855835,0.0027946115632874052,0.00016826797874843098,0.00032839179039001465
1166,0.0009392615709791219,0.00019876894504748666,0.000132707878947258,0.000648050410917006,5.969568143897319e-05,6.087496876716614e-05,3.86418871638379e-06,1.6213647221171218e-05,1.4748424291610718e-05,0.0010885331678993082,0.0012159306228964814,0.00035212934017181396,0.00011135452072130042,0.00029702849355559696,0.0005516055971384048,0.0008453294343376688,0.00012332024638013906,0.0005747973918914795
1167,0.00033970762820006994,0.0003824483414573594,8.905865252017975e-05,0.0005305839001830681,0.00024665595935101023,0.00019834190607070923,2.8457347242275693e-05,1.6191936525070935e-05,2.596527338027954e-06,0.0005313721184154532,0.00039152253768919704,1.3289973139762878e-05,0.0002454959015920216,7.485572922988348e-06,0.0004038233309984207,0.0007890398872973797,0.0002965342069966258,3.784149885177612e-05
1168,0.00041511901443491706,0.0002669688146529972,0.0002527981996536255,0.0006409106475337434,2.272694511074036e-05,0.00029846280813217163,2.780590910673661e-06,2.7025821954286745e-05,4.082918167114258e-06,5.9205486979893585e-05,0.0014569254477355478,8.691102266311646e-06,0.00039879152713818977,0.0005081429341608282,5.8030709624290466e-05,0.00021641617988112094,0.0004759705868963172,0.0001065768301486969
1169,0.00035393062583799484,5.167264593291046e-05,0.0005334541201591492,0.0005655792704795104,3.300947698407081e-05,0.0005127117037773132,2.494458495068061e-05,1.0399689330595717e-05,2.2862106561660767e-05,0.00014114428971844645,0.00017564416119471293,2.6026740670204163e-05,0.00010524704509838612,0.0007139121774604948,4.4479966163635254e-05,0.00011276299690099467,0.000334118428213296,0.0003251209855079651
1170,0.00010660713982951764,8.121007759785692e-06,0.000581866130232811,7.602476005186265e-05,0.00018044702219930514,0.0005054585635662079,7.629219629213396e-05,1.0120099766321741e-06,1.488998532295227e-05,0.0010562633970498045,0.0016698633069270677,0.0003310013562440872,0.00022374363426699156,0.000280942522183629,0.000192984938621521,0.0006132535051601856,1.1085553195725427e-05,0.0005077347159385681
1171,0.0008572295806473507,0.0002135072802221319,0.00017085671424865723,0.0011147465058822803,0.00021822279198284444,0.0003066323697566986,3.877602027311383e-05,3.2728286870666316e-06,9.879469871520996e-06,0.001162549730737164,0.0001811525063931535,7.094442844390869e-05,0.0010365203064163636,0.0006936696499789188,1.4826655387878418e-05,0.0006252180630270526,0.0003396275627687165,0.00026349350810050964
1172,0.0003138624137178081,1.3943583130764797e-05,7.636845111846924e-08,0.00028362293681519213,3.338509830904182e-05,0.00012635812163352966,1.6433871858390764e-05,3.22561426288769e-06,3.280118107795715e-05,0.00029369272728786006,3.7509681599129374e-05,0.00027396902441978455,7.011334258789914e-05,0.0005150506070363062,0.00039785727858543396,0.000537996130931348,1.9132566757651057e-05,0.000501580536365509
1173,0.0005651882719868717,0.00021400838814217282,3.779307007789612e-06,0.0005363953063739213,0.00011883438108895722,0.00024617090821266174,1.0890398880317176e-05,3.126864706377741e-05,2.346932888031006e-06,1.2790255476999302e-05,0.00032158477820042053,0.00012526847422122955,0.0002519877254904268,0.00021346936469783528,0.00022255629301071167,0.0006482340499297107,0.000541454586044929,0.00040651485323905945
1174,0.00029575375463083975,0.00013419726461632447,0.0005204938352108002,0.0002634109136570306,0.0003227000379068222,0.0006807930767536163,3.952849895426727e-05,2.3157245781207502e-05,9.286776185035706e-05,0.0011193179626540276,0.0014848028392480533,0.0008937995880842209,0.0006532281672977369,0.0003831137690144537,0.0006282329559326172,0.002733920650296609,0.0004710798418051101,0.0013449937105178833
1175,0.0013881421711709196,4.632783395478943e-05,0.0009656604379415512,0.0010235335169450632,0.0001368049993203703,0.0011681243777275085,3.341947411483054e-06,3.0648087706605605e-05,0.0001128166913986206,0.0012415500046789388,0.00024912265201589706,0.0014789644628763199,0.0019426754487687006,0.0012730246957671637,0.0012094434350728989,0.0016463868752059768,0.0007510192192874019,0.0019608475267887115
1176,0.0004425853767748844,7.431149787406888e-06,0.00011003203690052032,0.00038151413286330316,5.4115791872113433e-05,7.608160376548767e-05,6.373740818095032e-05,6.521860896824505e-06,5.025416612625122e-06,6.0766553048402505e-05,0.000455399843356491,0.000148136168718338,1.3927680243101814e-05,0.00042719246216876144,0.0002501104027032852,0.0005596398659446084,0.00013232401914778022,3.332272171974182e-05
1177,9.456880017813529e-05,1.1044877729269459e-05,0.00015947967767715454,0.00021579781107561313,6.764884419588682e-05,6.345286965370178e-05,4.5401954105250136e-05,5.040353957660808e-06,4.3958425521850586e-07,0.00032441500019252806,4.533506982665192e-05,2.3478642106056213e-05,0.00012743703975272996,4.220411928487766e-05,0.00012505985796451569,0.0014488993684151213,5.447358902083404e-05,0.0002164877951145172
1178,0.0001139820391135582,4.2887417456293625e-05,8.724071085453033e-05,0.00013047830740375854,0.00012681613032215072,0.00024589523673057556,8.97952370849664e-05,1.675705431306113e-05,7.96094536781311e-06,0.00027149494420592585,0.0004294586612580975,7.080100476741791e-05,0.0005872930625782508,0.0007448642221429616,0.00022636540234088898,0.0014506806140293094,8.867500495849442e-05,0.00014935806393623352
1179,0.001137274695630075,0.00011451248136857758,7.482990622520447e-05,0.0012235602773395249,7.43397597960313e-05,0.000258568674325943,4.4641548826145766e-05,2.660759931246391e-05,8.869916200637817e-06,0.000969853344906263,0.00039224393114646594,0.0002730041742324829,0.0006447271745976188,0.00010149947151118222,0.00014636851847171783,0.00046440062671429527,0.00012131221617501901,0.0005836039781570435
1180,0.00038745223581432287,3.375040674544194e-05,0.0003596358001232147,0.00015736984642744645,2.469732620299578e-05,0.0004582256078720093,9.11969371195677e-05,1.7282377279359475e-05,3.0152499675750732e-05,0.00021354330878786687,0.0004903213571381196,0.00013189949095249176,0.0001829246907929516,0.0007632706134923992,0.0002626907080411911,0.0016043396079705868,0.00015061331329280052,0.0003920048475265503
1181,0.0008018210643682688,9.415444768008999e-05,0.00028046779334545135,0.0006611891096187095,0.00019405446324551393,0.000241938978433609,3.0047904732171185e-05,7.570685897097511e-07,1.0773539543151855e-05,0.0007028583399086158,0.0002059833982607992,0.0005738325417041779,8.846450839769537e-05,0.0007321040451486044,0.0004774220287799835,0.001996586160907615,2.8787505784221533e-05,0.0007374323904514313
1182,0.0004648384115519544,0.00016184866795985325,7.230229675769806e-05,0.0004996166753450382,1.966779317363193e-06,0.00016959011554718018,3.7516734582130826e-05,2.236179021362179e-05,2.061203122138977e-05,0.00031104281448159077,0.00011909778649200203,0.0006271395832300186,0.0007056229369428527,0.00014831252131315004,0.0005307178944349289,0.00044007384504232694,0.0005102572525423465,0.00026669353246688843
1183,0.0006811558244252391,0.00016566470900698446,0.00039955414831638336,0.00046371192266933536,4.058235628521395e-05,0.0005587302148342133,8.955225110284307e-06,8.550230956886799e-06,2.872571349143982e-05,0.0004661662533087321,0.00016399225164523412,0.0005018338561058044,0.0005181082226551614,0.0006138196038456903,0.00034713558852672577,0.00020743123168011357,0.00019877281171984916,0.0003472454845905304
1184,0.0005453442930438424,0.00013757022566571186,0.0001672692596912384,0.0006878912387905112,5.919047855483528e-05,8.403509855270386e-05,3.7985627576030134e-05,1.7939924200554322e-05,7.592141628265381e-06,0.0004949792419876378,0.00028945565303120646,0.00031289272010326385,0.0010077910311157429,0.00020374466603942376,0.0002371668815612793,0.0004226601075517783,0.0003506961191329615,0.0001882202923297882
1185,0.00037080966977137697,6.592443576312196e-05,5.7542696595191956e-05,0.0006020152587902783,1.126043494583881e-05,6.0383230447769165e-05,2.159408413982683e-05,2.9261349300935117e-06,3.8929283618927e-06,0.0002947467763325176,0.001228508015009809,0.0002615004777908325,0.0004081850958072772,0.0003757984768548994,0.0002730507403612137,0.000811623830922148,9.992102818053884e-05,0.00027238577604293823
1186,5.3313799280862995e-05,4.937399253842831e-05,0.0003291405737400055,3.295025056884726e-05,6.069264325173768e-05,0.00025292858481407166,5.8480518410019416e-05,2.443693944867854e-06,1.6286969184875488e-05,0.0002739187118495079,0.00023508936302258504,7.023289799690247e-05,0.00037523828870437287,0.0001396717054988894,2.695806324481964e-05,0.0010950939522652303,0.00011163151266702174,0.0002868175506591797
1187,0.0010707672292979142,0.00015740887842124324,0.0003837794065475464,0.0010343740644835342,0.0001031948387598472,0.0006513185799121857,3.0204580814463186e-05,3.073215420418865e-05,6.254017353057861e-05,0.0008948782863237442,0.00050363919885376,0.0008668787777423859,0.0012827840047557187,0.0018213284914917194,0.0005744900554418564,0.0010248294051335843,0.0003611628733263695,0.0012906305491924286
1188,0.00034689290802580874,0.0001484950069628975,0.00015017949044704437,0.0005465458238971821,0.00017573845419283432,6.956979632377625e-05,6.724497087941608e-06,1.5037628314209362e-05,9.611248970031738e-06,0.00019635052311549328,0.00012201647027899193,0.00016230158507823944,0.00036198032397913305,0.0002529785320738026,5.621463060379028e-05,0.00022968675458774623,0.00017876755941766392,4.2553991079330444e-05
1189,0.0006512273155903636,5.498344699009575e-05,0.0003419388085603714,0.0006419768040666074,3.328617667266304e-05,0.00048263370990753174,4.007437499804062e-05,1.2459383478492217e-05,1.3373792171478271e-06,0.001069262593185842,0.0004049949268197933,0.0002061687409877777,0.0008471033829229452,0.00046042995713054674,0.00037689507007598877,0.0014290555752613787,0.0004909650901968425,0.00020538270473480225
1190,0.0006131183243055505,0.00021380045470612355,0.000719679519534111,0.000559648413067132,0.00015082638395591888,0.0008959304541349411,0.00010960416977184861,1.3566051044975631e-05,5.798414349555969e-05,0.0005622408042135624,0.00026453257523505885,0.0005545448511838913,1.7007362340809573e-05,0.0004072568884984154,0.00031461380422115326,0.0015901074236104873,0.0002507692264120398,0.0010435208678245544
1191,0.0006058130893741298,9.62794045722068e-06,0.0008288752287626266,0.0004234163640967903,5.2665880620614974e-05,0.0009274836629629135,0.00010589198904515859,4.745034583358783e-06,5.632266402244568e-05,0.000574236021252679,0.0009689711945450666,0.0003747232258319855,0.0003659301829800621,0.00065729061789805,0.0002653989940881729,0.0012045655488239493,3.595903908695623e-06,0.0008268915116786957
1192,0.00024679943511277114,0.000173707057065757,7.630698382854462e-05,7.827006026303596e-05,0.0001517294192250572,6.131455302238464e-05,5.033952152997366e-05,5.351353211831484e-06,1.7054378986358643e-05,0.0004249752323214964,0.0014398796617633366,0.00045804865658283234,0.0004371290343904294,0.0008285143403743561,0.0002748332917690277,0.0003892800840631788,4.854666174845378e-05,0.0003763847053050995
1193,0.0004984029809203261,9.008133406612079e-05,0.00019409693777561188,0.00016797491185963076,0.00013861482049784546,4.669651389122009e-05,6.522230134576278e-05,1.952438144767207e-05,2.300366759300232e-05,0.00045859149727468795,0.0005820864802060927,0.0002489835023880005,9.597667814894434e-05,0.0007507260069170088,2.7492642402648926e-05,0.00019040191804385598,0.00014844061012054578,0.0005232058465480804
1194,0.0006480452707157136,0.00013082072574678236,0.0003888774663209915,0.0007865888710643643,3.461382569913338e-05,0.0003654211759567261,6.943796958857121e-06,8.187913108883204e-07,3.724545240402222e-05,0.0007019676551647536,0.0003281521496694209,6.922520697116852e-05,0.0005982091278400672,0.0008078497395238998,0.00010710768401622772,0.0004233307380894086,7.97631814618803e-05,0.0004703141748905182
1195,0.00042601577710893457,0.00042396495263479286,0.00023323670029640198,0.00018679154376613494,2.1661518161512905e-05,0.000451013445854187,3.4199484566822813e-06,1.4613298038643018e-05,3.8001686334609985e-05,0.0006030020733542168,0.00012194975949878645,0.0006942581385374069,0.0003765221738083885,0.0006066500381498516,0.0004561822861433029,0.0013198441411742673,0.00023488946244383524,0.000509113073348999
1196,0.0012479107549468738,6.590227708573246e-05,0.0006181914359331131,0.0011475104118270074,0.00012168677200069533,0.0008647516369819641,4.015669502106106e-05,2.0201394749980688e-05,6.436184048652649e-05,0.0016808515016993111,0.00041092615658485515,0.0006123054772615433,0.0013168689927247276,0.0003630958557574518,0.00030237436294555664,0.001984637936318173,0.000292388476135017,0.0006040781736373901
1197,0.0008466434765718733,5.6342214682682246e-06,0.0008854623883962631,0.0006093877811745307,7.638720157075382e-05,0.0009396020323038101,0.00012028214849487719,1.5133354436602645e-05,5.064532160758972e-05,0.0007579080567611529,9.025937504915371e-05,0.0003334265202283859,0.0008490031820029276,0.0002908903877825095,0.00020769983530044556,0.0015351716407363547,0.0002870637698647758,0.0007221847772598267
1198,0.0012892171907049332,4.7334958691303e-06,0.0007370654493570328,0.0008022389123379103,0.00011015579919914503,0.0007134843617677689,2.246681876351929e-05,8.70932130823043e-06,4.070252180099487e-05,0.00040090019042419295,0.000446966079710856,9.200908243656158e-05,0.0006909794085462051,0.0001692121966124921,4.608370363712311e-05,0.00023787409931094738,0.00015898796643228075,0.0006647147238254547
1199,6.206468137981425e-06,0.00017845884367401546,8.985772728919983e-05,0.0001838814216395812,0.00010002375609413985,4.18052077293396e-05,1.4377009700899251e-05,1.8686567317746102e-05,2.8371810913085938e-05,0.00020110266627929724,0.0011046055073252806,0.00046535395085811615,0.000264782985753588,0.0007878294595271146,0.0003686659038066864,0.0011165052131243275,0.000250087738953156,0.0003207102417945862
1200,0.0013235838575529069,0.000264228685804193,0.00022177770733833313,0.0010848323207859611,4.984221224021285e-06,0.00030437856912612915,1.860798414725015e-05,2.3667393940961993e-06,3.742799162864685e-05,0.0014838776163388356,0.0006093706370534774,0.0005941670387983322,0.001381801713101552,0.0007998859114107387,0.0004456453025341034,0.002036734159872683,5.5590157899388336e-05,0.0006038732826709747
1201,0.0001744341861387444,0.0002353777614878816,0.00011439248919487,8.79260551798211e-05,4.030109617612909e-05,0.00016263127326965332,3.929688703428573e-05,2.619044542169469e-06,3.189966082572937e-05,8.449276678437756e-06,0.0004213052174409787,0.0005780477076768875,3.7179654662031214e-05,0.0006227162980420101,0.0006267689168453217,8.109716776680265e-05,3.7686964831246464e-05,0.000881727784872055
1202,0.000356545627881788,8.40897831073939e-06,0.0005824621766805649,0.0009231182827561246,0.00011712584761280204,0.0007463116198778152,9.66418170662807e-05,1.8808074893853096e-05,6.721541285514832e-05,0.0009064117880315942,0.0007270347235011493,0.0005874484777450562,0.0009445650039944936,0.0009985927038156164,0.00040357932448387146,0.0007596637908913739,0.00032269286815741257,0.0010364837944507599
1203,0.0010043378543255488,1.1261616785947226e-06,0.0005171950906515121,0.0015600252946333104,0.0001854313040666987,0.0007330123335123062,6.59573428829427e-05,9.350501724407961e-06,4.813075065612793e-05,0.0006218312995219591,0.0018240291073581064,0.00016268715262413025,0.0008260120401387405,0.0005808526243305107,0.0001288149505853653,0.00145572490503805,0.0002126713993016848,0.0008454285562038422
1204,0.000747657025567644,8.15742617640107e-05,8.572079241275787e-05,0.0005753506688973009,1.0432188308574786e-05,7.999688386917114e-05,4.172711064405997e-05,1.1220993796290152e-05,3.5762786865234375e-07,0.00014285288046267386,0.0005795884911590499,0.0002574976533651352,0.00043367015973607564,0.00024919609468034704,0.0002777073532342911,0.00036377039927872057,7.188281339550254e-05,1.5091150999069214e-05
1205,0.0008119959912918362,7.095233285601271e-05,0.0008274223655462265,0.0008152100345528435,3.114409800868481e-05,0.0007347017526626587,1.3808644563935782e-05,2.1198143598258605e-05,7.522106170654297e-05,0.001174733705331124,0.0001648261045893093,0.00033863261342048645,0.0014144120574238542,0.00031138411474296995,0.00048684515058994293,0.0017306434321868874,0.0002747149983426435,0.0007977448403835297
1206,0.00044740761064532286,0.00013408860008568696,0.00011851824820041656,9.262235759111004e-05,0.00016865651176550464,0.00011049211025238037,3.4256404190934064e-05,9.41521341707083e-06,7.107853889465332e-06,0.0003551622882248112,0.00038581891491729775,0.00015060417354106903,7.923847030182063e-06,0.0019109781973943932,0.00012509524822235107,0.001132479622480989,3.9336893653017964e-05,0.00023787468671798706
1207,0.0004503093808690961,3.0385277992560356e-06,4.968792200088501e-05,0.0002573141474715157,0.00035158992008715514,2.793222665786743e-05,8.399745239338376e-05,8.353707255743181e-07,5.491077899932861e-06,0.0006620485522118302,0.0004779435389573247,0.00015062279999256134,0.0009276497476537471,0.00189240789823885,0.00010194815695285797,0.0011791483862222535,0.00014887787738000237,0.00010934099555015564
1208,5.143093821499689e-05,6.379545597368086e-05,0.0004087015986442566,0.0003112746421634338,0.0002844763473710578,0.00042813271284103394,5.9442938672741794e-05,1.310785816233779e-06,1.810118556022644e-05,0.00017907465532077116,0.00034019858226456284,0.00048469938337802887,0.00042929005579118995,0.00036661689043199913,0.0005424469709396362,0.0013620045025097838,0.0001908189327024367,0.0003023780882358551
1209,0.0013277197671826835,0.00019506740573222228,0.0004888642579317093,0.0012752736685447963,4.954967658513804e-06,0.0005504637956619263,3.3208836899899924e-05,5.394966290050778e-06,4.544854164123535e-05,0.0012050284377634404,0.0008638509920130266,5.8691948652267456e-05,0.0014290795814375923,0.0007599318158715423,7.926672697067261e-05,0.0016133929431945276,8.425237282100057e-05,0.0006026029586791992
1210,0.0006128429364173349,5.221481486059748e-05,6.227940320968628e-05,0.0008056469206041139,0.00011241581698005765,0.00017074495553970337,4.7004750709395485e-05,5.577561756614849e-06,1.7210841178894043e-05,0.0009011863380057952,0.00037198446017255166,0.00023156404495239258,0.000782372611169542,0.0010424398087481163,6.268732249736786e-05,0.0005068654224523322,0.00011790830654636892,3.986433148384094e-05
1211,0.0004957763727320708,0.00019078754686372573,0.0005317460745573044,0.00038011936988499584,0.00012923673838825464,0.0005415529012680054,0.00011559065800735395,1.0161161200522724e-06,2.7224421501159668e-05,0.001142774666614145,0.00013478666911249937,0.00030221790075302124,0.0009364535523418635,0.001026568424251556,0.0002537239342927933,0.0002143140005032157,0.00013359212264668716,0.0008298419415950775
1212,0.0008048546007517754,1.6672978537111277e-05,5.0475820899009705e-05,0.0009708770067085037,0.0003198832572066969,5.103647708892822e-07,9.09571551243691e-05,1.3685328216016908e-05,7.46212899684906e-05,0.0005559475467882755,1.912904232986845e-05,0.0008569732308387756,0.0005048634289323978,0.0003736845710474862,0.000928778201341629,4.252250174992256e-05,0.0003220017559489004,0.0013474412262439728
1213,0.0013097743801141482,0.0003500077198702947,0.0002608075737953186,0.0007021065705503649,0.0001329940588533536,0.00034879520535469055,2.367536169249271e-06,4.661527260210524e-06,1.4964491128921509e-05,0.0012184637301476398,0.00016894599467989768,0.00011184252798557281,0.0013956103906496362,0.00015978750828213317,4.074908792972565e-05,0.0006404253992473852,7.16162787434086e-05,0.00028618425130844116
1214,0.0002547956178103328,0.000155351703739523,8.810125291347504e-05,0.00038955036101345764,2.4819692348763966e-05,3.0394643545150757e-05,1.9669000907947265e-05,1.3241983900637115e-06,5.885958671569824e-06,0.0005886545887961656,0.0007604243778693426,6.36763870716095e-05,0.000255539246105628,0.0004258374558438055,5.184486508369446e-05,1.8941741519423738e-05,4.3594316090471603e-05,8.412450551986694e-05
1215,0.0001327499656542941,0.00024370495167582232,2.1433457732200623e-05,0.0003795738592980158,0.00013757571470706179,0.0001762397587299347,2.4830814043558247e-05,2.699842179113918e-05,6.254762411117554e-06,0.0001478707335508464,4.392259418304484e-05,0.0005262847989797592,0.00012608841831499712,0.0007821753134485757,0.0002189483493566513,0.0003828481169842468,0.00036122081668404655,0.00010604038834571838
1216,0.0004150194269310348,3.8384593394232e-05,0.00022730790078639984,3.637733887995598e-05,0.00011320085500777372,0.0001749470829963684,2.461182576837806e-07,1.2308397788275021e-05,2.169981598854065e-05,0.0005685462579010023,0.001846427773018508,0.0003889072686433792,0.00011383701412386038,0.0002826867488893853,0.00045979395508766174,0.00021025021019417667,0.00021051825692405476,0.00010827556252479553
1217,0.00046882594733832494,0.0003533054155225,0.0009739585220813751,0.0006506538514758353,0.00029432303552174785,0.0008717402815818787,0.0001614984640360504,9.574012506864725e-06,2.0701438188552856e-05,0.00040095799654447234,0.00018702794595618077,0.00026534125208854675,0.0004255451982816405,0.001127013228186688,0.0001236461102962494,0.0014710895022088666,0.00022278399481479721,2.6699155569076538e-05
1218,3.684169676010374e-05,0.0002816615139582049,0.000268351286649704,0.000393554075431124,0.00024271952612554132,2.637133002281189e-05,2.234118173849442e-06,3.206657607565021e-05,3.2749027013778687e-05,0.0001515864765587946,9.71212462969745e-05,0.0009432416409254074,0.00010116688046587358,0.0012447928093965374,0.0005693845450878143,0.0020192031130071703,0.0004919749810049457,0.0005824156105518341
1219,0.0009192636109367214,0.00026127191303661895,0.00036165863275527954,0.0009761577333986526,0.00023969841612522455,8.41878354549408e-05,1.9840598910371085e-05,1.7697737908862273e-05,1.2099742889404297e-05,0.0011858485310664232,0.0010023930421061839,0.0004094671458005905,0.0013809475613511396,0.0005305120264446281,5.093961954116821e-05,0.000515267260161073,9.418165726726192e-05,0.0004818364977836609
1220,0.000684820158929289,9.735610558060312e-05,0.0005222968757152557,0.0008418141830865422,7.028966359123867e-05,0.0005987398326396942,9.108890603064072e-05,1.4104407357766956e-05,3.6813318729400635e-05,0.00039889288028595316,0.0004792026198681132,9.152479469776154e-05,0.00012329625285188717,0.0005089384786228501,2.5659799575805664e-05,0.0012407032166766307,0.00019181140259352195,0.0008279122412204742
1221,0.0015592543918347967,9.723919923288957e-05,0.0009863637387752533,0.0016807346622001451,0.00013913732746669016,0.0008894801139831543,9.192304202863648e-05,3.7211644837243166e-06,6.057322025299072e-05,0.0022651605255252505,0.0008273186379700384,0.00011128373444080353,0.001860196411374672,0.0005375852717001278,2.62334942817688e-05,0.0024471258322813633,9.514054032114944e-05,0.0008841380476951599
1222,0.00033109308264109294,1.4110170243122888e-05,0.00011265464127063751,0.00024853093546406413,0.00018131018406468066,9.847059845924377e-05,9.87853747217056e-06,2.9722866259263958e-05,3.6619603633880615e-06,0.0006167211768567729,4.4565318090709904e-05,6.462074816226959e-05,0.00013240416286899176,0.0007992022406904872,0.00022063963115215302,0.00017502546652183038,0.0005052125854672499,6.569549441337585e-05
1223,0.0014716294434434507,4.898842290081834e-05,0.0009799469262361526,0.0008843268082771027,6.446082853351146e-05,0.0010589957237243652,0.0001549381442789259,4.563481283668806e-06,8.744001388549805e-05,0.00036611835535926146,0.0007259673254115598,0.0006217416375875473,0.000887364381250165,5.366290329117396e-05,0.0005439408123493195,0.0021864669696237266,8.83893297282095e-05,0.0011486150324344635
1224,9.212259636595665e-05,0.0002921448054036789,0.00010641291737556458,0.00018471405149320108,0.0002140650744930847,0.0002788528800010681,3.3696912062739295e-05,7.603358788187738e-05,1.3716518878936768e-05,0.0009044665195304946,0.0013579943514022072,3.1497329473495483e-05,0.0005791540573324844,0.0007520244737699577,0.0005195662379264832,0.001880657398917851,0.0012139262048093081,0.0010495968163013458
1225,0.00038981832146953166,0.00033346475090163114,0.00016552582383155823,0.0005218644218074331,7.687581262369111e-05,0.00010199099779129028,1.4831744176567463e-05,4.383281132761929e-06,3.516674041748047e-06,0.0015950822116843066,0.0010967611829127144,8.063949644565582e-05,0.001477352139609714,0.00012210288005678333,0.00010515563189983368,0.0014440571558875792,0.0002853546245900566,0.0003613866865634918
1226,0.0003441278352452892,0.0006517636467888825,0.0004510022699832916,0.0005973389554481956,0.00011442709683400637,0.0006903298199176788,0.0001828670252207159,1.5863832147187604e-05,7.402151823043823e-06,0.00041231689994152,0.0025024084575028804,0.0006237998604774475,0.00012937226999309298,0.0011111238840797455,0.0008237939327955246,0.002374003809230238,0.00020044318854893755,4.7322362661361694e-05
1227,0.0019343141776233808,0.0009539917717834474,0.0003921873867511749,0.001007433322205098,0.0003804661162560459,0.00041374191641807556,0.00010766267155593208,6.471687503015427e-06,5.42663037776947e-05,0.00043192611457768676,0.0012695515633771338,0.0011124592274427414,0.0003949204450930388,0.00028154505922840106,0.0012068431824445724,0.001105345403987379,8.116315386077263e-05,0.000683370977640152
1228,0.0009094570922610345,0.00022249654643141659,0.00028344057500362396,0.0004524635352208817,4.770156864119038e-05,0.0002056621015071869,0.00011297619151503895,3.816473255948772e-06,7.531419396400452e-05,0.0002999529583727206,0.0002683658592580636,0.0011844150722026825,0.00032084615313995174,0.0012672302389403062,0.0011490285396575928,0.0009417706678484933,0.0002392539393297026,0.0017434991896152496
1229,0.0002264382012876487,1.268581052013551e-05,0.00011657923460006714,0.00038192037921555566,0.00025848468065862995,0.00014065951108932495,5.5749295325155726e-05,6.430725245981195e-06,2.43261456489563e-06,0.00023196358178034088,0.0005707498834611226,0.00017424486577510834,0.0008903104636984252,0.0007535484366842093,0.0002090148627758026,0.00045847571210859417,0.0001283807436044497,9.220093488693237e-05
1230,0.00018919167361666767,4.806260943471252e-05,0.00021008402109146118,0.00010528542366500249,8.569657187407556e-05,0.00025022774934768677,2.668976152934814e-05,5.334926502616015e-06,1.3731420040130615e-05,0.000547265365729549,0.0003836575862922395,2.9189512133598328e-05,0.0004996995240683227,0.00030715094888781463,4.26657497882843e-05,0.0006434768614490688,3.2981841128896204e-05,6.981194019317627e-05
1231,0.0011463103109958794,0.00018382132931940576,0.0006504599004983902,0.00116562636690265,7.320941632660283e-05,0.0006574429571628571,1.3319913634714242e-05,1.3972457948646026e-05,3.049895167350769e-05,0.0010976209310882765,0.000525698769104594,1.3036653399467468e-05,0.0011336626699663885,0.000615917248425607,5.249492824077606e-05,0.0005120938774725026,0.00022425067793690068,0.0007020570337772369
1232,0.0018034673569363169,4.51365393109443e-06,0.00010219775140285492,0.0018280387141346721,2.959748636425716e-05,0.00019000843167304993,0.00010378435356573137,8.89028213423937e-06,1.0285526514053345e-05,0.0003197925827803441,0.0006373400077008401,0.00017121247947216034,0.0003350395429841044,0.0019359621145692493,0.00020485371351242065,0.0005953632804348574,4.5992059129763493e-05,0.00013663247227668762
1233,0.00038966565492340455,0.00012608366591146392,0.00026711076498031616,0.0005828130549726251,0.0002722386061300604,0.00012960284948349,9.097331510815945e-05,5.018001122215031e-06,3.201887011528015e-05,0.0003717923450389793,0.0008872694523217248,0.00030003301799297333,0.00021074085997749292,0.0005773170669313571,0.0004220064729452133,0.0001206828601613974,0.0004906557044498721,0.0008232332766056061
1234,0.0005271677503897731,0.00011635784238873265,2.9424205422401428e-05,0.00048213452562592685,6.375291101395897e-06,5.523860454559326e-05,6.140547422807917e-05,1.0314343494715239e-05,2.4177134037017822e-05,0.0006540307873357937,0.00035288522301509667,0.000408930703997612,0.00038625337773068313,0.0011126053141632605,0.0003958623856306076,0.0006486286200068636,0.00031382239085786176,0.0005217604339122772
1235,0.0010042549062208028,5.7617281005093585e-05,0.00040801428258419037,0.0006753410817197658,3.048154641137682e-05,0.00041484832763671875,8.834708947186125e-05,3.160613982845675e-06,1.73225998878479e-05,0.00048313009404228613,0.0008188988656447141,0.0003128480166196823,0.0011091698646039788,0.0012866905028958153,0.00033680349588394165,0.0027560182699231106,0.0001001892352319126,9.386241436004639e-05
1236,0.00043672262736746403,0.00014699107034342462,0.0007476061582565308,0.00042198683876421006,3.0141663244449834e-05,0.0006836317479610443,0.00010020931525439244,1.2632377981007656e-05,5.0630420446395874e-05,0.00029911169214797556,0.0007598350408287401,3.9713457226753235e-05,0.000708649951437379,9.328759358154942e-05,8.06562602519989e-05,0.0012347151559101988,2.3594754471779368e-05,0.0009559765458106995
1237,0.00042231123761701794,1.3163114099729728e-05,0.00013397447764873505,0.000703756793675181,7.080512557163313e-05,9.917467832565308e-05,6.289090043693976e-05,8.347248919307766e-06,1.1138617992401123e-05,0.001680396479655448,0.0004220056677452129,0.0002238098531961441,0.0011882528229835015,0.0004841177103209887,0.00017641298472881317,0.0017161486373014068,0.00014850422281473957,0.0007001608610153198
1238,0.0006556847002547328,0.0001951386271867063,0.0006315913051366806,0.00062767158778812,0.00022517621085616987,0.00039568543434143066,2.3676345663555323e-05,3.163435901287629e-05,2.6557594537734985e-05,0.000208980283517686,0.0014280005977513333,0.00010131672024726868,0.00018995284288165354,0.0002846487394142852,0.00023383274674415588,0.0004893502305924752,0.0005301026168204898,0.0010475628077983856
1239,0.000626584954620174,7.218085418344428e-05,1.2114644050598145e-05,0.00020477333544041687,0.00010081113946652093,4.3626874685287476e-05,3.345797178726587e-05,9.664170529360538e-08,1.3634562492370605e-05,0.0002878395772951334,0.0006954372744469167,0.00010990351438522339,0.00026742864332842536,0.0001964527459824561,0.00016419962048530579,0.00011875086571626337,0.000152235741585279,5.410611629486084e-05
1240,0.0002655869884629347,0.000249992165494841,4.079006612300873e-05,0.00028780515866533296,6.475555182886353e-05,0.00014393404126167297,4.931932724249605e-05,2.4534036283998368e-05,1.399219036102295e-05,0.0004618696013082499,0.0004710452067875105,3.785640001296997e-05,0.0006952953869704681,0.00034925177806211655,0.00030754879117012024,0.000768205204987174,0.0002977835837770556,0.00042730197310447693
1241,0.0008143574880652704,0.00017232431209386265,0.00026943907141685486,0.00046439945485535206,0.00020189153675790467,0.00040422752499580383,5.552555562960901e-05,3.294005840406215e-05,1.5340745449066162e-05,0.0012807070293096093,0.00013667206624478484,0.00020282156765460968,0.0018166168372473132,0.0002762308959531959,2.454407513141632e-05,0.0004784446054640207,0.0006419448440522198,1.031532883644104e-05
1242,0.0013754952317930058,6.0280905897255876e-05,0.00014249980449676514,0.0012198616353873148,0.00033350185211412225,0.00017837435007095337,4.293371699150457e-05,6.9696452792525104e-06,1.993030309677124e-05,0.0016823519965853545,0.0009359669652729483,0.0002574976533651352,0.0013696649163151484,0.00024353264588547474,0.00018470175564289093,0.001007045535042314,2.3718488632831942e-05,0.0003250725567340851
1243,0.0006035612323663231,4.654565269906e-05,0.00015129521489143372,0.000537049996733624,7.339230138157793e-05,8.898228406906128e-05,1.797612548733868e-05,1.348744891747157e-05,1.1175870895385742e-06,0.0004803962302999745,0.0010218777796951808,2.9638409614562988e-05,0.00033215345790573586,0.0007980869803252619,3.651529550552368e-05,0.0003163878033583811,0.00013997658467768473,0.00010356679558753967
1244,0.0013360569577143544,0.0001763691766349454,0.00019578821957111359,0.0010274141780724777,0.00024302138976121587,0.00023632124066352844,1.456416454066918e-05,9.049509451697206e-06,3.769993782043457e-05,0.0005381138758962095,0.0007645837734665262,0.0006080884486436844,0.0011178303959277353,0.0010304791283942544,0.0004750508815050125,0.0008795091976123576,0.0002004222170745593,0.0004981644451618195
1245,0.0007626160742915944,5.841643525709289e-05,0.0002968050539493561,0.0005358116276008018,1.6235019793253702e-06,0.00026703253388404846,1.013338607375007e-05,4.728222968105201e-06,8.81776213645935e-06,0.0004072391017496471,0.00046739341050996974,0.0002614278346300125,0.0006496688450980184,3.766234953943293e-05,0.00023109279572963715,0.0004815393004009849,7.840862837798362e-05,0.0003394894301891327
1246,0.0002830796771779165,3.6938466508814466e-05,0.0003585517406463623,0.00024104796102628057,6.0323254634023216e-06,0.00032954663038253784,1.1650014053904076e-05,1.3002267804446827e-05,9.059906005859375e-06,0.000702156197103336,0.0002538512901590004,0.0003997385501861572,0.0005681956433841659,0.0009700880767506137,0.00036105886101722717,0.0007372293797600765,0.00025463244422382295,0.0006504394114017487
1247,0.0012895716187681372,4.2085500505918694e-05,9.353086352348328e-05,0.001543588055422651,6.132745777199383e-06,2.5294721126556396e-05,7.423499830905289e-06,7.790219001270167e-06,2.269446849822998e-05,0.00040661492375380914,0.0001920292633340072,0.00014691799879074097,0.00032046304451328195,0.0004852139666913155,0.0002608206123113632,0.00032145187867706204,2.290807443026694e-05,0.0005973055958747864
1248,2.2223678438376693e-05,8.65974371744467e-05,0.00017194822430610657,0.00014538748333892126,0.00021678686770966113,7.017701864242554e-05,5.29160937190621e-05,1.548672954613129e-05,5.882233381271362e-06,0.00012037042370212359,0.0011898926903297219,0.0001484546810388565,0.0004957744609147413,3.352637471840114e-05,1.025572419166565e-05,2.6756394007732e-05,0.0003264446871884385,0.0001262575387954712
1249,0.00028005181834181436,0.0001830550374852767,0.0004057101905345917,0.0003197600643307097,0.00012430659089533724,0.00032301992177963257,1.2392237310962506e-06,8.882890497423617e-07,3.37064266204834e-05,3.913519275281635e-05,0.00032044627751708077,9.721890091896057e-05,5.8440032341247616e-05,0.00037216028312964805,0.00022028759121894836,0.0005966329346122762,2.335559850147849e-05,0.0005076676607131958
1250,0.0008251790376756774,0.00025034085069389547,0.0011103097349405289,0.0007311210012581337,0.00017924499405324798,0.0012564733624458313,0.00016553103047996579,1.1972326064758052e-05,0.0001162402331829071,0.0008014237180524672,9.868414650476484e-05,0.000931084156036377,0.000726880134844031,0.0004265308325184444,0.0007639117538928986,0.0017679801178812488,0.00018710602488060304,0.002451762557029724
1251,0.0004009343935697518,0.000212734818241158,0.00037744641304016113,0.00031619099335930545,0.00037068126188764816,0.0003519505262374878,8.134299277259144e-07,2.3418985597522092e-06,3.6738812923431396e-05,0.001229058926760021,0.0008787364578880519,0.00014280900359153748,0.0015295115999395398,0.0010087551052711252,2.0172446966171265e-06,0.002643033580264645,6.43166204342873e-05,7.074698805809021e-05
1252,0.0003207390553886247,0.00024792485873409084,0.0002489909529685974,0.001180960526323771,0.00014356001745794572,0.00033859536051750183,3.301695631522002e-05,2.275268529571017e-06,3.8351863622665405e-05,3.3322032008849256e-05,0.0003502596427307249,0.00019419938325881958,0.000378933340190471,0.0014220580291974677,0.0001234002411365509,0.0010021209591453695,7.274260519632859e-05,0.000616021454334259
1253,0.0005706847689379291,0.00030047101361852305,0.001207064837217331,0.0003587084364686244,1.6060184775748554e-05,0.0012726522982120514,0.00012268690639892152,7.531779146117328e-06,0.00012782961130142212,0.00012553304075704763,1.432687257431342e-05,0.000963110476732254,6.708591150168114e-05,2.4380343509114444e-06,0.0008855536580085754,0.0012350642295906739,8.522857702667613e-05,0.002399072051048279
