frame,change 1.x,change 1.y,change 1.z,change 2.x,change 2.y,change 2.z,change 3.x,change 3.y,change 3.z,change 4.x,change 4.y,change 4.z,change 5.x,change 5.y,change 5.z,change 6.x,change 6.y,change 6.z
2,0.011298079924254523,0.0005471828375351873,0.003928098827600479,0.007439689892482754,0.00046098230262420214,0.0038529932498931885,0.00033032840913964703,6.601442847706317e-05,0.0001626051962375641,0.006047985294803486,0.0013093924364698042,0.00028559472411870956,0.004628287713462853,0.0006996784571827661,0.0006907014176249504,0.007564734683206592,0.00037854920445937017,0.0021378658711910248
3,0.000727486081472023,0.0002448253955535107,0.001046864315867424,0.002138959568765697,0.00016395488426124843,0.00048056710511446,1.5625097274249433e-05,0.0001275898822492243,6.400048732757568e-05,0.00028998050966399375,0.002495189723367104,0.0008468823507428169,0.0014571084466169504,0.0015263325286916478,0.0015314072370529175,0.0015022335029029055,0.002301027299868112,0.0011048316955566406
4,0.0015398360252691368,0.00047735167924589303,0.00026644207537174225,0.0008257218650317977,0.0006035776830630966,0.00045162998139858246,2.5940461594899794e-05,3.3053698125991055e-05,2.814456820487976e-05,0.0021174950899812833,0.0002952550488684383,0.00021252501755952835,0.0014504781880863016,0.0005226026260579733,8.448772132396698e-05,0.0015355574165403785,0.0007761241519830923,0.00025943294167518616
5,0.0013741738461954256,0.00023279383184396374,0.00023576244711875916,0.0012321376366438708,0.0018152174305576946,0.0008327187970280647,0.0002698397328424057,0.0001503471063450195,1.6208738088607788e-05,2.1956072216895717e-05,0.0007584326246425424,0.0012976638972759247,0.0003996128596621684,0.0013469006057735336,0.00045380741357803345,0.0006005346085448116,0.002499758441860997,0.0013902224600315094
6,0.0010464171677675715,0.0002476976908099872,0.00046375952661037445,0.0014741094469958305,0.0005326838438962575,0.0008139600977301598,1.4240920824960118e-05,2.3597079240550954e-05,4.1153281927108765e-05,8.652760888682581e-05,2.8810111424470985e-05,0.0005757026374340057,0.0005836519870480311,0.0002545493923332594,9.016506373882294e-05,0.0009269598703705306,0.0006070386798060334,0.0009490586817264557
7,0.0014841028098519782,0.00047448819584799615,0.00027515366673469543,0.001351235817592611,0.000690745286870631,0.0005453731864690781,9.846816617345086e-05,2.019335217749805e-05,2.7485191822052002e-05,0.0017630197016832647,2.1866266533929202e-05,0.0005266517400741577,0.00160266818762618,0.0004633608240034448,0.0009092073887586594,0.0008219234799135555,0.00045789443854291935,0.00018283724784851074
8,0.0011964560754869624,0.00025269234463650217,0.00016221404075622559,0.0005431311040137166,9.283217273202415e-05,2.4975277483463287e-05,3.87665113031517e-05,4.0099432781913425e-05,4.2788684368133545e-05,0.0006827460502882646,0.0003922866742314679,0.0004310412332415581,0.0009590513814046048,0.0008199212134491138,0.0008099246770143509,0.0009690267177392131,0.0007142021669147083,0.0006556771695613861
9,0.0004740957724778394,0.0003563469771232404,0.0005457531660795212,0.0005230190214810526,0.0005945659833180052,0.00038062408566474915,0.00012629936839485267,2.83750526588897e-05,3.6872923374176025e-05,0.00035710075939478225,0.00028822431197246534,5.517341196537018e-05,0.0004552272978347732,0.0004332718242056506,0.00019484758377075195,0.002107409300678098,0.0004524341719432303,0.0008611120283603668
10,3.341544550708453e-05,3.9724915420574075e-05,0.00035350583493709564,0.0008477034157532704,8.9548106653934e-05,0.000289013609290123,2.6540920524231737e-05,1.8498898390296656e-06,9.957700967788696e-06,0.0003626306017989467,0.00010297915238831334,0.00024367962032556534,0.00025511190617599766,0.0006066179684813613,0.00018154457211494446,0.0018815176683213142,0.0001368291675512591,0.0003147199749946594
11,0.0013246146626869626,0.0003135159021698426,0.00014496780931949615,0.0012378900806396254,2.343639489652341e-05,0.00036771781742572784,3.1231394938796564e-05,3.470478964811446e-05,8.102506399154663e-06,0.0006375762425678624,0.0003659395128384965,6.694812327623367e-05,0.0004231579172281341,0.0009600542615027345,0.0003550965338945389,0.0012117937230947673,0.0006616627026798123,8.935108780860901e-05
12,0.001859325070983825,0.0003684101621704884,0.0002785325050354004,0.0007713709449508332,0.0005876904569573974,0.0001721363514661789,4.33714792094711e-05,2.3332339464293412e-05,4.173070192337036e-05,0.0012991197868088278,0.00012099247435861521,0.0006482871249318123,0.0010723998924462852,0.0005164127619836333,0.0008810088038444519,0.000968667155348768,0.0005143641513679301,0.0006463415920734406
13,0.0010874041696672943,0.00023319001762764704,0.0002974793314933777,0.0007448384185994861,0.0009870299670585517,0.00018357671797275543,5.539501440731537e-06,3.386832761055299e-05,4.028528928756714e-05,0.0010119231307098298,0.0007640004585439952,0.0008085314184427261,0.0008955754448115444,0.000733587493087353,0.0010560154914855957,0.0002973985932348544,0.0006211534000091674,0.0009064935147762299
14,0.000376358099292623,0.0004728484850015091,2.485513687133789e-05,0.0004061186728803179,0.0001656008174493323,0.00017941556870937347,7.827430327325344e-05,8.3604590382472e-06,4.3839216232299805e-05,0.00028750561499604754,0.00010390872427906706,0.0005804281681776047,0.00018257432188692468,4.7256528536796655e-05,0.00037796422839164734,0.0010077893941693172,0.0001506729031051056,0.0009252391755580902
15,0.0005653692563782897,0.0003514712338783081,0.0003026258200407028,0.00015616196703541196,1.0868382444073621e-05,0.00025620125234127045,1.825590569836527e-05,1.2563497178262476e-06,4.5686960220336914e-05,0.00011458660429189416,0.00018214862593491504,0.0003742910921573639,6.860457002880183e-05,0.0001512493993305504,0.0004148632287979126,5.324849817883726e-06,7.873713427098902e-05,0.0008119605481624603
16,0.0004094479998042466,0.00032709798357139636,0.0004200208932161331,0.0006319255158021564,0.00021820134293502533,0.0004727523773908615,7.656547893537813e-06,1.5245880378713175e-05,1.4197081327438354e-05,0.0005854963429789972,0.0005296472600720484,4.781968891620636e-05,0.0006450835603918903,0.0010218213505711997,3.575533628463745e-05,4.504807931032806e-05,0.0002411853418752708,4.600733518600464e-05
17,0.00011895437693651423,0.0001893781344579487,0.0001454818993806839,0.0003096251093413771,0.00024400494017550595,1.5771016478538513e-05,1.7468449849393497e-05,1.8691406265925565e-05,2.1245330572128296e-05,0.000348374704635529,4.325779717692657e-06,0.0004300801083445549,0.00028004434584079363,0.0005143402088080735,0.0003117937594652176,0.0007258800757192208,0.00012126896690205224,0.0004265010356903076
18,0.0007536547889721856,0.0005472723977627408,0.0002059992402791977,7.536178974160146e-05,0.0005068736698837784,0.00030528753995895386,0.00010409301824065506,8.448360113278374e-06,1.298263669013977e-05,8.35000168556907e-05,0.00025042186100773106,0.00033238064497709274,0.00017954656417680515,0.00029425007106764767,0.0004367418587207794,0.0009734137473911275,0.0002016345123534661,0.0007153041660785675
19,0.0005419100221233375,0.0007463108559674532,9.021908044815063e-05,0.0011457093180144706,0.00011799858470838004,9.275972843170166e-06,9.25742721637722e-05,2.7616904803573483e-05,7.992610335350037e-05,0.00015606047587565092,0.00041981925264942405,0.001098250038921833,0.00011732666837754868,0.0005375678421155362,0.0011795051395893097,0.0006877038503109445,0.0005432783919799653,0.0018719136714935303
20,0.00013524119450253336,0.0007673617151084597,0.00024550221860408783,0.0015418424524434593,0.00016833474220537964,0.0002607759088277817,1.6109892093441047e-05,2.1863378379497118e-05,9.706616401672363e-05,0.00046207127051171165,0.0011832682456351593,0.00147263053804636,0.00022895120830025706,0.0007666795785969509,0.0015208087861537933,0.001577470001943082,0.0004666699454564504,0.0021018125116825104
21,1.7039886451297726e-05,0.0006157283781696166,0.0001195129007101059,0.0009153850219928428,0.0002763084388004433,5.770474672317505e-05,3.8389506735393014e-05,2.6303922097348545e-05,6.361305713653564e-05,0.0008574839301449949,0.0007919251156903659,0.0008472288027405739,0.0003954949644016381,0.0010478004514761288,0.0009884219616651535,0.0007350298451381798,0.00037509809088894473,0.0014536306262016296
22,0.00016461794666239316,2.6202425881641928e-05,3.937631845474243e-05,1.794817144892824e-05,0.0001596495944010158,8.344464004039764e-05,2.4013093101855898e-05,9.734106799351222e-06,8.519738912582397e-06,0.00017538606366106907,0.00035756446458504176,0.0001925406977534294,2.7251274293191297e-05,9.421771466709694e-05,0.00039214640855789185,0.0009735045476937654,0.00025684467506562926,0.00026597827672958374
23,2.895970486249677e-05,0.0002813041418378952,8.704327046871185e-05,0.0008849851990121727,0.00028194456610691407,0.0003662239760160446,5.699678135854744e-05,7.942062579112093e-05,1.5601515769958496e-05,0.0005347565530961149,0.0006687475543693602,0.0003599124029278755,0.00035578723170696935,0.0013331513268767282,0.000960085541009903,0.0013698801232603364,0.0012844393606022651,0.0005306974053382874
24,0.002203592119732367,0.0004870977718824977,0.0002902597188949585,0.0013307866294831883,0.0005806011259582682,0.0007273945957422256,0.00022699531483178284,6.338928482738353e-05,4.941970109939575e-05,0.0006059344496397653,0.000525978869229296,0.00026418641209602356,0.0005178136883098733,0.000673096060567549,0.00034769997000694275,0.0009653834471897993,0.0008229657689181446,0.0006694607436656952
25,0.00029760911657572553,0.001389996702725306,0.0024734586477279663,0.0017627118076168624,0.0006204513629845636,0.002840910106897354,0.00025806648190930363,1.6020302690612645e-05,5.694478750228882e-05,0.0026330502358187582,0.00014355585097448886,0.00026331469416618347,0.002046815193382262,0.00022175623593309254,0.000506177544593811,0.0003563258379125356,0.0002560639222719107,0.0002773590385913849
26,0.0009323226397248419,0.0003819933097607975,0.0003197062760591507,0.0009710873746741067,0.000983903858377079,0.0004459396004676819,0.00011727629241580113,1.5185659019056256e-05,4.137679934501648e-05,0.0019394727593447791,0.0005142498323572331,0.0009919600561261177,0.0024005365399035125,4.363828223281907e-06,0.0008996110409498215,0.0015428477825562281,0.00013871917888110506,0.000822555273771286
27,0.002274512560755365,0.0008893162501445832,0.0016052033752202988,0.0006778823054974514,0.0002973533281612796,0.0016282331198453903,4.6014531323388536e-06,4.038560400997299e-05,1.6842037439346313e-05,0.0024128833412091003,0.001203521345399236,0.0002653850242495537,0.0020663462562960574,0.0011362624009621514,3.505125641822815e-05,0.00048308004340788524,0.0013019831751397565,0.00038690492510795593
28,0.0001407317007601494,0.0005295539314898838,0.0009372290223836899,0.0013878128369404774,0.00048527358514138114,0.0008754301816225052,0.00010485939338376361,2.7349561314797023e-05,4.4465065002441406e-05,0.00032404815166133666,0.0001969986771659174,0.00031267479062080383,0.0005611574406510222,0.00013022575504073944,0.0003741886466741562,0.0001899031479730695,0.0005849486873204142,0.0009326785802841187
29,0.0017476612581794337,0.0012223617782616235,0.00045040808618068695,0.0023750318421935923,0.00041694978680656414,0.00031963177025318146,8.735221175928606e-05,2.785807853560745e-05,9.288638830184937e-05,0.0006751999846225307,0.0002879709595018029,0.0008332692086696625,0.00013397766216860507,0.0006288726368985018,0.0009418092668056488,0.002101566545253619,0.0004001959676574497,0.0017444603145122528
30,0.0004177563275389873,0.0006036758580351964,0.0015567317605018616,0.0019044988578500732,0.000689177400183396,0.001555679365992546,0.00011601902783864998,6.1243975212712555e-06,0.00013794004917144775,0.002731330020613279,0.0004149004344898774,0.0014938535168766975,0.0022972698439873707,0.0001450544258419749,0.0013609416782855988,0.0019471619918894068,0.00018289676701992337,0.002343747764825821
31,0.0006586228516907711,0.0003457784254164292,7.07283616065979e-05,0.0009940372083459825,0.0001370443641855526,0.0002063903957605362,4.6585004339065594e-05,4.781674144886737e-05,3.212690353393555e-05,0.0006264246289486505,0.0010951650471021368,2.1593645215034485e-05,2.1532621134745522e-07,0.0011255151504962202,0.00030820630490779877,0.0016319601433718578,0.0009176699805672397,0.00010542571544647217
32,0.0011213441933873025,0.00011839536079612245,0.0010785777121782303,0.000632967135275081,0.0002156799042931437,0.0013035573065280914,2.6149090589250995e-05,4.3603033394792705e-05,9.075179696083069e-05,0.0009719053217846219,0.00042781076096520126,0.0007298290729522705,0.001192609603914277,0.0010802956336090283,0.0003666263073682785,0.002061906300353661,0.0008048959079830949,0.0015307553112506866
33,0.0012845100741499804,0.00033584944544083617,0.00046725571155548096,0.000747378446701058,0.00011840666718502743,0.0006816741079092026,4.910884998383935e-05,3.5012830911764045e-05,1.70879065990448e-05,0.0009073101480973692,0.00022028797969500524,0.00010015815496444702,0.0006092328215514947,0.0008228258515760693,0.0003079790621995926,0.0021031050539939145,0.0007415645771508828,0.00043913349509239197
34,0.0016720993997689781,0.0007686896584555847,0.00028267689049243927,0.0005840757040401212,0.00043835508043613483,0.0007291492074728012,9.09762505644264e-05,7.00302809325679e-05,1.4007091522216797e-06,0.0007960848275856691,0.0008316484938846735,2.9733404517173767e-05,0.0004453727640374855,0.0012767867866311892,0.0006952248513698578,0.000813573331204881,0.001214504790709765,0.00023513659834861755
35,0.0007487807707017569,0.0006476479054203163,7.852911949157715e-06,0.00024792526506259294,4.962165700725385e-05,0.00019765831530094147,9.25455838809118e-05,3.3835521684058654e-05,2.0887702703475952e-05,0.0009058213578154659,0.0002689302359717774,0.00017312262207269669,0.0009677574356497937,0.0004141599679263683,4.917755722999573e-05,0.0005327761679048693,0.0004703970627193497,0.00010885298252105713
36,0.0011811490378685896,0.00036631479740176914,0.0005926210433244705,0.0014869913850436844,0.0004889501443121093,0.0008482020348310471,0.0001505313749179775,6.809012744363933e-05,7.937848567962646e-05,0.0004921414865467072,0.0006347952108688298,0.00041409488767385483,0.00013151994064350414,0.0011153408454704881,4.0508806705474854e-05,0.0009733194209515794,0.0011292448901693078,0.0011308714747428894
37,3.481159574217352e-05,3.872243759389313e-05,0.00032808445394039154,0.00023817840638748478,0.0003445120396486437,0.00043040886521339417,4.865742098522294e-05,1.827049366534756e-05,5.8002769947052e-06,6.270047195375272e-05,0.00033246848296716175,0.00024296529591083527,8.148277941717741e-05,0.00024087634544479528,0.00042853690683841705,0.0004308390447823329,0.0002802576814750421,0.00011658668518066406
38,0.00015361858760176705,0.0001507076169286574,0.0005326941609382629,0.0010779845753969286,0.00026162019691047117,0.0006015356630086899,5.877133711675031e-06,1.937880697158072e-05,1.6886740922927856e-05,9.155386384723796e-05,0.0002159139213213021,0.0005597369745373726,0.00030974186394980285,0.00019054296792248016,0.0006633903831243515,0.0015866578661305197,0.0004831462630790085,0.0003084316849708557
39,0.00029253203543627704,5.631415693744743e-05,0.0006656013429164886,0.00041730891429880845,0.00033163458839594387,0.0007658861577510834,5.75627358349734e-05,9.892113610288772e-06,2.0489096641540527e-06,0.0008671088258357593,4.5094550815617807e-05,0.0003937454894185066,0.00060211616531676,0.0005466072901317912,0.0006075296550989151,0.0018561899187921893,7.024824363819834e-06,0.00045427680015563965
40,0.0001761987926483244,0.0003236696304131405,0.0003836974501609802,0.001438331564994677,0.0003809200436999047,0.0005361754447221756,0.00011800527750690723,2.09592874767686e-05,3.9111822843551636e-05,0.0003872992959770144,0.00011751038113092666,0.0007294090464711189,1.681162765890254e-05,0.0008148971773366404,0.0010536294430494308,0.0015713320124968455,0.0002260162541154534,0.0010744072496891022
41,2.903503498460913e-05,0.0005685304726241493,0.0002211201936006546,0.001117517416166891,0.0005955011122681549,0.000636175274848938,0.00012558860864717025,5.780724883182157e-05,7.360056042671204e-05,0.0009237179601114809,0.0008497649042207012,0.0010961145162582397,0.0001600936572631051,0.001168724334638025,0.001724516972899437,0.00019023680083080086,0.0007773702706531955,0.0015912503004074097
42,0.0001866870040444779,0.0006277959493261251,9.725429117679596e-05,0.0006597449460881977,0.0007177414871540333,0.0005714483559131622,6.910765546128128e-05,5.325339574347788e-05,8.463487029075623e-05,0.00033360436964505885,0.0007348838165044183,0.0011748811230063438,0.0002653622305315573,0.0006768665111322701,0.0017334185540676117,0.0003207646081793969,0.0008075820831340928,0.0015424750745296478
43,3.564391095337016e-05,0.0003857517830407539,0.00010131858289241791,0.002120681356363757,0.00011474094048696815,8.42902809381485e-05,7.971750419418985e-05,3.99822172374865e-05,5.603581666946411e-05,6.521875704511987e-05,0.00012412643553459668,0.000614251010119915,0.000242481298353886,0.0004982491844993352,0.0008578989654779434,0.0008792897996334481,0.0007409361641968395,0.001271165907382965
44,0.0006180154824641515,0.0005890793725324243,0.0007025953382253647,0.0010328942953313769,3.988109495783529e-05,0.0006051771342754364,4.581422627066359e-05,1.4190823733921214e-05,5.84237277507782e-05,0.000890734977705504,0.0001490630760954889,7.057934999465942e-05,0.0012627171803654968,0.00043937924207392703,8.804537355899811e-05,0.0019716405416358995,6.337485009285e-05,0.0006092675030231476
45,0.00016178632019434036,0.00010464674199885463,0.0004067942500114441,0.00031801915575449535,0.0004161946262856396,0.0005761440843343735,4.481887605978924e-06,2.9930117854467782e-05,2.0757317543029785e-05,0.00016019141607297172,0.0002635454497540504,6.996095180511475e-05,0.0003224527664748428,0.0001287536193015533,0.000330604612827301,0.0009581159424953967,0.0006249394872363569,0.00039560720324516296
46,0.000308015888015295,0.0004352884682470616,0.0006148628890514374,0.0007468344953646122,0.0004540357876527991,0.0006861872971057892,1.604816724484065e-05,1.7847955838091816e-05,1.3280659914016724e-05,0.0009945173488754913,2.3170904060371145e-05,6.259419023990631e-06,0.000690828436944152,0.00022291433246229495,0.00011315569281578064,0.0014133902601317638,0.00026645130494363026,0.0003116615116596222
47,0.0009140762615293396,0.00023835688177608477,6.681308150291443e-05,0.0011657992946532691,0.00023141789675774904,0.00022693350911140442,0.00010176537004598016,3.2819020967875126e-05,1.8693506717681885e-05,0.0007720910378770721,5.408889237305814e-05,0.000164838507771492,0.000554682983639726,0.00012904483499322564,3.9814040064811707e-05,8.018070714654879e-05,0.0007348584468442089,7.502734661102295e-06
48,0.0008071983965279306,0.0007106538772581224,0.0004690829664468765,0.0006328773786437869,0.0005213850269974799,0.0001279246062040329,0.00017396257597539905,3.9425126528911964e-05,6.560608744621277e-05,0.0003291344260802076,0.000382443435504011,0.0005216589197516441,0.000802919017193135,0.0004798048640260247,0.0009323786944150925,0.0006060151735403363,0.0005468769089591805,0.0011636428534984589
49,0.0009608686302368663,1.180911206195498e-05,0.0001341216266155243,0.0004254960454128376,0.00041842806271901595,0.0002774149179458618,7.056785139972557e-05,7.448799857973109e-06,7.603317499160767e-06,0.0007575306117715355,0.00024309395130144018,0.0003700722008943558,0.00034777786128753485,0.00034477479505692216,0.0004825107753276825,3.895697368239137e-05,0.0004448263476830097,0.000466223806142807
50,0.0002585934258473588,0.0005209375034922123,0.00047824904322624207,0.0010862616471541409,0.00016946966933695587,0.00028999894857406616,7.862876770583366e-05,4.593407346849623e-05,4.608556628227234e-05,0.0006311937384067615,0.0007278432771139626,0.00014652777463197708,0.0003976716303375344,0.0008311358446963547,0.0003980938345193863,0.0006058656370269422,0.0008575719846734518,0.0007816143333911896
51,0.001498811063682881,0.0003669191893821734,0.00010519661009311676,0.0013101891959663714,0.00016932179051841814,0.00017527863383293152,4.957500801804071e-05,2.171434511358879e-05,1.3202428817749023e-05,0.0012492907517299909,0.0005649257849079312,6.112176924943924e-05,0.0012767817796373593,0.00014879687330717623,0.0002973061054944992,0.0006065855027661549,0.00039008229044860086,1.685693860054016e-05
52,0.0007593654987101683,5.004185930588406e-05,7.298961281776428e-05,0.002669686123817794,0.0001947599088712483,4.5340508222579956e-05,8.387429962168624e-06,1.9777771546630957e-05,1.8559396266937256e-05,0.0009117721704913831,0.00033562490978004955,0.0004910575225949287,0.0007290366264611631,0.0004472005061549496,0.00045811571180820465,4.518976658224316e-05,0.00023235855553936126,0.00036915019154548645
53,0.0003982544331690152,0.000324279044510236,3.327988088130951e-05,0.001156745320315039,3.1367290539610626e-05,1.3386830687522888e-05,9.809983783228005e-06,1.0662250728103685e-05,8.054077625274658e-06,0.0002361070685263228,6.814918392382407e-05,0.0003938879817724228,9.8090882425933e-06,0.00018908760289746557,0.00041125155985355377,0.00023983210278641365,2.86820175775266e-05,0.0005533583462238312
54,4.962947917430682e-05,0.00018859612060583356,3.0251219868659973e-05,0.0002323751047836331,1.4191097810516834e-05,0.00011968240141868591,1.8970960296085804e-07,3.1168450752394107e-05,3.986060619354248e-06,0.0004007921915854945,0.000702544818280304,0.0001054694876074791,0.0002566262274157488,0.0005579572120924213,0.0003163684159517288,0.00105585607329034,0.0007324949643936068,0.00011850520968437195
55,0.0008004624341759192,0.0005853860978084109,1.8319115042686462e-05,0.00037535877435776466,0.0005714340987453791,0.00035776570439338684,7.640699837727777e-05,6.18262949449044e-05,6.571412086486816e-06,0.0006689408576262892,0.0009187868017425174,0.0003741476684808731,0.00013707670024948326,0.0008472084210238671,0.0008247289806604385,0.0031537266786872964,0.0010033242470181263,0.0004655309021472931
56,0.0002329257521921646,0.0004649519214482943,0.0005005858838558197,0.001015351000536957,0.00042828403524301784,0.0007709208875894547,0.00014823674300428608,5.114833687402227e-05,2.4966895580291748e-05,0.00035191336198565903,0.0008386186660709477,0.00045178644359111786,0.0008083166541658915,0.001432990104418913,0.0008929502218961716,0.002579608475324069,0.0007487022464661985,6.05359673500061e-06
57,0.0003948778568362288,0.0005298347382104579,0.0006898306310176849,0.0011697418596139375,0.00028704687206827437,0.0007838457822799683,0.00018998564063292186,2.065653838945506e-05,5.595386028289795e-06,0.000864500532764767,0.0005293612109875667,0.000835576094686985,0.001464529355790209,0.0010129426494107953,0.0010761916637420654,0.0023771453177113544,0.0003072371051275266,2.8673559427261353e-05
58,0.00029683678671957314,0.0008579645242759691,0.0003865249454975128,0.0007587043900992851,0.0003762075387520464,6.405822932720184e-05,5.278881588937148e-05,5.3646664235203374e-05,6.284564733505249e-05,0.0008199406931873598,0.0009962635630863456,0.0008276365697383881,0.001287053502532845,0.0015862509471032578,0.001417389139533043,0.0012958688937568796,0.000741839720690066,0.0013382881879806519
59,0.0004183969229951956,0.000533208322758473,0.0008204355835914612,0.0012706823497445063,0.0005003462562004693,0.0004960224032402039,8.038018078035739e-05,4.221308028145589e-05,4.12575900554657e-05,0.0009414358800420158,0.0007296912493126168,0.0002468852326273918,0.0009575984363459911,0.0013347923047514823,0.0007241405546665192,0.0007907909719788442,0.00038677946192358995,0.001054130494594574
60,0.0007693384944035264,8.34246122744034e-05,0.00037466734647750854,5.687363010323243e-05,5.96011980246898e-05,0.00028343871235847473,5.675962602505122e-05,8.691803195236682e-06,1.780688762664795e-06,0.00016075160732156174,1.6173289051124584e-05,0.00034853536635637283,0.0004455009547368327,0.00014600961682271346,0.0001865644007921219,0.0006879790437349376,0.00019134754633179027,0.00014332309365272522
61,0.0015080508685732241,0.0004694495873542766,0.0002746153622865677,0.0011648148002451064,0.00022553551489763388,0.0004899092018604279,4.390149269461671e-05,2.425057330009096e-05,4.4014304876327515e-05,0.0009894919870052366,5.308884113075507e-05,0.0003178529441356659,0.0008488360431237602,0.0006120545017301721,8.124858140945435e-05,0.0014311276348971669,0.0003717037357303405,0.00048156455159187317
62,0.00046203662438373816,0.0004508643797207293,0.00012548081576824188,0.00025756209196503566,0.00010478939224451561,0.00040575116872787476,2.7517006814609113e-05,2.417041761034811e-05,3.987550735473633e-05,0.00040859027915748913,0.00028874273939540063,0.00027116574347019196,5.209830626434764e-05,0.0005052256100513443,3.8173049688339233e-05,0.0003800655963873689,0.00028701003714969725,0.000273287296295166
63,0.0006310316935656257,7.036236705266e-05,0.00044365227222442627,0.0009036320097347283,0.00015073574610861493,0.0004747305065393448,8.309710575855195e-05,1.291716873344788e-05,2.419203519821167e-05,0.0004033874014092928,0.0002912641614389727,0.00010949186980724335,0.0002699351767397745,2.8982901266131483e-05,0.00010310299694538116,0.0005389358936728761,0.00015605495962265313,0.0001275092363357544
64,0.0002333829914279162,0.00010120159220195629,0.000183839350938797,1.5251171167657285e-05,3.448259733888903e-05,0.0002460535615682602,2.2485688090150002e-05,1.638868127921912e-05,2.1092593669891357e-05,0.0004552714140724362,0.0007118862012795851,9.825173765420914e-05,7.191694355490608e-05,0.0003966352879141155,0.0002565886825323105,4.6611758407977266e-05,0.00038880056761066845,3.853440284729004e-05
65,0.0005197938668150548,0.00022841119593445397,0.0001687612384557724,0.0002711426460193511,0.0004084873674425546,0.00011233240365982056,1.271465782762271e-05,1.9390139650280803e-05,6.3069164752960205e-06,0.0002976363864282336,0.00045422040070489805,1.3368204236030579e-05,0.00035776979697675626,0.0003488214811573284,0.00012089870870113373,0.00018099270743213158,0.00017799852033083957,1.4841556549072266e-05
66,0.0005231314840980217,0.0001126044496368786,5.764886736869812e-05,0.0007350910747071504,6.204306551974362e-05,2.2295862436294556e-06,5.8766398997631836e-05,1.5127533190678762e-05,1.2252479791641235e-05,3.3854010277376e-05,9.913945518499195e-05,0.00010675005614757538,0.00021946978983140852,0.00028093667930131905,5.875527858734131e-05,8.359075798813898e-05,0.0003546590515620812,0.00026752427220344543
67,0.0012265380423826244,0.0005749052426308465,0.0001670531928539276,0.0010616055129983315,0.00046289640102609164,0.0002456102520227432,5.7727471048353574e-05,1.1117478876538733e-05,3.8646161556243896e-05,0.0006458058682365514,4.944896784937064e-05,0.0004749894142150879,0.00043691990175681594,0.0002170661893334154,0.000520532950758934,0.0007277784848232771,3.174265841996739e-05,0.0008285455405712128
68,0.00031882969583574283,0.0005162757432419507,0.0002652350813150406,0.0009311438844648856,0.0002682564730477621,0.00027494318783283234,9.463623549286343e-06,4.942902673992812e-07,1.9297003746032715e-05,0.00015015038367981182,0.00010521815185886296,5.8523379266262054e-05,0.0002983122561547036,3.188832017171628e-05,0.00018558092415332794,0.00013859553186210127,8.373037573350915e-05,0.00037255510687828064
69,0.00047201532133389623,3.040699120917395e-05,0.00021342001855373383,0.0005980308493784836,4.4751359414701986e-06,0.0003119278699159622,6.334274870489764e-05,1.407256817985078e-05,1.802295446395874e-05,0.00020127648381453034,0.00040923459073132634,5.2031129598617554e-05,0.00025221018262133743,0.00014650690167452782,0.00020775385200977325,0.0010918677431002166,0.00025692407658603304,0.0002927817404270172
70,0.000263991085337284,0.0004026604942629214,0.00036616623401641846,0.0006160345673291712,0.00021578172631260897,0.000580865889787674,5.073861436246524e-06,4.443893926017186e-05,2.954155206680298e-06,0.0001357591870779079,0.0004630557128771848,0.0005243932828307152,4.041730959140899e-05,0.0008018915026904196,0.0007858108729124069,0.0006492183794760964,0.000745267286970927,0.0005017630755901337
71,0.00032716137470242823,0.0005960238721169804,3.5118311643600464e-05,0.0008992391750377582,0.000325886584500501,0.000108376145362854,2.9118217468385166e-05,1.1140080953941987e-05,8.918344974517822e-06,9.877833246597217e-05,0.0002702173919298598,0.0003547901287674904,5.2703666882328304e-05,0.00016469713028045493,0.0003835204988718033,0.0007850708312381882,0.00014994162833768462,0.0006878860294818878
72,0.00021277907841363297,0.00011176542670780429,4.4343993067741394e-05,0.00019873599753328364,0.0001533287172080927,0.00017879903316497803,1.5670303602152713e-05,1.4299242427138754e-05,6.854534149169922e-06,0.00010933761773923578,0.00015785393907965378,0.0002188878133893013,0.0001809370772343638,6.447868067884638e-06,0.0003131832927465439,0.00019723823298231635,0.00020086539150048453,0.00043593719601631165
73,4.449672977713259e-05,0.00017478459632391113,2.8219074010849e-05,3.984016902536247e-05,5.178958040086279e-05,8.193217217922211e-05,1.0187375092139683e-05,8.22203053520913e-06,4.938989877700806e-05,0.0008608975360530902,0.00023258627440244511,0.0006604073569178581,0.0006241419135024351,0.00013584548531594964,0.0006530210375785828,0.0005992366216523437,9.222156714638885e-05,0.0006133466958999634
74,0.0008843434577361642,7.506128137442503e-06,0.00020951032638549805,0.0004441738175016141,0.00010774903588351564,0.00028163008391857147,5.746985457417975e-06,1.7624373767962265e-06,3.5412609577178955e-05,1.022948250004041e-05,0.00016944276685450232,0.0007628323510289192,3.654459945739985e-06,1.4377941558021967e-05,0.0008567478507757187,0.00031696749024826,5.635318654881316e-05,0.0007649101316928864
75,0.0006367370566322805,5.360088799663543e-05,1.397356390953064e-05,0.0006926811277348233,0.0001316183596908535,8.668936789035797e-05,1.4878408498321394e-06,1.3209627279217747e-05,4.932284355163574e-06,9.903703001482717e-05,0.0002796549542379845,0.00027660373598337173,0.0001853045989384794,0.00039210464924628596,0.00040764734148979187,0.0003164459065612413,0.00020652930952315754,0.00037720799446105957
76,0.00019744844106289738,0.00013356335971098643,0.00010109692811965942,0.0006415135962173357,7.511701591444292e-05,9.67271625995636e-05,0.00012848782240997003,3.8324098700591707e-07,4.727393388748169e-06,0.0002263558529407919,0.0001885221172523016,0.000235789455473423,0.0005685531068099631,0.00019815752023577202,0.00022403709590435028,0.0005308590906927257,9.303308841325693e-05,0.000344298779964447
77,0.0005945032275480322,3.382936735408029e-05,2.154521644115448e-05,0.0007328435366596997,0.0002358280932638554,0.00012850388884544373,2.363418662091471e-05,1.604548115552169e-05,9.562820196151733e-06,0.00020184398035603263,0.0004099577920528702,5.542207509279251e-05,0.00033224959496493123,0.00030769794723320074,0.00013062544167041779,0.0010399295365272343,0.0002497553368949329,1.7952173948287964e-05
78,0.0004162449738375762,0.00018143217886201074,0.00012027844786643982,0.00040343503945014514,8.175141803389713e-05,0.00019581615924835205,6.601463457217224e-05,2.179350855347102e-06,1.2561678886413574e-05,0.0004076305318975945,0.0002344118308005641,0.00012179650366306305,0.00015473725160698726,1.3433250263105573e-05,0.00025232136249542236,0.0007272320153666467,7.445866387349384e-05,0.00018105655908584595
79,7.687482602813933e-05,6.954407771479765e-05,0.0001806151121854782,0.0006487179501167561,3.634999673433892e-05,7.999874651432037e-05,7.686358732382492e-05,2.6713043312152733e-06,1.2449920177459717e-05,3.555048721348708e-05,0.0002489671894348802,0.0003592250868678093,0.00010388383791518074,1.7702007546749332e-06,0.0002748314291238785,0.00038344249343780223,0.00015307144626545456,0.00011524185538291931
80,0.0006650295552491914,0.00017479940387526288,0.00019632838666439056,0.00028966822178469465,1.218985348662438e-05,2.6946887373924255e-05,0.00011300251809448839,2.3491239421015615e-05,2.9802322387695312e-08,0.0003598986111338076,0.00029144558982950597,0.0001030629500746727,0.0004789790257884313,0.00011703685892310717,9.590759873390198e-05,0.000740984017677887,0.00036314129396911726,0.00028682127594947815
81,0.0010388948963445388,0.000549938254068693,0.00036448799073696136,0.0004323575307366434,0.0004238930448955437,9.160488843917847e-06,2.9141230420876713e-05,4.746462090460626e-05,1.7426908016204834e-05,0.0004142895830869797,0.0011957119950348483,9.771902114152908e-05,5.068084370631054e-05,0.0008382838886885138,0.00037650391459465027,0.000549726334104772,0.0007068845681113527,6.396695971488953e-05
82,0.0008819684631473368,0.0003676238451633257,0.0006793253123760223,0.0001910915786680345,0.00021290690641623256,0.0003508422523736954,5.5955305619734275e-06,4.627600905399783e-05,1.8388032913208008e-05,0.00016344407431466423,0.0008476353929254624,0.0002255300059914589,2.632038095733147e-05,0.0009498746867230776,0.00024706684052944183,0.0006424456214828289,0.0007067953029166896,8.806958794593811e-05
83,0.00019749521155448813,0.00021726484804690527,0.0004111863672733307,0.00016212661670814144,0.0001434374336896603,0.00030395016074180603,1.8424649918483138e-05,1.9379258170213647e-05,8.769333362579346e-06,0.0005743277590409129,0.0005971654968820184,2.126488834619522e-05,0.0005555000105927355,0.000641027496168154,0.00013368204236030579,0.0004782455517191586,0.0003167896848312417,0.00015456974506378174
84,0.00016464608505009637,0.00018184943164559556,8.60113650560379e-05,1.780791846661689e-05,0.000250825315839788,0.00015905685722827911,2.7603767496938575e-05,5.799074752244884e-06,1.4901161193847656e-07,0.00026455507585085303,0.0002180148391855291,6.559211760759354e-05,0.0001396056796257178,8.401459929488486e-05,0.00015233829617500305,5.478890869650699e-05,1.7853622109214803e-05,0.0002868287265300751
85,0.00040158251624575203,2.973647917448724e-05,0.0002839546650648117,0.0002526469822368427,6.930290300641642e-05,0.00024290196597576141,5.0861855326937017e-05,5.779058216551182e-06,1.6357749700546265e-05,0.00022435704575515802,0.0005904725196948304,0.00013961642980575562,0.00010720613633205534,9.384207244073073e-05,0.00017138198018074036,0.00013217491612252386,0.00013809001700542875,0.00039736926555633545
86,0.0014026447780551843,3.516067800497791e-05,0.00039949826896190643,0.001094983542819783,0.00030029270392587307,5.492381751537323e-05,1.1967188908727083e-05,3.6825692129807555e-05,1.930445432662964e-05,8.069898861207125e-06,0.0006947205846288343,0.0002600476145744324,0.00013115055684222165,0.0005530899457712284,0.0007333792746067047,0.0016159108440183256,0.0006689274363182677,0.00038212910294532776
87,0.0007842464666116267,0.0005286347219919489,0.000317353755235672,0.0003608570161521829,0.000395172392917309,2.4080276489257812e-05,0.00010436163868549411,2.357970425474244e-05,4.3179839849472046e-05,0.0003711246735556145,0.0006679571468817258,0.0005556568503379822,0.0003009409834765081,0.0009313990627493121,0.0010112784802913666,0.00010390089328593533,0.000255741669880195,0.0008435361087322235
88,0.0014017742708751502,0.0005195731377037986,0.00022134371101856232,0.0001889819872137044,0.00037943258537844957,2.7468428015708923e-05,8.887678271318061e-05,3.322686393874186e-06,8.460134267807007e-06,0.0007111959950008503,0.00021647139372695662,6.382260471582413e-05,0.000382298979526588,0.0003609954829645011,0.00024654902517795563,1.6624493345829272e-05,0.00030135496067725497,0.00012606754899024963
89,5.84466978639786e-06,0.0002789349976709925,0.00020491331815719604,0.0008290468098276493,0.00012036554158269264,9.01687890291214e-05,9.943082285552088e-05,3.574896279013543e-05,3.705546259880066e-05,0.00023159041018884496,0.00025194866893250845,0.0001477859914302826,0.00028194292251720876,0.00032113420936026593,0.00035272352397441864,1.047770674650339e-05,0.0005289451065723372,0.0006804130971431732
90,0.0007736354856172634,6.517567891302714e-05,1.8943101167678833e-06,1.6346556695440162e-05,0.00033082121988473046,0.00012524984776973724,3.2458269960834035e-05,7.753860613695642e-06,1.2878328561782837e-05,9.972288952676822e-05,9.889910302048055e-05,0.00016042403876781464,3.077424355008018e-05,0.00024035234644333506,9.156763553619385e-06,0.00020959329895270384,7.113509930159988e-05,0.000462166965007782
91,0.001379860446118042,0.00010254117496823895,0.0001385752111673355,0.0009692099687710065,7.328180120926356e-05,0.00030567683279514313,7.310648393955843e-05,8.770826928450803e-06,4.120543599128723e-05,0.00044012851491609384,8.400003231858605e-05,0.0004745880141854286,0.00036454122412217516,0.00019223775599570836,0.00030256062746047974,0.0007938087356009482,6.827710762028968e-05,0.0007214769721031189
92,0.0004569465245261306,0.0005186872075789058,0.00017965957522392273,0.00018499714881750617,7.2646505423931e-05,1.8106773495674133e-05,0.00011966576717635513,2.912263776301408e-05,8.787959814071655e-06,4.865255651400474e-05,0.000317195363400663,0.00011411122977733612,0.00016143842915500306,0.0004298826617089302,8.033029735088348e-05,0.0001414104625376278,0.00042385562486293125,0.0005331821739673615
93,4.827523477357598e-05,0.0006446419146962819,0.00010091438889503479,0.0008213558758095318,6.301393177329112e-05,2.234242856502533e-05,0.00011884630180892045,1.3644236197262643e-05,4.630535840988159e-06,0.00033696497751274646,0.00011690058843997347,2.8771348297595978e-05,1.2161651301759169e-05,0.0004275671460321137,0.00010430067777633667,0.0006100890746256193,0.00023986396580416396,0.0003417879343032837
94,8.960708934527273e-05,0.0003262004554962575,0.0002851095050573349,0.0007388295622429708,0.00011030038422981878,0.0003686957061290741,3.917328320230534e-05,6.522951097267366e-06,5.147978663444519e-05,0.0006083692875128582,4.581844067540197e-05,0.0003620833158493042,1.1084119612772558e-05,0.0004904103208830876,0.000327451154589653,0.0009723212537173509,0.00017258332912037204,0.0007983148097991943
95,0.0004446327801792549,0.00019713975960619287,0.0006438978016376495,0.00037099118206443404,0.00013109510726776533,0.0007482562214136124,1.640606358999444e-05,2.024520448238936e-05,6.804615259170532e-05,0.0014199404886580322,0.00016464263925289324,0.00036168284714221954,0.0006648626869451141,0.00010647664457355543,0.00025301240384578705,0.00040173083151612277,0.0002640187233594691,0.0009613372385501862
96,1.3224930004440694e-06,2.8528605082837888e-06,0.0003527980297803879,0.0010211570795335412,4.165402259974707e-05,0.0003623291850090027,4.408420507277626e-05,2.04299466777609e-05,2.2366642951965332e-05,0.0009804172586799914,0.0003604358678426234,0.00012071710079908371,0.0009716439764221041,8.234687303965843e-05,7.804855704307556e-05,0.000265369362869583,0.000244919391390451,0.0003136061131954193
97,0.0003929366597261452,0.00015651525631878507,0.0004748441278934479,0.0007022581935956784,0.00010063798865404816,0.000412818044424057,2.8167935656428153e-05,1.8706323031275618e-05,6.495416164398193e-05,0.00034429007228391206,4.377847838796245e-05,0.00041162874549627304,1.5682631398228342e-06,2.3507589912697552e-05,0.0004913210868835449,0.0008725414648121099,0.0001534027218046824,0.0010821633040904999
98,0.000219284859831137,0.0001135805529043632,0.0004734601825475693,0.0004117639836759557,0.000345464133897376,0.0002519208937883377,3.3090141236639947e-07,3.966676436347014e-05,3.769621253013611e-05,0.0004295385850850847,0.0001446512686279211,0.00022650416940450668,3.27955240767841e-05,8.5317116265346e-06,0.00046335719525814056,0.0005687690261328704,0.0005622440257369889,0.0008198916912078857
99,0.0003930235639860724,9.574697418155212e-05,0.0001428648829460144,0.00022074641056410438,0.00016689330628062368,0.00016396306455135345,1.465128310288756e-05,3.6841695067399167e-06,2.316385507583618e-05,0.0007095399537741173,0.00013437279345247105,0.00018215738236904144,6.439157085709468e-05,0.00013874635977096164,0.0001904163509607315,0.00027874242383119086,6.669336744317446e-05,7.658824324607849e-05
100,0.0003768212408040983,0.0001423503065101049,0.000206872820854187,0.0005913012493397596,0.00025424641153642263,7.883459329605103e-05,2.3476264300952357e-05,1.6058656155092067e-05,2.4206936359405518e-05,5.0531660243817444e-05,3.0018066464715387e-05,8.496828377246857e-05,0.00013931708474169968,9.04511276656611e-06,0.00023514777421951294,0.0008998328612955797,0.0002852213791621396,0.0002597309648990631
101,0.0007001446231877928,0.00014375793069789505,0.0001462157815694809,1.4405854813909214e-05,0.00029679427341071374,1.298263669013977e-05,3.077742418111824e-05,1.8568255117055142e-05,4.336237907409668e-06,5.854842131689658e-05,0.0005464364494582666,3.890134394168854e-06,9.093542139479438e-05,0.00011942190538204167,0.00019573979079723358,0.0005089046109488515,0.00023956002623162602,6.135553121566772e-05
102,0.0006624313079177657,9.309517299651432e-05,0.00010811537504196167,4.67355128519753e-05,1.0046290844299699e-05,0.00015813112258911133,1.9129436282867146e-05,6.924273304782401e-06,7.554888725280762e-06,0.00021858651409704943,0.0003503558862413339,0.00019771046936511993,2.1625986647816342e-05,0.00019610531048931332,0.00025487877428531647,0.000790190469158486,0.0003068904294764342,0.00016197562217712402
103,0.0006794354461728824,0.00017436058342633343,7.586553692817688e-05,3.139386588385529e-05,3.065316809856833e-05,9.967014193534851e-06,7.818491286613535e-05,8.630661857915618e-06,5.580484867095947e-06,0.00022100035881714164,0.00031295644064328193,0.0002592196688055992,0.0001493232437206199,3.8656492808559345e-05,0.00035356171429157257,0.00032071105049119586,1.169219217216945e-05,0.00025108084082603455
104,0.00040718234054679114,0.00033613995014595763,0.00014562532305717468,0.0005138469404497303,0.00010819862843057526,3.0683353543281555e-05,6.474830717381058e-05,1.5698683101262592e-06,3.089383244514465e-05,0.00016168842171287306,0.00027511617672888733,0.0001504151150584221,0.00029279788580947874,0.00022131848501182397,0.00025798380374908447,0.00043590525053380236,9.911786481311101e-05,0.0005771182477474213
105,1.0942350006259982e-05,0.00024992360335491376,0.0002581365406513214,0.0006348155046610737,1.6068145478529555e-05,0.0002486035227775574,3.6372580303149077e-06,4.4210198158426556e-06,1.963600516319275e-05,0.0008341849816015656,0.00019873767798324338,1.9379891455173492e-05,0.0003278983627456322,0.00047503135943781014,5.505979061126709e-05,0.0003661376569718544,0.00020815045435205667,0.00028858333826065063
106,0.0003937455965268011,0.0001854767044553486,0.0006935931742191315,0.0003117348987147772,0.00020460229276918207,0.000756600871682167,4.3985676648639754e-05,1.036475395760632e-05,4.2982399463653564e-05,0.0007676093496857342,8.95003855302251e-05,0.00019309017807245255,0.0006232348625039297,0.00034509178652871245,8.143298327922821e-05,0.0008985982592544517,0.00014042200070595381,0.0007713548839092255
107,0.00032065771495806694,0.0004109667130456976,0.0006981585174798965,0.00011880372010034113,0.0005030194791458623,0.0004887990653514862,3.846658813033005e-05,3.119701467293372e-05,2.6419758796691895e-05,0.000858467660593637,0.0002873382252853787,5.3641386330127716e-05,0.00051847031443715,1.4041142265112244e-05,0.00019570812582969666,0.00040287734591973323,0.0004473553468182425,0.0002116188406944275
108,0.0006489297329826949,0.0002231771527728202,7.983483374118805e-05,0.0003946771627934831,0.00013572539006158,3.922171890735626e-05,1.623504474118284e-05,3.1596287864417254e-06,3.3721327781677246e-05,0.0007769073728024073,0.0007150974067701502,0.00039786938577890396,0.0006000810780355942,0.00015347098170449824,0.00021097809076309204,6.008533171378283e-05,0.00014359967421238677,0.0010080188512802124
109,0.0008271967523576784,2.0325694280072526e-06,4.653260111808777e-05,0.0001547986104226684,0.00015806293645776945,0.00023523159325122833,0.00010906603511420289,2.280691109100082e-05,1.0661780834197998e-05,0.00021615395464213288,0.0008405693399378689,1.0214745998382568e-05,0.00018329264847527504,0.0006793612820541022,0.00032273493707180023,0.0005526264781847146,0.0003709997831109566,0.0001112818717956543
110,0.0008463589023491314,0.0005692993911940863,0.0014890525490045547,0.0003336193404391563,0.000246387032517701,0.00048261694610118866,4.869443360289334e-05,0.00016525907951608475,8.431822061538696e-05,0.0014104194720835975,0.002340412036980974,7.853005081415176e-05,0.000792072330629473,0.0024380076442036165,0.0014311503618955612,0.0014994999871416337,0.0026998478335097647,0.0014125257730484009
111,0.001074827821855251,0.0002592173493433901,0.0008077491074800491,0.00010294692100107361,0.00021463317020012015,0.0003343280404806137,3.746488928315153e-06,6.0694983196500586e-05,2.4028122425079346e-05,0.0007137409578719875,0.0011013256698766197,0.00013961736112833023,0.0006522350242705865,0.000991241179159063,0.00048331357538700104,0.00016324424024102835,0.000795860052858437,0.0003945790231227875
112,0.000527404161575179,8.631730460367804e-06,6.0012564063072205e-05,0.0006183203518692892,0.00030733404222598945,0.0002414025366306305,1.4665738032442963e-05,6.075303687022831e-05,1.8998980522155762e-07,0.0003849628962721355,0.00027906653276607574,0.0002413364127278328,0.00035611043923670926,0.0003051184300560221,9.570270776748657e-05,0.0006312285519217142,0.0011252280754041923,0.00015652552247047424
113,6.682859871154356e-06,0.00017411479758067464,0.00018092431128025055,0.0004066484666988557,0.00018119247957542467,0.00028504058718681335,1.0747198026577962e-05,2.8289523270912087e-05,6.546452641487122e-05,0.0008430293826663313,5.565381695565863e-05,0.0010860608890652657,0.000550124108501221,0.000152414539154766,0.0009529273957014084,1.0242503360929911e-05,0.0004580678708935512,0.0017803236842155457
114,0.00012577160396520792,0.0009534936904743302,7.055141031742096e-05,0.00010424812797493743,0.00013056460892344607,4.522502422332764e-06,0.00010027012500407433,2.8917277810576675e-05,5.6140124797821045e-06,0.00038586016242694865,0.00017452899096941782,0.00014121923595666885,0.00037133063147849754,0.0004155388064675594,0.00011750496923923492,0.0017574850131233666,0.000514905826625979,0.0004922673106193542
115,0.0003346328871825788,0.0007337062402904791,0.0011335648596286774,0.0002531856067353455,0.00010280646968146082,0.0007909703999757767,5.773237390468977e-06,6.45142410714202e-05,2.862885594367981e-05,0.0006026917929895445,0.0011640899960550302,2.4711713194847107e-05,0.0005316921408530101,0.0012917783128339813,0.0005202367901802063,0.0016550369473330162,0.0010292812490605829,0.00035357847809791565
116,0.00040127544107762536,6.412900047730527e-05,0.00011747516691684723,0.0009839950369983086,0.00010817756316388108,5.104579031467438e-05,2.3512522289841423e-05,2.4240233639233203e-06,4.077330231666565e-05,0.0003203966881293249,0.0002990793003967013,4.7390349209308624e-05,0.00024014930458177153,0.00034035381196011877,2.0889565348625183e-05,0.0008543965524443753,3.573141947071923e-05,0.00017515942454338074
117,0.0010274296742112943,0.0005505721758686938,0.0010597631335258484,0.0022890027793953938,0.000150222747656064,0.0007655955851078033,1.9137155068517722e-05,9.490743070291732e-06,6.933137774467468e-05,0.001948329742038818,0.0006346963985632559,3.87243926525116e-06,0.002143844510388057,0.00011709124197183118,0.0005048960447311401,0.002187033262726512,0.00018476595546565444,7.150694727897644e-05
118,0.0011522431918632725,0.000139123641780068,0.0002924315631389618,0.0011075793485569585,2.136976233663157e-05,0.00028489530086517334,5.821736698522796e-05,1.6277254346386705e-05,2.7570873498916626e-05,0.0007676228569128418,4.208290123903363e-05,0.0006227931007742882,0.0008988312967236622,0.0003420444475520229,0.0005051903426647186,0.0009581130320066578,0.00015473067948557767,0.0012450255453586578
119,0.0008234198814631721,0.00011216486646896395,0.0007626861333847046,0.00045464271498588116,0.00013654080726789933,0.0007115062326192856,5.136753291769096e-05,1.335077896400937e-05,9.175390005111694e-05,0.0011148403087179806,4.750136664529586e-05,0.0007186047732830048,0.001168026378242093,0.00025657721617549853,0.0007651392370462418,0.0022582051689820637,0.0002602784896618641,0.001352120190858841
120,0.0004529378878073975,0.00034556760077939994,0.00021699629724025726,0.001207704485138822,7.791225093722182e-05,0.0001256316900253296,1.0534314189724128e-05,2.710436866193845e-05,6.61797821521759e-05,0.0010371365623449286,0.000613609937486749,0.0006535472348332405,0.0010628741653915669,0.00024199706967312565,0.0008528176695108414,0.0007191247567110148,0.0005053595661711624,0.0011501461267471313
121,7.122140465540272e-05,0.00045332366823336995,0.00010219588875770569,0.000759743313704514,0.00011904656475252712,7.366947829723358e-05,3.6917194459338415e-05,1.0301905782029237e-05,1.2889504432678223e-06,0.0004427557902260196,0.00015591501948302583,3.2028183341026306e-05,0.00034342668837338,0.0003595594010237582,6.808899343013763e-05,0.0007880195458985773,0.00017393740437289876,0.00028983503580093384
122,0.0001362934159721274,0.0001937192263737099,1.4007091522216797e-06,0.00028287525169337635,0.00019625382768188523,0.0002729389816522598,9.056092397349488e-05,5.024164816652297e-05,1.9028782844543457e-05,6.272935924247353e-05,0.0007469649889822461,0.0003429241478443146,0.0003304544256166886,0.0002747110682287113,0.0007506478577852249,0.00036748411724199515,0.0009462320231418582,0.0005612298846244812
123,0.0007438110534579434,0.0005757107445443221,0.00013828836381435394,8.084440740457888e-05,0.0004642826701896745,0.0001781061291694641,2.485250178952368e-05,1.2466768873356624e-05,1.4163553714752197e-05,1.3809140487527904e-05,8.982119329574434e-05,6.395764648914337e-05,3.1985148261734486e-05,0.0006905377052011698,3.719702363014221e-06,0.0005338633543162663,3.2248437071592806e-07,0.00025824829936027527
124,0.0008218069328820854,0.0006925036070611935,0.0005569066852331161,0.0002100128140460067,0.00042301388660913666,0.0006878655403852463,7.787447136693541e-05,3.4285459416183916e-05,5.737319588661194e-05,3.2467246605591416e-06,0.0006053529928224111,0.0004963641986250877,0.00026861636125904975,0.001014752906170962,0.00026183947920799255,3.586849036460449e-05,0.000543562716522273,0.0012763813138008118
125,0.00027980691225440446,0.00037397330484808394,0.00034951232373714447,8.408740484350252e-05,0.000359971137102566,0.000685766339302063,5.965165359608435e-05,6.06225089163859e-05,2.5160610675811768e-05,0.0005201800703055134,0.00110658234784506,0.00029690563678741455,0.00020362247871659467,0.0009415979167967728,0.00019123032689094543,0.0006415280835042891,0.0009829773848924594,0.0008630566298961639
126,7.053121463873602e-05,0.0003674611718566742,7.659755647182465e-05,5.589226128530078e-05,0.00018205687756646036,1.4619901776313782e-05,8.048587603821586e-06,4.072951604335603e-05,2.5480985641479492e-06,0.001065298734464884,0.000753685596078052,0.00043087638914585114,0.00024291224314136606,0.0008287623464042528,0.0006412211805582047,0.0007804897851466097,0.0006505127345115512,0.00039797648787498474
127,0.0012222979591430816,0.0002780697280719627,0.0003987681120634079,0.0009149858332102023,0.0005486442793748228,0.00021192431449890137,3.938654329373875e-06,1.2041817461955944e-05,1.556798815727234e-05,0.001607360909245334,0.00024159078450596005,8.151587098836899e-05,0.0012329778710332417,0.00032406302891872796,0.00037802569568157196,0.00184129954102355,6.043506041695894e-05,2.5134533643722534e-05
128,0.0001693150419647682,0.0001840930744693367,0.0006445199251174927,7.800070133143211e-05,0.0001336146457141356,0.0003809090703725815,7.79159268539907e-06,3.368083892471498e-05,5.680695176124573e-05,0.00035228327687242267,1.1068092330410173e-05,0.0002521863207221031,0.00018375523612791655,0.0002950748275798651,0.0005872342735528946,0.0004185495552602725,0.0004549659178295501,0.0011422038078308105
129,0.0012647763361833264,0.00020982928796238823,0.0005021598190069199,0.0011276700083963642,0.00042687392002224017,0.00039038993418216705,0.00010914960681934066,7.776446457934344e-06,7.534399628639221e-05,5.493834095442185e-05,0.0001940724397121868,0.0004841294139623642,0.00013991952080552594,0.0006610752077842175,0.0007010716944932938,0.0011266955025288627,0.0001508045472023642,0.0016265958547592163
130,0.0001816304352311171,8.25563280820972e-05,0.00023482739925384521,0.0010043552656591181,0.0005667195889578411,0.0002782866358757019,5.364338119463567e-05,3.6086366080948385e-05,4.414469003677368e-06,0.00012498025027923854,9.821861824233641e-05,2.8487294912338257e-05,0.00015391416372469852,7.501695735747174e-05,6.784684956073761e-05,0.00013771707211007733,0.000741361248497276,0.00020859763026237488
131,0.0003919101997847396,9.314976875770056e-05,0.00021560490131378174,0.00023068771352413586,0.0005779607955649566,0.00012400001287460327,1.126985871941974e-05,5.56912330293769e-05,1.3172626495361328e-05,0.0003483660219302312,0.001229454904329512,6.728526204824448e-05,0.0005095839820443773,0.0011522920992034363,0.00023357011377811432,5.122864967888052e-05,0.0009806780233419122,0.0007182620465755463
132,0.0004097735467580854,0.00021279609474317285,0.0001663360744714737,0.0004884025881305432,0.0004109379594879163,0.00022682175040245056,3.303816886283083e-05,2.227797348907756e-05,3.180280327796936e-05,0.0006132619679352566,0.0004819852934090374,0.0002775872126221657,9.76352966504182e-05,0.0007234339923900893,0.0002653989940881729,0.00040438596173333896,0.00040601277536640376,3.0957162380218506e-05
133,0.0003594263486344784,3.670064937669887e-05,0.00018082745373249054,0.0005248415976505383,0.00011483171618371577,0.00011251121759414673,4.65989852118983e-05,7.78676735263854e-07,2.841651439666748e-05,0.00040656672899855306,0.0003310511771823302,0.00012725219130516052,8.710557464400998e-05,0.0004724380093582628,0.00014635734260082245,7.084268214199718e-05,0.00021768095427983185,0.00012976676225662231
134,0.0007333734467796782,8.205348789610753e-05,8.503533899784088e-05,0.00042317661604265866,0.00015928198454497056,8.352100849151611e-06,2.0264139116167243e-05,2.2981047406698727e-05,3.7997961044311523e-07,0.000521477574326433,8.316505069982938e-05,0.00043404288589954376,0.0007208013310441436,0.0007706447066497882,0.0002575758844614029,0.0005365045170628857,0.0003389726059216669,0.0003033652901649475
135,0.0007359557699839758,0.0002960115569299107,0.000345742329955101,0.0010031379761810955,0.00014962409161793297,0.00019652396440505981,1.587583019024147e-05,1.2225578908141082e-06,1.9218772649765015e-05,0.0010467450140081436,3.6595606006044334e-05,0.0001583695411682129,0.0011889969495577357,0.00020213543805699952,0.00033020414412021637,0.0012472599450125965,2.6890025897407382e-05,0.00025056302547454834
136,0.0023663755473404546,0.00025756120446624245,8.347444236278534e-05,0.0024096396931266584,0.0010588134805910067,0.00023484043776988983,0.00012774693266607608,5.246669217358812e-06,0.0001501627266407013,0.00025755519843538577,3.195109946505653e-05,0.00151091068983078,0.00045682437270998244,0.0001356047034857602,0.0018238164484500885,0.0007535741787587646,0.0001444938405708307,0.0032113119959831238
137,0.0020658380095046336,0.0018996544514757081,0.0014801882207393646,0.0015099387313591284,0.00025417007572452535,0.0018373895436525345,0.00027648510221886524,7.845369513298983e-05,9.254738688468933e-05,0.002162304393478344,0.0008548282900573828,9.267125278711319e-05,0.0030938429060892725,0.0010433192440108124,0.0003504417836666107,0.000861683442999639,0.0009410232651270514,0.0012459605932235718
138,0.003584987486790092,0.0010983619857387293,0.0006120279431343079,0.00029093002638391763,0.0005159459574441798,0.00014555826783180237,0.0001561236157999451,9.11750868259777e-05,0.00010610371828079224,0.0005077632488085723,0.0011372280020606126,0.0014675958082079887,0.0014990681245528326,0.0018466344827817033,0.002146489918231964,6.820376203386935e-05,0.001724412377228141,0.0028356239199638367
139,0.0027296776649495536,0.000304717450162105,0.001313304528594017,0.0011762179032706876,0.0006264948415113554,0.0012997668236494064,0.00025645664581145505,5.307151387398321e-05,1.8358230590820312e-05,0.00048555332925430406,0.00032528742112395564,0.00011412706226110458,0.0004731455419335201,0.0013262402940677383,8.101947605609894e-05,0.00026082661564064136,0.001393946031464437,0.0006674416363239288
140,0.000261229431156057,8.933821598923475e-06,0.00016732513904571533,0.00035060120611890566,0.00017334360188618267,0.0001112222671508789,1.0374120118832042e-05,1.4098912723195132e-05,9.611248970031738e-07,2.3389205929508217e-05,0.00019141943073632678,0.0005723936483263969,0.0005947564867662888,0.0002638419877535707,0.0005712136626243591,0.0023737438044165726,4.5572034928161725e-05,0.0003912821412086487
141,0.0004679230603056306,0.00045928780406656253,0.0011432114988565445,0.0019173727995931977,0.00017651472958225833,0.00125056691467762,0.00012005290112244646,7.249273807577341e-05,0.00010149925947189331,0.0022388527067504216,0.0005741078336423538,0.0003690449520945549,0.003519656055921666,0.000848300958074609,0.00022357143461704254,0.001144264716391813,0.0012025119586582186,0.0013826265931129456
142,0.0003672844697859834,9.1750251159161e-05,0.0009186454117298126,0.0007494062662785628,9.732975216166645e-06,0.0009384546428918839,4.6950489123159106e-05,4.542577467262876e-05,7.821992039680481e-05,0.0008307443705635742,0.0006901532188867965,0.000764516182243824,0.0009078822289245517,0.0005913209960679497,0.0007777120918035507,0.0002883297059459722,0.0008402594188675217,0.001212477684020996
143,0.0006754746135390899,0.00014076959594471958,8.950196206569672e-05,0.0005795326301658577,0.00010524967287836237,6.81411474943161e-05,8.437753548043089e-05,1.5967060533974187e-05,4.751235246658325e-05,0.00041814864418394937,5.9611408341424255e-05,0.0003749299794435501,1.953408058459616e-05,6.11461611351935e-06,0.0005602538585662842,0.0006825399723937586,0.0002587645236536932,0.0009475797414779663
144,0.0016157935452157102,0.0003241330734956513,0.00047398731112480164,0.0009149504708328704,0.0001287415154760732,0.000339241698384285,7.403296017228188e-05,1.1925789475606286e-05,2.1979212760925293e-06,0.0004243993390353612,0.00030490092560341714,0.00031398795545101166,0.0004044944645337639,0.00013459455075457913,7.483549416065216e-05,0.0006807925656229508,2.6299548848179172e-05,0.0001992247998714447
145,0.00026512473910328405,0.0005394297494113014,8.574128150939941e-05,0.00012083490953346265,0.00013244773295521817,0.00016758404672145844,4.366970826044127e-05,6.237855182028519e-05,1.8015503883361816e-05,0.0005998927027549492,0.000769629752280454,0.0001943623647093773,0.0004358630843138214,0.001244424545759966,0.0002019200474023819,0.00015892755330909614,0.0008810874744189581,0.00013660266995429993
146,0.0007641697978441053,6.090968890035478e-05,0.0008240025490522385,0.0005060735700269381,4.1578917792450126e-05,0.0008907895535230637,4.853546507593495e-06,2.875666751313917e-05,8.259713649749756e-05,0.00016514309387438003,0.0013892295306588073,0.0010791216045618057,0.0004889367930875008,0.0005765957692592458,0.0008660238236188889,0.0004942352776277359,0.0004152504916886731,0.0018725581467151642
147,0.0003513399274707174,0.0009656597854551183,0.0008872393518686295,0.000596883351956401,0.0002885912814191635,0.0006605032831430435,0.0001082701832780305,3.170649748983649e-05,4.38690185546875e-05,0.00030166328276307053,0.0007579990073943721,0.00030286889523267746,0.00017840575974888834,0.0007170202241443789,3.563053905963898e-05,0.0009928500283486186,0.0005320624304323302,0.0007134974002838135
148,0.0009487595312563935,0.00044259063695155365,0.00010062195360660553,0.0004798239805263449,9.82060696030837e-05,0.00037375837564468384,6.158527678860361e-05,2.2815780655466734e-05,3.2573938369750977e-05,0.000334878570629471,0.0009126256073783007,0.00046632345765829086,0.00020816302545756393,0.0006276552307821343,0.0008256770670413971,0.00015664750230112712,0.0004643766610730009,0.0006930828094482422
149,0.0018848087611507414,0.0007926810497000877,0.00019679777324199677,0.0003360554145614425,0.0001224882901479478,6.798654794692993e-06,6.032009482893376e-05,3.3378207582456356e-05,5.35622239112854e-05,0.00016770786217140676,0.00038415576537983304,0.0007629618048667908,0.00017528166502595727,0.00024472287143703295,0.0005488116294145584,0.0012519116706999067,0.0004484661624160821,0.0010377801954746246
150,3.4029148469255643e-05,0.0001665257819643655,0.0002502724528312683,0.0004933254405888876,0.00026774635355679074,0.00034911371767520905,4.553299065296161e-05,4.310774802575063e-05,2.5462359189987183e-05,0.0003418736584890336,0.0007775762263945857,0.0008347528055310249,0.0006777179830394081,0.0006252367395583533,0.0007097870111465454,0.002049874084335407,0.0007138516130212897,0.0009736679494380951
151,0.00037880813971724603,0.00040186283949959767,0.0004370883107185364,0.0005972320285614896,0.00044484066442361525,0.0005625709891319275,6.472500652715714e-05,2.4428966834947772e-05,9.991228580474854e-05,0.0001839276904511411,2.926291137634457e-05,0.0004966026172041893,5.689908867313048e-05,0.000518434613442996,0.0003387685865163803,0.001557625966567694,0.0002981694491976713,0.0013523846864700317
152,0.0005073172222296862,8.871841330703595e-06,0.0006437376141548157,0.0003796262622135227,0.0003468648827016606,0.0008840356022119522,0.00019893678852540495,3.6649818728808525e-05,0.00013648346066474915,0.0005741215722463652,0.0001005397191323823,0.0007237577810883522,0.0010448810441205936,0.00013597935862454114,0.00033813342452049255,0.0019269693211285133,0.0004918872337545642,0.002026531845331192
153,0.00040864524796360713,0.0003100994224405733,0.0014833267778158188,0.0005225154624626527,8.857611896957024e-05,0.0014996863901615143,0.0003235218545721598,2.4206363095293122e-06,0.00014885514974594116,0.00013656780070519375,3.067674935897102e-05,0.0007050866261124611,7.88790372616005e-05,0.00021718393336388545,0.000589931383728981,0.0021321610804236613,3.6083542013589515e-05,0.0030103102326393127
154,0.00027673701578129206,0.0003694556456927088,0.00045363232493400574,0.00032764522971961973,0.00014019327667377443,0.0007310360670089722,0.00012788857785305842,2.3469932265382867e-05,6.450340151786804e-05,0.00015997210822467356,1.8915001314623314e-05,0.0006499281153082848,0.0003554216598181323,7.79333769462022e-05,0.0002270229160785675,0.00016941145625196108,0.0004707126491298244,0.001012016087770462
155,0.0017055500684078073,0.00020458244804525197,0.0005504190921783447,0.0012948901548920089,7.21486828906652e-05,0.0005957521498203278,2.2392508323117524e-05,2.4096472877009395e-05,5.214288830757141e-05,0.000324020397596457,0.00021701085941294024,0.0003221975639462471,0.0006480254235769617,0.0004472354590116072,0.00020456314086914062,0.000489386406249348,0.000543701048754161,0.0005468651652336121
156,0.0007588701751558846,0.0003201696373483359,3.238767385482788e-05,8.583064584982703e-06,8.898663078792807e-05,0.0002040620893239975,6.113319020626361e-05,3.185111544634601e-05,1.5683472156524658e-05,0.0002680410148317089,0.0007137706665876487,8.24974849820137e-05,8.406490666416216e-05,0.0004904177111901067,0.0001374129205942154,0.0009070984419348727,0.0006119570000388298,0.000301361083984375
157,0.0005910343806085072,0.00017248584781819412,7.638521492481232e-05,4.902837288101036e-07,2.8913334673124486e-05,0.00023139826953411102,0.00010335189950687676,8.589430466025274e-06,2.387911081314087e-06,0.00037855302420519016,0.00018680519363397513,5.528423935174942e-05,0.0003449721180929094,9.60432161542929e-05,0.00035607069730758667,0.0007876697989947501,4.010307470040525e-05,0.0001821182668209076
158,0.0002929747874603206,0.0004441541116264984,4.3472275137901306e-05,0.0008381757894804776,0.0004422465507746588,2.6348978281021118e-05,2.3388456545385752e-05,3.0537129038193944e-05,5.235150456428528e-05,1.01325480379999e-05,0.0006561319641260402,0.0006152605637907982,0.00021229990565421047,0.000645200776114116,0.0006179790943861008,0.0008620321918369478,0.0004526919925921125,0.0009018220007419586
159,0.001305501321214042,0.0002796593904632605,0.00018510594964027405,0.0007316064087107277,4.526824483539263e-05,0.00028682127594947815,4.6711060825615006e-05,1.628090960570025e-05,5.561858415603638e-06,0.0009620688317088372,0.00023880644034469933,4.969444125890732e-05,0.0009014816479358395,0.00014628876981724256,0.00023427791893482208,0.0008151788702269736,0.0004153695515118419,0.00023867934942245483
160,0.0006152739381947436,0.00012760694941601688,0.00037633441388607025,0.00019836418386501298,0.00016548701918213046,0.00029755569994449615,0.00012936312965144622,4.208173129514859e-06,4.3157488107681274e-05,0.0007823573176587648,4.513063690088359e-05,0.00010811444371938705,0.00114452351981046,0.0003543803001153506,0.00015320256352424622,0.00016597543433163886,8.911413751385745e-05,0.000822070986032486
161,0.0011268810885591563,0.0003465427230043214,0.0006448253989219666,7.871126967873288e-05,0.0005205368378428978,0.0004713907837867737,2.107316214623213e-05,5.363824007361426e-05,1.280754804611206e-05,0.00032708375636151393,0.0008146407909103634,0.0006300676614046097,0.0001935709576602468,0.0008008897588760513,0.0003596823662519455,2.436057635973876e-05,0.0007629514875962286,0.0009251050651073456
162,0.0010462403878775117,0.00023517385960093382,0.00016069412231445312,8.472564639191993e-05,0.00014294499333593336,4.955194890499115e-05,8.221849256598475e-05,3.276321547419664e-05,1.4055520296096802e-05,0.0001036199810016264,0.0003400016693399163,0.00010701827704906464,3.760952687704294e-05,0.000286197822928623,7.568113505840302e-05,0.00034444829880966865,0.0007061815093312683,7.68899917602539e-05
163,0.0009217959640179241,6.901080179875715e-05,1.163966953754425e-05,0.0006459891949584795,0.0004007904952648758,1.9371509552001953e-05,0.00013039452935053805,5.383369460895118e-06,9.190291166305542e-06,0.0004231011184723729,0.00027792834873027056,0.0005243560299277306,8.048379342246587e-05,0.0005125525465820326,0.0006607417017221451,0.0013651539885106978,5.11571317070858e-05,7.270649075508118e-05
164,0.0013489588125194796,6.431196726613617e-05,0.0005196649581193924,0.0011596452679588642,0.0002867773370891259,0.0004532579332590103,4.03107879874999e-05,1.167405677115021e-05,6.056949496269226e-05,0.0008975144129513279,0.0005304433713986187,0.000312071293592453,0.0010364518781316653,0.0005098389667516044,0.00038604438304901123,0.0020964406294644577,9.597422841450994e-05,0.001188483089208603
165,0.0016223642073839306,0.00010815227431250005,0.0001361798495054245,8.259626695461542e-05,4.336720942236735e-05,8.836761116981506e-05,0.00010453338032629864,7.595989066104731e-06,5.577877163887024e-05,6.159930209839737e-05,0.00039724466325331137,0.0003349529579281807,0.0005947557201959955,0.0006974871510906852,0.00028653815388679504,0.0020242987907385934,0.00010503316228318259,0.0009563453495502472
166,0.000823752638805797,7.90992482856967e-05,0.00017138011753559113,0.0002906472027444096,0.00012752174834001692,3.5800039768218994e-05,6.732475685615642e-05,1.900421800957869e-05,7.987022399902344e-06,0.0006199585325135648,0.0008912777380633563,0.0006110323593020439,0.0001299382872336427,0.00040353445459908113,0.0009816139936447144,0.001769588061818761,0.0006287964134989946,0.00020636245608329773
167,0.0009396509310688195,0.00017679144813774125,0.0006401315331459045,0.00011566389239431318,0.00013911128127677697,0.0006311461329460144,0.00012061470314521025,4.066631788824293e-05,6.66491687297821e-05,0.00036664413659946715,0.0010651459551102305,0.0003290316089987755,3.235684394056054e-05,0.000593378197401951,0.0004330463707447052,0.0004400720531823332,0.00089290911473483,0.0004176683723926544
168,0.0003924670425815846,0.00022729275627925843,0.00028661638498306274,0.0004945318696089329,0.00029009178690381915,0.00040646083652973175,6.785654595235953e-05,4.219772001949921e-05,3.378093242645264e-05,0.0005022605128191318,0.0008501940846739192,2.103857696056366e-06,7.750896639344834e-05,0.0003080341333552353,0.00022349879145622253,0.0006167075729652249,0.0007922850293770808,0.0005103126168251038
169,7.510485826645041e-05,0.00014982767399429955,0.0002413131296634674,0.0010132005128418164,0.00017083912302261195,0.00020203553140163422,3.558477572324602e-05,1.7840375393195673e-05,4.9620866775512695e-06,6.31221187064393e-05,0.000309554802211183,0.0005360189825296402,0.00015616406877784483,0.00020559977815517647,0.0005694981664419174,0.0022978353001500973,0.0001989958741748423,0.0006335526704788208
170,3.6674521203122756e-05,0.00048622559878022664,0.00028252601623535156,0.0001660844492107072,3.0054813149178045e-05,0.0002960599958896637,3.559873144121442e-06,1.832301831176681e-05,3.742054104804993e-05,0.00022279381269581927,0.0005038302700996963,0.0007383730262517929,0.0006346900059049573,0.00037305196404442686,0.0007672291249036789,0.003448410887494008,0.0006695592275928648,0.000456344336271286
171,0.0001506706866098162,0.00017418765319182627,6.950646638870239e-05,0.0009120364246224533,0.00015542116972558015,0.00019792839884757996,4.262025227347657e-06,4.185297028496044e-05,2.138689160346985e-05,0.00040703841027971144,0.001126998623698229,0.00019645970314741135,0.0005075470660724848,0.00011557761442077333,0.00011578388512134552,0.0019403242261200604,0.0011100403103705588,0.0006109662353992462
172,0.001369382415170678,0.0008916009827911221,0.000898752361536026,0.0013946666793177853,0.0003036119671363073,0.0005874596536159515,1.712305423317781e-05,5.1874424543427904e-05,5.130469799041748e-05,0.0009617290532155445,0.0015139222780026426,9.726453572511673e-05,0.000813499383342263,0.00038443334422481185,0.0005684327334165573,0.00019797998588730326,0.0013498805623328065,0.0006713010370731354
173,0.0007890498261039491,0.00025188427726697757,0.00018900074064731598,0.0003702536519423205,0.00019248005625059628,2.7783215045928955e-05,3.85612079011749e-05,6.218099627987609e-06,1.103430986404419e-05,0.000610142181452826,0.0002687031940167353,5.038641393184662e-05,6.275145314298819e-05,0.000192106365694885,0.0001085624098777771,8.059265919432845e-05,0.0002415573102986547,3.8351863622665405e-05
174,5.7829340457060674e-05,0.00029127596693367605,0.0009221192449331284,0.00013738143070740616,0.00017157595770946055,0.0010870881378650665,0.00014603803561612227,2.6761965591060814e-06,6.381049752235413e-05,0.0005035096529751523,0.00014967963536625245,0.00036294758319854736,0.0006899450705294477,0.00025832640075359667,0.00014936737716197968,0.0008788525843731465,2.684474421358468e-05,0.0009300410747528076
175,0.0006639083642547838,0.0001683941337958031,0.00012956373393535614,0.0009545660445385573,0.0001461763617182192,0.00023840367794036865,7.565728735224944e-05,4.2417237944446804e-05,1.589953899383545e-05,0.00021593930682603513,0.0007414735744908571,3.814138472080231e-05,0.0006829019595470526,0.0009917073469554519,0.0005745328962802887,0.0007509781611677036,0.0008874178116065178,0.00023028254508972168
176,0.0009027093761538318,0.00015309833517847954,0.0008824784308671951,0.00031954949499779506,6.0528236371582694e-05,0.0004815496504306793,6.401270798613024e-05,4.566709234136491e-05,4.025176167488098e-05,0.0008156483063126857,0.0007365566826550499,0.0004943497478961945,2.2010651463205688e-05,0.0008985305628099113,0.0009030792862176895,0.00011500915022785718,0.0010077115300824377,0.0009848810732364655
177,0.000368075374128779,0.0004822257496271201,0.0006872136145830154,0.000477154220257181,2.8060740396636252e-05,0.0007210336625576019,8.71533955374218e-05,2.347102232169631e-05,1.2882053852081299e-05,0.0007750110172647234,0.00033812951601051855,0.00045756716281175613,0.00037730780318027957,5.524494326792154e-05,0.0004226118326187134,0.0009008251333919304,0.0002375267367019651,0.0005127750337123871
178,0.0005137197824441608,0.00012596538439540658,0.00042798370122909546,0.00030881023671622265,0.00039120873779371207,0.0007261335849761963,2.7484160179704065e-05,6.736113949433486e-05,2.2377818822860718e-05,0.0006843443810342284,0.0008945328500867891,0.0004900721833109856,0.0005809000435534062,0.00042726135092840956,3.847852349281311e-05,0.0004200995205029534,0.0008835684944673607,0.0003470107913017273
179,0.0013563977791729298,0.0005860846543184577,0.00037562474608421326,0.00034753934814019116,0.000397344395538176,0.0007051490247249603,0.00018759745589803922,6.375502754313799e-05,4.851818084716797e-05,0.0001102700558523878,0.0011142890093120694,0.0004860740154981613,0.000385234879134784,0.0012172945156107562,6.63362443447113e-05,0.0005298357081685301,0.0008181392823233911,0.0009792633354663849
180,0.0005306420848881221,0.00014726326783571358,1.5897676348686218e-05,5.539240691754266e-05,0.0003251145863219021,0.00011572986841201782,5.768204050614345e-05,1.8009104751624404e-05,3.058090806007385e-05,0.0002361812791087728,3.9879900921878375e-05,0.0003514941781759262,0.0003214942153773187,4.3167392774334096e-05,0.0001509450376033783,0.00022351107464427256,0.000396331675938711,0.0009209960699081421
181,0.0001664994170339773,0.0005438672564233617,0.00016807019710540771,0.0006774685409234038,0.0004365219887633026,0.0002641044557094574,6.822036066529355e-05,3.4423602678242387e-06,8.50483775138855e-06,8.518499790391432e-05,5.50347720381511e-06,6.997119635343552e-05,3.6882808636264086e-05,0.0006147300532783964,0.0001986175775527954,0.0017572013208012605,9.077531143439344e-05,0.0004054754972457886
182,0.0003461731130630086,0.0009355038449006398,8.828938007354736e-06,0.0005961407467043878,0.0003809102312799552,5.228444933891296e-06,8.693779736595325e-06,1.3520232206818165e-05,3.426894545555115e-05,0.00010650564508277172,5.5638255081882915e-05,0.0001679016277194023,0.00019952107875438607,0.0005343413060329288,0.00015475042164325714,0.001969411978166219,0.00012386650385234378,0.0005653537809848785
183,0.0006695365172521284,0.0003524219511070667,0.00038901716470718384,0.0012786955033100011,0.0001373306901827874,0.00013113394379615784,0.00010393159820293665,2.0956254708104794e-05,2.3245811462402344e-06,0.00010468582403103804,0.0005363979096584398,0.00019711069762706757,0.00024289019935118394,0.00040615725658384866,0.00015750527381896973,0.0005096426563032108,0.0006436213357177093,3.6772340536117554e-05
184,3.389410241330659e-05,5.667694960740169e-05,9.2359259724617e-05,0.0004845580135982297,0.00019321501784934011,0.00017269141972064972,9.302188043609771e-05,3.88696451591162e-06,3.505498170852661e-06,7.386786527025652e-05,0.000150013935869088,0.00010744575411081314,1.7196755938975183e-06,0.0005878940358226697,5.96754252910614e-05,0.0007626291015094266,0.0003149552010588523,8.039548993110657e-05
185,0.00046516457929066113,0.00043392019306214,0.0005443617701530457,0.00029663824335376954,0.00021220481817980918,0.0005868170410394669,2.960898344820523e-05,6.622454722069425e-06,4.005804657936096e-05,0.00024310178441974,0.00020718709423998144,0.0003344770520925522,0.000337232652239651,0.00028034417677146733,0.00041464902460575104,0.0008226979917800858,0.0002570966104612181,0.00070137158036232
186,0.0007719002128566133,0.00030672615550471,0.0007605906575918198,0.00012643428480338392,8.819630663036912e-05,0.0009729247540235519,7.649720506778743e-05,2.1698398745210144e-05,6.726384162902832e-05,0.0002759354929723276,9.625362327397163e-05,0.0005736434832215309,0.00017459691582333292,0.000471571632223243,0.0003888700157403946,0.0018490719674824352,5.045437443292923e-05,0.0008619986474514008
187,0.0003989366004990835,0.0003318247356411848,0.0007613059133291245,0.0007644836014667755,0.00010377795894548833,0.0009285975247621536,9.872554182607449e-05,4.3838362333603153e-05,3.1299889087677e-05,0.0004183736161478199,9.921091452349401e-05,0.0001015104353427887,0.00031338544561333725,0.0005085838895056288,7.965415716171265e-05,0.0025690314398426617,0.00045469294067729954,8.79429280757904e-05
188,5.9970518778484916e-05,0.0006058977569485154,0.00011986307799816132,0.0012236311460228633,7.247235717127917e-05,0.00019272416830062866,3.482843501964247e-05,6.607474641013742e-05,4.572421312332153e-05,0.0001592584397113253,0.0005754931790397655,0.0003560604527592659,6.984206603083409e-06,0.0014399358893102017,0.0004888903349637985,0.0024359194313969823,0.000674426813063244,0.0010706521570682526
189,0.0005099346681543271,0.0008452977875747433,0.0003926791250705719,0.000524886864744667,0.0004255536073782505,0.00010559894144535065,4.6084661133108384e-05,9.655305022781028e-06,8.702278137207031e-06,0.0007338433769799313,0.0004168391880787631,0.0001371372491121292,0.0004931934871829566,0.00037063848565814517,0.0007706824690103531,0.002468239988063836,0.0004006250802228682,5.7913362979888916e-05
190,0.0005602405088601381,0.0007509121059048503,0.00021634064614772797,0.00019691901954155266,8.540721868159976e-05,7.675029337406158e-05,4.066681036881195e-05,8.877762526802242e-06,2.1532177925109863e-05,1.7812461005468905e-05,3.0565982201385955e-05,0.0005531208589673042,0.0005565073056660527,0.0001185948167295274,0.0010251682251691818,0.001877554899231637,0.00025467493968643097,0.0007632523775100708
191,0.0007490732104918074,0.0005897648460117672,0.0005625355988740921,0.0007140303823381378,0.0005431013484606846,0.0004192255437374115,0.00011692750053991091,4.803663766770748e-05,4.891306161880493e-06,0.0013300544618422838,0.0009904602230921544,0.0005056122317910194,0.0009263409147595852,0.0017868446552619446,0.00035092979669570923,0.002399322155336947,0.0006540300380770726,7.938966155052185e-05
192,0.000397150738755625,0.0006151191297247317,0.0008021164685487747,0.0018801039711009437,0.00019811382747809275,0.0007204152643680573,0.00016937802261279833,3.35189579233413e-05,0.00011789798736572266,0.000158365050125793,1.5797567955513903e-05,0.0013089543208479881,0.00013210208810957025,0.0008532496017893895,0.0013113990426063538,0.0017541219301152877,0.00048445081378546175,0.00297735258936882
193,0.0003187718359472236,3.6372169072096394e-05,0.00061020627617836,0.001617011976045607,5.494108241179546e-05,5.8341771364212036e-05,7.707471894340123e-05,0.00010492519643071985,3.9149075746536255e-05,0.0023479133445577574,0.0029459204801318556,0.00116786640137434,0.0017769622043472405,0.0010185225563531554,0.0004220642149448395,0.0049605521032395905,0.001661667887222511,0.0015112198889255524
194,0.0007227389728135525,0.00044422634024420676,0.00011735036969184875,0.001852491460705763,6.685612183352993e-05,0.00012638606131076813,5.1495739515693834e-05,4.9248012186298086e-05,9.909272193908691e-07,0.0024779088397954008,0.0006893513709455013,0.0016992036253213882,0.002414964408246567,0.0013814743819438938,0.0017315726727247238,0.002972495282528298,0.000665527159933359,0.003334764391183853
195,0.0009497433161866076,0.0005007725705939992,0.0006924793124198914,0.00045419212294450784,6.038454280098138e-05,0.00035067275166511536,9.536225158299216e-06,0.00010000509500738056,1.3582408428192139e-05,0.001657823534964277,0.0008994548341429362,0.001187576912343502,0.0013588558863954076,0.0018332308462222398,0.0006463434547185898,0.002845309513679395,0.0014054074677780914,0.0007905550301074982
196,0.00022907584521750235,0.00041585319884132957,0.0005023591220378876,0.00019580202144994785,0.0006748627391872201,0.0008446276187896729,0.00010226322458548737,6.370048327316398e-05,8.431822061538696e-05,0.0013387827534615745,0.000761733671235082,0.00010917708277702332,0.0008231477747859262,0.0016769916236224237,0.00038496777415275574,0.00011086226221393436,0.0009946245969585325,0.0007971674203872681
197,0.001692242302567648,0.0002575949010607259,0.00013029389083385468,0.0011544097243640639,0.0007265036537378519,7.403828203678131e-05,0.0001537804518582063,2.963010245809203e-05,4.784390330314636e-05,0.00114532473445738,0.0008791817556184703,0.000524032860994339,0.00037876681865629813,0.0002668695937418364,0.0003767479211091995,0.0007978947949793813,0.0008150697872288115,0.0004105083644390106
198,0.001074102534664334,0.0004304634863575643,0.00019504502415657043,0.0004959227875115657,0.0002045597220899087,5.646049976348877e-05,9.060903773116039e-05,5.181012379599408e-05,2.466142177581787e-06,0.00011947116752970832,0.0016074125732586375,8.242204785346985e-05,3.2337459419842784e-05,0.00028892064850395,0.00010014884173870087,0.0005130681128316106,0.0010996868251344667,4.999712109565735e-05
199,0.0012827979769155229,0.0012475625450993622,0.00010651722550392151,0.0018150210622848717,0.00026552233698440633,0.0003490261733531952,0.0001427856869446638,4.659890590179327e-05,3.921613097190857e-05,4.0792417523673186e-05,0.0004580534899887509,0.00021832063794136047,0.00041696748944855533,0.001240838714699738,0.0002718660980463028,0.0002450138827300996,0.0006289452885352102,0.00019294768571853638
200,0.001589854549621822,0.00011758925469363898,0.0007355380803346634,0.0006171109479623516,0.00028286091206896485,0.0006751902401447296,1.1555333518015187e-05,3.4282236199742987e-06,2.3558735847473145e-05,0.003039514887145371,0.0015004047357676659,0.00047914497554302216,0.003101681914261814,0.0003159122122534039,0.00035488978028297424,0.004020886520746142,4.910941254408947e-05,0.0016520768404006958
201,0.0009192913775109557,0.00012890464385304987,0.00047020241618156433,0.00099736121803215,0.0002118673866964467,0.0005046743899583817,4.7800355355655244e-05,6.671070810940856e-07,7.630884647369385e-05,0.001102373746384909,0.00010242613749363028,0.0011410284787416458,0.0036310077376492805,0.0006388800121127601,0.0010891556739807129,0.0010218767907312354,0.0003130744886649852,0.0018289126455783844
202,0.0018322805332534886,0.0009853672460775169,0.001546412706375122,0.002550988154106565,0.0010551371497849009,0.0014347340911626816,2.666350141822607e-05,2.6075478380070227e-05,6.601959466934204e-05,0.00035042028578406714,0.00030933004356904076,0.0012718122452497482,0.002152042579367304,0.000349676290260819,0.0014935173094272614,0.0013824721317967914,0.0004878066793248693,0.0028220489621162415
203,0.0008327316625733328,0.0008348157047096579,0.00036818720400333405,0.0020040289254790455,0.001044700556599571,0.0005761515349149704,0.00015863556213594962,3.741310212773414e-05,3.6813318729400635e-05,0.0008208656795802363,0.001030583295578362,0.0012622345238924026,0.0008358934948917707,0.00042811008856189284,0.0015424378216266632,0.0014001520487524344,0.0005439236328352928,0.0027849599719047546
204,0.0014048587011272207,0.0004327432792454698,0.0010529961436986923,0.0020385387299529656,0.0002107240535540976,0.0007861480116844177,6.051319035193202e-05,5.1744918950189e-05,1.938268542289734e-05,0.0006617541316166209,0.0005247733279837782,0.0013394858688116074,0.0007554518641942967,0.0010725112561006424,0.0009255688637495041,0.0011801973494929285,0.0007177989064638401,0.002042289823293686
205,0.0015084528474364756,0.0005319698846389768,0.0010732915252447128,0.0015885552021310811,0.0005880870206820023,0.0012616179883480072,0.00013128931488518188,8.322147656976084e-05,7.305294275283813e-05,0.0005899675166994231,0.0012342648311942997,0.0013393182307481766,0.00027915006993767255,0.0005851394031975467,0.001037411391735077,0.0008798518525154064,0.0013503460213651237,0.0024516694247722626
206,0.0006818725205348097,0.0011397322817088412,0.0008736569434404373,0.000404536889324153,0.0007672517351087552,0.0005770474672317505,8.164305295120522e-05,9.00832776022651e-05,5.997717380523682e-07,6.301273076707997e-05,0.00044436345686327955,0.0005047973245382309,0.00035689213900242517,0.0012276248035266342,0.000151854008436203,1.8558057834350272e-05,0.0015071136883356689,0.00021941959857940674
207,0.0007343851243968025,3.859527160141388e-05,0.0015684068202972412,0.00036628482628142667,0.00030267773470596046,0.0010485555976629257,0.00015680925432139808,5.520600028075461e-05,0.00010083615779876709,0.0005675936881717955,0.0010839621900782387,0.0009763818234205246,0.0008437746412923164,0.0004321637118314299,0.0016624163836240768,0.000848265929970643,0.0008761685600364826,0.0025494247674942017
208,5.749344114031052e-05,0.0005813951216654088,0.0004483461380004883,0.0006947186574324804,0.00011417007419892503,0.0004420783370733261,2.1108909255301844e-05,3.5064522784961387e-06,5.887448787689209e-05,0.000844891427282328,0.00042757894165667415,0.0012867935001850128,0.0017034072585950175,0.0004736773945734629,0.001255689188838005,0.0010365775756736584,3.663863241881206e-05,0.0015919990837574005
209,0.000899562354696265,0.00021134740058316448,8.026696741580963e-05,0.0006101097802526934,0.0006008008792801819,6.3534826040267944e-06,7.731245037238127e-05,3.571346017737162e-05,1.9744038581848145e-06,0.0012860938013994627,0.0015863887587583558,0.0006648320704698563,0.002547835860732893,0.0006521653773731428,0.0008544623851776123,0.00018048607160123242,0.0005365312095565282,9.971484541893005e-05
210,2.958880241041295e-05,0.0004584846484536123,0.00037866830825805664,7.862739010913722e-05,0.00022494022362459787,0.0002070590853691101,4.094240103368757e-05,9.101105935208488e-06,4.3332576751708984e-05,0.001880764043406001,0.0003798778390085786,0.0005241353064775467,0.0013568592205917412,0.00015947480073210535,0.00025644153356552124,0.0011515430028357643,0.000270525522434336,0.0004085265100002289
211,0.000549322542692382,0.00021986021992570493,0.0004926864057779312,0.0005428925400526863,0.00028021836311744805,0.0003095846623182297,1.6566037908508774e-05,3.0076855347602725e-05,5.087628960609436e-05,0.002268245415141895,0.00030061702189832645,0.0011905618011951447,0.0010532493981363772,0.00044069945318087056,0.0014212504029273987,0.0014105443509353222,0.000297263583095321,0.0012557245790958405
212,0.0008693620903254262,0.00030539371914305516,0.0006180349737405777,0.000874821099094425,0.0004026753258458658,0.0004839245229959488,2.9232046023997676e-05,7.665253672529504e-06,3.168359398841858e-05,0.0011882307944091272,0.000872933477537495,8.281879127025604e-05,0.001177061108320214,0.0008451420574964175,7.437355816364288e-05,0.00263660336913335,0.00032293549911098507,0.00023648515343666077
213,0.0018172850804251406,2.6425611190556558e-05,0.00019517913460731506,0.0006339668821323807,0.0003303593269616753,0.0002637803554534912,7.18082256861291e-05,6.189322980190584e-05,2.2474676370620728e-05,0.002498933283776164,0.00011654995653763434,0.0007510930299758911,0.0027547554240355265,0.0010894650815951798,0.0002100784331560135,1.7830740435764714e-05,0.000776978134153769,4.583224654197693e-05
214,0.0016326562894308227,0.00037352160354580527,0.0001625344157218933,0.0021024701522396883,0.00014946034185275153,2.2387132048606873e-05,6.732494682248208e-05,5.568590693715784e-05,9.123235940933228e-06,0.0005473980490649094,0.000725101812076398,0.0004728417843580246,0.00034397419859392986,0.0006251120483074836,0.0007634628564119339,0.001018200801654906,0.0008716224759678232,0.0008052513003349304
215,0.0014944667326025618,0.0011795553600679257,0.0007439348846673965,0.0010317337690403106,1.5721002293928726e-05,0.0005842726677656174,2.7122006820059358e-05,1.6295748857601193e-05,7.679685950279236e-05,0.0013414523427196165,0.00028947316607013523,0.002222348004579544,0.001552939185737151,0.0003712386967396307,0.0025350749492645264,0.0005676970195675479,0.0003184084916913448,0.003452122211456299
216,0.000864386328095601,0.0005011803750198419,0.00017707981169223785,0.00039751157569173357,2.9369986396250714e-05,0.0004268493503332138,0.00010798621320166207,4.268245073830795e-05,7.113069295883179e-05,0.004201894033536199,0.00029077252778709345,0.0014485642313957214,0.004611053645973612,0.0006711198859774142,0.0012104082852602005,0.0027783859352101814,0.0009640976750272864,0.00037832558155059814
217,0.000949264625488333,0.0003198033283333228,0.00018088705837726593,0.0017058961400836792,0.0004161570979600848,0.0006106998771429062,0.00015326844915969362,6.873573997797093e-05,6.448104977607727e-05,0.0004936698729937003,0.000635096372775687,0.0001655835658311844,0.0009297692910019556,0.001790107187589051,0.0006394889205694199,0.0010435139575659946,0.0014871566754439038,0.0003431178629398346
218,0.0013106432062390538,0.0005341228439580785,0.00041212141513824463,0.002196022380628021,0.00010107996847028705,1.0283663868904114e-05,4.6940755924314986e-05,6.69460395460997e-05,2.596527338027954e-06,0.0008771029171955255,0.0007177157798324424,0.00021503865718841553,0.0009086133946891867,0.0007723421196979101,0.0007379911839962006,0.00039047046663479024,0.0013869693912455325,0.0007796138525009155
219,0.0006046334502515793,0.00038491441259713016,0.0008607134222984314,0.0014566426660196363,7.207618730244517e-05,0.0008681938052177429,6.224170741926313e-05,2.3240658901558316e-05,0.00010394677519798279,0.0012870002403811837,0.00012943538100562701,0.0012038946151733398,0.0026623329855282873,0.00015506409227088527,0.0012113507837057114,0.0014482210376392524,0.00029083737594226035,0.0019717589020729065
220,0.0005065610170619794,8.770668374395718e-05,0.00015168823301792145,0.0004333568309174973,0.0004056648268216112,9.499490261077881e-08,3.7010276775269885e-05,2.1454688966339127e-05,1.9136816263198853e-05,0.0029327027759089228,0.0012573147228944342,0.000528138130903244,0.002259486106214771,5.897976000404648e-05,0.0004700925201177597,0.0028468033083232647,0.0005257161820187376,0.00043815746903419495
221,0.0008843396752460375,0.00015915608564894684,0.0003414042294025421,0.00031507136462258223,9.859797811984788e-05,0.00016663409769535065,0.00019661280647452484,5.271651009030481e-06,2.3808330297470093e-05,0.0018985781755709516,0.0005888052693372725,0.00018064305186271667,0.0021560267912952846,0.0004800407304475507,1.7978250980377197e-05,0.0003296486661238107,0.00012060637789957328,0.0013112351298332214
222,0.000775213543316472,0.0001068158745817574,0.0001047961413860321,0.0005193569787862173,0.0005853064851705538,6.196275353431702e-05,1.071688697664927e-05,2.9898968612517766e-05,4.055723547935486e-05,0.001354240146455965,0.0007509486517966457,0.0008908696472644806,0.0018256108689509443,0.00026214613875250037,0.0010597854852676392,0.0008585070358943236,0.00042836818816342596,0.0008535049855709076
223,0.0011049143700412878,0.0011037225986818208,6.450526416301727e-05,0.0010725206395894027,0.00033183385349533356,0.00016512535512447357,2.7215125609398455e-05,1.0344463835067924e-05,2.2631138563156128e-05,0.00017539367995316607,0.00030652312370967744,3.163330256938934e-05,7.979136346283888e-05,0.0005405270967162555,6.360001862049103e-05,0.0012180264439122512,0.00025571589657323417,0.00048775598406791687
224,0.0008143587589592438,0.0008193183124360973,4.241429269313812e-05,0.001298893757634978,0.00018502929590763842,0.00019116699695587158,5.8003717770784696e-05,1.5143038417574149e-05,9.71183180809021e-06,0.00017272349523187597,0.00031929746479886223,4.1894614696502686e-05,0.0004559188174708753,0.0005947809022390296,0.0002947784960269928,0.0013536840163913821,0.0001879714673328637,0.00015556812286376953
225,4.152815816652056e-05,0.0004115323318652775,2.5404617190361023e-05,0.0012451528477905316,0.00021970379013969144,0.0003086477518081665,4.944373769508181e-06,4.393605442586915e-05,5.055218935012817e-06,0.0003684183369567495,0.0002056403907402249,0.00047188811004161835,0.000978819549281952,2.574317558425368e-05,8.043646812438965e-05,0.001271430156600195,0.0007397583140426062,0.0011730417609214783
226,9.887739047290123e-05,5.702256519638654e-06,0.00028269924223423004,0.0004020514768680594,0.00014069017675791967,0.0006372742354869843,1.5322859271450773e-05,7.847976306649541e-05,6.015598773956299e-05,0.0026650143738021145,0.0009692429770250463,0.0007019992917776108,0.0014632061226718049,0.00026144013764096627,0.00024855509400367737,0.002687979079268571,0.001420435078480992,0.0001066252589225769
227,0.0012834035461045945,0.0001727220644992429,0.0008483193814754486,0.0009647370978506098,3.906512802809292e-05,0.00023842602968215942,0.00020230081408836864,0.00011220371401947295,8.350983262062073e-05,0.00027032316909015447,0.0016057398034275555,0.0003300253301858902,0.00018303308065224788,0.000981577714262688,0.001089470461010933,0.0008519444526517428,0.0017545365615262397,0.001972481608390808
228,0.0007930884355202839,0.0003658402343448934,0.0002431664615869522,0.001232375809476105,0.002055898543728299,0.0002906937152147293,0.0002257955506712421,1.4676537796556345e-07,2.3171305656433105e-05,0.00039164467972818695,0.0002443237957371683,0.0006663985550403595,1.4820115666364098e-05,0.0004829901036959676,0.0007273722440004349,0.0011588480406136414,0.0001306362095315882,6.37546181678772e-05
229,0.00029761787990179034,0.00081815009325387,3.419816493988037e-06,0.0021338893392760794,0.0012031727422290375,0.0002614445984363556,8.389779872348957e-05,5.090542098689602e-05,4.686415195465088e-06,0.0005585905947549374,0.0005215295433379785,0.0004635322839021683,0.0007302807790501506,0.0008129099144685049,5.246512591838837e-05,0.0003329304884738815,0.0008425647727430107,0.0011404231190681458
230,0.0017261841062082284,0.00028178353698587316,0.0003874879330396652,0.0004908460480804455,0.00045420799257192904,0.00025417841970920563,8.608660282220446e-05,4.519585164594348e-05,2.0585954189300537e-05,0.0002763284051019582,3.895096874449028e-05,0.00039460137486457825,0.00011627365942212115,0.0009257556193037614,0.0006230473518371582,0.00013763721891482672,0.0007873928624472643,0.0008743405342102051
231,0.00016004482405301834,6.477068221281967e-05,9.006820619106293e-05,0.0009394480694253915,0.00046621029543869597,0.00032208673655986786,5.608553957097903e-05,7.820769209452812e-05,3.997981548309326e-05,0.00028701775618798775,0.0007729056601290668,0.0006012972444295883,0.00010025319797172388,0.000771307119507611,0.0002548377960920334,0.0006048507073063147,0.0012315765005270554,0.0014656521379947662
232,0.001622242791510048,0.0004215632409593044,0.0001727622002363205,0.0008925764233911893,0.00016800864552589737,0.0005293786525726318,0.0001620219369573364,9.071097803599304e-05,5.1077455282211304e-05,0.0006136671714469383,0.0010743747117784516,0.0005159955471754074,0.0010029242786094988,0.0020456838259930755,0.00010715797543525696,0.0014921081175119644,0.0016763834145790326,0.00063309445977211
233,0.0010600426330711343,9.792277110988457e-06,0.000844862312078476,0.0010532123498224744,3.0177979797006704e-05,0.000603947788476944,2.660455265281539e-05,6.200532316382845e-05,4.6022236347198486e-05,0.00016092297037124254,0.0008919850552037492,0.0003487560898065567,0.0003844810224362463,0.0010925317099873717,4.693865776062012e-05,0.0005859574459212702,0.0012092228688312182,0.000741712749004364
234,0.0005451824547836603,0.00023055198823980494,0.0010769274085760117,6.744275991263371e-05,0.00015623857300374466,0.0008312240242958069,0.00010433472260033133,2.9569024448944186e-05,0.00010950490832328796,0.0012236189677169718,0.001119467720792293,0.0006911233067512512,0.0013340442450678197,1.0703224944987044e-06,0.0010562632232904434,0.00013185780043104,0.00047109649566740193,0.0019116438925266266
235,0.0001906102561312628,5.0918019153425864e-05,1.5066936612129211e-05,0.0001423496915715916,0.0005196968935005236,0.0001432858407497406,7.157497084728237e-06,1.4603682766601038e-05,3.6630779504776e-05,0.00036484466476510713,0.00034738440181830005,0.00035887211561203003,0.001155133145433307,0.0004564883864148425,0.00017301365733146667,0.0003164251613472502,0.0002082284808347639,0.00047845393419265747
236,0.0011281010062915986,0.00016827800866843143,0.00016538240015506744,0.00033040663139563553,5.673100005001985e-06,0.00010035000741481781,3.5944724809860995e-05,4.379888866990031e-05,2.7433037757873535e-05,0.0009148112914134782,0.0005933449840856142,0.00013572536408901215,0.0012481448073922985,0.000318972957093145,0.00012239627540111542,0.00010955322609376705,0.0007989155237443212,0.00038186460733413696
237,0.0008138538480642887,0.0006482880701703803,0.0006479229778051376,0.001087598482191754,0.0005359514914609273,0.0004215855151414871,0.00011605308091726385,6.6122009170581884e-06,2.3283064365386963e-05,0.00017492923224803753,0.00032157869657963023,0.0003075767308473587,0.0006711912242581691,0.00029507717420644564,4.9155205488204956e-05,0.00011757464029887865,0.0001550982528561954,7.555633783340454e-05
238,0.0017034113048398636,0.0008964084806091961,0.00015874579548835754,0.0016779614772539087,0.0001657863312556629,2.3189932107925415e-06,8.457124871436017e-06,1.636046050460492e-05,2.197176218032837e-05,0.0006792875302575607,2.6895214116917643e-07,0.0003805439919233322,0.0006178565782038944,0.0007646375198463035,0.0005958117544651031,0.0006580106233547434,0.0001818998679923734,0.0006190873682498932
239,0.0016079550170137458,0.0010127438341658752,0.0012609362602233887,0.0022099983332484474,0.00010626451003259776,0.0015046857297420502,6.121353674303984e-05,3.2146913593238645e-05,8.014217019081116e-05,0.004979931253886051,0.0014896935405996417,0.0007269252091646194,0.005783571779602578,0.0009483844638888787,0.0006022714078426361,0.0033320340085725153,0.00019936024668489385,0.0009582042694091797
240,0.0034930144447338496,0.000708294685349959,0.0002859402447938919,0.0015981133499927969,0.0007110878699551279,0.000420592725276947,0.00010956507321455144,2.256533362466782e-05,4.6718865633010864e-05,0.001963849418156201,0.00015610629704884693,0.001231323927640915,0.0018284069930465177,0.0013848800246996779,0.0013342052698135376,0.0011843381963310695,0.00047923867162342343,0.0011249594390392303
241,0.0025823084051196377,0.0009451321074206154,0.0007566548883914948,0.0032777643270601453,0.00031898302192833947,0.0006204545497894287,0.0001963487015440267,1.4473577274650047e-05,7.215142250061035e-05,0.0035353933785639974,0.0009397953255365771,0.0013776086270809174,0.0014724247536987492,0.002051650282107277,0.001288868486881256,0.001967025595660532,0.0001983696863302846,0.0012468919157981873
242,0.002628266365464038,0.0002983850099901354,0.0003786105662584305,0.0020837406331136177,0.0005245336304101275,0.0010107848793268204,7.785283281510832e-05,2.3690059175040124e-05,4.0899962186813354e-05,0.008422952366455568,0.002831377192369082,0.0007590018212795258,0.004779848960616187,0.0024290444924186284,0.0015815049409866333,0.0021610792126275646,4.4117897411249246e-05,9.487569332122803e-05
243,0.005286789201017911,0.0014151429013171714,0.0036697499454021454,0.009397897306491154,0.0018605839882160288,0.0031371675431728363,5.343164901232267e-05,8.65460222345798e-05,0.00018908455967903137,0.012580473684766114,0.005629787772273458,0.0029308628290891647,0.005228545167784808,0.004461983016962011,0.0020881742238998413,0.006393768999404553,0.0016952178608987088,0.0014237724244594574
244,0.0023540035707187157,0.0008835303626796506,0.00044078752398490906,0.0034542198303007254,0.0006457235931536555,0.0003721192479133606,8.329669824163471e-05,2.2367890221258388e-05,0.00019727274775505066,0.004619042067506723,0.002445913411258528,0.001952383667230606,0.005427115431844803,0.0007911114374366188,0.0022532418370246887,0.00207760946761934,0.0005389350799111133,0.002778254449367523
245,0.000134039165720079,0.0003493444829034513,0.000632723793387413,0.0007069306504000061,0.00014018190360840996,8.653663098812103e-05,9.608013769630414e-05,6.651837330870134e-05,3.104656934738159e-05,0.0009867794309742321,0.0014094554611678925,0.0007765926420688629,0.0009132534673277591,0.001120434923855461,7.157400250434875e-05,0.0009135983464413355,0.001250399379215214,0.0005625933408737183
246,0.0024569852765447264,0.0006930308327026229,0.0008887145668268204,0.001891563781148492,0.00022190016115255368,0.0007572118192911148,2.368563753945077e-05,8.483338897349955e-07,5.99399209022522e-05,0.0014740703230076476,0.0005010568719110986,5.0863251090049744e-05,0.001543198451880251,0.0006551807092971471,0.00016178563237190247,0.000561678378806052,0.00027856212310311407,0.0003619678318500519
247,0.0017337902816103035,0.0002338520230429214,0.001090358942747116,0.0015565087705461944,0.0005565763023989041,0.0007743462920188904,0.00026268392541787394,4.04360031766326e-05,3.9521604776382446e-05,0.001499596654619158,0.000640215420814369,0.0004391483962535858,0.0015984622987902722,0.00040414803312625175,2.259761095046997e-05,0.001450134782704171,0.0009133590753849716,0.0010134167969226837
248,0.0020080935296526714,0.00013559795908638095,0.0006401389837265015,0.0011129563162459721,5.5341690586695885e-05,0.00026254914700984955,6.244958324810868e-05,4.6893005575913103e-05,9.362399578094482e-05,0.002593518383396533,6.124427462814858e-05,0.0018426384776830673,0.0019409964925575542,0.0012335480647632027,0.0014579854905605316,0.0019527175294159482,0.0009589184640756924,0.001459408551454544
249,0.0017599075017988575,0.00020211607787136432,0.0003307182341814041,0.00016387957648447693,6.691257481830637e-05,0.0005371719598770142,0.00016636749115627077,1.4788411072268084e-05,8.769333362579346e-06,0.0003550249752469446,0.00010978951960200628,9.227171540260315e-05,0.0007482448858437199,2.5140863252212653e-05,0.000494103878736496,0.0010842821039593331,0.000505239445965918,1.9058585166931152e-05
250,0.00023516109009291686,8.115456774024365e-07,0.00015895813703536987,9.422537192688152e-05,5.020116868602667e-05,0.00041437894105911255,0.00011861532635968654,2.3216510770430673e-05,3.4246593713760376e-05,0.000527224130847867,0.0005819366244077667,0.000131336972117424,0.0011372247930580663,0.0003867557068242128,0.0002803802490234375,0.0025158573847132992,0.00037180105135203867,0.00044341757893562317
251,3.424911462918123e-05,0.0003845868115050638,0.00020127370953559875,0.0018799179876868577,5.993404489690671e-05,0.00012595206499099731,7.98875704578067e-07,2.9477968050225676e-06,9.3020498752594e-06,0.0010124585786080633,0.0003237528877061066,0.0003247112035751343,0.0016192887404612756,0.0004833942972537267,0.00015766918659210205,0.0009328835248905432,0.0002396051787730679,0.00025159865617752075
252,0.0014355305912394367,8.164544621016082e-05,0.0005928501486778259,0.0013242877770147932,0.0001800860637543207,0.0006315950304269791,6.717583134588367e-05,9.618107738913468e-06,4.610419273376465e-05,0.000930520620659056,0.0003665650058636491,0.0002605114132165909,0.0007908102947599138,0.0001172006719475302,0.0001978464424610138,0.00103867653381437,8.52476905252135e-05,0.0006180964410305023
253,0.0008145151072679324,8.374873838087535e-05,0.0006978306919336319,0.00026882088966245776,8.139811570703759e-06,0.0006944779306650162,8.327378500901442e-05,1.2966593022741804e-05,1.2218952178955078e-05,0.0007374129682664373,0.00016446608531973245,8.669495582580566e-05,0.0002086176000798863,5.346093328124912e-05,6.931647658348083e-05,0.0001391999460094162,0.0002789042315997758,0.00018674880266189575
254,0.00015023294341048876,0.00018184397198803964,0.0007040407508611679,0.000500423003072431,0.00047964127341586574,0.00037725456058979034,5.411927687524326e-06,4.207385694610598e-05,7.078051567077637e-07,0.00044144196437618556,0.0004408040682240405,0.000430326908826828,3.048958476084898e-05,0.00012968728466737633,2.3711472749710083e-05,0.00031947153403796835,0.0005622279253059189,0.00015050917863845825
255,0.0020978447662728383,0.00028617135867509136,0.00032589584589004517,0.00018273373406230142,0.00041335579371182263,0.0006068851798772812,9.946079681876115e-05,3.506555396012498e-05,4.179775714874268e-06,0.0009327603358519933,0.00012345700152424643,0.0003038831055164337,0.00010199766699401855,0.0006519432750847001,0.0006967894732952118,0.0013645119966232966,0.00030028356094693315,0.0003783516585826874
256,0.00018347288044423538,0.00015640157346280548,0.0005438774824142456,0.0005601030728650813,0.00022972853427704817,0.00022598542273044586,1.4301508183645756e-05,5.119963173114974e-05,6.6123902797698975e-06,0.0007717937957046599,0.00130343694651755,0.0003993865102529526,0.0005512957366427401,0.0005120149030775067,0.00012345612049102783,0.0010096275152439438,0.0007699887332216181,0.00010456517338752747
257,0.0008788742355410051,7.740380905471578e-05,0.0008663143962621689,0.0012016483300724412,7.107001024356588e-05,0.0007189661264419556,6.474501468948547e-05,5.820511567536184e-06,2.6736408472061157e-05,3.0108989832371494e-05,0.00044770659350497344,0.00040972791612148285,0.00040902650125730633,0.00041552596196903213,0.00019081681966781616,0.0018778246635965667,0.00014552010740132015,2.802535891532898e-05
258,0.00013911635659480392,0.000141712617796292,0.00042723119258880615,0.0003437947874481706,5.9485068214727016e-05,0.00031822361052036285,3.945449983703414e-05,1.563428653375196e-05,5.5693089962005615e-05,6.306250642918419e-05,0.0002988852306119588,0.0002985205501317978,0.00034856224281620135,0.0008105210246267328,0.0004760250449180603,0.0009048656300469915,0.0002410386350309244,0.0010940730571746826
259,0.0007543164435905858,0.0002643943693162211,0.0001725032925605774,0.001055158996240979,0.00019410103473390533,0.0004367474466562271,9.299854735849572e-05,1.8515663154830076e-05,3.773346543312073e-05,0.0001770076126324377,0.0004189645088960442,0.0005085859447717667,0.0003841995402214249,0.0009289055557571493,0.0002427808940410614,0.00026586076880236176,0.00017736754292617916,0.0009472928941249847
260,0.00018262578439101618,0.0004084459219944568,0.00036826543509960175,0.00031507366493327416,1.899257312622249e-05,0.00046208128333091736,3.103375012176307e-05,2.3782029320921854e-05,6.515160202980042e-05,0.00032691289066915513,9.520890978525348e-05,0.0006794854998588562,0.0012331838387711694,0.0012138104120505491,0.0005451701581478119,0.0005587411574186074,0.0005039263018903149,0.0011190734803676605
261,0.000593597917211447,0.00013173644555245986,0.00034382380545139313,0.0011470030247355545,8.183476874567067e-05,0.0001972094178199768,9.216043777645483e-05,7.872154957362502e-06,2.6114284992218018e-06,0.0007953005128886401,0.0004661406933675616,0.0004931613802909851,0.0006216276583117103,0.00017855354848132082,0.0003497712314128876,0.0011605280687137232,0.000433300446448728,0.0001561678946018219
262,0.0014801686616880416,0.0003129894405359268,0.00034734606742858887,0.0006251099984376507,0.00034438206634210267,9.540468454360962e-05,5.305206964239216e-05,1.8121705926951726e-05,5.5704265832901e-05,0.0017908134888278294,7.515762836522721e-06,0.0006188675761222839,0.0015274666837692304,0.0005139915352821989,0.0010372884571552277,0.0004464784232054986,0.000282559619548383,0.0008168332278728485
263,0.0015833488734917078,0.0003753626765117188,0.00012199394404888153,0.0015894639445380998,0.00018576668938805746,0.00014706142246723175,7.71479769891923e-05,6.407129235150733e-06,2.1766871213912964e-05,0.0007333561401677048,0.00028228993602239655,0.000523807480931282,0.001026099789173722,5.476479035074894e-05,0.0006420761346817017,0.0003794424178020783,1.5332592939332895e-05,0.00014381110668182373
264,0.0015045601298161737,0.0005894233359375091,0.00043766945600509644,0.0024716187226147546,0.00022909685316159153,0.0004177801311016083,4.374347019982759e-05,1.7304652786914363e-05,9.283050894737244e-05,0.0023794721241316673,0.00042269180480716817,0.0008871965110301971,0.0014690770539187194,0.001046278789407773,0.000967755913734436,0.0018289844608382622,0.00048502822294762583,0.001105278730392456
265,0.001211017078668164,0.0003805320248966848,0.0003867875784635544,0.0006331683062631155,0.0001205481682218755,0.0004912223666906357,0.00016786264504225525,1.2646960778219408e-05,9.943172335624695e-05,0.000605437856759582,0.0006408874738983023,0.0010866206139326096,0.00028568133901298726,0.0002508658368769734,0.0009820163249969482,0.0010775384977190494,0.0002006001737167376,0.002206902951002121
266,0.001501386405556776,0.00019597932782704913,0.0005627591162919998,0.0017488450398975564,0.0002140490704944202,0.0003438647836446762,4.1667095679194174e-05,2.0162769793392334e-05,2.216920256614685e-05,0.0005474858154650413,0.00014301941328039025,0.0001481473445892334,0.0010637876072376769,0.00040347183698469236,0.00013042613863945007,0.0011436472151693522,0.0003260618166347883,9.015202522277832e-06
267,0.00123588130914562,0.0001483931685704945,0.0004936233162879944,0.0018319594283830731,0.0001473136194263605,0.0004199892282485962,2.3480099988936604e-05,8.769837337657812e-06,1.537799835205078e-05,0.0011595601437981405,0.0003099721386452328,0.00024031661450862885,0.0011413382681524295,0.00024832660871725726,0.00010256841778755188,0.0021213497148801497,0.0003926946398363079,0.00021610036492347717
268,0.000578091545641285,3.4670326067933604e-05,0.00017439015209674835,5.133642893229151e-05,0.00035814406566261545,0.000246979296207428,7.502491201687687e-05,3.7197303802776437e-06,1.0251998901367188e-05,2.1699594607569803e-05,0.000357916583081902,0.00018646195530891418,0.00010920272987907653,1.642724325249395e-05,0.0002383105456829071,9.711959318298158e-05,0.00016501224025238653,0.00011521205306053162
269,0.0014622521102677088,0.0008035568758135159,0.0003453381359577179,0.002711387363453416,0.00023495162064225,0.00023837946355342865,7.414325688099264e-05,2.7787630327419962e-05,0.0001153796911239624,8.606871242502687e-05,0.0015786855058503788,0.0013340134173631668,0.0003505596974210899,0.0003657128389511488,0.0014974214136600494,0.0009616698890659303,0.000630478510903117,0.002519797533750534
270,0.0020751734702098845,0.00027497164211814223,0.00023871660232543945,0.002143655004022471,6.234566117441567e-05,0.0004238877445459366,8.194960340603477e-05,4.7548982962686845e-05,2.5488436222076416e-05,0.0016188640981510856,0.0006187100949740509,2.8770416975021362e-05,0.00231658103247398,0.0007019831208558494,0.000313587486743927,0.0024754901360272974,0.0007102986580880405,0.00027607008814811707
271,0.002386768237520709,0.0007323261161014116,0.00015084445476531982,0.0019605252930074424,4.655868956865428e-05,0.0005202442407608032,7.870683629431635e-05,3.172614612810564e-05,6.755068898200989e-05,0.001500251017512829,0.000971925408452895,0.0005462821573019028,0.00165207931279562,0.0007085298066581425,1.5795230865478516e-05,0.0035189238262640643,0.0003969020881391151,0.0004203319549560547
272,0.0014635012245321766,0.00033367658751718224,0.0008717961609363556,0.0012295764298485279,0.0004566914832744677,0.0004690159112215042,0.00012826128362677762,5.579313693741795e-06,6.222724914550781e-05,0.0009064027221217415,0.0007796956781631059,0.0014287792146205902,6.724628636998325e-05,0.00016038477603687318,0.0009015128016471863,0.0012737245328643676,0.0001028521394518863,0.0011820681393146515
273,0.001982295830467301,0.00035506203544739476,0.0009339749813079834,0.0012697390272231601,0.0005400328346661723,0.0009342264384031296,8.862109873493396e-05,3.054696255321194e-05,3.39411199092865e-05,0.0013356021380935591,0.0010514622520945219,0.00039178691804409027,0.001892483811976084,0.0006729352508642386,0.0004696398973464966,0.002542749218005902,0.00035205719440113345,0.000254213809967041
274,0.0014388145099807348,0.0005994027829069361,0.0007541514933109283,0.0011029378086942765,8.41526312975252e-05,0.0006710290908813477,5.801344245759919e-05,1.317853848112685e-06,9.631738066673279e-05,0.0019737924904786076,0.00011712869482689153,0.0007062312215566635,0.002136510635320974,0.00044877523529721075,0.0008988603949546814,0.0007712663463501357,1.8558650871785404e-05,0.0018797852098941803
275,0.0005496679189470055,1.958254932555789e-05,5.4387375712394714e-05,8.815577871951197e-05,9.675653986830277e-05,6.183423101902008e-05,1.1109417868172822e-06,1.979481308638062e-06,1.955777406692505e-06,0.001379962289545792,4.405256127991419e-05,3.283470869064331e-05,0.0013635980748509038,9.921729357777187e-05,3.1717121601104736e-05,0.0010492957734648256,0.00013493923140509186,0.00014963746070861816
276,0.0006285177202143,0.000652295229787412,0.000891663134098053,0.0006654310602275948,0.00047992105158105314,0.0006039850413799286,4.638019148976713e-05,1.9716514761360083e-05,6.467103958129883e-05,0.0006912318719761237,0.00028062121823294733,5.9254467487335205e-05,0.0009307100344351851,0.0006446892756325692,0.00032670050859451294,0.0012277377147535962,0.000304493971300869,0.0011213943362236023
277,0.0012770733537875723,0.00028190451809904926,0.0008598975837230682,0.001316091903573402,0.0002113908517649074,0.00037260912358760834,4.495348589207866e-05,5.313198655562169e-05,3.7785619497299194e-05,0.00023056174647641606,0.00026032139824027495,0.0004108082503080368,2.3563435030266033e-05,0.0006064561174445801,0.00032997503876686096,0.0007324719153088133,0.0007502113558295834,0.0004416815936565399
278,0.0016105154204346661,0.0008008581562575293,0.0009385477751493454,0.0011331700926030808,0.0005480193029372658,0.0011309068650007248,0.00018936065965570285,3.151792702671364e-05,0.00012476742267608643,0.0009201152841644931,0.00041569568598288226,0.0005045905709266663,0.0017568803022410887,0.00029022104316718533,0.0002435930073261261,0.0024495102073599784,0.00047891880290062624,0.0018706172704696655
279,0.0006324719205004492,0.0005649892646023245,0.00021226704120635986,0.0014143219095680837,0.0001765507410971881,0.0005679447203874588,0.00012023303623731607,3.747330066101312e-05,4.0125101804733276e-05,0.00019907810713343937,4.106628848062066e-05,0.0007381588220596313,0.000499398130068808,0.0014404645886976278,0.00020997598767280579,0.000750860137149062,0.0006044850368799471,0.0010100603103637695
280,0.003227370989291267,0.0008994719201979653,0.0012020766735076904,0.001464678176781864,0.00030958484327802543,0.0010502953082323074,5.346690509114814e-05,2.181041197356489e-05,0.00012636929750442505,0.002134663657602665,0.00017461023620136268,0.0005387831479310989,0.0022093620940986936,0.0007605635444945802,0.0007692649960517883,0.002582317214487262,0.0005507578301894769,0.0016581900417804718
281,0.0009087782140247969,0.00022806520984725714,0.0005051065236330032,0.0010659122919011443,0.00022785866745497416,0.0003627985715866089,3.3156157197761216e-05,2.285088841473982e-06,1.3202428817749023e-05,0.0009265972364124499,0.00029443318365535154,0.0003031417727470398,0.00162620297427149,0.0005556424202558669,0.00010153278708457947,0.0017299024054105439,1.9681252717253933e-05,2.0034611225128174e-05
282,0.0027897922162845035,0.0005255331499584535,0.0003758370876312256,0.00034127492306157414,0.000534703582473376,0.0002847891300916672,0.00012614300570217528,3.209641245653931e-05,4.260241985321045e-05,0.0009352085679753853,4.8458900839466745e-05,0.0003483220934867859,0.0009048469972471052,0.0004897575520717706,0.0005218125879764557,0.00044832318335255583,0.0005693465663032839,0.0014754794538021088
283,0.0014179179184142798,6.565134351521965e-05,0.0010713431984186172,0.0012317023821525885,0.0003513759389424803,0.0008570663630962372,1.6009164521471955e-05,1.9576630294707476e-05,2.0869076251983643e-05,0.0006385401553684611,0.001028173055963269,0.0005783345550298691,0.0010000607213695237,0.0002240534650937015,0.00018647313117980957,0.0004383661552839202,0.0003798240956847578,0.000365234911441803
284,0.00029519403894148755,7.90675007547037e-05,0.0004273168742656708,0.0014117544254325376,9.622119127170731e-05,0.0008356720209121704,2.600717884431586e-05,8.352570061448059e-05,7.040798664093018e-06,0.0013064216808837993,0.0002048744339889566,0.0001566018909215927,0.0017678736748315757,0.0008883071359291478,0.0006720349192619324,0.0015448780885790603,0.0013434790180733656,0.000534404069185257
285,0.0013095889059178967,3.730049882459674e-05,0.0012389495968818665,0.0009980481440551303,0.00021278143944995428,0.001225639134645462,0.00024148883121392038,5.016240904671043e-06,0.0001642853021621704,0.0028293753366143114,0.00033342945386249934,0.0011109113693237305,0.001726394069528521,0.0004816575939869533,0.0011343248188495636,0.0014312128699592308,0.00012006389268334056,0.003018561750650406
286,0.0017061898019902766,8.290249381350673e-05,0.0003950688987970352,0.0008691515314205034,0.0005516246855179277,0.0001382138580083847,5.0735651965424025e-05,1.2559457858261382e-05,3.9208680391311646e-05,0.001513127051453924,0.0010133679063283052,0.00024668872356414795,0.001917273268691809,0.00028553882843727896,0.0005348064005374908,0.0011507767627270404,0.00020099149758936313,0.00025944784283638
287,0.00170287631549626,0.00023210396149671297,0.000522686168551445,0.0013144744492071814,0.0003381711472913544,0.00025383196771144867,0.00014198801301380098,2.4601460561630246e-05,6.405636668205261e-05,0.00018971888175659327,0.00046448027113522167,0.0012094900012016296,0.0009503105458478975,0.0008950727773694503,0.0010010302066802979,0.00024793754363500176,0.00039736712227805837,0.0013603419065475464
288,9.428652263943071e-05,8.202439916038182e-05,0.0003826245665550232,0.00037044922857612517,0.0001376035176235725,0.0002599228173494339,2.4068439678316678e-05,1.258732408850158e-05,3.748759627342224e-05,0.0006548830710937092,0.0006455495942870731,0.00029013492166996,0.0005870403844098204,0.00028285542746275816,0.0004630237817764282,2.0927900644396313e-05,0.0002838913847086552,0.0007027797400951385
289,0.0012646974701726599,3.5221424813682706e-05,3.3272430300712585e-05,0.0015810183939792555,0.00020121118460538975,0.0003402251750230789,0.00011728029663858608,3.5966842343230446e-05,2.7798116207122803e-05,0.0007454289612628361,0.0007824246980375829,0.000616053119301796,0.0010886155861754218,0.00024717377111452277,0.00024383515119552612,0.0004042096874189993,0.00032904196520663204,0.0010666027665138245
290,0.000379189325978857,0.00039363912187720396,2.962350845336914e-05,0.0005332772021588161,8.126328665875385e-05,0.00011283718049526215,9.712443501987827e-05,3.3606468769715146e-05,4.366040229797363e-06,0.000278540266799944,0.0001042566758600108,0.00034123286604881287,0.000416814933621501,0.00025033574526296676,0.0002157464623451233,0.001959095678093409,0.00048298587849303354,6.378814578056335e-05
291,0.00025630305006610343,0.0008103867964040119,0.0006214883178472519,0.0006443682773551451,0.00022081629319204224,0.000767730176448822,6.110448411812339e-05,2.5356006774546235e-05,4.2479485273361206e-05,0.0016316414597372444,0.00047288114605072845,0.00033678486943244934,0.00025647161344890396,0.00017443914135670952,0.0005605444312095642,0.003250778697288237,0.0006210448799805965,0.0004192329943180084
292,0.0017727761825833688,0.00023752242129658832,0.00018781423568725586,0.0007665409083413566,0.0002095011362599035,0.00012025423347949982,7.150624403354233e-05,5.204555723976618e-05,3.234297037124634e-05,0.0007137187195244907,0.001318540426595842,0.00013525225222110748,0.0017897105402711957,0.00035359307364155046,0.000306595116853714,0.0008898575056073554,0.0010956762808557313,0.0014405883848667145
293,0.0006504761887876354,0.0004840703994831476,0.00026392005383968353,0.0009069532099310607,0.0006465619977453971,0.0002624131739139557,0.00011682847537377791,9.2472021242682e-05,1.3880431652069092e-05,0.0008476194128561876,0.0008331217552939724,1.7657876014709473e-06,0.00037989780990369676,0.001407275160870379,0.0008130595088005066,0.001597542135286234,0.0016245646719767123,7.403641939163208e-05
294,0.0007000456907607366,0.00013352196947163594,0.0017380602657794952,0.0014403202997528286,0.0008467600865564619,0.001706089824438095,0.0001130141919687376,3.840593031658184e-05,0.00011996552348136902,0.001291323229217458,5.210233728222824e-06,0.000362299382686615,0.00010422072747203609,0.0007814413074424056,0.0005731582641601562,0.003393522215922512,0.00046822644819609,0.0016767345368862152
295,0.004357852308118693,0.0005427222107924345,0.0009130984544754028,0.005453977688170103,0.0008113095191881678,0.00035087019205093384,0.0003119916154306797,7.116615474868468e-05,0.00010655447840690613,0.0035321771473030006,0.0006316536893593433,0.0002607908099889755,0.003325145053482966,0.0011060840018437962,0.0008321255445480347,0.004062477750651605,0.0011340647949448952,0.0007786042988300323
296,0.002534906297090661,0.0006357336727495534,0.00012807175517082214,0.002404949608141055,4.546136882433577e-05,0.0004768297076225281,1.4683746346062787e-05,7.835439314837355e-05,4.772841930389404e-05,0.003987869915234903,0.0011623937459589034,0.00031647272408008575,0.0038200408981257476,0.0008446246469559215,5.0436705350875854e-05,0.0056434359217494845,0.0012976381621806789,0.00020330771803855896
297,0.00038439162357783996,0.0009691465012055533,0.0001608617603778839,0.00276083476062125,0.00048452041500948034,0.0006486102938652039,0.00017950468999185926,0.000123539693900333,0.00014374777674674988,0.0019739666236343045,0.0007115720280617827,0.0026008356362581253,0.000836139222078161,0.002842889704651203,0.0011519119143486023,0.0021016121398750864,0.0019439385271826058,0.0024326927959918976
298,0.0014571380388216093,0.000983357587622774,0.0005972236394882202,0.0006141764993239651,2.1392617070084552e-05,0.0004731137305498123,9.076297334773692e-05,1.0734237884169918e-06,2.1707266569137573e-05,0.0003974896127762681,0.0006256803362556101,0.00042314454913139343,0.002041408128737758,0.0001885708494018916,0.00010810047388076782,0.0027715921096647944,0.0002232147160220327,0.0007087364792823792
299,0.00028635047665989677,0.00029908588250423737,0.00011192634701728821,0.0014074489006453694,0.00043576614785598156,0.0002319440245628357,1.696262644216781e-05,2.7772287751223583e-06,5.949288606643677e-06,0.00260362498957431,0.0007314416486697284,1.6765668988227844e-05,0.0010786978170931744,0.00041555685199182527,4.828348755836487e-05,0.0021556199914925522,0.00017364909993000666,0.0005772002041339874
300,0.0014317776760759404,0.0001011279891787939,0.0002201758325099945,0.0003100105956339583,0.0012416091161526165,0.0005682352930307388,2.8111703912179348e-05,8.29719080203445e-05,3.232806921005249e-05,0.0009378224472815014,7.742977064689738e-05,0.0001813061535358429,0.0010389001484688853,0.00041837071438123943,0.000507257878780365,0.0027902611145181333,0.0013120097476388148,0.0002374202013015747
301,0.0008888207875756005,0.0003458863463388223,0.0007226895540952682,0.0018782649640025628,0.00024382588347096612,0.0005470570176839828,3.0305430381624004e-05,2.08982539522699e-05,7.494911551475525e-05,0.002827446721199202,0.000277480341797795,7.580593228340149e-05,0.002407913018339383,5.579516986823491e-06,0.0003697536885738373,0.001960262604420282,0.00032467318888849267,0.0010380223393440247
302,0.0009615150312898557,0.00021853272491475367,0.0007995925843715668,0.0005107457690531891,2.3484707329737148e-05,0.0002664625644683838,3.971860686618686e-05,0.00010774102849001933,1.1797994375228882e-05,0.0010835451019915489,0.0010583247074942431,0.0008501503616571426,0.000634489580762343,0.0017577254139574706,0.00017040222883224487,0.00019184798640262124,0.0016766302175648187,0.00026085972785949707
303,4.888754010531904e-05,0.00015705914032097118,0.0006537288427352905,0.00030877744247190253,0.000310271717206774,0.0006639473140239716,0.0001298628137624304,5.4523007431797046e-05,4.124641418457031e-05,2.63197817687022e-05,9.808056736604343e-05,0.0002757962793111801,0.0010796182827551987,0.0010010247835919896,0.0002382807433605194,0.0009466613140189095,0.0008092486250948702,0.0010500960052013397
304,0.0010598250881686255,7.11022339532838e-05,0.0007859617471694946,0.0004839119317971985,2.300595114092599e-05,0.0005309320986270905,0.0001920457339060766,5.562352474152766e-05,6.375834345817566e-05,0.00016364667426970944,0.0003139590226309691,0.00012236274778842926,0.0007516160405249966,0.0003843880488902905,0.00036798417568206787,0.0005769744008798094,0.0007268025937788025,0.0012720860540866852
305,0.0005172962156961558,9.009808674994083e-05,0.0003403760492801666,0.0019319103542254912,0.00042188606693161976,0.000680798664689064,0.00010269044755525578,3.457737557659309e-05,4.424154758453369e-05,0.0007679892182924294,0.0004718788364604237,0.00032419711351394653,0.00010503543846110408,0.0006929925898857062,0.00029875338077545166,0.0009542561745912725,0.0005480110210775713,0.0009704753756523132
306,0.0013970756510432447,7.640721085074367e-05,0.00048554129898548126,0.0011732184915749233,0.001046497583856925,0.0003569088876247406,4.581881706586938e-05,2.3761908140557076e-05,8.46758484840393e-06,0.001497034290315783,0.0006153827067090639,0.0003148876130580902,0.000381117288626491,0.0005661947114697329,9.605661034584045e-05,6.811838450127006e-05,5.925483424970568e-05,0.00032922253012657166
307,0.00013394730346835693,0.0001547203583886908,7.135793566703796e-06,1.2714991946188858e-05,0.00020751100635732836,0.00017030537128448486,1.832173782525745e-05,2.9932307652148857e-05,3.9909034967422485e-05,0.00048420202989145,0.0002628251058843928,0.0004912931472063065,0.000843999529120662,0.000158007182869499,0.00023662671446800232,0.0005538045372902589,0.0003847446264398091,0.0007479116320610046
308,0.0004604374510045195,0.0006815197044100947,0.0005286503583192825,0.001654182654628994,0.0005178919310934761,0.0005086399614810944,5.921434165830422e-05,2.121408763285917e-05,4.127621650695801e-06,1.9466475713301318e-05,0.00011478289441221867,0.0006312094628810883,0.00010788321005360257,0.000197536088169626,0.000548049807548523,0.0021354979527286877,0.00012406106652977644,0.0001647472381591797
309,0.0016011307561808463,0.0007502533049157205,0.0004962142556905746,0.0018682824100325346,0.0016883851659604439,0.000331362709403038,1.0207438386929113e-06,2.427013070509438e-05,5.904585123062134e-05,0.0014254371503238557,0.0007722008557328464,0.0003973469138145447,0.0006599820718494118,0.0006827296761589309,0.0006981678307056427,0.001689701084120948,0.0005651320849424935,0.0004241466522216797
310,2.333471398718867e-05,0.00016597591711006374,4.272349178791046e-05,0.0012780224164187226,0.0017358679039297213,0.0003286190330982208,2.618095601475412e-05,0.00010324460716944466,1.9673258066177368e-05,0.0007041036225797805,0.00012695054550057594,0.0002826917916536331,5.257737609348084e-05,0.0013461485458898005,0.0009739063680171967,0.0008068776073931472,0.0016601353291407668,0.00024076178669929504
311,0.0007400628173389323,0.0004449132824975652,0.00033145584166049957,2.8203149060546107e-05,0.00042349700111097774,0.00035055167973041534,1.4627748732114199e-05,3.6066986666980936e-05,7.1749091148376465e-06,0.0003715974978194571,0.00026429606657796256,0.00044050998985767365,0.0003375295770851258,0.0001424327048197213,0.0005890354514122009,0.000143254605966453,0.0005938689947902268,2.979859709739685e-05
312,0.00015636795673401593,0.00029605177341888306,0.00018551386892795563,0.0010844378123054665,0.0001625079979262721,0.00032315775752067566,1.182101558402232e-05,2.276711120603606e-05,2.2426247596740723e-05,0.0009537595520697564,0.0012336510056762673,0.00037633441388607025,0.00028951826459751306,0.00028906395408296454,0.0002489611506462097,0.00045118216078204876,0.0003968578606081269,0.000741954892873764
313,7.185627974165554e-05,0.000372737324483164,0.0006874389946460724,0.00010675019763753402,3.570989838142663e-05,0.0002943575382232666,2.1563447348396658e-05,6.651175091828328e-05,1.6257166862487793e-05,0.002394919569035335,0.0021270860027004235,0.00027572736144065857,0.000677196725523202,0.00020307094676274423,0.0002796947956085205,3.0438190641857155e-06,0.0008704690331668812,1.8168240785598755e-05
314,0.000453393947956654,0.0005048791861720289,0.00018774904310703278,0.0005572771470384597,0.00046005244283953486,1.615285873413086e-05,7.05752876525162e-05,4.737096774812895e-05,2.518296241760254e-05,0.00021504343734159853,0.0002598327088987329,0.0006122179329395294,0.0003873320822866677,0.0008197470543806207,0.00030401721596717834,0.0010816085739031034,0.0005745811809431331,0.0005296580493450165
315,0.0008309263794531174,0.0006591191399039631,0.0005225017666816711,0.00030583690472948954,0.00024893283300167837,0.00022609159350395203,8.175064410090999e-06,3.530592252013777e-06,3.084912896156311e-05,0.0027486903795974106,0.0005698017229427282,0.00013756565749645233,0.00224308703475877,0.0008907177016075213,0.0002483390271663666,0.002073103559230516,0.00030030899414031434,0.00042120739817619324
316,0.0008498750725023374,5.464240989815072e-06,6.748735904693604e-05,0.0005352229034478184,4.380934060960878e-05,0.00017706304788589478,5.755286926900291e-05,9.55425827001144e-06,1.7739832401275635e-05,0.002570362925570415,0.00018503674398254177,1.6968697309494019e-06,0.001764698460723621,0.0008026431628126995,0.0003133416175842285,0.0021002619404844325,9.384579646100691e-05,0.00036224350333213806
317,0.00018361640645234156,0.00014823341292686393,0.00054120272397995,0.00010635760636601432,0.00025314934328862435,0.0006354544311761856,2.817025337643886e-05,3.4865249925455574e-06,5.330517888069153e-05,0.0005085820120648739,0.00014603511061336838,0.0002666544169187546,1.1967517957178764e-05,0.0004850610610708239,0.00014591217041015625,0.0006570712479989638,3.1443864949253636e-05,0.0007469132542610168
318,0.00043638893780173493,0.0002510599596577297,0.00015440769493579865,4.990487975906066e-05,0.0004123327571304118,6.761960685253143e-05,2.4833971563678614e-06,2.0442061509944997e-05,3.71001660823822e-05,0.00021011212770800924,1.7569314437498873e-05,0.00017053447663784027,0.0002561356634924253,0.0005275889907725775,0.0004200451076030731,0.0004530793129587929,0.00024016353245656305,0.0004051811993122101
319,0.0003956475966322981,0.00029732882231094104,0.0014042537659406662,0.0024197013888843377,2.992288893296363e-05,0.001132747158408165,9.534942352067144e-05,2.487637996908664e-05,0.00015296414494514465,0.002369356353748419,0.00041359510668996513,0.0007427874952554703,0.001282067187711733,0.0007120180908812695,0.0010888315737247467,0.0025083223243085873,0.00026775063540132593,0.0021800287067890167
320,0.00046435497822031047,0.0002467334847660353,0.000714477151632309,0.001967501883337275,0.00040246238595363984,0.0008047036826610565,9.338665031135424e-06,3.8867436302437476e-05,5.18113374710083e-05,0.0010915790214184456,0.00039587523332888785,0.0004317816346883774,0.0006935191575115143,0.0007607019413070869,0.00034167617559432983,0.00206155850487752,0.0006669739921504499,0.0005735307931900024
321,0.0007215868953902305,0.00015591143205329755,0.0005209837108850479,0.0008634356265548315,0.00014141375978005133,0.00018327683210372925,4.529041407202658e-05,7.355351088323726e-05,6.136670708656311e-05,0.0008658366998390982,0.000854960314764619,1.1935830116271973e-05,0.0010194257324803932,0.001190571821311378,0.00040068477392196655,7.67197955429677e-05,0.0012742706668549507,0.0008977577090263367
322,0.0002696936474179956,0.00035209447880325817,0.0001965295523405075,0.0002200292839838469,0.0001965639627061061,0.0003203637897968292,7.2502837588969e-05,3.825838253238793e-06,7.525086402893066e-07,0.0007064292662047923,1.063254749673892e-05,8.156709372997284e-05,0.0001803349999542278,0.00036006243514746447,7.460266351699829e-05,0.0007156809168991918,0.00032635820915462993,0.00014437735080718994
323,0.00022729171598756537,3.331442678134247e-05,0.0002779308706521988,0.0002819710469959824,4.7570573804861516e-05,0.00024839118123054504,5.826998662620056e-05,2.1297219665893097e-05,2.2359192371368408e-05,0.0019443303853327598,5.5192865088926624e-05,0.00020006857812404633,0.0012950051740289181,0.00048195460201561763,0.0002518594264984131,0.0011187073314797846,0.0005397566691378933,0.0006572268903255463
324,0.0005612118090344009,0.0004096759422223713,0.000127352774143219,0.001208771302096956,7.066140160202905e-06,9.492971003055573e-05,5.037301814971723e-06,1.0712567337896241e-05,3.022328019142151e-05,0.0011563731163943686,0.0003091410667183797,0.0003560911864042282,8.094213838733683e-05,0.0003766378197665142,0.0006952844560146332,0.00023812346090446024,5.565798501288438e-06,0.0006857514381408691
325,0.0002454380058283523,0.00016753365194641795,0.0002421196550130844,0.00017348031419933685,0.0006510290793652063,1.4156103134155273e-07,4.11311817886742e-05,3.7594587104933415e-05,2.164021134376526e-05,0.0009145900326108479,6.803728826368372e-05,1.165829598903656e-05,0.0004961914393950898,0.00047015932265768307,0.0002827160060405731,0.00011354630436105628,0.000744626196123057,0.00025861337780952454
326,0.0012808777450404596,1.676784554967281e-05,4.079192876815796e-05,0.0007963216463139078,0.0007804860410105044,0.00023370049893856049,7.502462054237088e-05,5.496077141229944e-05,1.8812716007232666e-05,0.0008399102795912661,0.0001237672780425858,2.061203122138977e-05,0.0012974459023504456,0.000807523328526745,0.00020712986588478088,0.00178103800280488,0.0009777388226659377,0.00010317936539649963
327,0.0004386092128895458,0.00020503679606376224,0.0006267130374908447,0.0022100189655789304,0.0002310693259612237,0.0006469488143920898,6.1737190147660714e-06,1.00576665025534e-05,7.021427154541016e-05,0.0018962405473327455,0.0007822473211965414,0.0007446892559528351,0.00044574916032128625,0.00021691606086433543,0.0006293244659900665,0.0007642963376661982,0.00023148667037922385,0.0007802173495292664
328,0.003039031807744119,0.00043586275864396923,0.0011758953332901,0.0036795794044404972,0.00047971332127837857,0.000951278954744339,9.328365486517554e-05,8.537754410727527e-05,0.00015102699398994446,0.002377019102753789,0.00037227104715871484,0.0013642460107803345,0.0018485591342597002,0.0008113199563970705,0.0015933476388454437,0.00011393861210820533,0.0015728428683793629,0.0020903311669826508
329,0.0025534483531267915,0.0003099425572428982,0.0008217468857765198,0.0001186408297842445,0.0008230362450380585,0.0006925985217094421,9.233175655909767e-05,5.4861814649080414e-05,0.00011602416634559631,0.0006453110777118604,0.0010850139586960766,0.001113835722208023,0.00061017004782387,0.00048226603633102355,0.0012186430394649506,0.00023672852871156613,0.0012561273354979828,0.002185989171266556
330,0.0013463912358413488,3.8877388293594856e-05,7.829070091247559e-05,0.0004842290635326818,0.0001634137310821092,0.00022109784185886383,7.284949206993671e-05,7.306908023212893e-05,2.9515475034713745e-05,0.0010905244284038426,0.0007524944876974998,0.0004691369831562042,0.0011391542656280784,0.0006579540151124656,0.00041387975215911865,0.0016142451552573767,0.0014550362242989959,0.0007859170436859131
331,0.0007528650453556551,0.00023460666621503978,1.5407800674438477e-05,0.0007120036142282959,0.0005164688653955599,0.0001911614090204239,2.9296474659441796e-05,8.944733546628202e-05,2.5041401386260986e-05,0.0011261675872985578,0.00045899928338118123,0.0004927776753902435,0.0008410084199595783,0.0005997851014014864,0.0006616301834583282,0.0005438690790357803,0.001546392964663662,0.00017890706658363342
332,0.00016801492091753079,0.00015221449039840365,0.00028202496469020844,0.0010268669833378152,0.0001626627252748654,3.6232173442840576e-05,7.061781017943941e-06,8.349065903256515e-05,5.6609511375427246e-05,0.00043889995017145494,0.0011174235670158017,0.00021910853683948517,2.91587783725622e-05,0.0006762219796611624,0.0006930194795131683,0.0005902083197931174,0.0012765867423293262,0.0008412450551986694
333,0.0012641692559371698,1.9665634704502805e-05,0.00021087750792503357,0.0008873551318047401,0.0003633635855795382,0.0003059394657611847,0.00019028110353522254,1.7325598999009574e-05,5.430728197097778e-05,0.001522588001214742,0.0008512500585317606,0.0005680173635482788,0.0008969398905447276,0.000509445513457274,0.0004501044750213623,0.000719094644801882,0.0001310949161548343,0.0010967329144477844
334,0.00026282037406161196,0.0003899655506733844,0.00018909387290477753,0.00084397895364835,0.0003475162617797775,0.0005346033722162247,2.0026549076047895e-06,3.714202407638454e-05,3.854930400848389e-05,0.0009627945698825781,0.00011908636431963437,0.0006124041974544525,7.119655128551283e-05,6.650734648376913e-05,0.0001417510211467743,0.0008397865505488655,0.0007944120489828572,0.0006110332906246185
335,0.0001411286866205841,0.0006271329613967702,2.117827534675598e-06,6.809745243582799e-05,0.0003118375992756488,0.0002644248306751251,5.0961941999792815e-05,4.9326502229913834e-05,1.8209218978881836e-05,0.0003776756700545371,0.0007836247797282647,0.0003104712814092636,0.00014558066327653718,0.0006290558410020144,0.00013752654194831848,9.242734967024324e-06,0.0006949139916403793,0.0006473362445831299
336,1.7599247604166424e-05,0.00047423854135128507,0.0003280527889728546,0.0007192816133468338,0.0003564342838328176,4.527345299720764e-05,0.00012524307321099687,5.3570895885380384e-05,5.288049578666687e-05,0.001226715643997095,0.00124378829556622,1.4588236808776855e-05,0.0009763979714767362,0.0005293210858661676,0.0005407780408859253,0.0004241067305891244,0.0008252305813340327,0.0017536915838718414
337,0.0009021290865912912,0.00023075811307776695,0.000249253585934639,0.002435623252470709,0.0009446263233498405,0.00012475252151489258,3.938325295681916e-05,4.7880395040627525e-05,1.1175870895385742e-07,0.0006149097864269724,0.0009787999606369197,0.00016065500676631927,0.00013750792904460712,0.000998242062845451,5.044043064117432e-06,0.0007470951443483698,0.0008517069048441135,0.00010332092642784119
338,0.0010912331210888304,0.0003166889871615043,0.00041420571506023407,0.0005596284256115802,9.456307321747612e-05,0.0007065702229738235,0.00012020519371243321,4.080700371717253e-05,0.0001385211944580078,0.0007487204055042947,0.0005315570415510423,0.0016443859785795212,3.733968024652312e-06,0.000394177681605188,0.0010862499475479126,0.0013729593463028267,0.0006079785247339146,0.0029656514525413513
339,0.0005892755024003715,0.00015678124628198953,6.873160600662231e-05,0.0004827938617878724,0.00012011064683334002,0.0005955398082733154,3.4923909741631926e-05,7.560185684985323e-05,2.6717782020568848e-05,0.000685450055709632,0.0009646468477536585,0.00040639378130435944,5.6725524164934205e-05,0.0013105694809790736,0.00034398213028907776,0.00025077522683419895,0.0014199892610392666,6.376579403877258e-05
340,0.0021946432411104055,0.0010627061301703052,0.00014439411461353302,0.00038616004698904804,0.0002621522239392299,0.000884784385561943,0.00010140118519283078,0.00010946123454766941,4.955753684043884e-05,0.0003591143036741941,0.0016205002834751084,0.0010979287326335907,0.0006274242925382034,0.001389107041146552,0.00222889706492424,0.0030083095378902747,0.0019120199247880214,0.0016572512686252594
341,0.0019503264184708158,0.00093093086205406,0.0007598306983709335,0.0023274661539444963,0.0003390435614412518,0.00044828467071056366,9.725094495673797e-06,4.932755391342733e-05,2.1297484636306763e-05,0.00035327671508705166,0.0002567754163092101,0.0008754413574934006,0.0012710302111317573,0.00010237151683495371,0.0005887597799301147,0.001905909631949615,0.0008125390469886085,0.0003410167992115021
342,0.00043101201398540456,0.0002667192191918126,0.00035561807453632355,0.0001298031759162932,4.0301391061828284e-05,0.0007217209786176682,0.00010463169733938849,4.2917735046486415e-05,4.003569483757019e-05,4.34416235259201e-05,0.0008861102300041571,0.00020550191402435303,0.0011000277343488352,0.0004602198281815559,0.0006030015647411346,0.0015045483993967879,0.0006417971168962595,0.000607568770647049
343,0.00023863088783765418,0.0003615225617466626,0.0006000176072120667,0.0007092669426845832,0.0003114167686987142,0.0008272193372249603,0.00022313088582087692,4.4810673168616064e-05,0.00012176111340522766,0.0012602136410027297,0.0008285506900362616,0.0011084973812103271,8.347667849058216e-05,0.00044605450100905497,0.0008581280708312988,0.0014514763858651525,0.0007451410746056545,0.0019131302833557129
344,0.0038818983666189244,0.0005014673983001448,0.002032909542322159,0.0035650212175940277,0.00016700355244156015,0.0019917823374271393,3.636256058693957e-05,1.2865940438777559e-05,0.00016622990369796753,0.005058725291016933,0.000595911913675376,0.000722026452422142,0.004237824250473855,0.0003170015977410137,0.0006883591413497925,0.006388123258484507,0.0002469418684009784,0.0020216964185237885
345,0.0010206037682801428,0.00011206028341126384,0.0007382258772850037,0.001681989393221922,0.0004902091516072495,0.0006094165146350861,0.00025577453959063634,3.1686772137497123e-06,5.6415796279907227e-05,0.0007358010129067567,0.000386275243764396,0.0001724492758512497,2.915512839269524e-05,0.00014784807660002397,1.1421740055084229e-05,0.00013876853821051527,0.00011978447203440414,0.0010211169719696045
346,4.9275288888595004e-05,0.00013088300671193487,0.0011999420821666718,0.0011132525267478488,1.2839819595062557e-05,0.0004071742296218872,6.257020316563153e-05,8.20232303275529e-05,3.9011240005493164e-05,9.36799915142901e-05,0.0015703989662953569,0.0008711852133274078,1.9474950435315747e-05,0.0009516034779303711,0.00021012872457504272,0.00014671979042493732,0.0014281749804612304,0.00048645585775375366
347,0.0019680942165512805,0.0007520745425917061,0.00010690651834011078,0.001133168409716695,0.0005507038120878271,7.64559954404831e-05,2.7354252581272137e-05,2.3097844821483413e-05,3.5427510738372803e-06,0.0017980325531289244,0.0001890948359883765,0.0006529875099658966,0.0018226730487774928,0.0003417040723701775,0.00037357211112976074,0.0013979865293970994,0.00040862027287287377,0.00042889267206192017
348,0.0011740132773587209,0.0003428888632378106,0.0006746668368577957,0.00013043470689116932,0.0002833505012986119,0.00023946166038513184,5.801059664058486e-05,9.503011011556669e-05,6.4373016357421875e-06,0.0004324288704389296,0.0012791001196866894,0.0005897805094718933,0.00057043084484526,0.000927251828561633,4.377216100692749e-05,0.0005396783541319616,0.0016913320885506601,0.00013897567987442017
349,0.003867923525967931,0.0007204722816836311,0.0017801914364099503,0.002087518242705283,0.0004156388190099461,0.001539662480354309,4.893179344834381e-05,2.5444682027345308e-05,0.00013551115989685059,0.004694466433862605,0.0009329802562763195,0.0005581118166446686,0.002812512615496879,0.0003399498341630919,0.0008905045688152313,0.0031285083852628237,0.00043203423398056884,0.002021539956331253
350,0.0018203126223821642,0.0001598591575993867,0.0009977929294109344,0.0006865817865310264,0.00013294290511254442,0.0006997864693403244,4.6410568903202526e-05,3.572530974386588e-05,3.967806696891785e-05,0.0009388816497671558,0.0008643055830007199,0.0004803985357284546,0.0014854629697739277,0.0007670773812287618,0.00012153387069702148,0.002941270989745698,0.0004340805643481757,0.00038488954305648804
351,0.002856167600210152,0.0005703717657230788,0.0002853907644748688,0.0004249039241950858,0.00022867751111605925,0.0005189813673496246,0.0001297621244404877,5.9564269533193305e-05,1.816079020500183e-05,0.00034438731098135333,0.0009273285002363435,0.00019924715161323547,0.0007057841554204171,0.0007673683092263156,3.0308961868286133e-05,0.0006504919471934656,0.0009804041216128698,1.973658800125122e-05
352,0.0018582627193498569,0.00028138822052135165,4.215911030769348e-05,0.00046344926378891205,0.0002930891816697624,0.00017065368592739105,9.988848018654267e-06,7.32659459564746e-05,3.540143370628357e-05,8.672282793973328e-05,0.0008838564029683901,0.0004044901579618454,0.0005883778128518598,0.0012208074943538885,5.606561899185181e-06,0.000573029850608392,0.0012450434230229061,0.00034087151288986206
353,0.000275353894824637,0.00018155213828881592,0.0005003586411476135,0.0016027317644666528,0.0001502989263310918,0.0005454346537590027,8.837418329183527e-05,4.0670305341528566e-07,6.21303915977478e-05,0.0006608366843942979,0.00023586045060303845,0.0006293300539255142,0.0009459747225156155,0.0004362930087218053,0.0005225837230682373,0.0007041508214960523,1.1951394133902227e-05,0.0013243034482002258
354,0.000773457552831619,0.0002853667806647815,0.00016975775361061096,0.00030644676793167847,2.1236464945111055e-05,0.00014099664986133575,4.546220101257076e-05,1.6484792265495382e-06,5.949661135673523e-05,0.0005591115796681582,0.0001550735792377536,0.00043708086013793945,0.0002497914639526151,0.00010408081664069202,0.0004911050200462341,0.0007599981466672179,0.00034980113386218203,0.0009541623294353485
355,0.0013847537817104905,0.00011197507787966826,0.0006337538361549377,0.0005177163846777633,0.00037265038217054736,0.0005386900156736374,7.553995892869633e-05,6.009741210062365e-06,1.746043562889099e-05,0.0005861190774413931,0.00022378498074882014,0.00013317354023456573,0.0009910625982922257,0.0004922831505985784,4.8551708459854126e-05,0.0002453223331960186,9.745662783531076e-05,0.0003055781126022339
356,0.001328359483202285,6.325713680435663e-05,0.0006668586283922195,0.0006906059136496667,0.0004556456070252887,0.00042942725121974945,7.928618956932337e-05,2.4567407983971555e-05,8.848682045936584e-05,0.0004916481333569443,0.0009988904687694145,0.0009345263242721558,0.0005905412387326343,6.46758568070907e-05,0.001265600323677063,0.0010782220378793284,0.0002892962663070403,0.0017645396292209625
357,0.0018723956936934072,0.00014851328142996903,0.0006379764527082443,0.000453189364466311,0.00029694349459052916,0.0007932409644126892,8.038386766932512e-05,1.5050403071486303e-05,9.401887655258179e-05,0.0004933980645942925,0.00020523808642481517,0.0005391091108322144,0.00010296820222016959,2.80017968401422e-05,0.00036811456084251404,0.0013765271558665582,7.356098171288489e-05,0.0012174099683761597
358,0.0004611694852290904,5.896512253651329e-05,0.0019639190286397934,0.0018732441699864377,0.0017748489114056618,0.0019156113266944885,0.0003680339220716658,1.1698951849590448e-05,1.0132789611816406e-05,0.0006982631167310495,0.0005652735843966333,0.0007738824933767319,0.0011573859627606563,0.0002271038061313138,0.00028153136372566223,0.0023572708546917287,0.0001498031029260518,0.00039673224091529846
359,0.0009300419079538713,0.0004207958423676113,0.0009554587304592133,0.0021040246042756394,0.00011009782610864674,0.0009513199329376221,0.00012259883474202357,7.332565990089083e-06,0.00012064352631568909,0.0021523921929671383,0.0014659167342007257,0.0009236633777618408,0.0012094598693668177,0.0003235717637419533,0.0008843541145324707,0.0007403953606074654,0.0004244218471306429,0.0026602819561958313
360,0.004263648546635357,0.0008170098198910618,0.0005257576704025269,0.0042525300685147815,0.0010585035521465287,0.0010057426989078522,1.6106764557443504e-05,7.591042376314675e-05,0.00021938234567642212,0.002690847723359707,0.0015726222150051414,0.0021892301738262177,0.0014092369657885198,0.0005308444525963033,0.0014794021844863892,0.005151786929161989,0.0010923753851153264,0.0036554858088493347
361,0.0021306370069217317,0.0004708292779657258,0.0014604292809963226,0.005253918806027075,0.000594246171432649,0.001654135063290596,0.00021590493777148834,3.495286538738218e-05,0.00014809146523475647,0.006448985308647402,0.00012747033495322246,0.0007200483232736588,0.004561591432270848,0.0011124871621591217,0.0007077045738697052,0.0026733252614873915,0.0006218467767527911,0.0013540200889110565
362,0.0003496391893339501,0.000428105841559754,0.00016430765390396118,0.0012373979449158412,0.0005005595645761057,0.0002184249460697174,2.560415066998195e-05,3.147359559992134e-06,1.0553747415542603e-05,0.001667541779036278,0.0002758088785274476,0.00012361444532871246,0.0012085544937855373,0.0008336033857698072,6.293505430221558e-05,0.0023983231809658334,5.037526941813891e-05,0.0004131495952606201
363,0.001801513742584998,0.00022582826657499208,0.00046084076166152954,0.0026337353757399096,2.9442543158151452e-05,0.0005729831755161285,3.335867990443206e-05,9.282510830881823e-06,6.091594696044922e-05,8.299996653297892e-05,5.3757243929815346e-05,3.166496753692627e-05,8.609055022586881e-06,0.00039749359881725843,0.00014967843890190125,0.002455852205112463,2.3088380346720366e-05,0.0005481801927089691
364,0.002706925805888133,0.00033548290565789743,0.00023665465414524078,0.0013091970122641738,0.00022595852446179177,0.00045159272849559784,0.00010603310883488745,2.7783180008083825e-05,7.554888725280762e-06,0.0003849655518443629,0.0010556813522975966,0.00032790936529636383,3.057243504039214e-05,0.0006403856839918703,0.0006580427289009094,0.0014033474759175268,0.000581362767187843,0.0005339942872524261
365,0.003618455365823031,6.9882046716228385e-06,0.0004296936094760895,0.0023309183379379983,0.00019114509495062396,0.0003388766199350357,1.0109335981701995e-05,4.543207136495104e-06,6.866455078125e-05,0.0015806414369826018,0.0003781952162904348,0.0004146844148635864,0.0023857830198834203,0.0002997885533778666,0.0004447326064109802,0.002360180106900811,0.00017016794483944858,0.0012432560324668884
366,0.001339171859181254,0.000769217056680184,5.741976201534271e-05,0.0010641074991629418,0.0002390479919487272,0.00019194558262825012,7.132936880360416e-05,1.867124074604956e-05,1.0214745998382568e-05,0.0003568642892254337,0.000745668076801792,0.00015892647206783295,0.0003199365134667863,0.0002143974794218892,0.00033124908804893494,0.0016053952559564877,0.00030727126617516656,0.00034151598811149597
367,0.0005964850321701354,0.00024324365961481825,0.0006250441074371338,0.0007898724561996306,0.0005120868640284687,0.00104602612555027,0.00015955898282575195,7.85425792780599e-05,9.100139141082764e-05,0.0018520427858921638,0.0011852001341707136,0.0008223038166761398,0.0023286718001212098,0.0015867891286646119,0.00019249320030212402,0.0012870498289823118,0.001299569348539151,0.0017320364713668823
368,8.998445201346961e-05,0.000214441284007192,0.0005970634520053864,0.0011364744758459722,0.0006888185403667174,0.0007670056074857712,4.946623911241538e-05,1.697771645364169e-05,5.996972322463989e-05,0.0004921594486542724,0.001419789533672132,3.898143768310547e-05,0.0007116556305611504,0.00014041782596794367,0.0002253204584121704,0.000600131379578206,0.00018017256224904694,6.794556975364685e-05
369,0.001998490775394046,0.00013795692811203325,0.0009841732680797577,0.001610120780410229,0.00012214521609022616,0.001176837831735611,2.902896205270525e-05,3.3149329197986474e-05,0.00012802332639694214,0.001439931235272078,0.0009322974175602627,0.0009767264127731323,0.0006648141372995325,0.0005404719645313305,0.0006936267018318176,0.0012291096808932644,0.000529335675306216,0.0017469897866249084
370,0.00040745221212190597,0.0003354879929767206,0.00018028169870376587,0.0008856958279006011,6.180108087527891e-05,3.6712735891342163e-06,1.8025617356198786e-05,2.2198671241675815e-05,2.483278512954712e-05,0.00027698249233648956,0.0007222144185842494,7.7810138463974e-05,0.0006008671215266097,0.00029622450239145254,0.00020447373390197754,6.30077380813221e-05,0.0005105805358495939,3.1132251024246216e-05
371,0.0008804074427099795,0.00012449079774609628,0.0007699653506278992,0.0007233636652378417,0.0001646365625839752,0.0007348135113716125,1.4082675568464348e-05,8.912935027825049e-06,7.129460573196411e-05,0.0034757861176157694,0.0006334558374707991,0.0002407170832157135,0.002308573358121877,0.0017462626872744788,0.00010922551155090332,0.0009663782845616142,1.0150318181337617e-05,0.0010923892259597778
372,0.00039966363396612414,1.5784724120507937e-05,0.0003042314201593399,0.0008107987925384808,5.23004039218386e-05,0.0002931170165538788,8.75760820597607e-05,1.539674239828617e-05,7.4803829193115234e-06,0.0014554864399167547,0.001370847048736079,0.0005679279565811157,2.851587473715056e-05,0.00010969262578081757,0.0006127171218395233,0.0012589547576259408,0.0004294307806292433,0.0006079338490962982
373,0.0017891945472755244,0.00033808344054251857,0.00022629648447036743,0.0009473226374468458,0.00021600648454514482,0.00039585866034030914,8.796298083689133e-05,1.884912050487868e-05,1.957640051841736e-05,0.0034197929448171495,0.0024545430091763576,0.0008804909884929657,0.0008065902438459255,0.0008356042510072464,0.0011801272630691528,0.0009749967313110175,0.00023419713845133916,0.0010011084377765656
374,0.00041851141851143026,1.0320408837131978e-05,0.0006427206099033356,0.0004293143302845359,4.6490472845103076e-05,0.00047939829528331757,0.00017831757144877967,2.821862090966569e-05,4.3217092752456665e-05,0.0030796192332417267,0.00039247446802551794,0.0003968439996242523,0.0021976696696413833,0.0004972803897768663,0.0001699402928352356,0.00119031302436709,0.0006543481134488535,0.0006164051592350006
375,0.0007375721536044266,0.0002329395414886297,0.0003347191959619522,0.0006298559162830342,0.00017108165769353853,0.0002235695719718933,1.2977386386116632e-05,2.431662348013376e-05,3.756582736968994e-05,0.000807089694386743,5.805365607915863e-05,0.0006057862192392349,0.0005190652007098714,0.0007964204924338775,0.0007717050611972809,0.0016454336065424013,0.0005099245680841354,0.001108311116695404
376,0.0013914624135754061,7.374032831940561e-05,0.0007194560021162033,0.0014797897179504027,0.0003336118764808299,0.0006838478147983551,6.176249411194053e-05,1.6813295372364117e-05,7.164850831031799e-05,0.0028725834258270244,0.00010836023218011026,0.0007014665752649307,0.0017840661874282196,0.0004915636338696933,0.0007714349776506424,0.0015978814328911906,0.0001249903233880162,0.0011019930243492126
377,0.0018733594453262947,0.0003851888631871067,0.0005566328763961792,0.0004540637648612067,7.59458326539883e-05,0.0004783701151609421,4.043377105058914e-05,1.0311458420972884e-05,3.049895167350769e-05,0.0018928700342195556,0.000320962859706897,0.0005588345229625702,0.002075752318936454,0.0007628871403962401,0.0004936326295137405,0.0005000369083496548,6.74700483121321e-06,0.0003842674195766449
378,0.0018090058691386801,0.0002860525472203161,0.0007187537848949432,0.00032787821422780583,0.00020565101630841062,0.0007234085351228714,7.401974732985928e-05,7.168649704636333e-06,0.00010121986269950867,0.00019563245219300987,0.00041656027918218763,0.0014415588229894638,0.0012891046156102356,0.0009664939779991943,0.00145765021443367,0.0003369893958487802,7.057964312481672e-05,0.0018229223787784576
379,0.00012761739239045,0.00010814799207446366,0.00018839165568351746,0.002238588689064902,0.00017790146376661653,0.00027280673384666443,2.4313412355612962e-06,1.0720763005503918e-05,2.9489398002624512e-05,0.0021498229177114095,0.0003292312806819353,0.0005597583949565887,0.0015369770936242352,0.00022515538851702183,0.00047643110156059265,2.356886135074232e-05,0.00027958367308257223,0.00034431368112564087
380,0.001053972598761832,0.0005399164394499119,0.0006857365369796753,5.964225202625961e-05,0.00020501283723832475,0.0004350319504737854,3.147389416334467e-05,6.574471873532187e-06,6.30505383014679e-05,0.0021492152233216835,0.00034548892727316594,0.00032720714807510376,0.001164139775138455,0.0006171245703348593,0.0006494317203760147,0.00018938321220887677,0.000176693833005696,0.0013508275151252747
381,0.0025998573013606974,5.8645693354383854e-05,1.7601996660232544e-05,0.0016047101540188347,0.0001129490023601791,0.00019950047135353088,9.09195590056179e-05,1.6081288679760364e-05,3.246963024139404e-05,0.00047140928500283286,4.65724374968321e-05,0.0010735932737588882,0.00016634432671486232,0.00044422811488642466,0.0007905047386884689,0.0028697795740030563,6.19533558717314e-05,0.0009974241256713867
382,0.001557975380381299,4.891264571655826e-05,0.0011039860546588898,0.000896856797375778,0.00037797202143653383,0.0007341466844081879,0.0001140130177148934,9.294807196081906e-05,8.80807638168335e-05,0.00026355351054017234,0.0015573390552961267,0.00029589422047138214,0.00022329881287039277,0.0017156002348417618,0.0007847845554351807,0.0007028790001699647,0.0015041167518887316,0.0012797638773918152
383,0.0008831020762146424,0.00018978213122346557,0.0006566382944583893,0.00021589277601780088,0.00048005795872424484,0.00043897517025470734,0.00014301855043073047,1.0437470275772827e-05,2.573058009147644e-05,8.6213157892083e-05,0.0006241037293532245,0.00039086490869522095,0.0003018189204222338,0.0002952572380401086,0.0001126416027545929,0.0018642025029825815,4.259268455118759e-05,0.0002824738621711731
384,7.970216560959642e-05,0.0001658002837773495,0.00041891448199748993,0.0007955777408648057,0.0001275254270276839,0.00011222809553146362,3.8562472236157094e-05,2.9896325791878135e-05,1.1917203664779663e-05,0.000818309937188566,0.0002882609549655704,9.20463353395462e-05,0.0008798629224910717,0.0008498006368374833,0.0005242377519607544,0.000981788915344145,0.0007206785762229363,0.0006677731871604919
385,0.0010061875803398512,2.573465905283262e-05,0.0002273228019475937,0.002125448965439869,0.00014400823426614917,0.00012281537055969238,4.190462960443689e-05,2.23506687579316e-06,4.1507184505462646e-05,0.0009463254097091048,9.392164221138505e-05,0.0006244722753763199,0.0013285277289776729,0.00038079241843669287,0.0007750187069177628,0.00040406772131953983,0.000129510324641334,0.000840798020362854
386,0.0007051490037596475,6.985144481329655e-05,0.000200735405087471,0.00024662310055761916,0.0004009935932991794,0.0003401469439268112,2.2454933598188218e-05,4.8584247042038255e-06,1.0292977094650269e-05,0.0003717432474610455,0.0006319513819308953,0.00042969174683094025,0.00037108403617183705,0.0002448013830085097,0.0006275065243244171,0.0002839664807822162,8.507176356912192e-05,0.0008082538843154907
387,0.00012952477793926054,0.00102178912810022,2.349168062210083e-05,0.0005448244599363938,0.0001716022659504074,0.00011346489191055298,3.355462960541629e-05,2.692533622747459e-05,1.4230608940124512e-05,0.0006804398482733592,0.0005769432227280616,0.000340927392244339,0.00020868793799204421,0.0005191407647790469,0.0005432534962892532,0.0002741360044821728,0.0005431388902987916,0.0004123188555240631
388,0.0007991140321931267,0.0006819304654440868,0.0002920664846897125,0.000998720522476182,6.727922594012073e-05,3.9814040064811707e-05,5.624843644533653e-05,3.4488449245466185e-05,5.162134766578674e-05,0.0001128310799337201,0.00017138800552901623,0.0010252781212329865,5.841466503670595e-05,0.0006446065297621879,0.0007181465625762939,0.0014098847731336128,0.00035232944879323193,0.0009712837636470795
389,0.00017132666990257728,0.0003230445434318392,0.0012547727674245834,0.0004971197165319907,0.0006416313751176593,0.0013668742030858994,0.0002280905598638864,6.638126857536845e-08,0.00015236809849739075,0.0014531672629071665,5.094752468819824e-05,0.0011283885687589645,0.0011277394926326595,0.0005312021942559982,0.0009343195706605911,0.0013743724077589503,0.0001877062737235917,0.00254233181476593
390,0.00011255703911736137,3.89325537697785e-06,1.5012919902801514e-05,0.0005664673787553198,0.0003100756494939551,0.00016104243695735931,9.263937379405326e-05,1.3275763399331797e-05,1.4256685972213745e-05,0.0005486868620119961,0.0001920777907802665,0.0004445984959602356,7.088991484383023e-07,0.00017833775514461067,0.00028602778911590576,0.0014071392639830038,0.0003590004819296992,0.0005182363092899323
391,0.001333504190082796,0.00015063198475840506,0.0005424823611974716,0.0008965396859599573,0.000607833145834423,0.0007164832204580307,0.00018529834021838686,2.213508312451655e-05,3.169849514961243e-05,4.470890889702456e-05,0.0010558388683728354,0.00022968091070652008,0.0005942539875693625,0.0012228951854975634,0.0005019344389438629,0.00014684527438310613,0.0004508059598413664,0.0003637075424194336
392,0.00011949743968300841,0.00032723640002875823,0.0008479245007038116,0.0008438823168261944,0.0004254880652442526,0.0008391812443733215,0.00035857904793192875,4.204599628587725e-06,0.00010120123624801636,6.683777510569505e-05,0.0010377012206723366,0.0006428807973861694,0.00041500997709501,0.0006020242397599025,0.00047937966883182526,0.00035039119790414297,5.166060228019298e-05,0.00216071680188179
393,0.000379901479348993,0.00044499557563886655,0.0007909014821052551,0.00016691448691311117,0.00020961739027329854,0.0006208065897226334,0.00019859507109950408,6.217593153332859e-07,5.4080039262771606e-05,0.0008240972994484688,0.001068893216982579,0.0002732854336500168,0.0008014551299948824,0.00023531616890064971,0.0002101566642522812,0.0015528640258710147,3.85761088268332e-05,0.001055605709552765
394,0.0012997499802294976,0.0002581295543058436,0.00020013749599456787,0.0011581837079127355,3.4198746236349664e-05,0.00045919977128505707,0.00012683852028100295,2.4745031470808335e-05,7.778406143188477e-06,0.0006373910884932762,0.0006415502140288756,0.0008986890316009521,0.0014134803544020927,0.0001661926892809265,0.001197202131152153,0.0020460971032146558,0.000641502122566329,0.001029524952173233
395,0.0011141541311823489,0.00027006159378130737,1.095607876777649e-05,0.0020832675434618864,0.0003392115481332947,0.0004021972417831421,0.0001361174761622952,5.171671285147592e-05,4.170835018157959e-05,0.0006433381207657934,0.0004617433923078118,0.00022723712027072906,0.0015965209201944525,0.0012165776708725623,0.0003721751272678375,0.0004586262267173846,0.0008192312071503491,0.0004574507474899292
396,1.8972015873058856e-05,0.00020766917596009432,0.00016457028687000275,0.0011680243431726745,0.0007014824998437669,6.221979856491089e-05,2.5948696674828534e-05,1.039610046808543e-05,3.0308961868286133e-05,0.0008984007771687397,0.0005281269248259765,0.00018377229571342468,0.0012481495008930185,0.0009540731249631819,5.699135363101959e-05,0.0011054235023482684,0.0002923869743982326,0.0007602125406265259
397,0.0005950760233668639,0.00041658258214971947,1.6961246728897095e-05,0.0010889467623952376,1.4173014505451664e-05,0.0004197005182504654,0.00015320409436586808,6.23632552476652e-05,1.4699995517730713e-05,0.00014146807469178624,0.001277208349054898,6.723031401634216e-05,0.0014076672015777766,0.0020111701538395033,0.0005093365907669067,0.0014978029823928263,0.0010758681895119172,0.00022748485207557678
398,0.0007915085404238964,0.0007495724865649589,0.00020341947674751282,0.001200476744126655,0.00018361597930707796,0.000386163592338562,3.708331917926487e-05,5.7169545413683544e-05,1.1682510375976562e-05,0.00031927096098856994,0.0010047827750113356,6.456859409809113e-05,0.0008118689995102041,0.0014701973914355258,0.0009007547050714493,0.0015513076341441001,0.0010602095880552394,0.0002793557941913605
399,0.00026496191888020215,0.001275326667459522,0.0004170369356870651,0.0004278516549380551,0.0005003975542994393,1.023896038532257e-05,0.00012530797069605984,5.162580684328058e-05,5.336850881576538e-05,0.00038643495045587173,0.00016300953451200972,0.000514717772603035,0.0003399187933699338,0.0014045092715838856,0.00012189522385597229,0.0009138765514928038,0.0009254277140343919,0.0005846172571182251
400,0.0003007955173604526,0.0010474289507430672,6.575323641300201e-05,0.0009548841865304192,4.246588542635918e-05,0.00019148178398609161,0.00012179115038608683,3.484756235624248e-05,3.071874380111694e-05,0.00017338284236393525,0.0003820905559294499,4.7054141759872437e-05,0.000594644820298626,0.00024449183318508635,0.0001612529158592224,0.0022049115197777525,0.0006295721800396812,0.0007073171436786652
401,0.0014525396195036455,0.000531601546574733,0.0008980818092823029,0.0016382211725806117,0.0005654625821898789,0.0006876680999994278,3.7439879108817214e-05,7.197075267212838e-06,4.215165972709656e-05,0.0003278657369556112,0.00018180484770705108,9.247288107872009e-05,0.0008310041248063282,8.765513393472688e-05,0.00017283670604228973,0.0001800815213939544,6.367865328727601e-05,0.0010478273034095764
402,0.00039553406412273784,0.00013193093812110396,0.0004441458731889725,0.0006507136360379695,0.0005147817968585641,0.000505153089761734,4.262170296371118e-05,6.548707811740418e-06,2.1521002054214478e-05,0.00044148576091085356,4.98402768645545e-05,2.833828330039978e-05,0.0012859218161603639,0.00026096174356984164,3.695860505104065e-05,0.00011124456073091649,0.0001842414269810494,0.0003231540322303772
403,0.0003759805579308939,0.00020937131579471316,0.0006106477230787277,0.0006227116562937118,0.00034538967317697053,0.0006243307143449783,4.301030263843299e-05,6.8294081241303825e-06,6.908178329467773e-05,0.0010257015544296796,2.9909812241955824e-05,0.000848306342959404,0.00019174131416341972,0.0005087533455119427,0.0007735006511211395,0.00024262451704451515,0.00019308019705445434,0.0013065934181213379
404,2.3154312801448862e-05,2.5105695768648517e-05,0.0001360829919576645,0.0012130164702466584,0.0002125298132217672,0.0002971868962049484,1.1661078565287572e-05,3.5593727131206588e-06,9.585171937942505e-06,0.0001856352880062473,9.471403471005696e-05,0.0005478151142597198,0.00017418643524517996,0.0010718749852469296,0.0002873297780752182,0.0007448465797730008,0.00015730030725174746,0.0008666105568408966
405,0.0008548333888495074,7.837137970823777e-05,3.824383020401001e-05,0.0019352670745453882,0.00020553429352396235,0.0002618301659822464,9.495008922064466e-05,1.6673221874763606e-05,5.200505256652832e-06,0.0010022154908945133,0.0002595178311628546,0.00037010759115219116,0.0009701132752739094,0.0010923254733003103,3.684312105178833e-06,0.0004875702820026917,2.532319079349976e-05,0.00041718408465385437
406,0.00015570071069595515,0.0002771805731498593,0.00018477626144886017,0.00023777042701325635,3.2820111444089445e-05,9.200349450111389e-05,6.402384082834257e-05,3.0946651776131017e-05,9.618699550628662e-06,1.999057845392116e-05,0.00040512811999025844,6.23166561126709e-05,0.001026683908283428,0.000523117608284291,0.00015607476234436035,0.00010475501091175565,0.0006384053966901788,0.00022708624601364136
407,0.0014619859595918772,9.91096055449267e-05,1.1194497346878052e-06,0.0010332537685983356,8.308545450829569e-05,3.3250078558921814e-05,5.132668724249986e-05,1.264475582014933e-05,1.171603798866272e-05,0.000489514954257364,0.0003623251533365207,0.00015579350292682648,0.00011314466643627674,0.00012962273599397695,0.00010416284203529358,8.511407286324046e-05,0.00018707314760805886,0.00022119656205177307
408,0.0005135998630537153,0.00039492901645503745,0.00021869689226150513,0.00014175637613747516,0.0005663277187179967,3.8893893361091614e-05,3.115000553832216e-05,7.56877770641479e-06,1.2297183275222778e-05,0.0008869193316208973,0.0005300822616675499,0.00023515336215496063,0.0004029744161588092,0.00022731575952268657,4.194490611553192e-05,0.0013690015185268134,0.00023611411914321347,0.00013586506247520447
409,0.00047694390058616865,4.1220027826919386e-05,0.00018484517931938171,3.826453116639872e-05,0.00025625365822848703,2.3946166038513184e-05,5.973123654726478e-05,1.9196410124608723e-05,4.7381967306137085e-05,0.0005879624833989711,0.0010371373811842097,0.000550493597984314,1.3880343381067473e-05,0.00019039811340737164,0.0008815061300992966,0.00017870354207719097,0.00026729503320791805,0.0006219819188117981
410,0.0009870780305150928,0.00029831842469944456,0.001172393560409546,0.0001573683931558323,9.64397555542583e-05,0.000938834622502327,6.256210757048936e-05,6.37692405452148e-06,9.870529174804688e-05,0.001732683522263398,0.000783630309672774,0.0005676113069057465,0.0015689518811971212,0.00039078938700110033,0.0010025519877672195,0.0018618523314019308,6.390806732203304e-05,0.0015365555882453918
411,0.0009601517285441341,2.049203026862137e-05,1.0527670383453369e-05,0.00031324676808036633,0.0005054850222931187,0.0002919640392065048,0.00013702080572544455,4.662579546426879e-05,1.2639909982681274e-05,0.0006209026625373371,0.0008460163219119118,8.104369044303894e-06,0.00037995974432229046,0.0011172246157052299,0.0005575269460678101,0.0005664161454764782,0.0008285225887180291,0.0009743086993694305
412,0.0015864225027318601,0.00041133486246648643,0.00030881911516189575,0.0009272381184973755,0.0004671773614846747,0.00020585767924785614,7.419528011932269e-05,1.7162500665571104e-05,5.587935447692871e-06,0.0019424109630111416,0.00011434964930407548,0.0002879425883293152,0.0014197382390268715,0.0010072731128692655,4.4152140617370605e-05,0.0004965259118732968,0.0005001862832828049,9.975582361221313e-05
413,0.0001347873285776069,0.00035119403039911637,0.0012734215706586838,0.0007424935246186926,6.648442747626479e-05,0.0010771267116069794,0.00016572456569533336,2.9698185220336883e-05,8.871033787727356e-05,0.001517368530381584,4.44890563110964e-05,0.00030939653515815735,0.0014817588546641239,0.0003160212709341914,0.0006308797746896744,0.0001988007765355848,0.0006489401083406912,0.0016806237399578094
414,0.002717565414772416,0.00044479929397812923,0.000998208299279213,0.0017855035622859894,0.0015692100409622073,0.0012033488601446152,0.00023268294574850176,3.997907678120584e-05,9.175390005111694e-05,0.0009047653784150095,0.0004603097234843548,0.0014487039297819138,0.0005336629497861151,0.0002822314859858045,0.0016583800315856934,0.0004285863283336744,0.0004755805554252628,0.0031022876501083374
415,0.0014178098594849198,0.0013498865133449132,0.0001227688044309616,0.0037551105964347686,0.0009132665235763691,0.00017571263015270233,0.00015621882435142356,2.0008998742963077e-05,7.338821887969971e-07,0.002307684931367897,0.000286914215778665,0.00020102784037590027,0.0026539547254596993,0.0005291518193228061,0.00035727769136428833,0.002714628154514509,0.0004695517218881815,0.00026054680347442627
416,0.00024927384418102494,0.0009048818649451569,0.00013492628931999207,0.0014551835385729628,0.0006369495668853697,0.00031981058418750763,0.00019448969301177552,3.10980601399731e-05,1.1671334505081177e-05,0.0008450921205520115,0.00010863191276019868,0.0008395332843065262,0.0013914591662238726,0.0012321622257599855,0.0011585298925638199,0.0008212743297453251,0.0004964083919303496,0.0006903298199176788
417,0.0024418127256758404,0.00011257351767274965,0.0013704542070627213,0.003686501096911987,0.0014669148751779923,0.0014519914984703064,4.832653356373444e-05,2.1450066025144885e-06,1.9799917936325073e-05,0.0018289240919491453,0.00014373343313991288,3.4980475902557373e-06,0.002458039365353895,0.0007480065729226007,0.00013405270874500275,0.0004884951739317633,0.0002602605805301049,4.3857842683792114e-05
418,0.0035657994678098826,0.0003323616774891826,0.0017971117049455643,0.003764627428120143,0.0005449994201334254,0.0017199069261550903,8.444934264317458e-05,4.163003728994334e-05,0.0001054517924785614,0.003125298347729226,0.0006287515715532668,0.00046259351074695587,0.003473182421641227,0.0002901456621579694,0.00043041445314884186,0.004383729135952391,0.0003805853814611883,0.0016931556165218353
419,0.0017287038338921756,8.641402811183224e-05,0.0003738328814506531,0.002331150470590959,0.0003137449455504378,0.00030339136719703674,0.00015098893729348188,6.832574459859474e-06,3.5878270864486694e-05,0.0011168632743682252,0.000302978432613947,3.905966877937317e-06,0.0021906405165468754,3.137148559003225e-05,0.0001405477523803711,0.0015905092418513345,1.6607617067943697e-05,0.0015329346060752869
420,0.0005282384141311047,0.0002304307930533385,0.0008388832211494446,0.0005753105298946237,0.0005115639851467138,0.0004523657262325287,4.7861930069406644e-05,6.736217553099497e-05,1.9669532775878906e-05,0.0017130055809389047,0.00036262944197715946,0.0006363280117511749,0.0014970646125280485,0.0012315951013715867,0.0001044590026140213,0.0006002898816952484,0.0011225283844059214,5.4989010095596313e-05
421,4.122445620158288e-05,0.00011481795557669386,0.0002936664968729019,0.0002106573208495166,0.0004031095189612373,8.972734212875366e-05,8.199926042779491e-05,3.8992900091274906e-05,1.3485550880432129e-06,0.0005486875843494707,0.0004172503249916318,0.00027759745717048645,0.0004906989699299466,0.0006845384113445263,7.092393934726715e-05,0.0003871435770351761,0.0006917870844344396,0.0004489123821258545
422,0.0002601843536685633,0.00023750211848663078,4.552677273750305e-05,2.5270293779605657e-05,0.00015777743185962229,0.00025323033332824707,6.099039862937465e-05,3.786208632570456e-05,1.2073665857315063e-05,0.0006946428599249876,0.000700141466077206,0.00015472806990146637,0.0007283693636932279,0.0007603384909904733,0.0004904437810182571,4.328465494274347e-05,0.0007223864333338343,0.0003270655870437622
423,0.00026078862905892786,0.0006767322990266882,0.0006712935864925385,0.00046085906802323384,7.813837906568005e-05,0.00027196668088436127,1.7098315162467417e-05,6.53458208092685e-05,1.0903924703598022e-05,0.000481411374494263,0.001060796396382839,0.0003503933548927307,0.0009774256237336382,0.001554022276258303,0.00028180330991744995,0.0013886135838105107,0.001214540538508141,0.0002768859267234802
424,0.0017633139205744108,0.00041388429835424734,0.0004981532692909241,0.00020723438251615822,8.693112130350733e-05,0.00037821754813194275,0.00011556893840381291,3.7023958140936994e-07,1.9945204257965088e-05,0.0004587624857510311,0.000212135564239678,0.0007237270474433899,9.906750609602749e-05,6.7395480652168716e-06,0.0005510188639163971,0.0003578378740130561,0.0001196888721637767,0.00022055581212043762
425,0.0013486202423997895,0.0005644676557336643,0.00014666840434074402,0.0013028173961937284,0.00022197501783923976,0.00030369311571121216,6.253225226457784e-05,2.660040736302124e-05,2.8230249881744385e-05,0.0009933540806658508,0.000532638364712984,0.000301627442240715,0.0003917683183408682,8.98270636985124e-05,0.00047106482088565826,0.0017097739654623467,0.0005035739136608278,0.00015401095151901245
426,0.0005903857364252529,0.0005446035001351046,3.1871721148490906e-05,0.0005945579286994185,0.00011580812691218759,1.9742175936698914e-05,3.261706356303372e-05,3.723577709928926e-05,3.9968639612197876e-05,0.0005468730098125776,0.00027681473193421485,6.852298974990845e-05,8.697109762751537e-05,0.0009983928535558656,7.969699800014496e-05,0.00021052166416352103,0.0009407557438903726,0.00042824074625968933
427,0.0018862646302222341,7.599643202450823e-05,0.00014061853289604187,0.0010314112062092262,0.0004095939560981414,0.00021548382937908173,6.3944573383495e-05,7.620709059271975e-06,2.734363079071045e-06,0.0014970050138517904,0.00037273042219643227,0.00018309429287910461,0.0010675376245855642,0.0005830361894147706,0.00011902861297130585,0.001558267272581848,1.8391833934329124e-05,0.0001935996115207672
428,0.00021848126939486012,0.0007194181133774041,0.00011563301086425781,0.000889060818489551,0.0005463096679045737,0.000146523118019104,3.585277131473025e-05,4.797334219387478e-06,2.3506581783294678e-06,7.972219802402508e-05,6.258686224388382e-05,0.00027461908757686615,0.00020028527579306343,0.00016094137893935337,0.0003449097275733948,0.0005963838507043462,3.6915529587325593e-05,0.00022479146718978882
429,0.0006909369760448592,0.0005537277582356968,0.0005800798535346985,0.0006906515924979817,8.905327877741301e-05,0.0005611497908830643,0.00015073033910331657,1.331957028447234e-05,3.3449381589889526e-05,0.0015747409786472655,3.020759798844086e-05,4.165247082710266e-05,0.0009456656748249789,0.00022828832817980982,6.125681102275848e-05,0.0017980572241885762,0.0001915476439712481,0.0003975182771682739
430,0.0007295691441033259,0.00022468957007745413,0.000430447980761528,4.5183509804730404e-05,0.00019054914842146775,0.00035767629742622375,4.877828943984468e-05,1.0655729016151088e-06,3.668665885925293e-05,0.00016982320093558018,0.00029970015155145885,9.267404675483704e-05,0.0005719138513172045,0.0003321724615780626,0.00022296234965324402,0.001205536241223354,0.0001881887620218993,0.0006449446082115173
431,0.0009006011236918632,0.00010856985882584311,0.00014710240066051483,0.001030242047010077,0.0002047105359664729,0.0001898631453514099,4.484764275455681e-05,2.7378189003673167e-05,3.125518560409546e-06,0.00031212489886255773,0.0003258010612047571,0.00034171342849731445,0.00020779670956076746,0.0002494209931827862,0.0003626123070716858,0.00042184700045447276,0.0003110044835751835,0.0002741105854511261
432,0.00031624912314381914,0.00020494666925810479,0.00039392709732055664,0.0007253613052082553,0.0008050010990359145,1.5221536159515381e-05,4.484423498362505e-05,6.330284610654897e-05,3.1832605600357056e-05,0.001141873174164261,0.0010433385873724749,1.1339783668518066e-05,0.0006055517095757898,0.0009611267997143083,0.0005275532603263855,0.000438825866205389,0.0009605186209524219,0.0001885741949081421
433,0.0006403760677443637,0.00022882628751790327,0.00046852976083755493,0.0014478037643795294,0.0005954740329159394,0.00012931227684020996,6.595799182502679e-05,6.822954496248426e-05,3.493577241897583e-05,0.001704534810071455,0.001136261754751046,0.00025686994194984436,0.0006457495340821406,0.00105713790317161,0.0008394047617912292,0.0004221807774936748,0.0011778251445918424,0.0002779178321361542
434,0.0005507797945333015,0.0002932372102466413,0.000386260449886322,0.00023298601899260363,0.0001463970779177065,0.0002648867666721344,6.032953070522935e-05,4.9585590623574564e-05,3.933161497116089e-05,0.0007486618638744211,0.0006027854718171632,0.0006718877702951431,0.00014095162537899886,0.00140250207977477,0.0009580198675394058,0.00012770238776071974,0.0010418631876250584,0.0009960159659385681
435,0.0012134259757585475,8.207343798441111e-05,0.0003896057605743408,0.0009200150190937784,3.554194805654651e-05,0.0005056001245975494,0.00011700748166743914,2.1018151859867923e-05,0.00010081008076667786,0.0009102583627022542,0.0001210945732230892,0.0010124258697032928,0.0006399384699134619,1.9107533503717744e-05,0.0008524749428033829,0.0014997267539898773,0.00021516820540506965,0.002150312066078186
436,0.0004943371067613334,0.00030579312303702713,0.0006225015968084335,0.00031514563531342965,0.0005655444741473822,0.0005342606455087662,5.589286247611493e-05,2.6045270996548483e-05,2.3517757654190063e-05,0.0013408438011964577,0.0007535312689628398,6.336905062198639e-05,0.001151107416509492,3.5635250861091455e-05,0.0001675765961408615,0.00017331389870564595,0.00046105969580114217,0.00020062923431396484
437,0.001097765052234384,5.2533446404861434e-05,0.0008435696363449097,0.0022354246692296575,0.0001776595075648861,0.001009829342365265,0.00014299052412536026,1.7874090856384345e-05,8.339434862136841e-05,0.0019056125252369036,0.0003498102229150604,0.0005044415593147278,0.0024679512615438173,0.0009999361159775781,0.00022777728736400604,0.0021002907653812353,0.00032124423225521684,0.001379154622554779
438,0.0002400601786328449,0.0003552770073788,0.00023436546325683594,0.0011909125436902757,0.0001280780500139446,0.00015523843467235565,2.6863052761089135e-05,1.3023784323888525e-05,4.373490810394287e-06,0.0005880749241355468,0.0003479337514894626,0.00016587786376476288,0.0009638443034901481,0.0009920176504318347,7.181987166404724e-05,0.00036053871792135483,0.00036051235540946955,9.430572390556335e-05
439,0.0011855765929874862,0.0005770848849856042,0.0005311854183673859,0.0007860733759104122,0.00039355484341518226,0.0006186161190271378,0.00010763124621130868,3.9148220998184513e-05,2.4009495973587036e-05,4.383731453808798e-05,0.000282525480962012,1.4891847968101501e-05,0.0008153015625721322,0.001093768118752874,0.00019828416407108307,0.0007935960814079712,0.0006833290720452134,0.0005978979170322418
440,0.0006341969445894935,0.00035935509896262846,0.000804675742983818,0.0008638806157912349,0.0003411788388565165,0.0005671996623277664,3.006052699882321e-05,4.493276517135089e-05,4.4967979192733765e-05,0.0011696150121968465,0.0011642752227449538,8.941628038883209e-05,0.0009949441525694894,0.0005680911073604605,0.0002982728183269501,0.0017024257042490554,0.000615384786087067,0.0006675459444522858
441,0.0008050658855011661,6.0246636746700416e-05,0.00035482272505760193,0.000672914442694128,0.0003316918191203569,0.00040176138281822205,3.958077910468094e-05,7.596876780580227e-06,4.713982343673706e-05,0.000221248599361977,0.00035598321222445745,0.0004681777209043503,0.0004253706271092894,0.0006067202077668747,0.0005074981600046158,0.00024147322394091342,0.0001295512795804546,0.0008371882140636444
442,0.0005196220184582878,0.0003774801174386312,8.934177458286285e-05,0.00025234672171123296,0.0004539494593656483,0.000166427344083786,9.066737482617965e-05,2.9291369745304443e-05,1.7210841178894043e-06,0.0005397388294183306,0.00013983363810431138,0.0001336894929409027,0.00040205766721172764,0.0007957437141237547,0.00024530477821826935,0.0007197886726970637,0.0005519468748747744,5.8632344007492065e-05
443,0.0007067329271560341,0.00019606824435914813,0.00026351213455200195,0.0011260530309716854,0.000481614939985546,0.00027205608785152435,7.347099162199194e-05,1.9461270322750643e-05,3.563240170478821e-05,0.0008483615598198352,0.0002010121956070865,0.0005169659852981567,0.0008215650711721062,0.0005258120704139148,0.0004846043884754181,2.0155566674479042e-05,0.0004647408715777856,0.000947561115026474
444,6.237419189836224e-05,0.0002766461005926889,0.00016050785779953003,0.0008249801354989206,0.0002946371074320116,6.726570427417755e-05,7.532087327274603e-05,2.5740701738620345e-05,4.487857222557068e-05,0.00017668832795054296,0.0004965950085009871,0.0008332859724760056,0.00015157302708635606,0.00028168534598279824,0.001175926998257637,0.0008144307987592581,0.0004744715662879165,0.0010192133486270905
445,0.00041135880739018305,0.0004943853662381197,0.0002863314002752304,0.0008187887123806414,0.000411932651233949,0.00015856511890888214,3.7355406179148676e-05,2.230908894671987e-05,3.699585795402527e-05,0.0008113319688203349,0.0005449901066113885,0.00015560351312160492,0.0007214915127277538,0.0006472516538313829,3.5861507058143616e-05,0.00046566542599937866,0.0005390098853270842,0.0009604617953300476
446,0.0007305567259857093,0.00038076618654436095,0.00011766888201236725,0.0015404721152295353,0.0002931947228654759,0.00015894323587417603,3.8929754729882804e-05,3.782172538483158e-05,4.96692955493927e-05,0.0009969200453736407,8.955887185269074e-05,0.0002636127173900604,0.0012789294717718697,0.0005685987123861154,5.76116144657135e-05,0.002369502380727584,0.0007627102429851977,0.0009796544909477234
447,6.045572537821675e-05,0.00031195358240877075,0.0008456949144601822,0.0004701931133292703,0.000312647158614867,0.0005465727299451828,6.0364614533511135e-05,3.976891354716405e-05,6.004422903060913e-05,0.000455989483018282,0.0007494371948390949,0.0011898931115865707,7.220089088495751e-06,0.001175926671037237,0.0008186958730220795,0.0012631509610220026,0.0008996898868703224,0.001420382410287857
448,2.430492102431514e-05,0.0003486440850221928,0.0005712639540433884,3.5425028528018876e-05,0.0005741067408105149,0.0005016829818487167,0.00010578942435396713,8.125200360578058e-06,2.460181713104248e-05,0.0005417716983170326,0.0004251813853002398,0.0007986761629581451,0.00046890602920914015,0.0004007061674179621,0.000684686005115509,0.001963437373633581,8.799769822402138e-05,0.0008665099740028381
449,0.0006822294531083906,0.0001125014746827975,0.00024099275469779968,0.0006213563987180482,7.260292566794654e-05,0.0005654171109199524,3.5831709347089805e-05,2.456699210588351e-05,3.166496753692627e-06,0.0004990658600327186,0.0013793204021368757,0.00031611137092113495,0.0003044507818819042,0.0006196923457858702,6.1003491282463074e-05,0.002146174764917602,0.0006409406715823258,0.0001151449978351593
450,8.834135794538733e-05,0.0005782670527158702,6.258487701416016e-06,0.0002644837227655794,8.071676251325197e-05,0.0002765972167253494,1.9803653585254155e-05,1.585793449931862e-05,8.877366781234741e-06,0.001010067857612408,0.0009250578111737531,0.00021592341363430023,6.393269537503105e-05,0.0005199120708287187,8.044950664043427e-05,0.0013611635898725105,0.000369618881926867,0.0004032813012599945
451,0.00039509957248343164,0.0005250574147244585,0.0003954600542783737,0.0006312447685953848,4.1940521588054724e-05,0.00020736083388328552,0.00011100601518656932,2.7310934738649772e-05,2.119690179824829e-05,0.0012208294194240507,0.0006872607794590063,0.0004334300756454468,0.0005585611339281454,0.0003645207190868631,0.00021600350737571716,0.00031460339654684755,0.000533270191983664,0.00038869306445121765
452,0.0003848891710613589,0.0007020953777221867,0.0005740821361541748,0.0008791800968450114,3.7808152986755494e-05,0.00031930580735206604,5.2343007582030324e-05,4.559135011854374e-05,1.8343329429626465e-05,0.0019131614281069978,0.0011730173666282956,0.0005264934152364731,0.0014626932718985741,0.0002852835005491723,0.00015287846326828003,8.839908308197475e-05,0.0008668749738477803,0.00022736936807632446
453,4.8691967901304256e-05,0.00017232370817081566,0.0005271248519420624,0.00034374958424848723,0.00037120093239455254,0.0003905445337295532,4.883326946532145e-05,9.404056458901973e-06,1.1343508958816528e-05,0.001395241124003757,0.0004904993656339243,0.0007194969803094864,0.0010069441510473093,0.00033023968148536073,0.00046283379197120667,3.362795675942998e-05,0.000367839565805805,3.118067979812622e-05
454,5.9542605278378735e-05,0.0004705084194853229,0.00012421607971191406,4.150591032925366e-05,0.0002113041316613093,6.362609565258026e-05,2.8353233308065634e-05,2.2225150728756582e-05,3.964826464653015e-05,0.0008816776628573914,0.0005984110553632141,0.000841991975903511,0.0003108200844083933,7.316602939207856e-05,0.000565946102142334,0.0009502549863355803,0.00043530820541369704,0.0006867498159408569
455,0.00044156694823638265,0.00023231047471945765,0.0004553869366645813,0.0005347156424529431,0.0004689932231546484,0.00019186176359653473,3.9998487511676284e-05,3.356967092092494e-05,2.5402754545211792e-05,0.000976058930702392,0.0010736636714333558,0.001076163724064827,0.00016514960365156955,0.0006349535112120976,0.0007072184234857559,0.0009964486002456419,0.0005542040850197924,0.0008674226701259613
456,0.0005437166767679746,0.0005218071145372018,0.00020821578800678253,0.00033124502929077204,0.00018172637426299224,9.723007678985596e-06,2.0064355126362537e-05,1.2111808228034175e-05,1.7136335372924805e-06,0.0007359703871659684,0.000535235302902573,0.0005861353129148483,0.00031881677730889735,0.00038984600889440876,0.0003307107836008072,0.0012706445050265636,0.0002309091357181204,0.000394970178604126
457,0.00048656198166999176,0.0003343601482916417,0.0003291647881269455,0.000817841485037607,9.898705939769686e-06,0.00022057443857192993,4.611391835771493e-05,1.1044682196407639e-05,1.6223639249801636e-05,0.0005841177154537122,0.00020174734318352538,0.00035137496888637543,0.00019903236658078832,0.0001316429423537449,0.0002545136958360672,0.0010153053259960576,0.00022926415229305823,0.00032968446612358093
458,0.0005296796745272447,0.0003551497302494294,0.0002952180802822113,0.0009034530784190475,1.7523632277988838e-05,0.000364646315574646,2.4448409237334823e-05,3.819443827646684e-06,2.2277235984802246e-05,0.0008996670688906847,0.0001287766717761804,0.00011636130511760712,0.0005663594915616757,0.0004968120380025656,1.6361474990844727e-05,0.00012188146105834852,0.00011679898224537313,0.0004317648708820343
459,0.0010705519068926472,0.00017581408626312495,0.000208243727684021,0.0007383897562057984,0.00021915965682743968,4.7808513045310974e-05,8.268172487990721e-05,1.3130772367425311e-05,4.730746150016785e-05,0.0001921510071740129,0.0008257309076912939,0.0005273595452308655,0.0007635773252568714,0.0007966079739250044,0.0007847808301448822,0.00021836277828679584,0.00029904343618167815,0.0011346787214279175
460,0.0004940205153776134,0.00017130470578716542,0.00015991367399692535,0.00031043626539614677,0.00016158638297781094,0.0001611560583114624,3.736667579609318e-05,1.6985798985957e-05,1.4670193195343018e-05,0.0002716194069341607,0.00015706327416109556,0.0004453212022781372,0.00048188710650337585,9.475937180002114e-06,0.000426609069108963,0.0008825503281325031,0.0003965340160140222,1.5944242477416992e-05
461,0.0006005654164607244,0.00010661245170334038,0.0002461634576320648,0.0003493953089592494,0.00044384465772977916,0.00014575757086277008,3.614770226135697e-05,1.8537961414149032e-05,1.4629215002059937e-05,0.00035971803403988395,0.00013329622102330185,4.9676746129989624e-05,0.0006255096134709787,0.00022323426637677404,0.00023346953094005585,0.001621570936086919,0.0004727634303006382,8.958205580711365e-05
462,0.0002649189949362196,6.633851709032107e-05,0.0002495907247066498,0.00031027485623444373,0.00022879931828087216,7.853657007217407e-05,3.0470421935952646e-05,5.2736430678359896e-05,2.275034785270691e-05,0.0004371042385895446,7.126995976261541e-05,0.00013894587755203247,0.0005097397769802392,0.00026216730184302,0.0003474671393632889,0.0003522383239557003,0.0009905225868092598,0.00029320642352104187
463,0.0004873493789117611,0.00014380941483459544,0.0002593137323856354,0.001025164796187139,0.00016933922750438785,0.000276392325758934,2.900171644875868e-05,2.350394858672807e-07,5.446374416351318e-06,0.000576545617189457,0.00027905303242843627,0.00013552606105804443,0.000664504775925924,0.00024518052345195995,0.00015586800873279572,9.739599850921987e-05,7.542805052545079e-05,6.095319986343384e-05
464,0.0014964962544095628,0.0004085564533398804,0.0002601519227027893,0.0005952759223773751,0.0004708348519578652,0.0003808680921792984,8.427027517868453e-05,1.918180968452294e-05,1.6242265701293945e-06,0.0009528637605692378,8.06578226366303e-05,9.812973439693451e-05,0.0015261769784315551,0.00015918309021721588,0.000318797305226326,0.001641084280702948,0.00029667001598759034,0.00015293434262275696
465,0.00042888163239487853,0.0003282064903961969,8.460506796836853e-05,0.0002204317518784693,0.00031677560603403723,0.00019269809126853943,5.6886266199382765e-05,1.6047493536055927e-05,1.7236918210983276e-05,0.0003174914186898012,0.0002561303664332937,0.0002415236085653305,0.0002614099217794208,0.00010464943443589877,2.8524547815322876e-05,0.001286453265053028,0.0005116525112478822,0.00020417198538780212
466,0.0005496384451360026,0.00025136145913512084,0.00010821782052516937,0.0007988774610830918,0.00025228871014772863,0.00033070333302021027,1.3978636643225545e-05,4.1970481112397324e-05,1.1228024959564209e-05,0.00022266382084570185,0.000960755876148571,0.00043893977999687195,0.000510989420095885,0.0004744645982084038,8.76300036907196e-05,0.0008582404789861664,0.0009207694527912196,4.4830143451690674e-05
467,2.1060728847471788e-05,0.0004666620386886214,0.00011091306805610657,0.0007913551201342017,0.0004013687742706433,0.00016455724835395813,1.3023667041950349e-05,6.338990579065425e-05,4.306435585021973e-06,0.00012058466055815675,0.000926736738574678,5.7091936469078064e-05,9.95373611852729e-06,0.0007652433401010052,0.00033587217330932617,1.598446066097825e-05,0.0012263861974564413,0.00043201446533203125
468,0.0006984640310880308,0.00035843219871534854,0.0003155805170536041,0.00010853794776552461,0.00015293659265000828,0.00035853311419487,2.484585842618854e-05,2.2713697884917984e-06,1.3537704944610596e-05,0.0009754085760146428,4.638882091963226e-06,1.9062310457229614e-05,0.0009337826316832554,0.000606645165857296,5.444511771202087e-06,0.0010117827881106212,0.0001789889076096434,0.00014749541878700256
469,9.813861646812416e-05,2.2864414916758113e-05,0.00018518604338169098,0.0014795716948822757,0.0004477597564866119,9.73287969827652e-05,6.72010438966357e-06,5.980056402128415e-05,7.286667823791504e-06,0.0005353127033044594,0.0006264614929196929,0.00018849968910217285,0.0013646986448904996,0.001077658528743846,0.00021500326693058014,0.0010397890643338292,0.0010431013950644042,0.000208243727684021
470,3.41368726707314e-05,7.070376440952708e-05,0.00021631643176078796,0.00102024976804177,0.00023603423332968498,0.0004394650459289551,5.94677397838788e-05,1.9664355642894224e-05,3.4403055906295776e-05,0.0005709082743591345,0.00024087023274742964,0.00047585926949977875,0.0005622296475517041,0.0003860477160115283,0.0002102721482515335,0.000953332945389157,0.0004836675139039334,0.0008261427283287048
471,0.0007925758683952899,3.505238178092007e-05,0.00040432997047901154,0.0016768785405067432,0.0001349516209514269,0.0005256254225969315,4.0430682776499555e-05,7.2304096613716624e-06,5.4679811000823975e-05,0.0011269187814695325,0.0004041466451951345,0.0005449317395687103,0.001273346315194844,0.0003457254016377663,0.0004794616252183914,0.0020638144420358773,0.000306588028724129,0.0009478740394115448
472,0.0007841599179055914,7.863966708789721e-05,0.000441892072558403,0.0014143900327417414,0.00027407972332429975,0.00035003945231437683,3.838860893390014e-05,1.789779759524615e-06,6.03795051574707e-05,0.0007657835403311192,0.0010880112861524002,0.0003107357770204544,0.0003265917051339176,0.0006117563060991128,0.00029946304857730865,0.0010249205225070779,2.433341063649147e-06,0.000805199146270752
473,0.001298960598169252,4.368851145658548e-05,0.00013903528451919556,0.0015030152888018122,0.00019116350104151497,0.00017393939197063446,2.2000366162322135e-05,7.625227034285071e-06,6.668269634246826e-07,0.0013702999935665816,0.0003412947799541696,0.00027055852115154266,0.00223074934784441,0.0013843813757172703,0.00040127336978912354,0.002062420717115404,3.577935974254272e-05,4.683062434196472e-05
474,0.0006926006371962834,0.00037440708130100087,0.00043843314051628113,0.0004997334679018861,0.00020779131831333633,0.00036405958235263824,0.00010357848567655453,1.808886114618342e-05,2.9493123292922974e-05,0.000798230301617936,0.0008045490671351394,0.0001662634313106537,0.0011764366868970283,0.00032406368578321784,3.444403409957886e-05,0.0017940881700529987,0.0002267605858175814,0.00012886151671409607
475,0.0001316200972093784,0.00020001147390310073,0.0006154812872409821,0.0007188837256122682,0.0003561747284332832,0.00048342347145080566,9.838484957994456e-05,3.3758694715708515e-05,5.229935050010681e-05,0.0007636260347040624,0.0006921556595462716,0.0004224497824907303,0.0008555128383095217,0.00041042038034521874,0.000599956139922142,0.0001030160217929954,0.0005775047102995531,0.0009285062551498413
476,6.942662560188717e-05,0.0002550875248470211,0.0003983937203884125,0.0018720803547838116,0.00026553017276818164,0.00029945001006126404,6.9391963702186e-05,3.966521956249268e-07,4.30867075920105e-05,0.00012570860403263162,0.0003874294780838797,0.0003018733114004135,0.00015142516284716995,0.0005057594910049604,0.00039505399763584137,0.000144624959919043,0.00011187240621604935,0.0006258934736251831
477,0.0003309910897005275,0.00016730595214375574,0.0004894081503152847,0.0007062546946734471,0.0002049058971409362,0.0003337264060974121,8.42008983054747e-05,1.8561336197820723e-06,3.5740435123443604e-05,0.0001695078927119245,0.00019999679174226292,0.00013870187103748322,6.441559730292756e-06,0.00018158935708740762,0.00029469840228557587,0.0005436246066292671,3.516818505389617e-05,0.00021352246403694153
478,0.0004254550826698067,0.00023490776279246062,0.0005335379391908646,5.033831595965821e-05,0.00021668819879266943,0.0005246866494417191,0.00011449940211895153,1.3387152468829567e-05,2.8654932975769043e-05,0.0006610526470999731,0.0003623772975430567,2.4916604161262512e-05,0.00022903834316367194,0.00014251033976022537,1.5826895833015442e-05,0.00016067734519492616,0.00017702028108955783,0.0003163069486618042
479,4.172634883778392e-05,0.000369216469229796,9.785406291484833e-05,0.0004316723417235324,0.00020490573391204747,0.0001900196075439453,2.9114555526918093e-05,2.529937037529554e-05,2.2668391466140747e-05,0.00017770348827225724,0.00044106355631766403,0.000298256054520607,3.6421003269108965e-05,0.00016706031151031767,0.00014786608517169952,0.0010226329570176274,0.0003479820049099563,0.00016843527555465698
480,0.0006924986123010013,0.00011233879933614938,5.610287189483643e-06,0.0005446220174692429,0.00029357308965309234,8.68178904056549e-06,9.940626437503555e-05,1.0172082569194344e-05,7.405877113342285e-06,0.0005099617191624065,0.0004158421282298222,6.211362779140472e-05,0.0006262101602104234,0.0002311270931940751,3.894791007041931e-05,0.0007202179342044313,0.00023771293364575376,8.588656783103943e-05
481,5.855379457248011e-05,0.0009338356560082625,0.0005368385463953018,0.00032864810920391063,0.0003904555434665856,0.00024803541600704193,5.7133245059676555e-05,4.563140603351581e-05,4.166737198829651e-05,0.0002525309413766927,0.0006189257677320439,0.00012259557843208313,0.0003904739272455951,0.0004672458681014187,0.00026626884937286377,0.00026806803572085314,0.0006026207987274851,0.00037697330117225647
482,0.0005382156378233027,0.0008878624808708463,0.0004994235932826996,0.0024462366698845828,0.00043116682125493577,0.0003113355487585068,0.00014581976918336126,1.314358840417832e-05,6.467103958129883e-05,2.305931196718014e-06,0.00023511498224302457,0.0001418422907590866,0.00020149549707186576,0.0002567820996698354,0.00037674978375434875,0.00036814219171033,0.00020680162735583693,0.0011645741760730743
483,0.00043755512622184467,5.336585516661774e-05,4.7439709305763245e-05,0.001052864090626493,4.4621799764433395e-05,1.6987323760986328e-06,5.939596309397638e-05,4.3812448762328465e-05,4.7579407691955566e-05,0.0006903499757610829,0.00032890257386151284,0.0008863247931003571,0.0015839522154419,0.0010902732417320538,0.0008024219423532486,0.00013682188301919473,0.0007730582224832333,0.0009349100291728973
484,0.0008007450895467783,9.691264174906816e-05,0.0001699049025774002,0.0004002035650536584,0.0001247930018303707,0.0001537185162305832,4.4336441887608824e-05,1.6010032179466453e-05,7.237866520881653e-05,0.0005400800671554323,3.6530523446584584e-05,0.0008497759699821472,0.00078864358666976,0.0002680673550882681,0.0007821507751941681,0.0007775261728290572,0.000362161165065239,0.0012674666941165924
485,0.00036039583870159375,0.000602056627171034,0.0010828692466020584,0.00021431377423877795,0.0001320105138763808,0.0006694216281175613,0.00021500512317715152,5.730454910289704e-05,0.00015536323189735413,0.001120826454659954,0.0012957244417945504,0.0013657547533512115,0.0005284191936430135,0.00041416051118056685,0.001888943836092949,0.0016810753891260688,0.0008560544982598485,0.0028749555349349976
486,0.0001394664721703076,0.0008255870460614975,0.000613601878285408,8.847341557893795e-05,0.0005482868954352071,0.0003414507955312729,0.00016291289388670888,3.5830196784990796e-05,6.60046935081482e-05,0.0003024756012076149,0.000812364911158138,0.00013551115989685059,0.0002762479859121855,0.0003811393957760256,0.00043176114559173584,0.0016439445547922205,0.0005569263232131205,0.0008463822305202484
487,0.0002460670908792373,0.0007379271243500019,0.00048647448420524597,0.0010983784875322478,0.0009875937843867519,3.829970955848694e-05,8.429057180236316e-05,4.331876086842391e-05,8.378922939300537e-05,0.0007598879223792918,0.0014207110739918385,0.0007356274873018265,0.00014240826261200518,0.0002694870661159379,0.0011734329164028168,0.0004459831348165577,0.0006427471238169488,0.001600649207830429
488,0.00023198253018921755,8.85346417320472e-05,0.0002736710011959076,0.0012336989196303771,0.0005597850357968691,9.502097964286804e-05,6.536380484752947e-05,1.1046817000632527e-05,2.9359012842178345e-05,0.0004431327975918317,0.00040692846679021843,0.00025668181478977203,0.0006466242465380662,0.00040199535594664243,0.00042735226452350616,0.000505345387928402,0.00023576727762209156,0.0006776675581932068
489,0.00018517883480981268,0.0003352115107277537,0.00016021914780139923,0.00034615665591627987,1.885798522525961e-05,0.00036424770951271057,3.4021126693649026e-05,2.8886471105008188e-05,1.603737473487854e-05,0.0001369018786637477,0.0004900187372051459,0.0003491342067718506,6.0117004896366455e-05,4.505394615886282e-05,0.00012299790978431702,0.0006719444912071937,0.00042162115469924176,0.0005179271101951599
490,0.0006014885386995406,0.000494092839198608,0.00038439780473709106,0.00022597685988945404,4.93445436133208e-05,0.00014104507863521576,8.180154157134446e-05,4.754160401554473e-05,2.7291476726531982e-05,0.00044633502552623994,0.0004999183743935806,7.03372061252594e-05,0.00010094004555951525,0.001034197457667186,0.0004803147166967392,0.0007445590021969706,0.000770922917042241,0.0007998943328857422
491,0.000313319921413896,0.0007926185653358842,0.0006021521985530853,0.00032347529620235793,6.0846867295741985e-05,0.0003098621964454651,0.00015695750949754582,7.431720588572661e-06,4.256144165992737e-05,0.00027411755157710077,0.0003423064271138934,2.524442970752716e-05,0.00045926767297848475,0.0011027059798654412,0.00030528753995895386,0.00038619532060649164,4.031575552147261e-05,0.0010376274585723877
492,0.0001481948159815505,0.0008767364973074794,0.0002371016889810562,8.960878996910893e-05,0.000776584779354824,0.0003560259938240051,3.848889984708198e-06,5.732820602158157e-05,0.00011004507541656494,0.0010885500062441586,0.0012248291166217576,0.000912107527256012,0.00041495630946448286,0.000351446458164411,0.0016559138894081116,0.0007117895038995514,0.0007976712939931144,0.0018338598310947418
493,4.549902302788955e-05,0.0015596857394336618,0.0012869052588939667,0.00022260728114831263,0.0007560198586234398,0.0004800315946340561,9.129351545354714e-05,5.694222583821178e-05,0.0001536644995212555,0.002410791378369026,0.0013178841574694872,0.000794505700469017,0.0015120140750883096,0.0008289217650038101,0.0017529241740703583,0.0017761268135303987,0.0010084915040293706,0.0021561048924922943
494,5.7104321201595365e-05,0.0006622125065896371,0.0009855590760707855,0.00025838499177563423,0.0006360157634087461,0.0006112121045589447,0.00016537170654092395,6.645505675913579e-06,4.1287392377853394e-05,0.00035111740602240815,0.0002756189023526631,2.3094937205314636e-05,0.00020635848469437168,0.0006645274213207958,0.00040460005402565,0.0012986976712967835,0.0002675460137165197,0.0008349008858203888
495,0.0006351590839423216,7.999720163870752e-05,0.0006293673068284988,0.00022331116358809133,0.00020157856113289796,0.0006701704114675522,5.8191095397388745e-05,9.66096424560533e-07,6.205961108207703e-05,0.0005364522487306539,9.051382901125588e-05,0.0005312785506248474,0.0010946154329494126,0.0001255456312862606,0.0004973635077476501,0.0011671638511997484,0.00016382914743549339,0.0007920637726783752
496,0.0003437847781576908,0.00018866213674111065,0.0004623960703611374,0.0007494113939103819,0.0004711979893239418,0.00025878287851810455,9.103465346164269e-06,4.994152498579221e-06,6.797909736633301e-05,0.00022203565504366057,0.0001626732338642009,0.0008440390229225159,0.0006959313772198078,2.781488606383095e-05,0.0010444335639476776,0.0005430030456609891,0.000321364211009487,0.0010571405291557312
497,4.7490266147087734e-05,1.0191314994450335e-05,7.638707756996155e-06,0.00019134366526257773,0.0004206403687981586,0.00023392029106616974,1.5024648755910738e-05,3.276526127191429e-05,1.6383826732635498e-05,3.7885844089251275e-05,0.0006153169804001199,0.00010914355516433716,0.0001506448488445833,0.00042337020849275014,0.0001971609890460968,0.0004942778107026313,0.0005613498948765557,0.00027962028980255127
498,0.00022075476360150503,0.00017665387950456524,0.000700315460562706,0.0003144899572350146,0.00010817558092943158,0.0005710497498512268,0.00010019157018465417,1.5113695464273168e-05,8.862093091011047e-05,0.00017181022770176163,0.0004777231973202775,0.0005607884377241135,0.00029990721148286104,0.0003423323819231848,0.0007700100541114807,0.00032691093769607327,0.00030181265737678,0.0016357079148292542
499,0.0006987359953745387,9.386832421710845e-05,0.00026064738631248474,0.0004108079840450807,0.00023163760721676974,5.4351985454559326e-05,1.9382730329050787e-05,2.7893082037495583e-05,7.525086402893066e-06,0.0007501822992297333,0.0007081302568709563,5.1410868763923645e-05,0.0008921486406984411,0.0002733446299991449,0.000267932191491127,0.0012597097270943824,0.0005016822993253421,6.470456719398499e-05
500,0.0005281827708642495,0.0002761892365885088,0.0006348937749862671,0.00017835858974776797,6.53027894508551e-05,0.0005325004458427429,2.2782870238834824e-06,2.1403271867549874e-05,1.2502074241638184e-05,0.0007439484554520592,0.00036398294510106566,0.0004457123577594757,0.0008287564741584763,0.00024209819189625892,0.00024552270770072937,0.0008911188564790506,0.00037944650635004726,0.0005582310259342194
501,0.0011707500203610444,0.0001548903199728134,0.0004682391881942749,0.0008118894861319226,4.962790923835475e-05,0.000156451016664505,3.0661379963969546e-05,6.465187648883029e-05,4.0706247091293335e-05,0.0007687743923244852,0.0009549565984343852,0.00025511160492897034,0.0007915419434663881,0.000501969387299208,0.001004716381430626,0.0003619651281034364,0.001143206248491277,0.0006512627005577087
502,0.0005832772607475278,0.0003316254180422626,0.00016648881137371063,0.0013418188273696119,0.0002198627647242886,0.00027824193239212036,5.3179704347677825e-05,1.2739873019832967e-05,7.107853889465332e-06,0.00026615468321918023,0.00040160949715449534,4.2984262108802795e-05,0.0006204331045971193,0.0002280464825925796,0.0001772083342075348,0.0010145529776472706,0.0003732847461936691,0.0003896951675415039
503,0.0004833204288141879,0.00018452358700343438,0.0002096518874168396,0.0002741916390925081,0.0002807802494458264,0.00011309608817100525,8.88115291983703e-06,1.3129654158413814e-05,2.9791146516799927e-05,0.0001588842822940889,0.00016679505256378402,0.0004743710160255432,0.00022489777044838039,0.00030377486571725107,0.0006106197834014893,0.00011455128410658988,0.00017161702037608514,0.0007033012807369232
504,0.00034394147911176454,2.3684652465775363e-05,0.0003670826554298401,4.1215907822439446e-05,3.0484404096850493e-05,0.0005489401519298553,9.214745073531268e-05,1.2092602497117957e-05,2.0623207092285156e-05,0.00019701094390444512,0.00023428480428804715,0.00017523206770420074,0.00024314600420101418,0.00015687843165592547,3.37306410074234e-05,0.0002329082904932167,0.0002708536523594162,0.0003962218761444092
505,0.0007441742542156349,6.834247328812992e-05,6.112828850746155e-05,0.0003005780046855533,0.00043687066266772864,1.1961907148361206e-05,9.240875918512317e-05,7.454230421971705e-06,1.068413257598877e-05,6.773798727844477e-05,0.00010512226264635521,8.369795978069305e-05,0.0001400226271915314,0.000602848042061465,2.681836485862732e-05,0.00013468756314466424,8.092741349802722e-05,0.00017661601305007935
506,0.0008132873298906662,0.00030798199912247803,0.0005378350615501404,0.0002315943876429194,0.00017103471381076096,0.00026924721896648407,6.464299877764583e-05,2.5189234454543025e-05,1.757219433784485e-05,0.0004417509783678497,0.0007424289356355654,0.00043677352368831635,0.00047534364279062935,2.9155860425917474e-05,9.988993406295776e-05,0.0004925528720816363,0.000406100867187599,0.00021217390894889832
507,8.08113936662247e-05,0.0001125201581654231,0.00045704469084739685,0.00010371396251585008,5.7570944858913176e-05,0.00035095587372779846,1.5595395354110753e-05,3.603985034325509e-06,4.336237907409668e-06,0.0006387252958877238,0.0005541383360866681,0.0006219688802957535,0.00026112305923016443,0.00040938068571547484,0.000483732670545578,0.00026124147977757417,0.00011487673763467716,0.00018404051661491394
508,0.0011017659555916937,0.00044736912488581304,0.00047664158046245575,0.0002367428524646109,3.239607622907911e-05,0.000379389151930809,2.4889815198485266e-05,1.0160667125782294e-05,1.5046447515487671e-05,0.00038349874602174733,0.00018978772566560081,3.7997961044311523e-06,0.0003620623630294362,0.0007725051094372229,0.00013987906277179718,6.515527921088782e-05,0.00032043175589110615,0.00015905499458312988
509,0.0003620138536123696,0.00014927733590305858,4.423223435878754e-05,4.540719975068552e-05,4.060804196704196e-05,0.00013176538050174713,1.2616742492714897e-05,3.153367366589069e-06,1.8291175365447998e-06,0.00020158856437015038,0.00040476632596030127,8.549541234970093e-06,0.0004889722710954905,9.655555489296308e-05,7.776916027069092e-05,0.0002678724843167557,1.213808470909225e-05,1.214444637298584e-05
510,0.0005093383109892047,0.0005961769055194202,0.0006383471190929413,0.00034259524400792607,7.216610239842505e-05,0.00023073889315128326,4.9760463223203974e-05,5.3808724018957225e-05,3.7025660276412964e-05,0.000178676549740929,0.0010561709077775566,0.0001248326152563095,0.00026287560918948627,0.0009080054365555347,0.00038360804319381714,0.0006077474452363674,0.0008963641648315757,0.0004810318350791931
511,7.86614672343422e-07,0.0010517986982613824,0.00032686255872249603,0.0009849258865227972,0.00024458250926111605,8.841417729854584e-05,6.012948354834624e-05,3.971538518803843e-05,2.98917293548584e-05,0.00048722848623269227,0.0011889970961225377,5.116686224937439e-05,4.4844761082477036e-05,0.0009685492564806726,0.0004142206162214279,0.0008245341298377118,0.0006220957251877532,0.0005651414394378662
512,0.00010325198036198469,0.0006184490033078992,0.00011465698480606079,0.0006051003736490257,0.00047926868734660816,0.00029595009982585907,2.2160513331941425e-05,4.3666815931446144e-05,4.3686479330062866e-05,0.0007387876275738031,0.0010528763478952208,0.000567171722650528,0.00030948338444485024,0.0011498650080384969,0.0010524652898311615,0.0001744897611020979,0.0006479084412139499,0.0011537298560142517
513,0.00035486576167911843,0.00010362103550714055,0.00012944266200065613,0.0010683401822315919,0.0001844910277952437,6.233341991901398e-05,9.750642014283092e-06,2.4817150262694434e-05,2.961978316307068e-05,0.00046280688898345246,0.0002925547711499499,0.00044935010373592377,0.0006181253333227346,0.0008266767061128714,0.0007025320082902908,0.0005732755247714327,0.00040622174448091096,0.0009217336773872375
514,0.00047303089708558566,0.00022590107622960306,0.0004255324602127075,0.00023555627068994056,4.1521963044469784e-05,0.0005054380744695663,2.186511723314445e-05,1.5712073274293725e-05,1.8544495105743408e-05,0.00044268699338228384,9.126061609725233e-05,2.1902844309806824e-05,0.0004616035534199328,0.0002819810877368392,0.00013712793588638306,0.0009603680328169051,0.0003252256327240157,9.554624557495117e-05
515,0.0003690439672063839,7.424210632544712e-05,0.0006329137831926346,0.0010459420073544445,2.9162613767542978e-05,0.00036685727536678314,3.7453000868497774e-05,4.399941875931116e-05,5.2090734243392944e-05,6.852258968532282e-05,0.0012127622808619232,0.00011307746171951294,0.0006294873842627585,0.0008792793924467072,0.0005183983594179153,0.0001747884022088586,0.0008106852242256816,0.0007107444107532501
516,0.0005951935610873926,0.00044248813043994834,0.0008896049112081528,0.00018111548522101173,4.2458646582518855e-05,0.0005754139274358749,0.00010576944512084678,4.38295533807362e-05,6.681308150291443e-05,0.0005247465372324595,0.0009023045442146452,0.00013076327741146088,1.4873196027512248e-05,0.0009109785042562442,0.0003502350300550461,0.0007703003899220129,0.0007196631246869263,0.000731397420167923
517,0.0018117241053540178,0.00022950925960119745,0.00044118985533714294,0.0005146813332134181,0.00016888157968677,0.0004157479852437973,4.257428933745165e-05,1.6689196525908681e-06,6.391853094100952e-05,0.001328772245727694,0.00045881197207803953,0.0003126561641693115,0.0016278104105433566,0.0001583178609773292,0.00036209821701049805,0.0021592922795680702,0.0001601635541289316,0.000599101185798645
518,0.0008738024629101337,4.353996731591356e-05,7.472187280654907e-05,0.00010171515914220164,0.00033466295366654797,5.4562464356422424e-05,1.3155370362069943e-05,2.4924108374654906e-06,1.1369585990905762e-05,0.00016173849631132692,0.0005991420582790175,0.0003072526305913925,0.00013001083954575915,6.462829094750627e-05,0.00031585246324539185,0.0007402856711761496,9.687563445854447e-05,0.00030761584639549255
519,0.000678150635041036,1.5768188615660622e-05,0.0005235448479652405,0.0005253686948701042,0.00014828128601100665,0.00047588907182216644,8.846625951158468e-05,2.9609237076861717e-06,2.637505531311035e-05,0.0004267536446385875,7.916053325206229e-05,0.00022450275719165802,1.4608249471435852e-05,0.0002491554829229803,0.00027897022664546967,0.0004716490431743159,9.541074537572358e-06,0.0007799714803695679
520,0.000516508835616547,0.0003124724434119888,0.00026955269277095795,0.000989897700700959,0.00021623204638223856,0.00023573078215122223,5.39214576083559e-06,9.745988633935807e-06,6.590038537979126e-06,0.0005384981324208088,0.0002441523060775358,0.00020736083388328552,0.0005204093480254898,5.254542052781502e-05,0.00016663223505020142,0.000470393198304192,0.00013091086149084712,0.00015074387192726135
521,0.000652836292629605,0.00037614696648946566,2.15284526348114e-05,0.00021890596262838513,0.00027591248460322876,3.1288713216781616e-05,1.1778661717339392e-05,5.09195510382701e-06,2.820417284965515e-05,8.058437389609624e-05,4.262261022079661e-05,0.00011566095054149628,0.0003337159615864546,0.0003641259848514364,0.00015923753380775452,0.0006061155391617057,3.681910887785335e-05,0.00030641257762908936
522,0.00021293280049772267,3.788627382882853e-05,0.0004299227148294449,0.0007757037264727595,0.0005267372944193979,0.0006049890071153641,5.7937414668762094e-05,1.9073978360202083e-05,3.426894545555115e-05,0.0005781942595865994,0.00017212858744225512,0.0003612097352743149,0.0002989450361826976,0.00011004389477787396,0.0001847594976425171,0.00012769409366719664,0.00026318569457029276,0.0006899125874042511
523,0.0007293984148225852,0.00019436751334183516,0.00019627436995506287,2.686953990194141e-06,0.00010658347381464414,0.00044001080095767975,5.007167562937065e-06,4.43240847835723e-05,3.184005618095398e-05,0.000507468873040269,0.00020936459163666682,0.000417245551943779,0.00014385370103638107,0.000757705035348423,0.0001699049025774002,0.000718346935837666,0.0007969056825317591,0.0008005909621715546
524,0.00039101479464850875,0.0003801138368070209,3.2918527722358704e-05,0.0004077269402885664,0.0001389197775601217,6.713159382343292e-05,1.0673725467333015e-05,1.4290043456949113e-05,9.026378393173218e-06,0.0005636908655501302,1.118547205486431e-05,9.896419942378998e-05,0.000368644567290799,0.00019614977181499002,4.155747592449188e-05,0.0006227288854625812,0.00034601942601848734,0.00024148821830749512
525,0.0002489528133093055,6.6195477571272254e-06,0.0004647914320230484,7.351085243553768e-05,9.624217080805506e-05,0.0004947315901517868,5.318355915864652e-05,1.0613349117117622e-06,7.684528827667236e-05,0.0007175396906683659,6.14644895954447e-05,0.0009441468864679337,0.000499800648505494,2.7423645146833903e-05,0.0009423457086086273,0.00010159393305667064,9.111156576327266e-05,0.0015640370547771454
526,0.0006985046539470796,0.00048534319090038497,0.0002992376685142517,0.0007054185925861323,0.00043451707014958985,0.0004069581627845764,1.0096024075445867e-05,4.092684308225553e-05,4.375353455543518e-05,0.0007857665190141722,0.0003361151126731743,0.0003890153020620346,0.0003706382314543413,0.0007408676719256532,0.00022913701832294464,0.0006225431227701861,0.0008961044722826036,0.00026762112975120544
527,0.0013668092059748727,0.0010540387912764404,0.0006183497607707977,0.0011984734727970292,9.554330361508795e-05,0.00041276030242443085,8.537426273207659e-05,2.049996575801652e-06,5.3375959396362305e-05,0.001080426902715724,0.00018377186890134595,4.635751247406006e-05,0.0010314568975226535,0.000286965657023127,0.00015569105744361877,0.0010125445812545208,9.54235068207597e-05,0.0005712546408176422
528,0.0007717402216120273,0.0008951667551440889,0.000741204246878624,0.000870732418501885,0.0003133157068421419,0.0002700183540582657,5.13587279632622e-05,3.0881060647474637e-05,4.558637738227844e-05,0.0010488837562514439,0.0002086652271900552,0.00024980679154396057,0.0009042852506048471,0.0003179830494423469,0.0002972763031721115,0.0012963189037437928,0.00045957348536768833,0.000702541321516037
529,0.0003420393474551364,0.000349520006354756,0.0006725303828716278,0.00044754381755729433,0.0005481443668543182,0.0002886112779378891,1.425533744752773e-05,4.8543425437841056e-05,2.0809471607208252e-05,0.0010570860576144536,0.0008661165423674289,0.000211227685213089,0.0006379451191758714,0.0014521970613845768,0.00028777681291103363,0.001695099833364494,0.0007399663065191606,0.000408954918384552
530,6.574456376484683e-05,2.9602188104958793e-05,0.0002926774322986603,0.0015722771749625275,0.00031628429780999195,5.3202733397483826e-05,1.03542058570473e-05,6.100922744785905e-05,2.7738511562347412e-05,0.00023470902329875143,0.0009535706663183208,0.00032586976885795593,0.00035657057774372836,0.0018437210702252071,0.0007554888725280762,0.0004603630258268321,0.0011713730198452312,0.0008454509079456329
531,0.0009280583983901081,0.0005382413419224158,0.00038444995880126953,0.0013861314343378839,0.0006193403543944091,0.00026847608387470245,0.00010380511968247248,3.899879016510755e-06,5.5596232414245605e-05,3.946118311393132e-05,5.1804452895383435e-05,0.00036789849400520325,4.136943125714748e-05,0.0002446991150901086,0.00045044533908367157,0.0002812522986239685,6.749428169644175e-05,0.0010810047388076782
532,0.00034237157079120006,0.00033859778367574186,0.00015876255929470062,0.0006620037622262209,0.0003129021734915062,6.707198917865753e-05,5.517599644102103e-05,1.534274210189448e-05,3.14079225063324e-05,9.379285537063076e-05,7.77874948626675e-05,0.00020294822752475739,0.00037045998093811205,0.0005357999623165598,0.00023837760090827942,0.0008253877448656244,0.00028875633950950844,0.000885840505361557
533,0.0006286184425311481,0.0005296085113007838,0.000322515144944191,9.41794455886491e-05,0.0001730667415461712,3.1251460313797e-05,4.937846226285916e-05,3.620773813545533e-05,4.079937934875488e-05,0.00021877210270395547,0.0005476717979997908,0.0003912877291440964,0.00020409075210445216,0.0008965785083480289,0.0007982216775417328,0.00023094491814645846,0.0005914015525815101,0.0008396357297897339
534,0.0004883395095796328,0.0004144646475838787,0.00024807825684547424,0.0005156000399307858,0.00015946850610511557,0.00011487491428852081,9.867462428908742e-05,7.386498044925031e-06,1.2665987014770508e-05,8.987956257498764e-05,5.23942948506273e-07,0.00018169358372688293,0.00022009905012983916,0.0005667398642904692,8.699484169483185e-05,0.0005357680150875899,3.199658789131664e-05,0.000279989093542099
535,0.00027853943571343187,0.0003433088684800245,0.000599471852183342,0.0003965986881375172,0.00042728696743568953,0.0004619993269443512,2.8728380663952183e-05,1.8907682926915513e-05,1.4178454875946045e-05,0.00015045195800040406,0.0004424987495161778,1.6907230019569397e-05,0.0005832906102906724,0.00022077632792258037,0.00014992989599704742,0.0003906606546146274,0.00026996946510862187,0.0005548447370529175
536,0.0006848889707200545,0.0009322640147213061,0.0008433759212493896,0.0007533416250449787,0.0004994984332231563,0.0006476640701293945,5.995570408139084e-06,3.1686509191050823e-06,6.871670484542847e-05,0.001284082939663693,0.0005207348206664603,0.0002865642309188843,0.0015367495636395279,0.0005322844556669981,0.0005853530019521713,0.0007496875617691579,0.00011271202903684156,0.0008842907845973969
537,0.00026263699541240193,0.0006978237821552609,0.0002337079495191574,0.0011510281125242383,3.548491157534181e-05,0.0002598930150270462,1.1142698640373427e-05,1.4473379933183312e-05,2.2862106561660767e-05,0.0002669748873585717,0.0005640026731239395,0.00012156367301940918,0.00044850189579419275,0.0004895201384343718,0.0001699533313512802,0.0002051339530237395,0.00022226207182277948,0.00026943162083625793
538,0.00037670663844419083,4.161029714844222e-05,0.0010044481605291367,0.0015964235729689635,0.00036999108818187507,0.0009444970637559891,3.027252998816926e-05,1.737871142338675e-05,5.122646689414978e-05,0.0011188541261536941,0.0004965371457705467,0.0002788323909044266,0.000745528024475535,0.0007405988073366371,0.0003910716623067856,0.0014932979936854163,0.00016283061409917005,0.0004656650125980377
539,0.0005606369687971013,0.00020970629399653246,0.0007703118026256561,0.0004755594488829451,0.0002152279370203486,0.0006936509162187576,3.1287877019472304e-05,1.31026573018749e-05,5.6177377700805664e-05,0.0011784570160666558,0.00020979110533979328,0.0007503386586904526,0.00038204606713045097,0.001228428911484676,0.00090801902115345,0.000449607004675473,0.00020437301471121737,0.0011099986732006073
540,0.00040715855285045066,0.0003065098799468688,3.3913180232048035e-05,0.0005769856976890475,0.0001347640987183693,0.0002467390149831772,7.576372144882555e-05,4.583043346682782e-05,3.4123659133911133e-06,0.0006905246684994343,0.00017492366222267297,0.00019720010459423065,9.938836808237594e-05,0.0005825709956090511,0.00013107061386108398,0.0006212527479386165,0.0006938932628122087,0.0001356564462184906
541,0.00033363962386809276,0.0002014754329096348,0.0006779897958040237,0.0021490537262214837,0.0002907854004459559,0.000569785013794899,8.419177197796501e-05,8.759671819231216e-06,9.229406714439392e-05,0.0007547049757110416,2.7474834863656927e-05,0.0006172321736812592,0.0011837648913404775,0.0007306730917203928,0.0007549021393060684,0.0017022145702009772,2.133073730453683e-06,0.0012725107371807098
542,0.0005689361441636731,4.99276671327778e-05,0.0004378296434879303,9.292550050449266e-05,6.791843496936623e-05,6.180256605148315e-05,5.124029888305126e-05,5.140231945021539e-05,1.8376857042312622e-05,2.8182714722269075e-05,0.0007406384789965872,9.691528975963593e-05,6.654439619976915e-05,0.0009310718232297781,0.0005387421697378159,0.00023460809865016863,0.0008529479958335681,5.159527063369751e-05
543,0.00018967944170913964,0.00014796688400939978,0.0005212947726249695,0.0002840781546798732,9.517892069848405e-05,0.0005101747810840607,3.69911745654785e-05,2.735671454406202e-06,1.1101365089416504e-05,7.024082283928201e-05,0.0002045036629329533,0.0005979444831609726,0.00013289980317358896,0.00016455504082877812,0.0006600171327590942,0.0009212937204537142,0.00020125139939079772,0.000760391354560852
544,0.00015147351129191078,0.00016666836455841993,0.00034230388700962067,0.0007229218999555975,0.0003031929701268164,0.00035497918725013733,5.971746147471514e-05,3.381828397789168e-06,2.5365501642227173e-05,0.0005744588317756691,9.81777461319111e-05,0.000684807077050209,0.00047327319571156823,2.5042627151243557e-06,0.0007367357611656189,0.0003518411971251967,7.134756183018592e-05,0.0007257126271724701
545,0.0005261892506275845,0.00019593818659919063,0.00010724924504756927,0.0005671507786577101,0.00043281973215291564,0.00013590790331363678,2.2579021156056076e-05,4.13201499503235e-06,2.9418617486953735e-05,0.0005093729216655019,0.0003151311273873955,0.00036673247814178467,0.00036515761516615897,0.00010341095545693749,0.00031989067792892456,0.0011389561952871163,6.973737352758066e-05,0.0005658902227878571
546,0.00110675376248362,0.0004173852880970802,0.0003365669399499893,0.0013324855800296576,0.00013463393473258506,0.0003966689109802246,2.181967593918241e-05,1.4185824194256789e-05,4.208460450172424e-05,0.0010370055144421075,0.0005473641058865789,0.0005283057689666748,0.0008240941023026846,0.0001614851684982148,0.0004899464547634125,0.001231687084457006,0.00011654937379129704,0.0007078349590301514
547,0.0013062584804001964,0.00038449523675104097,0.0007814783602952957,0.001718187985644215,2.7923153008500845e-05,0.000691484659910202,0.0001303211958308039,1.2853777744149635e-05,7.828325033187866e-05,0.0016223141169837488,0.00037002430483182996,0.0006053131073713303,0.001572429516007473,0.0003839096655825873,0.0007378868758678436,0.0019310780688464313,0.0003227145008904489,0.0014048777520656586
548,0.0006471628368525661,0.000136248096681231,0.0005781576037406921,1.3032900845227902e-05,0.00045460908857920465,0.00014465861022472382,8.343383577440536e-05,6.694691568043601e-05,4.887580871582031e-06,3.637209016970483e-05,0.0008619335579146264,4.475004971027374e-05,0.00013946393107961558,0.0009409679006776965,0.0006032437086105347,0.0008575274623323081,0.001432502145014834,0.0005353540182113647
549,0.0011247635674728473,0.0003007127579478519,4.151277244091034e-05,0.0005514601129003316,5.360343534373951e-06,0.00037671998143196106,5.2301727773731294e-05,3.803952670280021e-05,1.2565404176712036e-05,0.0003173127035823106,0.001361391832690767,0.00013836659491062164,0.0005452995768207153,0.0014127346361859916,0.0003544539213180542,0.00023273055503522655,0.00031918035733127965,0.00010507553815841675
550,0.001569889212321679,7.244877475891254e-05,0.00020607002079486847,0.0015519864168505038,0.00020796532666619155,0.00015442445874214172,7.908377306319048e-06,2.6911750506684374e-05,5.840510129928589e-05,0.0015797631151216601,0.00014622548499518273,0.0007081087678670883,0.0013372616001121537,0.0003027493074942954,0.0007502119988203049,0.0012809340974693217,0.0006268668587514209,0.000978425145149231
551,0.00022182231265818753,0.00013520170983828336,0.0006979387253522873,0.00011356079088295501,8.751168531923384e-05,0.0003282632678747177,0.00018237614967593976,4.9680622322920164e-05,7.42301344871521e-05,0.0011183236014039519,0.0009052699512293108,0.00023973919451236725,0.0007309952410849072,0.0009126049683042502,0.0006687883287668228,0.0005799887602734866,0.0009250623180663484,0.0009892508387565613
552,0.00019596357283663268,0.0005061643785619734,0.000430351123213768,0.0006415029810824813,0.0002372569088372814,0.00019132345914840698,0.000249388626065725,1.5036323331518633e-05,3.0778348445892334e-05,0.0006742149444981527,9.916317521362072e-06,0.0005157608538866043,0.000795444628640174,3.504737718717371e-05,0.0006516408175230026,0.00026824061797298127,0.00020722135653760028,0.0006599314510822296
553,0.0012367457002636917,0.0007278635761395758,0.00011184066534042358,0.001072863144673697,0.00035911741423270624,0.00024378113448619843,5.3773445554527316e-05,2.3159705299172282e-05,0.0001068897545337677,0.00034084213670877717,0.0004222488187368492,0.000978877767920494,0.0016660792418099826,0.0008677718107987439,0.0011935364454984665,0.00013292381300927802,0.0006821519940228091,0.002459254115819931
554,0.0006096434273369644,0.0003347238468905493,0.00035036541521549225,0.0005759070970113023,0.0004081552553623635,0.00038152188062667847,0.00020398635412175598,4.969614299043287e-05,2.789124846458435e-05,0.00034356509347589076,0.000643881327459711,0.0002516862004995346,6.676912800788332e-05,2.931741066613397e-05,0.00011017546057701111,0.000200673506912441,0.0007213696893871996,0.0009899362921714783
555,0.000264465316046153,0.00011933694317851559,4.176050424575806e-06,0.0002850427889296847,0.0008152247820722124,0.0003161206841468811,4.7653753626138856e-05,6.056413499087843e-05,2.8427690267562866e-05,0.0003525903447692824,0.0008598245947213645,2.34115868806839e-05,0.00017929918067058348,0.0003917090632515746,0.0004970710724592209,2.9757789524575973e-05,0.0011422967958783815,0.0005534105002880096
556,0.00033705221365568083,0.0003165437151639826,0.00030378811061382294,0.00022637661743443727,8.679883641990113e-05,0.0005314499139785767,8.156730741533912e-05,2.6395716118263234e-05,2.4884939193725586e-05,0.00015695815219152892,0.0005827242421422921,2.866797149181366e-05,0.0005397356247882693,0.0003367479330199791,0.0002738088369369507,0.0006185909484760221,0.0003587469070612144,0.0004683360457420349
557,8.633383041781184e-05,0.00028035222888784725,0.0003390740603208542,0.00031617628383559526,0.00019717538078548036,0.00027191266417503357,7.472925719674735e-05,3.2742315722760536e-06,6.195530295372009e-05,0.0001064106333135556,0.00021426881834399336,0.0006703082472085953,0.0002197638506713645,0.0003687853717900466,0.0007943585515022278,6.182246575275885e-05,0.0002516209035664692,0.0012140758335590363
558,0.0011992819474668792,0.0003176634924033084,0.0005285162478685379,0.0002872430743056098,0.00021211628953906464,0.0006616655737161636,1.433699989258734e-05,8.971640416870772e-06,3.193691372871399e-05,0.0008922893293320522,8.804167236648591e-05,0.00013919174671173096,0.0007860161414303263,0.000366584560251397,7.0892274379730225e-06,0.001502483206973354,0.00014473801896479344,0.0005776509642601013
559,0.0015174291986549404,0.00010969350506185443,0.00017601624131202698,0.000776515246191628,7.153893995455116e-05,0.00017601437866687775,9.094696290503669e-05,3.490958856301556e-05,1.2218952178955078e-05,0.00041607458544502124,0.0005473046478608606,0.0003375764936208725,0.00020750037563420365,0.0005600884999803768,0.0003945156931877136,0.0002713994542852538,0.0006593134413209085,0.0003399066627025604
560,0.0006553204939620805,0.0004232954747761912,0.0003727581351995468,0.0008844172776084069,0.0004082413000175769,0.0003982093185186386,0.00013421363629064105,2.8871707823432654e-06,4.098936915397644e-05,6.817848351471645e-05,0.00019640996901541807,3.0547380447387695e-06,0.00035245626540963276,0.00015764582366415564,4.7283247113227844e-05,0.0006739108032839669,0.00010483763631096224,0.0005739219486713409
561,0.00010496684676636336,0.0004676916552373081,0.00040786899626255035,0.0005308705593374541,0.00016820684141050438,0.0003989730030298233,0.00014120183356322938,1.9166504065068913e-06,1.0609626770019531e-05,0.0006742105801681511,0.0002985424732847089,0.0006235204637050629,0.0002756375305606462,6.499150106767382e-06,0.0006122272461652756,0.0005893138476307236,0.00020110198663193628,0.00013232603669166565
562,0.000468410923595175,0.0003405134728241485,0.0005058329552412033,0.000894002148969758,0.0004048870766624052,0.0008131489157676697,0.00019506731932350356,4.412175568731399e-05,3.089383244514465e-05,0.0004949610834932977,0.0005309323360006488,7.018633186817169e-05,0.0005395183282814811,0.0005334149007373383,0.0003252960741519928,0.0004483480857891964,0.0008066699690986098,0.0004770047962665558
563,0.0012192845728403179,0.0003970123131936676,0.0001523289829492569,0.001386830736604644,0.0004558481902994446,0.0004523620009422302,0.0002083816457097553,7.050823981773419e-05,1.5731900930404663e-05,0.000571152620385304,0.001058899961999267,0.00015906058251857758,0.0004485414521351247,0.0008624387183824231,0.0003044959157705307,0.0004432651311457869,0.0013560425849191236,0.0002500861883163452
564,0.0006653949815454696,0.0001637087442861139,3.6232173442840576e-05,0.0018950169818600093,0.0003395462563726033,0.0003066267818212509,0.00011291994194364413,4.2850657119541816e-05,1.806020736694336e-05,0.0008422561968579878,0.0012453866927716814,0.00026554614305496216,0.0007247163424998829,0.0005983755268460234,0.0007449109107255936,0.0003820578995295254,0.0008788274230622194,0.00047704949975013733
565,0.00022361923194549882,0.00017978605863037261,0.0002681463956832886,0.0003353697845267789,0.0002217015147207048,0.00010279938578605652,3.2667385078406774e-05,1.8580530783514392e-05,1.1134892702102661e-05,5.049561865380636e-06,0.000493446604308917,0.0002894531935453415,1.4480645815800886e-05,0.00015704366706614445,0.00014304183423519135,0.00021588814278269974,0.0003235050978136929,0.0003211088478565216
566,0.0007587501164374455,9.991369870111441e-05,0.0005548670887947083,0.00021326670262400427,0.000319221094745966,0.00038612447679042816,0.00011958500713257422,1.3061112966907505e-05,1.3504177331924438e-05,3.967560884333282e-05,0.00031267897925990606,0.00046750903129577637,0.00037553078818783336,0.0002523763259410332,0.0002944786101579666,0.0011759093506842622,0.00018162081319596582,0.0003354288637638092
567,0.0009635767997996647,1.9253903633133923e-05,8.806772530078888e-05,0.0002952520745023446,2.320878022968667e-05,8.155219256877899e-05,5.85649091808995e-05,1.4513137398543567e-05,3.3117830753326416e-06,0.00030006933744938097,6.238185661139317e-05,7.33453780412674e-05,0.000560125067134265,2.5386265969620098e-05,2.7239322662353516e-05,0.0007451394968874536,0.00021962694931886365,6.556138396263123e-05
568,0.0012671942062967012,0.002056669957067131,0.0008802004158496857,0.00279890921987222,0.0019593656052923104,0.0011240225285291672,5.643104907613293e-05,3.2987394228520435e-06,2.7082860469818115e-06,0.0014859996449448631,0.0002002376384033569,0.00043069012463092804,0.0011814782853612552,0.0009663920754785678,0.0005999952554702759,0.0005319825180435112,0.00044212155575432295,0.0009639710187911987
569,0.0017596565976500944,0.0002465217549591642,0.0004650559276342392,0.00016188527993662993,0.00016798690455277834,6.06440007686615e-05,7.677836495741629e-05,2.6706933452213134e-05,1.9356608390808105e-05,0.0013068721494566005,0.0009636673084603559,0.0005938149988651276,0.0021556077325991865,0.002403792699762111,0.00028904713690280914,6.636885002925252e-05,0.0005348622297711974,0.0001981593668460846
570,0.001829225609296603,9.395300662011496e-07,0.00022978708148002625,0.0026887716685801977,0.0010686757102073459,0.0005587916821241379,6.383760856818604e-05,5.235766324153087e-05,9.948015213012695e-05,0.0015005626629738048,0.0007896300628541589,0.0012617465108633041,0.0017899517733467735,0.0004793347970078257,0.0008956883102655411,0.0021691559481056832,0.0011426607087639436,0.001462586224079132
571,0.0003099955972581392,2.204206283779389e-05,0.0005824584513902664,0.0014844808544703103,0.0006818577933060087,0.0012385603040456772,3.403309262970354e-05,3.8265770641492244e-05,0.00014379620552062988,0.0015791611857683338,0.000860304110210125,0.002133384346961975,0.0017066106588781507,0.0004793375001550561,0.001539250835776329,0.001338882356982346,0.000503130525167813,0.0027908124029636383
572,0.0018833332074156273,0.0019106049502646168,0.00030441582202911377,8.704130704081936e-05,0.0009469588701875899,0.0003663618117570877,5.6851207750618915e-06,1.0494682052454769e-05,0.00011600181460380554,0.0009862201682580701,0.0001440791756145976,0.00200568325817585,0.0004586848752791972,0.0009116762541395255,0.001865476369857788,0.0018190613124771104,0.00033911406083653693,0.0029482878744602203
573,1.1137906833130762e-05,0.0007656802383502435,0.0003740806132555008,0.005500870390697132,0.0008344288748821614,0.001106850802898407,0.00013444273849807543,0.00010033803657593981,3.8426369428634644e-05,0.001252925375945596,0.001753537104777686,0.0015321634709835052,0.0024137664261699027,0.001313537815527347,0.0006176568567752838,0.001801520113191929,0.0015246260260613539,0.0006576403975486755
574,0.0006086411219393129,0.0002057567661125151,0.0007806513458490372,0.0005786998440318047,0.001034546139584036,0.00046377070248126984,0.0002757209003708787,5.181432253980082e-05,9.837374091148376e-05,0.0009651859052533587,0.000889314579275699,0.0002865530550479889,0.00040704056593906385,0.0006497875186538236,0.00010251998901367188,0.0008032661051421697,0.0009447708948493363,0.0013627409934997559
575,8.117509738439499e-05,0.0004369809706106856,0.00012892670929431915,0.00021773447464526474,7.116960376180037e-05,8.809380233287811e-05,7.945281656219702e-06,3.88159153350096e-05,1.535937190055847e-05,5.1929914827643364e-05,0.00042137379791944846,0.00016303546726703644,0.00035695710671440617,0.00033592305848112805,0.00013231858611106873,0.00032271378799475503,0.0006849028016774009,0.00010037794709205627
576,0.001909223463478188,0.0007730128211480766,0.0003475695848464966,0.002236270263151763,0.0004315131460307896,0.0003986731171607971,5.301282023936413e-05,6.9067381441276264e-06,5.2325427532196045e-05,0.000610650201990158,0.0003975013726919552,0.00032790377736091614,0.0008143900198947437,0.0001580626217407323,0.00018809549510478973,0.0002823487567318872,6.632778718991886e-05,0.001402873545885086
577,0.0005974862545183313,0.0008050846918209766,0.0003371629863977432,0.0003123824768774264,0.0003082286766180331,5.88148832321167e-05,9.454786030057769e-06,3.994541906842395e-05,2.362951636314392e-05,0.00039727887244570687,0.0006916517534633071,0.0002359282225370407,0.0007018803290896949,0.0008042496682649156,0.00016252510249614716,0.000958897337371728,0.0006018266061305899,0.00015296787023544312
578,0.001001367574117673,0.0005571890665542305,0.0004838593304157257,0.001031006845869542,0.0004782199670187552,0.0007086098194122314,7.304387276579026e-05,1.729502296787702e-05,5.017966032028198e-05,0.0019042768088535222,0.000423456905221338,0.00028565898537635803,0.0015845683412817266,0.0002367507600787612,5.377456545829773e-06,0.001148186718977623,0.00022655566051706794,0.0009483993053436279
579,0.0008366445471343908,0.0008418510904924063,0.0002466011792421341,0.0010687843045157353,1.4003579553632794e-05,0.0002793408930301666,7.8344179743969e-05,3.119781743477e-05,4.176050424575806e-05,0.00013459708477042698,0.0007042768897048274,0.0003691427409648895,0.0007413922889006816,0.0007390979247683289,0.0005261022597551346,4.837514202604698e-05,0.0007530076177161005,0.0006795115768909454
580,0.00010914906952752546,0.00047385512323027887,0.00016966275870800018,0.000177909102800744,0.000438659689492079,0.00012792274355888367,9.586128998217286e-05,3.3565761687269404e-05,9.860843420028687e-06,0.00033484928897152544,0.0007454555099446203,9.692646563053131e-05,0.0003767797022878813,0.0005081089104505138,0.0002640746533870697,0.0006301010977720622,0.0006323009924889163,0.00013134628534317017
581,0.0006096134560574229,0.000425320187976759,0.00012098066508769989,0.0010406695818681033,0.00010215820198097511,0.0002784859389066696,1.4461594572695233e-05,7.849852018263328e-06,4.172325134277344e-06,0.0007337640744122312,0.00025206029944677133,0.00011746585369110107,0.0008182048637219302,0.00027490113886308523,0.0003023166209459305,1.7623548829420743e-05,6.210255724486274e-05,9.246170520782471e-05
582,0.0013463144568376662,0.00037105127894654366,0.0005047526210546494,0.0008337643928969796,0.00037698694579388695,0.0006552394479513168,7.010721603489985e-05,2.6877444162496733e-05,2.316385507583618e-05,0.0008686940271061261,0.0005455082505233869,1.4336779713630676e-05,0.0006845598415545079,0.00030820536316482003,0.00017343834042549133,0.000376828534579543,0.00034856948387926995,0.00022086873650550842
583,0.0012962306564411885,0.00016559418250448182,0.0001671910285949707,0.0005710995702568611,0.0009232087265124006,0.0006068814545869827,0.00013271188345876685,2.2317826097442185e-05,3.98978590965271e-06,0.00020356066936488837,5.433222851448927e-05,3.493577241897583e-05,0.000552245994906532,0.000137462750831506,0.0005210600793361664,4.279745257335099e-05,0.00018215962380540782,0.00047655031085014343
584,7.451700443072973e-05,0.0004790306016546099,0.0006184950470924377,0.0005738207503590553,0.000374428218257207,0.0009173061698675156,0.00017162217437274342,1.7592868538990163e-05,0.00010069087147712708,0.0008308682195384137,0.00021930688292575579,0.0008700229227542877,0.0008017301365904062,0.00022352585987467713,0.0006232857704162598,0.0011087251645453544,0.000167282669480507,0.0016278289258480072
585,0.00020795842387605346,0.0010792766638929308,2.8870999813079834e-06,0.0002753010777531706,0.00012306694173000454,0.0002633705735206604,1.1514013271278836e-05,3.835383652295971e-05,8.44411551952362e-05,0.00015770105966005782,0.0010584670692771123,0.0008370410650968552,2.1648938942228635e-05,0.0005752176826205532,0.0013039391487836838,0.0003082778091552385,0.0008830988848982542,0.0012409165501594543
586,0.0020469846307093753,0.0010313723003029449,0.0005910713225603104,0.002328414823334485,0.00088556246612298,0.00027690641582012177,6.919022829452413e-05,4.03266659375251e-05,6.835535168647766e-05,0.002225845452422194,0.0010249252569701356,0.00017403066158294678,0.0017186242362936532,0.0007652501021817373,0.0006149616092443466,0.001699924443218176,0.0010011038139048564,0.0005106478929519653
587,0.00030782746681556894,0.0007425966294674312,0.00021535158157348633,0.0012694538880629047,0.0011624851876458064,0.00011747144162654877,0.00011591077460913236,1.5245074361667208e-05,7.268786430358887e-05,0.0009405679716836882,0.00010741407606334324,0.0005770083516836166,0.0005933899200942921,0.00013745693551137778,0.0006608515977859497,0.00032674328704029865,0.0005078741283885274,0.0015216544270515442
588,0.0007594668399005244,0.00016988550603132604,0.0005531720817089081,0.0002401768900753276,0.0004953207659108526,0.0005694404244422913,0.00010605333294162918,1.2301628668466937e-05,3.886967897415161e-05,0.00016615618284934047,0.00015782097482015117,0.0001228712499141693,0.00021064378696047242,0.00014883853821755222,0.00021078065037727356,0.00022862513797192174,9.82663028040974e-05,3.5651028156280518e-06
589,0.0001229857897783182,0.0002745201912385947,0.0006082803010940552,0.0011092412654021,0.0005419671813737502,0.00047315657138824463,8.01347455229931e-05,4.50129134738032e-06,9.05841588973999e-05,0.00019659312489807984,0.00010291482575158772,0.0004887226969003677,0.0003249725084552013,9.798556387206891e-05,0.0007409844547510147,0.0003127552235007436,0.00011936530017576594,0.0012606792151927948
590,0.000938898523043824,8.364583473087842e-05,0.00027304328978061676,0.0005886084936888858,7.783943208462124e-05,4.926696419715881e-06,5.19507179337058e-05,2.485679588224495e-05,3.8929283618927e-05,0.0002329713766919539,0.0007398249168893839,1.6670674085617065e-05,0.00016543087803029544,0.00015977182297075357,0.0003148317337036133,0.0013025101893085478,0.0006167802186803316,0.00015136972069740295
591,0.0002639705585338048,0.00022609396369292767,0.00023477710783481598,0.0009933579702157969,0.0003150230050508393,0.00024018250405788422,7.23596577450105e-05,3.0821191426342546e-05,5.632638931274414e-06,0.0007023125018326068,0.0007654300668654135,0.0001781061291694641,0.0006576019521791626,0.00013379546997408995,0.000311264768242836,0.00017878795392994862,0.000583214988051195,0.00019156932830810547
592,0.00024488056296323446,0.0009335088364232288,0.00016192719340324402,0.0006286484078537047,0.0005704596850943586,0.00011267140507698059,6.433681863997863e-05,3.7737299070364754e-05,4.757195711135864e-05,0.0001338744209091608,0.0002743702015244112,0.0006876159459352493,3.141459108971234e-05,0.00017253337288422946,0.00041130930185317993,0.0001239926009352632,0.0003338191822939377,0.0008508488535881042
593,0.00014172079724456,8.411415689166951e-05,0.00013812817633152008,0.001105136856671185,0.0005076772408474095,0.00012207217514514923,5.009960117938195e-05,2.2141878905561655e-05,4.1522085666656494e-05,0.0003554091691736552,0.00011412954455080476,4.925951361656189e-05,0.00045219528050587793,0.0006429679753558529,0.00021713227033615112,0.0008262638425851065,7.67652859906369e-06,0.0005630329251289368
594,0.00014186873723875948,0.0008719766004790866,0.00021142326295375824,0.0016082975177602044,0.0004353202691760663,0.0008135363459587097,8.689582281532285e-05,4.935776969162498e-05,5.595013499259949e-05,0.0013638944791141416,0.0005918201731942782,0.0004115067422389984,0.0006940507090000755,2.385619587787907e-06,0.0011190716177225113,0.0008916071728750918,0.0006639975180234257,0.0011728666722774506
595,0.0005130764239360819,0.00032177493190670495,0.0006091911345720291,0.0021017829626445717,1.224162497359682e-05,0.0010240450501441956,0.00011117615124495682,2.6677188654385315e-05,2.8792768716812134e-05,0.0005857836633779076,0.0007906586450172615,0.0004401206970214844,0.000820860147606281,0.0005131035783368237,0.0008699987083673477,7.215883331468387e-06,0.00041127964055280054,0.0007632412016391754
596,0.00019871299060553183,0.0004788726690219229,0.00026295147836208344,0.0014443882996352797,0.0003253849191568736,0.0005529318004846573,4.933701105070375e-05,3.502943111823259e-05,4.3332576751708984e-05,0.00033354397833092186,0.0009467943844362128,0.0006118789315223694,0.0006723239470135187,0.0006945189817344766,0.0009232237935066223,0.00035272881470327366,0.0007427735702466211,0.0010403916239738464
597,0.0003996154321077583,0.00023885954443153556,0.00027307309210300446,0.00024677647995255403,0.0007735786396324343,7.668137550354004e-05,4.6703191934492974e-05,5.16217054355977e-05,4.616379737854004e-05,0.00012937107830231914,0.0007710672817031819,0.00034227967262268066,4.4936079546871455e-05,0.0005501075902188644,0.000674394890666008,0.0001262700619369117,0.0009099584999783736,0.001079857349395752
598,0.0007323496469026081,0.00013723652962134222,1.0970979928970337e-05,3.3287664325282185e-05,9.836073548807889e-05,9.57343727350235e-05,1.7895211015684503e-06,2.009055689097339e-05,3.458932042121887e-05,0.00046323702787769844,0.00025817670659872283,0.00043662264943122864,0.00033833980962395815,0.0003600086209603233,0.00031001679599285126,5.598323191283172e-05,0.00037285923521382033,0.0005756355822086334
599,8.071334984491307e-05,0.00048648871547606054,3.2996758818626404e-05,0.00022590717736775678,0.0003058735138681684,0.0002202652394771576,6.860344488946943e-06,3.624102322147748e-05,1.699104905128479e-05,1.0909073574309758e-05,5.486328838814197e-05,9.503960609436035e-05,0.00016018718861977171,4.6987793603483347e-05,0.0003391001373529434,0.0008726220939630769,0.0005891178156941686,0.0003285147249698639
600,0.00028689624341865505,0.0006670813428376783,0.0005227271467447281,0.0003644498234993965,0.00038096622071703487,0.0007763132452964783,0.00020987498165046282,3.765333581745036e-05,1.2390315532684326e-05,0.0012651806896299758,0.00023755758020963663,0.00010354258120059967,0.0012621347368984293,0.00034534977273246656,0.0005127638578414917,0.0006992673371655211,0.0006717657775120907,0.0006756074726581573
601,0.000855617420966237,0.0007772395120821743,0.00036788545548915863,0.0010944984240040811,1.7463748769805387e-05,0.0005623940378427505,0.0001605308637963477,9.1989746324497e-06,2.808868885040283e-06,0.0017435103620086281,8.469347847844116e-05,0.0002785157412290573,0.0014179823508318479,3.6282606461070926e-05,0.0005661416798830032,0.0009503625860808051,0.00034017635532497016,0.00012404471635818481
602,0.0008445280206794414,0.00027982053180614433,0.0003965534269809723,0.0006339846247042369,0.0005313642582693151,0.0005382876843214035,9.910472992206813e-05,2.3006892724234925e-05,1.5001744031906128e-05,0.0012127518171762205,9.766331732016797e-05,4.79966402053833e-05,0.0010904201053459003,0.00036381992149937467,0.0002703852951526642,0.0018182148577565727,0.0005250132892216566,0.000303611159324646
603,1.1281729861201129e-05,0.0001319148706402616,0.00028239935636520386,0.0001740207745760114,0.0005177326697306979,0.0002610310912132263,9.869126864699672e-05,3.4694925159434783e-07,3.0137598514556885e-05,0.00028479323470428225,3.7092221639646594e-05,0.00029772892594337463,0.0003328165833858948,0.0003575672784012045,0.0002773609012365341,0.000892397631333447,4.3210378596791194e-05,0.0006128959357738495
604,0.000868714826901984,2.526861369173128e-06,0.0002658851444721222,0.0013217791102249077,0.00026764540986465996,0.00010270997881889343,6.601513466821321e-05,3.9770419157799785e-05,2.5160610675811768e-05,0.0010867361031587433,0.0005704828256814856,0.00024059414863586426,0.0007840818233689137,0.00021320857209154026,0.00047416239976882935,0.00040486346765181147,0.000645009375724339,0.0007372647523880005
605,0.0004592590365642968,0.00033444226685656886,0.0001253429800271988,0.0021189992722857043,0.0005804489659548759,0.00040809065103530884,4.419528241352347e-05,5.1420693169210445e-05,1.1652708053588867e-05,0.0010684809808287482,0.0008919486273630886,3.520771861076355e-05,0.001023758828176971,0.0005430873364353876,0.00035703927278518677,0.0016593821672774567,0.000957975269830845,0.00027821213006973267
606,0.00037434154242468876,0.0003440553401232761,2.4145469069480896e-05,0.0004341315748603025,0.0002988120738042846,2.502836287021637e-05,3.437568903504051e-05,2.159841015109316e-05,2.574920654296875e-05,0.00011649204182617723,0.00012101167587085654,0.00019422732293605804,0.0002261789019176591,2.277006781199048e-06,0.00014978088438510895,0.0005850742188263369,0.0002801898070769124,0.0002842918038368225
607,0.0007214508028840216,1.8290542942420857e-05,0.0004930030554533005,7.803562693065036e-05,0.00019620741546492668,0.00046276114881038666,5.6946544896543244e-05,8.667790967108397e-06,1.95428729057312e-05,0.0001641388206224878,0.00012893174476817648,2.4110078811645508e-05,0.00014291153099584009,0.0005984183559006769,0.00010399147868156433,3.324813655466996e-05,1.2049236017757509e-05,0.00027984753251075745
608,0.0013467307163747277,0.0005918474716988913,0.00021813251078128815,0.0003197308161403678,0.00040512348886444227,0.00036540068686008453,5.75403001257125e-05,5.512453309051697e-06,1.029670238494873e-05,0.000888084954343317,0.0002653171767795573,5.459599196910858e-05,0.0011267814472528323,0.0002424490193782304,7.247738540172577e-05,0.0010186607751092036,1.526762148282637e-05,7.867813110351562e-05
609,0.001373976871696242,0.00013955595924463118,9.025819599628448e-05,0.0015693996664602472,6.731435121153789e-06,0.00040353089570999146,9.75581401627592e-05,1.467421083131183e-05,5.5909156799316406e-05,0.0007903171098275694,0.0004293897824266882,0.0004685688763856888,0.00031082814265853687,0.0005864222638916686,0.0007981900125741959,0.00024221304477708983,3.916833992920893e-05,0.0011982470750808716
610,0.0008044176102010303,5.2871944973907625e-05,0.0001403316855430603,3.2352713021988055e-05,7.10495361055559e-05,0.00037805549800395966,0.00014496026560198785,5.416755770490194e-06,1.8384307622909546e-05,7.479581281957803e-06,1.982357209211888e-05,0.0002677552402019501,7.524043723661916e-05,0.0006088794070769135,0.0005476959049701691,0.0001989969772208111,0.00014694354004004227,0.000356234610080719
611,0.00033431623220139817,0.00017363295031593007,0.0006909873336553574,0.0005594611634769098,7.154420004442177e-05,0.0004657059907913208,0.0001753158867379232,2.150157869504918e-05,0.00011816993355751038,0.0006210108597711206,0.0006869964323651043,0.000997927039861679,0.0007224330011795857,0.0003081292211906013,0.00126543827354908,0.0009664445358210372,0.00018873926743707102,0.002338230609893799
612,3.7279946260987407e-05,6.485375627864401e-05,0.000375259667634964,0.0003379690862669871,0.0003896346549956582,0.0005484092980623245,7.176160186776574e-05,1.8855353701247458e-05,2.8662383556365967e-05,0.0004006551971632438,0.00033199019454895756,4.836171865463257e-05,0.0005254007906734248,0.00023236411363450338,9.2262402176857e-05,0.00031198810711019487,0.00011714375021431439,5.6162476539611816e-05
613,0.0006819279541723788,0.00027870841615931785,0.0012009870260953903,0.0007646033231614446,0.0006577736611055075,0.0009763315320014954,4.650860263429209e-05,1.4469632581137022e-05,0.00013564899563789368,0.000845066433449379,0.0007801300412876508,0.0007858742028474808,0.0007441703656188917,0.0006485819605177578,0.0012547653168439865,0.00047855419113657094,8.465544136424842e-05,0.0020764917135238647
614,0.0010254198423327032,0.00024280761130809556,0.00038786791265010834,0.0008764208889841252,0.00011257301415312782,0.00023693032562732697,3.121661179653762e-05,8.222832329477046e-06,5.2951276302337646e-05,0.0008501614886849002,6.99185766365254e-05,7.41817057132721e-05,0.00015355034727879135,0.00041782539883015654,0.00030591338872909546,0.00040413607650599537,0.00012527027779861422,0.00086994469165802
615,0.0002661712234466318,0.0001281490582896172,0.0006173606961965561,0.00021150532475647243,0.0010523019090521932,0.00048591382801532745,4.941895830369407e-05,1.8437638274653562e-05,5.5164098739624023e-05,0.00022791926666502343,0.0001573568711931289,0.0005284193903207779,0.0008124402211247203,0.0003537151042453425,0.0007909182459115982,0.0019030501867075,9.612777388183502e-05,0.0007052719593048096
616,0.0010409489283355888,0.0001708604286055522,0.0003828592598438263,0.000412358807651364,0.0014372733840166164,2.4162232875823975e-05,0.00010080047554881025,2.6607429812207524e-05,6.880238652229309e-05,3.345922733619805e-05,0.0006426506697684506,0.0008467771112918854,2.1123339726265844e-05,0.00013820624897340622,0.0014934390783309937,0.0004833514107811243,0.0003795498161946343,0.0015234537422657013
617,0.0005013678156624568,0.000263391262915795,4.704669117927551e-05,0.0005882319023478577,0.0005437088216455922,0.0002478118985891342,5.490436685664027e-05,2.860792312564661e-06,1.3589859008789062e-05,0.00024239798288334252,0.00029633449059223577,0.0002637133002281189,0.0007961759650477948,0.0005404361060852118,0.0005956105887889862,0.0004679115989664473,0.00019280555478343175,0.0002704933285713196
618,0.00014071187763420312,0.000506153823257062,0.0005631726235151291,0.00016954165728921833,0.00011265320527673733,0.00047281384468078613,0.00010181350963147165,1.4792225144201368e-05,4.891306161880493e-05,4.773084474866268e-05,7.851143971773084e-05,0.0003120154142379761,4.592046938570182e-05,9.618107768341946e-05,0.0004673954099416733,0.00023800299592671714,0.00013979238134101749,0.000932697206735611
619,0.0017209509524436784,0.0004577840786242869,7.397867739200592e-05,0.0012419030449533908,0.0005192045096831591,0.00017081573605537415,0.00010222935695322968,2.660388014746884e-07,1.2937933206558228e-05,0.000937017461731901,0.00016670408748860333,0.00013130158185958862,0.0013592146191398619,0.0004468065363418712,2.8131529688835144e-05,0.001072545770843425,3.7373473014242625e-05,0.0004468373954296112
620,0.0008401545352798023,1.5707151996644658e-05,0.0005403049290180206,0.0003078263985569485,0.0006519629288269865,0.0005005523562431335,5.657737734226197e-05,1.4722386494419042e-05,5.0298869609832764e-05,0.0005096765063540634,0.0005878312514153924,0.0004968773573637009,0.0003796579449321241,0.000447172159687443,0.0006848182529211044,0.00040773373810573665,0.0003427444265835279,0.0006228536367416382
621,0.0014285858526877082,1.7670361464477286e-05,0.0005698762834072113,0.0010209602147307206,0.0003688596226722671,0.0003686416894197464,7.394830988582089e-05,3.5708183791611126e-05,3.937259316444397e-05,0.0005766313368030032,0.0009707550632096079,6.73048198223114e-05,0.0009478838874671797,0.0007809394066663269,0.000453239306807518,0.0005314344189286391,0.0007161759696830035,0.0005170106887817383
622,0.0020695976983780007,7.196240108019863e-05,0.00035643763840198517,0.0008643573366694524,0.00032266862236033506,0.0005127619951963425,9.526463876978475e-05,3.430334813851602e-05,7.148832082748413e-06,0.0015837520160532567,0.00018976199169179475,0.0001456029713153839,0.0013787965251271517,0.00011184351222238292,1.897476613521576e-05,0.0009688312186417747,0.0007191214460462326,0.0002686642110347748
623,0.0005432172461478924,0.00011804387089637755,0.00015246868133544922,0.0002138652559230958,0.0002052422506788748,0.0002485811710357666,3.1591384057330293e-05,9.726702078341693e-06,2.5704503059387207e-07,0.0008669355622938496,0.00031181702411869905,0.00012074783444404602,0.0006496939247294387,0.00011086677579281307,3.5157427191734314e-05,0.000365200978732827,0.000158103065666498,0.00012350082397460938
624,6.38556585770278e-05,0.0002667842271236315,0.00021758675575256348,0.0008177219728600083,0.000396362430791785,5.3981319069862366e-05,0.0001141387877376561,1.9388974562130606e-05,2.8721988201141357e-06,0.0003884504979843606,0.0003460771506826818,0.0003363378345966339,0.00011547616608259537,0.0008390937274408601,0.0004705972969532013,0.0009465869846092267,0.0004976700892059937,0.0009068027138710022
625,0.0008402739120138836,0.00032577445785254497,0.0005896147340536118,0.0004702920569704394,0.00042760723939819223,7.078051567077637e-08,1.5600823306602743e-05,3.091099586542494e-05,3.915280103683472e-05,0.000808837390691021,0.0006291333953577158,0.0006501544266939163,0.0010815591552285828,0.0004126614282884064,0.0012785308063030243,0.001286431699127788,0.0002255622047836834,0.0013852640986442566
626,0.0010864669460007303,0.0004884110263945474,0.0002495571970939636,0.0020567094579018452,0.0004783359595737953,0.00016019307076931,6.680071000477426e-05,3.81429213634234e-05,7.456913590431213e-05,0.0013024349559327825,0.0002772412826791623,0.0013135690242052078,0.0016512739554888356,0.0007367119259220796,0.0010402519255876541,0.0011655554691567815,0.0004716230573130996,0.0020924583077430725
627,0.0007387985114092055,0.0005581412712164155,0.0001612398773431778,9.390103887341184e-06,0.0003719699226331745,0.00010915286839008331,0.00011181181303971874,1.470773301008772e-05,6.012246012687683e-05,0.0006921931906157322,0.0005632276457181451,3.883615136146545e-06,0.0004180992499548536,0.0003638215371555738,8.627958595752716e-05,3.3391357314505044e-05,0.00039438864976237137,0.00016719475388526917
628,0.0016140618973727872,0.00023152339823955675,0.0011822618544101715,0.0024458818406986327,3.3039823004669955e-05,0.0009790901094675064,0.00023667070655264758,7.312465769838375e-06,0.00011229515075683594,0.002463891201333737,0.0010482444439217364,0.0006837230175733566,0.0019209321060729909,7.197535296589105e-05,0.0007983408868312836,0.0019635890540009027,2.5756247014046413e-06,0.0018906481564044952
629,0.0003512266612044346,7.319990638885582e-05,0.00015145353972911835,0.00020169703973793585,7.071632738501685e-05,0.00033724866807460785,9.855978206747655e-05,3.0019220621049585e-05,6.153807044029236e-05,2.6196323332630667e-05,2.1943634964147196e-05,0.0010559316724538803,0.0004940157719243651,0.00010674976021431137,0.0009074211120605469,0.001387721286755239,0.0006447538388480358,0.001239776611328125
630,0.0007828990825841653,0.00041699624244349864,4.2710453271865845e-06,0.0003802614384264269,0.00025652368660955896,5.897320806980133e-05,7.385637849632344e-05,1.6312499002132464e-06,4.120543599128723e-05,0.001078403018877211,0.0001527926478628247,0.0008327662944793701,0.000783951628338414,0.00039919388405451617,0.000814530998468399,0.0009231091655181045,0.00023254389437631778,0.0007745511829853058
631,0.0013029531149436058,5.199387761434943e-06,0.0006287842988967896,0.00020690927985392293,0.00042437895035220274,0.00034897029399871826,3.4442860894821556e-05,4.436573278278984e-05,5.628541111946106e-05,0.0008054534641154104,1.091601294250788e-05,9.546056389808655e-05,0.00017919022605739077,0.0009044074677723307,0.0002618655562400818,0.003087459903052564,0.0006002367424720254,0.000357944518327713
632,0.0003848483376725498,0.0006558252728861222,0.0008705276995897293,0.0003290243690487471,0.00042290760300624924,0.0008760839700698853,0.00021876978567134282,2.6628378957990425e-05,0.00011029466986656189,0.0005645006426676091,0.0006705953763762595,0.0008225478231906891,0.0009055436937072045,0.0006990913728630102,0.000719945877790451,0.000910613263419846,0.00033807801727236096,0.001629408448934555
633,0.0007060201326218041,0.0002796623496066804,6.212480366230011e-05,0.0007260321376108547,0.0005863166418279275,0.0002911090850830078,0.00013834420249666558,4.456079114864748e-05,7.274001836776733e-05,0.0003369822015687335,0.0006664990857684697,0.0013395212590694427,0.00044461682980580924,0.00045880942294617214,0.0008243788033723831,0.000902578450563768,0.0008608145993465998,0.0019441433250904083
634,0.001336814603740688,0.0004983753480323795,0.00028733350336551666,0.002433087716511184,0.00018940759091589515,0.00017744116485118866,0.0001269132684063902,1.2453851436049971e-05,5.345791578292847e-05,0.0018767683554496914,0.0003065356768031449,0.0007421877235174179,0.0020714527889081624,0.0001488894199310857,0.000712146982550621,0.0007681728851751668,0.00039511353508708824,0.0018959492444992065
635,0.0010963016359500088,6.015244213214074e-05,0.0002110786736011505,2.739857226319309e-05,0.0003621796582696825,0.00032583996653556824,1.8633821377320864e-05,2.5763339184447934e-05,4.6059489250183105e-05,0.0009033391645087083,0.00064320449886935,0.00037124380469322205,0.001281223035699143,0.00018341304481496457,0.0002623908221721649,0.0003372434904906352,0.0003230002212760118,0.00030602142214775085
636,0.002319563325974522,0.00010012590339292249,0.0010138191282749176,0.002123205279014051,0.00019099496302786914,0.000826587900519371,0.0001427498046379875,1.8381431675541923e-05,0.00010590255260467529,0.0023282389611772106,0.00021227099214081446,0.0007429178804159164,0.0031306152263969947,0.00022831495359645904,0.0009860396385192871,0.003153694722762168,0.0004920202519670073,0.001985609531402588
637,0.00011364023756085806,0.0003040548406707498,0.00034792348742485046,0.0007398753008318049,0.0003228782343797157,0.00025712139904499054,0.000166070189010303,1.4169547396420583e-05,8.916482329368591e-05,0.0007616838178848284,0.00017124114052872313,0.0005052760243415833,0.001458214798198132,4.240392626376349e-05,0.0006412342190742493,0.0006340073894121334,0.0002924230344346773,0.0019114315509796143
638,9.812511843029781e-05,0.0003290714098222562,0.0009419955313205719,9.071230685600562e-05,0.0004750209233651409,0.0006784480065107346,0.00011714773240025476,2.1711208582512152e-05,0.00010826811194419861,0.0005733374951423856,0.00027730338586915565,0.001239139586687088,0.00035942577427219846,0.0007142654914606833,0.001621004194021225,0.0004219463539441026,0.0004272562108041181,0.0027852915227413177
639,8.851303183840531e-05,0.0002805902712684494,0.0006154906004667282,0.0009451052471761701,0.0004280045429930768,0.0004873853176832199,0.00010581821595713817,7.493931720959409e-06,3.7457793951034546e-05,0.0014337139595458348,0.00015020033674170707,7.28759914636612e-05,0.0010982080707758468,0.0008714397103074395,5.8729201555252075e-06,0.0014323731678780038,0.00030169133083838943,7.154792547225952e-05
640,0.000592406289680325,0.00013163930578750233,0.00023738667368888855,0.0010167422321089303,0.00014031027101863922,0.00015478022396564484,5.042711834223404e-05,2.6299467720431965e-05,7.964670658111572e-06,0.0006804025902422892,0.00033116760129599243,0.0003753025084733963,3.638341776606574e-05,2.6050194711774166e-07,0.0005550533533096313,0.0005074212151022495,0.0004958245143016314,0.0006539449095726013
641,0.000136161486265024,0.00010430173950984334,0.00016584992408752441,0.0015575636496799883,3.475979008113125e-05,5.4216012358665466e-05,7.749308731892085e-06,3.667127629458698e-05,2.7358531951904297e-05,0.0006398616618648184,0.0004064722461172843,0.00029148347675800323,0.00033539364729177207,0.00024208583946759912,4.749372601509094e-05,2.8684879586710066e-05,0.0007858354796706143,0.00032524392008781433
642,0.0004139940047787616,0.00010548939640504795,0.0005616582930088043,0.0007310560661107357,0.0004006206014681643,0.00032098032534122467,6.0270375943471954e-05,4.190296809114503e-05,2.937018871307373e-05,7.591444316698559e-05,0.000893499194764294,0.0007572919130325317,0.00019612051799815927,0.00011842462091437786,0.0004390273243188858,0.0008624524319315596,0.0008438067907443978,0.0009801201522350311
643,0.0016223618500162962,0.0002795687493759684,0.0004120469093322754,0.001889918806367158,0.0002947554388755408,0.00014734454452991486,2.019197268178334e-05,4.9660564875205295e-05,5.138292908668518e-05,0.000131004087603262,0.0008945511011679008,0.000683613121509552,8.625250099932036e-05,0.0009534876900696362,0.0003267098218202591,0.00038194334112287565,0.0008115193206186932,0.000857967883348465
644,3.076828417636346e-05,0.0004049332299950921,0.00023984350264072418,0.0009159688573181779,0.0005286369978559566,0.00034203939139842987,1.79320121234134e-05,1.949160564717993e-06,1.7210841178894043e-05,0.000665586418937901,3.898454637363269e-05,0.00031969882547855377,0.00018718854117925204,0.00015339986262688857,0.00023155845701694489,0.0007015334628795722,6.108645577851922e-05,0.0009299889206886292
645,0.0003611028663454141,0.0002142603772274862,0.0002762842923402786,0.0005910739429074163,6.733943699772926e-06,0.00028256699442863464,6.547249529724117e-05,1.8585435730159852e-05,1.475214958190918e-05,0.0012916062147126026,5.4091583793408615e-05,0.0002390798181295395,0.0004692955119506431,8.522696148225567e-05,0.00024960748851299286,0.00043069377078619464,0.00031074725834449,0.0003714263439178467
646,0.0008945812687970178,0.00034890935121100267,0.0001623407006263733,0.0004585352951284316,6.0547842179917155e-05,0.0002609696239233017,2.192237688468726e-05,7.90801424717933e-06,1.4796853065490723e-05,9.49022375974079e-05,0.0001250980646458552,0.0003093704581260681,0.000525530783738265,0.00030433938261173465,0.00020170770585536957,0.0004150405904001786,0.00012070283538863011,0.0005413144826889038
647,0.0004500847943247621,0.00016519577225747317,0.000564204528927803,0.0008736052486972845,3.683719578073674e-05,0.0003115106374025345,7.142834290595895e-05,3.4490203220976156e-06,1.3373792171478271e-05,0.002070958793148815,0.0003689056049868758,0.00106075219810009,0.0012367058294252692,0.0005359604794794859,0.0008610859513282776,0.0031734695395641277,0.00013028694437262726,0.0016336999833583832
648,0.003813376279527242,0.0003579256359667708,0.0005019661039113998,0.00164849995433769,0.00076008348350411,0.0004937928169965744,1.6621148445937484e-05,6.940073304773694e-06,2.9847025871276855e-05,0.0013295887718021634,0.00017726023774275457,0.00030835531651973724,0.0002239191674163199,0.0013820976296046693,0.0003551766276359558,0.000565964188305984,0.0002889326018492063,0.0010317973792552948
649,0.000902845611027242,4.6430204925985985e-05,6.423331797122955e-05,0.0007178742042144581,0.0011089894633349619,0.00038934126496315,3.635994022283158e-05,2.652323754071201e-05,7.200613617897034e-05,0.0003076981177424429,2.3363166575293692e-05,0.0009869039058685303,0.0008226032287413157,0.000589911882509956,0.000584891065955162,0.0013528711002179505,0.0002506149298602059,0.0011331550776958466
650,0.0011312660956141196,0.0005716125759823998,0.00044975802302360535,0.002116331103507979,0.0003093169368673897,0.0007664281874895096,0.00011195964990257795,7.241727724310127e-06,7.034465670585632e-05,0.0004922309810274986,0.0006600043245902701,0.0013286080211400986,0.00040387277208017713,0.001306360109923136,0.0009329803287982941,0.0005186842763897637,0.00027509682953348255,0.001863919198513031
651,0.001075488507411293,0.0001866752552597828,0.00035143643617630005,0.0025519203793851475,0.00018071067537896168,0.0004884973168373108,9.355076411212554e-05,3.968520336393531e-05,5.505979061126709e-05,0.00045519088932558655,0.00018457434989948424,0.0008055400103330612,0.001292451290323321,0.00013777042154989802,0.0008317548781633377,0.0013512444355304187,0.0006534149236524841,0.0014307200908660889
652,0.0006964589468725912,0.0007503256980300431,0.0008739419281482697,0.00016390687651135494,0.00043155886432473534,0.0006182268261909485,0.00026959271159987877,5.586832313382063e-05,2.6378780603408813e-05,0.0013881453832422716,0.00023857180374215609,0.0005171466618776321,0.0009976902443907115,0.00039435128994367435,0.00019360706210136414,0.00231667948331446,0.0005991712305001371,2.067163586616516e-05
653,0.0006439775976159468,0.000319290267933231,0.0007098689675331116,0.001923099865936112,0.0005524877389157003,0.0008878763765096664,8.07653300561352e-05,7.231432682735682e-06,3.6343932151794434e-05,0.0005189952486778227,0.00026253510022200555,0.00033012405037879944,0.0007042432025892234,0.000945102148967529,6.572529673576355e-05,0.0006320430766399987,5.9023462853429257e-05,0.0007579587399959564
654,0.00019028199715950822,0.00021072774771502614,0.00016922131180763245,0.001376769656456417,7.318735413897742e-05,0.0001902226358652115,4.11849091059447e-05,4.036087843484399e-05,5.691125988960266e-05,0.0005446142973465698,0.00023675096508527643,0.0007933191955089569,0.0008549122124121011,7.003644683445734e-05,0.000421253964304924,0.0007246999037778812,0.000518152371244052,0.0010332092642784119
655,9.693667792362581e-05,0.0006695301084480958,0.0012403372675180435,0.0017650271715268506,0.00020147491384881616,0.0007701683789491653,3.202198330885635e-05,4.238174572645376e-05,0.00015772506594657898,0.0007523290306505684,0.0011164837996208918,0.001481223851442337,0.0016493395650255607,0.0007912788198575459,0.002287529408931732,0.001835759789612923,0.0006514957976839451,0.0025476887822151184
656,0.001359670897428611,0.0025266260264577775,0.001093301922082901,0.0031084149175496234,0.001236118405550636,0.0017465688288211823,0.0003201751811881138,7.80552115954927e-05,2.596527338027954e-05,0.002266791288568319,0.0012522016890939638,0.0007634181529283524,0.0022556418869310382,0.0009877625918408087,0.00163298100233078,0.00021404797214857885,0.0007256026952149278,0.0010323114693164825
657,0.003054990503654098,0.0003690674796448558,0.0006676837801933289,0.000880335289458023,0.0005540912152214202,0.00024125538766384125,1.1941899609128198e-05,5.850665058031786e-05,1.1011958122253418e-05,0.0005847416001922706,0.0011071420647723873,0.0006998926401138306,0.0013157471568299856,0.002450462392166241,0.00036245957016944885,0.0017146909478497618,0.0011991064273896342,0.0001358427107334137
658,0.0003839195562367337,0.0009598543880998608,0.00031895749270915985,0.00044290761020890357,0.0005511763211778972,7.767230272293091e-07,0.00010842254402902533,5.8980729291067025e-05,4.2922794818878174e-05,0.0023531646801888476,0.0008333489142409237,0.00020620040595531464,0.001884601738882656,0.0008176175248769124,0.0006455704569816589,0.0006689072635901461,0.0010687750350910734,0.0005135014653205872
659,0.0018266639477715896,0.0007063466778178991,0.0012910105288028717,0.0006778566432189548,0.0015788184072067155,0.000913543626666069,5.884358665321672e-05,6.768255007926014e-05,7.977336645126343e-05,0.0007928900294624924,0.0006464395506011744,0.0007953345775604248,0.0003809248342125232,0.002551742668448119,0.0013544820249080658,0.0023676979790386576,0.001149159813912188,0.001424293965101242
660,0.0006662244321838651,0.0010136125596914604,0.001341031864285469,0.0052592193306523205,0.0008388823634538634,0.0013557784259319305,0.0001225386774456952,9.282101767621345e-06,5.1256269216537476e-05,0.0036772854032112445,0.00023148673435208905,0.00019605830311775208,0.003247545730243377,0.0015146181446442745,0.0003923475742340088,0.0015546796964910903,0.0006073742479700151,0.00031312182545661926
661,0.002305555148270938,7.412834705095017e-08,0.0001691710203886032,0.0009120442276386864,0.0015498739958027148,7.428601384162903e-05,0.00012285186294107298,2.0912069799317468e-05,4.13842499256134e-05,0.0011638694001517152,9.571730528977473e-06,0.00011156685650348663,0.00040640035499216187,0.0013291618507752338,0.00023244507610797882,0.0005691251877375236,0.0004625780137271947,0.0007505118846893311
662,0.0025525512394140026,0.0002917481929677959,0.0003461986780166626,0.0007266816629547812,0.00027340420184188835,0.0006082784384489059,5.522994337009077e-05,9.185418921803267e-06,8.370727300643921e-06,0.0031173936933070814,0.00040333362319395355,0.0006441865116357803,0.002104766896935499,1.9474331467223688e-05,0.0008747950196266174,0.0001027656076911243,5.970936499881917e-05,0.0006469264626502991
663,0.0016253977912282502,0.0006936911527840352,0.00046097859740257263,0.0018777924772002685,0.00020688363700872847,0.00032934732735157013,0.00021795865171500908,3.786038561428553e-06,7.370486855506897e-05,0.00252686214478242,0.0006220509080702291,0.0009544119238853455,0.0015985202986118843,3.4515903117531e-05,0.001048590987920761,0.00041819340994464493,2.1236628633789986e-05,0.0015548095107078552
664,0.0007306973027375041,0.00023007956329531773,0.00043314509093761444,0.0009235172266573444,0.00035517571402092843,9.629689157009125e-05,0.0001378127566373684,5.47019303453808e-05,2.551823854446411e-05,0.0021104007724794746,0.0008709138262171096,0.0005182996392250061,0.001019578220181755,0.0011541002813751644,6.81411474943161e-05,0.0024837013224571214,0.0008951133513378697,0.00017840415239334106
665,0.0006974525594558023,0.00047070960840959325,0.0004265792667865753,0.0005195310605520809,0.0008757823218484562,0.00020629912614822388,7.359901783320598e-05,4.921006726896389e-05,3.524124622344971e-05,0.0013107441233974476,0.0009065409570161928,0.00011263228952884674,0.001069505182924875,0.0007818489092237743,0.0003561209887266159,0.0005402854030606141,0.0008394290421756198,0.0012084506452083588
666,0.0015711948244303275,0.00037184415629069184,0.0001773294061422348,0.0006552454760679061,0.00042507711037083687,0.00011821836233139038,0.0001125797970195231,1.2665676223513412e-05,2.9217451810836792e-05,0.000374504181337533,0.00016033439468812055,0.0003071930259466171,0.00033849510991285775,0.0006835496289136905,0.00029934942722320557,0.0019774839995857774,0.00010099620533533978,7.515773177146912e-05
667,0.0003929828340314967,1.4155628656871422e-05,1.9412487745285034e-05,0.0010884456560317501,0.0001681596387161713,0.00035534612834453583,4.785878528381152e-05,5.8582359058744274e-05,1.9222497940063477e-06,0.002753755927000716,0.00013875695895108203,0.000493757426738739,0.0019730849150631086,0.0006643057594153158,5.303137004375458e-05,0.0004459787725593911,0.0012362664158219946,0.000886380672454834
668,0.0010591912278790916,2.50157316114899e-05,0.0009039286524057388,0.0014237266799342618,0.0005274857283292349,0.000824369490146637,3.243684550998521e-05,2.486283335926794e-05,0.0001267939805984497,0.002887347341707848,0.0008548066331437593,0.001402970403432846,0.0016833656947150208,0.0007115770660948775,0.0015668366104364395,0.0011639203451760116,0.00041582629338397965,0.0020829327404499054
669,0.0011065573964259556,0.0004126690441028369,0.0002371612936258316,0.0006336485608237075,4.274685579509774e-05,0.00029060617089271545,8.984287456728808e-05,1.719369088065963e-05,4.060566425323486e-06,0.0011190666839005353,0.00030099608450143145,0.00014697015285491943,0.0005223138309591591,0.00011530974860091484,2.6980414986610413e-05,0.0002127254949149393,0.00032127267178621785,0.0002856999635696411
670,0.0005070624742323782,0.0005200389571885164,0.0006206054240465164,0.0014972054605233431,0.00014467427620270742,0.0007452163845300674,8.414445856023446e-05,3.943496435768808e-05,5.663558840751648e-05,0.000517193801369352,0.0008237674647199947,2.6673078536987305e-05,0.000752306832343258,4.994623993911235e-05,0.00028239935636520386,0.001353160980421625,0.0006161426466270385,0.0006346739828586578
671,0.0002471746525309071,0.0005526060200597045,0.00048230960965156555,0.0004725860056584985,0.0005534576911959618,0.0006977375596761703,0.00014837366516703455,1.4304792204409417e-05,8.384883403778076e-05,0.0003825774426610279,0.00029886488476839335,0.0006109178066253662,0.00019752735882420935,0.000390840243918944,0.0002715904265642166,8.790957738535887e-06,3.224558100705342e-05,0.002178378403186798
672,0.0015155753117157833,0.0003255058326780344,0.00012451410293579102,0.0011772234715084207,0.0002908222861881041,0.0001258794218301773,1.3876863816290538e-05,4.7693452970645495e-06,2.942606806755066e-05,0.0004591765130035688,1.4689229911303558e-05,0.0008292049169540405,0.0005243816944394339,0.0005505552008888553,0.0008476898074150085,0.001339417156907191,0.0002094249911369448,0.0009828582406044006
673,0.000925068194928047,0.0004004919813698597,0.0005077272653579712,0.0013338171481264705,0.00010750715358438453,0.0006259754300117493,8.588345318928485e-05,2.716377357629869e-05,8.849427103996277e-05,0.0015941813906049304,0.0002978227338426287,0.0005702190101146698,0.0005565372638906205,0.00036069977741066614,0.000332685187458992,0.0005723087153131357,0.00045410488450025287,0.0017027854919433594
674,0.0013534851352195731,0.00014801781242481174,0.0004000868648290634,0.0010314284687557573,0.00021610423768709738,0.0004870221018791199,3.13386698941754e-05,4.391305136304253e-05,6.710365414619446e-05,0.0015754341164684812,0.0005566596697164222,0.0008737221360206604,0.0013332781613758227,0.0005202481072051936,0.000775584951043129,0.0009887302370826245,0.0010024446496596732,0.0010629072785377502
675,0.000458406696626501,0.00011292789768370046,0.0003768503665924072,0.0010908432284708613,0.00014131828697737728,0.0005877502262592316,1.575379496463608e-05,5.301716720490534e-05,2.8897076845169067e-05,0.00059339264871755,0.0006070160603896049,3.806315362453461e-05,0.0006084489394564269,0.00010002201922477277,0.00023582018911838531,0.0012454778998406413,0.0009859970267625372,0.00026654452085494995
676,0.0008181831549722851,8.809783271561747e-05,0.00043881870806217194,0.0017400125906459618,0.0003279680496586883,0.0003231968730688095,4.068311401834654e-05,7.390427993478679e-06,2.446770668029785e-05,0.0009520859026234049,0.00028799278161867337,7.881410419940948e-05,0.00038257990933499714,0.0010224346584199497,6.876140832901001e-05,0.0011745478317250757,4.836197711947238e-05,0.00018413737416267395
677,0.0017770108140114094,7.059428071621437e-05,0.00016974098980426788,0.001200695876989205,0.00023772646931508393,0.0002096518874168396,3.889825159029449e-05,5.355822603650851e-06,2.810731530189514e-05,0.0005096795609070282,9.613640262377127e-05,0.0004057474434375763,0.0007216212808747596,0.00033583061564569985,0.0003384370356798172,0.00012596716057944324,0.0002281885914699848,0.00028338655829429626
678,0.0014791671492979663,8.74414196944985e-05,0.00015041418373584747,0.0005294055107571971,0.00034834806045656863,0.00021615251898765564,7.901453980241682e-05,1.354439861779382e-05,4.2825937271118164e-05,3.268938927019488e-05,0.0009100549422459969,0.00035152770578861237,0.0010119320887124264,0.0011095368748952755,0.0003123898059129715,0.000800438239922846,0.00043312622334232276,0.0011800751090049744
679,0.0005686531684324092,0.0004395265306548282,0.00013100914657115936,0.002101794829079462,0.00019935959480149937,0.00014755688607692719,5.4461503588513344e-05,4.465354160239983e-05,4.312396049499512e-05,0.001202847808838725,0.0005286441882580428,0.00023321248590946198,0.0001264726957066198,0.00019363236019415836,0.0006167739629745483,0.000904351378965107,0.0006001914251381312,0.00013516470789909363
680,0.002583435691898145,0.0001094660404566232,0.0016231704503297806,0.004100136319539122,0.000366280459515575,0.0018400419503450394,7.210677405169834e-05,3.0352515196017233e-05,0.00022759661078453064,0.0053257687696244005,1.286978090044022e-05,0.002676239237189293,0.007553578399449881,0.0020776350646765675,0.002551356330513954,0.0029645345831247616,0.000583428949812264,0.00427597388625145
681,0.0022200643019620048,8.89113351143847e-05,0.00046671926975250244,0.002278639153719314,0.00010184644235014875,0.0003645997494459152,3.7589528793414637e-05,3.311689521562659e-06,7.074698805809021e-05,0.003013880753192144,0.0008940106636124295,0.0020194556564092636,0.001556967235926389,0.0004081600893934556,0.002142205834388733,0.0006234728209567608,0.00026386486293925385,0.0026797764003276825
682,0.0005138529308338358,0.0005766002371168991,9.038671851158142e-05,0.0006285375284302563,0.00023812161307890795,0.00033040158450603485,3.7476399443944763e-06,1.2455042549392153e-06,3.156810998916626e-05,0.0006395161241868549,0.00018117700078904703,0.0002130698412656784,0.0005852834425890685,0.0011862916194966266,0.0006027407944202423,0.001157752286494923,9.245011665257041e-05,2.9668211936950684e-05
683,0.002302427856106376,9.57495656693369e-05,0.0008537545800209045,0.0006631154548956408,0.00013101772009706247,0.0007668491452932358,0.0002688203258818401,2.4374844613452387e-05,4.433095455169678e-05,0.000840114957368035,0.000905343122432449,4.005059599876404e-05,0.00038793943678250287,0.0005743362691258518,0.00021998398005962372,0.00020429015394021754,0.0005135490805021903,0.0008934475481510162
684,0.002785736998115157,0.00019464869298726345,0.00018664449453353882,0.001807330430723314,0.0006330996205993582,0.0006204918026924133,0.00023319364773763396,4.484898440604214e-05,1.6961246728897095e-05,0.000688460389747389,0.0009595935613053372,4.119612276554108e-05,0.0005660719034515371,8.913724495660663e-06,0.0005600787699222565,0.0010250737077287797,0.0008080325218304523,0.00035989657044410706
685,5.3823805046759876e-05,3.137042256989506e-05,1.0922551155090332e-05,0.0008712576503024372,0.0005736250133900021,0.0002768170088529587,0.00015204315215250515,2.339712222780067e-06,1.835450530052185e-05,0.001153009557026255,0.00034669411771832276,0.00029896199703216553,0.0007170519412340523,0.00044773136778895883,6.080791354179382e-05,0.0007794636253226073,8.079602117864668e-05,0.0009345747530460358
686,0.0008878433136500219,0.0002798868634287799,0.0004521682858467102,0.0018237842702371054,5.039732201357963e-05,0.00023816898465156555,4.0565320666215154e-05,2.0030297254041785e-05,1.9855797290802002e-05,0.00010644134696515678,0.00029754703913121433,0.0001216493546962738,0.0003684526720860934,0.000280014013781138,6.725452840328217e-05,0.00037888751963086054,0.0001833727808524862,0.0003038570284843445
687,0.00027796449728770267,0.00036839176505739854,0.00025472790002822876,0.0012482343863842726,5.250347121541626e-06,0.0004954468458890915,0.0002028645382340724,1.9735014492357292e-05,3.0174851417541504e-05,0.00023339652188927168,0.00039606120753981483,0.00046220794320106506,0.0003902392795002846,5.983004131136088e-05,0.0001573115587234497,0.0005531444282947662,0.00038413064240535623,0.0010961554944515228
688,0.001498355809344487,0.0002276035399635494,4.270672798156738e-05,4.189363719633854e-05,0.00048232447430166317,6.293505430221558e-05,7.486333548578639e-05,1.9912011160311358e-05,5.0902366638183594e-05,0.0005619924293443004,0.0002554236514717076,0.0004680529236793518,0.0007936681524741487,0.0002759882856636954,0.00036913715302944183,0.0008658713895844106,0.0005336212902607284,0.0006323978304862976
689,0.0011903405823250612,0.0003186891852165856,0.0007745102047920227,0.00012005757447067222,0.00038945169769163956,0.0008209012448787689,0.00014090276142310516,3.65430470376008e-05,9.257718920707703e-05,0.0004201048776062144,0.0004733384851849237,0.0006106756627559662,0.000516636103283237,0.0007424923009749645,0.0006403196603059769,0.00027929323466613365,0.0007142803859179567,0.0017586536705493927
690,0.001004034684308236,0.00025164512892747806,0.0009961817413568497,0.0019632331106383405,0.000381046680379641,0.0007896274328231812,0.00024253045890626837,2.3530560128082927e-05,9.722262620925903e-05,0.0012365331121695008,0.0005653333664142751,0.0007831603288650513,0.002142495365350161,3.2071140242465046e-07,0.0010752957314252853,0.002028884947872539,0.0006030861612203627,0.002039622515439987
691,0.00021572633074876113,0.00048512567185347855,0.0007505211979150772,0.0007275754930478051,0.00024978771714636097,0.0005010496824979782,0.0001746645963955247,5.790705855945508e-05,5.2303075790405273e-05,0.0005597130657591515,0.0008649191280558147,0.00013077817857265472,0.0006839776321820451,0.000388881757813736,0.00039780326187610626,0.0003581158364446835,0.0010971103767413934,0.0005525127053260803
692,0.0007283604619492678,0.0005530091780964058,0.00030955299735069275,0.0003900979361366186,8.751821246440195e-05,0.000562155619263649,3.707068889118037e-05,2.977562771185353e-05,9.387731552124023e-06,0.000384538442244807,0.000666071064473174,0.0003934856504201889,0.00045365467509389523,0.0004953030956689614,0.0007204804569482803,0.0005349416546467367,0.00046108608490960136,0.00014917925000190735
693,0.000221692427809006,0.00011898875608299872,0.0008093863725662231,0.00040591437647602424,0.00047703955449467095,0.0008047930896282196,8.318581063801456e-06,1.3958938359084341e-05,7.785484194755554e-05,0.0006799682863014994,0.0002947524908398849,0.0003810133785009384,0.00029521281009071976,0.00021494212419427214,0.0003173612058162689,0.0010595146325372562,0.000287984699154812,0.0009912997484207153
694,0.00023398695825585514,0.00013167018407187966,4.5845285058021545e-05,0.0005543066959760867,0.00014002037443046692,0.00016313791275024414,5.836510074287357e-05,9.98481394366593e-06,3.3989548683166504e-05,0.0008769230465191236,4.8148349708024285e-05,0.00049574114382267,0.00037342263590314784,3.0700453052555365e-05,0.0007084272801876068,0.002229652471610305,0.00016445892761391724,0.0008012279868125916
695,0.001650311293254575,0.0005890314349210959,0.00010073184967041016,0.0039676424910503605,0.000734310057723505,8.79243016242981e-05,9.218610477756614e-05,2.4616167408764134e-05,7.327646017074585e-06,0.001975975147360143,4.363821340797741e-05,0.0003287084400653839,0.0012489183837227358,6.517762247901238e-07,0.0005350466817617416,0.003401341034842048,0.000556899598951166,0.00011748075485229492
696,0.002597675934861793,0.00040736650092310436,0.0008336007595062256,0.0040071035281271095,0.0005535276248245895,0.0003428831696510315,6.95604728143881e-05,1.873547990459423e-05,8.974224328994751e-06,0.0030970989528202736,0.0007737552696205699,0.0001719500869512558,0.0027288731266981586,0.00033140107474954536,0.000532219186425209,0.0020822424112595106,3.0538257973453456e-05,0.00039829686284065247
697,0.00164045549051961,0.00015001776547054688,0.0003690645098686218,0.001823779993615382,0.0004016253600591102,0.0005472544580698013,3.071291382606908e-05,3.867422768919827e-05,2.1573156118392944e-05,0.000967450515178811,0.00039950462703521733,0.001193096861243248,0.0018843308301615819,0.0020573938476540557,0.0014570299535989761,0.0020525479198177654,0.0008466189815648766,0.0008482933044433594
698,0.0006750472649227068,0.0003409088384003986,0.00044098682701587677,0.00023374108430276874,2.5766557088070102e-05,0.000790867954492569,0.00012376955470649875,4.796521426007308e-05,7.273256778717041e-05,0.00016173823399238257,0.0003790953486520754,0.0016802195459604263,0.0020147552884406186,0.0006425588446870231,0.0012318026274442673,0.0007562498497079573,0.0007391220548132633,0.00235019251704216
699,0.00011519740724968974,0.0002569895793596358,0.00047528743743896484,0.00036174570286706675,0.000245622161182818,0.0005673002451658249,8.679052239225077e-05,2.2847730667945954e-05,4.190951585769653e-06,0.0009778719579705067,0.00020630810975209163,0.00013536959886550903,0.0010201465800190532,0.0001295491713695432,0.0003262180835008621,0.0008869678287866667,0.0005161579635586996,0.00031580403447151184
700,0.00017990924056951463,0.0001053200058208359,0.0012970305979251862,0.0003706774927960399,1.6563016164920785e-05,0.0011683572083711624,2.879449654327737e-05,3.468016195378137e-05,7.107481360435486e-05,0.0015859001374865442,0.0013043030202367079,0.000507403165102005,0.002386587351888271,0.00032637566613022764,0.0006221719086170197,0.001626078748048182,0.00047005562373708676,0.001315426081418991
701,0.00138930679152105,0.00019885256174170807,0.0010940954089164734,0.001299698746129091,0.00024251443497643604,0.0006946567445993423,1.284271445773158e-05,4.5060321141365215e-05,7.633119821548462e-05,5.4014883591413376e-05,0.0009064018313653804,0.00035163015127182007,0.0004931907766488539,0.0006326171620740957,0.0008992347866296768,0.0001985599182862674,0.0007433145457303343,0.0013641491532325745
702,0.0015035018199729133,0.0004480412844550391,0.0006699841469526291,0.0005758362242409831,0.0005313481163756739,0.0003634504973888397,6.141804177913976e-05,3.882676163581588e-05,3.102049231529236e-05,0.0038286099590774322,0.0014133971650110294,1.3764947652816772e-05,0.001739028918929457,0.0013965982889824792,0.0004246905446052551,0.0022413007405124585,0.0007264950936825866,0.0005246810615062714
703,1.920739836200336e-05,8.1776669898493e-05,0.00030322372913360596,3.724787740869151e-05,0.0001101702693618381,0.0004402957856655121,9.5483988661757e-05,1.6803282789753767e-05,2.551823854446411e-05,0.00018761743584760904,0.00018180126303279226,8.320249617099762e-05,0.00026321303784107575,0.0008157329481180801,3.15103679895401e-05,8.134716493957139e-05,0.0004251748498749243,0.00023427605628967285
704,0.0006680279031148761,0.00017124249234705055,2.8965994715690613e-05,0.0003876452316365908,7.879988805081783e-05,0.00010792165994644165,4.8167195947457914e-05,1.6503245533703356e-05,1.2598931789398193e-05,6.220749636176581e-05,0.00013835828540884054,0.00022308528423309326,0.0005753658833787326,0.00024989409438231497,0.0003033597022294998,0.00016017108049987128,0.00024288698023503842,0.00015147775411605835
705,0.0010006362942176217,0.00021965895449176098,0.000641627237200737,0.0009939085909888012,0.00046824585838291244,0.0005375184118747711,9.975377166863281e-05,1.895756813309851e-05,5.4504722356796265e-05,0.00041084736289143803,0.0003751238060073839,8.962675929069519e-05,0.0008536526240418285,0.0008050524582596634,0.000252697616815567,0.0021839791615345105,0.0004234070001186054,0.0009300112724304199
706,0.00017769918714077848,5.907954372802449e-07,0.00015719421207904816,0.00022472545003190958,0.0013272798058471535,0.0003302711993455887,9.165273029310486e-05,2.9748764856308944e-05,3.90373170375824e-05,0.0004988191478524362,5.3261419638551966e-05,0.0005386397242546082,0.0003482072327399832,0.0004820325189592925,0.00016537867486476898,0.0005841383282526036,0.0005582489249177144,0.000830475240945816
707,0.0006375305418431787,0.0009713836041305643,0.0013507697731256485,0.002165727390838562,1.0932020387259545e-05,0.0010760948061943054,0.0002348418480969082,5.1262048705182084e-05,0.00013379380106925964,0.00024228676595195592,0.0008608799901771852,0.0009155459702014923,0.00035630300274712423,0.0008992924231028994,0.0012084729969501495,0.0014288255729683341,0.0009537204447506633,0.0035848990082740784
708,0.000808171263226215,0.0005001279091931578,0.0008681882172822952,0.00023391377745154984,0.00021831555731455232,0.0008765943348407745,0.00022766310105357818,1.5873985814010517e-05,0.00010475888848304749,0.0017399591819904914,0.0009534732365574089,0.001264786347746849,0.0024421144133991296,0.0008554534980190903,0.0012083537876605988,0.0024496877307892406,0.00041670342490864216,0.0018824897706508636
709,5.7176395521579826e-05,0.0003020833605983028,0.0008347518742084503,0.0006290609619200027,0.0009491665324339524,0.0007552523165941238,0.00022417943372089744,1.7468936062041114e-05,0.00012730062007904053,0.00018363990929610996,0.00047531792368098874,0.0014120489358901978,0.001054665030634623,0.00017622059023632286,0.001547984778881073,0.0010921115013013127,0.0005416072805617816,0.0024919845163822174
710,0.0007035899783441879,0.00036074258970581266,0.0003280211240053177,0.0008888930442575715,0.0007587051783655915,0.0002444051206111908,9.447289070123668e-05,2.506907324197397e-05,4.169344902038574e-05,0.00026485244889456333,0.00045329510472206375,0.001297472044825554,0.0021068376540467684,0.0010761650708260954,0.0014076419174671173,0.00022929534566071275,0.0006377656007306581,0.0011953487992286682
711,0.000448072964276125,0.00020210534425881,0.0002749636769294739,0.0020839409766018058,0.000658692623368401,8.269958198070526e-05,8.828972900260315e-05,6.106787794367256e-06,1.6197562217712402e-05,0.0008720182579294924,0.0004585956870830771,8.541718125343323e-05,0.0024884391647435958,0.0003033109738816431,0.00014974363148212433,0.002066046194009852,0.000167461425710844,0.000916898250579834
712,2.2740145321220595e-05,0.00011083664205076629,0.0006105508655309677,0.00015966417478238681,0.00013379082567557127,0.00043074414134025574,6.668475914454325e-05,2.1755337219254945e-05,4.2065978050231934e-05,0.000343115769592138,0.0002402704388318258,0.00043715164065361023,0.0002977962103410253,0.000656471689224343,0.0006409548223018646,0.0010793463801326009,0.000569246154725948,0.0006540305912494659
713,0.0002707406423812231,0.000594520990928285,0.00014050118625164032,0.001339052568177429,0.00036964077219936095,8.369423449039459e-05,7.094802810352768e-05,5.959299079351648e-05,9.5367431640625e-07,0.0004229574173403583,0.000586815417179011,0.0003487393260002136,0.00137829580687749,0.0003110261627985375,0.000598222017288208,0.0002875760575859754,0.0011387577324453897,9.243935346603394e-05
714,0.00015011154673247318,8.54639022157995e-05,0.0003240220248699188,0.0007808936322442339,0.00031960675156147283,0.00045345351099967957,0.00011559880887299784,7.513551589261058e-05,3.813207149505615e-05,0.000855729583860966,0.00111106164605361,6.0793012380599976e-05,0.0016974671306729874,0.0004340448750875768,0.00013804621994495392,0.0009383887625480092,0.001245013959281966,0.0010333731770515442
715,0.0006092696225664107,0.00035841868737531216,0.0009432267397642136,0.0003969942205538646,0.0003337484587068937,0.0011386200785636902,0.0002151923592416706,5.0194876751611024e-05,8.586794137954712e-05,0.001377631238916252,0.0006330189712149062,0.0005221161991357803,0.0019316257963765404,0.0009904923377842961,0.00026179105043411255,0.0011250603684163363,0.0008026164082308614,0.002132028341293335
716,0.0006053995404289858,3.718734538760496e-05,0.0008132606744766235,0.0005758912339610678,9.333809290180961e-05,0.000723743811249733,0.0002953762067764293,2.143412293259127e-06,3.964453935623169e-05,0.00023643353381288396,0.0002571448097800841,0.0008204933255910873,0.001823660358913251,0.0005494960731324966,0.0007847975939512253,0.0017807902083668004,0.00021319627163146615,0.0009079389274120331
717,0.0009716578798269482,0.0003138209570456296,0.0006930921226739883,0.001064583108196293,0.0003159997534494391,0.0007412005215883255,0.00027989009120821425,5.520520919836665e-05,9.631365537643433e-05,0.0007178596290601663,0.00039577671946802034,0.0008227471262216568,0.00022573328731612802,0.001467818103549793,0.000645248219370842,0.0017132048600202454,0.0008229291169475281,0.0021954402327537537
718,0.0009781845880371676,0.00014157184375129458,0.00010884739458560944,0.0006844350207317607,1.2381115158947159e-05,0.00021811015903949738,8.298806366050827e-05,9.762663995258915e-06,6.674975156784058e-05,0.0019436376220718088,0.00013834497475171542,0.0008705612272024155,0.0007039266990053888,0.000676191934052453,0.0009619742631912231,0.0002604618161493599,0.00020098245670094328,0.0014814473688602448
719,0.0012576267767270832,0.000379241002512222,0.0004627220332622528,0.0010117485398503656,0.00021976514482463863,0.000316740944981575,4.827148136571022e-05,1.7528880825509914e-05,8.828938007354736e-06,0.00045910795739461524,0.0005596759342667984,0.0007515419274568558,4.8032466313137345e-05,0.00034800274187166483,0.0005934145301580429,0.000995893571674733,0.00028038780306605116,0.0007033348083496094
720,0.0010614239887416776,2.901947994947765e-05,0.0005130954086780548,0.00032343533999185103,0.00031893584063358293,0.0002501830458641052,0.00010694906921789732,1.96221888693691e-05,3.0316412448883057e-05,0.00021559660621260635,0.0005579621518000122,0.0007906481623649597,0.0010984715360803157,0.0006954730655573185,0.0011464059352874756,0.00017155542847213656,0.00026212196978618596,0.0015399493277072906
721,4.473926554932062e-05,8.376848674584297e-05,0.0005959086120128632,0.0005243870951499585,0.0006157251735616036,0.0004428047686815262,0.00015025776802477658,7.002089165395538e-06,7.100403308868408e-06,0.0006957622349871989,0.0003715550790513375,0.0006093904376029968,4.767045194725705e-05,0.00018857388539022385,0.0004670731723308563,0.0005601614073134087,0.0001442308923013079,9.94652509689331e-05
722,0.0007691758301151541,4.607342737320344e-05,8.033402264118195e-05,0.0002781805692825823,0.00034124792609431867,0.00010812096297740936,3.892726835001345e-05,1.329193030290103e-07,3.1054019927978516e-05,0.0007544946045507303,0.0004224439930869059,9.870529174804688e-05,0.0009788556603441481,9.569383958871192e-05,0.00010796263813972473,0.0009276018005893727,9.21249329968038e-05,0.0007261484861373901
723,0.003041154490574599,0.0006514817934827957,0.0010589007288217545,0.003372807597149363,0.00018752793735244896,0.0007712263613939285,6.268779507531685e-05,1.8658195539434427e-05,0.00013568252325057983,0.0014660988284309895,0.0007746800694473088,0.0008559916168451309,0.002178799306385572,0.0020900494046629248,0.0011652745306491852,0.0017300942280079057,0.00037725586730032873,0.0017282851040363312
724,0.00020014424602599057,0.0014086115839358239,0.001388251781463623,0.0026427156123169093,7.059649614253594e-05,0.0012096576392650604,0.00016605655517192355,5.28593089412125e-05,0.0001546218991279602,0.0020994179684662023,0.0011819141693531349,0.0007854029536247253,0.0014351263023938202,0.001304690079397399,0.0009273942559957504,0.002381712053231705,0.0010164192985615116,0.0023485757410526276
725,0.0009781521336168497,0.0004829905071435381,0.0004992671310901642,0.00015618476317508234,0.00047767191431832487,0.0003615189343690872,4.315960283414813e-05,1.2347660326762571e-05,2.4158507585525513e-05,0.0014035126787773147,0.0002761235048772334,0.0007747281342744827,0.0010060530318835373,0.00038958511752034547,0.0004982128739356995,0.0003604951671437595,0.00014683252326718604,0.0007146522402763367
726,0.0007468052123601743,0.0001419748342181837,0.00012385845184326172,0.00012509129010443432,0.00037443363683240666,0.00031819939613342285,1.9733871788382013e-05,3.6582325257609864e-05,3.166496753692627e-05,0.0005112783794741088,0.0007387042993764956,0.00013078749179840088,0.00020192718604005594,0.0004998869346240879,0.0001930445432662964,0.00026686863425939844,0.0006669149917441965,0.0004018321633338928
727,0.001188137379681542,0.0002587136378375855,0.0010852720588445663,0.0009288019845789808,0.0006892802976402913,0.001109827309846878,0.0001285030309157477,2.0371864598890677e-09,0.0001250430941581726,0.001232103833700482,0.00022881135888863646,0.0010663308203220367,0.0015494835222890288,8.83903421438903e-05,0.0010736975818872452,0.0017893218001173439,4.138127489895435e-05,0.0017729252576828003
728,0.0005173942123938291,0.0005308826355350828,6.083771586418152e-05,0.00038697716434224483,0.000542881134299858,0.00015459395945072174,0.0001307485396763279,7.300608981372614e-06,1.1179596185684204e-05,0.00018057596635275702,0.0004843222223581342,3.639794886112213e-05,0.0004916270897691519,0.0007138224826809987,2.3981556296348572e-05,0.0006013387222434108,0.00011571881466537759,0.000658281147480011
729,0.001402043630182509,0.0001838693170112364,3.763847053050995e-05,0.00026960822572788534,5.8982715549323744e-05,0.00016108714044094086,7.00553104827327e-05,8.677420151749016e-06,1.448020339012146e-05,0.0008200018027776923,0.00023378598691829733,3.789365291595459e-05,0.0009512586789338362,1.196987541788111e-05,6.033480167388916e-05,0.0005368139207570788,2.11564992379093e-05,8.882582187652588e-05
730,1.5127761894856429e-05,0.0003231118029323153,0.0003033634275197983,0.0009077496049570422,0.0003504034987819628,0.0005443952977657318,4.735894982726627e-05,2.425893686745762e-05,3.1888484954833984e-06,0.0007732794854161881,0.0006182593322852994,0.00022464990615844727,0.00022593333366089513,0.0004424733241589346,0.0001084059476852417,0.0018497080962766865,0.00028109526749631186,0.0005660653114318848
731,0.0019903645336175058,0.0004331000429498265,0.00028881989419460297,0.00029377490283455376,0.0007332434376547611,2.2176653146743774e-05,1.9866492809373498e-05,3.7957219788549586e-05,9.102746844291687e-05,0.0013558990913750124,0.0007804889468708692,0.0011066775768995285,0.00028575860720516516,0.0011260073643581114,0.0015504471957683563,0.002472428932386833,0.00039903620762228587,0.0018655657768249512
732,0.0021397978070096246,0.00041409372117573104,8.111633360385895e-05,0.00016755802831044941,0.0006410444939363887,2.11372971534729e-05,3.36695935710743e-05,3.654616180375576e-05,2.699345350265503e-05,0.0007672705780097863,0.00019710138137024602,0.00019686855375766754,0.0009136728395453264,0.0008584197620012113,0.0003484319895505905,0.0005431069096198116,0.0005333233489959767,0.00010281801223754883
733,0.0008841623394069964,3.822615797875392e-05,0.00019472651183605194,0.0005211419448829246,0.0003703057382982537,0.0004445631057024002,3.0367990356241353e-05,4.417276148675504e-05,3.910064697265625e-05,0.0013739626451325024,1.23792771231368e-05,0.0005046427249908447,0.0015756801550705288,0.000965568498578661,0.0002609770745038986,0.0020069465960678434,0.0007576203500312736,0.0005621090531349182
734,0.00061018815308711,0.0009453818730503737,0.0012777522206306458,0.0012281298158217657,0.0006012485208093318,0.0010417327284812927,0.00012626796096586873,4.1099743419849505e-05,0.00013671815395355225,0.0012406346152680492,0.001349624805853225,0.000994490459561348,0.0006356623427730898,0.00033603140710255705,0.0013105887919664383,0.0014090058070622968,0.0008591831729884303,0.0027000904083251953
735,0.0010976784239490611,0.0005407935477652753,0.0014454890042543411,0.0014863466033443462,0.0005870940421667178,0.001439664512872696,0.00013197703614684086,9.844694783418145e-06,0.00013374537229537964,0.0012497098951596633,2.7471496246121718e-05,0.0009657032787799835,0.00030209660510548825,0.00044897247374424756,0.00100657157599926,0.0012620544183853943,0.0003771539283324455,0.0022922977805137634
736,0.0013141505671550313,9.570793760627083e-05,0.0004631113260984421,0.0015425083625522085,6.154089764032894e-05,0.00046759098768234253,2.6808679555779397e-05,4.465700862838515e-06,5.514174699783325e-05,0.0013816928752440477,0.00011487125464024889,0.0007124990224838257,0.0006472861512203179,2.5127358905342734e-05,0.0007303394377231598,0.0002845379083769306,0.00020267877293691887,0.0006224438548088074
737,0.0009116116290430465,0.0006320287021115041,0.0007314421236515045,0.0005355150405597364,0.00048196103691716674,0.0005125142633914948,5.4966801993294734e-05,2.1174830962417904e-05,4.8317015171051025e-05,0.0014325203148493407,0.00040415917181751276,0.00024876929819583893,0.001407395632134753,0.0005028758660541276,0.00046813301742076874,4.9516737081922724e-05,0.0003813855175064367,0.0004813633859157562
738,0.0005302885170180849,0.00037284137620233193,7.722154259681702e-05,0.00040189456423472825,0.0003790157182893411,0.0005340967327356339,8.058953598128957e-05,6.281495045953813e-05,3.9808452129364014e-05,0.0004892301423430334,0.0011016979945986521,7.241405546665192e-05,0.0007329755945521751,0.0008932604053832928,0.0005928874015808105,9.234604041902239e-05,0.001276205086733418,0.0003406144678592682
739,0.0005046476937876354,0.00017032875994096516,2.251937985420227e-05,0.0002295780832065608,0.00024342013334317444,0.0001283995807170868,9.180081308457488e-07,4.4586147305912364e-06,1.757591962814331e-05,0.0008720197120238096,0.00018928665439756076,0.00027510710060596466,0.0006794274978175127,9.447333268676819e-05,0.00045285560190677643,0.0006861268447223567,5.638723007576375e-05,0.0003871992230415344
740,0.0007536030273526395,1.86216471467493e-05,0.0003172867000102997,2.9522058158648612e-05,0.00026654386229061147,0.0002952050417661667,3.2771200013846646e-05,6.192761023260818e-06,7.677823305130005e-06,0.0006453847422509193,7.413946860219955e-06,8.85259360074997e-05,0.0002431726865130615,0.000504855573291399,0.00019356608390808105,0.0006488790885721962,7.355075465574797e-05,4.202127456665039e-06
741,0.0011715135589406012,0.00018515910428574742,0.0003557838499546051,0.0001863797674785117,0.0003638546649863128,0.0008102525025606155,1.6946416596542307e-05,4.406694834677594e-05,1.3891607522964478e-05,0.00029909812532435964,0.0009959492917187979,0.0002628099173307419,0.0007358764001782689,0.0007853003746861043,0.0007987227290868759,0.00019696123306772728,0.0008238631936982686,0.0001469142735004425
742,0.0018140250790895374,0.0006191007697400851,0.0006613247096538544,0.0014243401129977185,0.000531319544772417,0.0007339306175708771,5.879747587412415e-06,3.3716304471533096e-06,9.384006261825562e-05,0.0008842347501716377,0.00013577801596446892,0.0006360616534948349,0.0018487274008359075,0.0010050902424555488,0.0005183760076761246,0.000809893462135336,1.9272493607171495e-05,0.001839861273765564
743,0.0006298963263714763,0.0005629268015866808,0.0012379828840494156,0.0006942669791266676,0.0005754225208013455,0.0010359082370996475,0.00014494073884993228,2.084284653374607e-05,0.00010289996862411499,0.0009699917364484195,0.0002491107121697922,0.0005996283143758774,0.001255886869499706,0.0008964071133105607,0.0008296314626932144,0.0012588676127463228,0.00024386696562650294,0.0020171739161014557
744,2.3347746456792162e-05,0.00026349159735791425,0.0001170523464679718,0.00012113952539133388,1.1699132755022684e-05,0.00025228410959243774,2.6918383269309426e-05,3.500316240816919e-05,1.2099742889404297e-05,0.000264623633905392,0.00038885211154562893,0.00027172453701496124,0.0002957248728371331,0.0002006449525207843,0.0002686344087123871,8.911490699184399e-05,0.0006856645925433103,0.00014289095997810364
745,0.0006203326351074678,0.00048401340317851677,0.0006091184914112091,0.00044156299446029834,0.00012913943349232918,0.00043220072984695435,6.123022051615634e-05,1.0634602625222435e-05,1.0207295417785645e-06,0.0005117193230949196,8.857893989770022e-05,0.0006480235606431961,0.0008782380965533035,2.3434998712653504e-05,0.0003819316625595093,0.00010818887716851355,0.00016135947969971032,0.0008430927991867065
746,0.0010339342706998378,6.534553264870083e-05,0.00032774172723293304,0.00038743147226161234,0.00011964026268025674,9.267032146453857e-05,0.00010450903694097027,3.270258111213271e-05,2.967938780784607e-05,0.0005928215511870893,3.320700673577898e-05,1.9224360585212708e-05,0.00010747687594078043,0.00043812441975222063,0.00033565424382686615,0.0018612560740069728,0.000542085059901172,0.0004896856844425201
747,0.00036969332729741566,0.0005031856456572704,0.00023275241255760193,0.0008282581134323452,0.00031579207066419895,0.00012743286788463593,3.7580725129958414e-05,6.752221803263316e-07,3.591179847717285e-05,0.00010881706381667827,0.0002729887234443479,0.0003171265125274658,0.000740414698823022,5.857614763915206e-05,0.0004937481135129929,0.0007696955306969733,9.717230873359899e-05,0.0007106326520442963
748,0.00016030763149307847,0.0004293000288200302,0.00045221298933029175,0.00011852389317115741,0.0005264463323373381,9.141303598880768e-05,3.172445083373873e-05,5.195415310526002e-05,9.890645742416382e-05,0.001222114983286414,0.0012677609571678655,0.000981280580163002,0.0002178184091458854,0.00024419327694099463,0.001408461481332779,0.001123380864145318,0.0008082440158618462,0.002070419490337372
749,0.00017543888151319575,8.036847276906428e-05,0.0006253086030483246,0.00040658263155265995,0.0009208533731508983,0.0007157791405916214,1.1987179686732269e-05,2.025876548383083e-05,3.993138670921326e-05,0.00033354603730578747,0.0003757891387885168,0.0004326123744249344,0.00031961666999381216,0.0003658761060847046,0.00029530562460422516,0.0011288166834806102,0.0002643048512775484,0.0007149688899517059
750,0.0018926993781700763,5.311651296406594e-07,0.00017419829964637756,0.0013767290995281012,0.00045996762380642875,0.0002521481364965439,7.086334548359746e-05,1.0689352273183421e-05,9.611248970031738e-06,0.0012705947337706483,0.0002370101119786791,0.00021012872457504272,0.000920098320987571,0.00030985154347617713,0.0003591906279325485,0.0022707308171671103,0.00032869472776622666,0.00020587071776390076
751,0.0015423556032234387,0.0006487740246318707,0.0001972988247871399,0.0013203690194335538,0.0003485943014251598,5.517899990081787e-05,2.756442252929356e-05,3.465307706802378e-05,9.272992610931396e-05,0.001653963219426055,0.0001474026089840208,0.001117456704378128,0.0013908821014586084,0.0007326977819287865,0.0006929785013198853,0.0015339424476283336,0.000261876200873817,0.001572687178850174
752,0.0018042978449628044,0.00014587895589089975,0.00046647898852825165,7.47160632618149e-05,6.412638404183768e-05,0.00032793544232845306,6.670204323990306e-05,2.902824235558022e-05,4.26173210144043e-06,0.000957039436126024,0.00010690325810812362,0.00039806589484214783,0.0006531669720283226,0.0006413709027245397,0.0001645255833864212,0.0001846831397294968,0.000504860824350908,9.500235319137573e-05
753,0.0005514072696675976,0.00022533693983444597,0.00048101507127285004,0.0005649224758870197,6.574551341247126e-05,0.0003925468772649765,7.722015970285795e-06,2.0098632224867805e-05,5.844980478286743e-05,0.0007481415932513308,0.0005832110292640635,0.000600859522819519,0.0002204647919999761,0.0002956122823972625,0.0007348842918872833,0.0012738569008544642,0.00032520165394349723,0.0009546689689159393
754,0.00021153544193677765,0.00014697419479535803,8.387304842472076e-05,5.4929015254112645e-05,1.659050438148138e-05,2.8833746910095215e-05,3.32980063841061e-05,3.267484505129685e-05,2.053380012512207e-05,0.0010737956828373169,0.00015344762351519187,0.00036318041384220123,0.0006915440740812573,0.0009554095303693222,0.0002116803079843521,0.0011243325648416513,0.0004895964942272096,0.00012002885341644287
755,0.00018100972665824333,0.00010464192474440512,0.00038700737059116364,4.0051939708879436e-05,1.7175064548024394e-05,0.00034477002918720245,1.0958226803543109e-05,9.867445575127676e-06,1.8674880266189575e-05,0.0013477516918869378,0.0009920069378660384,0.0006548129022121429,0.00024202517780879534,0.0007072418579881501,0.0006628148257732391,0.000353710428522086,0.0001344410744147772,0.00030850619077682495
756,0.0003776309799130295,0.00010432045346554786,0.00016830302774906158,0.0003494476880138986,0.00017821860882345428,1.9436702132225037e-05,3.438085539042915e-05,9.998168368190044e-07,1.7527490854263306e-05,0.0005688277823584012,0.00040213627253231354,0.00021150149405002594,0.00048565055624792686,0.0005069268015813443,0.0004244297742843628,0.0006682521547883569,0.00015962074190399578,0.0004180409014225006
757,0.00042178824977592844,2.7507489883289715e-05,0.00026991963386535645,0.0007328172352804863,0.0004842931658427564,0.00020542927086353302,2.6290693879112148e-05,9.308018295087531e-06,1.630932092666626e-05,0.00010823691266684254,8.603931038761448e-05,7.066875696182251e-05,0.0002618400711701524,0.0005357720231184519,1.545436680316925e-05,0.0009821811063783492,4.2905113681129814e-05,0.00025443360209465027
758,0.001528076086083352,6.232750556035144e-05,0.0003732983022928238,0.0004925862126794744,0.00024627034755634464,0.0006500892341136932,6.5438559865523e-05,6.951657822805825e-06,4.587695002555847e-05,0.0010939743859586445,0.00013007458599389315,0.00040033087134361267,0.0003678708503349823,0.0002879000428372448,0.00010011903941631317,0.002052701932023393,0.00021265136661546662,0.00047875940799713135
759,0.0005269265409786061,9.39615699186852e-05,0.0003448799252510071,0.0005946582811173495,0.00019894186723359852,0.00038784369826316833,6.895887001831177e-05,9.530968431403211e-07,4.554539918899536e-05,0.0007421665581540948,0.0005649945553547198,0.0004417635500431061,0.00035055923690307383,0.0003713898772563229,0.00047444552183151245,0.0019610545744886687,2.55836486938478e-05,0.0003939308226108551
760,0.0003866173118081129,0.00015963133487139833,0.0005656890571117401,0.00037777370184141623,0.0003443431966120465,0.0003520902246236801,8.546418542522763e-05,2.2385490648609615e-05,7.08065927028656e-05,0.0006952411205519496,0.0013649655155978102,0.0006009675562381744,0.0002746067577893488,8.668935693219304e-05,0.0009837653487920761,0.0012088832594929766,0.00034088888220202077,0.001199726015329361
761,5.162749999543248e-05,0.00018327306522866738,0.0003984067589044571,0.0008848329584661696,0.00047074406014130377,0.00044881924986839294,2.5831409727734844e-05,4.833117406976596e-06,4.934147000312805e-05,0.0012805375943105227,0.000890922529300682,0.0007312186062335968,7.054447168947098e-05,2.6822217395479353e-05,0.000744527205824852,0.0010957913933917207,5.058221663479037e-05,0.0007524639368057251
762,0.0009188714856455116,0.00016622143674703896,0.0002619922161102295,3.376470347093985e-06,0.0003044855720908922,0.0004083830863237381,1.6136697276378925e-05,1.1307514759198922e-05,4.459172487258911e-05,0.0010415046128427752,0.00041407773899758415,0.0005868226289749146,0.001255416753150572,0.0005739381808073027,0.0004590023308992386,0.0015653503906991606,0.00012060732970076843,0.0006618984043598175
763,0.0008201725892721945,0.00032046390243051573,0.0002867337316274643,9.298673874980068e-05,0.0006089349654207453,0.0004254896193742752,2.4701895667538637e-05,8.494991428500335e-06,2.891942858695984e-05,0.0013929913382768888,0.00012434154890176435,0.0006038304418325424,0.0005618888603492814,0.0005506868779277078,0.0004916228353977203,0.0021854621431197097,0.0001186882087153944,0.0004903152585029602
764,0.00045757479753189,0.0005188900406154738,0.0005298629403114319,3.692416591938308e-05,0.0005195100553792645,0.0008550696074962616,3.531880719639946e-05,2.6037996190116314e-06,8.09505581855774e-06,0.000360345852660815,0.0007079757905072565,0.0001842789351940155,0.0002342521016455712,0.0002407965751924368,7.267855107784271e-05,0.0018928024317234338,1.444449827986416e-05,0.00016328692436218262
765,0.0005025251744997516,0.0015465611572020137,0.0005312860012054443,0.0013844045029195728,0.0008756011478523069,0.0004588048905134201,9.84737484460152e-05,6.063696653799307e-05,0.00010630115866661072,0.000988629712439154,0.0014047823359569084,0.0009761787950992584,5.395038793098994e-05,0.0011203227656046942,0.0011956002563238144,0.0019875584395068757,0.0009724214074986592,0.0019353628158569336
766,8.039010176300043e-05,0.0005023611195005863,0.00027277134358882904,0.002028433601019841,7.809317238916674e-06,0.00021681003272533417,0.00012281471889154932,2.423647927218722e-05,0.00011239200830459595,0.0006260219093541589,0.00012786327467918107,0.0010097455233335495,0.000989059265874219,6.337711129734275e-05,0.0011069606989622116,0.002955022301723259,0.00010335302240504357,0.002327442169189453
767,0.0006907044089935754,3.0975544937347776e-05,0.0001348927617073059,0.00016001976656113137,0.00046180651421723687,0.0003412589430809021,2.5401945371841123e-05,1.680847130484898e-05,8.028745651245117e-05,0.00010233863526241949,0.00013443875964536806,0.0005316920578479767,0.0006105347534635791,0.00030607798834746125,0.00036703236401081085,0.002535876426526973,0.0002504308294157282,0.0013029426336288452
768,0.0010956205577980216,0.0004733163336847826,0.0008068941533565521,0.00018098786392048427,0.0009990524068979913,0.0007394123822450638,8.684063036030684e-05,6.132258558053734e-05,0.00015849992632865906,0.0014343937731764247,0.001498381102870594,0.001455584540963173,0.000428392027007056,0.0010747424642073601,0.0016639027744531631,0.0031006096772782377,0.0012150974214564132,0.0030823983252048492
769,0.00243035908631406,0.0002733930079716444,0.0007151532918214798,0.0006119183246301452,0.0009554035092210478,0.0007975082844495773,4.145327956772693e-05,1.3055093291759073e-05,0.00012011826038360596,0.0013026416255525683,0.00033358303593632177,0.0012907031923532486,0.0013292397378669857,0.0009842070717413255,0.0012610424309968948,0.0028131612378753112,0.0002538460982708518,0.002414494752883911
770,0.002210414477093553,0.000648758546641013,0.00043197348713874817,0.0006154884186161669,0.00019397235068905477,0.00022433511912822723,3.605446884643801e-05,5.551481978620604e-05,4.521384835243225e-05,0.0008058613715814511,0.0006227087952219434,0.0008174162358045578,0.0006982721671375883,0.001372069565115125,0.0006888601928949356,0.0018943091874996376,0.0009841550290619599,0.0005277879536151886
771,0.0009225116040163517,0.0002992978151479704,0.0001222323626279831,0.0007073103929566282,0.000106422498578021,5.620718002319336e-05,2.5463007363106527e-05,4.845070155771233e-06,7.897615432739258e-05,0.0010123305488611983,0.0007299617908966965,0.0010707881301641464,0.00025295141583549924,0.0007116940552565412,0.001220976933836937,0.0013133571554438395,8.779455835405785e-05,0.0012743622064590454
772,0.0011772176349253427,0.0007908932348841824,0.0005361195653676987,0.0014011518285509394,0.00025189865400626274,5.8671459555625916e-05,7.458171143831516e-05,6.784987884189274e-05,7.615610957145691e-05,0.0008850700717704246,0.0016575146998514603,0.0008157975971698761,0.00012995019935992114,0.0005446720604045038,0.0014704503118991852,0.0010333005233453818,0.001104537174827426,0.0015639401972293854
773,0.00024468073993638706,0.0007685719903697229,0.00033294782042503357,0.0012844189561179997,0.000296012225605595,8.746422827243805e-05,3.997470992166824e-05,6.947828070521763e-05,1.6011297702789307e-05,0.0011742027076032252,0.0016942033808881804,0.0002839304506778717,0.0006685087435237824,0.0005475202450199029,0.0009092353284358978,0.00016748829723012282,0.0010622805495890363,0.0006233491003513336
774,0.0006532082962408259,0.0006057238201512202,0.0001223646104335785,0.0012605405741142328,2.513066896391372e-05,4.651769995689392e-05,5.1889067783174314e-05,2.441133142882558e-05,1.0468065738677979e-05,0.0005701359273405232,0.0005395666196178067,0.00027173012495040894,0.0007099129751042821,0.00011084556625260214,0.00047568976879119873,0.0011499750781917562,0.00042050692225979736,0.0004531778395175934
775,7.127673359386133e-05,0.001223725628518836,0.00034961849451065063,0.0017665971874153141,0.0003687486948493572,0.0004179440438747406,5.662979301399723e-05,3.966276501994484e-05,4.7985464334487915e-05,0.00018187014576248606,0.0008875559846047154,0.0004165917634963989,0.0007910968818964012,0.00017849415148140507,0.0002145860344171524,0.0021942469666969,0.000491545038216773,0.0006844773888587952
776,0.0008878184546532164,0.0012767535227337437,0.00033333897590637207,0.0020600473506871275,0.0005000385414602564,0.0002779252827167511,5.3696254125559784e-05,2.666278053113961e-05,4.5705586671829224e-05,0.0005324379150122155,0.0006417619755135981,0.00038241036236286163,0.001012564186633827,0.00025042232175996257,0.00027588382363319397,0.0027106525712929652,0.0005188827018782222,0.00029420480132102966
777,0.0016130284140205287,0.0001340304610012097,0.0006574764847755432,0.0002551978231681573,0.0001168588079736195,0.0006853211671113968,0.0001110856791545628,1.1032942003913688e-05,9.208172559738159e-05,0.0009197574925518953,0.00039765085519353344,0.0006147045642137527,0.0004629244101938823,0.00040083049018745445,0.0007112529128789902,0.0035550503144332057,7.929544923378391e-05,0.0017282739281654358
778,0.00041612864307599695,0.00030933056594808356,0.0007043126970529556,0.0004258453103145876,0.00011466872665285774,0.00041556544601917267,0.00022681120754682385,6.193365252349359e-05,0.00015600770711898804,0.0013055002415464645,0.0011612846799341353,0.0013772882521152496,0.0007323444475583127,0.0005834533883673949,0.0019281748682260513,0.0030002848664276716,0.0010214296660778395,0.0030507631599903107
779,0.0006212612347185897,0.0005201011497447533,0.0005700550973415375,0.0010168974951336729,0.00039487117047130177,0.00026784278452396393,0.0002210489414427308,5.391664822685185e-05,1.4141201972961426e-05,0.00010090154517750083,0.00010338578612115179,0.0002294480800628662,1.2866592861163206e-05,0.00030561924418419373,0.00022662244737148285,0.002805905569574385,0.0009780281775097835,0.0003265775740146637
780,0.003146396763870768,0.00030937234626189636,0.0003806222230195999,0.0014417311222109375,0.0013687212818317036,7.147714495658875e-05,8.436010158211459e-05,8.276675190557639e-06,0.00014113262295722961,0.001102686091886254,0.000955447209893899,0.0011012591421604156,0.0013574323846452588,0.00014095400023329818,0.0015639923512935638,0.002690033947825743,8.719726241490991e-05,0.0029757507145404816
