frame,change 1.x,change 1.y,change 1.z,change 2.x,change 2.y,change 2.z,change 3.x,change 3.y,change 3.z,change 4.x,change 4.y,change 4.z,change 5.x,change 5.y,change 5.z,change 6.x,change 6.y,change 6.z
2,0.005900451601094592,0.00014845543916710419,0.0014531239867210388,0.004184641355890695,0.0001534483460787911,0.001506342552602291,0.00020979412153716327,9.9818726327079e-06,3.5427510738372803e-06,0.004292208177882936,0.0002345037304486708,0.000558873638510704,0.004967628731428253,0.0015417871264073024,0.0006182873621582985,0.00230340202754567,0.0009286805804520973,0.0003936546854674816
3,0.000556741122431495,0.00042376673456825595,0.00020681042224168777,0.001070096368911172,0.0006073048246899981,0.00033128634095191956,0.00015949835033590883,0.00015562795504343125,2.5160610675811768e-05,0.0008197773327345004,0.0005606356984505095,0.0011486848816275597,0.000913459433384653,0.0017946066497481466,0.00036643072962760925,0.0018142715908876506,0.003270214688485387,0.0009451820515096188
4,0.0004569499502289631,0.00020831577749179722,0.0003845086321234703,0.00030652315318856205,0.0008858499867512182,8.549122139811516e-05,4.266575687468695e-05,9.65167386192834e-06,2.276897430419922e-05,0.0015832636703939779,0.0022575483256492904,8.279271423816681e-05,0.00020434228702591317,0.00039035797795336155,0.0007243221625685692,0.002165637482227506,0.0008948857391170434,0.000197563786059618
5,0.0009979980139881856,0.00014454913800511157,0.00011470448225736618,0.0007168606282548923,4.358375362184183e-05,0.0003028963692486286,9.748833322694751e-05,5.369646769137976e-05,5.405023694038391e-05,0.00043159827183436583,0.0009206250656619633,0.00033344700932502747,0.001227851179002093,0.00019080437325542758,0.0008777333423495293,0.0009515677557669078,0.0008176939608894665,0.0014224736951291561
6,0.00034760123954862,0.00025694612908626,0.0004801778122782707,0.00014288587473730574,0.00011530298564589592,0.00039093615487217903,6.656625262778555e-05,4.391567847813766e-06,3.5937875509262085e-05,0.0004982614839302846,0.00016327908802125923,0.00013458076864480972,0.0006143611805358856,0.00026727815922232036,0.0001400904729962349,0.00020195519852481136,2.3544060844725434e-05,0.0007522385567426682
7,0.0003728444184865065,0.00018761041690198293,0.0001745559275150299,0.00023562143829879145,0.0001795027697625469,9.309453889727592e-05,1.696319070717406e-05,5.109422145936366e-05,1.9550323486328125e-05,0.0006705498024625473,0.0006165543359389625,0.0005457960069179535,0.00032140138072897506,0.000548595286197268,0.00012295972555875778,0.00021544147350968657,0.0008193875157491981,0.00037199491634964943
8,0.00033574367121258497,0.00013921523632268173,9.153131395578384e-05,0.000295003882871972,9.184055465741997e-06,2.3949891328811646e-05,1.1657658201710136e-05,4.147785224177698e-06,1.814216375350952e-05,0.00011548929675764263,0.0005912181510228376,0.0004235450178384781,0.0006260850524866524,0.00019008809967384528,0.0003690272569656372,0.0007153714056873373,0.00013363747078122545,0.0002674907445907593
9,0.0003965094375387862,0.00011450719256276762,7.316470146179199e-05,0.0005935070750171523,2.8185520716230567e-05,0.00015807431191205978,8.650258004630831e-05,3.286530056359352e-05,1.987069845199585e-05,0.0003523086721785029,0.0009202266363332531,0.00019756145775318146,0.0007824998276180078,0.000643774593446729,0.0003000441938638687,0.00044099991590870746,0.0006547990614404753,0.0005003884434700012
10,0.0004897013030171343,0.00022702568833882567,0.00026396941393613815,0.0006403936011818989,4.1683442295843004e-05,0.00022887671366333961,5.412492920216054e-05,4.715656582955294e-06,4.16487455368042e-05,0.0006552776531866117,0.00011041748115604016,0.00037038233131170273,0.0006789218517847667,0.0002247074622287286,0.00045576225966215134,0.000635370414050318,0.0004190797059711454,0.00033339858055114746
11,0.0002751676276914611,0.00015689733379826293,0.00020822696387767792,0.00012605148434946534,0.00017132047616617158,0.00025510648265480995,2.4724484587514486e-05,2.911013582534809e-06,4.504993557929993e-05,0.00010427883160055162,0.0004309237017584705,0.00048186443746089935,8.522341311864579e-05,4.3072595250302076e-05,0.0004132799804210663,0.0005611587127036521,9.30603374906594e-05,0.0005781077779829502
12,0.00015165086871390954,0.0001550429166547948,8.805748075246811e-05,0.00018985918041110328,5.321244660999938e-05,2.5690533220767975e-05,1.0567057236149369e-05,1.0326415877826706e-05,8.795410394668579e-06,0.00031476829556001396,5.02032213779563e-05,0.00010254699736833572,0.00013920033780508156,0.0003366752636163855,1.8151476979255676e-06,0.00011650945277830171,0.00018407487505705394,0.00010247807949781418
13,5.354287271878977e-05,9.957394510251572e-05,2.1006911993026733e-05,5.552593910970738e-05,0.00010529290245501685,0.00019866134971380234,1.5724590314913217e-05,3.9589793638409795e-05,1.7940998077392578e-05,0.0003395851258977539,0.00042534368574125014,0.000436919741332531,8.906840321552811e-05,0.00027816769650938766,0.00021328497678041458,0.00046577711454487414,0.0007174237446628956,0.0005532517097890377
14,0.0001267533114982372,0.00019683265615961024,0.00015296228229999542,0.00011047873531792873,5.199396342399007e-05,0.0001499583013355732,2.5320719037120326e-05,6.140438812238681e-06,1.1000782251358032e-05,0.00018084180100193248,0.0008373783520245343,0.0002016853541135788,0.00022651161584791302,0.0003505426884872608,0.0002502230927348137,0.00019143491733814022,0.00020315250512607796,0.0005947318859398365
15,0.00016517105479807448,0.00013968011501943808,0.00025332625955343246,6.6996990528978e-05,0.00011007805110841914,0.0002370104193687439,1.3686907079158914e-05,1.6260957674050884e-06,2.7388334274291992e-05,0.00026488601035219717,0.00018692533234907632,6.21061772108078e-05,0.00013649987574189393,0.00033728473850274353,8.037686347961426e-05,0.00015638699327089056,3.476637594758414e-05,0.0006409198977053165
16,4.77580150899104e-05,0.00018284668932851134,8.243788033723831e-05,0.00012522072544127183,4.5719777694824826e-05,0.0001274971291422844,2.031386103526836e-05,9.085817184010386e-06,1.605600118637085e-06,0.00025486740047647727,0.0004079953857660523,5.3532421588897705e-06,0.00038143398483071744,0.00023439797496921638,7.292069494724274e-05,0.0002083469311049413,0.00023775622855640166,6.407033652067184e-05
17,0.00028134308627407456,0.000207491520544046,0.0005188900977373123,9.498032374775922e-05,1.987143239803868e-05,0.0003441097214818001,2.8084313109386777e-05,7.534459905890727e-06,8.240342140197754e-06,0.0004233407719228116,0.00033078279504748787,0.00026483461260795593,0.0005778572454171738,0.00015717287902679983,0.00011348072439432144,0.00024296646748578343,0.00011942848070770062,0.0002564745955169201
18,0.001037565740855645,7.739425705126715e-05,0.00010746624320745468,0.0008185779557518674,0.00017753486732431656,3.030989319086075e-06,5.650375928568756e-05,7.71808685702145e-06,4.3313950300216675e-05,0.00022636195360038747,0.0003768266673725082,0.00036292895674705505,0.00020974985211473507,0.00016949134308660418,0.0005478756502270699,0.0005636987425132189,0.00020405921872231753,0.0005173585377633572
19,0.00032533086377686815,0.00024153742897976144,4.942435771226883e-05,0.0007518474775135425,0.000182188790939921,0.00038463296368718147,1.0524268946226004e-05,7.216675475822318e-05,3.778189420700073e-05,0.000319790327248784,0.00013272636501627383,0.0011662794277071953,0.0002828763261191053,0.001566092655054573,0.0005820449441671371,0.0003408111457999796,0.0011193216515378093,0.0007471325807273388
20,3.0674472173419787e-06,0.0001594124151565804,0.00015714485198259354,0.0004118417569985017,6.489716227978462e-05,0.00021277135238051414,1.523362365669391e-05,1.8671823343943857e-05,4.7907233238220215e-06,0.0006244605374364498,0.0011013640399981997,0.0001456020399928093,0.0006895829601889364,0.0001608368986996036,0.00029461272060871124,0.0001957426431598297,0.0003099972213967475,0.00048273196443915367
21,0.0003354909670593431,4.2100056942058484e-05,0.000261710025370121,0.000568537417648951,1.026708974599666e-05,0.0001795198768377304,3.240785355179167e-05,9.949523637419432e-06,1.196935772895813e-05,0.0004712626389692248,0.000709833977931916,0.00011282693594694138,0.00046802035506268713,0.0003795096020365301,0.00011343229562044144,0.0002338867574162573,0.0002579951526282681,2.745678648352623e-05
22,0.0009758633472357475,4.114066594581439e-05,1.7573125660419464e-05,0.00034492565330118685,0.00020373197121764663,0.00019346922636032104,1.555157360435752e-05,5.4729151353184215e-05,8.452683687210083e-06,0.0003075080377751005,0.001181452622815743,7.984321564435959e-05,6.822256578550845e-05,0.0008718216210423218,0.0002683764323592186,0.0010506090557307612,0.0011978276834950716,0.00013090157881379128
23,6.051643696630693e-05,8.997006470496532e-05,0.0002624010667204857,0.0002017949558458798,0.00010238072374801552,0.00020294217392802238,2.988228229599925e-05,3.318574565531985e-05,3.314763307571411e-05,0.0005027170232195372,0.00027172534406123133,0.0002282494679093361,0.000955449899450303,0.0005992098906187487,0.0003912961110472679,0.00022396394689749854,0.0005677911538879421,0.0004410971887409687
24,0.0001656969112494161,4.692890789011195e-05,1.4936551451683044e-05,0.00033253274281681844,0.0002909923484272284,5.166744813323021e-05,5.897466907294098e-05,9.93948266799459e-06,3.129243850708008e-07,1.710751580062675e-05,5.983638875332181e-05,3.795512020587921e-05,0.00017737533467417077,0.00035575817953884155,0.00014838110655546188,0.0003595426216142783,0.00014578748390466079,7.372349500656128e-06
25,0.0001515823129619731,0.00011473403082933736,1.8565915524959564e-05,4.32611198020183e-06,0.00011980054659161896,8.155172690749168e-05,4.214482560035114e-05,1.1442825588223182e-05,6.370246410369873e-07,0.00017845844528244226,0.000270003645644612,4.329625517129898e-05,0.00028128540973980376,3.138709908184767e-05,5.12395054101944e-05,0.0004835941897795015,0.00015809683041723838,0.0002871551550924778
26,0.0007805843892149666,2.8668947793828586e-05,3.5820528864860535e-05,0.0003593577906155082,2.6548610052891386e-05,2.8513837605714798e-05,4.646775197828662e-05,2.1480018936209742e-05,1.4975666999816895e-05,0.00032250874077154046,0.0005960605831329888,0.00018854904919862747,0.0006076488193525048,0.0004879654600034363,0.00032223109155893326,2.4594795947130432e-05,0.0002954186757693558,0.00012050941586494446
27,0.000251075857083477,9.060916955147894e-05,7.360242307186127e-06,0.0005779460750089116,9.168602113208968e-05,0.00011852895841002464,4.103306431329362e-05,2.737195535235321e-05,1.6391277313232422e-07,9.877851263975779e-05,0.0005055663343391525,5.088839679956436e-05,5.067464173057201e-05,0.0006551049256311395,0.00015669409185647964,0.00025676172401775665,0.0005713249801792414,0.00012481724843382835
28,0.0002461820151963279,0.00012051900561825535,0.0005489150062203407,0.0002615435764626445,4.991383848823583e-06,0.0005488884635269642,1.4079539771743102e-05,2.203472275515714e-05,2.4829059839248657e-05,0.00026246870637439135,0.0008206743257480609,0.00012734252959489822,0.000459287551454593,0.0003526732014705568,6.225239485502243e-05,0.00033652270722900335,0.00038192088703585536,0.0005236133001744747
29,0.0002712894266872351,0.00012441637797525051,0.00046843476593494415,0.00018049988265481098,0.00010360967809753402,0.00045920349657535553,4.444190873686277e-05,4.901447159783457e-06,3.293529152870178e-05,0.00010377242689194044,0.0002855100961807189,0.0004205480217933655,0.0003189957648311176,0.000481366558958125,0.00038925744593143463,4.5068023440619775e-05,0.0001392097789682592,0.00047094933688640594
30,0.0005737224535630053,0.0003189039280840529,0.00018433481454849243,0.0005143102670460281,0.00013174725095335682,6.529828533530235e-05,1.3819504223001877e-05,5.021819112127233e-05,3.565847873687744e-05,7.389759053280653e-05,0.0008755902081811345,0.00043729040771722794,0.00032426628902776367,0.000827804611132214,0.0008275872096419334,0.0008768870946911367,0.001028794809550676,0.0008478169329464436
31,0.0005563606537658805,0.00026595975753430576,2.816971391439438e-05,0.000516373278337437,0.0003829263006030377,0.000341211911290884,5.767538377746302e-05,7.506348478707962e-05,4.427134990692139e-05,0.00012203799043934704,0.0012641056362557093,0.0004687560722231865,0.0004927767221970664,0.0006665923380819363,0.0010159742087125778,0.0015737554545336152,0.0014758326401580132,0.001226954162120819
32,0.0001544846110669157,0.0002567850505040617,0.0001994296908378601,0.00043958420365916573,0.0003564286130145998,0.00041878269985318184,3.868315852607711e-05,3.553763705600515e-05,3.0919909477233887e-06,0.00019082979634560404,0.0002008356029336092,7.682479918003082e-06,0.00015684000627115557,9.931155640959671e-07,0.00029433704912662506,0.0011631582639540228,0.0006074772288892152,0.0002771490253508091
33,8.557484225389655e-05,0.00016947138470127174,0.0003124075010418892,0.00037119889739507805,4.1572593001130975e-05,0.0004615294747054577,7.077995377794723e-05,2.172391099141205e-05,1.2647360563278198e-05,0.00012786526183936053,0.0002885141909213726,0.00026707351207733154,0.0003305472886668548,0.00039818076798281074,6.736814975738525e-05,0.0003791226072123177,0.0005260639898098732,6.21238723397255e-05
34,0.0004478146328542182,0.0002766380036874766,5.713663995265961e-06,0.000143154379808344,0.00012786176094418608,0.0001500244252383709,9.42738551968636e-05,1.4302550113042684e-05,3.986060619354248e-07,0.00038000548532461653,0.00010377437952107521,0.0006084945052862167,0.0003517448366505138,5.0121096863258927e-05,0.0004978915676474571,0.001540164967603952,0.0003780906335694445,0.00020244019106030464
35,0.0006520991853082581,0.00028993565287046413,0.0002706041559576988,0.0006606294628147547,9.525114815728611e-05,0.00030707288533449173,1.6215445838839784e-05,5.245519063358777e-06,2.1304935216903687e-05,0.0002776158688689162,0.0006070300216262994,0.00016900338232517242,0.0004091488264790638,0.00019456906372825045,0.0002906695008277893,0.001052372686945885,0.00017158180536097634,0.0002410956658422947
36,0.0001324996123884814,0.00019981552987060128,0.00020476896315813065,0.00011395062016317237,0.0002764789970834576,9.45734791457653e-05,4.686563232246012e-05,3.273402355450381e-05,2.9280781745910645e-06,0.0002054024962782064,0.000898345673960764,2.2950582206249237e-05,0.0002848923968172684,0.0004871248610799246,7.360614836215973e-05,0.0012147047262392185,0.0006635866318684402,0.00038410117849707603
37,0.0005879540615576218,0.00039873355596526175,0.00012751854956150055,0.0002616733647904934,4.991774202315821e-05,3.310525789856911e-05,1.0234485340295321e-05,3.979691753156498e-05,1.0620802640914917e-05,7.835140405657026e-05,0.0013184112312605023,0.00015858188271522522,0.00024143840703393094,0.0004067048228609156,0.0003533707931637764,0.0015434926726185794,0.0008158255960590277,0.0007457537576556206
38,8.982461762647997e-05,0.00017809157334986933,0.000270891934633255,0.0005552515800291841,9.667884569933283e-05,0.0004242444410920143,6.64615637457136e-05,2.6882855743324066e-05,4.301220178604126e-05,0.00040349557334365405,0.0007907648831750255,0.00011739227920770645,0.0004399970729729169,0.0004638945559834375,0.00011447165161371231,0.0021915288176967973,0.0006529154249024921,7.208483293652534e-05
39,0.0003575853809652668,6.473328746477852e-05,0.00029201433062553406,0.000571230317469737,1.440339875022345e-05,0.00040364544838666916,7.15388240726221e-05,2.5799721359373237e-05,5.344301462173462e-05,0.00013076002509949947,0.0003813214891408845,0.0005129892379045486,0.00022976068095316438,0.0006989838748354422,0.0003492264077067375,0.001957736952786171,0.0005769062536797598,0.0006675617769360542
40,3.74942408968848e-05,0.00013711040793308593,0.00012433715164661407,0.00012125698175996513,3.756006403387441e-05,0.0003164708614349365,3.3931116496417613e-06,3.9482075358504565e-05,3.230199217796326e-05,0.00035206802221555977,0.00029790039798041623,0.0005189953371882439,1.2421790550914968e-05,0.0005672221146196584,0.0002128109335899353,0.0010961567169966435,0.0007038053906793032,0.0006139427423477173
41,0.0003179673139945549,0.00012174036826937545,0.00021707545965909958,0.0003375219945797453,4.1240719939987514e-05,7.624691352248192e-05,1.7531410062112188e-05,2.3041830731824597e-05,1.6238540410995483e-05,0.0005655086296808276,0.0003441721157257868,0.0002328222617506981,0.0004917188484438034,0.0008511411165975855,0.0001468351110816002,0.00024737551479722675,0.00046716810837509753,8.83694738149643e-05
42,2.4315114548825734e-05,9.551227493746761e-05,0.0001576784998178482,0.00019245408842948064,3.2792487666341574e-05,0.00013005593791604042,7.588081561974575e-05,5.357803214082069e-05,1.2464821338653564e-05,0.000783102762571819,0.0003527516431510447,0.0007458198815584183,0.0006112850013160059,0.001259285485456188,0.0003854110836982727,0.0005587905984767438,0.001076178487274565,0.00030054617673158646
43,0.0002505711602899391,0.00020405950166474396,0.00015887711197137833,2.1879532802457358e-05,0.00017279871166276523,2.0955689251422882e-05,5.7839448618613246e-05,1.1871051964471024e-05,4.212185740470886e-05,0.0004884927206244283,0.0001809476813678726,0.0006709098815917969,0.00048615095945860054,0.0003500670314325067,0.0005398262292146683,0.00042590865910860365,0.00022572875927306946,0.0003185821697115898
44,0.00021520391991362853,2.158500240882072e-05,0.00018958095461130142,0.00022578361751761367,8.12121902980592e-05,4.1752588003873825e-05,2.1712613949387977e-05,1.4869123477463317e-05,7.655471563339233e-06,0.00020564041696685686,0.00017345527088359625,0.00015208683907985687,0.0007103180777492946,0.0002286826823960468,3.7396326661109924e-05,0.0008051626544322565,0.00012450782122040704,0.00016957474872469902
45,0.00026065863393276434,0.00018080466017657282,0.0002219919115304947,9.708778854713995e-06,3.0881583424208214e-06,0.0002042120322585106,2.578495582133966e-05,2.442621619121784e-05,1.91517174243927e-05,7.381121063448903e-05,0.0011150291870051302,0.0005637919530272484,0.0008389540449065536,0.00022845571023152357,0.0005899667739868164,0.000287219592685628,0.0003481228124212338,0.0007457607425749302
46,0.0004968360119482068,5.1300160573048564e-05,0.0002710176631808281,8.545971587853307e-05,0.00025405511083547577,0.00019281310960650444,6.700558491430295e-05,1.8891361211470503e-08,3.9186328649520874e-05,0.0006062500259516462,0.00031313545931790226,2.5257468223571777e-05,0.000174388484602217,0.00031944882715075583,4.967395216226578e-05,0.0012168165426941213,3.2039616846585295e-05,0.000335675198584795
47,0.0002544828215950007,1.2020580664497127e-06,0.0002808915451169014,0.00012899405361466165,0.00014210509219803047,7.532304152846336e-05,6.290162372264187e-05,4.352329702856294e-05,1.4696270227432251e-05,0.0002671428751124111,0.0005052058676195265,0.00043210480362176895,0.00034856262108702574,0.0007176288308274742,1.2318603694438934e-05,0.00014166013853503245,0.00100617254938222,8.620694279670715e-05
48,0.0002240805603154622,0.00013011130359018297,0.0004190104082226753,0.0002888060644329338,0.00018981529311248857,0.0004530358128249645,1.3298029917348242e-05,9.528668611675974e-06,4.8644840717315674e-05,0.00047113324612425844,0.000790932328701123,0.0003932882100343704,0.0006173306858484051,0.00014703221023186497,0.00037692487239837646,0.0009063666566885009,7.745308074335461e-05,0.0011312458664178848
49,0.0006473093454015394,8.172475632022003e-05,0.00017733313143253326,0.0007436316500159801,3.472880451611468e-05,0.0001960117369890213,1.6399824175356709e-06,1.574444541016214e-05,1.1391937732696533e-05,0.0003642134492505972,0.000644352018416533,0.0001785634085536003,0.00029331709568314324,0.00010842615775811561,0.00018892809748649597,0.0005087306340012809,0.000454923610121262,0.0002953074872493744
50,0.0003837352393289417,0.00034442400501312476,0.0001088930293917656,0.0009087654884809837,0.0004969392293180698,0.00014397571794688702,3.245054095026706e-05,4.1767921361523814e-05,1.1369585990905762e-05,4.12536315712031e-05,0.00044047080280409934,1.9760802388191223e-05,0.00044493085257700515,0.00030571577349237586,2.9492191970348358e-05,0.0007001394544211836,0.0007118993234906112,2.6487745344638824e-05
51,0.000834737395919577,7.252827589562458e-05,4.534423351287842e-05,0.0006859296062515924,0.00018052272025372018,3.169849514961243e-05,4.033079182777857e-05,6.008615079483928e-06,8.881092071533203e-06,0.0004418012743661742,0.0002117437081399498,0.00012517627328634262,0.0006405224417569411,0.0006728749671817396,8.711684495210648e-05,0.00028684013203034153,0.0002038926263608215,0.0003546038642525673
52,0.00013177334735137158,0.00026192325312143425,0.0001875394955277443,0.00011050173858737078,2.8833578758595546e-06,0.00012275134213268757,1.2472087709372234e-05,9.365249573765194e-06,1.2334436178207397e-05,0.00017066647172658822,0.0003844852515816344,0.00036255549639463425,0.00019487367579069936,0.0004892974777691381,0.0002521676942706108,0.00029450340968920075,7.121266783328972e-05,0.0006154989823698997
53,0.0001475707311364427,0.00011579699300865928,0.00012016762048006058,0.0001804798201942709,9.069678076869397e-06,0.00011219899170100689,2.2759784906598718e-05,1.6477471184605207e-05,2.648681402206421e-06,0.00013010011541948752,0.00013156437740609317,0.0001223655417561531,9.665658118017395e-05,0.00018774825194522657,0.00017730705440044403,4.176175712539143e-05,0.0003800769828543049,9.056180715560913e-06
54,0.00017283654565974915,0.00017439605891192075,2.773664891719818e-05,0.00044870041617586787,9.410250077982601e-05,0.0005529052577912807,1.829319886172652e-05,6.849608309790652e-05,3.523379564285278e-05,0.00041387502650216956,0.0008890732994387418,0.00037375278770923615,0.00035947268597627535,0.000998310572864109,0.0003506820648908615,0.00020885534602735345,0.0010286593506948216,0.0001830579712986946
55,1.4271815498151375e-05,0.00011104404861327077,0.00014751963317394257,0.0001835873948031197,0.00013348165887236765,0.00019014324061572552,2.1530437024293997e-05,2.492993453356027e-05,1.8402934074401855e-05,0.0003463887643261193,0.00026544818375158485,0.0002017938531935215,0.0001363035188705064,1.3543002921586125e-05,0.00011188164353370667,0.00042396981171530235,0.0006279502307042634,0.00036667846143245697
56,0.00041139609001063226,0.00019081421636418794,0.0001977197825908661,7.705665201400425e-05,4.503036727096163e-05,4.038866609334946e-05,5.8764212831423704e-05,2.189244413492754e-05,1.895800232887268e-05,0.0001720001201359067,8.741257382777201e-05,7.545016705989838e-05,0.0002803475634714503,0.0005334991088969607,0.00014479458332061768,0.00044533589290177145,0.00033198429451698763,0.0002936003729701042
57,0.0006392799487172501,0.0001414985485078818,0.0002188216894865036,0.0008468046500855475,0.00028953491056476696,0.0003756997175514698,2.1313180060928208e-05,2.595356585603087e-05,3.74913215637207e-05,0.00022558636550761013,0.00018903529332069818,0.0004891618154942989,0.0008715819769865296,9.188628867347684e-05,0.0003076372668147087,0.0005600813636877644,0.00042117743143283565,0.0008415998890995979
58,0.0006626073012070827,0.00019924717802388692,7.705856114625931e-05,0.00022291884718683708,0.0001593068828539268,7.49826431274414e-05,2.895500046477123e-05,1.2620239820566696e-05,1.4193356037139893e-06,0.0008920246397637194,0.0005430084643992875,1.734122633934021e-06,0.00047158615561138095,0.0007212459308671912,0.00018548034131526947,0.00042231840556442024,0.000169137639318577,0.0002537313848733902
59,0.0012621920926034202,0.00019328921053213266,0.0005535883828997612,0.0005522408126691636,0.00026953160020900396,0.0001074762549251318,9.072743301948884e-05,2.7588774550529882e-05,1.2226402759552002e-05,0.001176339755756109,0.0003984482221439725,0.0006149895489215851,0.0013334107969852765,0.0007936400471451159,1.313723623752594e-05,0.0011729554291950717,0.000752944124336366,0.00023219548165798187
60,1.541384754095987e-05,0.00012761099369743706,0.000431855209171772,0.0003272748621803434,7.572586779160118e-05,0.0004474450834095478,1.798339489603347e-05,1.3767256272461618e-05,6.628036499023438e-05,0.0003325394771626772,0.0003486063205265996,0.0005650641396641731,0.0002688628463318743,0.0001305626380008057,0.0005017239600419998,0.00038550037014761784,0.00018533644025118395,0.0010296106338500977
61,3.165230606130831e-06,0.00010995977192176237,0.0003598025068640709,9.180271963374342e-05,8.671620943978206e-05,0.00047794426791369915,3.1893328845932975e-05,3.2913313141590215e-05,1.7814338207244873e-05,0.00020266004828926876,0.000402787170690852,0.00011989288032054901,0.00034142453020132024,0.00029321066430941685,5.783699452877045e-05,0.0007445658040778624,0.0007286785006920884,0.0003009289503097534
62,0.0007748953199050862,0.00035759452117908874,6.770901381969452e-05,0.0008225450687256997,7.237957048996518e-05,0.00018736161291599274,4.379656925112066e-06,2.5011997956333586e-05,2.7708709239959717e-05,0.0008662573730884582,0.00032643063674533956,0.0001372206024825573,0.000817013967264732,6.400357022716754e-05,0.0002646343782544136,0.00028997792354718,0.0005427431161741797,0.0005370620638132095
63,0.00047718618407745217,0.00018063378395548335,0.0002928823232650757,0.0002700049471506538,0.0003665232067665454,0.0004580109380185604,7.489496952868893e-06,3.06857855119436e-05,4.510954022407532e-05,6.13188116897756e-06,2.6992117043711517e-05,0.0006301403045654297,0.0008338849031235412,0.000578434561536955,0.00041878316551446915,0.00047784213706580925,0.0003567290305634685,0.0008876509964466095
64,7.4897445982533e-05,0.00011487498307583693,0.00018093734979629517,0.00026279016135920263,0.0003085602889016381,6.732833571732044e-05,5.448664913317025e-05,2.748629644204123e-05,7.748603820800781e-07,0.0002128609312342794,0.0004504047285611504,5.3652096539735794e-05,0.00013107285432753524,0.0003461619142295473,0.00021183211356401443,0.0005111063543047079,0.000580153576913614,2.111867070198059e-05
65,1.1637258617303026e-05,0.0001679703404524717,2.6683323085308075e-05,0.00029829250293832155,0.00011921542694753873,2.0724255591630936e-06,2.808289685487901e-05,1.6476363159744108e-05,4.0531158447265625e-06,1.789729607210022e-05,0.00022229835405210285,0.0001334547996520996,0.00023746747108760458,0.00030586717477769886,0.0001038508489727974,0.0004080117400681871,0.000249190695655252,8.943676948547363e-05
66,7.338838879930587e-05,8.602753181500764e-05,0.00016379542648792267,0.00013005612948283063,5.632783334258082e-05,0.0002313402947038412,4.412028971100858e-05,3.1785598408897407e-06,2.64681875705719e-05,0.0002761963091203329,0.00010157476948053495,0.00023295078426599503,0.00016579280157839882,0.00027181812182047044,0.0001187128946185112,0.000351259764585804,8.494004124247334e-06,0.0003953436389565468
67,0.0006724032071356578,6.68840570642315e-05,0.00021352246403694153,0.0005841234787727079,0.000288168128534598,8.200737647712231e-05,3.237270137856907e-05,2.8315379812881777e-05,1.7274171113967896e-05,0.00046920115236036286,0.0005682821837017862,0.0003032092936336994,0.0007229232418238807,0.0004021723064603529,0.0005228836089372635,0.0004718202980692199,0.0005067877783346969,0.00020918995141983032
68,0.00024061876565019402,3.2628349657112116e-05,2.9857270419597626e-05,0.0004986985206341388,6.041320169188416e-05,0.00010438542813062668,1.61592226544105e-07,3.059033291478129e-05,2.1696090698242188e-05,0.00011761101040229371,0.0004083991917614299,0.00034932373091578484,0.00031939743755764194,0.0001922126252541425,0.0005395803600549698,0.0003815819909341045,0.0004177630629494458,0.0006409790366888046
69,0.0003773474282078859,6.259253270124443e-05,3.875419497489929e-05,0.0003054785423540346,0.00045168593139792435,1.455657184123993e-06,4.496616015906875e-05,6.911021438790483e-06,2.386420965194702e-05,0.00021708031259334848,7.125171081088372e-05,0.000310306902974844,0.0003316779138221315,0.0003360200318144758,0.00025566108524799347,6.029132934856629e-05,0.00017536799927479751,0.0006318744271993637
70,0.00053204425415386,0.00013747785028035697,9.96515154838562e-06,0.0005686832953913645,1.956356253110178e-05,1.394655555486679e-05,9.862229913540702e-06,1.625376444457571e-05,1.1261552572250366e-05,0.0005435820017401088,0.00012390031257524664,0.00017685815691947937,0.00042498311511317277,0.00010039412315905952,9.602867066860199e-05,7.550222151520014e-05,0.00040723715109380193,0.0003183819353580475
71,0.00010590377691126196,0.00028380108263014944,0.00034078676253557205,0.00034331106969816283,0.00018790667120963458,0.0001200730912387371,1.4869314394741831e-05,3.328356074034592e-05,9.670853614807129e-06,0.00046472435746518215,0.000302080008807,0.0004430296830832958,0.000676249776379742,5.2067834962327836e-05,0.00012244097888469696,1.2557006933172632e-05,0.0004970582990442077,0.00030128005892038345
72,0.0007064067727958201,4.562042301255176e-05,0.000432024709880352,0.00044573490764636403,8.143309180920141e-05,0.0003628041595220566,8.004686686338691e-06,1.112876927550268e-06,3.6854296922683716e-05,0.00025334880611857513,0.000313529241111693,0.0005856910720467567,0.0001584637229604391,0.00019076296121955764,0.0007285177707672119,0.0008687650912185263,0.00014117148002239233,0.0011561205610632896
73,0.0005138618824556129,0.00017055928677639498,0.000220470130443573,0.00046149838468091675,7.606284112684353e-05,3.909692168235779e-05,4.514348856497069e-05,3.227697361056275e-05,3.7748366594314575e-05,0.0001850446913654047,0.000565127700407439,0.00045660510659217834,0.00015983722358998975,0.00023201775590305299,0.0006992705166339874,0.0006041439408475957,0.0006182930584900659,0.0011042691767215729
74,0.0006891813193948687,0.00020390064918921272,0.000746225006878376,0.0009150328976296057,0.00031342645614709785,0.0005504924338310957,7.39004586742583e-05,4.176965178101901e-05,7.645413279533386e-05,0.0004221443148311188,0.0007384786673152316,0.0008143400773406029,0.00022401807694322207,0.00037168916830066477,0.0010280320420861244,0.0006611425607241372,0.0007736622718275132,0.0018407488241791725
75,0.0005811592141915234,8.899373260700186e-05,0.0004167277365922928,0.000601036079268702,0.00012155318981098631,0.0004685930907726288,5.574700471474084e-05,6.651198788307743e-07,4.4990330934524536e-05,0.0006185556075530146,0.0001688354940942785,0.0007009925320744514,0.0005434778964093778,4.427651226212616e-05,0.000581422820687294,0.00035893988652913045,5.6091941741678863e-05,0.0010190866887569427
76,0.0003081411741359952,5.103043149137787e-05,3.684684634208679e-05,0.00035613340227594326,0.0002031127531202416,2.8051319532096386e-05,3.6082482530423385e-05,1.4304912523107564e-05,9.559094905853271e-06,0.0005539088644883755,0.0002084776534259647,0.0001594838686287403,0.0006301080999293468,0.00019487651274367052,0.0001879129558801651,4.8974665861040156e-05,0.00034517484908894863,0.0001302715390920639
77,0.00015138318061105882,1.9115084561593942e-06,0.0001250673085451126,4.472665554873523e-05,0.000138787671078687,7.40274554118514e-05,3.3148725302438106e-05,1.1901386458947668e-05,1.590326428413391e-05,1.6049190222605647e-05,0.0002867481172664568,0.0002086469903588295,6.574475247383971e-05,0.00023708841941500955,0.00025419890880584717,1.1928048958498305e-05,0.0003174000564716492,0.00024688057601451874
78,0.00033525739278217337,2.960489471488109e-05,3.877375274896622e-05,0.00011886952142971252,0.00014450421507290062,2.2879336029291153e-05,1.407544123827563e-05,4.748572800855524e-06,9.90554690361023e-06,2.5008175289789603e-05,6.615605543618813e-05,0.00016400916501879692,0.0003507359210602745,0.00042290794825169085,0.0001590205356478691,0.00046224147247828085,0.00011152668317448294,0.0001356145367026329
79,0.0008229836690680781,0.00024181643765188582,0.00033286958932876587,0.001067382059724245,3.775905666509802e-05,8.33731610327959e-05,5.4050848990625996e-05,5.804708440089717e-05,4.023313522338867e-05,0.0002478919027625315,0.0012573001100834105,0.0002678278833627701,0.0007315725234418591,0.0005283116839897347,0.0006030229851603508,0.0007015460573082943,0.0008750432879394698,0.0008376091718673706
80,6.7163992871349665e-06,0.0005038446748498737,0.0007272232323884964,0.0005859702728113064,0.0005881874730373493,6.47418200969696e-05,8.731048365239781e-05,0.00011734570607431407,6.370991468429565e-05,0.00016381074636996618,0.001806401586492673,0.00018781842663884163,0.0007430335400156196,0.0009727082684438566,0.0010401224717497826,7.070224571156802e-05,0.0018893627354275647,0.0013090288266539574
81,0.0001559729684802169,0.0007147746796976537,0.0007679564878344536,0.000598113165291625,0.0006636471824496663,0.0004981691017746925,5.9991117648615366e-05,7.840850773152726e-05,8.795782923698425e-05,0.00041129555163468834,0.001043027776870542,0.0006867703050374985,0.0005772959696549174,0.001051467657479552,0.0010215770453214645,2.33100327003688e-05,0.0014068372546081828,0.0017358623445034027
82,0.00015464614893259676,1.3977452245760025e-05,0.0002942625433206558,0.0010082472473814386,0.00020992878182773608,0.00017664837650954723,5.685271950774465e-06,2.2687277067697312e-05,7.224082946777344e-05,0.000440733521514719,0.0008179239184431253,0.0009927647188305855,0.00016059222541577045,0.0008234580728433156,0.0011707395315170288,0.0006911042100128939,0.00041895117698819567,0.0015526581555604935
83,7.451859042267861e-05,0.00017644542689478765,0.0003426056355237961,0.00016838308644785693,4.2466765833030357e-05,0.00036779441870748997,2.9077403194351786e-05,9.341401085309446e-06,6.007775664329529e-05,0.00011237060661736797,0.00036087145366676954,0.0008103656582534313,8.10148187272014e-05,0.0012335718146758573,0.0008133985102176666,0.0007699809697730986,0.0001242371809509965,0.0014051543548703194
84,0.0003029249780630294,3.3937746878667796e-05,0.00022750254720449448,0.0004180976783093038,0.00012057088566315433,0.00011147884652018547,2.5519634766227317e-05,6.8668290467205e-06,1.9997358322143555e-05,0.0004953234845758159,7.08872537522609e-05,0.0003311340697109699,0.0002898852608766572,0.0010254542611995501,0.00012427754700183868,9.71455577175595e-05,0.00024235291098143735,0.0001585269346833229
85,0.0003333716261214731,7.560236161500283e-06,5.121435970067978e-05,0.0003402036016324911,0.0002651990863905343,4.76387795060873e-05,5.541087143584589e-05,1.451689245469132e-05,2.5760382413864136e-05,0.00023253665768295517,0.0005473020262077369,0.0005230582319200039,0.0002233592417264646,0.0002770796064245351,0.0005301600322127342,0.00014254110787736973,0.0001794682527032701,9.181629866361618e-05
86,0.0004233165318417581,3.3564919419550726e-05,3.2903626561164856e-05,9.637822747488034e-05,0.00017143878198784546,1.8118880689144135e-06,6.388117192196452e-06,1.0323885864059641e-05,7.238239049911499e-06,0.0001235373962085451,2.2968809244537647e-05,3.109872341156006e-05,0.0005255643184378378,0.0002824354157678795,3.511086106300354e-07,0.00023580968008801717,0.00031497974744585516,0.00031446851789951324
87,0.0001366453739601453,3.4328802399570535e-05,0.00010552350431680679,7.269905641776875e-05,8.91114776250014e-05,0.00011887610889971256,7.082550850140076e-06,1.156560753780506e-05,1.099705696105957e-05,0.0002697269860798823,0.000147270294741271,0.0004238709807395935,4.3084775215918025e-05,0.00018126197758473218,0.0004189005121588707,0.00018680609631130385,2.068261515730807e-05,0.00043898914009332657
88,0.0005005598200858857,2.313168470883739e-05,0.0002499716356396675,2.4319571143155416e-06,0.00019309914156876926,0.0001638967078179121,4.636115563501873e-05,1.6361141276065826e-05,1.5869736671447754e-06,0.00024682761751439186,0.0003654276135542922,0.00030578719452023506,0.00014624120105527494,0.00040287339566368735,0.00017440877854824066,0.0004768131335178005,0.00013336569103768875,1.4785677194595337e-05
89,0.0006834848658948539,3.7799235684008586e-05,0.0004138462245464325,0.00017202399134373658,4.4302292209273675e-05,0.00026019662618637085,4.7624579418117235e-05,1.7278688497308556e-06,2.8524547815322876e-05,0.0003124429752322938,0.0003652085005217201,0.00014026835560798645,0.0005618988332671548,0.0004202135417710924,3.655627369880676e-05,0.0007117480861156544,1.5093893200486541e-05,0.0006963135674595833
90,0.0001680542662994,2.7177392053608085e-05,4.683248698711395e-05,0.00028537777476171644,0.00014633656087420163,9.689992293715477e-05,1.610436750995939e-05,4.0221147280220144e-06,1.589953899383545e-05,0.000263681547360492,0.00024034226774496265,0.0002431967295706272,3.512151533836827e-05,0.00025786003819375757,0.00016545504331588745,0.0005899332317273187,0.00010320707917492455,0.00016626808792352676
91,0.00047968297367259605,6.479410053739781e-05,0.00014931894838809967,1.9656445895188668e-05,3.2710220501910164e-05,0.00026273145340383053,3.9637092334551816e-05,2.0594327311362123e-05,6.802380084991455e-06,0.00033383414758668406,0.00037312132707400386,0.00010429834946990013,1.3312350388136607e-05,0.0004077161794393668,6.426963955163956e-05,0.00018424336342923175,0.0005189302492412604,6.397999823093414e-05
92,0.0012519695341229736,2.280455054767469e-05,9.924545884132385e-05,0.0007026418950323854,4.309486839215726e-06,0.00013304210733622313,4.298888568124437e-05,4.543510520303197e-07,3.343448042869568e-05,0.00043296552427052326,3.518588434843484e-05,0.0006213746964931488,0.0005622514069475726,0.00012685619865970485,0.0003563361242413521,0.0012111700194648023,3.350369011223542e-05,0.0007880628108978271
93,9.408073495253966e-07,0.00019683699269150076,0.00032772403210401535,5.2841878043954904e-05,0.0003261844524005131,0.00043775292579084635,3.0088251641493396e-05,1.7464763677099877e-06,2.8327107429504395e-05,0.00017479692254962487,0.0003982503277267721,0.00012348871678113937,1.0998255183747307e-05,0.0004145892524156352,1.3774260878562927e-05,2.858122491761206e-06,8.606540139100699e-05,0.00040294043719768524
94,0.0007259569239403824,0.00013498226320166062,9.270384907722473e-05,0.00044887193335318987,0.00014058607502927603,5.236361175775528e-07,1.07676316121047e-06,7.684369644108714e-06,8.87364149093628e-06,0.00022921853552135274,0.0007289976622774016,9.982939809560776e-05,3.466906636671874e-05,0.0004058506740977474,1.5066005289554596e-05,0.0005867631100567317,2.2733016422034347e-05,0.00025521591305732727
95,0.0004944258723148659,4.6722616977037945e-05,0.00011828355491161346,0.0007732241369395043,2.0615819494286536e-05,0.00025628507137298584,4.311473147838342e-05,3.9806509215240156e-05,2.356618642807007e-05,0.0002117667946663071,0.0007169912344984278,0.0004101716913282871,0.00025747819965799,0.00036444911005702706,0.0006292052567005157,0.0004135947468962009,0.0007442263208580283,0.0005057025700807571
96,0.00041691438442188755,3.101422547995003e-06,0.0002905614674091339,0.00038780527230507233,0.00028902376240352856,0.00035017577465623617,3.9200520508249e-05,1.894129914694091e-05,4.370883107185364e-05,0.00014344476756832092,0.00032617228447114066,0.0004254351370036602,0.00017282254659799212,7.265240465674332e-05,0.0004154825583100319,0.0005413847470327471,0.000199073592765886,0.000693080946803093
97,0.00014151231024268907,2.3011818170236287e-05,0.00039522629231214523,0.00012487092418593526,7.187903047104621e-05,0.0002778860507532954,5.287415562888441e-05,2.07088382375405e-06,5.081668496131897e-05,0.00011262223339560118,0.00012533156367664638,0.00032662367448210716,0.0001580859953982383,0.0002787085596024381,0.0004778774455189705,0.00015612789643601466,0.0001531586896831652,0.0009272778406739235
98,0.00038307119001375345,0.0001236145966173191,9.081140160560608e-05,0.0005577591770739021,0.0001805854564313307,0.00026420969516038895,3.824424630506987e-05,3.9851582046756314e-05,9.313225746154785e-08,0.0001309074132749416,0.00023176201349288383,6.987340748310089e-05,0.000505266371325433,0.00041674320819843486,0.00014848355203866959,0.0003642965326257075,0.0006182315890337006,3.361795097589493e-05
99,0.0003976237478065664,0.00010730141074782179,0.0003418233245611191,9.092525496334769e-05,0.000129949063154524,0.00032697292044758797,2.0216944358442124e-05,3.3652285930125397e-06,2.7935951948165894e-05,6.40616301954694e-05,0.0001698192749695973,0.0001386222429573536,3.40885607440361e-05,0.0002567820918030501,0.00017743464559316635,0.00027902725019512964,3.7587753873399854e-05,0.0008737761527299881
100,0.00011944563744874237,2.300680840512659e-06,0.0003087138757109642,0.00016305105341161974,0.00020829806376707755,0.0002011978067457676,3.6719307203865806e-05,3.227896256874016e-07,1.831352710723877e-05,8.737835150759987e-05,0.00023531682980867247,0.00016397424042224884,9.336442156947233e-05,0.0007592474671351615,0.00028120260685682297,0.00017092909838614667,0.00016787902848210134,0.0007938612252473831
101,0.001131102983828361,0.000368701852707036,6.026308983564377e-05,0.0005815917452047376,0.00011352346994114235,4.613492637872696e-05,4.713815403976397e-05,1.8568400036787173e-05,1.6473233699798584e-05,0.0004635053472673706,9.35658789521926e-05,0.000249265693128109,0.0009164292638020877,3.260012296438762e-05,0.0001337854191660881,0.00015679976470045487,0.00033545092995793113,4.778709262609482e-05
102,0.0011750972388080289,0.000309523454566564,5.367398262023926e-05,0.00032143630255561384,0.00013650688887948542,9.964103810489178e-05,9.872780049947558e-06,3.581069967552395e-05,2.545863389968872e-05,4.984268207879061e-05,0.0003441314587479538,0.0005301875062286854,0.0005547566149958771,9.20383104686881e-05,0.0004869326949119568,0.0013030777454649534,0.0006178756714473183,0.00034791603684425354
103,0.0002536262830855063,9.910251573630458e-05,0.00018175598233938217,1.6783134350120688e-05,8.102434845405626e-06,0.0001908636186271906,5.5744573269784006e-05,2.7699515724619646e-05,5.532056093215942e-06,0.0003282284563321386,0.000332378920987024,0.00026087742298841476,0.0003885826185874297,6.660566032721041e-06,0.00028946809470653534,0.0004827036469306767,0.0005779250646547052,1.7301179468631744e-05
104,5.638976843190535e-05,0.0001678568822266538,0.0001578228548169136,0.0002498024395373444,1.1665097564287491e-05,0.00024496810510754585,1.7582498097379676e-05,8.663774475072515e-07,2.62334942817688e-05,7.118574178302528e-05,9.002074088330925e-05,0.0003038160502910614,0.00013193467687590277,0.00043874308035774315,0.0002438398078083992,0.00016781242187169365,3.033919344516689e-06,0.00042477529495954514
105,0.0006194453580914833,1.6345790727012588e-05,0.00034561939537525177,0.0004853069720616304,3.914798952005943e-06,0.0003555233124643564,1.7472300189814993e-05,2.982538431882441e-05,1.8946826457977295e-05,0.0003769929410890327,9.287527588021371e-05,7.576262578368187e-05,0.00048549219529167575,0.0001765314357654712,5.4931268095970154e-05,0.0005119015983773012,0.0005827733685553199,0.0003202175721526146
106,4.4847449394244676e-05,6.73324325182259e-05,1.5259720385074615e-05,2.714845268078636e-06,4.9163660864427056e-05,3.843801096081734e-05,1.737015647911705e-05,8.426814853701621e-06,1.31167471408844e-05,7.320235899666017e-05,0.0001989579390914084,0.00031759776175022125,0.0001110450149746367,0.00028829115649594596,0.00028238166123628616,0.0005629859141731697,0.0001002469751368168,0.0002940986305475235
107,0.00013667224766014674,0.0001501976380760897,2.378597855567932e-05,0.00017669537635711663,0.00023509437298111988,6.472459062933922e-06,2.390609606955224e-05,3.603791983006243e-05,3.75695526599884e-05,2.3174799287761783e-05,0.0008296818382778279,0.00032027019187808037,0.00044964114443775405,0.0007188130793117069,0.00037072133272886276,3.755154812518091e-06,0.000688229456981243,0.0007540136575698853
108,0.0004999187003907613,8.291442717437217e-05,0.0001394161954522133,0.0003941177822041897,0.00018596672821327015,0.00014151516370475292,4.265469206189351e-06,2.7392976463557796e-05,3.376975655555725e-05,0.0006933304996831618,0.0003810427841501318,0.00023600924760103226,0.0006665871700884951,0.0007093995605537331,0.00023344159126281738,0.0001859432395846794,0.00047412417695218145,0.0008345544338226318
109,0.0006073240864910706,0.00019343251372518425,1.9377097487449646e-05,0.0005101222746629747,0.00013582376949904107,6.51900190860033e-05,1.891571654684919e-05,3.825658374870516e-06,6.631016731262207e-07,0.0006902638744567952,0.0005613918852959629,0.0003448561765253544,0.0006437385281680003,0.0004327060425491913,0.0004685334861278534,0.0004622416114822281,0.00023413838027575018,0.0002463124692440033
110,0.0005334379664391625,1.9063220230236544e-05,0.00034893956035375595,0.0005329822416595686,1.1312366756263681e-05,0.00026938924565911293,1.4355162984477227e-05,9.1214010503873e-07,4.3995678424835205e-06,0.0005912935868967878,7.630123527813115e-05,1.8094666302204132e-05,0.00021670989713808153,0.00011869088734863496,6.3261017203331e-05,0.0007638043833088914,0.0001929672768934132,4.062429070472717e-05
111,0.00043111242034007957,0.00012045756156137469,5.386956036090851e-05,0.0002105430380365675,2.8235875027409624e-05,2.7175061404705048e-05,1.6487380758769057e-05,1.5941264357591158e-05,4.8354268074035645e-06,0.00029887684024050565,0.00016372422194647906,6.467057392001152e-05,0.0004077604453037592,0.00020942027708813551,0.00022531487047672272,2.620686316318066e-06,0.00019432459976974348,4.3082982301712036e-05
112,0.0007068514094551309,1.1543718572655515e-05,7.551442831754684e-05,0.0005869701495256202,7.036811358513903e-05,0.00011778855696320534,3.14155062157654e-05,1.0176937690364353e-06,9.249895811080933e-06,0.0004014174811272919,0.0001446409254913794,0.00011695828288793564,0.00046967254416155346,1.9517445585289298e-05,0.00023064110428094864,0.0011491720199121869,0.0001949201498133643,0.00032895803451538086
113,7.233313121678131e-05,0.0002613838311002932,0.00010386668145656586,4.939084874341915e-05,5.960782999574199e-05,4.03551384806633e-05,3.7466352970408e-05,2.2310693995742596e-05,5.204230546951294e-06,1.476431900696018e-06,0.00040217700835133013,0.00010345969349145889,0.0004206742366504451,0.0003615926155576977,5.877390503883362e-05,0.0012118642792549872,0.00037553526006436216,4.218984395265579e-05
114,0.00034799084365631783,0.0003310528613429259,0.00013155117630958557,0.00040303607951329423,5.343559182920121e-06,0.00021159183233976364,6.598848767339766e-05,2.127217757771655e-06,2.5391578674316406e-05,0.00023713515955386955,0.00032062073501902544,0.0005488060414791107,8.216280868954262e-05,0.00038347371399112887,0.0004793461412191391,0.0002737392794646132,0.00025527086022632955,0.0008100857958197594
115,0.001301922460088062,1.0917525782153104e-05,0.00016764644533395767,0.0014205063522480799,0.0001293727531949257,5.488842725753784e-05,0.00010011081104398765,5.475753859067673e-05,6.757676601409912e-06,0.0008916751596701467,0.0004221305127877842,0.0001434427686035633,0.0013662964026324165,0.000467850923490179,5.481299012899399e-05,0.0008945318992671092,0.0009980552344090662,0.000464453361928463
116,0.0006751911389811099,0.00011073189479914383,3.121234476566315e-05,0.0009996945809456759,4.56528758260126e-05,3.708992153406143e-06,1.7869487235528184e-05,1.6046187275498523e-05,1.3221055269241333e-05,0.000663757526770628,0.0005200377032839806,0.00019946414977312088,0.0009913955727462453,0.0004979683893940219,0.00017139781266450882,0.0009512835425783683,0.0002633423195404355,1.5963800251483917e-05
117,0.0009772068282423302,0.00022476995156881993,0.00030331965535879135,0.00046701837776644273,1.4495722029050917e-05,1.606135629117489e-05,3.7392695710259174e-05,6.872436324509333e-05,1.7181038856506348e-05,0.0012414687282415043,0.00170798655337525,0.0001410422846674919,0.000390717006749669,3.774168667721248e-05,0.0002659466117620468,0.000343542603516267,0.0012351755807292752,0.00010062661021947861
118,3.555933195661942e-05,0.00016199755854998804,0.0004531834274530411,4.3670853317592795e-05,0.00012133620187514474,0.0005410141311585903,1.5215304720109235e-06,7.258036408626118e-06,6.498396396636963e-05,0.00010287393662955502,7.914872848970023e-05,0.0006491155363619328,0.0003368958244193143,0.00043488553203251124,0.000491761602461338,0.0006144924031489529,8.084265151574177e-05,0.0010345857590436935
119,0.0005079699813467647,0.00025336706926202407,0.000603673979640007,0.0005304734260475064,6.901603956043292e-05,0.0008195096161216497,4.4146075813027846e-05,4.86839478241281e-05,8.599832653999329e-05,0.00017813111351117072,0.0004755367726987855,0.0008610035292804241,2.9855141392823303e-05,0.00013401698913786952,0.0005361083894968033,5.79678411574136e-05,0.0007252408109857389,0.0013132626190781593
120,0.0004745623351287559,5.7455759931684947e-05,0.000472228042781353,0.0003653899603266175,0.00014152591364809466,0.0004240758717060089,9.71654219747431e-06,3.202463162782325e-06,6.227940320968628e-05,0.0004646294565063408,0.0005710770190968731,0.000320610124617815,0.0006651882271047765,0.00021765834615005038,0.00037821847945451736,1.9944086793899363e-05,0.0001338706493068248,0.0008923877030611038
121,0.0003638009200366138,6.311161921110364e-06,0.0005391128361225128,9.609197804377745e-06,6.829441187924598e-05,0.00040834234096109867,6.661020860324746e-05,1.5327087157113867e-06,5.3163617849349976e-05,6.623737420503872e-05,0.0005650772132113416,0.0002513541840016842,7.117574035296614e-05,0.00010656176276576702,0.0004348922520875931,3.896315773438408e-05,3.970465802855677e-05,0.0010537076741456985
122,4.5664347565671504e-05,0.00026848980736181305,0.0005774907767772675,0.0006527563345912479,0.0002102808141338404,0.0005964522715657949,3.5824816640561002e-06,2.642148917534259e-05,5.461275577545166e-05,0.00011142023716396998,0.00011587502022853552,0.0003662942908704281,0.0003519332599697944,0.0003982228330134969,0.00035834405571222305,0.00036873065336781585,0.0004924311672709833,0.0008190497756004333
123,2.4861863085076652e-05,0.00021020251501854131,0.00018118228763341904,0.0004797363195320342,0.00015482267458540727,0.00019968347623944283,1.5174538767877277e-05,2.6280705624581822e-05,2.810359001159668e-05,0.00019710639237524585,0.00019981217777932658,0.00010631978511810303,0.00037811704081654185,0.0003593001676575631,8.653569966554642e-05,0.0006311706932246308,0.0005004555934969429,0.00042225420475006104
124,0.00042550573621172316,0.00025362920079118056,0.00012666545808315277,0.0007709554992698375,1.682404435832119e-05,0.00016891397535800934,3.302522746930804e-05,2.5713153423702253e-05,2.2113323211669922e-05,0.0004888680801695272,0.0001838572993647994,0.00012624263763427734,0.0005265279355422675,0.0004461098322853137,2.592429518699646e-05,0.0007455472360377025,0.0004721915634463003,0.0005814507603645325
125,0.00019352043598927504,0.00010240917126432686,0.00013599079102277756,0.0002709748846448784,3.8442078758884474e-05,4.9128662794828415e-05,4.0823730268025465e-05,1.9456822743004962e-05,1.5892088413238525e-05,0.0002285248905799231,0.00024541535124108366,0.00036478694528341293,0.00022700215332499551,0.000717185957487489,0.0001355540007352829,0.0006327142599326097,0.00038986827464417007,0.000223526731133461
126,0.0003780934287746923,8.76803053805053e-06,8.69855284690857e-06,0.00026114963681891923,6.257809922481997e-05,0.0001645428128540516,5.644063664102597e-06,4.227787689525895e-06,3.0118972063064575e-05,0.0003992982135640061,0.00022617527385198483,0.0001330096274614334,0.0004205339881378639,0.0004302401543224421,7.267110049724579e-05,0.00047839830618809365,6.628414396071813e-05,0.00027592945843935013
127,0.0009203521886420873,4.722222539324181e-05,0.0004210611805319786,0.0002957663353346518,0.00011305661686080576,0.0005384713876992464,4.309782732659154e-05,2.993549665871809e-05,4.264339804649353e-05,0.0002338153921037367,0.00036573930261838555,0.00017261505126953125,0.0004047690508080515,0.00015938354875807276,4.481524229049683e-06,0.0007464964374569172,0.0003782813931958451,0.0005824053660035133
128,0.0004082307722088063,0.00012861048594252703,0.00045845750719308853,0.00022297210288531322,0.00018197829491403694,0.0005096602253615856,3.108984716680696e-05,1.851403876742012e-05,4.0728598833084106e-05,0.0001313219421744255,0.00038181934781653104,0.00027401652187108994,0.0003224238941518798,0.0008031751782991373,0.00020100269466638565,3.163569608641281e-05,5.917386604928354e-05,0.0007015643641352654
129,0.0003163837458976665,0.0003074037878009264,0.0003139665350317955,0.0001321436448667862,1.2619961801095536e-05,0.00052686408162117,3.607017449353683e-05,8.086009090086397e-05,2.4013221263885498e-05,0.0005677530788219531,0.001559479103634978,0.00042944494634866714,0.00038765090176783035,5.46742716356647e-05,0.00011473521590232849,0.0004969903236508033,0.001388102858245005,0.000521303154528141
130,0.00030717967212839925,8.069499283711035e-07,0.0005177613347768784,0.0007464238028273423,0.00023397537731951676,0.0005556836258620024,5.757125699508252e-05,8.531384962596946e-06,3.466755151748657e-05,0.0001115513502603499,0.00011082874161429807,7.656263187527657e-05,0.00014428841949469529,0.0006034426434150288,3.383215516805649e-05,0.0002742736581594907,0.0003601429907644643,0.0006813900545239449
131,1.8425252328202468e-05,4.829700352543265e-05,7.729418575763702e-05,0.00023817869963158045,3.814061379622813e-05,0.00018158787861466408,1.1564583070559215e-05,6.650220349548909e-06,4.807859659194946e-05,0.0004641925115450446,0.00039916146290725624,0.0004131561145186424,0.00031562374084574685,5.333358550815327e-05,0.00026554428040981293,0.0007229463633832145,5.448578252909009e-06,0.0007493793964385986
132,0.00010196146678959073,6.934850439146295e-06,0.00014997180551290512,0.0002520014930942477,0.00011212519959062986,0.00013564061373472214,3.117482027127812e-05,2.524088468222347e-05,2.5816261768341064e-05,0.00017350545551840513,0.0004536945235796633,0.0002629063092172146,1.5027083595658963e-05,0.00013400975476402822,0.0002853861078619957,0.00046081716796775307,0.0005184859236412459,0.000550340861082077
133,0.00018160271996442434,0.00044237629341642784,2.253800630569458e-07,0.0003420968764101806,0.00024399896635927953,0.0002825092524290085,6.484858336620186e-05,3.4628338498436835e-05,9.819865226745605e-06,1.8427053193048604e-07,0.00016217889047050876,0.0003628786653280258,0.00019100623413143003,0.0002335959452233749,3.7913210690021515e-05,0.0005611348414201744,0.000527313561260026,6.889179348945618e-05
134,0.0005887754532364758,0.0005386021998800145,1.2986361980438232e-05,0.000396911885132481,0.0003560999178520083,0.00017688889056444168,4.597103663543309e-06,1.3666494600229548e-05,1.895427703857422e-05,2.3410427035339132e-05,0.0007932097757912676,0.0004007783718407154,0.0002817375655819604,0.0013128049051569137,0.00013635214418172836,0.0009183215038522374,0.00026543664348928353,0.0008506085723638535
135,0.0005642601821455873,1.0823222997356774e-05,0.0001574913039803505,0.0004525438565580464,0.00019199174417714251,0.00014516990631818771,3.515524420608443e-06,1.873552522986587e-05,4.165247082710266e-05,7.107730837040138e-05,1.3961397020978428e-06,0.00040182052180171013,6.71013325011377e-05,3.409267013719519e-05,0.00039546843618154526,0.0002966127795167861,0.00028188612741940344,0.0006846459582448006
136,0.0005923101937591463,8.482704806581781e-06,0.00017197523266077042,0.0005794461022101821,7.07652970064164e-05,0.00013075699098408222,3.226301165251688e-05,5.131297336468613e-06,1.1000782251358032e-05,0.0005425274261047081,0.000389871187329055,0.00012705661356449127,0.00034306099354965147,0.00021503394649965632,0.0002057282254099846,0.00034935843892641705,1.7257064341073824e-05,1.1455267667770386e-06
137,0.00033986770136705535,3.0984725785374034e-05,7.588602602481842e-05,0.000679276035392265,2.171663401416557e-05,6.88266009092331e-05,2.901417534180266e-05,8.699182651026281e-06,4.623085260391235e-06,0.0007959134840758858,0.00019449523833937887,4.4316984713077545e-05,0.0003293348468298707,0.0004748105092361281,1.3443641364574432e-05,0.00013246831595106756,0.0002886693690665118,0.0003414750099182129
138,0.00030615489426041864,4.973800229639627e-05,4.715006798505783e-05,0.00047245959059083464,8.627542412015243e-07,6.368523463606834e-05,2.1468347174405725e-05,1.2942173045594942e-05,4.589557647705078e-06,0.0005316399959770096,0.00017681317608178593,4.25390899181366e-05,0.00019340351862964789,0.0002018545501481124,1.1550262570381165e-05,0.00020202407788103005,0.0002055187432158656,0.0003660488873720169
139,0.0007361813276917095,0.00019634162102212527,0.0002415347844362259,0.00032531393200503633,2.157022931983943e-05,8.943025022745132e-06,9.026744080983112e-06,2.3096173973057976e-05,9.078532457351685e-06,0.00051753698328319,0.00012633093184488686,0.00041263364255428314,0.00046121972784779475,0.0007396481185579697,0.00011094100773334503,0.0005617094421740687,0.0004227107970732197,0.0003551691770553589
140,0.000461070742715744,0.00014820557215110275,1.5255995094776154e-05,0.00035265736308567885,5.9714531171491114e-05,0.00025214580819010735,4.421486617849947e-05,1.5172172401511398e-05,4.969537258148193e-06,0.0002660027742193982,5.129219181540523e-07,0.00021640444174408913,0.0001954484367237691,0.00011425255316605855,0.00014907494187355042,7.384780549699044e-05,9.360596614034489e-05,0.00014361180365085602
141,0.00040052195109903377,0.00016381459765771322,8.721183985471725e-05,0.0004716912507573695,0.00016291139095678947,0.00015994906425476074,2.127285074686111e-05,3.444967950154507e-05,1.4290213584899902e-05,0.0001631671306041721,0.0015227778476248274,4.540104418992996e-05,0.00029565300858168386,0.0004601876046273108,0.0003772387281060219,0.00041304380973053445,0.0005187351169685175,2.2724270820617676e-07
142,0.00023231215337929378,7.088533798509794e-05,0.00021712388843297958,6.615511070161284e-05,7.376249935941298e-05,9.363354183733463e-05,4.074797665017983e-05,6.178621392672907e-06,2.1636486053466797e-05,0.00012131816495958292,0.0009937903859402186,0.00039374688640236855,0.0002890516548367805,0.0001234431481457795,0.0006528748199343681,0.0002657947949439021,4.471985022409808e-06,0.00037019047886133194
143,0.00046648672308985395,4.352963452740333e-06,5.850847810506821e-05,0.00012792695821152444,3.978567798710794e-05,0.0001242430880665779,6.601196714225814e-05,1.9017829269363327e-05,1.3615936040878296e-05,0.0004120090772687379,0.0007128372823953302,0.00018366379663348198,0.0007441432233703665,0.0003689982548106506,0.00011803116649389267,0.00012846464859000983,0.00024002385848854307,0.00029909610748291016
144,0.0002614028870968066,0.00023424308654685505,0.00022757798433303833,0.00047129605428303245,7.080682630678306e-05,0.000207133824005723,4.46920774906448e-05,5.406327100841105e-06,2.460181713104248e-05,7.942325817210383e-05,7.065065540622084e-05,0.0003549722023308277,0.00012705901257921426,8.214334278819346e-05,0.0003262180835008621,0.00043633714325119755,0.0002459416868843059,0.0008620060980319977
145,0.00013395115505233923,0.00016033849907537423,0.00025217141956090927,0.00010012898072433996,6.0401696285919404e-05,0.00025578937493264675,1.0069787530854468e-05,2.4769809308768445e-05,1.2647360563278198e-05,6.805686079942863e-05,0.00029477914596249405,0.0002774209715425968,0.00010106553680075403,0.00035711445272367144,0.0003774566575884819,0.0006152279821496076,0.00032203881298609877,0.00016473513096570969
146,0.00019239298249852654,7.3375027367234e-07,0.00029681436717510223,0.00021932433721408295,0.0003221789084548385,0.0004034615121781826,2.4814876903799313e-05,5.906660820282359e-05,2.0284205675125122e-05,0.00048658507790173833,0.0004572696888451855,0.0004082038067281246,0.00021694693251379793,0.0012574223131891042,0.0006986912339925766,0.0006606852114059147,0.000976756568637424,0.00035983603447675705
147,2.7167127956001513e-06,2.7071282352103543e-05,0.0005676886066794395,1.6147971033692032e-05,0.00040617922041040824,0.0006917726714164019,1.086280004036419e-05,7.301210412462723e-05,1.2665987014770508e-06,0.0006293353808019819,0.0011946847766410168,0.00022721663117408752,0.0001287813029619278,0.0011939026072093038,0.0005375230684876442,0.00026641280317526994,0.0012448562142245642,0.0002872860059142113
148,0.0007152559413120263,6.512601480381658e-05,0.0003988714888691902,0.0010121028919709146,0.0007277645961417424,0.0005167052149772644,0.00011436482174554882,0.00011338362843235118,1.7784535884857178e-05,0.000825639570015621,0.0015741596296124788,0.0004232977516949177,0.00012863964741301193,0.0016306246029975935,0.000700908713042736,0.00048510566392295784,0.001914065769729835,0.0001370459794998169
149,0.0007531271281020352,0.0003774903226136418,0.00022647995501756668,0.0002694173979990999,0.00024448967934746074,0.00020904885604977608,5.9938803455195436e-05,6.713192992742045e-05,9.466707706451416e-05,0.0003141420507860593,0.000639797354720445,0.0013237507082521915,0.00029261592492693667,0.00044224335199555785,0.0014797588810324669,0.0007115390080505157,0.0010564606201633395,0.0019402503967285156
150,0.0015486170187091058,0.0004141878486798589,0.0004033185541629791,0.0005333777443260329,6.404605792992984e-05,0.0002453997731208801,1.6839234725540483e-05,1.9770480966652473e-05,6.716698408126831e-06,0.0011744534510124416,0.0001005953056588127,0.00047159940004348755,0.0008237091552640158,0.00013566291677087443,0.0003052465617656708,0.0007770862795482003,0.00035923038120590917,0.0006452854722738266
151,0.0005118375513649687,0.00021433494399413985,0.0002109818160533905,0.00045096651948213495,0.00013491679070994078,0.00040252041071653366,3.8271500847781095e-05,5.871010307981206e-07,5.023553967475891e-05,0.0006568423766426662,5.669064564620824e-05,0.0007176268845796585,0.0007446850505175434,0.00011801740141345086,0.0004542982205748558,0.0007545294451373474,0.00018638967139696094,0.0010726265609264374
152,0.0006193429285827334,0.00010484890973502109,7.632654160261154e-05,0.0004408744916452323,8.181553896040306e-05,3.390386700630188e-05,5.515574289852686e-05,2.59390158295009e-05,2.3808330297470093e-05,0.0005982301725941247,0.00031722994811726746,0.00034135766327381134,0.0014898070025469862,4.789815107313078e-05,0.0003320537507534027,0.0003142694860107653,0.0005266478831405588,0.0006291065365076065
153,0.0015611033880150726,0.0003251316709802221,0.00042747054249048233,0.0008401300254171629,0.0002183646738271386,0.0003092121332883835,1.5914539854697957e-05,1.7260080017917918e-05,4.6681612730026245e-05,0.0013144005924387997,0.0005746465083334776,0.00046645430848002434,0.0015549195215631278,0.0008609564433326358,0.0006664823740720749,0.0007289143103903495,0.00035836920050275056,0.0007702019065618515
154,0.0007272645545333134,9.755658215979818e-05,2.9053539037704468e-05,0.0004968527207680207,0.00012814139092644922,0.00015477952547371387,6.231058785417104e-05,1.583439817252506e-05,1.9747763872146606e-05,0.0005797910591664873,4.2514742806004646e-05,0.00021955277770757675,0.000554716628709484,0.00042329059732392274,9.398907423019409e-05,0.0008727582106507759,0.0002053168848409892,0.0002361675724387169
155,0.0002952880078991582,0.00022736578468360302,0.0002989182248711586,0.00023515599101329998,9.492973936514604e-06,0.0002613007090985775,1.010285810152528e-06,3.0876083809958967e-06,1.851096749305725e-05,9.483823124591118e-05,5.0787432899858376e-05,7.757404819130898e-05,0.000622974651360117,0.0004476489374661847,0.0001155724748969078,0.0001563580445253232,2.799454618506586e-05,0.0005704397335648537
156,0.00010260033998253648,0.000185949571571295,0.0002858610823750496,8.389671827896406e-05,0.00023696496064320657,1.2601027265191078e-05,0.00015238456051232772,4.91264704135198e-05,2.3949891328811646e-05,0.0002562875581270524,0.0008005937454604733,0.00011547375470399857,0.00020104431449123605,0.0008906643012881639,0.00024052802473306656,0.0011259427728719518,0.0009932781097834256,0.0005978988483548164
157,0.0008172686812822488,8.504521222962858e-05,0.00014071539044380188,0.00034828337961241573,2.2235328466981702e-05,8.671358227729797e-05,2.4389370207640246e-05,4.026442017153421e-05,4.260241985321045e-05,0.0006156673528609768,0.000564567664025413,0.0006839185953140259,0.00021368576215589907,0.0002222887457961828,0.00034380611032247543,0.0004016453992659874,0.000659388852657268,0.0009115850552916527
158,4.560871121346566e-05,3.3362127791668195e-05,0.00015002582222223282,0.0003120544290035887,7.702486568376965e-05,0.00023416196927428246,2.3977534726162333e-05,4.7087795109921823e-07,2.380460500717163e-06,0.00032499641233672827,0.00048038692583242393,0.0001773652620613575,0.0007247495340459847,0.0005833355077726771,0.000318257138133049,0.0003437042078600905,0.00013809408627064174,0.00027392059564590454
159,0.0007270943332586127,0.0001714799058777014,0.00031706225126981735,0.0003516972478306568,9.713621973852365e-05,0.0005203303880989552,2.4869318186907657e-05,3.7828349306708725e-05,2.9981136322021484e-05,0.00022603822853142774,0.0008481753669513509,0.00016146106645464897,0.00023797521943481892,2.09916089472309e-06,0.00015159603208303452,0.0017604387530443244,0.0007670200894804718,0.00023921485990285873
160,0.0008283739962862136,0.00032520602224087036,4.720594733953476e-05,0.0005346380866226019,4.906522640286959e-05,0.00024708593264222145,1.207007784249231e-05,5.259920755822534e-05,7.022172212600708e-06,6.510604355075555e-05,0.0005831730029578763,3.857584670186043e-05,0.0006072220292885205,0.0002619284849382595,0.00023856386542320251,0.0002055848063209631,0.0007907628949401294,0.0005081351846456528
161,0.0009128723624515916,2.7762909028439947e-05,0.0003409450873732567,0.0007344987672343595,0.00014500504277090154,0.00023921416141092777,1.729512286324439e-05,2.4769590383656465e-05,1.2908130884170532e-05,0.00037077384036741934,0.00017915125083838718,9.299442172050476e-05,0.0012822475111301385,0.00019093345681875894,3.784801810979843e-05,0.0003560585613409939,0.0002456278264817216,0.00021036900579929352
162,4.778238162990445e-05,4.0465048742562015e-05,0.0002871435135602951,0.0002447944396206797,0.0002790121661702047,0.0003284292761236429,2.3723623613141828e-05,3.411503297146533e-05,2.4549663066864014e-06,0.0002362906574330942,0.0005171478291778678,0.00010999292135238647,0.0002061855433751203,0.0003928721885694004,0.00019080005586147308,0.0007154191287294942,0.0008349583187885409,0.0002464745193719864
163,0.00023042451830054822,0.00022048953960581916,6.830226629972458e-05,0.0004691863892987147,7.271430237244109e-05,0.00036129681393504143,1.865054457893256e-06,5.7519887238186365e-05,2.8893351554870605e-05,0.000570050232417213,0.0006158147396681662,9.964266791939735e-05,3.38420345759316e-05,0.0005093991111144239,0.00029924698173999786,0.0005491435734292782,0.0011205347572607743,0.0002962332218885422
164,0.0006404098291338395,7.390083051506124e-05,0.0003293221816420555,0.00014113178833795315,0.0001441932119268588,0.0003897387068718672,2.7779245668792946e-05,1.1981305722552193e-05,3.447383642196655e-05,6.918646541342888e-06,9.934187994180277e-05,0.00040815817192196846,0.0006304892874451629,0.00030935861096335546,0.00034742429852485657,0.0002834358956958216,1.808676234698464e-05,0.0005670357495546341
165,4.704097899453641e-05,0.00017306173701312627,0.00027570314705371857,0.0005139812402889105,9.686266902626112e-05,0.0007602262776345015,1.516983889879829e-05,2.7743569386864692e-05,4.244968295097351e-05,0.00015498046291952117,2.311260624061895e-06,0.0005066986195743084,0.0005428846774397089,0.0006552957956561731,0.00011657271534204483,0.0005661755643696365,0.0002986956522795861,0.0006777774542570114
166,0.00020566500921560815,8.628018249949229e-05,0.0004914924502372742,0.0007313265826643378,6.165232799184434e-05,0.00018351268954575062,2.84456490684086e-05,4.813680192597295e-05,4.778429865837097e-05,0.0003018546145229506,0.0011066948107184074,0.00026271119713783264,0.00028517831585669895,0.0001076386248964542,0.000733429566025734,0.000167018132376906,0.0009255323451882527,0.0009524235501885414
167,0.00042784880776639,0.0003881613574416437,9.337160736322403e-05,0.0007880344876377426,7.9474928259049e-05,6.497837603092194e-06,0.00010312245868711149,4.760939859328305e-06,2.8461217880249023e-06,0.00020424762146745157,4.240332530626445e-05,0.00015020184218883514,1.2560783580070622e-05,0.0004456035814761859,0.0003180215135216713,0.00018224293790003454,0.0002896507697343481,7.110927253961563e-05
168,0.0002626870393202807,6.566683710317392e-05,0.0005256114527583122,0.00019757073196016717,3.43470368358717e-05,1.896568574011326e-05,3.1159201135123535e-05,5.2628168778094675e-05,3.772228956222534e-05,9.656075863465063e-06,0.0003377149143542549,1.3739801943302155e-05,0.0001254532711162798,0.001145774785391877,0.0007056733593344688,0.0004549889652988026,0.0010118437047769713,0.000574897974729538
169,0.00044992959051015635,0.00012512952319199827,3.277324140071869e-05,0.00038862249853421904,5.010672800433505e-05,3.916281275451183e-05,4.0876707380260724e-05,2.317966518661967e-05,1.4640390872955322e-05,0.00016096831204948092,0.00020662759678173603,7.257610559463501e-05,0.0001752004474812746,9.007559485200121e-05,0.00020818132907152176,0.0013223068449867426,0.0001859541623800559,9.795278310775757e-05
170,1.5589562036871785e-05,0.0004422228483302454,0.00010676123201847076,0.0001968137555412447,0.00019345161303068945,2.6981811970472336e-05,3.346626174206835e-05,1.1627762779950479e-05,2.1785497665405273e-05,0.00022803556088811516,0.0002045077472153517,0.00012135319411754608,0.00018998421707397406,0.00036107390711560133,0.00018724612891674042,0.0013851125752181725,0.0002921318543890883,0.00032148975878953934
171,7.135048688901302e-05,0.0002999040630330546,0.0003882013261318207,0.0012117649341605863,9.374547682475254e-05,0.0002901405096054077,1.0915260400356022e-05,1.0979257671649145e-05,4.184991121292114e-05,0.0003422810129285053,0.0006765961359113462,0.00013868417590856552,0.000876253030543922,0.0005000133687430262,6.367359310388565e-05,0.00045425319170844247,0.0002165984251046721,0.00048282183706760406
172,0.0006998410710210706,0.00016862599859366473,3.204774111509323e-05,0.0002455404256562488,8.353413724739717e-05,3.226124681532383e-05,4.4984382546572194e-05,3.928750098085906e-06,5.278736352920532e-06,0.0001364310896308646,0.0007571291955788748,0.0005591884255409241,0.00016421310047830262,1.6396187361416431e-06,0.000639510340988636,0.0012316001787459063,0.0003483153672289088,0.0001110350713133812
173,0.0005242896610364728,2.9246319131207704e-05,0.0002710074186325073,0.0002751218669866662,9.688543065246302e-06,0.00041046272963285446,5.504930512624691e-05,2.8957429744467904e-05,3.666803240776062e-05,0.00043506820236680066,0.00041031387625183047,0.0006263116374611855,0.0014083522589451863,0.00026730629820990656,0.000459783710539341,0.001003188223926088,0.0005735783490403018,0.0005362695083022118
174,7.374451804778581e-05,0.000367987725957232,0.0003129299730062485,2.7651093388134096e-05,0.0002952065463600502,0.00019144266843795776,5.311267364757795e-05,1.613829617846084e-05,5.0067901611328125e-06,0.00062959149969255,0.00014590023321290474,0.00026532821357250214,0.0015909762175812109,0.0005849636804304004,0.00020590424537658691,0.0004470581746215674,0.0003937256253699964,0.00017487257719039917
175,0.0001454109672374554,0.00012748059912242107,0.000254177488386631,0.000176429800479605,9.255357632404274e-05,0.00020734709687530994,3.6767335290342415e-05,2.08785897483528e-06,2.7101486921310425e-05,0.0002969343341159003,6.163064540872648e-05,0.00024143606424331665,0.0009361186753571449,9.800791772138044e-05,0.0002531465142965317,0.00036624540269983297,9.493930297718722e-05,0.0008282121270895004
176,0.0005266967751481888,1.7647633197510892e-05,0.00016406551003456116,0.0005138519807871417,6.413253779655875e-05,0.0003755064681172371,3.55704137168511e-05,3.1549935525897275e-05,9.723007678985596e-06,0.00043170324436614393,0.0007889095483954514,0.0002331845462322235,8.205358423157838e-05,0.0008757505989854756,0.0001193145290017128,0.0005414233410039604,0.0005182554393926495,0.0002403492107987404
177,0.00019295904474377068,1.7704276106568495e-05,0.0001141820102930069,0.0002478448085265622,7.941700925655215e-06,0.0001813631970435381,1.9195762369321814e-05,1.956443001589151e-05,4.838407039642334e-05,1.618311690955443e-05,0.0005645837608731705,0.0007791491225361824,8.035928895179512e-05,0.00032745347017900175,0.0009402874857187271,6.358995003494239e-05,0.00024444452405666256,0.001064186915755272
178,0.0002511681822941203,0.00018200802689746776,4.488043487071991e-06,0.000170493525156995,4.2047771461894284e-05,2.6730820536613464e-05,2.633042856256887e-06,3.3594550152686066e-06,1.7546117305755615e-05,0.00011078333682254526,0.00033835117699814593,0.0003560604527592659,4.095183975433292e-05,5.7900177909474965e-05,0.00034505873918533325,9.775073481108065e-05,0.0001254028152265635,0.00046289246529340744
179,0.00021296334905496206,0.0002604196531277754,0.00017119664698839188,0.0001851144446659847,8.421238242320786e-05,0.0003387313336133957,2.3044010522456013e-05,4.152200598236998e-05,1.979619264602661e-05,0.0004784364863798518,0.00010222109716247207,0.0004540225490927696,0.0007185709824903269,0.0005084606735910116,0.00024174340069293976,0.0005062517873182515,0.0006800128494182933,0.0003123786300420761
180,0.00030033863943025596,0.00012248590361286713,6.451644003391266e-05,0.0002674055830975408,0.00018442884234018408,2.066255547106266e-05,1.881005407609014e-05,1.2488383611880711e-05,9.376555681228638e-06,0.00030329951481145034,0.000122146654178798,1.9779428839683533e-05,0.0003217495550922045,0.00028171561588971085,0.00011497549712657928,0.0003211631666997783,0.000211646790346659,0.0001026540994644165
181,0.0002022137798321083,0.00013826248086303006,0.00013668742030858994,1.4196649722575394e-05,4.437339595236844e-06,7.45370052754879e-05,1.9929339073592248e-05,6.719345497216422e-06,4.2729079723358154e-06,9.020648516336327e-06,0.00017253836398276046,0.00012072455137968063,1.779617434442826e-05,0.00021822136028318805,4.52529639005661e-05,0.00013588961206081884,9.279231436110091e-05,5.8064237236976624e-05
182,0.00015266905197373892,4.774263962816633e-05,1.1167488992214203e-05,0.000165613295412953,2.554440984325196e-05,3.7371180951595306e-05,4.171452612404883e-06,2.4040807799297417e-06,1.5478581190109253e-05,5.947548789421442e-05,0.00016249632071907438,0.0003219740465283394,0.00010308747047198252,5.319198695885423e-05,0.00025951769202947617,2.6157335350079913e-05,3.854275062229601e-05,0.0003718193620443344
183,0.00042160378883529526,8.263609822492524e-05,3.427732735872269e-05,0.0003206618320790028,4.389618704779205e-05,0.00016945297829806805,3.4060302028793288e-06,3.1826659914058284e-05,9.600073099136353e-06,0.0004654886705662553,0.0005713794468842209,0.00012007448822259903,0.0002098231837525666,0.00037685579698608536,0.00016815494745969772,0.00024208345906429063,0.0005540639029432831,6.261467933654785e-05
184,0.0007131835288787386,0.000340305636996871,0.0006301598623394966,0.00038380717985177226,0.00020451196667858884,0.0003814597148448229,5.26267834282234e-05,2.6637459121754865e-05,2.9694288969039917e-05,0.0010115515798567454,0.0005127918107254159,0.00015152711421251297,0.0007259880397455787,0.00024387337084554213,0.00023387186229228973,0.0009731218736645786,0.00024713523055849146,8.773989975452423e-06
185,0.00012422889868754505,4.552040157596374e-05,0.00015674345195293427,0.00018713723659950776,5.414686455388826e-05,0.00017072423361241817,4.71819131216758e-05,1.158308682837339e-06,1.1317431926727295e-05,0.00022032698344265356,0.00011636764720644732,1.9565224647521973e-05,2.95079111351515e-05,7.676765322353965e-05,4.8809684813022614e-05,0.00021409607490477378,2.4402554296878987e-05,0.0004368070513010025
186,0.00032108895879894017,4.6385056727538815e-05,5.973782390356064e-05,0.00015561483887666094,3.8131895808091176e-05,0.00011107511818408966,1.1350283656235902e-05,2.333899424634793e-06,4.433095455169678e-06,0.00043605376984964805,6.849326218534568e-05,0.00019567273557186127,0.0003155798504370505,1.029761628099611e-05,0.00017944630235433578,0.0004836762119130589,0.00015058417933211388,0.000302373431622982
187,0.0006768333979744329,0.00012339141170136098,5.614664405584335e-05,0.0004755780856175451,5.604685827993727e-05,1.6933539882302284e-05,4.824143070361955e-05,2.383178169338123e-06,2.1189451217651367e-05,0.00018193545957394253,0.0003800686220173585,0.00011704303324222565,0.0004452110321369468,2.6428046506363212e-05,0.00025856588035821915,0.00033162131998570876,6.377327323327242e-05,0.000311385840177536
188,0.0002636967213868746,0.0004106699473780777,0.00026632659137248993,0.000789936284371906,0.00021830599483247531,8.129165507853031e-05,1.8562810289963344e-05,2.706696778460643e-05,3.150850534439087e-05,5.9765096678085494e-05,0.0012119929024924647,0.0003650262951850891,0.000332725060220862,0.0008231636103520484,0.0007083471864461899,0.0006900413012774498,0.0005332526545803601,0.00047648046165704727
189,6.352189780776951e-05,0.00025987087480887003,0.00043973326683044434,0.0004263886088167884,0.00018371605824787918,0.00015359697863459587,2.18146493856132e-05,3.9525652992521056e-05,4.043057560920715e-05,0.0003321718790695455,0.0013548459889327694,0.0005452185869216919,0.0002962350102117123,0.0005595572243691331,0.0009719440713524818,0.0005015731498771159,0.000666343739616132,0.0008815443143248558
190,0.00023735633676577605,7.423493477777543e-05,0.0004074433818459511,0.0008573433192664431,0.0002188007044613971,0.0002922043204307556,4.5950241900153885e-05,1.0741557703001278e-05,9.164214134216309e-07,0.0006152308949100571,0.0001330067455145717,0.00032752566039562225,0.0007952280686394642,0.00043329214365545043,0.00020000990480184555,0.001136483290314655,1.0224877397588261e-05,0.000239483080804348
191,0.00041383431307827345,0.00014319479222160703,0.00044884905219078064,0.0003088780307737016,0.00029053278557205145,0.00033775740303099155,2.093806575740112e-05,5.413040920757787e-06,2.405419945716858e-05,0.0005015883892964951,2.6738973466000626e-05,0.00013433955609798431,0.0008649823793237393,0.00030313244502656704,0.0002535860985517502,0.001297528941009013,0.00011966702964147369,0.0004442008212208748
192,0.0003863390358430502,0.00017487183641362938,0.00032398756593465805,0.0005642373752400842,0.00011953390942675765,0.0002156111877411604,3.122340090470216e-05,2.3076668698200024e-05,3.074482083320618e-05,0.00032805428531866576,0.0005060414325608123,0.0004927888512611389,0.0009597413510700342,0.00038230626435209643,0.0006535975262522697,0.00020803582424819278,0.0002259385021160798,0.0005008680745959282
193,0.0008431642496006253,0.0001425445438476558,0.0001905122771859169,0.0004806844695055684,3.517428615920984e-05,0.0005396241322159767,3.5436294939069496e-05,3.742812682407592e-05,3.688409924507141e-05,0.00017125102551063254,0.00019917704001676945,0.0007560392841696739,0.0008064643950556893,0.0004772912367104337,0.0003398014232516289,0.00013328552224842194,0.0008020426116608845,0.0006819441914558411
194,0.000655625683231631,0.0001046890575790195,0.00011643301695585251,0.0006978556481021803,8.702008908280726e-05,0.00014599855057895184,5.075106092547986e-05,4.006741424244934e-05,9.324401617050171e-06,0.00011996642611779296,0.0004006741690968929,0.000432855449616909,0.0008258387458781324,0.0008041425502903826,9.915605187416077e-05,2.528143457250498e-05,0.0007036266181640397,4.793144762516022e-05
195,0.0002424219537245781,5.3017361884510894e-05,0.00042362045496702194,0.00030195165675124536,0.00013670052937949512,0.00018602469936013222,3.32627166609329e-05,3.069242991975444e-05,1.718476414680481e-05,4.88988560770065e-05,0.00026699117188907356,0.00010609254240989685,0.0006307354234611345,0.0007888499245175514,0.0001564808189868927,7.834603995332534e-05,0.0005141155189657826,0.0005905469879508018
196,0.0006777658581436363,8.985915743440695e-05,0.00023751892149448395,0.0006536281229833074,2.962030590576009e-05,0.000279600964859128,1.5859162741934524e-05,3.969785380710314e-05,7.686391472816467e-05,0.0007950722941941629,0.0006066712768942814,0.0006022881716489792,0.0008237625654814867,0.0010726633215811894,0.00045605655759572983,0.00037355899798163783,0.0007215462281681684,0.0013910690322518349
197,7.254343558724119e-05,0.000244717749454202,0.00014275964349508286,3.5504435305727666e-05,4.391387875610567e-05,0.0003268858417868614,1.5598468391848225e-05,2.241841400552969e-05,1.4312565326690674e-05,3.0198715279192156e-05,0.00015940918556174577,9.491853415966034e-05,5.040759371605086e-06,0.00021235592003188142,0.00015733018517494202,0.00042804930366371896,0.00055392242819087,3.6529265344142914e-05
198,0.0006641389991277613,0.000314613855820739,0.0003424938768148422,0.0006517239618652609,9.753341011397784e-05,0.00026082899421453476,6.0669969857206005e-05,5.9405757632459595e-06,3.102794289588928e-05,0.0011911373707802625,0.00011900635926594128,0.00016061123460531235,0.0012851442253691003,0.000523378093782354,0.00024192314594984055,0.0009604284380184958,0.00011431983369103449,0.0002900063991546631
199,0.0001858336782714215,0.00019672912412856125,0.0002772528678178787,0.0004108179820757063,0.00011208998120101551,0.00023540155962109566,1.5931123478809053e-05,7.609060767520791e-06,3.79905104637146e-05,0.0006801920996412497,0.000310880350878201,0.00030118972063064575,0.0005430270111517338,0.00023630106389058506,0.0003509288653731346,0.00044447886726683983,0.00015245800772967222,0.000272347591817379
200,9.094521611532902e-06,0.00016980123337090314,7.080007344484329e-05,0.0005443097145597792,0.0001621309250800819,4.7880224883556366e-05,3.282946388734852e-05,2.277744287360571e-05,9.201467037200928e-06,0.0002482909572669306,0.0001195283814890008,0.0001372452825307846,0.00013712741488240698,0.0007432152609725901,0.00015100929886102676,0.000930336942715243,0.000695174925859951,7.72625207901001e-05
201,0.0001908793201044895,6.963165223264345e-05,0.00037029851227998734,0.00015700335492443984,6.147153591790772e-05,0.0002117217518389225,4.8711742936826535e-05,1.7248561167528334e-06,7.636845111846924e-07,0.0001944019606237024,3.876855811232871e-05,6.543844938278198e-05,0.00023660952313871164,0.00047331065156059043,4.273839294910431e-05,0.0010793327484525939,0.00027757450571861547,0.00012746918946504593
202,0.00043270291187021137,0.0001774523200826772,0.00022017024457454681,0.0003787089756057266,0.00014325409560373564,0.00012198230251669884,4.5108897875466986e-05,4.23862513593133e-05,1.6316771507263184e-05,0.00030066952376578415,0.0006092311436515507,0.0005983393639326096,0.0008507206594859512,0.00031103123193830084,0.00015285704284906387,0.000959785466411428,0.000655579013782534,0.0004748282954096794
203,0.00028378114942632926,7.11366593974666e-05,0.0002944972366094589,0.0002735179737992921,3.494362306277407e-05,0.0001867450773715973,4.4116039633607454e-05,1.9927480934595846e-05,3.306567668914795e-05,0.0006408819729898929,0.0006032986462577369,0.0005026543512940407,0.0003599606361256308,0.0004038895457895127,0.0007156552746891975,0.0004563636710651353,0.0005030721181512529,0.0008684899657964706
204,0.00014415989522509332,0.00012596058440483837,7.635075598955154e-05,8.200022092115511e-05,3.110954340982894e-05,2.6205554604530334e-05,2.935401921767486e-06,1.1442333629862848e-05,4.813075065612793e-06,0.0002557176533277139,8.708706962862883e-05,4.16068360209465e-05,7.299200936086714e-05,0.0005117679445045195,0.00021908525377511978,9.260236304806102e-05,0.0002176334586868195,0.0001364573836326599
205,0.00036517116712300735,1.0120173176517144e-05,0.00020648352801799774,0.0004940673734619566,9.063368162740004e-06,0.00034777261316776276,3.092991238525661e-05,9.549374701751153e-06,2.226606011390686e-05,0.0003731377284933446,0.0002854772441967385,0.000173092819750309,0.0004925332760791074,0.00012778848806390634,1.490022987127304e-05,0.0005722706018324031,6.902542764260222e-05,0.0003822203725576401
206,0.00021402675213062772,4.192961270077511e-05,0.0001897243782877922,0.00024396367123517837,8.875398651668129e-05,0.00015993742272257805,3.403679976905945e-05,1.3310018118972353e-05,2.115964889526367e-06,0.00034234371621461035,8.354308868273319e-05,3.7904828786849976e-05,0.00033418030626666817,2.4293028111364683e-05,7.1730464696884155e-06,0.0001977649061658815,0.00014026446116897212,5.9344805777072906e-05
207,7.936011528014708e-05,6.433421958888796e-05,0.00025194790214300156,0.00021439650400767452,6.57414192039088e-05,5.658203735947609e-05,1.0070797081141586e-06,2.373722450045579e-05,4.4330954551696777e-07,0.00017045804877936777,5.22114061450446e-05,0.0003781430423259735,0.0003300467564469889,0.0004904353329748413,0.00013500265777111053,0.00035998418384691755,0.0004434983573311929,8.140038698911667e-05
208,0.0004683775787728134,0.0001544892585621585,0.0005189832299947739,0.00026994394052980153,0.00020785541003504396,0.00012030592188239098,4.661096072516163e-05,2.7077096494705806e-05,1.7601996660232544e-05,0.0001209277692345162,0.00027138463702260085,0.0007200045511126518,0.00013426406840191807,0.000760789195253752,0.00023286417126655579,0.0001679924848436154,0.0005385127023841349,0.0005410434678196907
209,0.00025569891428739444,0.00021271655959775176,0.00013121124356985092,0.00028578366111370324,3.087899948753248e-05,0.00021601375192403793,3.828313166529332e-05,5.020951104039821e-06,2.2705644369125366e-05,0.00014953608390200213,0.0004643937478722507,0.00038702134042978287,0.00022684872339563678,0.00013814389572408808,0.0002878401428461075,0.00041343498531662415,0.00012396808534181208,0.0007517626509070396
210,0.0004577588603210253,5.780681997907822e-05,0.0003025345504283905,0.0004948141740098305,4.618404831756989e-05,2.7389731258153915e-05,4.087805481538427e-05,1.9311734860965636e-05,2.446770668029785e-05,0.00010129967105014515,0.0006388023682055363,0.0006361976265907288,0.0003276830923579499,8.114030174024948e-05,0.0003443937748670578,0.001357233687381998,2.6727002524241927e-05,0.0005378341302275658
211,0.0007871385836404204,1.682813372351835e-05,0.0002378951758146286,0.00027525838436286143,2.7845474441481194e-05,0.0001955186016857624,3.2798437398529404e-05,8.07853162376488e-06,4.2691826820373535e-06,0.0005228221677676809,7.737297440781749e-05,0.00012658815830945969,7.905339938016342e-05,0.00031768171977487793,0.00012282002717256546,0.000491513749738548,8.851250880095862e-05,0.00015555694699287415
212,7.66558589432309e-06,4.441426924078548e-05,9.234994649887085e-05,0.00011287615576019427,0.0002037498235090661,0.0003361492417752743,1.1164213876186865e-05,2.9621799877348025e-05,3.629177808761597e-05,5.451974260786696e-05,0.000233385270523849,0.0006229151040315628,0.0006329996948783445,0.0002641261121313753,0.00025885365903377533,0.0007130593965921639,0.0006415841068112133,0.0007783882319927216
213,0.0003027782586806499,6.603379864397046e-05,4.372745752334595e-05,6.196358105717281e-05,2.532736288077264e-05,0.0001351628452539444,6.585783173353524e-05,1.3700364273681702e-05,3.1501054763793945e-05,0.00010965678586495609,0.0002315762089150908,0.0004208683967590332,0.0004030600192770212,2.6827696444008467e-05,0.00013138819485902786,0.00020200395062042187,0.0001531680047429096,0.0008391449227929115
214,0.00011603668705462145,2.3386648263769294e-05,0.00018915534019470215,0.0003138354330929488,6.921841720063798e-05,0.00018206238746643066,7.144878374901187e-05,2.3185612342828572e-06,7.849186658859253e-06,5.8550034641696724e-05,0.00012685704693399247,0.00021767523139715195,0.00040792506529442607,0.00013405556629543687,0.0002475213259458542,0.0005357547343864955,0.00017082444317267909,0.0006112596020102501
215,4.071438955091655e-05,0.00046023868660492046,9.826570749282837e-05,4.520527284748721e-05,5.376366276294703e-05,2.8884969651699066e-05,3.5196317878821715e-05,3.8051730242811416e-05,4.6700239181518555e-05,0.0003480006708600769,0.0005799856173549917,0.0008663926273584366,0.0002900047347217244,0.0002211425114404756,0.001053541898727417,0.00133711226967001,0.000790178345159584,0.0011552991345524788
216,0.0005693920688215753,8.725615312906582e-05,0.00016182009130716324,0.0010462669996622875,6.459256801736105e-05,4.329578951001167e-05,4.7589259125841235e-05,3.1633837192098294e-05,4.661455750465393e-05,0.00036451596364729666,0.00032401924532841214,0.000576418824493885,0.0006819713118571824,7.986078892583716e-05,0.0008425051346421242,0.0016663277253310405,0.0005923720905087332,0.001326361671090126
217,0.0005363470906806916,0.0001279359299678623,0.00045446865260601044,0.000531100579115637,5.6728673191588225e-05,0.0005044215358793736,3.0502039165530154e-06,5.9748048907991465e-06,2.8535723686218262e-05,0.000379002260661801,0.0002087103053006953,0.00028794724494218826,0.0007033999181335765,0.0002624704028119512,0.0002510193735361099,0.0002944629891844519,0.00027733902972793684,0.0007675541564822197
218,1.3190894118303431e-05,0.00028491877173304064,5.797389894723892e-05,0.00019458907888429688,0.00011971045044670628,0.00014094403013586998,2.425823419972828e-05,1.1584052559291801e-05,1.7169862985610962e-05,0.0003945309741296421,0.000130541922453771,0.0001752767711877823,0.00010114924193825592,0.00019466191835000243,0.00015323888510465622,0.0002483275183774447,0.0002841231314189632,0.0004620766267180443
219,0.0005213136787049211,4.0595726320216685e-05,0.00012218020856380463,0.000292610599706547,0.0003347342003441403,1.2952834367752075e-05,7.220077052654678e-06,2.1713779458853825e-05,7.808208465576172e-06,0.00031460742485904525,0.0003120233193974059,1.0340474545955658e-05,0.00034391263555363927,0.0006065259207520607,0.00019666273146867752,0.0003968987629777154,0.0004559572959174571,0.00023089535534381866
220,0.0002053024520730362,0.00012024029651196144,0.0001360354945063591,0.0008642139231676005,0.00028419700518371796,6.7178625613451e-05,2.9527403919375056e-06,8.836894849984823e-06,1.5877187252044678e-05,0.00030937809116013404,0.00010252570070860834,0.00030547939240932465,0.0008412758237969498,3.3883927271732665e-05,0.0004652952775359154,0.0008702365817689073,3.0370109115114563e-05,0.0009227944537997246
221,0.00027534920934167706,0.000226301130784156,0.0003512818366289139,0.00010229454753549194,5.145924724354878e-05,0.00030262675136327744,2.3041315290479175e-05,6.721334410314007e-06,5.555152893066406e-05,0.00035563105523894745,0.00010098977221582872,0.0004973560571670532,6.778063185282346e-05,4.155647115682958e-05,0.0005889097228646278,0.0003451948419092299,0.00011115188851042179,0.0014187432825565338
222,0.00100082896255832,0.00016627456960764675,5.601905286312103e-06,0.0010367589467197291,0.00014005092207894365,3.765197470784187e-05,1.8064505318068566e-05,9.912661558464635e-06,1.6264617443084717e-05,0.0007876305514114418,0.00037329264187568184,0.00013777147978544235,0.0006547100859125438,0.0001052406161761131,0.00018920749425888062,0.00014393057696254763,0.0003152598802655046,0.0003599366173148155
223,0.0007519811471570492,5.0726868052627244e-05,5.450937896966934e-05,0.0007400711467675236,0.00013484840700370496,1.455424353480339e-05,2.799878425147756e-05,3.392284588135414e-05,2.2042542695999146e-05,0.00018670865136605208,0.0005040417185799423,0.0004239985719323158,0.00025708862494508433,7.074710087793742e-05,0.0004939613863825798,0.0007917677673001111,0.0005140315939153317,0.0003455560654401779
224,0.0007492440494250574,0.00020360050878906466,0.0002201637253165245,0.0004060418487755735,0.00018026456053965578,0.00015603052452206612,5.3973737666046864e-05,3.0405185982010884e-05,9.190291166305542e-06,4.8533392323746316e-05,7.118457616347995e-06,8.952990174293518e-05,0.00022352219206471513,0.0004394512105500995,1.3109296560287476e-05,2.5588771595835835e-05,0.00041731202418757857,7.094629108905792e-05
225,6.831648935953782e-05,6.811861338572311e-05,0.0001509217545390129,0.0001468005208607459,2.7114926569430514e-05,0.00022464385256171227,1.2965397205114484e-05,1.112174082080336e-05,1.977384090423584e-05,0.0002115726297300391,0.0006009505266832832,0.0003123888745903969,0.0006745465976952386,0.00019431425895454196,0.00025943852961063385,0.0005863108805753692,0.00023392834287456338,3.130268305540085e-05
226,2.4235980128781143e-05,0.00014579744777791503,0.00022287294268608093,0.0003841511248350443,0.000190791363886042,0.00022764503955841064,8.073965176125242e-05,1.2603388576698515e-05,1.6279518604278564e-06,0.00014582247901154255,0.00033601055861415957,0.00022570788860321045,0.0002974798128615036,0.00026899624131715167,0.00026133283972740173,0.0001789367957476251,0.00015684996870837103,0.0003160545602440834
227,5.232835542198777e-06,0.00013673044657400157,0.0004945453256368637,0.0002205627526503523,6.199306230048052e-05,0.00028753746300935745,2.21608165617785e-05,1.3842111762805628e-05,2.1360814571380615e-05,0.0004192307002622714,0.0002184160396391452,0.00030670128762722015,0.00042492360112417193,0.00019422804875927208,0.0005803843960165977,9.959919115040683e-05,0.00024275909273213658,0.0007973667234182358
228,0.00040960987522434267,5.567044039401017e-05,4.607904702425003e-05,0.0007400219777531913,3.4238098381010607e-05,0.00013951444998383522,2.722639812369025e-05,1.949705845515938e-05,2.5216490030288696e-05,0.0003248412802208944,0.00023514470602736814,0.0004786364734172821,0.00045090012034892935,1.3477222109465822e-05,0.0006441380828619003,0.0012274374661090381,0.00018004409970848873,0.0007662652060389519
229,0.000408292898186724,8.315883300967844e-05,0.0003320705145597458,0.0009481719854096265,1.978376270865556e-05,0.00039464421570301056,3.5461272586760975e-05,3.3933561187555507e-06,3.2529234886169434e-05,0.00042191730115775927,1.4503464233830976e-05,0.00019460730254650116,0.0010850707189825337,0.00020362951138700597,0.0001280391588807106,0.0008875690680535675,2.659943999241271e-05,0.00018980633467435837
230,0.00022264000863737865,3.3932393705686514e-05,0.00037376023828983307,0.00031823350580971466,9.248951506635184e-05,0.0004592002369463444,1.401579749490782e-05,1.2118912192625887e-05,4.431605339050293e-05,0.00036344619919453924,0.00034276751990983817,0.0006120000034570694,0.0006157573376276149,0.00016596778313188523,0.0005409205332398415,0.0006982279004777991,0.00022031258333733705,0.0007924847304821014
231,3.885030188539862e-05,0.00011269835075734813,0.0004206765443086624,9.833220287958078e-05,0.0001702973973245689,0.0003957822918891907,1.1666365636698456e-05,2.9457899810969752e-05,4.1797757148742676e-05,4.318751380767705e-05,0.000616893044728957,0.0006302287802100182,0.0005204349201343023,0.0003267050058997469,0.0006875544786453247,0.0005731374784372079,0.00045735831251203507,0.0009213890880346298
232,0.00046721233029679843,9.106707031929923e-05,0.0002838652580976486,0.0004947384424792145,0.00017570595081756873,0.00022590626031160355,2.5470922863143203e-05,1.395056607489788e-05,1.9993633031845093e-05,0.0007626895685591412,0.0003058595602278488,0.0002879742532968521,0.00025346453582369977,0.0005140744184180205,0.00035357754677534103,0.00011429060634196575,0.0003484115971058993,0.0006016809493303299
233,0.0005856915633773024,7.847758095470142e-05,6.4091756939888e-05,3.397532070890941e-05,0.0001429880994098208,1.7742160707712173e-05,1.8853388787274175e-05,1.1303889623608555e-05,7.446855306625366e-06,0.0006859776714050608,0.00030256113492186515,9.306240826845169e-05,0.00010530481014960069,0.0002894240305289456,0.00016358774155378342,0.00039584608083018114,0.00038553397641069576,5.587935447692871e-07
234,0.0002939849668628647,0.00011049889744267627,4.614982753992081e-05,0.00019656712093046869,0.0001240435350629912,1.6979873180389404e-05,2.3456265960012518e-05,1.3481798103425445e-05,1.9002705812454224e-05,0.00011723028251568735,0.00011189410754029738,0.0003192359581589699,0.00015965762469637157,0.00021367082556559246,0.00019872095435857773,0.00016289042834768952,0.00017534243991126908,0.00045296549797058105
235,0.00018189239559811277,0.00012752371524057254,0.00017097126692533493,0.00035314291217111715,6.371851022153596e-05,2.8098467737436295e-05,9.47999105560017e-06,1.882910782327824e-05,1.8887221813201904e-06,0.00028791383242390833,0.00038081519678564296,8.962396532297134e-05,0.0003858442225880693,0.0002678425848194133,0.00012757256627082825,0.000469750102477573,0.0003909076545223142,9.929109364748001e-05
236,0.00013538757548695046,4.185541215822458e-06,0.00020661856979131699,0.00014857843744922605,0.00016606771157694905,0.00010626204311847687,5.2059293933100215e-05,5.5948386025784363e-05,7.424503564834595e-06,0.00013762855695102771,0.0010300756717710607,0.00033009983599185944,0.00037825503885130507,0.0008558586320896386,9.639747440814972e-05,0.00019116390928078375,0.0010778976803949777,0.00025251880288124084
237,0.0005709838058052946,0.0001460964427805779,0.000533001497387886,0.0005008982451246841,0.00015981441282876888,0.00010034861043095589,2.802825695219502e-05,6.742769881468548e-05,4.023313522338867e-07,0.0002914380452110621,0.0009036154621679601,0.00031398702412843704,0.00017517204096034744,0.0010885778899659805,0.0002886718139052391,0.00025329019360326166,0.0013193588275816903,0.0002931589260697365
238,3.277380192193147e-05,0.00012536689824426198,0.0008183130994439125,0.0005342723992066423,0.0001295304993641222,0.0004710438661277294,1.0819311062964035e-05,7.537554020096548e-05,4.330649971961975e-05,0.00039080372172174693,0.0013139875212738045,0.000147184357047081,0.0009283424406798801,0.0009776444228756127,0.0006622709333896637,0.0007867323884342137,0.0012983427575639916,0.0009352704510092735
239,5.222887170459878e-05,4.7788138563403804e-05,0.0009044148027896881,0.00024090563701047174,8.485565585355376e-05,0.0005685207433998585,3.572923638132594e-05,6.441896830307933e-05,2.9668211936950684e-05,0.000359322091176284,0.0011431889074939167,6.07222318649292e-05,0.0008432420276554553,0.0010241968508065413,0.0003988407552242279,0.0006426225731878676,0.001096829223119461,0.0003954637795686722
240,6.251647843527608e-05,0.00011843771263026978,0.000479171983897686,0.00044290821098996735,1.1012547239161452e-05,0.0003113485872745514,3.1011898076383285e-05,4.588090558001537e-05,1.629069447517395e-05,0.0003415351709891712,0.00041325146734672025,0.00012631621211767197,0.0004200320418325937,0.0003249281872735668,5.467236042022705e-05,0.00046969131760132843,0.000744064477547976,3.8081780076026917e-06
241,3.0400757334569928e-06,5.306487283897321e-06,0.0003514569252729416,0.000628609407168676,0.00025836716744747495,0.00010465318337082863,6.241024413627949e-06,4.245672633711997e-05,2.0779669284820557e-05,0.00018110834958715016,5.894570342691863e-05,0.000650530681014061,0.0002509938751472651,0.0005537678059116145,0.00035335123538970947,0.00047515693598865205,0.0006441031055422208,0.0006229085847735405
242,0.0003618565141866592,0.00021733077207714696,1.4780089259147644e-05,0.00044532254341986266,0.00016826747315087237,0.0001060357317328453,4.8754733517335225e-05,4.4071826365724674e-05,3.766268491744995e-06,0.0007027053742005018,0.0007962286038851463,1.745019108057022e-05,0.00035532667619109226,0.0007424671380470305,0.00013248436152935028,0.0005033947145165474,0.0005603457626965763,0.00031599029898643494
243,2.8655895987647617e-05,0.0001728396310161813,0.0002833092585206032,0.000498562988913695,0.00037083065294691783,0.00016306433826684952,9.790786969574375e-05,6.445102569683538e-06,2.767890691757202e-05,0.0004897287986637688,0.0004525947128677238,0.0003325287252664566,1.3625287491617066e-05,0.00036882321611758726,0.0002257823944091797,0.00023190830634065018,0.0005161024912582468,0.0003288835287094116
244,3.822628848651477e-05,0.00015681028467147765,0.00032050348818302155,0.0006158894520977148,0.00031123666085177207,0.00023453915491700172,2.3273812229515287e-05,1.5460852661111114e-05,1.656264066696167e-05,9.329452906005342e-05,8.742350891650236e-05,0.0003361999988555908,0.0002469792123242637,0.0005849933605953919,0.0001976601779460907,0.0006040047295900186,0.00045692853523729426,5.774199962615967e-08
245,0.0005903338830531984,0.00032252278621571623,0.00016905926167964935,0.0001102033846652195,0.0003309567759068252,0.00022380473092198372,5.1624003269894886e-05,2.2088621047522405e-07,4.634261131286621e-06,7.249221979772902e-05,0.0002391787030591383,4.576239734888077e-05,0.00011233688284016663,0.00017307500988671034,0.00010402780026197433,0.00036288809728951543,5.6497128744247005e-05,6.503146141767502e-05
246,0.0005747126160795535,0.0003715739270519283,0.0002122875303030014,0.0004941459654262403,0.0003309732604891147,0.00039715319871902466,4.2055868783674386e-05,2.545932026148945e-05,3.4984201192855835e-05,0.0006023921528090365,0.00046545336120903946,0.0005500791594386101,2.328251824397498e-05,0.0004113710028498885,0.00029839295893907547,0.000831645318244506,0.00034608878137367544,0.0004945322871208191
247,0.00014073216777779618,4.4374725132516335e-05,0.00016793143004179,0.0003377116692149795,0.00016155988496429144,3.460794687271118e-05,3.9232658468770984e-05,3.5925406339760036e-05,7.990747690200806e-06,0.0003015200129503348,0.0001543431645844376,0.0005824025720357895,9.109758951171554e-05,0.0010058646166515393,0.0002640495076775551,0.0005216208398597932,0.00045604455835053515,0.0004479987546801567
248,0.00034853692221710475,2.386054970755086e-05,9.338557720184326e-05,0.0005809604238505017,1.0302638045824736e-05,4.869746044278145e-05,7.983847923474091e-06,1.8863903487351813e-05,1.1231750249862671e-05,0.0004356322922700051,9.678782242051459e-05,0.00029756035655736923,0.00024329859083918604,0.0006717467083848109,0.0002273591235280037,0.0007294544904597189,0.000273575969445522,0.00039691850543022156
249,2.6644843691817077e-05,0.0004233388895382023,0.00016531627625226974,0.0001822941709955228,0.0002006078274734216,8.965609595179558e-05,8.229067101893882e-05,9.219602546271972e-06,1.2297183275222778e-05,1.170260044022764e-05,0.0001615284452288271,0.00018731504678726196,0.0008291596981097188,0.0002007439554152883,0.00029543135315179825,0.0008874610425025631,6.704543647567673e-06,0.0005738260224461555
250,0.0008200840450498931,1.5414364635115557e-05,0.00031820498406887054,0.0007112409395272912,2.35481676136573e-05,0.00018841540440917015,0.00010396057078103545,2.2321928724203504e-05,1.529976725578308e-05,0.000567826955936504,0.0005408708763673317,5.187466740608215e-05,0.0009688048882023625,0.0005770442768989652,0.0002430090680718422,0.0011719841910814155,0.0007940372937969287,0.0005595777183771133
251,0.00010639839144432894,0.0003095931155605823,0.00035617221146821976,0.0013956538236445243,0.0003168003714901155,0.000182347372174263,4.855842400906113e-05,3.775842948148091e-05,1.912936568260193e-05,0.0008574360687595567,0.0004712831700939696,0.00040789227932691574,0.0005323109545547211,0.0011950809532414236,0.00015465449541807175,0.0002504882298665634,0.0008083310017392292,0.0003060717135667801
252,5.297428999605225e-05,4.2562776129517754e-05,0.00014061294496059418,0.00020495920244620325,0.0001469752562039718,0.00010218098759651184,2.3182379913277984e-05,3.0021748911412786e-06,5.125999450683594e-06,1.054611339919298e-05,3.0195243179924336e-05,9.282305836677551e-05,0.00019713364396124755,2.645060202825702e-05,4.374608397483826e-05,8.196257741421853e-05,8.273393798385875e-05,0.0002471655607223511
253,0.00014631113447072241,9.262060774870712e-05,8.60532745718956e-05,0.0003145341841684912,9.585006178464833e-05,9.778840467333794e-05,2.2454695706049937e-05,1.0823215499062254e-05,1.8436461687088013e-05,0.0005122106906314816,0.0005393626694272027,0.00010573957115411758,0.00015839210056539654,7.141534497633918e-05,0.00011662393808364868,0.0002472393317099475,0.00011522645367101347,0.00025129783898591995
254,0.00010032077298030573,0.00018620869310061183,0.0004814146086573601,3.3955134672997156e-05,0.0002743239912327833,0.00022491486743092537,2.5470595188675782e-05,4.0129829444525075e-05,8.337199687957764e-06,0.00010598508241442539,0.00042134824246244096,0.00027759838849306107,3.596677614192689e-05,0.0006665609416786509,4.509184509515762e-05,0.00011310730479005549,0.0007682897711685927,0.00010892655700445175
255,0.00015186031702972558,4.441951111117809e-05,0.00012979935854673386,0.00017486075924678934,0.0001564801628974287,0.00016188900917768478,1.2893388958958724e-05,2.1333500888358684e-05,1.296401023864746e-06,0.00014943260174112016,0.0006152671790509365,9.539816528558731e-05,0.0002606672118201786,0.00023195498690668868,0.00011445675045251846,0.000444958296794723,0.0004298483728842617,0.00022941455245018005
256,0.00041893184394010963,8.209589422691205e-05,6.090104579925537e-05,0.0005106433450358799,3.614480937769865e-05,1.0044313967227936e-06,4.1292387562218494e-05,1.1656851729318664e-06,7.212162017822266e-06,0.00047155445823925113,0.00016455733806147038,5.4200179874897e-05,0.0008592774181617191,4.611741823426496e-05,3.1706877052783966e-05,0.0008123669828324076,6.134349420963692e-05,0.00020445697009563446
257,0.0005125752502945918,0.0001190654539722398,7.441826164722443e-05,0.0009452462030709596,0.00014682253729067507,0.00017913104966282845,3.7465910318959517e-07,3.150474112281407e-05,2.9843300580978394e-05,0.00025979970240708194,0.00016549386915980235,0.0005762465298175812,0.00025532688611244747,0.0003866659591780794,0.0004937509074807167,0.00048047080201485404,0.0004264639822032512,0.00034985505044460297
258,0.00039026562858968106,9.74660708488069e-05,0.0003885170444846153,0.00023508752970843871,8.324004557060116e-07,0.0002232436090707779,4.6912160253587826e-05,1.903016778413355e-05,3.339722752571106e-05,8.070282011060637e-05,0.00047865473987889623,0.00041837338358163834,0.0001311101997146097,0.0003179027956486816,0.000649038702249527,0.00035469500087897954,0.0004355572681364467,0.000797642394900322
259,0.0003543476713552818,0.00012261344141011044,0.00018340162932872772,0.0002739314114654362,3.21846963470436e-05,0.00020749494433403015,4.940139753754555e-05,1.8900913748226902e-05,8.054077625274658e-06,5.435189219443748e-06,0.0006993684846339498,7.60052353143692e-06,4.511757118161319e-05,0.00017907726893115136,4.392396658658981e-05,0.0003987328586805283,0.0003637422864915113,0.00012943334877490997
260,5.742904897580725e-05,4.989415478476311e-05,3.334134817123413e-05,5.357869979003005e-06,0.00010837744265149163,2.469867467880249e-05,4.359337737427221e-05,5.2361362480688595e-08,3.259629011154175e-06,0.0002289384615483392,0.00036778531567523837,4.626810550689697e-06,0.00025882374235594585,1.7525100062606644e-05,9.540468454360962e-06,0.0008847849629445848,1.5745561090060867e-05,0.00030656903982162476
261,0.0002564921311209306,3.15840113010446e-06,0.0004031723365187645,0.0005455994395526659,2.8871620088879307e-05,0.0002811630256474018,1.1742408231440321e-06,8.210079902344972e-06,2.0381063222885132e-05,0.00044935986075943235,0.00029764076072173046,4.081055521965027e-05,0.0002800442324759622,5.5648820659785075e-05,0.00016495678573846817,0.0006423352888849099,1.2887826621010845e-05,7.786788046360016e-06
262,0.00019026254927270725,5.7294868979963776e-05,0.0002608262002468109,0.00023324919688696988,1.3996244112197964e-06,0.00022798357531428337,7.672232437439322e-06,1.7665088978221534e-06,1.471489667892456e-06,0.00040047559344791317,0.0002058805173240849,3.0239112675189972e-05,0.00035879130701151063,0.0001986643921531835,1.4220364391803741e-05,0.0005949623105545032,7.640134254785491e-05,2.5724060833454132e-05
263,0.0002903545172802946,0.00014540383096987158,7.982458919286728e-05,0.00023961749228081086,0.00016703354935510353,1.631118357181549e-05,3.1783036151531927e-05,2.0168102418290524e-05,1.0855495929718018e-05,0.00018389220429106123,0.00026623439499141865,7.804576307535172e-05,0.00014168955645772752,0.0003067027175834621,0.0001811319962143898,0.00028404301562140466,0.0002863091314634081,0.0002917340025305748
264,0.00019948350606098508,0.00011579851785524509,0.00022236723452806473,0.00011893966509378406,0.0001873020747356277,0.000127492006868124,2.024681166934786e-05,1.1352772249681366e-05,2.0205974578857422e-05,6.286574780385579e-05,0.0003944525431574114,0.00012198556214570999,1.1439528128251442e-05,1.5425890037816352e-05,0.00027405843138694763,0.00042868139233054325,0.0001964922689269774,0.00035263318568468094
265,6.151663223506743e-05,2.590385728170122e-05,0.00014387257397174835,1.6203638215819827e-05,4.103077957600884e-05,1.5848316252231598e-05,5.8293447321115105e-06,6.443987841561662e-06,9.6149742603302e-06,0.00013333105403127987,0.0004168234369307383,0.00018599815666675568,0.00019286144638473723,0.00034332481869242103,1.0649673640727997e-05,0.0006813382234898135,0.00011218323814379122,7.238145917654037e-05
266,0.00022447498201262628,0.00012525635398605295,5.2629970014095306e-05,9.024413507287277e-05,1.433175658558175e-05,3.910204395651817e-05,2.977497707252509e-05,6.301897451078085e-07,1.1038035154342651e-05,0.0002479367650215225,0.00014075017783161253,0.00023353006690740585,9.536831844630944e-05,4.0218830615732296e-05,0.0001278519630432129,0.000323060533492181,4.7907771046060144e-05,0.0004210611805319786
267,0.0001769855107154883,0.00015288221478848563,0.00022314023226499557,0.00022927344497829238,0.0001280620454930624,0.00014577945694327354,9.61796115054106e-06,1.615147759928548e-05,8.977949619293213e-07,9.502144075637653e-05,0.00011040645993925374,0.00020729191601276398,0.0004828595479707404,5.6721146557817126e-05,0.00010928791016340256,0.0004373157621923307,0.00024157224787431375,0.00019155442714691162
268,0.0003569980542074136,0.00023660814764836155,6.31110742688179e-05,0.0003945940156389466,1.7516774176988548e-05,5.167583003640175e-05,2.1392690265241085e-05,8.165897030449135e-06,3.3561140298843384e-05,7.14025487028036e-06,0.00013960569043965088,0.00029705092310905457,0.00018633248095378807,0.00024175893018675391,0.00011302251368761063,0.0008539951947826308,3.351632561573309e-05,0.00022893492132425308
269,0.00011860529402470121,8.631601394464006e-06,0.0003376854583621025,0.0005794766606739971,0.0001093134501115936,0.0002577095292508602,9.882557485789423e-07,1.675076819413271e-06,2.65464186668396e-05,0.00041715321014663964,0.0007190086181840805,0.0007493654265999794,0.0003616386570953617,0.00020727665984260086,0.0006595728918910027,0.0002028071221818195,4.508315940014024e-05,0.0003735767677426338
270,0.000559881551645422,7.270427461422008e-05,0.00016954820603132248,0.0005345149409001493,8.176192145848207e-05,0.00013296259567141533,3.1189088264809567e-06,1.0944923061193164e-05,1.9725412130355835e-05,0.0007298631818508927,0.00020670634028930462,4.591606557369232e-05,0.0004041860701591987,0.00018185563205804986,0.00010907836258411407,0.0005148037522087201,3.472921610007951e-05,0.0004072282463312149
271,9.761699184783479e-05,0.0001340083631631156,2.412591129541397e-05,2.210236561850376e-05,4.540751920131467e-05,3.3449847251176834e-05,1.154704424929931e-05,2.8776817163900237e-07,7.450580596923828e-09,0.0004938610358839607,4.229720728557429e-05,0.00017965398728847504,0.0003918209722528626,0.0001540015624826958,0.00012017972767353058,0.0004211722541142271,4.867177562778435e-05,1.6364268958568573e-05
272,2.97266983867589e-05,0.00034604023437298514,8.386373519897461e-05,0.00019676098148829757,0.00012262667323569704,0.00013271113857626915,2.103477716874913e-05,2.7957139283930205e-05,1.3809651136398315e-05,0.00028429767876338163,6.727594430232242e-05,0.00040522776544094086,0.0002682251029316879,0.00029474877043084765,0.0001378227025270462,0.000576545483008728,0.0004425890097132998,0.0005519948899745941
273,0.0004168195162235072,8.918675860206116e-05,0.00032279640436172485,0.0007852433579966095,0.00012592326527977732,0.00011304393410682678,2.1931729927253396e-05,2.654715531382086e-05,9.015202522277832e-07,0.0005168993401428595,0.0005427219591863167,8.842628449201584e-05,0.0002157113820954043,0.0004973363766473974,0.00013707391917705536,0.0007372369191840089,0.0004190162908479164,0.00022424478083848953
274,0.00022058905747678048,4.173106439794155e-05,8.68597999215126e-05,0.0004387018310504781,0.0001174868203165022,0.00027678580954670906,6.00085854850739e-06,8.951131306337862e-06,2.0265579223632812e-05,0.00041226602842940607,0.00013001143232480722,0.0002488996833562851,0.0007924916523795039,2.8886283073712576e-05,9.532086551189423e-06,5.9816449148097917e-05,4.2191309299013935e-05,0.0004793275147676468
275,0.000611563838384524,2.779064978482987e-05,2.724025398492813e-05,0.00045075178364813173,4.328851680378623e-05,0.00018660351634025574,6.005954893274247e-05,4.27932413199013e-05,1.8365681171417236e-06,0.00021562230375019031,0.0012332094283390369,0.00019581802189350128,0.00039981501282425336,0.00021317685637565857,0.0004224870353937149,0.0007020512038446447,0.0007832654682684431,8.76113772392273e-05
276,0.0004129460360582926,1.3257675253508516e-05,2.7031637728214264e-05,0.0001124539822503351,6.414042537699824e-05,0.0002500994596630335,4.142376930467602e-05,2.893964877280497e-05,4.750490188598633e-05,0.00020253237952878866,0.0005555006552521724,0.0008139321580529213,0.00014565417253048496,0.0002944341152851318,0.0005081882700324059,0.0015161665126319779,0.000401305649747892,0.00096870306879282
277,0.0002514904481884239,0.000606488678873033,0.00035272352397441864,3.849456782389904e-06,0.00014172683675620426,0.00011517130769789219,1.7808760324929118e-07,2.6736694301434782e-05,4.49642539024353e-05,6.440446037338232e-05,0.0007261280239387047,0.0011818381026387215,0.0011088293085553258,0.0017424713665221865,0.0009836433455348015,0.0005093352219742164,0.0005198722718995699,0.0007027033716440201
278,0.00015348067673202903,8.576909691934698e-05,0.0004520583897829056,0.0001462780517793444,2.4431764071009693e-05,0.0004975064657628536,1.306712003341752e-05,2.3702824293077383e-05,3.215298056602478e-05,0.00018021879817696485,0.00046857374911900285,7.733702659606934e-06,0.0004553529676140783,0.00025700753048130305,0.00011736806482076645,0.0006906273203251545,0.0005463379454275219,0.00014473777264356613
279,2.7916550093959325e-05,0.00016611561751430498,0.00037308037281036377,0.0001959801146216994,0.0001319092256904901,0.00022818008437752724,2.4991926465493114e-05,1.8591985249795905e-05,2.423301339149475e-05,9.687621222394249e-05,0.0001993440416023437,3.536976873874664e-05,7.827927377621058e-06,0.00012023513876164692,0.00024025887250900269,0.0005973615411362931,0.00030127394586586254,0.00023275427520275116
280,0.00028357658273418795,3.0075713472195453e-05,0.00017880182713270187,0.00011856071083103659,1.6227041020822758e-05,0.0005075195804238319,4.7712919413030186e-05,3.35609987713089e-05,2.4471431970596313e-05,8.145876378887196e-06,0.00029319851688236476,0.0006031608209013939,0.00014824132846427696,0.000413388716234123,0.00017291121184825897,0.000122592651090353,0.0005885479478085348,0.0007932679727673531
281,0.00020698764182791596,7.845795294891475e-05,9.042955935001373e-05,0.0009781407066256492,0.00013070611912690752,0.00040696305222809315,4.792594274066059e-05,2.0848623731619265e-05,5.256757140159607e-05,3.700357319309788e-05,0.00030390797235159417,0.0005671647377312183,0.0005464962435201837,0.00043467354617674706,0.0001224316656589508,0.00018172985116565732,0.0004658630921172899,0.0007906127721071243
282,0.0004243487740336199,8.865985601982929e-05,0.0006810519844293594,7.178759859512163e-05,6.300268978881932e-05,0.0006257806671783328,8.136990516107237e-06,3.0667704878375134e-06,6.242841482162476e-05,0.0005138438184580096,0.0008835148049561523,0.0005870843306183815,0.0004943771327203389,0.0003148944053788577,0.0007078777998685837,0.0008415969961703962,0.00011476959261789293,0.0012536486610770226
283,0.000283386181937198,0.00028134255560616217,0.0006080446764826775,0.00011741118063113287,0.00010339285486176547,0.0003427875926718116,1.6946052318663613e-05,3.8418619171517576e-05,4.2323023080825806e-05,7.4586031570539335e-06,0.0006786556070807401,0.00019490858539938927,0.00016795333000478585,0.00020596731198333114,0.0005901269614696503,0.00020157854022420651,0.0005036924944415155,0.0008788835257291794
284,0.0005084188892345576,0.00030078562985278584,1.0281801223754883e-05,0.00037612849357107625,0.00020916660421940736,0.00022161845117807388,2.0245100088626955e-05,3.746543808921983e-05,1.4718621969223022e-05,0.0008375544806018542,0.0008842402693769735,0.00033012498170137405,0.000548589430469093,0.0008780505831329811,3.6289915442466736e-05,2.9401732559330984e-05,0.0008218813253381002,7.168389856815338e-05
285,0.00014164707877672988,4.048441644109724e-05,1.7072074115276337e-05,0.0004249783312793437,0.00013253017414808013,0.00013377773575484753,3.997749082118411e-05,2.405897647717991e-05,1.3399869203567505e-05,5.445127698928964e-05,0.00011111525189338306,0.0001486404798924923,0.0006504039194442784,0.00013828425411523473,2.865958958864212e-05,0.00014267822882654824,0.0003901976782372113,6.966292858123779e-07
286,0.00013801792041169547,1.0045524354736907e-05,0.00010572373867034912,0.0004405170145013043,0.0001541240358429695,4.2127445340156555e-05,4.0013580628325135e-05,9.395035838600466e-06,2.5238841772079468e-05,0.0006074626271695416,0.00043169639487711936,0.0002925158478319645,0.0007419010736446352,0.00024369480589368428,0.0003484142944216728,0.00033056647408144513,0.00030290970812245355,0.0007255738601088524
287,0.00017067219628083552,2.083922486821252e-05,0.00020977668464183807,0.00041372003701353743,1.4714583400184805e-05,0.00015283189713954926,3.8220656360355224e-05,1.695165703892356e-06,6.932765245437622e-06,0.00023296385499625705,1.2604076021834054e-05,3.255903720855713e-06,0.0003156144512719006,2.5979942049047036e-05,1.4649704098701477e-06,0.0005051810650188449,3.4896588022262365e-05,0.00025520939379930496
288,0.0002820982001834199,8.252106979878687e-05,0.00046837329864501953,0.0004624495622081032,0.00012101236977627924,0.00034143170341849327,1.2074938357722192e-06,1.0849170717216246e-05,4.265457391738892e-06,3.496930735681636e-05,0.00032668802805969205,0.00012878701090812683,0.0003084420430949919,0.00022040629448710075,6.38328492641449e-05,2.3736978397470576e-05,0.00018046622648264232,6.453506648540497e-05
289,0.00024083777089156655,0.000110250058867091,0.00037312041968107224,0.0003018824268707365,9.641744264055063e-05,0.00036113406531512737,1.9211148661619354e-06,8.651615422192518e-06,3.5896897315979004e-05,4.437380980444605e-05,2.247575771355953e-05,0.00044229766353964806,0.00020005671534051306,0.0002575723790324662,0.0005278177559375763,0.00015467192926452156,0.0001406910361100855,0.0007287068292498589
290,0.00024118209501999832,5.700052084340462e-05,0.0003887312486767769,0.00040054140901620017,0.00019514354280462942,0.0006106055807322264,8.438871530293615e-06,5.398417705982121e-05,2.6032328605651855e-05,0.0006728251734139795,0.0004559012335577928,0.000243473332375288,0.0012686837464975509,0.00031216680841783875,8.51508229970932e-06,0.00018792367880660077,0.0009278214299843351,0.0002333410084247589
291,0.00031973013685654417,0.00020336312763143127,8.024647831916809e-05,0.00048548072616277915,3.030527128576946e-05,0.00011884979903697968,2.1747223510603167e-05,2.8223669528301687e-05,1.2356787919998169e-05,0.00023521024645320465,0.0006248193782597694,0.0006835805252194405,0.00011759096806106262,0.0004595859159034245,0.00037362053990364075,0.0010040854615475103,0.0005526940859492679,0.0007632225751876831
292,0.000477141601022274,3.56051636056301e-05,0.00020956248044967651,0.00033725997751067605,9.175651927107245e-05,0.000768460682593286,2.4564237397554228e-05,5.579555009038164e-05,1.1797994375228882e-05,0.0005647575892358536,0.00029023087523341595,0.00016142567619681358,0.0002955195501309904,0.0001353001781853186,0.0004595573991537094,0.00010709240321629676,0.0007147761611177722,0.00014520436525344849
293,0.00010155264047644053,7.869419137204736e-05,0.00024925079196691513,0.00104107796767558,0.0003228948778552544,7.826910587027669e-05,1.8863466129363446e-05,1.4657951563025809e-05,7.491558790206909e-06,0.00035749529846439143,5.217152429623506e-05,0.00015031034126877785,3.466156982961932e-07,0.0005741550519860247,6.520934402942657e-05,0.00039112008869757187,0.00026597576206431606,0.0001546153798699379
294,0.00024834316459676486,0.00016333774006137974,0.0003545787185430527,0.000314346169927357,3.152328703941859e-06,0.00016063498333096504,8.341737319981363e-05,1.875122263603592e-05,3.5651028156280518e-06,0.0005126017075255396,0.0002716555857196837,0.0004107719287276268,0.0003992745381354995,0.0009602886404627402,0.00011782627552747726,0.0013547383659966716,0.0004636168102581245,0.0004459116607904434
295,0.0002758109727815372,0.00022917664700191145,0.0006273286417126656,0.000118054135173018,0.00013517350945021697,0.0003668143763206899,0.00010679237904720994,8.80907047895365e-06,1.0456889867782593e-05,7.272167071148417e-05,0.00020490692508758762,0.00034460658207535744,0.00020951261183674297,0.0005094861513400273,6.203632801771164e-05,0.0005154606052540367,0.00034123698904824085,0.0003570709377527237
296,0.00023590050612207203,0.0001528728614605887,0.0002510473132133484,5.296264583708188e-05,0.00011435237512068264,1.5892612282186747e-05,5.269542256115464e-06,7.830574613912128e-05,3.5021454095840454e-05,0.0002149694837094429,0.0017757308194829777,0.00038984930142760277,0.0004547699561174845,0.0006524262231156156,0.0007935836911201477,5.903666105910865e-05,0.001325458003633484,0.0004971781745553017
297,9.619219282695768e-05,1.3408310026150061e-05,0.00024797581136226654,0.0002425273737671485,1.3295528640506343e-05,0.0002613092656247318,2.1940334078009854e-05,3.461757792005797e-05,1.7043203115463257e-05,6.949457790286773e-05,0.0007860370532493874,2.8405338525772095e-07,0.0003521455546207225,0.0001784382955859528,1.6242265701293945e-05,0.0008442219084550118,0.0006775416585299149,0.0005862647667527199
298,0.0004450083764891144,0.0002599377960660655,5.0691887736320496e-06,0.0004669394304651353,7.404734772413143e-05,0.0002584813628345728,1.8469676179163133e-05,2.8946111801955894e-05,2.370774745941162e-05,0.0004697344585087859,0.0005290233554698931,0.0006794398650527,0.0009882423805997465,0.000633354671064768,0.0003464026376605034,0.0004122520017875997,0.0005921503289994939,0.0003800513222813606
299,0.0005004879677966007,1.075622333006343e-05,0.00021179020404815674,3.27240052737654e-05,0.00036677993929653055,0.0007317524868994951,7.097530855482495e-05,9.749308896302503e-06,0.00010849907994270325,0.0001818228612345818,0.0006947417104079881,0.0013512466102838516,0.0003146443876223537,0.00011421883532737858,0.0006617484614253044,0.0001907765232943559,7.541613556903692e-05,0.0016642995178699493
300,0.0002845506077392562,8.858193840647482e-05,0.00011550541967153549,0.0007132597943061425,3.425051494327855e-05,0.00035475101321935654,4.9249045860812884e-05,5.501184764929385e-05,1.953914761543274e-05,0.00048518120485058214,9.444717766922406e-05,0.0005901081021875143,0.0002534963016027486,0.000529908408024922,0.0003013415262103081,0.0003918611104688774,0.0007524799618046155,0.0007424233481287956
301,0.0006249285262367454,0.0002796286574815038,0.0007949415594339371,0.0010979846404547272,8.72210716618936e-05,0.0006135399671620689,7.833403817849617e-05,2.1763228393865183e-05,7.65286386013031e-05,0.0008607392872679726,0.00039793350130352956,0.0010709043126553297,0.0002922575290283391,0.0008296376048419129,0.0012940336018800735,0.0004939454355049333,0.0004888855584484417,0.002061915583908558
302,0.0001976862048229111,0.00042301921613691756,0.0002206983044743538,0.0009157126313215358,0.00010803925956528321,0.00030606112704845145,2.58243337022436e-06,2.049942107469919e-05,4.462897777557373e-06,0.0005742330310730681,0.00028007101835103576,1.0520685464143753e-05,0.0005838561540249115,0.00033888021658886984,0.00020549818873405457,0.00047008430017334013,0.000424411553564763,0.00020129140466451645
303,0.00014400272789324986,8.68709082639807e-05,0.00017947331070899963,9.824316138629108e-05,0.00029603318485831726,0.0005010879831388593,1.2546980752904668e-05,5.8197653466693366e-05,5.0768256187438965e-05,0.00016768370960464074,0.0008887782767797447,0.0007889652624726295,0.0002291747567071678,0.0007512346086148208,0.00033071544021368027,0.00023704922447909116,0.0009436301316968973,0.0012510735541582108
304,0.0006512624840101927,0.00017443097667814433,3.449060022830963e-05,0.00025809421005999755,4.4518320793197896e-05,9.87282837741077e-05,7.298336120903012e-06,1.9663845905094294e-05,3.900378942489624e-06,0.00016303030916228756,1.3403210701153079e-05,1.2212898582220078e-05,0.0004847222987800909,0.0002476285227517661,0.00017974525690078735,0.0005128272854635074,0.00035596026515453266,0.00021604448556900024
305,0.00036603699878076656,0.00010667106112382391,2.4990178644657135e-05,0.0002359299957512273,0.00016280413893499796,0.0001514405885245651,4.656465715140168e-05,1.0762719942985534e-05,1.4856457710266113e-05,0.0003413553129406194,0.00025299854550541595,0.0002908729948103428,0.0005566248602848073,0.00021908157788720628,0.00013918709009885788,9.810490048373088e-05,0.00031051970258431927,5.644746124744415e-05
306,0.00029524274575255804,7.70107773389768e-05,0.0006244024261832237,0.0001431317821590644,0.00039881781624029333,0.00047724763862788677,0.00013408261690923615,2.1852890473034008e-05,9.573996067047119e-06,0.00014558276494749944,6.330476148667247e-05,0.00031267059966921806,0.00030144128582995644,0.0001789171353764503,0.0002657771110534668,0.00041124378932916317,0.0005189395321909679,5.1097944378852844e-05
307,0.00047711492789238863,0.0002942276810373977,0.0001268591731786728,0.00023870614375809396,5.248264861372476e-05,0.00016346958000212908,2.3556242689889983e-05,2.8604468826975288e-05,8.121132850646973e-07,0.0001962497684968867,0.0009268175231463283,0.00041554728522896767,5.6463567127559844e-05,0.0005867312663395303,0.0005352078005671501,0.0002880099802352598,0.0006173735037572903,0.0002457769587635994
308,0.0008345464146089221,0.0003441295997696388,0.00031745806336402893,0.0007239299688827777,0.00020182894415613287,0.0002447358856443316,5.383369067015094e-05,1.1105896685831458e-05,9.704381227493286e-06,0.0004806476883638666,0.00031160227597641643,0.000459832139313221,0.0006237408366719516,0.0003796248330860943,0.0003759292885661125,0.0008351625158855847,4.3208249585931224e-05,0.00026349350810050964
309,0.00032227243756943746,3.95335200052728e-05,0.00046016741544008255,0.0006577959499371316,0.00026705564390777994,0.00026224381872452796,7.490210147808804e-05,9.177368558926837e-06,1.6994774341583252e-05,0.0001282969801365691,5.891063719550699e-05,0.000364918727427721,7.87482845139853e-05,0.00031045316164478483,8.645188063383102e-05,0.00031843016497704046,0.00033085027360287705,0.00011360086500644684
310,0.0002390119585245487,5.356688719969013e-05,0.0002221670001745224,0.00014044334662431657,0.0003896480466396915,0.00011535294470377266,7.748894717752447e-05,8.263693247701973e-06,2.555176615715027e-05,0.0003872902936618017,3.405162081154128e-05,0.00025397585704922676,0.0002580387517641114,0.00037562943938381204,0.00013665761798620224,0.0003772344360360169,6.624542923070603e-05,0.00020825304090976715
311,0.0010522024309613104,6.800250714182957e-05,0.00032051932066679,0.0007063243985438311,2.3893077499975712e-05,0.00048691636766307056,2.0717658051744997e-05,3.499475029044132e-05,1.2256205081939697e-05,0.0002612684002517157,0.0011981567201518814,0.00024948944337666035,0.0008777139824974745,0.0006819311966797283,0.0005026627331972122,7.571406617054577e-05,0.0005359908356517423,6.204284727573395e-05
312,0.0007750143312720836,3.828471339062736e-05,0.0006642350926995277,0.0009093284208934044,0.0003299203493246812,0.0005537298275157809,9.701825872605527e-06,1.015107768601595e-05,2.987682819366455e-05,0.000720459397261522,0.00010270154454088132,0.00016694795340299606,0.0011334630122261241,0.0002396975794318884,3.4504570066928864e-05,0.00013944224206169364,0.00015271059541075577,0.00023270584642887115
313,0.0008226866909533254,7.388874729053613e-06,0.0003397474065423012,0.00022935478164087808,0.00020977367033419084,0.0002951343194581568,2.9021660209205616e-05,3.786233952017895e-06,2.405419945716858e-05,0.0006887914920240823,6.624939622550813e-05,0.00018211407586932182,0.0007866891991416963,8.75170998722221e-05,0.000132707878947258,0.00034183357734601794,0.0001403068739669472,0.00030570849776268005
314,0.0001962405871819839,8.81894904024988e-05,0.0007500927895307541,7.188498425710066e-05,0.00027728635721397873,0.0004868736141361296,0.0001305988100009283,7.4358462221763965e-06,2.1073967218399048e-05,0.0003358254350882689,0.00042283266467953856,0.0003290537279099226,0.000597797563416505,0.0005429366537892276,3.975816071033478e-06,0.0005758791908473948,2.7685820394456745e-05,0.0004248935729265213
315,0.0002570169282727214,1.0571067356676678e-06,0.00033537857234477997,2.887324141265246e-05,9.12124220229342e-05,0.0005048793973401189,3.2099727702393846e-05,2.6609273115548544e-05,2.4396926164627075e-05,7.357299759176705e-05,0.0002528398232456777,0.00037458003498613834,0.00030451348921935184,0.0004195708152150918,0.00014926958829164505,1.4108684848634923e-05,0.00047830711890274255,0.0005396408960223198
316,0.00017617474602585337,5.01257267664576e-05,5.514826625585556e-05,0.00012217817174159373,7.687678743469387e-05,7.908459519967437e-05,1.5060663116461814e-05,1.4274519731558456e-05,3.91155481338501e-07,3.059883839426347e-05,0.00020691927593416426,5.490449257194996e-05,0.00014898601614515838,0.0005083897351912435,5.496665835380554e-06,0.0002761537948666182,0.00010146054152176953,0.0001208428293466568
317,9.087398151207127e-05,7.384891299554164e-06,4.554726183414459e-05,0.0007429429602872489,0.00018123357496222306,0.00011681066825985909,2.903636283134274e-05,2.913776623120288e-05,2.4713575839996338e-05,0.00015423127483513155,0.0010562893151869965,9.77830495685339e-05,0.0004805999607729594,0.0006318569786733317,0.0001717880368232727,2.2370843327373935e-05,0.0006046567295344002,0.0004280898720026016
318,0.00025763773595864625,7.287290000117241e-05,5.349423736333847e-05,0.0002914281321012985,7.59309339738723e-05,7.42003321647644e-05,6.750614470141247e-06,1.9074005604644137e-05,7.577240467071533e-06,9.565698484616247e-05,0.00028120807888990657,5.437014624476433e-05,0.0002768537715277519,0.00045891490168823053,3.276951611042023e-05,0.0002586304498432279,0.0003273777742789641,0.00013393443077802658
319,0.00010320794012032286,0.00019177363485973,5.3184106945991516e-05,0.0002411708901029902,0.00046914420564429793,0.00017277093138545752,3.132865258048505e-05,2.3544665868211823e-05,4.187226295471191e-06,0.0002546114973910746,0.000616004058074951,2.6011141017079353e-05,0.0003992518086280705,0.0005500541619389235,0.00024841073900461197,0.00031608192406223923,0.0003450258640552602,0.00015462562441825867
320,0.00046360433228337383,9.72858782902937e-05,0.00027259159833192825,0.0007015698465361042,3.812201058297007e-05,0.00020221195882186294,4.2124467108699964e-05,1.1691038893407897e-06,1.8503516912460327e-05,0.0009420963267992022,0.0005104265075369929,0.00010470976121723652,0.000842479898516782,0.00025765235551015574,0.0001589776948094368,0.0008568065432419392,9.165187773514313e-05,0.0003208126872777939
321,0.00010465764707026648,4.9675679022823105e-06,0.00037236325442790985,0.000444987892145976,0.00015079850041145246,0.0005896813818253577,5.677014247213938e-05,4.178960804110984e-05,4.624947905540466e-05,4.318805652536728e-05,0.0004132190770301594,0.0004330575466156006,0.00046592037667941844,0.0005168688814263158,0.00019970722496509552,0.00022340455591995934,0.0006757791674492017,0.0006756382063031197
322,0.0006517144333579722,8.982980705896093e-06,0.0003990344703197479,0.0005081976835873414,0.00015621476696565245,0.0004694818053394556,2.026900572498977e-06,1.3357271330150921e-05,1.4860183000564575e-05,0.0005165439857648807,4.6025912138390745e-05,5.3015537559986115e-06,0.00036914408891025596,9.38025658683405e-06,3.887340426445007e-05,0.00014503534975215948,0.0002780452734859745,3.0324794352054596e-05
323,0.00023800064134175958,4.472622381199859e-05,0.0003786403685808182,0.0006906434597688804,0.00025875362309719235,0.0003386553144082427,1.4842844108266945e-05,1.4469616231584884e-06,4.4386833906173706e-05,7.774368295360157e-05,8.66088246378946e-05,0.00025219982489943504,0.0007264653587828879,4.853219064735511e-05,0.0003055259585380554,0.0005100439485477559,0.00016843462114222302,0.0006194980815052986
324,0.0006082480475503582,5.401352605345633e-05,0.0005963752046227455,0.00035255888944882297,0.0003295262298770099,0.0006634392775595188,0.0001150210765790121,1.6119923844194056e-05,2.80626118183136e-05,0.00046458622960598994,0.0005150599827943719,6.939726881682873e-05,0.0007733988394729441,0.00017940970891833653,1.79242342710495e-05,0.00039630149968528094,0.00029842658879844497,0.0002518845722079277
325,0.00010246481540167329,1.0776162553235297e-05,0.0005289176478981972,0.00015098771537412625,0.00010186609546202624,0.00046449841465801,3.5369613248431575e-05,4.183982522131414e-06,2.0012259483337402e-05,0.0001167609216059795,7.497842859747333e-05,1.162523403763771e-05,7.417164695751322e-05,0.00012197351794868225,0.00010196119546890259,3.8181367058298665e-05,0.000162904834131377,1.2905336916446686e-05
326,2.5234489650680092e-05,1.7122724430509995e-05,0.00024369638413190842,0.00031445609264105223,0.00014841664815803957,0.00023834221065044403,2.1615556525654556e-05,6.6145381653016574e-06,1.8581748008728027e-05,0.000153860200791181,0.00021572418637992585,0.0001510181464254856,0.00047713597992095347,0.0001333157288386554,0.0001826714724302292,0.00029815547908451645,0.00021394490512370232,0.00023564137518405914
327,0.0005199555383196414,0.00015094841286962188,0.000384429469704628,0.00028256429041199904,0.0002684811782912508,0.0003070337697863579,6.76454048210793e-05,9.648963357143528e-06,3.0405819416046143e-05,0.0003238387388067726,8.452927215596429e-05,7.42694828659296e-05,0.0005610450219914603,0.0002067609385992897,0.00016795750707387924,0.00029256705812946704,0.0001953686153194703,0.0004368778318166733
328,0.00015381244118427284,0.00031398063745845944,0.0005620475858449936,0.0001817684430662353,0.00020725174866250556,0.0004512728191912174,0.00011707092149544629,1.9028255159400046e-05,3.505498170852661e-05,0.00019221485544686223,0.00017161983810889958,6.106332875788212e-05,2.3022882416068313e-05,0.0006270034169298059,6.270408630371094e-05,0.00039169502004846035,0.0003492816964777712,0.0005372753366827965
329,0.00022609101585072122,5.871836992965909e-05,0.00018652155995368958,4.465023393519785e-05,6.622192031321625e-05,0.00027147482614964247,2.468236740565434e-05,1.5579204076989405e-05,1.3027340173721313e-05,0.00015054124181179684,0.00018602921092818886,0.00031829066574573517,0.000301910596973487,0.000341440271017881,0.000237281434237957,0.00015624124989113697,0.00030607214340371003,0.00042263977229595184
330,0.00010592052575425503,6.309920156086918e-05,7.85263255238533e-05,0.0002228402027774079,5.448371693409643e-05,1.8278253264725208e-05,4.5248033091374595e-05,2.7261937044423604e-05,5.073845386505127e-05,0.0003091007780725713,0.0005548253313873708,0.0005382767412811518,0.0007121601226120489,0.0004949404245363116,0.0006566746160387993,0.00043850144916093847,0.00047947807118791513,0.001043727621436119
331,0.0003134832848350755,8.53657483860723e-05,0.00012154318392276764,0.0001784027940312377,0.00015048649759903318,0.00014463672414422035,7.314629601740119e-07,4.319856153158202e-05,7.348507642745972e-05,0.00011980078282526618,0.0003135562686698637,0.0007455474697053432,0.0002061910802418354,0.00048166453425211794,0.0007743928581476212,0.0007314819162269892,0.0006201005088999206,0.001262814737856388
332,0.00080626825222678,9.51556358333959e-05,0.00035848747938871384,0.00018924825200684892,2.0829621566992307e-05,0.00027367158327251673,7.79647831189445e-06,3.1042813726230934e-05,1.6711652278900146e-05,0.0007288276962963136,0.00014507471480958156,0.000492756487801671,0.0007022734815122639,4.25263877588556e-05,0.00038690585643053055,0.001006525645473294,0.0004381825857343799,0.0005116015672683716
333,0.0004839069441784499,0.0001482159230487487,0.0004833759739995003,1.716213077726514e-05,4.225481753599575e-05,0.0005229654489085078,2.2369876246340625e-07,3.5750666239324535e-05,8.165836334228516e-06,0.0006448932212748115,8.479102857510828e-05,0.0002888641320168972,0.00042877901640822613,0.0005765841507971107,0.0003641126677393913,0.0009189731843715354,0.0005317963955675242,0.0004293927922844887
334,0.0002475079373450706,6.490592223499028e-05,0.0002685701474547386,0.00033658175109735344,2.948380573563822e-05,0.00023886398412287235,3.2729951658459072e-06,8.822654399148495e-06,4.172325134277344e-07,0.00042528585734691315,4.948861633204821e-05,0.0001480847131460905,0.00045291417740775386,1.4558870484553815e-05,0.00014984142035245895,0.00029053771483611435,6.61846979172695e-05,0.00015038717538118362
335,0.0008231169779802233,0.00020775607294443513,1.1348165571689606e-05,0.00012531845086781457,0.00026833840935560835,9.643647354096174e-05,6.41006695451668e-06,1.2557673036009149e-05,1.0710209608078003e-05,0.00027661751508692434,0.0006029965622403738,0.00021221814677119255,0.00020488503089313714,0.00040119678880811034,1.0141171514987946e-05,0.000512172104612213,7.795581101682075e-05,0.00035373494029045105
336,4.402103244627309e-05,0.0001368304711967458,4.588346928358078e-05,0.00044582675039016306,0.00016080927893204894,7.1303220465779305e-06,5.0033425504653756e-06,4.781731111799716e-06,1.2751668691635132e-05,0.00010091662181242744,0.00014721045672144717,0.00013946113176643848,0.00026072729959694674,0.00034394790020049297,8.676107972860336e-05,0.00044857013540222646,5.646079036538548e-05,3.277044743299484e-05
337,0.0003530414134458315,0.00032376085691759524,0.00032743997871875763,0.00030796257417062267,0.00015017214501851506,0.0003878141287714243,4.14508632651852e-05,1.0087409092695253e-06,9.242445230484009e-06,0.0003494720039758925,0.0002056351768400938,6.409618072211742e-05,0.0002572441609951792,0.00010740953797900091,0.0001683467999100685,0.0005409141323181599,1.8372073526951027e-05,6.377790123224258e-05
338,0.0003192028654804002,2.405607341537941e-05,9.341351687908173e-05,0.0007316176058860396,7.436083845652197e-05,0.0002469361061230302,1.5909341977149438e-05,2.370924033742272e-05,3.249943256378174e-05,0.0005402456908377706,0.0008273204423844688,0.00041145505383610725,0.00044698717180682856,1.3503525830646165e-05,0.0006567444652318954,0.0005105664464183368,0.00039338865305507675,0.0005363794043660164
339,0.0003649488181587113,1.225482196421171e-05,0.00013788696378469467,0.00010637391611449665,3.537443181312466e-05,0.00010513945017009974,2.2363708901513082e-05,6.349731004301473e-06,9.667128324508667e-06,9.572492625373186e-05,1.2283429844398008e-05,4.640198312699795e-05,0.00017248990822495147,0.00012444596227117674,1.3352371752262115e-05,0.00011130034648954013,6.121434817663723e-05,0.00022635050117969513
340,0.00016658411435621634,0.00030693848384443986,5.990639328956604e-05,0.00015545581903453343,2.175279141694922e-05,7.015035953372717e-05,6.291969614078026e-05,1.1647717419528995e-05,2.0097941160202026e-05,0.00011458931886845769,6.0612589187429566e-05,0.00022515770979225636,0.00011119117423828706,0.0004702757712577721,0.00020414777100086212,7.358421306277729e-05,0.00023019097259731683,0.0005701994523406029
341,0.00031474997379030145,8.588629354155247e-05,0.0003177821636199951,0.00046015620072077656,0.00010825511864986231,0.0002445904538035393,7.323553305184707e-05,2.1987495740141e-05,2.580881118774414e-05,0.00033022811879913905,0.0003407341026629637,0.0002975740935653448,0.00028575889003304433,0.00043237172845344424,0.0003824681043624878,0.0003576023545313334,0.00038989677189596103,0.0007266122847795486
342,1.883306657492201e-05,0.00016071061545814072,0.00018183235079050064,0.00010696288801989584,1.6948097895548575e-05,0.0004019179614260793,3.2895129575528925e-05,3.536643041654507e-05,2.0932406187057495e-05,5.5758938958289095e-05,0.001005400061933788,8.461321704089642e-05,0.0002530623766972828,0.0007814868202687154,0.00023654382675886154,0.00010495508882046867,0.000684237438774167,0.00020996388047933578
343,0.0003706302574134762,0.0003162173094114172,4.59328293800354e-06,0.0004456763440676831,0.00010333563822529507,5.850219167768955e-06,1.2589907395447325e-06,1.7904778569784825e-05,3.4123659133911133e-06,8.0889168021403e-05,0.0009921583248424862,0.0002326852409169078,0.0003743284439142319,0.00017229855948689907,0.0002689491957426071,8.539182417985347e-05,0.00031785055379136146,0.00011071376502513885
344,6.94592957463519e-05,0.00037928747970907353,0.0002958690747618675,0.00016013720299475065,9.941812258503283e-05,0.00012801284901797771,4.2293752828846676e-05,3.041638687442433e-05,3.951042890548706e-05,0.0006007496366774029,0.0003031396603804387,0.00025866797659546137,0.0008264505979472953,0.0006458151589456233,0.0005461405962705612,0.00029831392553245073,0.0006786052550684235,0.000977856107056141
345,2.271225485504791e-05,0.0001925694796175853,0.00013860221952199936,1.2995908450275095e-05,0.0001613901657397665,0.0002894899807870388,7.979464682374149e-06,3.121320465883284e-05,2.5562942028045654e-05,0.00025740635780643895,0.00044325914130192295,0.0004259947454556823,5.117810271071388e-05,0.00015783910862853835,0.0006836950778961182,6.361669236090717e-05,0.0006399653777404424,0.0007410496473312378
346,0.000522384185641378,0.00010267427669394258,0.000268581323325634,0.0007258958918160974,8.065875018246904e-06,0.00015383632853627205,4.133739025288796e-05,1.9368914318707627e-05,2.358853816986084e-05,8.919466865559e-05,3.492895499425386e-06,0.0004946900298818946,0.00013889535436796552,0.0006645047275586589,0.0004494711756706238,0.00015698109606152033,0.00043939359292537866,0.0004873257130384445
347,0.00021861383340278373,0.0003074218234120421,0.0003482392057776451,8.12330673043149e-06,0.00017710393661467608,0.0002754062879830599,9.275307562710451e-05,1.3597387361856741e-05,3.350153565406799e-05,0.00013444244706253827,0.00011283160390984648,0.0001734822290018201,0.00034504717035507837,0.0002307273041682427,0.00020242109894752502,0.00010090212910135454,0.0001573295143789781,0.0008795894682407379
348,1.7426663562344902e-05,0.0001893962001788263,0.00028316862881183624,0.0002411529448629185,0.00022199490235133568,0.0002740616910159588,6.481514103907904e-06,5.452656601360496e-07,2.8870999813079834e-05,0.0004740723307094935,0.00038488884115193966,0.0006033709505572915,0.00012552040200472514,0.00017843113234826402,0.0006602825596928596,0.0001369052668834525,9.680799057974407e-05,0.0010989904403686523
349,0.00023450890905116206,0.00028287622933485107,0.00015679560601711273,0.00017331113340664228,0.00017211354611612953,1.4861579984426498e-05,6.9100853231311016e-06,3.6819819864445e-05,1.6286969184875488e-05,0.00020880702937405016,0.0004657819985025291,0.0002858006628230214,0.00036642216583555876,0.0003385587193112313,7.691513746976852e-05,0.00026111286879751394,0.000680101880599894,0.0006870981305837631
350,0.0006097320414093221,9.635821404119921e-05,5.896575748920441e-05,0.000732908478666347,4.4240373740275785e-05,0.00010160612873733044,5.171347894856841e-05,1.0888915708659203e-05,1.1458992958068848e-05,0.0004774999990489748,0.0002443996533237555,0.00012258673086762428,0.0006983730483689499,0.00045804926522013956,0.00010513514280319214,0.0003496510222707194,0.0002145647181181834,0.00023709610104560852
351,0.00019815195356197302,8.607051497139945e-05,0.00016274582594633102,0.00034463244643825885,0.00012292530212634767,5.8685196563601494e-05,2.146308609379116e-06,9.11904804257375e-06,9.294599294662476e-06,0.0001637293758702668,0.00040494718172180005,2.052437048405409e-05,0.00016614291810156112,0.0004133557998042582,0.00014893896877765656,0.00023581261726665637,0.00011664111064301624,0.0002086944878101349
352,0.0004237493760688438,0.00026672982338956513,0.00010269507765769958,0.0012008406845874092,4.1479373644036366e-05,0.00015263748355209827,7.87352239911103e-05,8.835681157157377e-06,6.750226020812988e-06,0.0006783831133433949,0.0003257581496458675,0.0002989761997014284,0.0007723750527125345,0.0003378221646520227,0.00026789121329784393,0.0008195560837268301,0.0002104106865290084,0.0004580058157444
353,0.00024881474793246594,1.0357514485040409e-05,0.00018000509589910507,3.746288888813176e-05,2.9237245080630803e-06,0.00010090554133057594,1.8614063258466304e-05,1.5262494706202263e-05,4.518777132034302e-06,8.097247619807957e-05,4.793400303017975e-05,0.00018056097906082869,0.0002506844372247019,5.710493004268055e-05,5.8690086007118225e-05,0.000591117358666543,0.00015138149453626168,1.3075768947601318e-05
354,2.6892378370210746e-05,5.8543980929394446e-05,3.3484771847724915e-05,0.0001364519781919954,0.000151643917306616,7.818476296961308e-05,1.8408457206768244e-05,8.833137347707617e-06,8.40798020362854e-06,0.00011531425505773019,0.0002483757693598279,0.00014477036893367767,8.259085996414894e-06,0.00012136184829269515,8.326582610607147e-05,4.475106620485669e-05,0.00010210114484765151,0.00010138191282749176
355,0.00036367415142224413,4.1327728547715936e-05,0.0003186967223882675,0.0002698483383066913,8.485518167947181e-05,0.0003163609653711319,4.067683009218934e-05,1.3086694770735128e-05,3.2633543014526367e-06,0.00012452684924794954,0.0003048494077423497,0.0003979094326496124,0.0006232898054622515,0.0003972690101155616,0.00045904889702796936,0.0005338080623281116,0.00017637092206219257,8.136779069900513e-05
356,0.00013678118841833897,0.00011798287244176725,3.398023545742035e-05,0.0001331039631661396,5.801491494657196e-06,0.00012299790978431702,1.8292885987040292e-06,2.4742856318294175e-05,3.069266676902771e-05,4.641886738751544e-06,0.0005034520068823919,0.00047320465091615915,9.896211887695794e-05,0.0006001896071923373,0.0004083039239048958,7.644363140701937e-05,0.00041118010634510344,0.0005535092204809189
357,0.00020587295948795714,8.254832055800895e-05,7.155817002058029e-05,0.00015556745353625945,0.00026005875270442014,0.000170163344591856,4.415607138049879e-05,2.617813343551781e-05,1.426786184310913e-06,0.000536674284254357,0.00023758400709844585,0.000137068098410964,1.189472972337735e-05,0.0003842017854633669,0.00018859561532735825,0.00011749706691180362,0.00031041285823443093,2.4223700165748596e-05
358,0.00036847419526692127,6.98131452480863e-05,0.0004786979407072067,0.00010219564763101763,0.0003417486828443117,0.00042124162428081036,2.9463984581142716e-05,3.108618117013233e-07,2.8040260076522827e-05,0.0007696985667947215,7.869013864425511e-05,7.748184725642204e-05,0.000532447149631507,0.00012023640904375646,4.9765221774578094e-05,5.606889715042973e-05,7.524367223447903e-05,0.00031440146267414093
359,0.00012221798689406038,4.738692234771899e-05,2.802349627017975e-05,0.0002033794559058305,0.00019034994320653656,4.6727946028113365e-05,3.0942394037326154e-05,3.2660441987636055e-06,9.51811671257019e-06,1.0979394883398053e-06,9.517372446282701e-06,0.00020606769248843193,0.0003047424628208617,0.00017583387379053322,0.00014394428580999374,0.00018586895057509656,9.504003713187159e-05,0.00033316388726234436
360,0.00023350852198052163,0.00011894136768962962,0.0002290802076458931,0.0005156973860065417,3.5321770623680804e-05,0.0002976134419441223,2.8242098262068124e-05,1.0601011802189707e-05,2.941116690635681e-05,0.0005218264298855746,0.0003133337242783446,0.0002391900634393096,0.0008738417043390595,0.00021173390934400502,0.00011654570698738098,0.0003692648221979289,0.00026771001818371234,0.0007472708821296692
361,0.0004461856174600709,0.0004442867884281998,0.00019913725554943085,0.0007987155471491786,0.000265720508113812,0.0004907315596938133,1.8660010794507853e-05,6.661205396544948e-05,3.795325756072998e-05,0.0006995552529118071,0.0008098581337969563,0.00022295350208878517,0.0013227787458467422,0.0005087706742033316,0.0001682797446846962,0.0008797591567980267,0.001227147620458266,0.0005245674401521683
362,7.034190811255892e-05,0.00017917783180716393,0.00020495522767305374,0.00029388543980302106,0.0001082109637251076,0.0001753584947437048,5.989465322832864e-05,1.9643633568336427e-05,1.2733042240142822e-05,0.00012486163774058645,0.00046098960803311884,0.0003826146712526679,0.0001775890371787936,0.0004602496090864586,0.00034596584737300873,0.0005403240393836439,0.00032972681377544527,0.00035927630960941315
363,0.00024758552346239304,0.0003304757358766723,0.00012652482837438583,0.0006806583862198901,0.0002038855569082912,0.00023976527154445648,3.687673302874006e-05,2.3909990115452643e-05,3.394857048988342e-05,0.0010554295220831372,0.0003751540711088991,0.000461748568341136,0.0010033546437363955,0.00048428240994882917,0.00030309706926345825,0.0004812825791555009,0.0004432847406364189,0.00048121996223926544
364,0.00012591148589140289,0.00015628801159276243,0.00032227952033281326,0.0001436906223660911,7.756626067643296e-05,0.0005261281039565802,8.054677591697208e-05,5.591959234701408e-05,3.1925737857818604e-05,0.00034739738942449194,0.0004784715227703143,0.00016090855933725834,0.0004738437609953655,0.0008888494553917266,0.00022253673523664474,0.00012010967708911413,0.0009324776046066158,0.00034489110112190247
365,2.9721537830831868e-05,8.441668650589762e-05,6.042607128620148e-05,0.0004823421040619641,2.379674243961974e-05,0.00012377905659377575,2.6620611551651102e-05,3.6131755707184774e-05,2.847239375114441e-05,0.0006812777302030448,9.491484919634668e-05,0.0005485623842105269,0.0002586009292027819,0.001500365229296051,0.000288425013422966,0.0010322297251122159,0.0006143339788646507,0.0005092881619930267
366,0.0004923704799131984,1.1420192081567498e-05,1.9222497940063477e-06,0.0003201489148158543,4.889088411896836e-07,2.1289801225066185e-05,6.755199293351569e-06,1.5910327094869475e-05,1.0907649993896484e-05,0.0005873943229718626,0.000615229091461951,5.745620001107454e-05,0.00043113320978123426,0.0008752927035809398,2.4643726646900177e-05,0.001228940477710272,0.00033379514317750936,0.00017582997679710388
367,0.0005872798136799251,8.942100325722707e-05,0.0003266744315624237,0.0006924922195219174,6.011327103295008e-05,0.00035385601222515106,7.375784086475004e-06,3.167802351762474e-05,3.9149075746536255e-05,0.000630688835851545,0.00013701961396515167,0.00021570443641394377,0.0001786693384272231,0.000727177278811583,0.00017765723168849945,0.0008661931812438128,0.00060790930356509,0.00037635862827301025
368,0.00011734893642409427,4.680171308113837e-05,0.00037052296102046967,0.0003315377763101618,5.998665466255132e-06,0.0003318081144243479,4.999799875140404e-05,2.0689935580373107e-05,2.6091933250427246e-05,0.0004099910169015064,0.00020542167762875596,0.00022635934874415398,0.0002470980778358639,0.0007686234423827801,0.00027182046324014664,0.00026003200125521153,0.00029182265232690144,0.000492490828037262
369,0.0001190929211341979,0.0002018592058443125,0.0001556631177663803,7.478983504809189e-05,7.693539010704756e-05,0.00017827400006353855,2.278895283521626e-05,1.3580446117609016e-05,3.5390257835388184e-06,0.00016411943660915584,0.00021798356817004372,0.00017810182180255651,9.075378696912773e-05,0.0005361263817007366,0.00017534475773572922,4.301984888049892e-05,0.00015412897154914312,4.143454134464264e-05
370,0.0008052816928681983,6.767676315429239e-05,0.0006911437958478928,0.0007845130675004364,9.486073589873995e-05,0.0006284802220761776,1.0735863268662715e-05,4.011970530023263e-06,8.17328691482544e-06,0.0009315582262308802,2.2406837353022846e-05,6.290199235081673e-05,0.0008725634268875043,1.230405839446752e-06,1.5566125512123108e-05,0.0003145651857082432,0.00011473969965104455,9.52593982219696e-05
371,0.00045727743784508557,0.0002603802002955867,0.0010403404012322426,0.000475951635603461,2.9339977196188305e-05,0.0009324036072939634,5.908696524813302e-05,1.7528041534118754e-06,5.3063035011291504e-05,0.0005944534465142787,3.1460186897175335e-05,0.000158616341650486,0.0004354603457641937,0.00011634135896018694,0.0002521974965929985,0.0002256077155514402,0.00014595952198380793,0.0008511953055858612
372,0.0006378417844700862,0.00019661440909205657,0.000543106347322464,0.0004089313344312756,5.174243087435748e-06,0.00040647038258612156,1.642114022278214e-05,1.7819361003591685e-05,3.540888428688049e-05,0.0004989194438644318,0.0008852071762179003,0.0001577242510393262,0.0005440614133409155,0.0001541838706662262,0.0003530774265527725,0.00020008818788055938,0.000363050298392148,0.0007910206913948059
373,0.0006041926385730451,4.4151756157635724e-05,0.00036431755870580673,0.000248950769759268,6.235812031610277e-05,0.0003353506326675415,5.789814985082513e-05,4.681980444700556e-06,1.7590820789337158e-05,0.0006483199265597539,0.0001660081033140262,0.0001646431628614664,0.0002415308853973286,4.142220505763943e-05,0.00011161621659994125,0.0010598435936003126,9.64187977338625e-05,0.0003377515822649002
374,0.0008956890255870098,0.00033734188281554084,0.00045017432421445847,0.0008307164403838774,0.000194269294740642,0.0005633847322314978,2.4517994151908307e-06,2.721680245766178e-05,2.8613954782485962e-05,0.0012365487067875214,0.00038926115332877514,0.00011701160110533237,0.0012035382908290176,0.0001865524202095143,1.9720755517482758e-05,0.0009072414232708104,0.0005856373146237402,0.00022067129611968994
375,0.0003442036787063285,1.5830725543345553e-05,3.070943057537079e-05,0.0001805589371002697,0.00019876015018559928,3.860075958073139e-05,5.225151752076551e-05,1.8972517087188952e-05,4.503130912780762e-05,0.00013348554390267553,0.00024271605128168422,0.0005781531217508018,0.00014293787038949235,0.00013233989324985297,0.000528988428413868,0.0004950864740330685,0.0004493125322396936,0.0004899445921182632
376,2.5568853842306005e-05,0.00015334219443476765,0.00010830909013748169,5.556411688448226e-05,0.00014024848617208083,2.6891473680734634e-05,4.976837352979255e-05,9.249216103771182e-06,2.156570553779602e-05,2.5293888392369235e-05,0.00017058354451814778,0.0003521233447827399,0.00017147882991028207,4.109074245500256e-05,0.0002344958484172821,0.0003987194156441498,0.00022409328822504612,0.00015619397163391113
377,0.001289389063660662,0.0003525224056893997,0.00025932304561138153,0.0013653650562797104,0.00012510740877951648,0.00032599084079265594,9.229780009673352e-05,2.242389241979793e-05,1.5329569578170776e-05,0.0016651684040490528,0.0005330700216883075,0.00019316573161631823,0.0018338486141230015,0.00022084881148135612,0.0001743035390973091,0.0006581357753259742,0.00029905695917843353,0.00014682486653327942
378,0.000460839292331261,0.00011105556598024757,0.0006359368562698364,0.0005059580806117125,6.5693798044969e-05,0.0005950296763330698,9.604863889337012e-05,4.198613753989e-06,4.6875327825546265e-05,0.00012443039172528592,0.0001029163453892118,0.0001366025535389781,0.00018935538543168873,0.0002427341271118537,0.00017644930630922318,0.0001791566931566846,0.00014770258941893336,0.0007639937102794647
379,0.0006481767442090142,6.555609460428408e-06,0.0004014447331428528,0.00034143287113276577,9.65396528294915e-07,0.0003515996504575014,4.6319775900017374e-05,9.955153206739906e-06,1.9077211618423462e-05,0.00012597687487593545,0.0003368319099499098,8.416245691478252e-05,1.640084270450315e-05,3.0322554235916004e-05,0.00015166029334068298,0.000370197117758847,0.00020756373771461945,5.571544170379639e-05
380,6.938250209481689e-05,0.00021986462090914025,0.0009382693096995354,0.001095465143703206,4.474195178404139e-05,0.0007799963932484388,0.00010731067323409803,1.2116742982131714e-05,4.879385232925415e-05,0.0005647992777960548,0.0005629642519782915,0.0002221293980255723,0.0009547289515210305,0.00010411992194643994,0.0004122341051697731,0.0003287992817984642,1.4580779502469665e-05,0.0007144380360841751
381,0.0004107421795242622,2.3175279570734897e-05,0.0002699466422200203,0.0004939747932862226,7.488780662745498e-05,0.00019219634123146534,4.3872375133537436e-05,1.8484628865856126e-05,1.7657876014709473e-05,0.0008106023502321147,0.0005523475433506161,7.991096936166286e-05,0.0004366007494649021,5.5891183714699456e-05,0.0001951633021235466,0.0006025851390635273,0.0002530332159615227,0.00011986307799816132
382,0.0007586258337654861,0.00013135992941982685,0.000376187264919281,0.0007714421444385555,8.855518240120236e-05,0.0001842763740569353,9.2479659336165e-06,4.034374003745772e-05,2.92360782623291e-05,0.0018039642889743635,0.0010881938270641406,0.0002104389132000506,0.0008442575279979658,0.0004921146344113014,0.0004584118723869324,0.0008303048861428575,0.000657994681249257,0.00048749707639217377
383,0.00026693209352453284,0.00010506072558701812,0.00010530464351177216,0.00034013528124041126,7.511427968384318e-05,0.00017472240142524242,5.094119808627187e-06,1.151107348791743e-05,4.339590668678284e-05,1.2939321544572224e-05,0.00010672892947078544,0.00051985023310408,0.00018697435877662594,0.0005490795850449336,0.00044293608516454697,0.0005773296713191822,0.00014274848872211643,0.0005018413066864014
384,0.0003169798873284002,3.377225929397307e-05,0.0004163980484008789,0.00023801705939507922,6.103648813631651e-06,0.0005114895757287741,2.3886006436798016e-05,3.492242055314499e-05,3.100931644439697e-05,0.0004945630032889975,0.00023715797783454423,0.00022661470575258136,0.0003606842813795169,0.00048545577488504424,4.145316779613495e-06,0.00034709828544840504,0.0005250151787107998,0.00037315860390663147
385,0.0002785575546560143,0.00011975320532663092,0.0005242545157670975,0.00014305580075868463,2.7838089950188438e-05,0.000580780440941453,3.168867964670023e-05,2.6961848031188066e-05,2.3443251848220825e-05,4.071338100004873e-05,0.00010269668997081594,0.00012823328142985702,6.7463553484609085e-06,0.0002926211606219661,6.154738366603851e-05,0.0003544637368755321,0.00043315954048440963,0.0004541110247373581
386,9.519418987023742e-05,5.4351267861497965e-05,3.7872232496738434e-05,0.00014118411400604325,4.65448363966281e-05,8.37158877402544e-05,1.1508835573922904e-06,9.523694081660199e-06,4.1350722312927246e-07,0.00041143668100318553,0.0001665492565056173,9.82749043032527e-05,1.51514799019703e-06,0.00016236699865793212,4.6856701374053955e-05,0.00021905590363890948,0.00018712899388742543,7.347576320171356e-05
387,0.00033778006534582183,4.323294428620894e-05,0.0002655358985066414,0.0002934555589171467,0.00013364502671176295,0.0002051175106316805,7.32764629247061e-06,1.4609566267275755e-05,2.4549663066864014e-06,0.000601980372764252,4.8447333662542114e-05,0.000256054918281734,0.0008495721486439789,0.0004062391042441698,0.00022538099437952042,0.0007239535323327606,0.00012710873708966786,0.0002090688794851303
388,0.0005545821785110511,4.041667468408783e-05,0.000713772140443325,0.00043272387017852243,0.00028895458971653354,0.0007689665071666241,5.6812522113218814e-05,1.3289244604559793e-06,4.1775405406951904e-05,0.00033198525508675025,0.0003752885360635977,8.195696864277124e-05,0.0003785155794123335,0.00014425354656528132,1.0807067155838013e-05,0.000521746998202427,9.579408232519848e-06,0.0007642954587936401
389,0.00017088627501628262,4.033787241494724e-05,6.206147372722626e-05,0.0005188954278119162,9.24556649932115e-06,0.00015299697406589985,4.61433288171352e-06,2.4286035481214203e-05,1.4565885066986084e-05,0.00024706557538313467,0.00032652475473649717,0.00019203522242605686,0.00039427036237012214,0.0004370423635915773,8.357036858797073e-05,0.00018072085203180155,0.0004852977260770691,0.0001886356621980667
390,0.00022528478662528495,6.396059887914252e-05,0.0004276987165212631,0.0003110477111074039,1.8989243442662368e-05,0.0002752183936536312,3.326524288255715e-05,2.813889860793983e-05,3.211945295333862e-05,0.00023741888242970188,0.00045113188021615735,9.863835293799639e-05,0.00039724354500804415,0.0006259224232696555,0.000293659046292305,0.0008600977250237396,0.0004240880349532933,0.0006690733134746552
391,0.00034068762390696006,0.0001989452764617032,0.0005406811833381653,0.00042587248300972325,4.354225520553437e-05,0.0005743694491684437,1.7914269842322916e-05,2.4899428529053707e-05,3.577768802642822e-05,0.0003587003817685924,0.0005532269161629549,3.790424671024084e-05,0.0004769035322384624,0.0002174403334827867,8.576549589633942e-06,0.00023367782993388708,0.00047027935557391806,0.00039966776967048645
392,0.0002857018834187125,0.00020755360323626917,0.0003174813464283943,0.00037281184206762463,4.04106331246476e-05,0.00030335015617311,3.7285733738776083e-05,1.1666232128531044e-05,1.4238059520721436e-05,0.0006761972795535642,0.00041083572925954687,9.245309047400951e-05,0.0004393629119648079,2.559316661486597e-05,7.44471326470375e-05,0.0006992317719458629,0.0001429573811757498,0.0001079123467206955
393,0.0004434852893726443,0.00017821094384733172,0.00010865367949008942,0.0002442338588764248,9.498116749201424e-05,0.00014273100532591343,4.716870235352451e-05,1.278212013972285e-05,4.82313334941864e-05,0.0009895863386381598,0.0005897383493256927,0.0007109545404091477,0.0003087457662997728,0.0001237651153533333,0.0007075220346450806,0.0008422900377385301,0.000190413835296048,0.0010009407997131348
394,0.0004446839613175685,3.448322076776006e-05,2.1964311599731445e-05,0.00035213415966209305,4.2602242462910084e-05,9.434996172785759e-06,8.315210416550561e-06,2.1775666178288668e-05,1.874193549156189e-05,0.0006499212280321881,0.00043186573244295007,0.0003734893398359418,0.0004909172504721643,0.0005878150304670683,0.0004875054582953453,0.0008138325616899589,0.00043784540601774294,0.0005568079650402069
395,0.0004474496476120915,0.0001386104103327096,3.859959542751312e-05,0.000283858821435265,0.0001904053666491809,9.237253107130527e-05,1.2075140389252587e-05,2.6841272720669936e-06,4.492700099945068e-06,0.00036372825774604045,0.0002301917721807753,8.581520523875952e-05,0.0002654703966504385,0.0001380406878367978,0.00015213899314403534,0.0001837511742934228,1.50511226978782e-05,0.0001272875815629959
396,0.0004442449615079669,0.00023056400958116827,0.0001952769234776497,0.0003343545233985279,0.00019143767967208167,0.0003305189311504364,3.167068638482151e-06,2.8911577295243247e-05,1.1611729860305786e-05,0.0004457527945508494,0.0009208712235582103,3.777479287236929e-05,0.0008094666684115015,0.00022370431357168936,0.00024296436458826065,0.000645272146453657,0.0005343308556116054,0.00014124251902103424
397,5.341210477503855e-05,7.992503809871668e-05,0.00034570228308439255,0.0013320398290628116,5.10394996132181e-05,0.0004365269560366869,2.1658213534255302e-05,1.623931473658264e-06,3.034248948097229e-05,0.00011653599121098923,0.0003114792423696833,0.00031447852961719036,6.469598523771436e-05,2.6339327557763255e-05,0.0002059629186987877,0.00047372950464286134,1.857522139253609e-05,0.0004935301840305328
398,3.806389223381945e-05,0.00021495819561779053,0.00013487506657838821,0.0005837087163966248,9.485805846665835e-05,0.00026167859323322773,1.3987294045881421e-05,2.7616483594624904e-05,1.6108155250549316e-05,0.00014287407682680997,0.0009298213107536632,0.0003875492257066071,0.0006649533088812359,0.0003958692417084398,0.0005226396024227142,0.00023732347155103195,0.0005145523921005271,0.0003393981605768204
399,0.0002821600767275445,0.00022201423576625676,0.000225825235247612,0.0005641213182555477,0.0002662690302593848,0.0002323512453585863,2.1722508152991968e-05,3.711021617968475e-06,2.826005220413208e-05,0.0005138711881292335,0.0002237867018347675,0.00039831415051594377,0.001193685838085129,7.474179377727971e-05,0.00039417948573827744,0.0008400982541436619,9.08974179604817e-05,0.0006889943033456802
400,0.00040588959535890756,0.00010074477336598567,0.0003663673996925354,0.00017219848103501578,9.109857909895755e-05,0.00018496601842343807,2.1369521187759866e-05,2.362669401948219e-05,3.195926547050476e-05,0.0004185591278485362,0.0002872079825757823,7.885973900556564e-06,5.8308269203902197e-05,0.0007062201668562827,0.00023940112441778183,0.0005265248603017469,0.00041144283962660233,0.0005749687552452087
401,0.00023509094808642217,7.297220861962259e-05,4.686415195465088e-05,0.0006781025288945253,2.615683153299464e-05,2.4487962946295738e-05,1.603539123009104e-05,1.0098607552428557e-06,2.346932888031006e-06,0.00029175916448086203,0.000296302860011019,5.248142406344414e-05,0.00025001646149644396,0.00032730365796971184,5.992967635393143e-05,6.918510753262108e-05,8.002128982809512e-05,0.00020978786051273346
402,0.00022484326371594032,4.105535260072457e-05,0.0004222337156534195,0.0002887313007196579,0.00016475413639079062,0.0004922514781355858,3.901777959540442e-05,8.494586304151445e-06,1.667812466621399e-05,0.00011676860080438167,6.687281698178338e-05,0.00012332957703620195,0.000182433439446697,0.00013513214622901202,5.608424544334412e-06,0.0004766882137239026,0.00014256026800180815,0.00023550167679786682
403,0.0002673195204060258,3.807626154640059e-05,0.00024842750281095505,0.0003586255576860653,7.360101487991974e-05,0.00024405610747635365,5.889390953974297e-06,7.89795910688374e-06,1.554936170578003e-05,0.00026310047340089016,0.0002592489481357957,0.0001355726271867752,0.00041817109777976536,0.00014474400325147681,0.00015063025057315826,5.088216420703895e-05,0.00011045917559397017,0.00017982907593250275
404,0.00031163521327118304,0.00029340213728713815,0.00024602655321359634,0.00031665653574074193,4.4186138813927245e-05,0.00013288413174450397,5.483682973566467e-05,3.073468736972964e-05,5.299225449562073e-05,0.00027637663614091257,6.775417986115001e-05,0.0002784064272418618,0.00036563100489062084,0.00043824593949355964,0.0004406217485666275,0.0005140579564310022,0.00043578697274127,0.0005268007516860962
405,0.0003402342829905286,0.00026691908086877436,2.810545265674591e-05,0.00023148196642402974,0.0001503701153216068,0.00016850163228809834,8.34394816021794e-07,3.1103287628224396e-05,4.752352833747864e-05,9.011468319702898e-05,0.0003843783494751826,0.0003806757740676403,0.0006630211643713635,0.000277626171414155,0.0006402162835001945,0.00015191819630652748,0.0005069367526290003,0.0006193574517965317
406,0.00018081517422295634,0.00018972275332731006,7.382966578006744e-05,4.027629454340931e-05,0.00012621963929902377,3.146985545754433e-05,8.063299291288795e-06,3.0130094922382628e-05,6.107240915298462e-05,0.00011542055979064936,0.0006633415831151998,0.0006703509134240448,0.00010580305433405268,0.00028100119796065515,0.0007573245093226433,0.0005429632903535264,0.0006148674069048135,0.001165321096777916
407,7.100705838826438e-05,6.621146895151656e-05,0.00025775469839572906,0.0005380092378702017,5.6585487712746546e-05,0.00040972186252474785,3.29308358142065e-05,4.050333226381683e-05,1.7173588275909424e-06,0.0006544894092618825,0.0006514801528762493,0.00014567239122698084,0.00017317185041450245,0.0007739622565132503,8.321553468704224e-05,0.000444464768236591,0.0006952294892680483,0.00010883063077926636
408,0.00038739628961641237,6.250767279839323e-05,0.00035379640758037567,0.00010394746994280002,3.903265468166439e-05,0.00044607603922486305,7.249649733905537e-05,9.032299299100007e-06,1.4610588550567627e-05,0.00020825494191983873,0.00016356946796037414,0.00011576418910408393,0.0005063583528343296,3.428599835935374e-05,4.087761044502258e-05,0.0001409762036555795,0.00010410029720316766,0.000255560502409935
409,0.00011447377851667162,7.58635049150462e-05,5.6920573115348816e-05,2.3898495919938423e-05,1.081974843119074e-05,0.00013866787776350975,4.136354282649815e-05,1.0625371096939637e-05,2.5369226932525635e-06,0.00018204296387082375,2.6075309230016996e-06,0.00010017817839980125,6.732313868582085e-05,3.220315484100435e-05,0.0002484358847141266,8.986460657808837e-05,1.1135174799524472e-05,0.0001910291612148285
410,9.493743560119727e-05,2.8119355161511372e-05,2.035684883594513e-05,0.0004218710555616567,9.58116921099747e-06,1.0210555046796799e-05,2.1307614742845093e-05,1.831044281600338e-05,1.2736767530441284e-05,0.00027412207154459134,6.237398311042391e-05,1.370732206851244e-05,0.0002460588285957549,0.0003051501032333226,6.0146674513816833e-05,3.7474666476328133e-05,0.00024014698217629526,8.580274879932404e-05
411,9.183312367823382e-05,8.39720299672872e-05,0.0001870468258857727,4.956674034878317e-05,0.00015402223844443452,0.0002894792705774307,1.5801516860952658e-06,5.186654195972907e-06,3.649294376373291e-05,0.00011318267533946824,5.9905189747223864e-05,0.0003356755478307605,9.375032759535717e-05,0.00010876628655070216,0.00018914509564638138,0.00014216039726944185,3.05950177321504e-05,0.0007409527897834778
412,0.000313977023133738,3.5245151869069125e-05,0.00013611465692520142,0.000236429048184425,5.5994894887154145e-06,4.8330752179026604e-05,2.8276953605108762e-05,1.176062808827625e-05,4.0978193283081055e-07,0.00011627848118077322,5.4983788198757766e-05,4.442245699465275e-05,0.0003480434464916138,0.00016113957830653745,7.150787860155106e-05,5.853248861747984e-05,0.00016547962204715994,3.72324138879776e-05
413,0.0001331885111860026,0.00020410433687251955,0.0001452649012207985,0.000258914493665649,6.659449894900679e-05,0.00013400265015661716,2.722093093308897e-05,9.568311819297109e-06,2.9649585485458374e-05,8.717308417910408e-05,7.695906885581139e-05,0.00020486162975430489,2.2144316368169492e-05,9.20186283901725e-05,0.0002578664571046829,0.00043302557118185536,0.00013550260636134917,0.00047212280333042145
414,2.7096682912244874e-05,0.00025310224731054515,8.902885019779205e-05,0.00021435951989050295,9.522152719092236e-05,0.00020135799422860146,7.972791897507825e-06,7.581152844174377e-07,8.746981620788574e-06,9.310383290848934e-05,2.6262417892539136e-06,0.00016040884656831622,0.00016111146945876897,0.00010119506573088959,4.049390554428101e-06,0.0002873744750434559,0.00019690768008312834,0.000131264328956604
415,0.00045793824382454884,0.00022513149690863224,0.00010410603135824203,0.0004225223512030196,7.567754524751003e-05,4.383525811135769e-05,8.35771360965104e-06,2.3381015112701724e-05,4.5824795961380005e-05,0.0001942949179401937,0.00030978049483791625,0.00041441008215770125,0.00015763701065210634,0.0002701361367384858,0.0005252622067928314,9.820211440716986e-05,0.000446950629370179,0.0009169243276119232
416,0.0004406057915032069,2.0058820972456565e-05,0.00029603391885757446,5.614859486043067e-05,0.0001721920690780851,0.0003405595198273659,6.719029431404011e-06,1.5356678335974854e-05,1.780688762664795e-06,0.0001033881291427341,0.0005234470420025436,4.512909799814224e-05,0.00017802714950797272,0.0001549903773598758,0.00013371556997299194,0.00020972480374495395,0.00037857486318965475,0.0002484004944562912
417,7.406177641978984e-05,5.392245002476537e-06,3.55057418346405e-05,0.0002730680851586592,0.00011240843546492588,3.738445229828358e-05,4.191918397983274e-05,5.392066986621008e-06,2.7302652597427368e-05,0.00012002843715461231,0.0001845491817790007,0.00032882558298297226,2.3962372512620345e-06,0.00010674136450132803,0.000309530645608902,1.8251449556055954e-05,0.00012047628367673618,0.0005452986806631088
418,0.00042543636403749585,6.23093802810705e-05,0.000400543212890625,0.0003976224113571847,1.0578918124812958e-05,0.000559996347874403,4.5525403317626945e-05,2.059146210939473e-05,2.8520822525024414e-05,0.00014334304916603646,0.00014554250727070311,0.00025640281819505617,0.000558557002626095,8.529612079391253e-05,8.317641913890839e-05,0.0004729456748890082,0.0003440793015295346,0.0006262119859457016
419,0.00022793060810659405,1.0135315050670973e-05,6.496533751487732e-05,1.394611335386875e-06,1.3670193555807147e-05,0.00010272720828652382,7.315943789512613e-06,7.091557027703995e-06,2.245977520942688e-05,0.0003707338695851381,0.000586739444103257,0.00021236726752249524,0.00045708028387816957,1.5297504623967666e-05,0.00028032436966896057,0.00024002814763859903,0.00019139519360228396,0.00024980679154396057
420,2.7934747916499858e-05,6.529382535515327e-07,0.00019333325326442719,0.0003331791907317666,0.0002319565839600697,0.0002784482203423977,2.184322825902682e-05,1.2347997716232774e-05,2.4050474166870117e-05,0.0001641395426319886,0.0005507694120117507,0.00026469984732102603,7.624192593067014e-05,2.311438944969761e-05,0.00040103867650032043,6.009588048153103e-05,0.00024641922426994756,0.00035017356276512146
421,0.0003303326123132305,0.000485606972802137,0.00018546171486377716,0.0003645621629742718,0.00016871270011241044,0.0003343680873513222,1.3369739435718439e-05,5.657781945017041e-06,1.3414770364761353e-05,0.0006287480759295389,0.000458170929147364,0.00013449690595734864,0.00047112582461315833,0.000166651942387578,0.0003296881914138794,0.00022888923755989832,0.00024237377385055714,0.0002578534185886383
422,0.00030463223108651016,0.00011351132860827617,2.6240944862365723e-05,0.00020811375071891347,0.0002340113585064807,8.63303430378437e-05,4.035591057683155e-06,7.530740980007337e-06,8.605420589447021e-07,0.00024458194560139646,0.00041307383239981565,8.205429548979737e-05,0.0004015516646046352,2.8139116593807467e-05,0.00016871467232704163,0.00041375353696257444,6.622924304814509e-05,5.035102367401123e-05
423,0.0003123990546038402,0.00022178326924596897,0.0005809403955936432,0.0005277508678141751,6.971353122218332e-05,0.0006707266438752413,9.057141892986759e-06,1.910729951570475e-06,4.466250538825989e-05,0.000439769879233734,0.00037227550233429746,0.00045216297075967304,0.0009825454192337046,0.00025224648857307026,0.00036369822919368744,0.000741086165591931,0.00013351153158123324,0.0005103852599859238
424,7.874591278261844e-05,6.590162566978003e-06,1.687370240688324e-05,4.265451417838351e-05,7.031527616465499e-06,0.0001442509237676859,7.386253305619386e-06,2.3056243501178887e-05,1.3012439012527466e-05,0.0001021338706683611,0.0003334174397860573,0.0003062865580432117,0.0006218625507020681,0.00040017415734847853,0.00014387816190719604,0.0005304324716010889,0.0004258873164770527,0.00011339224874973297
425,0.0003273898334313352,4.263080921867307e-05,0.00015048682689666748,0.00032406252030851845,5.233105992602169e-05,0.00011662719771265984,3.632042482839583e-05,7.804238427943332e-07,9.6932053565979e-06,0.0001885412212360993,0.0004377330468460991,0.0003639712231233716,0.00017524970396573525,0.00036781485930828875,0.0003887321799993515,9.008202614987915e-05,4.377757869317503e-05,0.0003368314355611801
426,0.00014214478977798983,0.0005626828663565196,0.0004961416125297546,0.0003404562144896095,0.00023922431790195098,0.0003465297631919384,0.00010845161842396728,3.6200560906750855e-05,3.547966480255127e-05,0.0006496838037988034,0.0003417014169561222,0.00017364442464895546,0.0002232278095003759,0.00028553012419321733,0.000304199755191803,0.0012629623721672756,0.0005765055389400954,0.0005818046629428864
427,0.0007846654137527581,0.0001704496356610928,0.0003971364349126816,0.00022661609539090244,2.273126330067793e-05,0.00035068579018116,0.00017819476577325861,8.771988245304466e-06,2.189353108406067e-05,0.00015558439686484682,0.00019905717117410515,0.00022505258675664663,0.0003956962975767142,0.0007368723425609063,0.00030249543488025665,0.0003436986460678415,0.0003510459458522623,0.00035599805414676666
428,0.000599679213827975,5.876053164911854e-05,0.00045115314424037933,2.904937112806205e-05,0.00010182998256583892,0.0005483105778694153,0.00010164406896781726,2.7609798737933053e-06,6.297603249549866e-05,0.0001350625480251999,0.00018696759362630405,0.0006688572757411748,0.00029879266754836986,9.700698932049029e-05,0.0004911161959171295,0.0006781326005210475,7.735095225586477e-05,0.0011149141937494278
429,0.00023636714362923472,0.00016967907175324468,0.00016821548342704773,9.852693025766412e-05,0.00010011141347824465,3.668200224637985e-05,0.0001005759121616677,3.9021767745528804e-05,1.895427703857422e-05,6.475191317223405e-05,0.00024646890330230764,4.618821549229324e-05,0.00019587186126583667,0.0006523841138876066,0.00017461366951465607,0.00019414258597372225,0.0006837998308151759,0.0002773776650428772
430,0.00031256241440051624,4.79011296796554e-05,0.00040203332901000977,3.261884407981808e-05,4.3476944751659474e-05,0.00041143083944916725,9.275732002874196e-05,1.3032240720680429e-05,7.609650492668152e-05,0.0002522527431171734,0.0002400502118022549,0.0005338530463632196,1.5375715535823065e-05,0.00017123086223307105,0.0005691181868314743,0.00027943546283470955,0.0002181383991975462,0.0012393444776535034
431,0.0007078460908371276,3.654269472293942e-05,0.0005074478685855865,0.0006286641575195956,0.0002704694918723924,0.0003989841789007187,0.00010426487970401598,3.619982554478379e-06,6.962940096855164e-05,0.0010429131027369226,0.00014940707595447605,0.00021601375192403793,0.0004930779265836516,1.802877015409307e-05,0.0003411807119846344,0.0014382654364984149,3.828295033717066e-05,0.0008891075849533081
432,0.0008454700584882846,0.00015347726767828487,0.0006964076310396194,0.0008406815843213788,0.00028204237100605545,0.0005123773589730263,0.00012905627121531128,5.271415024545598e-06,3.299117088317871e-05,0.00105897443498279,0.000213156738289276,0.00042472267523407936,0.0008867285444763146,0.00033138093513699826,0.00023166462779045105,0.0020146458609153206,8.47790959646634e-05,0.00021926872432231903
433,0.00017020225947080025,0.0001188299958264985,0.00035402365028858185,0.00040198991521096794,0.00012942557101578572,0.0001360955648124218,6.98097587770851e-05,2.210245164965233e-05,9.65222716331482e-06,0.0007016337395753663,0.0005504147848098689,0.00015385996084660292,0.000439813151776422,0.0003104952619476693,0.00015885941684246063,0.0011727667192646396,0.0001817883205007323,0.00019923783838748932
434,0.0005649690483347652,1.8267729594553805e-05,0.0005884729325771332,0.0006224153656097658,1.2043746870138428e-05,0.0005338415503501892,7.928026907898407e-05,4.482684179048365e-06,8.335337042808533e-05,0.0005948895732456605,0.00046722315477131654,0.0005928175523877144,0.0002557941473950859,6.806219423153084e-06,0.0007289871573448181,0.0007121998228405702,1.987859197418937e-05,0.0011358615010976791
435,0.0004818132171350853,0.00022460153967355373,0.00012227892875671387,0.00014030314519321296,0.00014388689001244154,0.00019617797806859016,7.4884894646024686e-06,1.7956858803097825e-05,5.1081180572509766e-05,6.581225494106668e-05,0.0005839341032442547,0.0004989324952475727,0.0001338994653663772,0.0003594596882588452,0.000636417418718338,9.340022179218921e-05,0.00025960789743908336,0.0007677599787712097
436,0.000527278717966706,2.0046648116719273e-05,5.420297384262085e-05,0.0002193117108505449,0.00022069021274033832,0.00011781509965658188,5.519860696610174e-06,4.165853034283668e-05,5.700066685676575e-05,0.00013539018664066038,9.307778168673314e-05,0.0004952706512995064,0.0012805737538257173,0.0005878382170058354,0.00031831301748752594,0.0010893238425306317,0.0007366810807502185,0.0005170870572328568
437,0.0004510947829526185,5.355412269961515e-05,0.00018269382417201996,0.0004418195899118793,0.00023814662800368536,0.0004357234574854374,5.561533955481673e-06,2.6220588299150256e-05,5.44525682926178e-05,0.000539719891617621,0.00026975606030522903,0.0006784191355109215,0.0012612693014747017,0.00046887665971125786,0.0004177950322628021,0.0007903564843959321,0.00038324176542533714,0.0010166913270950317
438,0.000740794707580969,9.763021426855562e-05,0.00031416304409503937,0.0008660011081556701,0.00013400648401185045,0.0005630180239677429,3.4866550160907867e-05,3.033711231396571e-05,8.966028690338135e-05,0.0005463589808853836,0.00010813774686701388,0.0011260572355240583,0.0013066040423913572,0.00010443450708869442,0.0008140001446008682,0.0006573179514487715,0.00044747319917696343,0.00177835114300251
439,0.0003348716300018151,0.00020490072352791905,0.0003544241189956665,0.0004445705946274914,0.00035911353650491806,0.0005662604235112667,6.33258034414795e-05,5.71274204459217e-05,5.099177360534668e-05,0.00011068880156174521,0.0008540403652606693,0.0004758810391649604,0.000705566550142589,0.0006170191644633994,0.000174790620803833,0.0007625240951426582,0.0008617613928649862,0.0009140986949205399
440,0.000745043667292708,0.00010946841207661387,0.00046727806329727173,0.0006192087118222916,0.00013627843469283044,0.0005745943635702133,0.00010492233629581273,3.691400386990145e-05,2.3506581783294678e-05,0.0003938130342523438,0.0003554923325481754,2.7828384190797806e-05,0.0003126240627932403,0.0005712742135210013,0.00011827610433101654,0.0012295634861070326,0.0005592237712957852,0.0004193168133497238
441,0.0002004981311956172,0.00015794364361296567,8.815713226795197e-05,2.0106068997660653e-05,0.00012358430937693676,0.0003644912503659725,6.211739455317354e-05,6.501737118483515e-05,9.190291166305542e-06,0.00027717815219861774,0.0003946554503825861,0.00011482555419206619,0.0002541891261067797,0.0009621739979715589,0.00027816928923130035,0.0007291836966199228,0.0010075565305181118,5.817227065563202e-05
442,0.0009385687728212105,0.00020151784839637574,0.00045814551413059235,0.0010233775517883015,0.0002450211489804441,0.0008174660615622997,6.439995340797033e-05,7.413198872107361e-05,5.1762908697128296e-05,0.0008815940749266338,0.000603344671815248,0.0006487868959084153,0.0009628118085002746,0.0013342882760143853,0.00018647313117980957,0.001933495755132325,0.0011263089158253317,0.000967610627412796
443,0.0006398407999269745,0.0002979486882148698,1.3764947652816772e-05,0.0005931268631501341,5.723934527048641e-06,0.00016615493223071098,5.592380138950449e-05,3.859864724500188e-05,9.465962648391724e-06,6.0967643338502575e-05,3.395855679197424e-05,6.118568126112223e-05,0.0005316032630996725,0.001348926574395148,0.0001369919627904892,0.0010442333658267078,0.0005220331257873786,5.3295865654945374e-05
444,0.0009946109349059512,0.00026909770720476636,0.0002796351909637451,0.0006915637395888546,8.744381109214786e-05,0.0005145808681845665,0.00014997937585572996,4.499125504233738e-05,6.679445505142212e-06,0.0007536153607791696,5.8507293715946707e-05,0.00024161627516150475,0.000545408850171375,0.0007019780967654383,0.00011737458407878876,0.000554972526993297,0.0006353370690940705,0.000285513699054718
445,0.00043344149748621164,0.00033513978412336165,5.1252543926239014e-05,0.0011628748400561717,0.0003270138632604641,0.0003641652874648571,5.442715145781776e-05,8.107101306475267e-05,2.06679105758667e-05,0.00086435052156833,0.0005958559311352862,0.0007607199950143695,0.0007628108474443951,0.0013239737881515518,0.00016028992831707,2.3979841753202225e-05,0.001118274817613188,0.0007044356316328049
446,0.0007456735181305962,0.0006746421653547469,0.000467933714389801,2.2645191020798094e-05,0.00028398785859133635,0.000759979709982872,6.442606185524426e-05,7.406342520982078e-05,3.5956501960754395e-05,0.00011647190476835045,0.0004945121484151715,0.0006353590870276093,1.6199665714020095e-05,0.0010683378868948067,0.00023173540830612183,0.0003195871107639914,0.0010700848370275295,0.0008295327425003052
447,0.0006661938307238185,0.00023669960200102189,8.623301982879639e-05,0.0006947251069185784,1.1365721789224903e-05,0.00033537810668349266,0.00011280772035022167,3.552328925378171e-05,1.2598931789398193e-05,0.0008612723973286246,0.00046308034221599625,7.079530041664839e-05,0.00031743348828834617,0.00021427035804817522,0.00030659139156341553,0.0010960470280655943,0.0004178636357182533,8.90139490365982e-05
448,0.0012965412457025954,0.00019530765652392423,0.00023749470710754395,0.001276299493766786,0.0002061757592466268,0.00014377105981111526,0.00010571475817913734,2.5616224893186545e-06,2.3286789655685425e-05,0.0013486949043674118,0.0008513574022376499,2.4377251975238323e-05,0.0009969338648115333,0.0004051049310852921,0.00018398277461528778,0.0004884824481714012,0.00019154710502070765,0.00017793849110603333
449,0.00018067293389623096,0.0005061606140140951,2.8695911169052124e-05,0.000754418742878335,0.00011246014827838435,0.00018557114526629448,4.1055881072706024e-05,2.1702098371226275e-05,1.5832483768463135e-05,0.0006393836586716106,0.00025975192339305203,0.00030991784296929836,0.00045183097006486206,0.00039466722129528724,0.0005284491926431656,0.00011986052611759335,0.0005270016024780076,0.00072459876537323
450,0.0002941751373588264,0.00017010164098434435,0.00028708018362522125,2.6130746778596503e-05,6.620634874169445e-06,0.00035423925146460533,3.132914494975714e-05,2.487196322143435e-05,1.1682510375976562e-05,3.184975752690278e-05,0.000649012615070145,7.520429790019989e-08,0.0001222842240411609,0.00019291482138745,0.00011755526065826416,0.000282366304169418,0.0004832993029173019,0.00017195753753185272
451,0.000442591658204497,0.0001522088433602714,0.0005198866128921509,0.00024794381723293457,0.0001258314842024072,0.0003430577926337719,6.005302371625901e-05,4.765823194151841e-06,4.482641816139221e-05,0.00033832651605726627,3.5850549590585312e-06,0.0007985574193298817,0.00030330453721424955,2.009827523910719e-05,0.0006113722920417786,0.00028963069838994215,2.9242930037542275e-05,0.0007534995675086975
452,0.0003171889607685163,0.0004356527787652796,0.000131240114569664,0.0004865658921452687,0.0002646971726762738,1.7772428691387177e-05,4.351642655719794e-05,4.30226808966188e-06,1.8086284399032593e-05,2.833702547611061e-06,8.460396023120959e-05,0.00023508025333285332,0.00015491701481692988,0.0001260363220396618,7.159076631069183e-05,1.9073583809120498e-05,7.745224617554392e-05,7.320567965507507e-05
453,0.00011871303806094968,3.7003027889004336e-05,0.00021499954164028168,0.00019348327897550366,0.00014222482157437086,0.00021895160898566246,4.236418618473563e-05,4.591733530221994e-06,4.025176167488098e-05,0.00021302833415946798,0.0003426020795596202,0.00044941320084035397,0.00020127784658208192,0.0006423653903639259,0.0004022829234600067,0.00016335366720607314,9.775961141225697e-05,0.0008594878017902374
454,3.5978518192508746e-05,0.0002435761294784372,0.00013864785432815552,6.442730655742412e-05,0.00016847787331138522,7.615238428115845e-05,2.4623164236911924e-05,3.7189226689950203e-06,1.3496726751327515e-05,5.31426883402103e-05,0.00020750628339120947,8.246325887739658e-05,5.0692103133631594e-05,0.0004492680746680279,2.407282590866089e-05,2.435951945187198e-05,6.072234469043508e-05,0.0003519635647535324
455,0.0006790762692959473,8.878680075900466e-05,3.950297832489014e-05,0.0006915667109380769,0.00018365148866918146,2.4034176021814346e-05,9.14479925220972e-05,1.477600901824425e-05,2.977624535560608e-05,0.0005552563693502766,2.761479308734105e-05,0.0005790782161056995,0.0005248855078869158,0.00027432049041269634,0.0005773808807134628,0.0006808102266476768,0.0002361218883553083,0.00077841617166996
456,0.00018156088609934395,3.864117878477069e-05,2.5002285838127136e-05,0.00015618145353768487,4.505179944963231e-05,1.975754275918007e-05,7.65557413194215e-06,1.0279353371561804e-05,4.425644874572754e-06,0.0002981546405726315,0.00042900786215657044,8.787796832621098e-05,0.00012114774805976891,0.00013824125027881405,7.601827383041382e-05,5.4542313075750526e-05,0.00018290237422484423,2.177990972995758e-05
457,0.0005634196089697452,0.000132928942802292,0.0001140255481004715,0.00027330705337857975,6.002768065777389e-05,0.0002654348500072956,4.228476841984172e-05,1.4927810443560868e-05,2.171844244003296e-06,0.0006441044485706593,1.128096198314138e-05,0.0001408313401043415,0.000646025492143501,0.00035614505226465656,4.350021481513977e-05,0.0007021312920195699,0.00041783370433498904,0.0001760292798280716
458,0.0006230403465736362,8.55154048906466e-05,0.000593140721321106,0.0007762898025562015,0.00023142477743293838,0.0004916423931717873,0.0001337221515502994,4.596855882593905e-06,4.437193274497986e-05,0.00017942765175225917,0.0003643458670588781,0.00013938173651695251,9.259616524978642e-05,0.0006072084327789374,0.0002725403755903244,0.0004467808803044482,0.00021960607721121725,0.0008172597736120224
459,0.0008903108676553417,4.574073915468782e-05,5.6901946663856506e-05,0.0008431700425070299,0.00025395032050361255,0.0001960056833922863,4.679731213920284e-05,2.6402435677292876e-06,2.9616057872772217e-05,0.0005303935162162959,7.21522150540152e-05,0.0003766752779483795,0.00035277707080730303,0.0004256360429975327,0.00018432922661304474,0.0012444269302479272,0.00026673685713900566,0.0005612466484308243
460,8.789018459290365e-05,0.00015920299260181042,0.0001456979662179947,0.0006061807213813414,5.298361199628995e-05,0.00011630496010184288,1.4175567430189592e-05,8.66526089234672e-06,1.3969838619232178e-06,0.0004175636861373372,0.00011896291771869988,0.0001291728112846613,1.6956799417822133e-05,6.185009076128262e-05,0.00012547150254249573,0.00042634328798854537,0.00034855687137587757,0.00012259185314178467
461,3.208012561807527e-05,1.5022719256560513e-05,4.122033715248108e-06,0.0007966562566145974,0.00021472915669121587,0.0001455172896385193,5.113910620151499e-06,2.488194288828723e-05,1.5504658222198486e-05,0.00014491053254604702,0.0004475856868932232,7.155025377869606e-05,0.00017989392607753452,0.00012460679097042737,0.0003096386790275574,0.0001310311994336677,0.00045203989340913617,0.0002924557775259018
462,0.00034066956495118483,6.965881637563745e-05,3.788061439990997e-05,0.000495279147968028,1.815349265704702e-05,0.00012177787721157074,1.1182493983092484e-05,2.8142967083777956e-05,8.195638656616211e-06,0.0007517690751875084,5.1710870061172365e-05,0.00017697771545499563,0.00038336644543791876,0.00028720781112920746,0.00039241835474967957,0.0005974019259862573,0.0004087522799191799,0.00032989680767059326
463,1.4823809241684693e-05,5.007752213355421e-06,0.00011115893721580505,7.830853069451527e-05,1.4137414430730189e-05,0.00023733871057629585,1.6873811066499267e-06,2.5107714762814598e-05,1.8283724784851074e-05,2.0977549497008807e-05,0.0003062752828907403,9.77878225967288e-05,0.0003786691377782453,2.510922911590826e-05,0.00032759271562099457,2.516192246010407e-05,0.00046206931750679067,0.00021353363990783691
464,0.00046407490471554735,0.00019220313582653595,6.072968244552612e-05,0.00013014995111025607,0.0001258715048072477,8.083414286375046e-06,2.501525432850593e-05,7.967802866445418e-06,1.0591000318527222e-05,0.0006290859958051065,0.00030505815408307657,1.0044779628515244e-05,0.0005041714069036196,0.00013071535800905122,1.025572419166565e-05,0.0009749862585558267,0.00019988343919355792,0.00010551512241363525
465,0.0004069275228541641,0.00033437137743226944,0.00018457509577274323,0.00046966794429581515,0.00013222707804635622,3.695813938975334e-05,3.1581550740088227e-06,2.7161365654710442e-05,1.8712133169174194e-05,0.00023671851764613117,0.0007075822900914283,2.7162954211235046e-05,2.508831425351854e-05,0.0004938112071343169,0.0002897921949625015,1.4507063808094633e-05,0.000551875888886999,6.36465847492218e-05
466,1.6998314897320732e-05,0.00021196070583731977,0.0005062129348516464,0.00011006079778494438,0.00010569859667798262,0.0004944438114762306,4.1411709365921784e-05,1.613098523798673e-05,2.8908252716064453e-06,0.0004330076246825687,0.0009118407046892971,0.00011923699639737606,0.00013822398581200823,0.0005614790939525854,0.0001374911516904831,0.00012986366065131927,0.0002339483212842712,3.61073762178421e-05
467,8.273310752660024e-05,0.00010764816880354938,0.0003741234540939331,9.67156402526953e-05,0.0003497943566978974,0.0001521003432571888,5.833088113882563e-05,2.6492517876174375e-05,1.0401010513305664e-05,0.00020292157022103186,0.00023466233426319705,0.00013166293501853943,0.0006549695177094084,0.000917919039141419,0.00021358951926231384,0.0009924863260014904,0.0006382392885313018,0.00017220713198184967
468,0.0008221690534912784,7.134661914912424e-05,0.0005461405962705612,0.0002175274380580572,0.00010044071939561972,0.0006995187141001225,0.0001150442844379488,1.0260503537127793e-05,3.7804245948791504e-05,6.16193875064841e-05,0.00012982258016056014,0.00044275890104472637,0.00011167055348297594,0.0010650918180750545,0.00019149668514728546,0.00020062019907746143,0.0002503389848998762,0.0005148947238922119
469,0.0005973618575529499,0.00035763731745842506,0.00011105835437774658,0.00034067886819887094,0.00012837601594414827,3.519188612699509e-05,9.749315095780933e-06,5.0076144192858635e-06,1.496821641921997e-05,0.0003994672871137084,0.0003475099484541791,0.0004909844137728214,0.0004793264567225092,0.0003118038927734136,0.00043492764234542847,0.0005753345257386577,4.94800348006634e-05,7.306225597858429e-05
470,0.0004530485135009338,3.489971834322661e-05,1.700781285762787e-05,0.00016513347456446892,6.695501346687394e-06,0.00013060122728347778,2.8651434140809437e-05,4.098246191143332e-06,2.5600194931030273e-05,0.0005588981068234827,0.00011479437926580072,0.0005548474146053195,0.0005814848499876846,0.0006338794995116217,0.000382421538233757,0.0002596897792952746,9.14971046867899e-05,0.0006405077874660492
471,0.0010334709629735567,1.3272744149955135e-05,0.0002153553068637848,0.00022786110209165045,0.00015334269627692576,0.0003571449778974056,4.041217788949489e-05,1.2653366691175094e-05,3.281235694885254e-05,0.0010895134117009375,0.0007033982307649914,0.0003544159699231386,0.000998813407140156,0.00042585533434454613,0.00015698745846748352,0.0004997751183428434,0.00020128009254935866,0.0006145257502794266
472,0.0004012386863015138,0.00022765086580142646,0.0003909394145011902,0.0009110037461828868,0.0001076445261446804,0.000464447308331728,7.381752843969337e-05,1.725298822345656e-05,3.88510525226593e-05,0.0009622942886594321,0.000374733744465644,0.00018519244622439146,0.0011040504964999476,0.0003171202785081321,4.6681612730026245e-05,0.0003036558330569983,0.00027356806924921234,0.0005837418138980865
473,0.00011945092725298978,8.735465388917327e-05,0.00016668438911437988,0.00029402887692682456,2.5416293608290785e-06,6.20279461145401e-05,6.296697755661662e-05,1.2183450006601239e-05,4.551932215690613e-05,2.9132974124615463e-05,0.0002982791124199746,0.00031258235685527325,0.0004427621405054538,4.473956454014577e-06,0.0004224684089422226,0.00021981346664171064,0.00032338032947598627,0.0008542723953723907
474,0.00011906811463988087,0.00020016205365833845,0.00021504051983356476,0.0003881760462627615,0.0001120891790705042,0.00019436655566096306,4.9880467372885595e-05,8.766166230212867e-06,1.2326985597610474e-05,4.877246612984554e-05,9.148832840157745e-05,7.60415568947792e-05,0.00010056630522081722,0.00017677845999056023,7.695332169532776e-05,0.0005563174140838789,0.00020280352923535486,0.0002578478306531906
475,0.00020679081268328015,0.00032453616018673914,3.6388635635375977e-05,0.0002503275786645137,1.554695646473203e-05,0.000292173121124506,1.924231813974983e-05,3.764857165352697e-05,1.2964010238647461e-05,3.586291598557667e-05,0.0001528582856706387,0.00033473840449005365,1.8383197906424176e-05,0.0006396583838284928,3.234297037124634e-05,0.00010508406224726818,0.0007082082025465647,0.00015795789659023285
476,2.8138841013103377e-05,4.151817208565903e-05,5.021132528781891e-05,3.9351044781366085e-05,5.126909056745593e-05,0.00015095435082912445,5.5220833537452524e-05,1.184466553602083e-05,1.0516494512557983e-05,0.00022149373712071485,0.0002614787506961397,0.00029422459192574024,5.502334169890655e-06,0.00016348558232482692,0.0001786593347787857,0.0004819363166788382,0.0002262031309085942,3.6731362342834473e-06
477,0.0003024047377888639,0.00014803744436238386,0.00017843954265117645,0.00026202483348762573,1.3830580604369536e-05,0.0003309473395347595,4.7970594574940975e-05,1.7482639853904107e-05,3.361701965332031e-05,0.0005589397708158361,0.0002875438390130963,0.000554200611077249,0.0001467567766618716,0.0005803218820643694,0.0003330893814563751,0.0005620474758110394,0.00030039822500861277,0.0008288994431495667
478,0.0007013650258616277,2.2657868307542767e-05,6.160326302051544e-05,0.0002760752457488941,2.115755409315065e-05,4.9758702516555786e-05,1.2856318200703959e-06,1.9241778132053503e-05,2.763420343399048e-05,0.000490192982437701,0.00032940851911673896,0.00018292246386408806,0.0005015622943685683,0.0002644049112063996,0.00021163560450077057,0.0011759100764949237,0.0003373540231838487,0.0005542188882827759
479,0.0007578641495934596,0.00012959760624359565,6.32554292678833e-05,0.00012791142739961014,2.5653899655950912e-05,0.00020848959684371948,3.468362802506661e-05,2.2793926942239013e-05,4.728883504867554e-05,0.0001253635594925251,3.149187938352588e-05,0.0007116555934771895,0.0001570025638957251,0.00036679027566996307,0.0005129408091306686,0.00011007205302004941,0.0002444138499494257,0.0010176002979278564
480,8.677025638319236e-05,0.00010610241158695577,0.00045815855264663696,0.00010273676180447278,1.8931701371342757e-05,0.00043175462633371353,8.307800644109624e-05,2.0905399858374592e-07,4.361569881439209e-05,0.00013820407527874445,0.00011686600542903242,0.00020543101709336042,0.00033124477783631756,0.00039321895447149216,0.00019991397857666016,0.0003520753719240821,0.00010527850757488869,0.0008109007030725479
481,5.399345798443034e-05,4.7248276347180984e-05,5.546398460865021e-05,3.9979869464606965e-05,6.843405304900185e-05,0.00012964708730578423,2.732095769574297e-05,9.15341020659181e-06,2.500787377357483e-05,0.00019600512926590263,0.00025727737458811073,0.00034216721542179585,0.00035312709404319853,0.0003330584636529743,0.00019362568855285645,0.00011277882669558092,7.532154328704008e-05,0.0004653818905353546
482,0.00013531471149763608,0.0001624174755344085,0.0002200435847043991,0.00025547791816073195,0.00013364446450987374,7.201172411441803e-05,4.187182924184421e-05,2.0395432042624425e-05,9.428709745407104e-06,0.00038160952322140174,0.00042812212805562466,9.243795648217201e-05,0.00015103364776111738,0.0006049475869492095,0.00011079944670200348,8.659535910257588e-05,0.00043009884744325474,5.7209283113479614e-05
483,0.000294089094067973,0.00021230866652718894,8.814781904220581e-05,0.0004192917811476071,0.00012866048074379466,9.106891229748726e-05,1.6731273460589974e-05,1.707655048448849e-05,4.172325134277344e-06,0.0001678613776594784,0.00042212425093181294,0.00014235544949769974,0.0003967920737465297,0.00017083434226422382,0.00011800974607467651,6.717925272953229e-05,0.00027121583631416896,1.0516494512557983e-05
484,0.00012613928034020672,1.680182747487713e-06,0.00025843456387519836,0.0002809159968512609,4.09626945866888e-05,0.00032405927777290344,3.8341796699528294e-05,7.146642379699322e-06,1.2375414371490479e-05,3.4152471127063544e-05,0.00015138362976852004,0.0001726571936160326,0.0002478070982307873,0.00029401611958189064,5.916319787502289e-05,0.00010307653854824128,0.00025531483819368414,0.0003326833248138428
485,1.7073961206301447e-05,8.84348164442543e-05,0.0002013854682445526,6.229736219223736e-05,7.516879047479025e-05,8.576503023505211e-05,9.208976949784918e-05,1.0047882507539276e-06,2.300739288330078e-05,0.00025566687431452517,0.00038596692615926187,8.041271939873695e-06,0.000355323467389132,0.0001691569622193946,0.00019702687859535217,0.00046743827804346383,5.737826438068083e-05,0.0004594363272190094
486,0.0003870820223296212,1.446178425727404e-05,0.00040790438652038574,0.0004952659169339402,8.366108061925656e-05,0.0004095076583325863,7.637307205733343e-05,5.116243574934199e-06,2.5745481252670288e-05,0.00023711573992082902,5.775334335891835e-05,0.00019298703409731388,0.00013874408444154718,0.0002565046389995367,0.0002011675387620926,0.000266471010098579,3.2617309379711495e-05,0.0002247001975774765
487,0.00010961834190553743,4.459667740960502e-05,0.0002833288162946701,0.0004264865137703078,0.000123716434963346,0.0003584194928407669,3.8309131819218994e-05,1.0261166122349724e-05,3.3598393201828e-05,0.0005113774153380352,0.00010957064003822015,0.0004959956277161837,0.00011425616414252604,0.00014760103889089812,0.0003947671502828598,0.0003062876095986933,2.023395557616131e-05,0.0003958307206630707
488,5.3922688057775336e-05,0.00028482454305391383,0.00030384212732315063,1.026238241448596e-05,4.7285558518704585e-05,0.0002047969028353691,5.0652361514842356e-05,8.767662105915904e-06,3.553926944732666e-05,0.00042239451300840614,8.370767840770732e-05,0.00032738083973526955,7.798993492842687e-05,0.00019013898646706023,0.00047862716019153595,7.646219866414006e-05,0.0002619273603250982,0.0004382915794849396
489,1.8530983775924548e-05,0.00021323275239710365,0.0004326924681663513,0.00011673390132474482,3.5580272091089576e-05,0.000354573130607605,7.170069297239394e-05,3.6294028400022434e-06,3.6831945180892944e-05,0.0003827461342815197,5.573490897747835e-06,0.00028918683528900146,0.00012623480632603656,9.144590907339545e-05,0.0004093144088983536,4.603591663410178e-05,0.00022039669513378157,0.0005349665880203247
490,9.664486766566838e-05,0.00022725840602365668,0.0005152542144060135,0.0001429515615810617,3.154267517600784e-05,0.0005593542009592056,7.167382410139082e-05,2.2314726055305562e-06,4.392862319946289e-05,0.0001498402869180987,5.636226907271974e-05,0.0004723512101918459,1.0973307851561143e-05,6.774776161549978e-05,0.0004145931452512741,0.0003204228025900091,8.217699035093645e-05,0.000725356861948967
491,0.0005643098999675994,0.0001140906261360812,0.0005508549511432648,0.00048726006784319265,7.141582315267625e-06,0.0007230965420603752,5.891962710101624e-05,1.1389547352708834e-05,4.493445158004761e-05,8.178856464605144e-06,0.00028420043609293094,0.00042535155080258846,0.00014730354349533348,0.00028795693408079255,0.00020465441048145294,0.0009784464670426485,8.56718644783698e-05,0.000521121546626091
492,0.00023756055920355623,0.0001274589376851834,0.00045217759907245636,0.00026487544594309964,1.8741377632337797e-05,0.0005095680244266987,4.402309170509211e-05,1.8698537093551643e-05,3.901869058609009e-05,0.0003698178170018218,0.00030543519241352235,0.00022989814169704914,0.0003597476579390163,0.00015408257891131281,0.00016699358820915222,0.000597945189591359,0.00012088847716195186,0.00040114857256412506
493,4.251469050356449e-05,0.0001556996208535097,0.00025581009685993195,0.0005516404573342876,1.57278681846805e-05,0.00029325950890779495,1.8225223042124886e-05,1.5143099531027097e-05,2.7097761631011963e-05,5.103695760608207e-06,0.0001680663516319958,6.80629163980484e-05,8.429133639097086e-05,7.16792651750224e-05,9.369105100631714e-07,0.00046988465021141623,9.441237261247765e-05,0.0003304891288280487
494,0.00019146350778742605,7.220597157309855e-05,0.00026481039822101593,0.00022392435465251603,5.710232797821735e-07,1.3696029782295227e-05,4.937940155996454e-06,3.1206013841586716e-05,1.58064067363739e-05,0.00028060824294590114,7.159113050216048e-05,6.733881309628487e-05,0.0002914619544651942,0.00017158861025375755,0.0004647914320230484,0.00032196635939274465,0.00035888846621165427,0.00016434676945209503
495,0.0002506842884097693,2.322139371931098e-05,0.0003282800316810608,0.0003321483572793632,8.858060054350858e-06,0.00024513108655810356,5.256285270586851e-05,1.6805898786184095e-05,2.8010457754135132e-05,0.00015812969866427218,0.00039685338098437856,0.00015524844639003277,0.00010539067912172795,0.00016877237363349326,0.00028942152857780457,0.00011267018417876473,0.00017921497073624532,0.0005871392786502838
496,7.145325249530154e-05,0.0001610264198938019,0.00029562972486019135,0.00019049204542075093,0.00016728773523025375,0.00027282489463686943,4.300380015514332e-06,1.8550219206226945e-05,1.2271106243133545e-05,7.474093066688059e-05,0.00023105490308694687,5.344348028302193e-05,0.0006175830218966838,0.00010766108861200684,2.5134533643722534e-05,5.298395189848315e-05,0.00021981552207949936,0.0003791581839323044
497,8.386854271409672e-05,0.00017270200137096264,6.801821291446686e-05,5.788268522516349e-05,4.9015095941896264e-05,0.00014127092435956,3.690039933539578e-05,3.3336868535515773e-06,9.153038263320923e-06,3.519399692072933e-05,0.0005512265721363124,0.00016440940089523792,0.0005685252583934042,0.0002161469521542083,0.00021993368864059448,0.00016719896560574155,9.540979336724459e-05,0.00036780349910259247
498,2.2258139633662966e-05,5.5302660793139086e-05,2.276897430419922e-05,7.031255454026386e-05,9.228263596776712e-05,7.291371002793312e-05,1.4000910282894324e-05,5.618510383860161e-06,1.2993812561035156e-05,0.0001548998255144901,0.0003851858403059877,0.0002451620530337095,0.00016594979192043058,0.0001704924593345404,0.0003121979534626007,9.896687621413491e-05,0.00015985609627747546,0.0003973953425884247
499,0.00029604939750596526,0.00018348568418047675,9.266100823879242e-05,2.7143540424559576e-05,8.079636868372347e-05,0.00019827671349048615,2.4383509312863802e-05,1.7825259011993236e-05,2.1744519472122192e-05,2.5989659397512854e-06,0.0007134514617062881,0.00011615804396569729,0.0002815110656657488,0.0004390129172125515,7.76238739490509e-05,7.5140549359031805e-06,0.0002831659946515193,0.000319676473736763
500,0.0003761338275474063,0.00045949943836784066,0.00013097934424877167,9.779565993128791e-08,8.845225146928912e-05,8.222740143537521e-05,1.8331197382722916e-05,1.9375660052327326e-06,1.5236437320709229e-06,0.00026403454668563753,0.0002980840406703045,0.0001924796961247921,0.00017698827303795628,0.0001421913749015246,0.00016684643924236298,3.360309501942993e-05,2.64912534667823e-05,0.00020395033061504364
501,1.3484851465295211e-05,0.0005066823634657068,0.00041120685636997223,0.0004219752291863277,9.080398147757324e-05,0.0006156307645142078,4.982160398148486e-05,3.6543553932408615e-05,4.130229353904724e-05,0.0007247157337594984,0.00016708745433962474,0.00047963298857212067,0.0006701693288587718,0.00023169923005131494,0.00014457665383815765,0.000793244214021438,0.00028518623106137467,0.0011830385774374008
502,0.0005097928265141854,0.00017487334901581525,6.818585097789764e-05,0.0006173548990516114,8.250060755973093e-05,0.00014484021812677383,3.5173051058465937e-06,2.3978443872660002e-05,6.198883056640625e-06,0.0002622485309997785,0.00038405812846237924,7.703457958996296e-05,0.0009529665378274488,1.962581805394978e-06,3.510713577270508e-05,0.00014356011303331973,0.0004956562312716066,0.00013001635670661926
503,0.0006053938784977148,1.1313153693112699e-05,0.0005212873220443726,0.0008658517979491381,2.183819595269129e-05,0.00045589078217744827,5.55630177269343e-05,3.1590124828686627e-06,3.663450479507446e-05,0.0007210271962431597,0.0003731119204911232,0.00010988744907081127,0.0009074520334787228,0.0001175147233412454,0.00018524937331676483,0.0012706572260067217,2.6096515495482864e-05,0.0005928557366132736
504,0.0006623117239723253,5.018505340015009e-05,0.00046850554645061493,0.0008600792307402044,1.4586609433188402e-05,0.0003251628950238228,4.381611407546296e-05,2.3172695078507678e-05,6.299465894699097e-05,0.0007182992216567818,0.00036261470206235685,0.0004683109000325203,0.0008062210724723157,0.0004801240146080025,0.0006142817437648773,2.7948562737273308e-05,0.0003396058216104565,0.0012559089809656143
505,0.0004591026785971397,0.00011439847371425699,0.00013252906501293182,0.00045001006241417174,1.747836176999029e-05,0.00018716789782047272,8.64532426017757e-06,1.2927060238752822e-05,5.093961954116821e-05,6.0456430045346954e-05,0.00021492064583770315,0.0005840454250574112,5.4326783485617036e-05,0.0003880398417612906,0.00047746114432811737,0.0004757918825284979,0.00020200589706713748,0.0010065045207738876
506,0.0011798634975655198,0.0005141758333682758,0.00014432519674301147,0.0013230144844244701,0.00018164993640629526,0.00030046049505472183,5.8711657377455775e-05,2.7763558105604793e-05,5.3122639656066895e-06,0.0006474996208107736,0.0015705776290807424,0.000725975725799799,0.0001830344335323475,7.321396495409138e-05,0.0010422486811876297,0.0010322450624299928,0.0004263747754732171,0.0008610766381025314
507,0.0008004030343540247,0.00036611842397996086,0.00016134977340698242,0.0009044899167098552,1.02408526686526e-06,0.0004042331129312515,5.969139779374126e-05,6.0957834886982186e-05,6.780028343200684e-06,0.0008097505681013972,0.002468359002195261,0.0009117668960243464,0.0006741056660292122,0.0004169458261371276,0.0012466683983802795,0.0014955908758297332,0.0010903243865839178,0.0009326525032520294
508,0.00022370690326786735,0.00044874121953530216,0.0005791354924440384,0.0006091066620541596,0.0003691395362938679,0.0007111695595085621,3.029583181110053e-05,1.4494938559828693e-05,0.00012607499957084656,0.00017400736255197835,0.001607914892540585,0.0007409527897834778,0.00015621819101778456,0.00033806164940570343,0.0006712190806865692,0.0010877320765609044,6.861983725689122e-05,0.0019062738865613937
509,0.0006305936563307246,0.00025672646724973075,0.0008682217448949814,7.9287591103816e-05,0.0003940323639029762,0.0012358962558209896,6.958549909764911e-06,9.069022156249409e-05,0.00020179152488708496,0.002999743669238733,0.0012317710285400518,0.003555634990334511,0.002069034774933823,0.00017347204783973308,0.0031168200075626373,0.0006030896996790658,0.0013096230578240296,0.00432177446782589
510,0.001114057595002521,3.996714468685811e-05,0.0002918839454650879,0.001041443602978323,5.310737150292927e-05,1.190975308418274e-05,2.0638903223181918e-05,1.85092588238611e-05,9.287148714065552e-06,0.0008049845902452224,0.0005045348503481331,0.00042679253965616226,0.0011298412057353796,0.0007139804531170347,0.0007269848138093948,0.0013030018141473865,0.00035734412677512414,0.0013482198119163513
511,0.0010490986034645683,0.00030857247476664615,0.0001234598457813263,0.0019830517834561467,0.00015660365946334673,0.00036379415541887283,1.4617220202971931e-06,2.966109892837271e-05,1.1760741472244263e-05,0.00010704897586821804,0.0007414407557971153,0.0004080887883901596,0.0006365006830215958,0.00038506012019884697,6.515532732009888e-06,0.00033512805488522535,0.0004317508541138819,0.0009386800229549408
512,0.0004535902130864411,1.809683167969256e-05,0.000570712611079216,0.0007469859017779634,0.0003693239606219305,0.0006190547719597816,3.366462218175499e-05,2.2714156422024923e-05,2.3622065782546997e-05,0.00026328042116234573,9.297762072019156e-05,0.00044987816363573074,0.00012382042614425548,0.0009387449649721283,0.0005699619650840759,0.0010538865810433007,0.0004544842246730109,5.603209137916565e-05
513,0.001215863096811376,0.00010318384660470623,0.0012281816452741623,0.000866563749544344,0.0003031774270892268,0.0011581210419535637,0.0003389756495653807,5.853854601512278e-06,5.926936864852905e-06,0.002878720284109418,0.0009811423981739079,0.0016242056153714657,0.0027852648944233643,0.0011201382189995335,0.0017258375883102417,0.0002782229786619239,4.664830891276325e-05,0.00014653801918029785
514,1.1435515716931577e-05,4.353175097115969e-06,0.00014087185263633728,0.0013823623293015008,0.000532802700587004,0.0005835220217704773,7.580610457445965e-05,4.561552332154727e-05,1.0754913091659546e-05,7.791832379110131e-05,0.0014247181730439873,0.0007447046227753162,1.4364398818439428e-05,0.0001338092480852142,0.001450464129447937,2.57478167178804e-06,0.0008395530504860978,0.00025967881083488464
515,0.0012436509994191158,0.00025715433936733187,0.00047137029469013214,0.0019150814671558825,0.00010827018735236685,0.0006363121792674065,7.82157988562203e-06,4.479573258646223e-06,5.4523348808288574e-05,0.0014590335706500396,0.0003881970829536438,0.000548461452126503,0.0013489816101452945,0.0010521905420469348,0.00039562955498695374,0.0009108699506000517,0.00015211165852226788,0.0013501457870006561
516,0.00020547243627293266,6.831866987999993e-05,0.0002559870481491089,0.0005568193296235785,0.0003475813620001447,0.0004013869911432266,0.00016839357282956782,6.006208494743846e-06,4.167482256889343e-05,0.0002285872296903385,0.0012567456159427379,0.001976020634174347,0.0007839329684994345,0.00019455913369593493,0.0022650640457868576,0.0020404915478390573,4.2723142535398134e-05,0.0020685866475105286
517,0.0003937562477491219,0.00033550011043535083,0.0002603214234113693,0.0007654060352714209,0.0002082051986110854,0.0003302348777651787,0.00010309900789200015,9.269768546759987e-05,4.645437002182007e-06,0.00040186257109470214,0.0013830829878918594,0.00013721175491809845,0.0010562351967670497,0.00038114838677627896,0.0006528869271278381,0.0006913071970225393,0.0015576332430019928,0.000772472470998764
518,0.0012071200695156215,0.00032298884389749677,0.00012455880641937256,0.0007931974745223613,0.00039246706651948834,0.0006222287192940712,1.704911217647459e-05,7.407127047118298e-05,2.931058406829834e-05,0.0009285153726617812,0.0003606454075969559,0.0015817801468074322,0.0004929344559603949,0.0014905641454218948,0.0009488612413406372,0.001313933900858072,0.0010051184282792482,0.0012737512588500977
519,0.0007292158655867742,0.00019128151447817335,0.00019988231360912323,0.0012056424220983075,4.742919988350372e-05,7.896870374679565e-05,8.042174834931026e-07,1.8581376226659138e-05,3.7401914596557617e-06,0.0010012156275675949,3.626781116652239e-05,0.00048375828191637993,0.0016344284907767181,0.0017560933527719577,0.0006209295243024826,0.0015162525468174204,0.00039924054210149773,0.0007642470300197601
520,5.136777499938072e-05,7.789383658001262e-05,5.5070966482162476e-05,5.8065653052719046e-05,0.00019802905682766297,7.227994501590729e-05,4.03810712270615e-05,7.0939563751096484e-06,1.0833144187927246e-05,0.0009576309366493702,5.129010670128914e-05,0.00013233767822384834,0.0009199743640591895,0.000451378542100889,0.00011690519750118256,9.543885393109575e-05,8.211046104969477e-05,0.00021804869174957275
521,0.00024037925825409756,0.00014619556740053108,0.0002853125333786011,0.00018796591392059026,0.00028638264848782416,0.0007005948573350906,6.969446500816254e-06,5.95922149467592e-05,3.2436102628707886e-05,0.000152962968308204,0.0006314923674535858,9.046541526913643e-05,0.00024455011725799114,4.8107387846572924e-05,0.0004969034343957901,0.001857006341379308,0.001050801530102792,5.941838026046753e-05
522,0.0006986365288324803,0.00010017778771158337,0.0005063191056251526,0.0015619932158228156,0.00015228540158852485,0.0003963382914662361,9.97672295165973e-05,2.515519455046798e-05,4.450604319572449e-05,0.00028248709203937405,7.04539712962568e-05,0.0005113538354635239,0.0004280161527045745,0.001567345362278932,0.0006557032465934753,0.0007238198362673753,0.0004339216243290332,0.0008054915815591812
523,0.00023282144456746034,4.495620903260597e-05,0.0003253612667322159,0.000439249535628794,7.224502969632729e-05,0.0005611162632703781,6.989170398133057e-05,5.131470265013578e-05,1.4886260032653809e-05,0.00018959903032328418,0.001324380963778099,0.00031998706981539726,7.514433582504754e-05,0.0005519887199553295,1.7020851373672485e-05,0.00025429931032991404,0.0010986147350770838,0.00025473348796367645
524,0.000912174228840032,0.00024386580339116892,0.00025268644094467163,0.0012783651715789768,1.619054453258148e-05,0.0005082776769995689,2.4438732259404045e-05,3.535632998650216e-05,2.898275852203369e-05,0.0015562930298745337,0.00026593720358498996,0.00010597333312034607,0.00043658050045473906,0.0006418036910410332,0.00045406632125377655,0.0016091969087582703,0.0007064845752097308,5.603954195976257e-05
525,0.00013596386222561319,0.0003243323825685533,0.00016670115292072296,0.00035433628591688415,0.0005592728443752776,0.00044779758900403976,5.318705267464384e-05,1.35225029083085e-05,2.5607645511627197e-05,0.0009536583439671981,0.0001484047779203787,0.00019265152513980865,0.0002651445738216379,0.00010006268070472842,0.00024736300110816956,0.0008980465717429442,0.0003440507131373671,0.00023509562015533447
526,0.002038298995344981,9.066466783917704e-05,0.00038519129157066345,0.001709110391424573,0.0004239666595792814,0.0006658947095274925,0.00010298834595354363,2.6314779673341886e-05,4.190579056739807e-05,8.663068172705402e-05,0.0007148084585280948,0.0004266006872057915,0.00023265338151322312,0.0007643798576294665,0.0008635427802801132,0.0010184983632264,0.0003857999500998868,0.0007560569792985916
527,0.0004952099439847618,0.00022173022397398157,0.000505492091178894,0.0007128223139248879,0.0004876152461761839,0.0003888588398694992,6.720296451191536e-05,3.709895446833873e-05,5.899742245674133e-05,0.0004058388762655796,0.0006323770917120511,0.0010128039866685867,1.3813571926993284e-05,0.0005666174857348501,0.0011005066335201263,0.00016936198259326352,0.000559132324452434,0.0013257190585136414
528,0.0008570018388882883,0.0005378112506718227,0.0002247598022222519,0.0006977070876314773,0.00018365467049985193,0.0003528846427798271,4.8019320930204126e-05,1.2072011683080842e-05,4.2557716369628906e-05,0.0003933614842485944,0.000222031937877884,0.0004392550326883793,7.511712842239726e-05,0.00011459874342249765,0.00021497532725334167,9.974726179182158e-05,0.00010820405533777666,0.0007962174713611603
529,0.0004265270503736318,0.0002953022641838804,0.0007965601980686188,0.0003838577861262765,0.0002434608823514671,0.0009268466383218765,4.258499529872367e-06,3.4938921279287216e-05,0.00011261925101280212,0.0004368476030938012,0.00012400972168948726,0.0009574666619300842,0.0007591091508028919,0.00043435735633367417,0.0007640291005373001,7.739821986185724e-05,0.0005791203984529258,0.0019315574318170547
530,0.0004513893471759095,3.142466720124082e-05,7.469579577445984e-05,0.000743999817939045,0.00019166451505371954,0.00020238012075424194,6.894165102988396e-05,7.0682495209020355e-06,1.8630176782608032e-05,0.0008261311487834516,0.0002371029601132904,0.00021881656721234322,0.0012516895726283062,0.00013962986602279216,2.6945024728775024e-05,0.0001789802899663795,7.466461699906848e-05,0.0005582794547080994
531,0.0001404801689901397,6.296654536867147e-05,7.609277963638306e-05,1.4184484456322699e-05,0.0001360899849644874,0.0003585759550333023,1.7114651378481033e-05,3.261426504063314e-05,2.0660459995269775e-05,0.00010530188538461493,0.000357801802774331,0.00028671789914369583,0.0002550679864024019,0.0001369118888452977,4.583410918712616e-05,8.551467130774038e-06,0.0005025701412446071,0.0003733634948730469
532,9.447899795914094e-06,1.1172347195675253e-05,0.00015309453010559082,7.265726957254859e-05,0.00019722188133316707,0.00010167248547077179,1.7829160862051566e-05,2.3700607781499804e-05,2.5093555450439453e-05,0.0001647324895626967,0.000159709013048924,0.0003448855131864548,0.00010605544484082463,0.00023405129119117435,0.0006855539977550507,0.000451345004152115,0.0003567548944599999,0.0004140138626098633
533,0.00041701122486612063,8.34687519019224e-05,0.00022838450968265533,9.85954605708661e-05,0.00010461112468798314,9.160395711660385e-05,3.6811488631003156e-05,8.491640057304043e-06,5.0127506256103516e-05,2.198027918658141e-05,0.0012141212083097291,0.0007031192071735859,0.0003839877155089183,0.0005002610097161429,0.0009294487535953522,0.0002721361040446679,0.00014426419261041185,0.001051235944032669
534,0.0004275955046483121,5.873017004669884e-05,0.00022230297327041626,0.00010704549736537117,0.00027961891163699043,0.0004869988188147545,5.4019220497476816e-05,4.927412889493962e-05,4.470348358154297e-07,0.0002583322199241622,0.0014546196572241404,0.00011296477168798447,6.060971612109611e-05,0.0007421110855095146,0.0004891660064458847,0.0012485683494605215,0.0008711519924341354,0.00010591000318527222
535,0.00045270367459872285,8.959713982870099e-05,0.0008286163210868835,0.00041782585905114633,0.0001742323961450576,0.0009629139676690102,3.5755275981491294e-05,1.8502076155966617e-05,9.882450103759766e-05,0.0013194319920151049,0.0009197215124530783,0.000906533095985651,0.0006676553547534658,0.0002684219279891955,0.0008116401731967926,0.0003820008234891592,0.00030219561322146135,0.0009793490171432495
536,5.694759633548263e-05,0.0004890052507026364,0.00012394599616527557,0.0011397441149490484,7.6160041132773e-05,0.00017635896801948547,0.0002114326184765071,5.7701518387700016e-05,1.666322350502014e-05,0.0007759241433595715,0.0009852782503173493,0.00010174931958317757,3.997622747943519e-05,5.243312376406253e-06,0.00024150684475898743,0.0009686054999737959,0.001022114436516508,0.00019021518528461456
537,0.0002246527041822044,0.00020073942015861462,0.0005022846162319183,4.775551914948384e-05,0.0003577492691574091,0.0005221925675868988,6.84156506364237e-05,1.5730530008295105e-05,3.1888484954833984e-06,0.0007265262961489022,0.0006476869566586496,9.156344458460808e-05,0.0008236139836001882,0.0004558351479624599,9.484216570854187e-05,0.0005983556705121962,0.00024094003797656138,0.0002495814114809036
538,3.7461692688214865e-05,6.516162394566358e-05,4.738569259643555e-06,0.0002410132212725402,0.00012128452750172908,1.1759810149669647e-05,4.6825867907721724e-05,2.5781172644465458e-05,7.64802098274231e-06,0.0006022873362870884,9.159723802455028e-05,0.00031488994136452675,0.0008651311081362412,0.0009224380036890294,0.0002634488046169281,0.0006869020058647701,0.0005449424609833345,0.00030853599309921265
539,1.2029971362959024e-05,1.990303442597416e-05,6.571225821971893e-05,0.0004363770866326888,7.548102049792157e-05,7.99279659986496e-05,1.7629141678467478e-05,4.913225790745962e-06,1.0579824447631836e-06,0.0005779523316621904,0.0004066183071538554,0.00019742269068956375,0.0007590031923621204,0.00016360539470476956,0.0004214588552713394,0.00024909659499203207,4.8344236780427374e-06,0.0001463238149881363
540,0.00015877006141970518,3.0500835198447873e-06,0.0003015585243701935,0.0003334138899568767,0.00022577376254937637,0.0002364637330174446,4.32141097897118e-06,1.066526717221055e-05,3.460794687271118e-06,0.000630837066708273,0.00016646625424935474,8.244393393397331e-05,0.00063407920540752,1.5200207199054724e-05,2.7433037757873535e-05,6.271443099825635e-05,0.00015469857063693873,0.0003441125154495239
541,0.0007244785095438938,6.797350661838508e-05,4.1211023926734924e-05,0.0006342997033741693,0.00015997885547525473,2.1029263734817505e-06,1.8846082100483844e-05,1.1941124672773312e-05,3.8333237171173096e-05,0.0010311340021404852,0.00016701144136787444,4.084594547748566e-05,0.0011324834301914138,7.07600866048895e-06,5.685724318027496e-05,0.0013703936944576556,0.00020753407489827388,0.00036255083978176117
542,0.0005212467357106482,8.341513084163601e-05,0.00010698102414608002,0.0005671492280965307,0.00011894140847814455,7.712282240390778e-05,5.407511408722296e-05,2.9981067029284355e-05,6.67572021484375e-06,0.00047865267237669207,0.0006443741786118368,0.0003731725737452507,0.0006156833854528698,0.00045012990090162117,0.0001212339848279953,0.00044129062458778123,0.0005111348086359428,0.00021601654589176178
543,0.0009938089843244263,4.3553841438330465e-05,0.00019638612866401672,0.0009143667825571994,0.0002642534161126642,0.0003202669322490692,2.7073438143418102e-05,4.109916323567927e-05,3.2417476177215576e-05,0.0012804914546181434,0.00041638411965314037,0.0004069390706717968,0.0015652875244665104,4.725430225980924e-05,0.0005930867046117783,0.0014056516969199184,0.0007753467820732253,0.0010022781789302826
544,0.0010477255166482513,6.671852606429662e-06,0.0004291292279958725,0.0010336556605840957,0.0002538626752819108,0.0007569454610347748,3.464444381679789e-05,5.523225174843449e-05,1.2971460819244385e-05,0.0012538693938583673,0.0005107324390587406,0.00037330063059926033,0.0013319307067894415,0.00012148080276223709,0.0007781907916069031,0.0015137695007532148,0.0008612441271438204,0.000799546018242836
545,0.00032672446302653424,7.235299829299116e-05,0.00015440769493579865,0.0007708555599708761,6.186807631766364e-05,0.0004884311929345131,6.179854757693351e-05,5.0465952365818124e-05,1.8823891878128052e-05,0.000391982530317983,0.001114451727082716,0.0003172154538333416,0.00025734384442062386,0.0003771224595969687,0.0008106976747512817,0.0005206790063048972,0.0009404390484504602,0.0005621667951345444
546,0.00021109977726940787,4.758582748213419e-05,0.0004006028175354004,0.0006018370399452216,0.00032511410969746427,0.00011501647531986237,3.716518767351955e-05,3.831980559574396e-05,5.8125704526901245e-05,0.0003360120938664113,0.0013572873578974881,0.0006596753373742104,0.00010211785047976873,0.00015661690360651084,0.0010638218373060226,0.00034334303412186795,0.0005770899112359125,0.0008868463337421417
547,0.0004412165816473912,6.416421094897207e-07,5.506165325641632e-05,0.0001863381804045744,0.0001709565118525845,3.535952419042587e-05,3.125643088800617e-05,3.373266262744583e-06,6.09569251537323e-05,0.0001634954168903413,0.0009007426563163584,0.0010235905647277832,0.00011189027994430722,0.0007632007265271114,0.001018749549984932,0.0001346395388772681,3.0768786279493365e-06,0.0010951682925224304
548,0.00027282177990722856,2.1082435164469088e-05,0.00042776577174663544,0.00020151496313002004,8.47365718084428e-05,0.000566127710044384,1.5066407931496953e-05,4.282737711557927e-05,4.559755325317383e-06,0.0003405809071751753,0.00012794203307620738,0.0002933405339717865,3.300137655293245e-05,0.00030676685450442727,0.0004665013402700424,0.0008960745889638189,0.0008151899338905456,0.00046660006046295166
549,0.000438394851780613,7.648880130767949e-05,0.0001539476215839386,0.0002837928449696686,3.8981341681024184e-05,0.0002705967053771019,1.748406033237962e-05,2.9827846313918533e-05,2.6609748601913452e-05,0.00029826201607717484,0.00041781823618469716,0.00045314058661460876,0.00021567495732828512,0.0007671441296214412,0.00027330219745635986,0.00032045386464096826,0.0005416563295472798,0.0004906617105007172
550,0.0005471065440648543,8.087982884626838e-05,0.0001630932092666626,0.0004674555062370578,9.531733449755914e-05,0.00016007665544748306,3.6840172141609784e-06,1.0096478283348276e-05,1.064687967300415e-05,0.00018790400462787016,0.0003825784795765952,0.00011632498353719711,0.0004498520108785209,6.1242389640042e-05,0.00012330152094364166,0.00011288311934026796,0.00023251523531233123,9.215250611305237e-05
551,0.0005976758758633599,3.648632569944882e-05,0.00018697790801525116,0.0008627159918263988,0.0002802574287927434,0.00032523181289434433,4.419406574280964e-05,2.991288803315265e-05,2.8990209102630615e-05,0.00018184173960193728,0.0008615417922532981,0.0006061648018658161,0.000372544033685418,0.0002193651980104596,0.0007718056440353394,0.0008612067417573532,0.0006387780279836809,0.000748826190829277
552,0.0004302609632920035,0.00014510457254923032,0.00029029324650764465,0.0006791902295341101,0.0002975774952858057,0.0005230056121945381,4.589539930222042e-05,4.349923324242517e-05,8.795410394668579e-06,0.0004230508004878508,0.0003408117618812559,7.035955786705017e-05,0.0004879023378597386,0.00024010687556826928,0.0004070289433002472,0.0009220610679780417,0.0007104101144277709,3.3838674426078796e-05
553,0.0002989452365918521,1.7695448668204883e-06,0.00017067044973373413,0.00030561848563524785,0.0001249500953493625,4.0182843804359436e-05,1.2442889613054758e-06,3.895291762584757e-05,4.105269908905029e-06,0.0003975894573891442,0.0005325191668403978,9.940564632415771e-05,0.00039680790464853566,0.00015585152135380066,0.00021150894463062286,0.00019924298795673256,0.0005632588825339596,0.00016737543046474457
554,0.00021603737424187586,3.9244302568110234e-05,5.6803226470947266e-05,4.538621891053696e-05,4.3031484046537893e-07,2.907775342464447e-05,5.046124739829447e-06,1.0188745751646584e-06,2.030283212661743e-05,0.00012020054934479274,0.00039664354149262365,0.00014269491657614708,0.000682679101413966,0.00039195591605801876,0.0001488514244556427,0.0003949641870744369,9.555335690834138e-06,0.00021052733063697815
555,0.0003626325112697226,7.323508179120017e-05,0.00018618814647197723,0.0006019162548101253,1.4806675495370597e-05,0.00017511285841464996,2.1006810480658777e-05,2.272463834474079e-06,3.0215829610824585e-05,0.00021631370800111183,0.00039552115631093926,0.00033178552985191345,0.000746805902158823,0.0004901074334490163,0.00030600838363170624,0.00029001948078186124,0.0001207570874569748,0.0003231000155210495
556,0.00028982468453710164,0.00020919680306234756,5.504675209522247e-05,0.00033933005569851404,1.0275831611273462e-05,7.430650293827057e-05,2.4633252529975697e-06,1.0271371725346316e-06,3.5315752029418945e-06,0.0003799187325759096,0.00023160568821908173,0.00016774656251072884,0.0006861929711885623,0.0006819567801898373,0.00020659714937210083,1.0260667386352562e-05,3.871099229517394e-05,6.938353180885315e-06
557,0.0005047379783280487,3.9923394993469224e-05,0.0004095267504453659,0.00036698627092800196,7.641646009702227e-05,0.00044277962297201157,4.7628938882292304e-07,9.892836797008916e-07,8.427724242210388e-05,0.0007968690419291602,0.0005964520616046284,0.0009434898383915424,0.0006040463749849012,0.00036141354100994484,0.0009425599128007889,3.5543121145731327e-06,2.0060407037378325e-06,0.001185040920972824
558,0.000643044032495238,5.210744387681987e-06,0.00015785172581672668,0.000700241508134497,7.024712967529378e-05,2.463720738887787e-05,3.3309088248115876e-06,2.1178865393502253e-06,2.6438385248184204e-05,0.0010205609279476946,0.0003195172603236984,0.00039110612124204636,0.00047706959864783627,0.00020984503958959566,0.0006288643926382065,0.0006762493749376541,1.2017027396032942e-05,0.00032490119338035583
559,0.0004493501153021856,0.0004185177265044297,0.00010718591511249542,1.7326637685541324e-05,0.00025458142563493727,0.0001922091469168663,1.1257112070485464e-05,1.1001680632892127e-05,2.6013702154159546e-05,0.00025408095839059286,0.00032751150340665225,1.3038981705904007e-05,0.0001979503175759817,0.0005073432260044065,0.0001334305852651596,7.531071811309187e-05,0.00021786568395432138,0.0005549713969230652
560,0.0006721235504029005,0.00019443063949490733,4.9289315938949585e-05,0.0004828046246403289,0.0001047177256436084,0.00013933610171079636,1.8180464924993922e-05,1.5319859703366622e-05,3.8780272006988525e-06,8.8202295766171e-05,5.6992348637152634e-05,0.0001013418659567833,0.00039092762713580087,0.00035201153182269455,0.0002090148627758026,0.000238608782834826,0.00024635042189274925,7.66608864068985e-05
561,0.0008360061257055296,0.00027694636606284684,0.00015902705490589142,0.0004912472149730257,6.982561522202516e-05,0.00022892840206623077,9.519261798627415e-06,2.9339816270039596e-06,6.340444087982178e-06,0.0015105391179104782,6.74602756011583e-06,0.00023159710690379143,0.0011111099344219,0.00010108372814961186,0.0001387074589729309,0.000961053327662692,4.276857685951013e-05,0.000514838844537735
562,0.0010866507244937929,0.00042191627809484364,0.0003095250576734543,0.0009292567070033342,0.0002534145656538367,0.00015617255121469498,1.1450482342738322e-05,2.1058104833367912e-05,2.944841980934143e-05,0.0013384738204729324,0.0004914812118580608,0.00015872204676270485,0.0011479916391029382,0.00017775162191978854,3.854930400848389e-05,0.0012921971542796118,0.00022260863137354633,0.0002367403358221054
563,0.0001643202050797682,5.104441748699298e-05,5.4605305194854736e-05,0.00019496860817855288,0.00014276994125633422,3.7632882595062256e-05,1.3929684949988419e-05,8.72860498741081e-06,1.072511076927185e-05,7.474402649175482e-05,0.00010369055535802002,6.393902003765106e-05,0.0001995539750163644,0.0005800785719816005,8.946098387241364e-05,0.00011106679454409019,0.00016370077572217326,2.771243453025818e-05
564,0.00011929869476223764,0.0001158106107696337,4.49642539024353e-05,2.4812930934134392e-05,4.338413046672818e-06,4.2147934436798096e-05,1.5308804779571444e-05,9.409222751547612e-06,1.944601535797119e-06,0.0004416755637504932,0.000494398977743643,0.00011120550334453583,0.00021716100690530316,2.1649930661641822e-05,7.225386798381805e-05,0.0003863923621619525,0.00019028511899517667,0.00016611814498901367
565,8.816732668426308e-05,0.00013852276114305687,0.00028515979647636414,0.00017042476947949636,1.8738272395738692e-05,0.00023358967155218124,2.0613971286820992e-05,1.0527615067549602e-05,1.6417354345321655e-05,0.00021781924266517372,0.00037707532050221954,0.00015406496822834015,0.0006943747449758425,0.0002881258632671975,0.000243382528424263,0.00022627814049858141,3.349301716902217e-05,0.0005190502852201462
566,0.0001782446600119697,3.832588626673933e-06,6.806477904319763e-05,0.0005206748944759088,5.757052083762981e-05,0.00012123491615056992,1.3057224576517451e-05,8.426761088703091e-07,2.2873282432556152e-06,9.926502048564212e-05,0.0008589645576324093,1.1238735169172287e-05,0.00015807934390256462,0.0001361897993868641,2.1632760763168335e-05,0.00035037381056143846,1.8431686601913522e-06,8.078105747699738e-05
567,0.00037654709702271416,3.3327481723070818e-06,7.850117981433868e-05,8.046805385433786e-05,0.00019982268515460547,0.000180169939994812,1.4528971877982369e-05,1.7801622365139257e-05,1.6804784536361694e-05,0.0005822381462887299,0.0006992040902868424,1.3294629752635956e-06,0.00022924621730154027,5.56500716160889e-06,0.00017174705862998962,0.0002970957594137791,0.00031791744460764326,0.00012269243597984314
568,0.00039892455523328485,2.0433268883773142e-05,0.00011417455971240997,6.550050207619618e-05,0.0002594153101795685,2.521369606256485e-05,2.2903078987173905e-05,2.7412135763870728e-05,1.887977123260498e-05,6.181714135410077e-05,0.0009590770462770126,0.00025729602202773094,9.587436622068846e-05,0.0003363670803627067,0.0005102939903736115,0.0004548114383789714,0.00047474640415789623,0.00047757290303707123
569,0.00024726069332102474,0.0002291532661328477,8.098408579826355e-05,0.00010459687006041107,0.0001502949702433566,0.00021192152053117752,2.8020278754247244e-05,2.6433849419100564e-05,7.320195436477661e-06,2.7249314620420018e-05,0.0004097030474160754,3.657722845673561e-05,0.0004216038097353547,0.0001058332020658255,0.0002443566918373108,0.00020794616813210598,0.0003542347789499446,0.00021886266767978668
570,0.00018259824139177372,0.00011711753777138983,0.00023446045815944672,0.0004339014978546607,0.00010441800285187,0.0003119269385933876,7.692639796369298e-05,2.985765386002764e-05,1.5854835510253906e-05,0.0001385117216093773,0.0005238795746299318,0.00027839094400405884,5.659522259257588e-05,0.0001207898421181925,0.00011923164129257202,0.00018560982609930332,0.00042805040523520577,0.0003834962844848633
571,6.927602328585247e-05,5.970601885826529e-05,6.345845758914948e-05,0.00047320746788689916,2.5552128155661297e-05,6.523914635181427e-06,4.173548375564079e-05,9.69679776200859e-06,9.678304195404053e-06,0.0003245069425746455,0.00048069399681353875,9.668897837400436e-05,0.00026952219303610914,0.00037978646525416854,7.58972018957138e-05,7.42489689542769e-05,0.0001036285691763568,4.9622729420661926e-05
572,0.000621406186865528,0.0002109838039908024,0.0003868900239467621,0.00012235693135422,0.00023164008031203304,0.00014505162835121155,8.230453464135729e-06,1.7557025036430687e-05,6.012618541717529e-06,3.571720963327363e-05,3.895352513547112e-05,0.00011570286005735397,0.00020029420096538686,0.0007041492660736521,0.00020143762230873108,8.572872790352237e-06,0.00040787235643472905,0.00041258521378040314
573,0.0006143969371454477,0.00018871551654192284,9.257346391677856e-07,0.00011294255125980646,1.4554248086016963e-05,9.48440283536911e-05,9.040386917187615e-06,7.032736544569174e-06,3.896653652191162e-06,0.00024859147558981,0.00012124099632565555,8.989125490188599e-05,0.00019985155072764493,0.0003056502221475046,0.00021558627486228943,6.221767290146007e-05,8.58494598460803e-05,0.00022990256547927856
574,0.0005670035303751292,1.3195539389741773e-05,5.20218163728714e-05,0.00033476439001070557,0.00026970548930104615,0.00027800071984529495,2.0323767868155387e-05,4.5261628308685894e-05,8.899718523025513e-06,0.0006838941521512681,0.0007592450728722,5.2648596465587616e-05,0.0006660084098387559,0.00020316831499350187,0.0002692844718694687,0.0006263397988273411,0.0008470637249825483,0.0002720784395933151
575,0.0001933027944164556,3.077911454603399e-05,0.00014509446918964386,0.00011653703388074532,0.00013462742915765907,0.00019419565796852112,2.0830739716284213e-05,1.0128321229754475e-05,9.745359420776367e-06,0.00013543931421185207,0.00013984386526463138,0.00016876356676220894,0.000332897718570202,0.00012562549591535466,0.0002020280808210373,0.0002739637091862257,0.00019780898803553604,4.647858440876007e-05
576,4.629721041635171e-05,8.962167970961304e-06,0.0005470495671033859,0.00023908606519182363,0.00013197783188919482,0.0007271533831954002,9.13962170769559e-05,1.1699851962065346e-05,3.26596200466156e-05,0.00015623837296253884,1.728013829533498e-05,0.00013866228982806206,0.00015377748021853932,0.00017524802562354433,5.8978796005249023e-05,0.00014945952552788966,8.464318739161494e-05,0.0008790697902441025
577,0.0003334590131976872,4.261318201309594e-05,0.0002461317926645279,0.0007407761071772934,7.51747827057378e-05,0.0004767356440424919,2.6283558283197658e-05,1.7816233389171196e-05,3.11434268951416e-06,0.0005575779301331268,6.880860716597381e-05,0.0001430879347026348,0.00011075139296297387,0.00014066543976597873,0.00046963803470134735,0.0002984735388289472,0.00012472514454974978,0.00012318231165409088
578,0.0002908070777823263,0.00020666471785838608,0.00012354739010334015,0.0006247647339228807,6.0611832786234415e-05,7.828045636415482e-05,2.317599686774141e-06,2.0751883139608377e-05,2.5659799575805664e-05,0.0005264318375452076,0.00036677946437389114,0.0005243038758635521,0.00020066213138028588,0.0008794182267535342,0.000478401780128479,0.00033690092686922135,0.0005843161616661784,0.00046967342495918274
579,5.1435530280821706e-05,0.00010511520226003795,7.068365812301636e-05,6.719535051323555e-05,7.775808015329094e-05,8.658971637487411e-05,9.575506882981283e-06,2.371999067599475e-05,1.2401491403579712e-05,0.0003581773799042204,8.021974971991058e-05,0.00016712769865989685,0.0008806538353926807,0.00035842107058551946,8.610077202320099e-05,0.0006217022921858606,0.0005505261925005042,5.6296586990356445e-05
580,1.0592407358150924e-05,6.788530457290179e-05,2.2133812308311462e-05,0.00031363535943836063,1.1657755600077285e-05,0.0001821909099817276,9.357602853385036e-06,2.2401123529519965e-05,1.8589198589324951e-06,9.049748131782775e-05,0.00038726710733894,0.00016165710985660553,7.506827477823941e-05,0.000530898316033512,3.99760901927948e-05,0.000283472725356837,0.0005502192338558316,0.00010136701166629791
581,2.2279969112970477e-06,0.00022095445852687856,5.5884942412376404e-05,0.00021190987148766993,2.8062710025388016e-05,0.00017014052718877792,3.6828652883298674e-05,1.3892296006596779e-05,1.6462057828903198e-05,7.585992237174599e-05,0.0009599954811269282,0.0003236611373722553,0.00020239076491664065,2.401948225592629e-06,0.000155596062541008,0.000776442356738738,0.00012565818918719787,0.00017322413623332977
582,0.0002936655155506285,0.00013712200566394842,0.00019408762454986572,0.0002911477153962061,0.00017026889942397747,0.0002789543941617012,1.7920875843764963e-05,2.784446261542726e-06,3.445148468017578e-05,0.0006166334810038809,5.971934365157916e-05,0.00032103806734085083,0.0008482310669040843,5.1295727257157087e-05,0.00018236041069030762,0.00037252633455811535,5.587761986776754e-05,0.0002649761736392975
583,0.0002955940558354714,0.0001739344655346045,0.00010310113430023193,0.00020488863345252684,5.336698554024924e-05,7.099565118551254e-05,8.091185500196801e-06,2.8808657926269413e-05,1.3414770364761353e-05,0.00015710532883407569,1.5006210275218812e-05,1.517217606306076e-05,0.00033475492428153286,0.0005200311651528643,0.00028200075030326843,0.00023163649989441093,0.0004381166525158943,0.0002680402249097824
584,0.0002810059024688505,7.322657064476323e-06,0.00031008385121822357,0.0003301219100695918,5.4565710364128106e-05,0.00024833157658576965,3.922629570193327e-05,2.4355988295018515e-05,3.485754132270813e-05,0.0003649824538074775,0.0009031081172219194,0.000440861564129591,0.0004533096181145585,0.00023096074748685594,0.0005748644471168518,2.1046265972324285e-05,0.00042585763855765985,0.0006128810346126556
585,9.731047412327165e-05,0.00012166788873141723,0.000408051535487175,0.00017004071215587224,0.00013554040498934064,6.948783993721008e-05,3.0577680383298694e-05,4.3813625225656806e-05,8.516013622283936e-06,0.00011533053498552492,0.0012301424835339664,0.00017198780551552773,0.0003909662355570942,0.0005990889213750503,0.00030995719134807587,0.0008902334451983129,0.0007086819319173515,0.00047989003360271454
586,7.217463242556454e-05,0.0003388930565437556,0.0002530403435230255,0.0007756201041277111,0.00043216974627126314,0.0002402840182185173,2.7432243255361144e-05,1.0884679472487674e-05,9.8496675491333e-06,0.0010293426558038582,0.00010505538680637833,0.00046782754361629486,0.0001892941281936844,0.0007253919336625021,0.0004466865211725235,0.0012378018207049313,0.00020369008578743214,0.0003015957772731781
587,0.0005313555800910419,0.0004874948326881283,0.0005544424057006836,0.0005582093555922818,0.00015974496708279218,0.0006357021629810333,8.260402704166579e-05,2.4886710993173196e-06,1.9375234842300415e-05,0.00010980867987998855,0.0004019296238866321,5.5031850934028625e-05,8.051698664433837e-05,3.29907434485268e-05,0.00022869370877742767,0.00023023521508799827,4.150553287817632e-05,0.00012780353426933289
588,0.00042735981136998724,0.0005386165924009707,0.00017093494534492493,0.00046976574735990706,0.00016479650766850276,6.39595091342926e-05,0.0001062889159430154,5.5773765104663066e-05,2.2355467081069946e-05,0.000806800215611872,0.0008605014004294323,2.0044855773448944e-05,0.00024409945380471365,0.0009818664004849868,0.00034770555794239044,0.0001838643426105846,0.0010718760756595475,0.0004207491874694824
589,0.00013572179914658755,0.00041444034690582554,0.00010540895164012909,0.0007449046068007947,0.00017898920578674274,0.0002947356551885605,6.482341722737622e-05,1.822704621237247e-05,2.1375715732574463e-05,0.00015916284414758952,0.0015069133604565382,0.0005431682802736759,0.0007013106699040178,0.00035547197694331574,0.00030526891350746155,0.0007707358455857349,0.00030313158134956386,0.0003849714994430542
590,0.0004815162592367306,0.0002662119414444039,0.00033995509147644043,0.0006388539681861788,0.00023391558560527728,0.0006766198202967644,2.751316849045754e-05,3.9092935943449165e-05,4.073604941368103e-05,0.00027731421655682875,0.0006572684492512151,0.0009557092562317848,0.00035410584509035226,0.00020652992320957,0.00048791058361530304,0.001031064750707772,0.00041246320957948057,0.0010637566447257996
591,0.00022506596557207714,0.00026835283267511584,0.000361073762178421,0.00012937881563854225,0.00032535169729746086,0.0002987859770655632,8.844543373719149e-05,3.3129660361526543e-06,2.0485371351242065e-05,0.00010969073597981438,0.0004955432908455154,9.203143417835236e-05,4.279547998366218e-05,6.286427747253034e-05,0.00013979151844978333,0.000600243002279871,0.0002052038558756214,0.0003556739538908005
592,0.00017147732961107776,0.0001122026186743709,0.00043058767914772034,0.0011831080958094181,0.0002839881873721861,0.0005378378555178642,3.780498080501252e-05,3.1386086375307515e-05,4.529580473899841e-05,0.00022327855755095716,0.00012508545500546087,0.0003391769714653492,0.0006812521694776336,0.0003714199778167681,0.0001492425799369812,0.0006537503254615828,0.0007905393512251634,0.0005714185535907745
593,0.00015785303113918792,0.0002045448429506512,1.5906989574432373e-05,0.00024545927550524704,5.882013086273494e-05,2.830754965543747e-05,9.770498057716168e-05,2.189168792984678e-06,6.299465894699097e-06,0.00021097739503722623,8.519333222990061e-05,1.0929536074399948e-05,0.0004328816431334592,1.502319463819908e-05,0.00010658241808414459,0.00018187357143609195,0.00017335113140877836,5.870312452316284e-05
594,0.0009607488852795276,0.0002323894711338259,0.00010667741298675537,0.0004484412011305644,0.0002420991061009327,0.0001971852034330368,4.7142112224309723e-05,2.7693893597129744e-05,1.8365681171417236e-06,0.00032811569672239194,0.0003356104163869389,0.00010118633508682251,0.0008715679374657059,0.0002892202002292305,4.927627742290497e-05,0.0002819848602181041,0.0004967969213182516,4.406645894050598e-05
595,0.0005912648704854834,0.0003642013717466523,0.00026259012520313263,0.0005291967121878738,0.0001578187666078923,9.602773934602737e-05,8.51151119240258e-05,4.0076810890982834e-05,7.659196853637695e-06,0.0006501796065598309,0.0003386940410233519,0.0002573719248175621,4.8296493848742905e-05,0.000864578560909466,0.00021746568381786346,0.00025194045762053086,0.0006944224565659761,0.0002959948033094406
596,0.0003115324678176351,4.833475483571187e-05,0.00028712116181850433,0.001124061770477705,1.3592329277327397e-05,0.0002549765631556511,0.00010649754166707631,8.552823875664734e-06,2.8621405363082886e-05,0.0010407516913658321,0.0001903168138718131,0.0006246776320040226,0.00022916937356262657,0.00022835941289958174,0.0006806347519159317,0.0002320017060953028,0.00010332138920878323,0.0006158221513032913
597,0.0009211343178610332,0.00020696811553528802,3.443099558353424e-05,0.0006205460475679353,0.00016853426681832928,5.905330181121826e-05,4.331320239810144e-06,3.202462053906725e-05,1.1079013347625732e-05,0.000754680616760664,9.982381396995976e-05,0.00030848244205117226,5.7490027181431036e-05,0.00034435777211288057,0.00021438859403133392,0.0007354588668308237,0.0003679360127175624,5.628727376461029e-05
598,0.0004940682337235686,5.2420189625077e-06,1.3362616300582886e-05,0.000887259302310095,9.01695333190844e-05,0.00011621136218309402,2.139958662984026e-05,1.878328797069663e-05,3.6071985960006714e-05,0.00013891275618994892,0.0007191193314257799,0.00036787521094083786,0.0004399403601791918,0.00028151327279121903,0.0005918461829423904,0.0009099256357531504,0.00032036678800803284,0.0006289687007665634
599,0.00051958765727593,6.086720625804107e-05,0.00034016184508800507,0.0006982512479411646,0.00011950492282258515,0.000315934419631958,6.9777459871488146e-06,4.434934016425392e-06,5.003064870834351e-06,0.000784010808181787,0.00025842465216043,0.00013713259249925613,0.0021714396740010883,0.0006044027192443086,0.00012375228106975555,0.0016277587000882165,0.00016318387490605463,0.0002893507480621338
600,0.0010306714817100299,0.00010084877206042661,0.0005360953509807587,0.001124027228399438,0.00021049767296786245,0.0005686040967702866,1.7535303390001436e-05,8.05997378573774e-06,7.318705320358276e-05,0.0009490246207582154,3.298305888429359e-05,0.0007628682069480419,0.0010610277467704432,5.578106336046745e-06,0.0006063040345907211,0.0006015618323584326,2.4500126221464053e-05,0.0014628730714321136
601,0.0003478889043754402,0.0001996729079503448,0.0002507045865058899,4.81239493260871e-05,3.140340246015824e-05,0.00017714034765958786,6.476186083965996e-07,2.1110325509313046e-06,5.874410271644592e-05,8.08943229186343e-05,8.059132154629445e-05,0.0005884137935936451,3.688782719037109e-05,0.00030267358747273,0.0007256176322698593,2.7502071978657838e-05,4.229610366249248e-05,0.0013998784124851227
602,0.0010212965535519175,5.3919839429796e-06,0.000507596880197525,0.0020139951980408105,1.2029092320113566e-06,0.0003238506615161896,1.3753540962451946e-05,6.857098605056499e-06,6.898120045661926e-05,0.0016338035893924963,0.0005351293961574285,8.71424563229084e-05,0.0010866839268008494,0.00012517793158970184,0.0003528278321027756,0.001013734300177871,9.749230208623214e-05,0.0009097643196582794
603,0.00025060152305202144,5.730967775663745e-05,0.0004013609141111374,0.00033553158309376774,0.0001782653869763333,0.0007505519315600395,0.0001315793623741547,3.5063587733576325e-05,4.3235719203948975e-05,0.0004452474057280581,0.00044422467869970755,0.0002916138619184494,0.0007937192609797361,1.8133924360699133e-05,0.00012289360165596008,0.000646765468835353,0.0005969911045756102,0.0006006192415952682
604,0.0007191449260936789,0.00012655746220678957,0.0001339409500360489,0.000218101419679248,0.00048180546371828434,0.00026898179203271866,4.749149716034434e-05,2.7121003138590475e-05,4.482641816139221e-05,0.0003810994825391295,0.0004990581642383002,0.000675547868013382,0.00013482182881910387,3.391803808678456e-05,0.0005252603441476822,0.0004196634589095083,0.0004083550540735434,0.0012102499604225159
605,6.097342125852001e-05,1.89806429391412e-05,0.00045140087604522705,0.0004629859495895311,5.397831234044137e-06,0.0003740321844816208,1.8047397380496766e-06,7.348836961837196e-06,8.587166666984558e-05,8.626088088652117e-05,0.0006180383147801893,0.0009127776138484478,0.0007619785473286234,0.0002111081922145236,0.0010590720921754837,0.0003689155965252988,2.492049628755738e-06,0.0015495996922254562
606,0.0010576782471070911,8.977645505934412e-05,0.0004135407507419586,0.0003783679762596609,0.00021875876888684948,0.0001768907532095909,2.220153422781597e-05,1.394103441623067e-05,1.5906989574432373e-06,0.0005477483539295808,0.00022255041267426473,0.0003722021356225014,0.0002551172366958565,3.152903221294995e-05,4.587695002555847e-05,0.0004976327895753752,0.00028278420690980993,1.909211277961731e-06
607,0.00017726942262615009,3.321546885794169e-06,3.4943222999572754e-06,0.00034472412716025913,1.200370887562488e-05,0.00017949193716049194,1.4326437593102648e-05,2.075522872487716e-05,4.7285109758377075e-05,0.00020561508006552986,0.00020699655100584607,0.0006668823771178722,0.00047400877460127,8.210263743376606e-05,0.00048688240349292755,0.00018844402893342105,0.00023515430900515437,0.0008384473621845245
608,0.0006648604218552207,1.244209916585401e-05,3.112666308879852e-05,0.00025224053400395297,3.907732220969837e-05,0.00010922923684120178,3.901166169441826e-05,8.800686877832712e-06,2.2299587726593018e-05,0.00010521567385264607,0.00021378423821361708,0.0003913138061761856,0.00029048694068958825,0.0005370013139720554,0.0006042923778295517,0.0004092206418199462,0.00014598735670121044,0.0006726551800966263
609,0.0003448665899519754,0.00011758331595736887,6.880611181259155e-05,0.0002821301701719098,0.0001188203174322909,0.0001292545348405838,4.482100225218846e-06,2.327276921122853e-05,8.67992639541626e-06,0.0006759201294613548,4.0400612578012085e-06,1.543574035167694e-05,0.0005341420204274944,0.0003907085406453792,6.819143891334534e-05,0.000372658478758392,0.0004093400586748456,0.0002801623195409775
610,0.000808118860392934,9.627347728001501e-05,0.00041024573147296906,0.001272074741596546,0.00019461931715266528,0.0004708133637905121,5.547646232842429e-05,4.335887532657128e-06,6.258487701416016e-06,0.0015109974718615776,0.00023942075235088012,2.5192275643348694e-07,0.0009807045766271477,0.0005474644679447881,5.257502198219299e-05,0.0010621839177235859,5.2385188813782596e-05,6.42724335193634e-05
611,0.0006913889235908716,0.00011937118391913693,0.00019002705812454224,0.00035218627094853183,0.00013358997625152053,0.00011206697672605515,1.790996839504816e-05,1.2137278094038312e-05,3.334134817123413e-06,0.0010447103416067888,0.00036874436123260357,7.526017725467682e-06,0.0005878598671246321,9.749978834878645e-05,6.831064820289612e-05,0.0001828117436450949,0.00014003687114811855,0.00040589459240436554
612,0.00048681882133927434,7.635358966242775e-05,0.00011438503861427307,0.0003536109812815741,6.071545673579093e-05,0.00012326054275035858,4.3217627547048956e-05,7.647447738372585e-06,1.1466443538665771e-05,0.00062754831498886,0.0006506310552777464,5.1433686167001724e-05,3.4260482666470526e-05,0.0002931395964072894,3.1534582376480103e-06,0.00036265237693414165,6.460267910681286e-06,9.484030306339264e-05
613,0.0002987006411222237,0.00024781859613224114,0.0006902795284986496,0.00048545836202239234,3.383562689567715e-05,0.0008579548448324203,4.541142996894107e-05,8.317503379192044e-06,6.810575723648071e-05,0.0008675843879468598,0.0001559602825938755,0.0004795854911208153,0.0013883524840747896,3.3164644187066994e-05,0.00025275349617004395,0.0006941895579153923,6.485223882978647e-05,0.0010286271572113037
614,0.00016433389294821799,9.888679192736338e-05,0.0002766549587249756,0.00014709526391269712,0.00016996116006544326,0.0003053266555070877,3.150782410791045e-06,1.0094835742373515e-06,4.6662986278533936e-05,0.0003200422057457186,0.00043233675166464564,0.00047537218779325485,0.0007013974748959345,0.0002491717554167633,0.00040313415229320526,0.000171901863008167,6.510651288577085e-05,0.0006932113319635391
615,0.0007961379932913681,5.66009812942303e-05,0.0004653614014387131,0.0012372479975527872,7.623512032287061e-05,0.0002928702160716057,3.729259158804718e-06,2.312377878719966e-05,3.526359796524048e-05,0.00030428163193253754,0.0012212892831430927,0.0003311010077595711,0.0011363202522431254,0.0002498965125667385,0.0005884403362870216,0.000712404418053425,0.0003191917646183217,0.0006423946470022202
616,0.00046028859416230583,0.00016144466620227407,0.0001237783581018448,0.0007745893171688112,0.00011908415505781228,0.00029407162219285965,6.927285706641653e-05,1.7612739636992678e-05,6.67572021484375e-06,0.0008668100022140579,0.0008891709881451229,6.5565574914217e-05,0.0008370850970319671,0.0002774075417224346,0.0003012102097272873,0.0007815289303470252,0.0002689449112013246,0.0005128253251314163
617,0.00011148027655302761,0.00037880752489750577,0.0003307890146970749,2.716435228677927e-05,0.00011643803959188528,0.0004052314907312393,2.0843117859192448e-05,2.0701024420618445e-06,3.4246593713760376e-05,0.0009269103183003058,1.4937927738177537e-05,0.0005263579078018665,0.0007548229136294105,0.000537374492506567,0.000386982224881649,0.0005567317750665435,8.464222633522596e-05,0.0011961590498685837
618,0.00025460575277308495,0.0003090386348116557,0.0001673176884651184,0.00032135283304982054,0.00016161380158872737,0.00016417168080806732,5.821513481514204e-05,5.850073715603669e-06,6.813555955886841e-06,0.0009320203890842149,0.0004894638413106348,8.70097428560257e-05,0.0010751548057892635,0.00030802257020935697,6.567873060703278e-05,0.0005045998842244659,0.0002676051130586377,0.00048464350402355194
619,0.0003465816331619104,0.00031085136097209684,3.485195338726044e-05,0.000312477450434126,0.00031042367127100123,0.00019662361592054367,2.0873269249582077e-05,3.3344953580365534e-05,1.1827796697616577e-05,0.00034108178179453885,0.0006437579542966504,0.00026631029322743416,0.0004703267521076193,0.0004715286302664351,4.474259912967682e-05,0.0002577369292451337,0.0006252238138964045,0.0002565663307905197
620,9.600195783379672e-05,0.00013593614650292407,4.67151403427124e-06,7.571369254423532e-05,0.00011192007239758592,0.00012265145778656006,4.233762273315837e-05,2.922252698277759e-05,1.8086284399032593e-05,0.00018432678244874323,0.000405971485372858,0.00020999601110816002,0.0006973883972383188,0.00023207615077822444,0.0003876201808452606,2.9641137967134634e-05,0.0005406272982893638,0.0001254752278327942
621,8.346187998020671e-05,4.631565097268364e-05,7.238239049911499e-05,0.00016625201877883133,1.121111407419162e-05,5.0717033445835114e-05,3.0828004630502684e-05,3.170328184797194e-06,1.553073525428772e-05,9.838984477338053e-05,2.949655694353681e-05,0.00036569591611623764,5.0435969672329994e-05,0.00023442261441117274,0.00036947522312402725,0.00010204205341121653,0.00019371312813021638,0.00044363364577293396
622,0.00028739784685788416,5.1997507301358714e-05,0.00010600686073303223,0.0002514354505016303,0.00022186003918863578,0.00011967681348323822,8.064654558367045e-05,9.275446822866896e-06,4.932284355163574e-06,0.0005489477334654075,0.00033062816527608396,0.00033744750544428825,0.0008539358128011737,0.0002824988048365576,0.0003526788204908371,2.869642138220163e-06,0.00018179542961160693,0.00024121999740600586
623,0.000735830695785547,0.00011002323838661676,0.00026088207960128784,0.0007880909755860893,0.00011675971586711312,0.00030495785176754,5.487720270367855e-06,5.2086817772764886e-06,1.4297664165496826e-05,0.000750613423398605,0.0001055020513949026,0.00011078314855694771,0.0008296835450289086,0.00017597664535080534,5.0912611186504364e-05,0.00011064404405683459,9.144793668293232e-05,7.2196125984191895e-06
624,0.0008004912249477414,0.00011792688968253681,3.585405647754669e-05,0.0007100564102802409,6.373820592571466e-05,0.00017755012959241867,3.2975848521972495e-06,1.6218166028070333e-05,1.7523765563964844e-05,0.0015025871853322353,0.00042172439256963484,0.00016792351379990578,0.0010309795813248507,0.0003075621386656735,0.00035163015127182007,0.0007142914779801335,0.0003137954732888946,0.000636320561170578
625,0.000145710150120687,7.946131691019889e-05,0.00037451833486557007,0.000194769027842559,0.00018568738614188618,0.00023640412837266922,5.7408143667515496e-05,1.46284200838859e-05,1.646578311920166e-05,2.0517533371136598e-05,1.2018207032088446e-05,5.476130172610283e-05,0.00022047261396322682,0.00010905446476100131,0.00017704255878925323,2.3105727639249896e-06,0.0001706597276619065,0.0004348624497652054
626,0.00032814749594874126,4.918626256535802e-05,2.308562397956848e-05,5.607276402568029e-05,3.1758250099312574e-05,1.5565194189548492e-05,7.65914290889666e-06,6.232494158760465e-06,1.5109777450561523e-05,0.0001736642377336145,0.00034087590340810964,0.0002615121193230152,0.00012380955844247532,4.8157190725942045e-05,0.00024115759879350662,0.00014872553357719864,0.00019607330751092097,0.00030418671667575836
627,0.0004551976687003356,0.0001461647275300959,0.00011894851922988892,0.0006103648227747532,0.00020931676962367834,4.339870065450668e-05,3.601533511633087e-05,1.0729212651059642e-05,1.897662878036499e-05,0.000723671237410059,1.924718805042247e-05,0.0001972382888197899,0.0005526818154576729,8.450699890052288e-05,8.131377398967743e-05,0.0007395642360009946,0.00024396016192917286,0.0006936043500900269
628,6.866022732124333e-05,6.518324920975344e-05,8.79187136888504e-05,4.799986985054572e-05,6.59402028670153e-05,0.00013219285756349564,1.0042534051398627e-05,9.925328770769761e-06,1.1380761861801147e-05,7.372213513277825e-05,0.00011889227454828927,4.746997728943825e-05,2.0935321587131628e-05,0.0002820913434373115,5.365349352359772e-05,0.00017243972954139597,0.00021377877369578406,0.0003063436597585678
629,0.00013155161913915026,8.129961351034318e-05,7.008016109466553e-05,0.0003125848620845334,0.0002461577482441579,0.0001578405499458313,2.999239265902287e-05,1.5658291485537304e-05,2.458319067955017e-05,0.0004811855513562058,0.00032268098036458,0.0003412514925003052,0.0003420671638009881,0.00033927032290574297,0.00022505316883325577,1.2664523128175231e-05,0.00026131025054098624,0.00034081749618053436
630,9.833083760740768e-05,4.2057626924579816e-05,0.00020177289843559265,4.234354532653417e-05,4.7647174550084076e-05,0.00022967718541622162,1.2722190726290397e-05,6.7199266129910635e-06,2.2359192371368408e-05,0.0001502698380762557,0.0003885663703201425,0.00016417214646935463,0.00014175707360486456,7.057670255221707e-05,8.652079850435257e-05,0.00016447767072197417,9.489441788785614e-05,0.00044750794768333435
631,0.0003956924280111851,0.0001608061955650185,0.00037005357444286346,8.698511220628369e-05,0.00019946363548185506,0.00027463678270578384,1.1641490033631463e-05,6.442121466895736e-06,6.120279431343079e-05,0.0006212072391434259,0.00011299778417253603,0.0006930548697710037,0.0005258424586780108,0.0006756918707722347,0.0008427733555436134,0.0007527187607555275,3.628626815864629e-05,0.000531783327460289
632,0.0011183300617938624,6.923656857688379e-05,0.00025893189013004303,0.0003718881209813646,0.00023818680690503025,0.00019680988043546677,2.3807797095994065e-05,6.841337038512602e-06,7.030367851257324e-05,0.000988007442159461,0.0001640290968712571,0.0007023923099040985,0.0005133676242237428,0.0008381730264616465,0.0008113794028759003,0.001136152837618143,3.8338376874225144e-05,0.0009643658995628357
633,0.000844276773878383,2.3545833828644835e-05,8.418411016464233e-05,0.00026792554544791125,5.05390292102649e-05,0.00012953393161296844,3.093823650819269e-05,2.100829928887004e-06,2.035871148109436e-05,0.0006864277581577483,0.00011084329900581252,8.613942191004753e-05,1.0094012312639178e-05,2.1341066206079923e-05,7.21421092748642e-05,0.0003547882175340411,0.00016211366848820942,0.00034509971737861633
634,0.00017199926911144747,0.0001465461523961903,4.5998021960258484e-05,0.0002632149327376765,0.0001305505863679092,8.054450154304504e-05,1.8867214695676704e-06,1.8921626944970525e-05,2.998858690261841e-06,0.0002438288685170653,0.00046467205316805954,0.00011834688484668732,0.00020521630672744318,0.0007583933018015937,7.073581218719482e-05,9.17994323138549e-05,0.00037331287302926584,0.000170830637216568
635,0.0002286514401594747,7.114121845588212e-06,0.00019751675426959991,0.00033980258590472767,3.780596840265507e-05,7.353909313678741e-05,3.59566741822432e-05,1.9753763926240475e-05,1.6391277313232422e-06,0.000915980532393737,0.0002600821574531495,0.00019699009135365486,0.0008545946734014598,0.00019052343579234118,6.771925836801529e-05,0.0010578036326326923,0.00023337848492798775,0.0001535620540380478
636,6.468362745212786e-05,0.00013482936847264773,0.00024251453578472137,0.0002603117113513659,9.50728130237645e-05,0.0002385452389717102,1.0869066244293193e-05,2.5511075519090093e-05,3.746524453163147e-05,0.0005441768871076724,0.0001441577299108876,0.0004995106719434261,0.000352765522050838,0.0004879351376125482,0.0005038538947701454,0.001234495971088434,0.00038945896188143786,0.0009969472885131836
637,0.00034075204776286283,7.670165950401583e-05,0.00034337304532527924,0.00038752385356521923,0.0001685722930028291,5.372520536184311e-05,2.725646589817575e-05,2.855696575521029e-05,3.0763447284698486e-05,0.001059406791294945,0.0002628663918392074,0.000248489435762167,0.000822675478683782,0.00037279723563871797,0.00011311564594507217,0.0009887737165203137,0.00040192320300833605,2.4924054741859436e-05
638,0.0011558612941265783,6.799225802693598e-05,0.0001561865210533142,0.0005443827590077555,0.0002040016533192933,0.00023264437913894653,4.618002757262804e-06,1.5855520357812235e-05,1.021847128868103e-05,0.0008811867208560337,0.00021014967044975102,0.00017858855426311493,0.0011406201444336128,0.00041848103585383906,0.0002635316923260689,0.0006231965068601852,0.00019064929814916962,0.0004482883960008621
639,0.0006463192279605456,0.00010668386581537403,0.00018275156617164612,9.504096128327977e-05,0.00012632509068207648,0.00019605178385972977,3.5849082196337534e-05,3.6851708453380016e-06,2.2962689399719238e-05,0.00011602542988570219,0.0001147188818447567,0.0004786592908203602,0.00039793928129547296,0.0002718347268724601,0.0004988359287381172,0.00021111940523463324,0.0001344247964763113,0.00046787597239017487
640,0.0002778262174281121,1.785638527754263e-05,0.00021349824965000153,0.0003120364309995849,4.665973048309513e-05,0.0002631787210702896,1.760693642946856e-05,1.0619593937458366e-05,3.859400749206543e-05,0.00029311641907669994,0.00012303910003483298,0.00041593099012970924,0.00032740568480622845,0.00017832238815183865,0.00034473277628421783,0.0002996135304628722,0.00017645681082699427,0.0006830617785453796
641,0.0005371191038792411,6.153841469289101e-05,0.0002687554806470871,0.00047291321186937463,0.0001525309619637115,0.00023207347840070724,3.368240832829321e-05,8.424384315769895e-07,2.9355287551879883e-05,0.0006746678967403247,0.0001939837721875448,0.00014307629317045212,0.0006166671647678534,0.00032810801360445147,0.00020399782806634903,0.0007360177394513667,2.8161995387365052e-05,0.00027898699045181274
642,0.0011526129995655388,5.487658722577726e-05,0.000353766605257988,0.0005906402722881954,0.00011295712394101404,0.0001645497977733612,4.191806871289144e-06,2.2632458748520694e-05,8.85501503944397e-06,0.0009709084825103298,0.0001546559553064833,0.0003137486055493355,0.00045028772812359674,0.0006309428541095528,4.423130303621292e-05,0.0004892291998262466,0.000342739852054956,3.606267273426056e-05
643,0.00032658005582482386,5.126421804955289e-05,0.0003190618008375168,0.00040872689628251857,0.0001775322560264199,0.0001166732981801033,7.511723631192097e-05,3.2202020621657215e-05,1.2058764696121216e-05,0.00018972031026454061,0.0004894998444407717,2.329796552658081e-05,0.00016161471912287673,0.0002900430126692652,0.0002049887552857399,0.00016088605234484965,0.0005213457132552182,0.000433141365647316
644,0.0001076378384234078,9.809886691083958e-05,0.00018376857042312622,0.00046735592953507654,0.0001500773430148511,4.434678703546524e-05,1.3387748785774825e-05,3.499417453810185e-05,9.879469871520996e-06,0.0009941433863845661,0.00020368814802318447,0.0004875184968113899,0.0004594583479722997,0.0008355225484844957,0.00014854595065116882,0.0014579485736371522,0.0005064384243306571,0.00010217167437076569
645,0.0009241077823567978,0.00010585474768208883,0.00013698451220989227,0.0007497637828693671,0.0001273252309581252,6.400980055332184e-05,3.315169996185967e-05,1.5697886389364857e-05,1.6886740922927856e-05,0.00040094642739754716,0.000836546401970846,0.0003827223554253578,0.0010354351028507847,0.0003435034938914297,0.00027887988835573196,0.0022795557154110246,0.00015115070791977062,0.0007316544651985168
646,0.00045272814347835366,0.0002145015238559922,0.0003514699637889862,0.0005874429693934202,0.0003910001231072942,0.0006947396323084831,6.652994637626475e-05,7.05304859716843e-05,1.9975006580352783e-05,0.0005038604571501876,0.0007078196705393933,0.00023338617756962776,0.001106578042440326,0.00044269254768462135,0.0002259640023112297,0.0006016669489788129,0.0011577477439268773,0.0005326308310031891
647,0.0006209307393174046,0.0002708321638158241,0.0006537493318319321,0.000735818415473044,6.039868837515519e-05,0.000545792281627655,9.62019911734599e-06,4.202555334699258e-06,1.985207200050354e-05,0.00017880629851146912,2.7654751638822583e-06,8.203648030757904e-05,0.0007848169191294468,0.0005943189330436128,6.777234375476837e-05,0.0007334264371564314,0.00014025154183303426,0.00034777261316776276
648,0.0001596782361195509,0.00021889677300569732,0.00028682686388492584,0.0001688821804457924,0.0001506459146290197,0.00014263298362493515,2.4441073389041418e-06,2.4036096811772207e-05,4.116445779800415e-06,0.00027089482891612393,0.0001244826338043445,0.0002720961347222328,0.00038011996285544636,0.0004460213649654012,7.668789476156235e-05,0.0005089652896477226,0.0004534505751428927,9.379349648952484e-05
649,0.000197355556252235,4.495446826963817e-05,0.0002446211874485016,0.00014914561534085102,3.184316376230595e-06,0.00018553901463747025,2.792691812708928e-05,9.655899982129526e-07,2.2292137145996094e-05,0.0004517705890671325,6.038781529682513e-05,4.312582314014435e-05,3.570802695426756e-05,0.0002885025559532413,0.00018492434173822403,0.00022937030933450897,9.650888473129032e-05,0.0002126898616552353
650,0.0005782104945643574,0.00013292352752488149,0.00044670142233371735,0.0003384526449930064,0.0002008009187689959,0.0004714084789156914,4.447736662171672e-06,1.1768663172929766e-05,1.329183578491211e-05,0.0007038085964223839,0.0006447384586088095,4.349555820226669e-05,0.0005836668538358042,7.82329062041752e-05,3.187358379364014e-05,0.00028864341455742126,0.00023025787162795838,4.188530147075653e-05
651,0.000772869370252019,0.0001301921650318262,0.0003695990890264511,0.0008202005344598307,0.00016610005162726385,0.0001886589452624321,4.885338083479747e-05,1.4192061789684482e-05,2.5000423192977905e-05,0.0015061135095157802,4.333202895627497e-05,3.729201853275299e-05,0.001061796714198468,0.00026853904696151273,0.00027259625494480133,0.0009920625421394325,0.00023922399541372041,0.0003473237156867981
652,0.00047203566940477726,0.0003522972249057829,0.0003191474825143814,0.00044198669179210115,0.00014647214649650409,0.0006119068711996078,5.500665630768335e-05,5.08475087287524e-05,7.37607479095459e-07,0.0005045287191013381,0.0011946413703177658,0.00011784769594669342,0.0003102118106745322,0.00013521592050991238,0.0005167629569768906,0.0002737545195657942,0.0007323372915119704,0.00018060021102428436
653,4.746312620436399e-05,0.00013899236928423264,1.7894431948661804e-05,7.707359238184885e-05,7.104537141389144e-05,0.00020400620996952057,3.143307150828972e-05,2.6643703355878987e-05,1.4699995517730713e-05,0.0005735953462666782,0.001013896039039397,0.00011522741988301277,0.0006659436933320051,0.0005032617069292283,0.00011872686445713043,0.0003025027426811211,0.00031357261592436167,3.48556786775589e-05
654,0.00015683175654250536,4.445619694680783e-05,0.00021466054022312164,0.00031381642678306176,7.324523287544418e-05,0.00018672645092010498,2.0620419901707862e-05,4.0462144169179856e-07,1.1548399925231934e-05,0.00032279359083539627,0.0005275368811770847,1.7517246305942535e-05,5.86415746069574e-05,0.00015304323635651276,9.145773947238922e-05,0.0003192014902399509,5.942510901491352e-05,0.00015996582806110382
655,6.26369199044352e-05,0.0001851763897444507,0.00023419037461280823,1.964596110363981e-05,0.00024148901665641334,4.626903682947159e-05,2.7925207860806517e-05,2.2221840434735914e-05,8.42660665512085e-06,0.0004045837924712553,0.0004297181620580015,7.14743509888649e-06,2.4529485009805452e-05,0.0007550445570784284,0.0002195071429014206,0.00015043799878078357,0.0003900945282105557,0.000154765322804451
656,0.00014340142670474232,3.54352393024393e-05,6.325729191303253e-05,2.2353045090919843e-05,0.00010710462219985784,6.731227040290833e-05,1.5877056490611746e-05,3.5996521350184756e-06,5.688518285751343e-06,0.00022985283462521877,0.00029386909922510945,5.123112350702286e-05,0.00015739682712474778,0.00019919093761084153,2.9185786843299866e-05,4.007947921361166e-05,4.859202583003264e-05,0.00015677884221076965
657,0.0002151626264373513,7.443909630286405e-05,9.508058428764343e-05,0.0005275517908061023,9.680320656878932e-05,3.692600876092911e-05,7.148026355318325e-05,1.7208384022889987e-05,2.8498470783233643e-06,5.786006192988469e-05,0.00014377048875101328,0.0003850152716040611,0.00014064943925642948,0.00034542565629586824,0.00033205002546310425,8.285202743152364e-05,0.00042377430364246016,0.00015168264508247375
658,0.0002714479284128546,0.0002868258831716826,0.00039667636156082153,0.0010413175762287313,0.00017159586204021707,0.00042202696204185486,8.5985436798202e-06,1.3369278429450774e-05,1.6771256923675537e-05,0.0006749341937655334,0.00013676071765619802,0.00011447165161371231,0.0008170636939997811,9.840199431347674e-05,8.533895015716553e-05,0.0010618361264232434,0.000266609285451698,0.00015260837972164154
659,0.0004422882291160446,3.608850873674033e-05,0.00023242086172103882,0.0007980702744865148,0.0001346900102454189,0.00035295821726322174,6.06464937664801e-06,3.448879490545575e-07,2.520158886909485e-05,0.000655090375710321,0.0003813872030597881,0.0003236038610339165,0.000597161994101883,6.375671678020625e-05,0.00020514242351055145,0.0008032357955699843,4.0615339289607616e-05,0.0003738272935152054
660,0.00018984150147939582,0.00012678198067357302,3.208033740520477e-05,0.0004366972009728215,7.268748256577043e-05,0.00013704225420951843,1.48074460424516e-05,1.06434655341818e-05,1.4491379261016846e-06,0.0001776956009171965,5.419504550219223e-05,3.132550045847893e-05,0.00016222049197842092,5.481334418054942e-05,0.00011206790804862976,0.00021260215890836487,0.00018474981183352543,4.688836634159088e-05
661,3.2659622630312746e-05,0.000373495531741902,0.00022866018116474152,0.0002937873032458488,0.0003653178704507813,0.00014949403703212738,3.342758765045688e-05,2.6275671541918944e-05,4.3254345655441284e-05,0.0002510912382738678,0.0007447064639448664,0.0005188267678022385,0.0003328268028948145,0.0003718944563052863,0.0006300806999206543,6.165145255004889e-05,0.0004419639724876877,0.0007100924849510193
662,0.0003923534251998595,0.0003933237976681721,0.00042622536420822144,0.0004774185654027735,0.0003964301344216714,0.0002629784867167473,9.303088737815796e-05,3.9692556278248534e-05,2.514570951461792e-05,0.000714814080337009,0.0005632738631460646,7.833726704120636e-05,0.0006560625984568386,0.0007582613087470172,9.410455822944641e-05,0.0005735328796271366,0.0005870229291415861,0.0006491951644420624
663,0.0005261669332374402,7.067887088119812e-05,0.00024367868900299072,0.00030027331684683023,0.00019168726092829574,0.00016239285469055176,3.3570328942446326e-05,2.9092626176809716e-05,5.4463744163513184e-05,0.0009263675048071796,0.0012411306203962413,0.0006011230871081352,0.0006190961961222291,0.000317725916725773,0.0006763283163309097,0.0005360623404181142,0.0004514638192074684,0.0010172203183174133
664,2.9984047324196905e-05,7.358772119959653e-05,3.4047290682792664e-05,0.00021669709098942613,4.9950981259296034e-05,3.2195821404457092e-06,1.6339122144052448e-05,1.6972619198978847e-05,3.6150217056274414e-05,0.00039521810796314116,0.0007748167891548988,0.0006131390109658241,0.00016289503641038483,0.00011202622131752105,0.0006614197045564651,2.298359512711845e-05,0.00024065233597364566,0.0005045570433139801
665,0.00038233069732364344,0.0002287970230684111,0.00019949302077293396,0.00021138224131590777,0.00018445092565270646,0.00018530339002609253,4.165341910535546e-05,1.607545523037569e-05,6.109476089477539e-06,0.00017862617519080748,0.0008247155336198117,0.0005927626043558121,8.44601053528321e-05,0.00011405235179780607,0.0005625020712614059,0.0005053839536680316,0.00017567751541587226,0.00020084530115127563
666,0.00014313425881661013,0.0004285157177357189,0.0004356876015663147,5.6370673153602335e-05,0.00011885022700785716,0.00043216440826654434,6.477434785490815e-05,1.797489681670773e-05,7.066875696182251e-06,0.0001820639496360188,0.001341107975247488,0.0002672392874956131,0.0002265166764196247,0.0003502901636567579,0.00026482902467250824,0.0007529976711529718,0.0003471879689234611,5.397014319896698e-05
667,0.0006012824743386741,0.00022577167907002205,0.00038358941674232483,0.0003724445309940261,9.112134710340808e-05,0.00042833760380744934,2.5793495690656573e-05,8.466531800614121e-06,2.804771065711975e-05,0.00039153890979749806,0.0003135454579293248,0.00020058127120137215,6.497659832521707e-05,0.0002597126780589862,0.00020310841500759125,0.0009747779225455777,6.246319689032741e-05,0.0003872383385896683
668,0.00039517780944546554,0.00015629548015360512,0.00020304135978221893,0.000279809299360001,6.030126858666551e-06,0.0003119390457868576,7.300062637019371e-05,1.0408769006500567e-05,3.27378511428833e-05,0.00042394519018718047,0.0006657797518822908,0.00020301202312111855,9.432383704795211e-05,0.0001470041100788723,0.00013342872262001038,0.0007540161286314073,0.00011973840100271485,0.0005823615938425064
669,0.00015707114246626963,1.3950700076533623e-05,0.00026468001306056976,3.3511958444198964e-05,1.3781077473396658e-05,0.00010475050657987595,1.7521917242439497e-05,1.1349840958243705e-05,7.845461368560791e-06,0.00012432932032384325,0.0003121651968437042,0.0001285024918615818,7.360225346951521e-05,0.0004941494718997061,5.927868187427521e-05,0.0002318256560832621,0.0002963882855554819,0.00036288611590862274
670,1.5697735231495757e-05,7.71172416599332e-05,9.712949395179749e-05,0.0001382270954416176,0.0001624600499271489,0.00022286083549261093,2.0149458771561227e-05,4.9938647935275984e-06,1.4096498489379883e-05,0.0001280513536628114,1.7994145139199613e-08,0.0003448799252510071,2.0221539943632294e-06,0.0003250095418064654,0.0001569986343383789,2.6438198317685346e-05,1.850012788767383e-05,0.0005378462374210358
671,0.0003174895342244327,0.00019413855368643,0.00016682595014572144,0.00021164948048030263,4.2990267708872126e-05,0.00021483562886714935,5.377570257621145e-05,1.3409228955716616e-06,1.74790620803833e-05,6.632379967266844e-05,0.00024153124667788267,0.00018880236893892288,0.00015534104248433878,0.00016332393074530716,8.743256330490112e-05,9.433897533314695e-05,1.2836142321632354e-05,0.00041381828486919403
672,0.00011224274910164034,0.00042289464122709924,0.0003046449273824692,0.00013498578892716384,0.00020798697721022275,0.0003022514283657074,1.7391965484553698e-05,1.927296584164329e-05,4.187226295471191e-06,0.00012669482127131149,6.80903367201377e-05,3.513321280479431e-05,0.00013294090523359448,5.435814924902027e-05,8.026883006095886e-05,2.1891172069632425e-05,0.00039010290543663867,1.1226162314414978e-05
673,0.000566903994094467,0.00020037236710126333,0.00019261613488197327,0.00033416493993479457,0.00022690445546172736,0.00025293324142694473,2.201781345667099e-05,1.4054202432911903e-05,1.0289251804351807e-05,0.0009328523117408533,0.00012933436851458868,0.00012164749205112457,0.0006628213669775673,0.00017511934389483064,0.0002201087772846222,0.0009382364814534416,0.00022229461673478265,1.971796154975891e-05
674,0.00036472605338236375,0.00028566364926648977,7.04638659954071e-05,0.00012406736890743786,0.00017133934182251426,2.9725022614002228e-05,3.7104304547296713e-06,3.6634996941453234e-06,5.89713454246521e-06,0.00018398663946536664,0.0006264986614791593,4.039984196424484e-05,1.3385012318206657e-05,0.00023795469852179105,1.80024653673172e-05,0.0005054851889978451,9.133038123477003e-05,0.0001497063785791397
675,0.0004616744221079133,0.0002335642695920348,0.0003567580133676529,9.514887381918691e-05,0.00012242091622956947,0.00030478276312351227,8.056963520103322e-07,1.2317331204280552e-06,3.423914313316345e-05,9.215300663525938e-05,0.0005268897103103964,0.0003894004039466381,8.442242329044503e-05,0.0004772741200109801,0.0004696361720561981,0.00042441715694735427,9.01391648453452e-05,0.0008720867335796356
676,0.00036728790442816517,0.0002605992391753256,0.00020753778517246246,4.736574826566531e-06,5.17345447603422e-05,0.0004015825688838959,2.118573844924962e-05,2.2122599342736752e-05,1.1067837476730347e-05,0.0004495330825118049,0.0008446393957459788,0.00016230763867497444,0.00023369804457519516,0.00035706154075693455,9.134039282798767e-05,0.0005717139173694319,0.00037394693524670647,0.00015851855278015137
677,0.0001789140144284329,4.079387771842996e-05,0.00014462880790233612,0.00020307457674273444,0.000212472706327356,0.00046613626182079315,3.1805402843471456e-05,3.21510149799884e-05,1.2256205081939697e-06,5.005051716329423e-05,0.0003835749314420184,5.823839455842972e-05,9.82440807747037e-05,0.0005694920087287308,0.0004264451563358307,0.0001791031268158494,0.0005413539773902482,2.4225562810897827e-05
678,0.0005629175062720343,1.651927794580829e-05,5.215778946876526e-05,0.0002173662332368015,3.955920512542163e-05,7.021334022283554e-05,3.523869680571376e-05,9.154658422498964e-06,4.988163709640503e-06,0.00032570116998115184,0.0004776275581472589,3.867177292704582e-05,0.0005659883172891983,0.00031685136002233133,0.00027841515839099884,0.0002481291640979988,0.00015525648456843864,1.15223228931427e-05
679,0.00013055646536425103,0.00029196834230307833,0.0002691410481929779,9.375395536541375e-05,0.00018326892426068567,0.0003187926486134529,1.3717663405032193e-05,4.102162526455153e-07,3.311038017272949e-05,0.0005391751188587451,5.376116328967284e-05,0.00035331305116415024,0.0005379038791422375,0.0002082925354919933,0.00033093802630901337,0.0002795060581060327,5.315219888238354e-05,0.00046058371663093567
680,0.0001971170796633004,0.00022873443905039106,0.00011443160474300385,1.4902056456211898e-05,5.020660659657908e-05,0.00014579109847545624,1.4728882356210976e-06,4.231447440418857e-06,2.3581087589263916e-05,0.00014898139645481978,0.0004058271654563475,0.0003532734699547291,0.000237603950794682,0.00024255827670541588,0.0003597978502511978,8.54763200161257e-05,8.812397742057401e-05,0.00025760382413864136
681,0.00010472350368578853,0.00012882380285349215,0.00034373626112937927,0.00016926639918074526,0.00016883673370381505,0.00033250823616981506,1.9874609554456843e-05,1.7475350981314627e-06,1.453980803489685e-05,4.585079935323644e-05,6.965252765592234e-05,1.6384758055210114e-05,5.7162363669371885e-05,0.00024622654938614985,2.199597656726837e-05,0.0001714544541579488,0.00012068717685009486,0.0003027208149433136
682,0.00034938223888215936,0.0001582102742549371,0.00022957660257816315,0.00036920163816979434,0.00021655774529438093,0.00026739947497844696,2.196944358486344e-05,2.314516482396353e-06,4.2729079723358154e-06,0.0002936192936276588,0.0004106586064910808,8.12094658613205e-05,0.0005514894495235734,0.00010556060075269172,0.00016679614782333374,0.0005288332244469396,8.996490161467322e-05,0.00023669004440307617
683,0.0007728660162359541,0.00015698524247236,0.00019989348948001862,0.0009480455983207348,5.969123179263083e-05,0.00021831784397363663,1.3645206117660763e-05,2.6344504180429804e-06,2.9802322387695312e-06,0.0003720758621971604,5.529180279134627e-05,0.00022479984909296036,0.0014026117280823286,5.1112672181670427e-05,0.00014797411859035492,0.0008849245084059931,0.00016877978781682304,0.0002985317260026932
684,0.0007121542590687452,2.674179197484014e-05,0.00030417926609516144,0.00014321362802729998,0.00021764621601308778,0.0003326740115880966,7.3720628816168615e-06,6.551265899483894e-07,2.0988285541534424e-05,0.00027086047900116983,1.9283225177371688e-05,0.00038780178874731064,0.0003436005311832635,0.0003219655256178934,0.00032085366547107697,0.00033535060704267816,0.00010782489463897343,0.0005993414670228958
685,0.0004450023243943446,7.289286530083594e-05,0.00014571845531463623,0.00010949647876946911,8.554679587050376e-05,4.997197538614273e-05,1.120661022185887e-05,5.196491063198848e-06,5.349516868591309e-06,0.00030580205315595965,0.0003086576723335191,5.3993891924619675e-05,0.0003872427634252079,7.444621561308179e-05,7.245689630508423e-05,0.0005889579949129864,0.00010752413362618424,0.000260278582572937
686,0.0005735446325365046,0.00012348944457287597,2.8815120458602905e-05,0.00016034868661618518,0.0001841371792307804,0.00028218328952789307,6.312943786803034e-05,5.256850687660212e-06,3.5703182220458984e-05,0.0002843344642211032,0.00039054745717370665,0.0003608204424381256,9.339043460900032e-05,0.00034996312419753595,5.6060031056404114e-05,0.0005840416712090124,9.109236811629187e-05,0.0004438962787389755
687,0.0005251239282393766,0.00014321447659695896,0.0001853201538324356,0.0004229346945232859,5.636640344851632e-05,0.00023641902953386307,9.002262027274152e-06,1.476427316653801e-05,4.011765122413635e-05,0.0002904126413667968,0.0011095510198241496,0.00029484787955880165,0.00011177188696642748,1.790527578281187e-06,0.0002943500876426697,9.961602488811616e-06,0.0003903290546713456,0.0004858393222093582
688,0.0002318708919294421,0.00013735963484948904,0.00023800507187843323,0.0004989733889862458,3.605350965647791e-05,0.0002211863175034523,2.2784998009617308e-05,5.996989141753397e-06,9.115785360336304e-06,0.0002525090234088978,0.0001102562017649758,0.00015789922326803207,0.00035133886933720604,0.00013618596865716537,0.00014907680451869965,0.00023380467323499965,1.4784737199260295e-05,3.555789589881897e-06
689,0.0004618144727153578,0.00013960788357656947,0.00017953477799892426,0.0001115023914903257,5.97140459752607e-06,0.0001336047425866127,2.1699591147063615e-05,1.4617952482637872e-05,1.2293457984924316e-05,0.00022785972154885925,0.00011164909198040779,6.645731627941132e-05,0.00026622194475045546,0.00013095373054038476,1.044943928718567e-06,0.00011814797387857401,0.00019190823694989478,0.0003701988607645035
690,0.00046541650895147446,8.886308567598519e-05,5.526095628738403e-05,0.00039114133369023973,5.4047078175502306e-05,1.1939555406570435e-06,1.9368745378233604e-05,8.528421688762736e-06,5.498528480529785e-06,0.00041674337903765957,0.00010829966479448949,0.0003624693490564823,0.000219351232399842,0.0005821872581923213,0.0002505965530872345,0.0006530373559262559,0.00010085745667730989,0.00015420280396938324
691,0.00043415012641837003,0.0002169640327834184,0.00013416633009910583,0.0008419701400678575,4.630509313727216e-05,0.0001622261479496956,4.8951518135819175e-05,2.03087586682295e-06,2.9210001230239868e-05,0.00043453872457953346,0.0005238411287054115,0.0003607836551964283,1.8405444126970427e-05,0.00017883759686410615,0.0002666804939508438,0.0004000869860045775,6.67406802563747e-05,0.0007699914276599884
692,0.0003262090361067088,0.0001444074897520159,0.00034905970096588135,0.00019828507589191025,0.00013628527623207182,0.00020292960107326508,1.935525473503036e-06,2.1932852553192437e-05,4.7557055950164795e-05,0.00018798971237882212,0.00023440523129340113,0.00044356100261211395,0.0002186241721345017,0.00017288202847640446,0.0006541423499584198,1.926209898492348e-05,0.00044698189450183626,0.0009587518870830536
693,0.0009830077014140598,3.146648708977906e-05,0.00039954110980033875,0.0005880653487881499,0.0001884299365532173,0.00047836359590291977,7.87469588307485e-06,2.643866892800689e-06,6.277114152908325e-05,0.0006872136045556337,6.139262866260153e-05,0.0007648039609193802,0.000789180998390121,0.00018731617769909316,0.000651434063911438,0.00028670870200661613,4.5594116718002814e-05,0.0010350067168474197
694,0.0002749768292200777,0.00010977405366485726,9.906664490699768e-05,0.0002795897486749521,7.347982552018822e-05,5.415081977844238e-05,3.911613929421555e-05,7.0981918621646975e-06,1.286342740058899e-05,0.0005242811617117149,0.0005517750789394635,5.4154545068740845e-05,0.0006809425796412555,0.00018077177691339444,0.00011273659765720367,2.8951011671607407e-06,3.8861698953025076e-05,0.0003183353692293167
695,9.800016345530571e-05,0.00013930493003728658,7.354095578193665e-05,5.9527410284712645e-05,3.434748681355876e-05,8.290726691484451e-05,3.897078492138932e-05,6.687138819063895e-06,4.850327968597412e-06,2.154330378911773e-05,9.496905684172607e-05,2.503208816051483e-05,0.000430899286137848,0.00031965616972358044,6.113201379776001e-06,0.00029156224930235175,6.852637009200149e-05,0.00012817233800888062
696,0.00018243537100645635,7.775409741337183e-05,0.00012379325926303864,5.554787083450474e-05,9.438625761930622e-05,0.00014994200319051743,3.439002299223011e-05,2.383105043839845e-07,1.7508864402770996e-06,0.00037840166757190097,0.0003045088704877186,6.529083475470543e-05,0.00028308712974374484,0.00034256612401914813,8.333660662174225e-05,9.298157402384821e-05,2.0964292144980134e-05,0.00022211484611034393
697,0.00012782613560700928,0.00021097857740874637,9.069032967090607e-05,0.0001744184822129735,0.00013687971709181596,0.00012102071195840836,1.5600933801077424e-05,6.566286793723702e-06,8.337199687957764e-06,0.0003001900612438352,2.430923608737895e-05,8.92900861799717e-05,0.0002720942102827223,0.00014480136940866854,5.120784044265747e-05,0.00041502280162564187,0.00013384774800590318,0.00019124895334243774
698,0.0004385734043478029,4.87477190615794e-05,9.421072900295258e-05,0.00028955073131890774,0.0002683545964947097,0.00011658389121294022,6.188556861752743e-05,2.5771380814508353e-05,1.2043863534927368e-05,0.000659462662450247,0.00013647322104541615,0.0003456380218267441,0.00015212269413106272,0.000373796075736196,6.653927266597748e-05,0.00019733211397057748,0.0004064354477977296,0.000305837020277977
699,0.000250636448438174,6.967423080211921e-05,0.00048072636127471924,0.00031401906504564814,9.364343040152087e-05,0.0008064396679401398,8.32996758544334e-05,2.7491337848182303e-05,2.6516616344451904e-05,8.834502848147074e-05,4.6190975395515865e-05,0.0004713991656899452,0.0003634582068631348,0.00031265624827948,1.0574236512184143e-05,0.0008639718682731667,0.0005600445744673617,0.0003796815872192383
700,0.0007287776834217774,7.483239175205478e-05,0.00017941556870937347,0.00024656867480948863,0.0001296751734520124,0.0003192247822880745,1.8373976334598585e-05,1.1481620897912546e-05,8.44523310661316e-06,1.7990326502945186e-05,0.00018914490106329562,0.0002672811970114708,0.000119191614545891,0.0001599716727169638,0.00045535340905189514,0.00039731131751247206,0.00034169520990662977,0.0002364516258239746
701,0.00027115220707768506,0.00025760546855985167,0.00014114752411842346,0.0006700531740575638,8.208401008909239e-06,4.711747169494629e-05,2.1359274009775248e-06,7.2892035463492134e-06,3.5550445318222046e-05,0.000957917439217415,0.00043850881944378084,0.00017421692609786987,9.148322984826873e-05,0.00020919814244894225,0.0003025531768798828,0.0006481037799162259,0.00017990930438286853,0.0009304247796535492
702,0.00018966399003526868,4.3172119550058397e-05,0.0007213372737169266,0.00035619404527190146,3.0691275584686373e-06,0.0006124973297119141,8.204274131782055e-05,6.9406941454214655e-06,6.400048732757568e-05,0.0003647269957859772,0.0005929890835099719,0.00015260931104421616,0.00045437449676985486,0.0007253862104376341,0.00030685216188430786,0.00013738391299081276,0.00018903468699515286,0.0009893551468849182
703,3.66604331506204e-05,2.3515562371165255e-05,0.0003779362887144089,0.00022278226577986115,8.93944449551938e-05,0.0003313841298222542,1.02460392254599e-05,5.047510464701319e-06,3.489479422569275e-05,7.73330331902411e-05,0.0001339076570889483,0.00021962914615869522,0.00020393801685704427,0.0002600122892909597,0.00029550306499004364,0.0001028966348210203,6.230217216422404e-05,0.0005186907947063446
704,0.00015232284320516876,0.0001308224353389481,0.0001699347048997879,6.872227697658773e-05,1.5872255854147005e-05,7.190369069576263e-05,8.029136057598717e-05,1.1700341982975697e-05,6.92903995513916e-07,9.6370203024429e-05,0.00024656416298700357,0.00029710540547966957,0.0002946390627959067,0.0003263389111985565,0.00016788579523563385,5.786569282251186e-05,0.0002487658701839056,0.00022877007722854614
705,5.633118207087895e-06,0.00023819335348580425,1.140497624874115e-05,0.00020126233895324808,0.00014121501143934956,2.1831132471561432e-05,3.5404112988454695e-06,1.6397569194653676e-06,6.917864084243774e-06,2.4932215767742294e-05,0.00010522927904935836,0.00030542025342583656,0.0005222583477871023,0.0003282955464825911,0.0002830028533935547,0.0005628813323980963,0.00020153547892149196,0.0003551114350557327
706,0.0008668444942535602,0.00010462156466711434,0.00015323050320148468,0.0002428865208545794,0.00016304974423707666,0.00025161262601614,3.6608890123135396e-05,5.012740680767139e-06,3.0528753995895386e-05,0.00013336124104897096,0.00025403672875012884,0.00014292728155851364,6.082948743238448e-05,0.00048152490809413515,4.571676254272461e-05,0.00010007396881397956,7.976562693064529e-05,0.0005319807678461075
707,0.0007359361895470928,3.870508452989349e-05,0.00032567791640758514,0.00060812154876419,9.14721994824709e-05,0.0003921268507838249,1.604606923909062e-05,1.0677422857490728e-05,4.756450653076172e-05,0.0011874518134216555,0.00010433849462317124,0.00033059343695640564,0.0006796695602483971,4.525418932008543e-05,0.0002698041498661041,0.0004064452891519299,0.00015328947927818748,0.0008230861276388168
708,0.0007599806386529989,4.654173404847542e-05,0.0004790462553501129,0.0004077902104462905,0.00014566255191502536,0.0005064103752374649,4.152741512089379e-05,4.432500289158802e-06,5.000084638595581e-05,0.000897685162724815,7.94925210090211e-05,0.00042850151658058167,0.0007883825586652848,0.0002605871902737235,0.00041245482861995697,0.0011520723622434337,0.00010799243952243354,0.000758027657866478
709,0.00023383569298922324,0.00013307495487316703,9.885057806968689e-06,0.00033691518906824036,0.00015017872916651964,0.00014230608940124512,3.901089682890185e-06,1.0850844221274667e-05,6.165355443954468e-06,0.0002541683368622316,0.0002859168651584351,6.139231845736504e-05,2.2254209415081827e-05,0.0007822297384415776,0.00020357221364974976,0.000465151944328529,0.0001079214194026415,0.00026726722717285156
710,0.0005246895192376894,0.00018692468553676428,0.00014824606478214264,0.00026057910398863404,1.7666559548448757e-05,0.00018583890050649643,4.587524042127741e-06,2.812281553533783e-06,8.966773748397827e-06,0.0002104359640352632,3.346539081439115e-05,0.00032306183129549026,0.00030410702180949656,0.0004990499303347204,0.00033854320645332336,0.0012311023996810777,0.00010308858994273126,0.0002042669802904129
711,0.001114603081183857,2.792212713972897e-06,0.00023745745420455933,0.00040708094175817555,0.00017587528093401458,0.0004111332818865776,3.978400980023458e-06,2.380330101231314e-05,1.0967254638671875e-05,0.00018475557778059593,0.000622808476897517,0.00038373610004782677,0.0005998663321110237,0.0006106925417825038,0.0006279684603214264,0.00129844676147306,0.0003314902405937743,0.00037486106157302856
712,0.00016525005355563782,1.548108537195378e-05,0.0001537855714559555,2.3666641672512312e-05,0.00019224842295088515,7.629022002220154e-05,1.9640356560407524e-05,3.115934663718012e-05,4.7832727432250977e-05,0.0007066245366697532,0.0008138034368122618,0.0005868957377970219,0.0007058357501390639,0.00015256092955876627,0.0008523073047399521,0.00048175546744474995,0.0004090898856489687,0.0006736218929290771
713,0.0007020540443223033,2.4782250115370358e-05,0.00021296553313732147,0.00026147476465181174,9.044939957244397e-05,0.0004102066159248352,2.754008010467414e-05,3.508933736581809e-05,2.3096799850463867e-06,0.00036827105284271966,0.00109517504343392,0.0001836703158915043,0.0005290128273715694,1.0126502652392858e-05,0.0004615169018507004,0.0006849909322283465,0.0005382793139022228,0.0003271866589784622
714,0.0004615787621800316,0.00023947613286281685,1.6262754797935486e-05,0.0006775681985452947,2.21316906456534e-05,3.456044942140579e-05,4.931783404923951e-06,1.6160976606964658e-05,2.246350049972534e-06,0.0002685097836267053,0.0007970054165492568,0.0001234840601682663,0.00022185273569885755,0.0002956368521543056,0.0001639239490032196,8.49842329876116e-05,0.00032949396466461917,4.407763481140137e-05
715,0.00025366146856990734,0.00016106012613409382,2.426840364933014e-05,0.00025656500361992407,0.00016177597374671462,3.941543400287628e-05,4.3409724651279416e-05,2.1033604195616878e-05,1.617148518562317e-05,0.0005804569447209196,0.00010284702210047736,0.00021621212363243103,0.0008053033755478223,4.4421406073953326e-05,0.00012404285371303558,0.0003355957790384667,0.0003655305087339848,5.426444113254547e-05
716,0.00018171274251632674,0.00016363503021128017,0.0002591293305158615,0.00014865456845244984,0.00017722223051221814,9.96571034193039e-05,3.334239067427289e-05,6.050428978901729e-06,3.56920063495636e-05,0.00018947066097281529,0.0003878985325266246,0.00039200251922011375,0.00010727630975941593,5.8274284863421566e-05,0.0005471128970384598,0.00016162459985236133,1.908915677903411e-05,0.0006677918136119843
717,0.0006686560159397809,7.887975509958747e-05,0.00021172314882278442,0.00035622204586485684,0.00013796447629892475,0.00019689183682203293,5.637927443758774e-05,2.8214759710673207e-08,2.6907771825790405e-05,0.0002950518743413538,0.00016976572893417224,0.0006824415177106857,0.00020499951063551736,8.214018312779035e-05,0.0006472039967775345,0.0004826318006333763,7.020490800396795e-06,0.000575648620724678
718,0.00019634351378179649,0.00017076361801099046,3.421306610107422e-05,0.00030720602780698325,0.00020229438629952232,0.00014301296323537827,1.479913772371895e-05,2.71560184688525e-05,4.32133674621582e-06,0.0007515314867639761,0.00043083301527097745,0.000136504415422678,0.0009573701010414382,0.00015264927358752366,3.240443766117096e-05,0.0006032581298694717,0.0003693029820960106,4.6875327825546265e-05
719,0.0008651975282657903,4.844270322046373e-06,9.56803560256958e-05,0.00019243344854330546,0.00020647649299068357,0.00025892071425914764,6.033640072040068e-05,2.0497021843188462e-05,2.748146653175354e-05,0.00019303793108972622,0.00030573596039919215,0.0004924903623759747,0.0003993463038219902,0.0002735776296762301,0.0002770405262708664,0.0004904994492412607,9.664517984482937e-05,0.000447174534201622
720,0.00012303563561326392,5.703331056828437e-05,6.275810301303864e-05,0.0003069454714409031,2.1260314540437475e-05,2.0726583898067474e-05,3.406022296209392e-05,1.8875891446537476e-05,4.410743713378906e-06,9.441452696046237e-07,0.0002446998717520951,0.00011712731793522835,0.0001552802340960835,0.0003040419015190223,0.00019586272537708282,0.00018062459862955293,0.00037553546756284237,8.426420390605927e-05
721,0.0004468617833130739,5.737649880962342e-05,7.616356015205383e-05,0.00029775385646513275,0.00012095390635445333,7.198285311460495e-05,3.781442581101552e-05,1.0626892739994034e-05,2.460181713104248e-05,0.0005103145894917588,0.00019922787064068775,0.00019320892170071602,0.0008908602223337836,0.00015013548600064167,0.00020801834762096405,0.001046335555303507,0.00026582966184291595,0.00035184063017368317
722,0.0004039740074767567,4.8124825686810674e-05,0.00015552528202533722,0.00014167706238162048,0.00013572297055893662,0.00012257136404514313,4.807508419936088e-05,2.003343911047414e-06,2.6281923055648804e-05,0.00025305697884024647,0.00020371480990730856,7.47237354516983e-05,0.0007639592452835242,0.00015812077758019412,9.669549763202667e-05,0.000613938235887096,2.0449623320546728e-05,0.0005694124847650528
723,0.0004332614231937759,3.576333826401171e-05,7.964670658111572e-06,6.467887223175761e-05,0.00014438248897696848,0.00012023933231830597,2.862257166946769e-05,1.8510381215576478e-05,4.682689905166626e-06,0.0001802768130965554,0.00011321368751123634,2.105720341205597e-05,0.00018476401538942977,9.129163380749636e-05,7.370486855506897e-05,3.657168124102106e-05,0.0003216570960152508,2.257898449897766e-05
724,0.0002744634018844727,0.00011428424681570598,0.00037177838385105133,0.0004050108211533232,0.00018118230151091194,0.0003078281879425049,6.915356117635774e-05,6.047095157230313e-06,4.299357533454895e-05,0.0002841175548344149,0.00023620627130369748,0.0005142670124769211,1.9818657599493528e-05,0.00029307324985667314,0.000530121847987175,0.0003067629491886603,0.00013272919228811408,0.0007738005369901657
725,0.00022706287751429743,0.00012319097824291247,0.00011273287236690521,0.0005765796648282417,8.335945812142781e-05,0.00010790955275297165,3.4276211051571803e-06,1.3543201254724233e-06,2.936646342277527e-05,0.0006136123628272538,0.0001273037774934399,0.00037564244121313095,0.0002619704195279682,0.0003038629015609737,0.0002987068146467209,0.0008059355949288083,9.35307268532283e-05,0.000757487490773201
726,0.0003707841578169252,2.764235147069416e-05,0.00026435963809490204,0.000568424451551669,3.404115552629525e-05,0.0002429308369755745,1.835997644831014e-05,9.130413658145053e-06,7.372349500656128e-06,0.0004194645559628951,0.00023556703546882135,5.943886935710907e-05,0.0006417576118293994,0.0003475113428568783,1.2142583727836609e-05,0.000624679442026016,0.00016942310517194595,0.00037629157304763794
727,0.00022488660576291952,4.364907994779815e-05,0.0004905574023723602,0.0002924809327948946,2.1782421710740685e-05,0.0005810316652059555,6.400191796430109e-05,8.81847680293227e-06,3.363564610481262e-05,0.00011137061375680879,0.0003113883084766081,0.0002929624170064926,0.0004543092258901399,2.4424442306538938e-05,0.00016262009739875793,0.0005689039278889696,0.00016303779222658424,0.0007846802473068237
728,0.00018051963107501567,0.0001976167025163518,0.0003377869725227356,0.0004270686606717561,9.796098473942652e-05,0.0004406524822115898,3.513950864669768e-05,2.0856096740577007e-05,3.5665929317474365e-05,0.00042109709635659853,0.00046370735956667575,0.0002888105809688568,0.0006749657182958113,0.00028259190911893856,0.00010238960385322571,0.0006912929335076978,0.00041847949687087715,0.0005577132105827332
729,0.0002456621866106512,0.0001495144297555505,4.976242780685425e-05,0.00013867999637288964,6.063682210028995e-05,3.685150295495987e-05,6.965878234257289e-06,1.720157755815549e-06,7.353723049163818e-06,3.812198032211722e-05,1.9149887293526402e-05,4.7998037189245224e-05,0.00053554498232318,7.879329434093245e-05,6.690248847007751e-05,0.00016793216910573894,1.308672773300476e-05,0.00010848790407180786
730,0.0002581403972896912,6.644264325606636e-06,3.0493363738059998e-05,0.00032596839932835797,3.582008069914419e-05,1.0748393833637238e-05,3.7606947591983103e-06,2.022363565916483e-06,8.210539817810059e-06,0.00035342523724024577,5.719067522613752e-07,0.00019456399604678154,0.00012497936284218414,5.4199446704723125e-05,0.00020149536430835724,0.00043599559699400436,5.59029979942359e-05,0.000282948836684227
731,1.3878100405206872e-05,0.00014496008266476346,0.0002170354127883911,7.180072137867588e-05,1.3601329357397496e-05,0.00014643743634223938,1.717551469549751e-05,1.1282279283400271e-05,1.5389174222946167e-05,0.00015593262092185312,0.0005378146156819683,0.00010725855827331543,0.00014426474809284273,0.0002194111251315016,0.00023180432617664337,9.58036078568536e-05,0.00017293201680831927,0.00026621855795383453
732,0.00019621932414401466,0.00018444878092521017,3.666616976261139e-05,2.7407811756835487e-05,8.969955387372677e-05,9.922217577695847e-05,4.268690938820027e-06,1.0368826304030156e-05,2.857297658920288e-06,4.5638697504624126e-05,0.0004986148544630017,0.00010279659181833267,0.0002566992245661148,0.00037785077447999305,8.675828576087952e-05,0.00029780912060578535,0.00013192404841506564,6.235204637050629e-05
733,0.0009028501015449913,2.460919942507203e-05,0.0002119932323694229,0.0008495856608307789,2.887697675998946e-05,0.000302179716527462,2.1078489687003515e-06,1.956781885010324e-05,1.0013580322265625e-05,0.00035574612692663987,0.0002513371012697885,1.8571503460407257e-05,0.0002636117389258341,0.0005717412367495789,0.00016723386943340302,0.00011827064898040085,0.0003594212192139269,0.00011364743113517761
734,0.0004660405339818735,6.197111157554488e-05,4.767067730426788e-05,0.00033781741570523827,3.632935701229981e-05,6.0529448091983795e-05,4.317446057361396e-05,6.4547393766542244e-06,2.2102147340774536e-05,0.00020644761441916681,4.404569735869113e-06,0.0005025430582463741,0.0003937195883115946,0.0002324002293754377,0.0005252845585346222,0.00010301636243315038,0.0001060926983142349,0.0002805478870868683
735,4.028138981539142e-05,5.0951368202652864e-05,0.00015758536756038666,0.00038685895335226206,0.00021040055835564592,0.00014073308557271957,5.5694373605105416e-05,6.976192999284857e-06,5.111098289489746e-06,0.0001415714318632605,8.350411539785607e-06,0.00031510181725025177,0.0003728894251662507,0.00016710543620444308,0.0003016386181116104,0.00025966086325523996,5.8747228427986214e-05,2.0818784832954407e-05
736,0.00031355851174148797,0.000131382649535626,0.000194501131772995,6.834081385155566e-05,1.7499781670933523e-05,0.0003605838865041733,1.5971254096826953e-05,1.7488099835717133e-05,1.562759280204773e-05,0.0002120439672806118,0.0005480296811535695,0.0002071303315460682,0.00027771132054024705,0.00022161968158684528,1.963600516319275e-05,0.00012469138549875414,0.0001961932165861248,0.0002613142132759094
737,7.460707000485345e-05,0.0001147719958505336,5.496665835380554e-06,0.00013813086187972057,9.760360914459407e-05,3.631319850683212e-05,1.4762589064848744e-05,5.056843814729055e-06,1.9315630197525024e-05,0.00039828063376294576,0.00024329461768363148,0.00046477513387799263,0.00011462362636238677,0.0003162435125255922,0.0003748983144760132,0.0003986068620081551,1.7858837746617673e-06,0.0007159821689128876
738,0.0005388064300588663,9.281325489508482e-05,9.786151349544525e-05,0.00024639539303920877,4.1254727595429336e-05,0.0001407582312822342,2.4917733429333927e-05,5.321586618975589e-07,1.3533979654312134e-05,8.909203916661335e-05,0.00034527161648886806,7.3237344622612e-05,1.2265214732076757e-05,0.0001466712354218306,0.00010798312723636627,3.272061006845406e-05,8.929707806837328e-05,0.0002396516501903534
739,0.0001998765369099348,0.00014465964882373963,0.00014686211943626404,0.00034919662994872813,5.7027471985441475e-05,0.000141901895403862,2.9114488791504023e-05,8.462273705318706e-06,1.9669532775878906e-06,0.0001391574755122832,2.667637535478523e-05,0.0004211277700960636,4.375426820474315e-05,0.0003274694343655439,0.00044240057468414307,0.0003652280278557407,0.00016888852032991702,0.000158015638589859
740,0.00019061518164020796,8.104193829062273e-05,5.615316331386566e-05,0.00013936082613486,6.988116480026452e-07,7.74729996919632e-05,1.045064668410596e-05,5.682654258302392e-06,2.368912100791931e-05,2.9736894684939674e-05,1.1298193317237082e-05,0.0004886086098849773,4.8980931960512786e-05,3.518962101738479e-05,0.0005058422684669495,0.00013377138311393422,0.00011833907390123785,0.00046771205961704254
741,0.0005206330611862431,4.78475515438212e-05,0.00010838545858860016,0.0001445828670630922,3.307674890155529e-05,4.186294972896576e-05,2.3651726050200397e-05,1.0271804275093638e-05,9.521842002868652e-06,0.0001502767834243579,0.0005988380664158216,7.787719368934631e-05,0.00019086020622488542,0.0001667021994391886,0.00015865080058574677,0.0002305467915710846,0.00011595462646878107,0.00022779777646064758
742,0.0003712974924388879,5.6837068701496435e-05,0.0002491939812898636,0.000582601953939263,5.924910431113345e-06,0.00014311354607343674,2.512419587408221e-05,6.880359114136338e-06,1.8712133169174194e-05,0.00020772303645956447,0.0011656182071941579,0.0002652527764439583,0.0004909558622155918,0.00028550544207780505,0.0004566852003335953,0.0005409073571379375,0.0001173420744079133,0.00044676847755908966
743,0.000277220964464836,0.0001264701281837033,0.0002619456499814987,0.0007154969792766142,7.665977036852914e-05,0.0002237139269709587,2.6694948911368602e-05,2.274982796900745e-07,3.12216579914093e-05,7.020491980520849e-05,0.000607727486740782,0.00048696715384721756,0.0005738537741632604,3.2163325896127776e-05,0.0005753897130489349,0.0009449579359827598,2.6315209580057147e-05,0.000829644501209259
744,3.226707017509045e-05,8.771007322792151e-05,0.00019384920597076416,0.000890316426862936,9.299262059038471e-06,1.0955147445201874e-05,2.9556363916501127e-05,1.735022173226467e-05,9.287148714065552e-06,0.00023906021157296675,0.000232594807211918,8.581345900893211e-05,0.00039055612927053895,0.0005727536029521054,0.0002890154719352722,0.0001673027538271199,0.00037259928664265876,0.0006127562373876572
745,0.0006587291825666808,0.00019380238212189996,0.0001340266317129135,3.775092597824159e-05,9.322982484818304e-06,1.7925165593624115e-05,3.777413940924887e-06,3.581841891266363e-05,1.2312084436416626e-05,0.00037814434437144495,7.748346990848337e-05,0.0002777734771370888,0.00011711324328855799,0.000708490528653705,0.00045160017907619476,0.0005001841130384266,0.0008953128328095424,0.0006758123636245728
746,0.0008201269399314565,9.119108162286907e-05,0.000528194010257721,8.210065482260054e-05,1.8829737740099634e-05,0.00040535256266593933,1.798000823376167e-05,4.042067344401626e-05,6.221979856491089e-05,0.0001889753169405789,0.001504521257674904,0.0009226459078490734,3.4322135347986116e-06,0.00021145953732097135,0.0011134054511785507,9.75751448098472e-06,0.000918026839706227,0.0011588018387556076
747,0.000766306529185759,4.853992610697605e-06,0.00019069761037826538,0.00021594339970440468,7.86859243992119e-05,0.00018014665693044662,1.2585604269485864e-05,1.2655677341439318e-05,1.0620802640914917e-05,0.0002701981882269472,0.001006060869685875,0.0005363239906728268,0.0002374251848289849,4.142833717199826e-06,0.0005538538098335266,8.444589181716422e-05,0.000195106089413484,0.00015740469098091125
748,0.00046477856524272665,4.9645303110062294e-05,4.213303327560425e-05,0.00037287038591175825,8.417601486416029e-05,0.00012467894703149796,4.99927096824955e-05,1.3964975490897251e-05,4.9658119678497314e-06,1.880672663144567e-05,0.0004109872204630313,0.0001881415955722332,4.268117091366097e-05,0.00020490079592624423,0.00028226338326931,0.0004142962147387075,0.0002258091971355687,0.00015598535537719727
749,8.896280689961455e-05,4.3299500747061986e-05,0.0002054814249277115,1.796028748735079e-05,0.00014016525567594681,2.4825334548950195e-05,1.0806619275122858e-05,5.784850494708511e-06,1.671537756919861e-05,0.0002508229864602307,2.5146023625639835e-05,6.797723472118378e-05,0.0006846291468016324,0.00027169385119705895,0.00014703907072544098,0.0006250009294513914,0.00020438997548133386,0.0001755058765411377
750,0.00019540116451617628,6.201670512657326e-05,0.0005342792719602585,0.0003739542188819639,0.0003215553070991112,0.00043139420449733734,5.957670836510484e-06,6.58834745409574e-06,5.872547626495361e-05,0.0008448723854068141,0.00036294319908514866,0.0006571728736162186,0.0008807447462662876,0.0001428935888392515,0.0008166171610355377,0.00017105323125185534,0.0002109268048787194,0.0009683463722467422
751,0.000238981743400285,5.446740909395564e-06,7.046759128570557e-05,0.00041299140857010974,8.138845882504561e-05,0.0002743750810623169,1.6147556495635373e-05,9.136845172108814e-06,2.2452324628829956e-05,0.0005043068549304974,0.0006775374883562363,0.0006405692547559738,0.0005786244313098488,0.0006797002213526585,0.00042266398668289185,0.00027094402814009655,5.066748196066659e-05,5.75091689825058e-05
752,6.628171859099363e-05,5.807169370517645e-06,2.3191794753074646e-05,0.0002644124348370608,9.65278693931329e-05,9.773299098014832e-06,1.7065797301518346e-05,9.592407601373334e-07,1.9554048776626587e-05,0.00023007600907319625,0.0002031644081600531,0.0001395498402416706,5.379761997797994e-05,4.725484435352638e-05,0.0001800917088985443,3.1618400930050194e-05,8.280154935032952e-06,0.00027570687234401703
753,0.0002605889057445826,1.0740602587516745e-05,8.156523108482361e-05,5.1124841000615984e-05,0.00013415401884021502,8.303485810756683e-05,3.2984288156024874e-05,9.945892514400196e-06,1.4729797840118408e-05,4.4525995470834356e-05,7.072373860201459e-05,0.00018843496218323708,7.160225797758768e-05,2.3064649401374412e-05,0.00019162148237228394,6.597485565279504e-06,0.00012890354023569958,9.530596435070038e-05
754,0.000432581245542088,6.826860040942684e-06,0.0005358085036277771,0.0004979790684195989,2.572685529612928e-05,0.00048516783863306046,0.00010222609390348608,4.450216696029203e-06,4.2010098695755005e-05,0.0004897391387080618,0.00018859461677322303,0.0004688836634159088,0.0004456441127137778,0.00027100397857350404,0.0004972685128450394,0.0004700232374891533,2.6970354816840264e-05,0.0010843835771083832
755,3.367792933532676e-05,8.457459895595473e-05,0.0003790389746427536,0.0008351567532989407,0.00010055511751810506,0.00043044891208410263,1.672211023858762e-05,3.239919750734491e-06,6.316974759101868e-05,0.0005539342201942299,0.00013021886758940449,0.0007614013738930225,0.0005377490514876515,2.5537927056125398e-05,0.0007287859916687012,0.0011917268287313099,0.00019135986164801888,0.0010941121727228165
756,0.000559454985123331,0.00010898119626930394,0.0004060659557580948,0.0006549405983311968,2.8209246118907766e-05,0.0005467496812343597,5.721457405174525e-05,1.5251300489761525e-05,4.0628015995025635e-05,0.0004733175066016643,0.00021329616088148345,0.0005489112809300423,0.0006594290679266812,0.00013116957021297448,0.0003537982702255249,0.0007653260714680921,0.00022205113673802804,0.0006669759750366211
757,5.099889502967192e-05,0.00010874923415011423,0.0001712106168270111,3.883992824739446e-05,0.00012404450693971614,0.00010259263217449188,1.7997209037201242e-05,4.360051612560057e-06,2.2191554307937622e-05,0.0003183004273912271,0.0003928120585553682,6.411969661712646e-05,0.00029231745077080984,0.00023030567646054392,0.00019061937928199768,0.0003278092875949046,4.1748873231349515e-05,0.00037915632128715515
758,0.0003913388968078829,0.0002658012227388755,0.0003022868186235428,0.00034083438616482054,2.5655422820049234e-05,3.781355917453766e-05,1.5936012203081676e-05,3.068311456806672e-05,3.35201621055603e-05,0.0007598067805687225,7.220533846337418e-05,0.00025492114946246147,0.0004079001828588835,0.0005069140662408815,0.0006051808595657349,0.00016617889810677244,0.0004926390583547789,0.000724542886018753
759,0.0001751980471552117,0.00011590640242775327,7.179006934165955e-05,0.0003907948020230867,0.00011221727795569444,0.00020555593073368073,5.5650700831348654e-05,9.064084969530144e-07,1.2665987014770508e-06,1.7305897884845045e-05,5.927741715697904e-05,6.830412894487381e-05,0.0002863350327250852,0.00023763024117171017,0.00021738559007644653,0.000616793217096484,3.261944526968333e-05,0.00011840276420116425
760,6.338267896811856e-05,1.7807104651015176e-05,0.00033915601670742035,0.0003121829701208667,0.00010798504915699933,0.00019682571291923523,4.818898943931629e-05,2.377671093356081e-05,1.9300729036331177e-05,5.530091158005568e-05,0.00013447475060018171,0.0002721669152379036,0.0005151679263046827,0.0001676411237751304,0.00042214803397655487,0.0002230333559672948,0.00031837652220641915,0.0002663321793079376
761,4.814180391332634e-05,1.4377743389283604e-05,5.550123751163483e-05,9.688750023806314e-05,0.0002163888265299535,0.00022991281002759933,4.0680098607637216e-05,1.4608197005624643e-05,2.4616718292236328e-05,0.00017293896964167,0.00043279091575450235,9.602587670087814e-05,0.0005751587413757864,0.000360118054030429,0.00011345744132995605,0.0002974162689409754,0.00026422723196855083,0.000455368310213089
762,0.00040990766838594483,0.0002151562802361097,0.00017005391418933868,0.00010462225338864206,0.00015332759603875132,9.264703840017319e-05,1.47268172581861e-05,4.02366688020705e-05,2.995133399963379e-06,5.029841522173617e-05,0.00029077280013378726,0.0001558191142976284,0.00016225370604268374,0.0009468822165609788,0.00013411790132522583,0.0002788420973337258,0.0007653634087659636,0.0001820400357246399
763,0.00013426443645597752,0.00012129919930185112,3.813020884990692e-05,0.00019618989803106557,1.2539127884687862e-05,6.685033440589905e-05,1.9089672703163918e-05,6.973359564808228e-06,4.254281520843506e-06,0.0005577708628707462,0.00023805950870157966,0.00015729153528809547,0.0004920806172605124,7.12553231756348e-05,0.00029449909925460815,7.599224887133715e-07,9.054758273020769e-05,3.394484519958496e-05
764,5.445445393573167e-05,2.952711710922304e-05,6.199255585670471e-05,7.277967707575161e-05,4.422362838995414e-05,0.00022102240473031998,4.985800405293145e-07,4.8816294656254394e-06,2.6736408472061157e-05,4.140138089207823e-05,0.00042431822076793163,0.0005851290188729763,1.1221775421080271e-05,0.00043752130564153786,0.00035336054861545563,0.0004484002774514384,1.6978999414302143e-05,0.0006446857005357742
765,0.00025566962939625737,0.00013774666267632116,3.41758131980896e-05,0.0001012069442517527,8.885848967450302e-05,5.7573430240154266e-05,1.6690244462463921e-06,1.1159671334736668e-05,1.1883676052093506e-05,0.00011168100768556288,0.00023390722567276367,0.00020228326320648193,0.00018889952167806812,0.00019951069843946075,0.0001598559319972992,8.639117704922761e-05,0.00023397418984060642,0.0002454463392496109
766,0.0002919360030164825,0.00016148028344240353,0.00013709813356399536,0.0001242352380689815,6.856286525955615e-05,0.0001368662342429161,2.4455206872952412e-05,1.169571835674967e-05,2.0731240510940552e-05,0.00017403723775180624,0.00034048047994106323,0.00011135218665003777,8.05230821170344e-05,0.00024921342292524677,0.00011537782847881317,1.4951088677717106e-05,0.00019239178075319482,0.0003756377846002579
767,0.0003714951986741183,6.975858665683038e-05,0.00012946873903274536,0.00030686187952840005,7.335655872143382e-05,0.00016918592154979706,2.9677053323667185e-06,1.9993226768339617e-07,5.781650543212891e-06,6.017890342828458e-05,0.00038156758691031134,2.4903565645217896e-05,0.0007432366792092943,2.1231579511947138e-05,6.480887532234192e-05,0.0006707173453806281,3.267026057683642e-05,6.846524775028229e-05
768,3.8575873608712175e-05,0.00011088384019568298,3.0491501092910767e-06,9.21511659902341e-05,0.00010317078719301181,0.00013940781354904175,2.180933468905709e-05,9.816781615571042e-06,2.171844244003296e-05,0.0005129027490966553,8.238465801375938e-05,0.0002227318473160267,0.00014301547992426333,0.00028193847457055887,0.0004317834973335266,0.000444833550631768,0.00018393691601366335,0.0004175715148448944
769,0.0005207969267045781,7.549031100193351e-05,0.0004944447427988052,0.001326042617564166,0.00013383060752204454,0.0002845441922545433,0.00012525420765894212,1.6417521328821816e-05,6.713345646858215e-05,7.330159000465408e-05,0.0005441627788972739,0.0004804818890988827,9.960060711447505e-05,0.00035934245202817565,0.0008032061159610748,0.00012919777817799183,0.0002783569408501378,0.0011095572263002396
770,0.0002887129184240139,0.00015568342793958329,0.000720195472240448,0.0008717853654685442,0.000290666290463322,0.0004737218841910362,8.247858669993904e-06,2.5173369897893644e-05,8.270889520645142e-05,0.0009945172632221388,0.00014990491545044393,0.0004078974016010761,0.0007056176865169045,0.00015811920174379698,0.0006945431232452393,2.2602435322455205e-05,0.0003562919166634204,0.0013750270009040833
771,0.0003369266743262489,0.00029802025077925107,0.0004977360367774963,1.4697118163473077e-05,0.00014393421736189765,0.00020990241318941116,8.998246756170003e-05,3.534771968139198e-05,4.725158214569092e-05,0.0005552309413578843,0.0001959835482558056,0.00016328739002346992,0.00020536207544601115,0.0005421768383551163,0.0005008205771446228,0.0003343429652974961,0.000534834567947947,0.0010712780058383942
772,0.00024457967383131884,5.968308594277161e-05,0.00020594336092472076,3.427877156837733e-05,2.51460162472468e-05,0.00010377634316682816,4.2792030120426816e-05,7.752560130862675e-06,1.8455088138580322e-05,0.00048596106963359753,0.0006696338560315956,0.0006175888702273369,0.0002218810035891916,0.0006858402384278869,0.0005224030464887619,6.500678985785213e-05,0.00012313384278716047,0.0004795864224433899
773,0.000217975823563879,0.0001403697186889187,7.445737719535828e-05,5.792641698199041e-06,0.00010420532659353998,0.00025832001119852066,3.978575760133808e-05,2.6993511876326377e-05,7.491558790206909e-06,0.00035050422190294195,0.00012882915231723913,0.00018464308232069016,0.0002441196228753495,0.00017559536170755168,0.00041835568845272064,0.00029608763033456276,0.0003784753954049237,0.00042147375643253326
774,5.277616606476354e-05,7.198388882224613e-05,8.761510252952576e-05,0.00039199822399986484,6.628460872148273e-05,1.4239922165870667e-06,2.857850841416626e-06,1.1426574385791028e-05,1.1920928955078125e-07,0.00023013143758794652,0.00012958054060490526,0.00012233154848217964,0.00042303732284161566,1.0356192359044919e-05,0.00023360364139080048,0.00010850882424487396,0.00018038768286167406,7.910281419754028e-05
775,3.830971407819961e-05,3.4858989457195455e-05,5.163252353668213e-06,0.00014324831055614884,9.555245179764318e-05,9.595230221748352e-05,8.709620807146115e-06,6.485239213104921e-06,2.7008354663848877e-05,0.00016729116173692937,0.00010206597428282643,0.00023920834064483643,0.0003849430501966372,0.00012124853200440842,0.0003549773246049881,0.0003398863873095015,0.00014951257375168947,0.0006856061518192291
776,0.00013078208877445596,0.00012429239897596145,0.00017631612718105316,0.00016824568008617924,3.8324402333363844e-05,0.000171746127307415,2.245245498416412e-06,1.402527099513733e-05,1.6979873180389404e-05,0.00020501961630461918,2.4543792093795203e-05,0.00011571869254112244,0.00017866453385008418,0.00013073810021592587,9.579397737979889e-05,5.699027824934699e-05,0.00019144490588771101,0.00025274232029914856
777,2.2016479186232063e-05,0.00015546528910927865,2.2182241082191467e-05,4.2952667352907925e-05,6.548148298419695e-05,2.4536624550819397e-05,3.519494397996939e-06,3.3216733793604413e-06,2.172216773033142e-05,0.00016325562504228286,0.00023005562199406027,0.0002449164167046547,1.9134813292895347e-05,6.832557254141287e-05,0.00024538859724998474,0.0003023196563835262,1.3822490840208895e-05,0.00024988502264022827
778,0.00011977153521172679,5.131081957376188e-05,7.372163236141205e-05,9.298735545106018e-05,0.00010475646029640615,2.2920779883861542e-05,1.887298084042935e-05,1.0428950128537522e-05,1.459568738937378e-05,9.219890987360868e-05,3.98924535528547e-05,0.0003940085880458355,0.00042074171075551225,0.0002637031181848305,0.000315595418214798,0.0002768556074934092,0.00026321526374138704,0.00037135928869247437
779,0.00018738707039676894,0.0001148213346504022,0.0002382379025220871,6.952420802772141e-05,9.342697694708982e-05,0.0002753250300884247,1.108151022731832e-05,7.733087755039999e-07,1.7154961824417114e-05,0.0002494390187423451,0.00024075477936233436,0.0002230219542980194,0.00013436623893670063,7.5410827772466604e-06,0.00016839057207107544,0.0003624682455952988,9.35803774929772e-06,0.0002324432134628296
780,0.00014492240511256027,7.277005467735617e-05,0.00010274164378643036,0.00029346135782033766,5.395431582925353e-05,3.307964652776718e-05,3.3841877618059554e-05,2.291937639033008e-06,1.928582787513733e-05,0.0006260003061267921,8.720438665296704e-05,2.0023435354232788e-08,8.031461385914207e-05,5.657266158301186e-06,0.00012110918760299683,0.0007274166547442118,2.565778851806519e-05,0.0002996344119310379
781,0.0002809288215972344,0.000376662428961113,0.0004022456705570221,0.0005900374492634197,0.00036677162630094004,0.0007453858852386475,0.00014193757951520836,3.148464083522107e-05,4.620105028152466e-05,0.0005609364910071912,7.901448242891851e-06,0.0006387014873325825,0.0006474810558797089,0.0005450619064925732,0.00021312758326530457,0.0009058462447067428,0.0005559733902342039,0.0009363088756799698
782,1.3016006856159112e-05,3.987874211740933e-05,0.00015976279973983765,0.0006523405168043228,0.00040831494834769194,0.00020927749574184418,5.133422991216059e-05,9.802609614690486e-06,1.7080456018447876e-05,0.0005043892056435378,0.0006936980769262288,0.00034197140485048294,9.021076792134486e-05,9.327895730154925e-06,0.00028425827622413635,0.000133130498886469,4.0620038212299536e-05,0.0008115991950035095
783,0.000737826093876362,0.00010516005325005365,0.0002811495214700699,0.0005295523903787042,0.00017340645912385447,5.9864483773708344e-05,8.000621342910477e-06,3.154618211685645e-05,2.7924776077270508e-05,0.0002944214742885143,0.0006761629336342681,0.00015710154548287392,0.0005517031092658192,0.00021035469334428937,0.00047675706446170807,0.00024055942859080304,0.0004853338194100304,0.0008211266249418259
784,0.0002296420250670339,0.00023106849983605196,0.0002170111984014511,0.0001341091950781692,0.0001437795572665282,0.00017869006842374802,9.357354449908949e-05,1.0938273399467612e-05,9.521842002868652e-06,0.00027370729155759554,2.5044974083177074e-05,0.00023407163098454475,0.0003690704884420637,0.00029138659367163033,0.00021794438362121582,0.0001709706270018041,0.00017134524822303918,3.1931325793266296e-05
785,0.0001480096847048945,0.00012577254850689237,0.00015387311577796936,0.00019261088143050775,0.00012202349679744234,0.00032102596014738083,8.127964971134556e-05,1.684057257052003e-05,9.6149742603302e-06,0.0004208829762887001,0.0002685995500584862,1.8829014152288437e-05,0.0002040152273368595,5.34433111137704e-06,0.00021013431251049042,9.264247493703803e-05,0.00031871237915736053,1.8853694200515747e-05
786,2.8478456963854093e-05,3.9606109949033574e-05,2.555735409259796e-05,0.00043785774353871654,0.00010628083164246696,3.2607465982437134e-05,5.174342719041318e-05,3.318190867252109e-06,3.946945071220398e-05,0.0003421704969514966,0.0003406064957093835,0.00041375961154699326,0.000536769195437034,8.147916862416733e-05,0.0005110148340463638,0.0002503224095972978,0.00012753792025261418,0.0004990827292203903
787,7.798763330482683e-05,8.534729181674042e-05,9.241141378879547e-05,8.11872729139379e-05,5.687093892441791e-05,8.368026465177536e-05,3.995215629711696e-06,1.0970815351656104e-05,5.083158612251282e-05,0.00037183478503770295,5.7506556173675394e-05,0.00035644834861159325,0.00010668607210310987,6.23357121208104e-05,0.0006022322922945023,0.0003079446042450473,0.0001350059076931434,0.0005997288972139359
788,0.0006049495310219422,1.138676889280571e-05,0.00020484067499637604,0.0003044625157883202,2.1947298220265782e-05,5.923956632614136e-05,6.0905984958687515e-05,1.3451752812677258e-05,2.9265880584716797e-05,0.0005885912809185656,0.00045203285141405536,0.000123707577586174,0.0003392427776972018,9.959467899411413e-05,0.0003129970282316208,6.775313810625239e-05,0.00039126534257894613,0.0004914738237857819
789,0.00013824159200231945,0.0001716919322113028,0.00018751434981822968,0.00028381147354895886,3.307581631326745e-05,7.219146937131882e-05,2.003651062813458e-06,3.5812252452162557e-06,3.167986869812012e-05,0.00011141815021317725,0.0005222359734605789,9.441142901778221e-05,0.0006176737572018282,6.211332284884394e-05,0.0003192685544490814,0.0001679445721249062,5.3815128751775326e-05,0.00029139406979084015
790,8.121292205572062e-05,3.245067352173475e-05,0.0001191403716802597,9.083710010410195e-05,2.046826714936084e-05,6.410852074623108e-05,4.312417205458441e-05,1.606287024562129e-05,1.31167471408844e-05,0.00018375099653990257,0.0003509122878387963,4.3519772589206696e-05,9.231372346690803e-05,0.00015233889120530933,0.0002449154853820801,0.0001233535217035342,0.0002515550917870056,1.975521445274353e-05
791,0.00014499598836217875,0.00015469024209022533,1.3444572687149048e-05,0.00010784857826560967,0.0002680814955972263,7.436051964759827e-05,4.695695666723232e-05,1.1077488533778714e-05,1.761689782142639e-05,0.0007000237407596838,0.0004778704630846037,0.000301961787045002,0.0008077275128417216,7.58883938814306e-05,0.00023113936185836792,0.00023826097328877305,7.682820992884268e-05,0.0005529951304197311
792,9.065189466310464e-05,0.0003160916639127938,0.00046270526945590973,0.0004243005793203164,0.00019745153631380366,0.0004879571497440338,2.724254231614015e-06,1.4731621739380498e-05,7.253885269165039e-05,6.090802628391789e-05,0.00028553474599515155,0.0006463369354605675,0.00026011092262774593,0.00030520724368352306,0.0006355214864015579,0.00018171387176224574,0.00018461881935857502,0.0013993754982948303
793,5.967008437493537e-05,0.00013680874411390112,0.0003958754241466522,9.778163992515965e-05,9.564572186164522e-05,0.0003393329679965973,1.8723900902713544e-05,2.7584486022665024e-06,3.451108932495117e-05,0.0002119507462938347,0.00023185985122584074,0.00014627119526267052,0.00034290032397633896,0.0001529835970428585,0.000215090811252594,8.801619877002453e-05,2.6507434662651624e-05,0.0006044991314411163
794,0.0005214568324791585,2.8564848289593103e-05,5.211681127548218e-05,0.0001096559556714033,9.617918679078602e-05,7.055234163999557e-05,2.092340056956271e-05,4.027738498366823e-06,3.203749656677246e-07,0.00033956556865047394,0.00017409687021666814,6.564008072018623e-05,0.0005817989119339118,9.083651432045467e-05,9.098835289478302e-05,0.00012629673102546035,7.410007409669461e-06,4.046410322189331e-05
795,0.00014504062121614703,0.0001737146850385833,1.8047168850898743e-05,0.0006756318339615902,3.7985461291037415e-05,0.00015765521675348282,5.475292084345003e-05,3.3520297679106616e-06,7.4803829193115234e-06,0.0006236272617569927,2.9267289387659157e-05,3.3614225685596466e-05,0.0004030773353567163,0.0004474148491176097,0.0001910664141178131,0.00014611144905060658,0.00010216313435049834,0.00015813298523426056
796,0.0003381412509780718,0.000360950271862219,0.00023066997528076172,0.0003915436775403236,0.00010479723107315389,0.00024253316223621368,9.848821965310374e-05,6.838670928040452e-06,4.00543212890625e-05,0.00011572942765006311,0.0004621826431353143,0.0004284088499844074,0.0004050041942186833,0.00018104074655040867,0.00045081786811351776,0.00011148291664939136,0.0001175717262263537,0.0008559413254261017
797,0.0004751939866754068,0.0001870392596200858,4.034489393234253e-05,0.00018149090751001795,2.7201964296480474e-06,0.00016135722398757935,2.643518120911889e-05,9.665593134474326e-06,1.225993037223816e-05,0.0001026379491416568,0.0007606862341801926,0.0001306571066379547,0.0009237831510507943,0.00044015079305594236,0.0003180708736181259,0.0003853894139374814,6.153075419567874e-05,0.00017530471086502075
798,0.0001715192544480687,0.0001332302956796351,2.1707266569137573e-05,0.00023024048968442457,3.9055288630407414e-05,3.7408433854579926e-05,6.78741143318902e-05,2.930485628147451e-07,1.8440186977386475e-06,5.244586911976046e-05,0.00038735007626227586,9.567383676767349e-05,6.426967064686318e-05,0.00012657878287112602,0.00011656805872917175,0.0002705240436730594,3.922605891855738e-05,4.176795482635498e-05
799,0.0005845484209517221,0.0001426698463646292,7.262080907821655e-05,0.0003300170949021297,1.5230910986114427e-05,0.00018107891082763672,5.4633920852267814e-05,5.177241525775164e-06,2.3815780878067017e-05,4.336638228583101e-05,3.8752053889139215e-05,0.00018638884648680687,0.0002819834920251424,8.86245911905486e-05,5.9528276324272156e-05,0.00023077674940730208,2.065895640383092e-05,0.00039052218198776245
800,0.0004415006757374079,8.384898040741592e-05,0.00020092912018299103,1.6373204786715445e-05,6.977860471737984e-05,0.0002146279439330101,8.732796881457533e-06,5.764914931535598e-06,1.642853021621704e-06,0.0002753949148379675,6.04522606885427e-06,0.00019659101963043213,0.0003860981232686189,0.00012451615700817542,0.00019321776926517487,0.0003339691788409871,0.0001432139492247679,0.00010264664888381958
801,4.3618431971884086e-05,8.867016497079647e-05,8.440762758255005e-05,9.45574755502887e-05,0.00011325310140564496,0.00010090041905641556,2.4608878644779078e-05,4.270092071233678e-06,7.938593626022339e-06,0.0004906253672688349,0.00037547013614822045,0.00014741020277142525,4.2662806866308745e-05,2.3888803310213175e-05,0.0001029670238494873,0.0001316630035753663,0.00020168855826418683,0.0004281960427761078
802,0.0004956043829062867,0.00020102837542055468,0.00024892762303352356,0.00017305195651842742,7.275349573770615e-05,0.0002357475459575653,5.46037572660904e-05,6.403804510969656e-06,3.9692968130111694e-05,0.0002937160999370303,0.000491219856074282,0.00020566582679748535,0.00028639754096076997,7.586397246943724e-05,0.0002296101301908493,4.936223832432973e-05,0.0001621788244142476,0.0006911847740411758
803,6.336693132136251e-05,7.10078845267692e-05,0.00037067756056785583,0.0004341355904605021,0.0003385583409609601,0.0005322061479091644,0.0001153550111987374,1.2639198467598528e-05,2.3927539587020874e-05,6.537582990739921e-06,0.00012881973214629722,0.00038759270682930946,8.368322710623766e-05,0.0002809683291773654,0.00016829557716846466,0.00026615180523162363,0.0001570908168309522,0.0005696732550859451
804,0.00045706833934901214,0.00021121146963446608,0.00018468685448169708,0.0014360947419939513,0.00036616223418859534,0.00025775935500860214,7.658330557203802e-06,1.3353182711069384e-05,8.162111043930054e-06,0.001197904500802885,0.00025283184433907285,0.00021367846056818962,0.0012035319794650307,0.0003401061946450828,0.00031139329075813293,0.0008788192080966817,0.00012148144224538929,0.00017165206372737885
805,0.00019067849158671546,0.00010517834767043502,6.183795630931854e-05,0.0005279155227582016,0.00016801900319926566,8.395034819841385e-05,1.635610450362486e-05,2.1352382831591604e-05,7.800757884979248e-06,0.0005775461998307058,0.0005579375227938235,0.0003565466031432152,0.00014171682766785099,0.0003426687252018751,0.0005642492324113846,0.0006008605011940671,0.0004476219807187723,0.0002987552434206009
806,0.00031154041151863765,0.00011561618204429525,3.463774919509888e-05,0.00016751703804249174,0.0001489017622684878,0.00010109227150678635,3.4970788110932904e-05,1.3591550506516538e-05,2.87666916847229e-05,0.00015212033424137628,0.0009291633479865322,0.0005753040313720703,0.0002835498119874297,4.600298771965071e-05,0.0005287770181894302,0.0005017852256087862,0.00028574340458700775,0.00038024596869945526
807,0.00048045914855507355,0.000164889993773204,0.00032521598041057587,0.00047576589277702197,0.0001360816789748344,0.00026896409690380096,6.177168927881498e-05,6.416160762502026e-06,3.176555037498474e-05,0.00022660409853739183,0.00038235088119946414,0.00012068543583154678,0.0002445912447589793,0.00028463320830163057,0.000170879065990448,0.0004156185772073995,6.107246158842256e-05,0.0007691755890846252
808,0.0003290687036152373,0.00013284738129401216,6.859377026557922e-05,0.0005587490103134835,4.251555127530657e-05,3.886129707098007e-05,3.983542473282205e-05,1.1094167005229862e-05,5.554407835006714e-06,0.0005170732406284406,0.00040494552841389975,5.932804197072983e-05,0.0006877185730106983,0.00025408437873421577,8.581951260566711e-05,0.0002644872990541225,0.0001930562255428106,0.00022706761956214905
809,5.788308961755806e-05,9.68724729519671e-05,8.230656385421753e-05,0.0006907881921835862,0.00015504097559778524,5.413126200437546e-05,2.4086084444053732e-05,1.7719317456559762e-05,1.8849968910217285e-05,0.00048216868024145154,0.0003627503380483829,0.00029123248532414436,0.00043188249279915714,0.00017099646436176744,0.0003412459045648575,0.00023040549161709722,0.0003774556152515707,0.0002758186310529709
810,0.00047165960714766475,2.2317065016815713e-05,0.00030909478664398193,0.0010038576992410647,0.00010581967118666533,0.0001606261357665062,7.331364304679483e-06,3.184376701961182e-05,3.618374466896057e-05,0.00068240605956367,0.0003964612448195681,0.00024770060554146767,0.0004449477309053512,0.00039587716517912666,0.0004599001258611679,0.0006133761661833159,0.000583282387112187,0.0005331411957740784
811,7.0284669468193e-05,4.752052419172356e-05,0.00028703734278678894,0.00055659985551125,0.00011972230565324496,0.00010343454778194427,2.0104434109840044e-05,3.449700916622082e-05,2.643093466758728e-05,0.00015777131126533395,0.0002685506813226296,0.00023292750120162964,0.0002419266452270974,0.00010116470759606241,0.00046177953481674194,0.0003789045139996894,0.0006896703311886562,0.0004921052604913712
812,0.00030270957198406945,0.0001330956408712898,0.0005410965532064438,0.00027642532097732486,0.0002801419618702512,0.0005032280460000038,0.0001226447811335154,9.91242179322659e-06,9.378418326377869e-05,2.1392172295561784e-05,0.00015290104660953263,0.0010070344433188438,0.0006135537368507776,3.4579427669583634e-05,0.001062316820025444,0.000801260175762819,0.0005365592285303117,0.0017887447029352188
813,0.000476319659845556,4.323212192074155e-05,0.00012921728193759918,0.0004925009655097207,1.8967707682379653e-05,1.6099773347377777e-05,2.30368404744892e-05,2.769433116317239e-06,1.1593103408813477e-05,0.00023879561893237755,0.00011870674800630587,0.0003484426997601986,0.0006556389362566695,0.0006245224047115774,0.0005210768431425095,0.0006548245607055636,4.662573152230606e-05,0.00020221620798110962
814,0.00027049039994646307,2.5642097480464004e-05,0.0001580324023962021,0.00042085704798726364,0.00020291677830091767,0.00015350338071584702,4.921475650631474e-06,7.399649603340034e-06,9.164214134216309e-06,0.00047687310842420283,0.00040834349160182026,0.0002096453681588173,0.00021916259451291997,0.00015587608676651508,0.00023274309933185577,0.00041193505584813384,0.0002045915826397078,0.00021377578377723694
815,0.00030178008814601975,0.00014162501749438033,0.00017127394676208496,0.0007235037822470314,3.8527389820106756e-05,0.00019229110330343246,2.9191974469870707e-05,7.338797777427632e-06,2.388283610343933e-05,0.0004782658704329673,8.154187330870061e-05,0.00019113393500447273,6.037871086116142e-05,0.0003034350205362163,0.000174742192029953,0.0002055798921029861,7.200098078033804e-05,0.0005231201648712158
816,5.2052292030618785e-05,4.53786340027032e-05,0.0003168843686580658,7.084772820582785e-05,9.5018026522245e-05,0.0004253275692462921,7.05907036638205e-05,1.0226345806065755e-05,1.2431293725967407e-05,0.0006124198074564935,0.00037058067089203867,0.0002130698412656784,0.0003567909492451643,0.00010780802627102098,0.00037250854074954987,0.0005826464767728912,0.00017239856042200116,2.5324523448944092e-05
817,0.00011722110155615306,3.734277401837294e-05,0.00020827725529670715,0.0001873451032205209,0.00014096280983741383,0.0004447447136044502,4.984346722796719e-05,3.434491451162372e-05,2.5898218154907227e-05,0.000825276601060243,0.0006028239468697794,0.0003409096971154213,0.0009895658538073837,0.0007667314630036611,6.062909960746765e-06,0.0008821943745304373,0.0006057754225007178,0.00021016225218772888
818,0.0004774015908200341,4.9047930701456854e-05,7.636845111846924e-05,0.0005732733052227768,0.00024642919377096395,8.144229650497437e-05,7.3623330703737055e-06,2.5874148901763698e-05,6.0908496379852295e-06,0.0005406451809639862,0.0003628654626177674,0.00017870543524622917,0.0006009548092239525,0.0007785424173266473,4.0162354707717896e-05,0.0005360458902091692,0.00045973204526050804,8.649006485939026e-05
819,0.0004485003063763038,0.00017229961162059867,9.63062047958374e-05,0.00044274693767638873,5.452382152656976e-05,0.00016571395099163055,1.399706446608695e-06,1.0455312372261013e-05,3.1813979148864746e-06,0.0006294451546296487,0.0006006354180384949,0.00011343415826559067,0.000530221041774151,0.00013537517585715704,3.3974647521972656e-05,0.0006438482571268223,0.0001208326654780073,0.00012778863310813904
820,0.0003002980568470176,2.1183332434435154e-05,0.00017566606402397156,0.00029666896646121654,0.000196784877875264,0.00013047922402620316,6.174317361104173e-05,8.536044336579507e-07,3.8035213947296143e-06,0.00010034475335329862,6.962787926686337e-05,0.0004684971645474434,6.249949234371499e-05,0.00018788258721931343,0.00040637701749801636,0.00034371923376158575,0.00010656982868904527,2.368912100791931e-05
821,0.00016153907463319073,0.0003393506787913343,0.0010159704834222794,0.0003572920687509029,0.00044679376248841704,0.0009762011468410492,0.00010664857713301237,1.4605263848560405e-05,5.60469925403595e-05,0.0003952649631737415,0.0004824351002192806,0.00030161580070853233,0.00039348003715741764,1.7374476540687675e-05,0.0003052670508623123,0.0008322801347244724,0.00024024554403152473,0.0007452517747879028
822,0.00011825811512226891,0.0002235973697190044,0.00036395713686943054,0.000305270539943156,0.00012236030128734768,0.0003396589308977127,4.770412385795078e-06,5.545985083230294e-07,6.061047315597534e-06,0.0003366078059673927,0.0003790992771657911,0.00010600313544273376,0.000302454068494884,0.0004392117378751569,4.541315138339996e-05,0.0009916329361332465,5.772935004403831e-05,0.00029737502336502075
823,0.0006968020852068796,0.0004038245852093156,3.131851553916931e-05,0.0007768041922735086,4.263134195152743e-05,0.0001919977366924286,6.1644892661357614e-06,1.0592293774887252e-05,2.3577362298965454e-05,0.0013030187686557115,0.00030463451144963766,0.0005818251520395279,0.0013414877590253865,9.839270103970121e-05,0.0003404822200536728,0.0010820571897740827,0.00013771707833001856,0.00032115355134010315
824,0.0003328260362615437,0.00025607526593444604,9.74554568529129e-05,0.00040029777939132316,4.232276403754939e-05,0.00013769231736660004,2.712869318711661e-05,6.075180817392877e-06,3.831833600997925e-05,0.0007641656794731139,0.00016561155728946064,0.0006238315254449844,0.000592060651011958,0.0001511044745543741,0.0005277469754219055,0.0005164633905543892,6.120747293529571e-05,0.0008215568959712982
825,0.0002595251355781564,2.1743672116988216e-05,0.0003036968410015106,2.4920098190911455e-05,9.772381299099145e-05,0.000303058885037899,3.631196833128389e-05,2.6989475915013394e-06,2.678483724594116e-06,0.00021667627190083416,0.0001388476954654952,0.00021507218480110168,0.0005463033567285752,0.00037989779273821245,0.0002167392522096634,0.0006873426519051484,0.00010633764810801319,0.00022857636213302612
826,2.62302657861313e-05,1.9086512342454676e-06,0.0003523062914609909,4.413627124726094e-05,0.00031361098612118707,0.00016299448907375336,6.017701550681785e-05,1.937917812237745e-05,3.2298266887664795e-05,0.0008680489468928937,0.001243333944391023,5.000084638595581e-05,0.0004934111765658583,0.0002644861063441535,0.0003164950758218765,7.682564609934328e-05,0.00034978896944514934,0.0004265233874320984
827,0.00021702363717218676,0.0003391758522232821,1.8343329429626465e-05,0.0005661778505385989,3.064963560078099e-05,8.075404912233353e-05,5.371368834957736e-05,6.556969353809904e-06,5.457550287246704e-06,0.000832053346877748,2.2685834438582186e-05,0.00019595585763454437,0.00030313397189649094,1.1472719635663778e-05,0.00029559433460235596,4.2417012742990146e-05,1.4657477200818309e-05,0.000193033367395401
828,0.0002716912531752075,9.426661663491237e-06,0.0001566559076309204,6.286354336929034e-05,4.2133292262769295e-05,0.0002214992418885231,1.135438212878509e-07,2.2069338632499423e-05,1.4092773199081421e-05,7.22976206743442e-05,0.00021797126983571363,0.00045080436393618584,0.0001969379408652827,0.0003426811637136547,0.0003124382346868515,0.00031801590850888406,0.0002890756474463983,0.0004273615777492523
829,0.0006370565001316275,0.00020331604018542296,0.00037214718759059906,0.00025490062336130936,0.00010664176453981794,0.0004093507304787636,3.289533746455783e-05,1.3315039013946008e-05,2.310425043106079e-05,0.0010161749934719383,0.0004090034475910248,4.478218033909798e-05,0.0010987051113655888,0.0004981895595011325,5.8710575103759766e-06,0.0008851687157477584,0.00020180020866655476,0.00032477080821990967
830,0.00014135193511999322,0.0003105767362270584,0.0005114804953336716,0.00017506317004005456,0.00023822456891337343,0.0005592172965407372,5.2576908359313473e-05,1.6426479786855585e-05,1.9643455743789673e-05,4.801759805397876e-06,0.001049629974426515,1.534121111035347e-05,0.00019501393878089412,6.78016159036416e-05,9.316764771938324e-05,6.558360672739849e-05,0.00014640063381640353,0.0005516819655895233
831,0.0003014490507773221,9.433477296129367e-05,9.63844358921051e-05,0.000473991637863283,8.717996763514882e-05,0.00026276614516973495,3.0360251267604055e-05,2.4853294605124178e-05,1.3131648302078247e-05,0.00034982057609772577,0.00021188332003892196,0.00023299222812056541,0.0006822548315906368,0.00019455194792388983,7.789582014083862e-06,0.0007607447300250758,0.0004972774761947997,0.00011250004172325134
832,5.474126921924116e-05,1.1942089307277748e-05,0.00020896084606647491,0.00023975358545724745,0.00016467932990685968,0.00030128005892038345,6.687244337183137e-05,1.4259466636479213e-05,1.601502299308777e-05,0.00011677936078624551,4.9499030696745216e-05,0.00020094728097319603,0.0002286588253884586,0.00012063952343878068,9.861961007118225e-05,0.0007891436819808806,0.00025113516728240623,0.00022992119193077087
833,0.00035594941885573606,0.0002175582514041957,4.544295370578766e-05,0.0007462678310805604,0.0002685592587581172,0.00014280155301094055,4.65699099535203e-05,1.6332197243360512e-05,1.0836869478225708e-05,0.00036042480565084967,0.0009152687915655877,0.00021309079602360725,0.00014209638997686458,0.0004865129828791649,7.741153240203857e-05,0.0008775794321898289,0.0002874329763391005,0.0005663149058818817
834,0.00043115045651234696,6.810641531159942e-05,0.00028645433485507965,0.0008019147394613679,0.00011687178552924685,0.0003799824044108391,7.253659132467824e-06,2.5440173985039755e-05,2.9806047677993774e-05,0.0009000868402365275,0.0003678775973109255,0.0002321004867553711,0.001150894192028462,0.0001977269123218644,0.00011617690324783325,0.0006878124727537349,0.0004886190951027894,0.00024540722370147705
835,0.00013512905360038574,3.5928135204383455e-05,0.0002220887690782547,3.1389983315172065e-05,3.899792206273067e-05,0.0005316212773323059,6.438677555243785e-06,4.709128557283597e-05,2.7980655431747437e-05,0.00038491532414462737,0.0015574584416152212,0.0005232915282249451,0.0007283866397724409,0.00041715007926820813,0.0009763296693563461,0.00036363054842800113,0.0009440993001329917,0.0009625740349292755
836,0.00047070744989685664,4.922360582243143e-05,0.0007360819727182388,0.00028148766582665463,0.00017946400934173642,0.0007956111803650856,4.7653588888365087e-05,8.456799501650432e-06,7.625669240951538e-06,0.0014475435750862797,0.001669965372920544,0.0004803258925676346,0.0008986725469196655,0.0001928887839540011,0.0006030350923538208,0.001352958613172528,0.0003353327202617225,0.00034443289041519165
837,0.0001927842731766216,0.00018875957302705998,0.00019492954015731812,0.0004468342411828724,0.00026071892797435367,0.000279436819255352,5.5922535827042374e-05,5.2768871423595955e-06,2.983957529067993e-06,0.0008167251555486754,0.0010401293992624017,5.413871258497238e-05,0.0003301001673679249,0.0005571092565545745,0.00015976466238498688,0.0012097973660477046,0.00015280797811778948,0.00036528706550598145
838,0.0007213155519424919,0.000719537158036309,9.75094735622406e-06,0.0009352143750065711,1.0827232725513919e-05,2.9967166483402252e-05,5.358384990881461e-05,3.130299973780511e-05,1.1608004570007324e-05,0.0009812465416378924,0.001524145169140137,0.0003178063780069351,0.00033946972363743666,0.00036756996365837347,0.00021085143089294434,0.0005531778931385789,0.0005597029683652548,0.00019733235239982605
839,0.00033308548972360574,9.693264029478343e-05,6.83460384607315e-05,0.0002052538426952355,0.00010716994036447103,5.989056080579758e-05,2.404666172587007e-05,1.2397844951270555e-05,4.868954420089722e-06,0.000366173483273724,1.1461224812818471e-05,6.662588566541672e-05,0.00020885640577582298,0.0002273372622694659,8.151121437549591e-05,0.00042379710589054986,0.00036414263721681883,7.187575101852417e-05
840,0.00019572987186533553,0.00010840473449699045,8.873827755451202e-05,5.626101249808779e-06,9.910911433185648e-05,1.8349848687648773e-05,2.9685890342971005e-05,7.944642410939728e-06,1.7039477825164795e-05,8.965940013383467e-05,0.00011712574049465435,0.00018038135021924973,3.916934530641403e-05,2.0782279967355294e-05,4.1700899600982666e-05,0.0002558401653356135,0.0001914357665944444,1.288577914237976e-05
841,2.7518349285479693e-05,3.376682535920911e-05,0.0003035571426153183,0.0001844202628056013,4.6731268291796274e-05,0.0003027757629752159,7.3409993512716515e-06,1.9343436347264535e-06,6.292015314102173e-06,0.0002777210671148639,0.00024160426175134225,4.5523978769779205e-05,0.0002498934801976743,0.00015894189772175382,0.0001115705817937851,9.660677496664549e-05,8.049754098489806e-05,0.00011382251977920532
842,0.0005623644495179742,0.0001299459582369024,4.5826658606529236e-05,0.000768762304587764,1.6297562996127335e-06,0.00015478860586881638,2.662921374713134e-06,2.779254896773174e-05,1.6789883375167847e-05,0.0003021170264011913,0.0008046025179393457,2.954341471195221e-05,0.0003419382332430082,0.0005753688135689983,0.00033318251371383667,0.0008380178249072778,0.000497878550226493,0.00027084723114967346
843,1.7537506835391126e-05,3.807195058022281e-05,0.0004435703158378601,0.0004624439458362217,1.2896514307705886e-05,0.0005242293700575829,6.287928248449245e-05,1.565187831183948e-05,3.429874777793884e-05,0.0001226619139372831,0.0006859887813278828,0.0002923766151070595,0.00027818311851837696,0.0003780379326108474,0.0001691039651632309,0.00034285269795419904,0.00019953834646712146,0.0008138082921504974
844,0.000984168598943666,7.21913222860894e-05,0.00045756250619888306,0.0013085998671774207,0.0001016483469704274,0.00034056976437568665,1.743696248709438e-05,2.364384657242962e-05,5.5402517318725586e-05,0.0006156219963387999,0.0008776765469176578,0.0005304263904690742,0.0008011880573144115,0.0006059338101953513,0.000656813383102417,0.0005770117423632704,0.00033785305639185553,0.0009688418358564377
845,6.656983814375128e-05,4.172240890873771e-05,8.491799235343933e-05,3.407952430301009e-05,5.438945620597074e-05,8.941255509853363e-05,4.983932067015653e-06,3.803811689791258e-06,4.28222119808197e-05,0.00023554004009818108,0.0002051891725801669,0.0004819650202989578,6.859272400025485e-05,5.372610655210788e-05,0.000475466251373291,0.00015910672090357902,3.985950328017768e-05,0.0008491482585668564
846,5.0835839056767584e-06,8.43262633885497e-05,9.235739707946777e-05,9.922368473648524e-05,0.00014282551116244838,4.660896956920624e-05,2.275581520744252e-05,8.519597644974543e-06,1.0013580322265625e-05,0.00021438617440985852,0.0003168178537311314,0.00021479744464159012,0.00014161578410307185,0.00019980870820962213,0.0001628343015909195,3.4687207910333306e-05,3.896473527905883e-05,0.00013107433915138245
847,8.421132620051175e-05,0.0001806640537909826,4.677288234233856e-05,0.00011998811440973312,0.000226723881399344,1.8727034330368042e-05,4.528559464776066e-05,1.4059606125587949e-06,2.5134533643722534e-05,0.0007816292789214196,0.00032071754657490154,0.000176331028342247,0.0004581174781191355,4.7279944803534785e-06,0.00025146082043647766,0.00035642078786005116,7.737242439308581e-05,0.0003825165331363678
848,0.00013796674496566186,3.766524813333949e-05,0.0002805981785058975,0.00016934042420628515,4.577337872081061e-05,0.00017115753144025803,4.8289369423016454e-05,6.060005684393934e-07,8.970499038696289e-06,0.0005636353726583415,0.0006918709066301987,5.259457975625992e-05,0.00017287967356842404,0.00023371123949289703,0.0001734606921672821,0.00030700713952866443,0.00010089212030531605,5.774572491645813e-05
849,2.6558141583143957e-07,0.0001968696492315701,8.539669215679169e-05,0.00021284943246317745,3.277635520887792e-05,6.029941141605377e-05,1.3463153552191812e-05,5.006877677774099e-06,1.7918646335601807e-06,0.0003392667823732126,0.00031132071765836017,3.103632479906082e-05,0.00013082309683447313,0.00025476942930805976,0.00022453255951404572,0.0002591128936500209,8.606440073198954e-05,0.0001423470675945282
850,0.0004248160627535469,5.124407285121008e-06,0.00021188892424106598,0.00032764384090952503,0.00010547164411586069,0.00014605093747377396,4.1443281295780454e-05,2.0296856862596878e-06,3.181770443916321e-05,8.422629837646911e-05,0.0002664379061447508,0.0002825222909450531,0.00033632716483136815,0.0002711377802937058,0.00038946233689785004,1.6745588037686554e-05,6.677600215666823e-05,0.0007798448204994202
851,0.0006776582658639674,2.0496395962431302e-05,0.0001901444047689438,0.0002026734989137302,6.1235316574127785e-06,8.195266127586365e-05,1.312873406158696e-05,8.401542233170585e-06,3.582984209060669e-05,0.0003298943133444171,0.0007951179028343261,0.0003207661211490631,0.0005630951762764513,5.017588103128738e-05,0.0005194675177335739,9.963697109743874e-05,0.00011212045735564669,0.0006016828119754791
852,0.00013491857139635854,2.3624325568766258e-05,4.571489989757538e-05,0.00035468276483435757,3.881924501334538e-05,3.3080577850341797e-06,1.988963482650076e-05,6.427939340807216e-06,2.1588057279586792e-05,1.4783525934758401e-05,0.00035063468229518807,0.00018476229161024094,5.1025388855124865e-06,0.0002824254259381643,0.0002719331532716751,0.00044937485268656263,0.00011784775844642797,0.00027619674801826477
853,0.0001740969505653056,0.0001041608488971009,5.6901946663856506e-05,2.1264660913525302e-05,1.900891945670266e-05,1.7834827303886414e-06,8.785600375647504e-06,2.183661528699552e-05,6.556510925292969e-07,0.0003210256644272519,0.0003331682207363823,1.6383826732635498e-05,9.702591121404924e-05,0.00031656874889588946,8.011050522327423e-05,5.984370204681344e-05,0.0002884140667831006,6.134435534477234e-05
854,0.0007557350891612552,9.059796799997313e-05,0.0002968180924654007,0.0006234456349810819,6.441952936930145e-05,0.00013045500963926315,3.169927375394274e-06,2.577206890067821e-05,3.780052065849304e-05,0.0005334655395328042,3.7698388643925274e-05,0.0002469494938850403,0.0005635856782186671,8.873623235974848e-05,0.0004911795258522034,0.0005672386563678466,0.0004976914836126306,0.0005323588848114014
855,2.1124676084741112e-05,0.00021021224609030914,0.00021770410239696503,8.16164776528544e-05,0.0002609502743913597,0.00016790349036455154,1.034222271086016e-05,1.0300693682148594e-05,3.1616538763046265e-05,0.00018339749156386087,2.5959785432405624e-05,0.00037192460149526596,0.0005780426721495174,0.00039738308389553403,0.0004909243434667587,0.0005431213328909446,0.00013663376007709213,0.00046370550990104675
856,0.00023221323234612345,0.00016653490654485598,7.899478077888489e-05,4.859919004830682e-05,2.9670299781389686e-05,3.178045153617859e-05,2.433938189673468e-05,1.4457080152343585e-05,1.786649227142334e-05,0.00039268389414280624,0.00016818236424549077,0.00015454739332199097,0.00010775632120031686,0.0001972653087136851,0.00030094943940639496,0.0007135249463434135,0.00021681877396319618,0.0005058497190475464
857,0.0007892274157620255,7.607917540546766e-05,0.0005902443081140518,0.0011663346645683498,0.00012700715862707518,0.0006614420562982559,3.3504639793504806e-05,2.0647757573769715e-05,6.0673803091049194e-05,0.001069281710803921,0.00037479134684539894,0.0006666546687483788,0.0008203138090266959,0.00022682826723774765,0.0005645342171192169,0.0010195229349774793,0.00031143500034572225,0.0009946636855602264
858,0.00034210925297825656,3.108984631258402e-05,4.2749568819999695e-05,0.00048430824726558575,0.00013639182838175168,8.577480912208557e-06,3.68310287806161e-05,1.3362691152528708e-06,1.1593103408813477e-05,0.0004213373130459164,8.724649127246631e-05,0.0001475214958190918,0.0007156363201121646,0.00040235225927076276,0.0002509653568267822,0.0009009877625804907,5.070702992525031e-05,0.0002303794026374817
859,0.0008855048834554291,0.0002999765993192925,8.630380034446716e-05,0.001274656962089421,0.0002983578384942731,0.00014278385788202286,6.47318315011667e-05,1.799038192442249e-05,8.359551429748535e-06,0.0005484566116682327,0.0002173986260697522,0.00021913181990385056,0.0010677314928117104,0.00058756763923766,0.00013634003698825836,0.0003610025952235918,0.0003577228765906798,0.00016154348850250244
860,0.00010584952394879221,0.0002482639752215583,0.0005604922771453857,0.0006671029808167778,0.0003038607605469444,0.00035596080124378204,2.057638364252705e-05,5.2489283408465714e-05,5.207955837249756e-06,0.0009912663206297079,0.0009443216734274923,0.00024557486176490784,0.0008948847691263584,0.00041554160034249985,1.2209638953208923e-05,0.0013096093294862887,0.0008246373104694067,0.00037017837166786194
861,0.0008231368658309923,8.522219890673075e-05,2.7164816856384277e-05,0.0005048868611007284,4.0151589927650555e-05,0.00011594593524932861,3.163762817932382e-05,6.425534422200077e-06,4.563480615615845e-06,0.000583708883303613,2.1420999885939096e-05,1.4747492969036102e-05,0.00030424206235421525,0.00019655494679689245,4.291906952857971e-05,0.0004494181865545288,3.2439651706690775e-05,0.00011607259511947632
862,0.0007661061780060152,0.00011888231758347759,0.0002384670078754425,0.0006517183074811472,2.493368126927839e-05,0.0003315238282084465,3.6477769902839435e-05,2.273541190192063e-05,1.2833625078201294e-05,0.001314827562192769,0.0006106534878104197,2.651568502187729e-05,0.0003338964165985753,0.0004520680162602535,0.0001708678901195526,0.00010307289631172889,0.0004085636914865215,7.436797022819519e-05
863,0.0005124306816452484,0.00014098340708859625,9.297952055931091e-05,0.0005842026037393006,0.00037092853333637113,0.00013377703726291656,6.416288471910309e-05,1.1215610710903906e-06,2.929195761680603e-05,0.0001652529446595219,0.00028186387167676574,0.0006082756444811821,0.0011160514057533127,0.0003112848005364932,0.0005066040903329849,0.00023197693395921037,6.932093082571283e-05,0.0005402751266956329
864,0.00052385783729815,6.222949355610616e-05,0.00031409040093421936,0.0001832512205031528,0.0003068969610948366,0.00029808375984430313,3.124459110051547e-05,1.2891470997354734e-05,5.8222562074661255e-05,0.0012942601763050593,0.0010245922621989825,0.0005726031959056854,0.0007508624638302014,0.00031075767834522205,0.000636763870716095,0.000998921573250544,0.0002501579411777685,0.000669725239276886
865,0.0003422017611915962,1.6557080554750747e-06,3.3136457204818726e-06,0.0006890136240072925,0.0001173860807392596,2.346467226743698e-05,2.2390366634943495e-05,1.3286327815143027e-05,3.684312105178833e-06,0.0003318514380268589,8.871587791385582e-06,0.00020045042037963867,0.00020282145099963234,2.576707587815044e-05,0.0001633279025554657,0.0002857251690011331,9.38628279134289e-05,0.00012809783220291138
866,7.5894079771127165e-06,9.001889253622275e-05,0.00024537742137908936,0.0003784196609803725,4.8043448353178586e-05,0.0001967577263712883,2.2266645139414065e-06,1.935715248782793e-05,1.8499791622161865e-05,0.00026172610790663187,0.0005711068236318867,0.00025298818945884705,0.0001004834794123971,0.00032453333129330714,0.0003106631338596344,0.0005938245827126765,0.0003026143440932848,0.00019702687859535217
867,0.00029331777171054396,0.00022261620273311342,0.0005418471992015839,0.00011691983585304655,0.00017459763823968188,0.00041156820952892303,2.9665132559999335e-05,2.60963228943666e-05,2.310425043106079e-05,0.0003274519794193992,0.0003529910028653993,0.00016104988753795624,0.0005540934732819192,0.00012350173111638774,0.00034390948712825775,9.543656946117696e-05,0.00047906580041507524,0.000141192227602005
868,7.344437097815681e-05,0.0002643255204012769,0.0002496205270290375,0.00011647268452834314,0.0002919364251610622,2.9100105166435242e-05,5.8860399506964825e-05,5.107400711460721e-05,6.068497896194458e-06,0.0001936384923852258,0.0009528693763956389,0.00013680197298526764,0.0002659676194232824,0.0005188095653768827,0.00029650889337062836,0.00032110772355273265,0.0007814411886068427,0.00023551657795906067
869,0.00031388903865467443,0.00010598599000354036,0.0003205239772796631,0.00018147190824789605,0.00019790937718215315,0.00012002605944871902,5.371253486552777e-05,4.872174423410495e-05,1.753494143486023e-05,0.0004962419769810184,0.0016189258148251312,0.0001157587394118309,0.00015656796313644195,0.00022194847086482589,0.0004548691213130951,0.00018058401282000647,0.0008710103883072425,0.00020003318786621094
870,0.0003854627553706025,0.00017729599522714468,0.0002996828407049179,0.00014372066972856423,0.00018368351105123304,0.00021011754870414734,2.8437810039253636e-06,3.356380183029066e-05,1.7248094081878662e-06,0.00024283338959610323,0.0009820197846639872,0.00017932802438735962,0.00011757713816776261,0.00031709295619161866,1.0075047612190247e-05,0.0007401919883823771,0.0006317246379446105,0.000151854008436203
871,0.0001009327275451194,0.00020615785306419415,0.00013294629752635956,0.00017565058808029221,0.0001098929350237289,0.00015312433242797852,3.978342142059443e-06,1.3161027499584456e-05,1.7948448657989502e-05,0.00047650239556300267,0.0005320550475984495,0.0002965908497571945,0.0005435002687784879,1.4283195887180092e-05,0.00025770440697669983,0.000603091920632709,0.00024136091399995854,0.0005231797695159912
872,0.00026940409998969794,7.443466361084505e-06,0.00011115707457065582,0.0005122393931062258,8.137249533297919e-05,0.00010403897613286972,4.030375421340028e-05,2.2351160903772826e-06,1.3262033462524414e-05,0.0002992127212906731,0.00023076902255179943,0.00021162442862987518,0.00018202895376666361,0.0001041869477700734,0.00022900663316249847,0.0004795655294087542,2.3767806177729667e-05,0.00014837458729743958
873,0.0006265456494203292,0.00045760580236518106,1.5500932931900024e-05,0.00012279432289197256,0.0002429399620060002,9.866245090961456e-05,6.856800083351704e-05,7.073719292963535e-07,1.6439706087112427e-05,4.307067678094301e-06,0.00041785726489907554,0.0002780938521027565,0.00018270206869530625,0.00012253177366289975,0.00048513151705265045,0.0006102970464647306,4.1774097450368586e-05,0.0003145933151245117
874,0.0003287650071051168,8.888718367345769e-05,0.0005774423480033875,0.0005819734525991105,9.242429138469829e-05,0.0006577270105481148,0.00013842874073787155,1.5203427449432278e-05,4.39472496509552e-05,0.0005438022152480515,2.196539632698391e-05,0.000541267916560173,0.0005360796795150363,0.0004368244393567998,0.00045142509043216705,0.0006442069456346344,0.0002283294994616207,0.0012586526572704315
875,0.0005299219096792512,0.00011727374795882789,0.0010655485093593597,0.00012137787212139484,0.00017498303710750465,0.0014318963512778282,0.00020081859384303222,3.312488140163965e-05,0.00011959671974182129,0.0011182257938230772,0.0002723286541286146,0.0009111007675528526,0.0017120813676432256,0.0007686929903371834,0.0004187915474176407,0.0017235398642549138,0.0005119072717585174,0.0017760246992111206
876,0.000911737406353072,0.0001565064757625273,6.874091923236847e-05,0.001052761618065487,0.00020347053430079878,1.4361925423145294e-05,3.641410137164916e-05,5.472897194077784e-06,2.1617859601974487e-05,0.0012319255046395472,0.0002705470288941955,0.0003217868506908417,0.0011371357253738695,0.00030997136109061144,0.0003847852349281311,0.0005581242871593173,1.947761168145587e-05,0.0002643167972564697
877,0.0002889022834185878,4.7020450184797474e-05,0.00017791986465454102,8.205166203477388e-05,1.952362028614929e-05,0.0001610061153769493,5.067107430190357e-05,1.0352652624580827e-05,3.8295984268188477e-05,0.0005487324765367368,0.00017616811763390694,0.00037660589441657066,0.0005077699849445477,0.0004416296799765809,0.00039782561361789703,0.0010218174456483875,0.0001978579207209119,0.0004865434020757675
878,6.995550838828635e-05,0.00028950248578956186,0.000511540099978447,0.0002537309189800524,0.00011135796468126138,0.0006736600771546364,7.943538489348784e-05,1.847397181600741e-05,8.441507816314697e-06,0.0006103827029407954,0.0005676172526927759,0.0003492068499326706,0.0008937822191032313,0.000264861943789739,0.0005738604813814163,0.00043277280720510625,0.00022136113834922075,0.00012490339577198029
879,0.00021058853896882557,0.0001169764232487186,9.965337812900543e-05,9.964035342331645e-05,2.1441813372369972e-05,6.953533738851547e-05,5.4044660072695774e-05,7.92812729955971e-06,3.5628676414489746e-05,0.0004528406781625499,0.0002055267901508312,0.0006905985064804554,0.0002484410949906285,0.0003571673521000143,0.0006526373326778412,0.0003121806698189178,0.00012040215494112452,0.0006399396806955338
880,0.0002708262981768461,0.00013954853704488054,0.00032896921038627625,0.00048514406721111847,0.0002658420352104271,0.00023658107966184616,3.263206493312777e-05,1.778162646831811e-05,1.2304633855819702e-05,0.00035644795139401497,9.790836185177842e-05,5.469098687171936e-05,0.0004394735707557579,0.0004927299878038152,0.00016450509428977966,0.0006203225530640177,0.00034733286033301544,0.00023672915995121002
881,0.0002263432918434144,7.965509456944048e-05,3.2357871532440186e-05,0.0003370992515736304,3.665380336229096e-05,3.264285624027252e-05,5.508960929803859e-05,4.184504574348191e-06,3.5837292671203613e-06,8.102599968064228e-05,0.000346699776510348,0.0003124987706542015,0.0003006980642545759,2.425471419067668e-05,0.00031946413218975067,0.00035446361129112813,3.28714310519132e-05,4.2963773012161255e-05
882,4.034181681210336e-05,1.6597005198674963e-05,5.455315113067627e-05,0.00018506884157996895,8.960270739081719e-05,6.910692900419235e-05,2.746669562896445e-05,3.76076729570159e-06,1.825392246246338e-07,0.00018875595891137964,0.00037220632865931497,0.0002363915555179119,0.00030062261654528744,0.00011740398124703184,0.00020430423319339752,0.0003394496132318736,8.73282780805007e-05,6.984546780586243e-05
883,0.0005656529617384387,0.00022900558286429243,0.00016514398157596588,4.642042792810108e-05,2.6775449277427477e-05,0.0002245251089334488,1.2792235311425912e-05,9.53461303740172e-06,2.9392540454864502e-05,0.0005478078555279375,0.00031506003878853384,0.00028733303770422935,0.0009162732893442521,0.00033458570336238926,0.00023902766406536102,0.00033382872870174607,0.00018257315677893196,0.0003032088279724121
884,0.00031832772047937774,0.00011193646557796505,0.00023430027067661285,0.0003523800253530246,6.702743241973966e-05,0.0002367282286286354,4.876530921207184e-07,7.256070300175376e-06,5.438923835754395e-07,0.0005613080908218188,0.0004834637238283687,0.00014521833509206772,0.00047921576848329595,0.00019516756147285562,0.00016189180314540863,0.00039034003887455926,9.556626447043345e-05,5.021132528781891e-05
885,0.0007136769332228288,0.00011979314155496218,0.00010396726429462433,0.00027873323900808045,0.000288203427323136,0.00012215971946716309,5.8993185083367275e-05,3.599626010877474e-05,1.7177313566207886e-05,0.0001879654959814625,0.00017053907050439132,0.00013451837003231049,0.0007111262229733961,0.0002856781232049941,0.00014082156121730804,0.00026622600565481824,0.000607195465015864,0.00011916086077690125
886,7.165483703644449e-05,0.00011933982906845927,0.00031476467847824097,9.964634027873065e-05,0.00026492222684440167,0.00020646769553422928,4.663113876945783e-05,8.89561105769628e-06,1.4800578355789185e-05,0.00023777078041900546,0.00035129345236666054,0.00012031011283397675,6.1261572865276e-05,6.072324502466586e-05,0.0002611186355352402,9.535569304219838e-05,0.00019485803091251822,0.00019537471234798431
887,9.022557473475912e-05,4.851573981389662e-05,0.0004200190305709839,0.00018037944130921968,0.000362518681414202,0.00036803632974624634,1.661871617569463e-05,2.0144952895509612e-07,2.016127109527588e-05,0.00017153850895797185,0.00011988481921905436,0.0002103676088154316,5.06109230575813e-05,1.709029452816313e-05,0.0002474449574947357,0.0002300762904111353,1.141205627236408e-05,0.0001963302493095398
888,0.00011547887120344491,9.27469802869535e-05,0.00010033324360847473,0.0002367120776495535,0.0001683038229284596,4.6407803893089294e-06,1.8372635766171486e-05,2.0002200316705148e-05,6.496906280517578e-06,0.00025437187545852835,0.00042048702475869226,1.0852236300706863e-05,0.0002826611444206456,0.00014580013518045686,0.00010964646935462952,1.0440441265163747e-05,0.00029897808376377205,5.885586142539978e-05
889,0.00041100581697202376,0.0003953633418301884,0.00012020207941532135,0.00014331972830004813,0.00020667359540269686,0.00011773314327001572,2.627720449073674e-05,1.206773366402964e-05,1.7043203115463257e-05,0.0003813378914637039,0.0006124768696912988,0.00031135184690356255,0.0003266369281314935,0.00012720574463525106,0.0003524571657180786,0.0002530590124114329,0.00012506498670207533,0.00039122067391872406
890,0.0007977400531320872,0.00036993856471685335,2.7664005756378174e-05,0.00023036717796336148,8.74063049307594e-05,6.0624442994594574e-05,2.3114228015404595e-05,8.051435862499326e-06,2.8714537620544434e-05,5.404446714792066e-05,0.0005031169758231008,0.00040280958637595177,1.7615159710493433e-05,0.0004558297422330264,0.0003700796514749527,0.00045650446485595575,0.00014840233025562727,0.0003122705966234207
891,4.01496160653686e-05,3.527551179808436e-05,0.0004198942333459854,0.0004223485413346467,6.622847650984351e-05,0.00035879015922546387,4.538517517007311e-05,2.8452190275409135e-06,5.235522985458374e-05,0.0009561133195871985,0.000333591602457918,0.00035990215837955475,0.0012477527901345598,9.850449217086235e-05,0.0004900507628917694,0.0009941798256797307,4.7025972460368326e-05,0.0007867533713579178
892,5.5394416940995894e-05,0.00023323661773790375,0.00034611113369464874,9.15696841641972e-05,0.0003679576093827963,0.00019840989261865616,4.936837220811778e-05,2.3835639879313643e-05,6.560236215591431e-06,0.0007894638055372105,0.00015015219478023423,0.00017006322741508484,0.0006493720648290957,0.0009510767579439042,5.35082072019577e-05,0.00023597816029333196,0.0003663889244241089,0.0001878347247838974
893,4.861077677584258e-05,0.0001115146934963264,0.0003479737788438797,0.00019432975947346331,0.00028187385406022725,0.0002371072769165039,1.1733420738128247e-05,1.5716096603842367e-05,2.32011079788208e-05,0.0008063961401743175,1.0017225776579042e-05,1.0011252015829086e-05,0.0003829445121049657,0.0006271926802781744,0.00016609951853752136,0.0002629903447442794,0.00021542398920013084,0.00018247775733470917
894,6.134199086905989e-05,0.00021408929437212107,1.1486932635307312e-05,0.00018477931294183514,5.063060504053099e-05,2.9239803552627563e-05,4.115994042427906e-05,7.792231010335165e-06,6.444752216339111e-06,0.0008731343758437426,6.0937937404123566e-06,3.3949967473745346e-05,0.0003934257630615473,0.00034063737691817503,8.765608072280884e-06,0.0002835496921219094,0.000165520034344252,0.0001566559076309204
895,7.784595889422097e-05,0.00010250351889124973,0.00031032413244247437,1.1612841660332829e-05,4.726649899787841e-05,0.0002020522952079773,5.355897235820306e-05,1.1460799669334252e-05,6.146728992462158e-06,0.0009111763095991793,5.4107650288445774e-05,0.00011297594755887985,0.00039642844307419267,0.00016301070446970815,1.2170523405075073e-05,0.00010662964647839557,0.00010407422254682733,0.0001737307757139206
896,0.0005387972929261908,0.0002604747208677788,0.0006437022238969803,1.5303090706852984e-05,0.00042914202096689877,0.0005195578560233116,5.009683501157325e-05,1.2415608899385769e-05,5.516037344932556e-05,0.0005864006861061172,5.443730374062039e-05,0.00031001586467027664,0.00043855614476003,0.00011384968781241386,0.0004438105970621109,0.00013839709970100977,0.00014619275883434243,0.0008432790637016296
897,0.0003027413973625409,0.0006774567739748077,0.0003929063677787781,0.00020672327291144932,0.000294595112904375,0.00021307449787855148,0.00010704837977391565,1.4952024163985634e-05,5.138665437698364e-05,0.0002852561344268423,0.0001572726015472009,0.0006040111184120178,0.00029098774408414796,0.0004705932414817999,0.0008341427892446518,0.0003571274476409092,0.00022116807301711047,0.0011496320366859436
898,0.0008316624075557638,0.00020492230227714056,0.00032736919820308685,0.00013262235735421457,0.00016726672969887696,0.00028294138610363007,8.30887948285678e-05,6.378296486221017e-07,3.302842378616333e-05,0.0004517973845716977,0.0002283628825737946,0.00019293790683150291,0.0004135392226143897,0.000726479397395164,0.0002184249460697174,0.00020652349782721013,6.048361482158607e-05,0.00028981082141399384
899,0.0010577327179929624,2.9086234972944963e-05,6.068497896194458e-06,0.0009520659411031834,7.46460038175932e-05,1.0583549737930298e-05,9.709140340750586e-05,1.8192416220824941e-06,2.884119749069214e-05,0.0013395277637664182,0.00014779670435784154,0.00044961366802453995,0.001052664240217896,0.0002785189388324269,0.00039659254252910614,0.0011997149071593383,0.00010515267832604883,0.0006627142429351807
900,0.0004762319829814121,0.00010068774854237947,0.00016417726874351501,0.00035716107804918684,4.235722316771329e-05,0.00013728067278862,6.906425363944167e-05,5.966484158135719e-06,1.1667609214782715e-05,3.6017082631192854e-05,0.0004142780363980414,7.407926023006439e-05,0.0005095278067481779,0.0006072349517459268,9.389594197273254e-06,0.00022467589410751776,6.220000530249986e-05,1.1177733540534973e-05
901,0.0004852813186936311,0.00011813269207712473,0.0002681724727153778,0.00012638875371304148,9.76729965927528e-05,0.00021667126566171646,6.083321748846619e-05,2.1420362487079275e-06,9.309500455856323e-06,0.0004081590435008331,0.0001938911505489499,9.688641875982285e-05,0.00043678256626464296,0.0002526372222174302,5.496665835380554e-06,0.00014171761033332508,3.888159347776102e-05,5.6702643632888794e-05
902,0.0004401154075502345,2.9663562104459418e-05,0.00017743930220603943,0.0002529360698796529,3.777714881039729e-05,0.0001887790858745575,4.3292109145528015e-05,6.517346345609248e-06,9.238719940185547e-06,0.00038725063775506274,0.00013028899296491786,0.00013466877862811089,0.00013934424976706772,3.1608809223060766e-05,0.0001413356512784958,0.0003042262845805166,0.00010364738689674219,0.0002645496279001236
903,0.00028011491286307477,8.968714974636957e-05,6.44586980342865e-05,0.0001302305794104175,0.00013868248629675395,9.265728294849396e-05,1.223777291628654e-05,8.071842040074939e-06,4.403293132781982e-06,0.00021268917223539463,0.00032674996888661795,3.271549940109253e-05,0.00011545529026868451,2.3415342135428216e-05,1.695193350315094e-05,0.00036047237642161667,0.00015725417604581585,1.422688364982605e-05
904,8.930640301492432e-05,7.396940272866304e-05,0.0003080517053604126,6.440443188655831e-05,0.00011509183294206721,0.0003637513145804405,2.800840822320648e-05,1.4428578982479288e-05,2.745911478996277e-05,0.00015471778212115816,5.647532913802267e-05,0.0002542184665799141,0.00042246724080105547,0.00043217808637722316,0.0001965779811143875,0.0008032796386766572,0.00016805760671812636,0.0006526876240968704
905,0.0003123479493376824,1.3970276226790007e-05,0.00023656338453292847,8.334889872040063e-05,7.986556276831647e-06,0.0002553155645728111,4.413922230964498e-05,7.830195038970554e-06,1.2770295143127441e-05,0.0002371584296672613,0.0001358592101971326,0.00010050134733319283,0.00012283535286448932,0.0004679074871980094,0.0001123230904340744,0.0004405918525801078,0.00010600852678753145,0.00025454722344875336
906,0.0007574088073715735,7.789921917762677e-05,0.00040543824434280396,0.0007205940818629242,8.932265412219323e-05,0.00046560633927583694,1.746807039921562e-05,1.8116219700320532e-05,2.9657036066055298e-05,0.0003894812015541316,0.0003792624344793119,1.9350089132785797e-05,0.0005253433642673083,0.0005288952931998235,9.261257946491241e-05,0.0007501783593028832,0.0003217284759562365,0.00010856427252292633
907,0.00044663408284012496,0.00016390508370788676,0.00024146027863025665,0.00046085582951359283,0.0001993874700237236,0.0003451043739914894,5.402102408635576e-05,2.613213929057354e-05,1.8201768398284912e-05,0.0006716180084029855,0.0013780558846388236,6.786966696381569e-05,0.00037226468254458744,0.0005112532964319343,0.00028369948267936707,0.00011611245112705393,0.00043048946791113957,0.00023666955530643463
908,0.00039643857239975155,0.00015061659407185,0.0005862303078174591,0.00023850131523189821,0.0005947746149028883,0.0004881788045167923,8.172615836766518e-05,2.89527754819335e-06,4.324689507484436e-05,0.0006215945869261497,5.360999344486417e-05,0.00029452424496412277,0.0007259756672992473,0.0007464347678120802,0.00045125558972358704,0.00046207404184156475,0.0001223367231678943,0.000490257516503334
909,0.0007694973238296238,0.0004949050363589579,0.00022564642131328583,0.0003644648345592638,0.0002314679899028428,0.0001233518123626709,8.899307424726013e-06,8.449874878437708e-06,1.043081283569336e-05,0.000677417868142377,0.001059576708078304,0.00014757132157683372,0.0005578579717272214,0.00022539635374940054,0.00026610493659973145,7.168365047779957e-05,0.00027828014791162273,0.00024544261395931244
910,0.0009666046846723425,7.155111391211888e-05,0.00021514110267162323,0.00031902400913728923,0.00015823758468780716,0.0002127503976225853,4.18679194257518e-05,3.3557536650570367e-06,2.1245330572128296e-05,0.00032843560233780655,1.2039014915872503e-05,0.00036608707159757614,0.0002665611478128438,0.0006158952006689138,0.0003503672778606415,0.0007378885728311357,0.00010751310913515236,0.0005870554596185684
911,0.0007529380675644765,0.0001654076389926533,7.601827383041382e-05,0.0005894744362445192,0.000123112916549116,0.00014022458344697952,3.717812043180918e-05,1.2543850917086418e-05,2.4087727069854736e-05,0.0009542738398189837,0.000643339659891308,0.00018419092521071434,0.0006217838820642696,0.00024758034103830595,0.00020561739802360535,0.0004135014096758316,0.0001697919182391365,0.0003574490547180176
912,0.0008464263533925348,1.4561306466407548e-05,0.00013585947453975677,0.0005802075096751347,7.716870453381222e-05,0.00019217375665903091,3.8338499673039664e-05,3.857994450777273e-06,4.902854561805725e-05,0.0022008060104144744,0.0006988875506024686,0.00028311973437666893,0.0008008174310344673,0.0001849176113726224,0.0001543201506137848,0.0010532341785493282,1.2471958976807695e-05,0.0009254384785890579
913,0.0002575296985816017,3.1348454789803526e-05,2.1560117602348328e-05,0.00010407007659944678,0.00020868684167297397,8.264370262622833e-05,1.4343300725676994e-05,8.668868570119994e-06,1.475214958190918e-05,0.0011326283077294774,0.00036444181861996355,0.0002210596576333046,0.00011450383884507864,9.248582895345775e-05,0.00011854991316795349,0.00021961914980550556,0.0002930477875896717,0.00019437819719314575
914,0.00010983108341289238,0.0001011793883447347,0.00013245642185211182,0.0001729733292306912,0.00039103257125091065,0.0002543926239013672,6.872008506799213e-06,2.354433442983508e-05,1.9010156393051147e-05,0.00019064973122957796,0.000221350657263239,0.0002509802579879761,6.541762012164665e-05,0.00014943259132835576,8.74195247888565e-05,0.00012383005147925674,0.000478129894021212,0.0001632925122976303
915,0.00033461789365153705,6.082206664386608e-05,6.08004629611969e-05,0.0003214020897274461,7.491336520779046e-05,0.0001111794263124466,3.262041344563593e-05,3.855946682928971e-06,1.0985881090164185e-05,0.0002501388454510256,0.0003349666870877191,0.00020918715745210648,0.00021781453889641034,0.00033421748113082045,0.00016860663890838623,0.00029964330808396333,9.681481111060292e-05,0.00012961216270923615
916,0.00033714271047501077,0.0006318840231940848,0.00012981519103050232,0.001002033823782958,6.369926824362909e-05,0.0001624487340450287,1.3474369590411525e-05,1.0931099818366945e-05,2.668425440788269e-05,0.0001306552841043862,0.0004770473303502068,0.00020500505343079567,0.00011493793570582778,0.00019858344650931434,0.00016844645142555237,8.780014307216422e-05,9.999612317059328e-05,0.0005848519504070282
917,0.00015304593865450578,0.00026818747308910915,5.506351590156555e-05,0.0006230184335307976,7.519760236752646e-05,3.981124609708786e-05,5.052338941352423e-05,8.026843514349034e-06,1.1175870895385742e-07,0.00031743041582356357,0.0007057159612257682,7.740547880530357e-05,7.063710937896261e-05,3.53905442051633e-05,9.639933705329895e-05,0.00011192556896089112,0.00010825646151028934,0.0002160593867301941
918,0.00022508483741816299,5.644316607203437e-05,6.0556456446647644e-05,5.3772760982964685e-05,1.6561594379235073e-05,6.560515612363815e-05,4.285127102924419e-05,1.0588769217672808e-05,3.7848949432373047e-06,0.0003521120831238983,0.0006917366643016537,0.00020579108968377113,0.00026282300423140226,0.0001597274299718239,0.00022073835134506226,0.00015488449578909824,0.00012273466505299466,1.993030309677124e-06
919,5.525850127661991e-05,0.00014824982746955082,8.853897452354431e-05,1.4316196503050271e-05,9.878616229406015e-05,0.00015525612980127335,7.6023260607641086e-06,4.906915673303942e-06,1.095607876777649e-05,0.0004811096116946606,0.0004955047230136775,3.550667315721512e-06,9.404488148644086e-05,0.00036976381666964375,0.00012904591858386993,0.0004522902747871316,0.000102077542481923,1.6205012798309326e-05
920,0.0005592755344431266,0.00014040824061789525,0.00011228770017623901,0.00043891799331884085,0.00014299659130148287,3.25571745634079e-05,1.275189761347495e-05,7.38035994246513e-06,1.955777406692505e-06,0.0005163484440548344,0.0005193466576734335,0.00010876450687646866,0.000745628135834453,8.883548732016924e-05,5.010515451431274e-06,0.0009379399801190402,0.00019057072294493757,0.00011439807713031769
921,0.0011182698690240661,0.0008304747329991279,0.0003405548632144928,0.0006245211935371198,0.00032003314642229524,0.0005520433187484741,0.00013578827950608968,1.7377009990157634e-05,4.986301064491272e-05,0.0006434175263101971,0.0007530640701351662,0.0005536922253668308,0.00030240632044892246,0.0002465499081912778,0.0002571679651737213,0.0003219692411196573,0.00030405485140414315,0.0012834202498197556
922,0.000234060507368683,0.00019647492811794218,0.00021439604461193085,0.0007460840728083923,8.464743468827862e-06,0.00048263929784297943,3.7978705291121656e-05,4.7003876357524415e-05,4.572048783302307e-05,0.00019046578825777927,0.0006798994944266293,0.0004679970443248749,0.000618424051164676,0.0010340230752183266,8.174590766429901e-05,0.0011410173581229421,0.0009169918352091543,0.0010775011032819748
923,0.0001599160540150385,0.00019097607260321753,0.00017307698726654053,0.0003055056034771131,6.552132196483568e-05,0.00035127997398376465,7.768006639400846e-06,1.4286579165280477e-05,2.3469328880310059e-07,0.0004735518828454244,0.0005207823596697497,0.0001630214974284172,0.00018009215759086372,7.644040579098642e-05,2.5972723960876465e-05,0.000627052393189026,0.0002605389450010334,0.00010740384459495544
924,0.0004673742694073779,0.00011456033707919408,2.8586015105247498e-05,0.00035377066081060393,0.00016452858113568183,4.441104829311371e-05,3.477529341025347e-05,1.2229329382342684e-05,9.384006261825562e-06,0.00014412641212853405,0.0007806800042978387,4.6949367970228195e-05,0.0002271930737085398,0.00012915367429920666,9.527988731861115e-05,0.0001499964147048949,0.00012792868186179557,5.289912223815918e-06
925,0.0005976266674941472,0.00016579049693919018,1.1065974831581116e-05,0.0003739386646067905,0.00014468854900938702,0.00021140370517969131,2.069053552093171e-05,1.6428976872300037e-05,2.175942063331604e-05,0.0002930518588254438,0.0002449478544394382,0.00017658155411481857,0.0006994294449825106,0.0002669274545214987,9.236112236976624e-05,0.0002322695674451536,0.00027254152573481447,0.0001235324889421463
926,0.00027494400706411237,6.113187435852901e-05,0.00010732747614383698,8.154051805375762e-05,0.00016824109171951,5.477108061313629e-06,9.82610560733288e-06,1.0061695861339698e-05,1.0091811418533325e-05,0.00027713597278329616,0.00020232807198779929,6.023654714226723e-05,0.0002543609231152738,0.00029065043608285206,5.0202012062072754e-05,0.0001573848496932706,0.00016994034941260686,8.024647831916809e-05
927,0.00040354949319765243,2.985311382087616e-05,0.00017439387738704681,0.00017047760881322427,6.074185474322716e-05,7.98981636762619e-05,4.2447068286656855e-05,1.2545360469508283e-05,2.8759241104125977e-05,0.00016334526704274432,5.875235616581431e-05,0.00021108752116560936,0.00024807424146651436,0.00021102550396537995,0.0003263000398874283,0.00013898708520862502,0.00022740867500911643,0.0006348658353090286
928,0.00010391022903162572,4.942745865492079e-05,9.292736649513245e-06,0.00023719390347234914,0.0001222076882869752,4.119891673326492e-05,4.8715803124765866e-05,5.480903016695472e-06,2.2239983081817627e-06,0.0002623107996640034,0.00014962350646148537,0.00012027472257614136,0.0004235498952742667,0.00010269520380744648,7.73165374994278e-05,0.0009143662074377057,1.0281749744961433e-05,0.0003446824848651886
929,0.00020113025698909048,0.00010260332883477163,0.0002150256186723709,7.124750934060786e-05,6.902473527789499e-05,0.00014222320169210434,2.231728942707345e-05,2.236226846172567e-06,1.0784715414047241e-05,6.531215554952952e-05,0.0003026771891793262,0.00010721152648329735,0.0003615508238520998,0.00012810868280160696,0.00019673071801662445,0.0008582905582778522,4.326887561726875e-05,0.0004999581724405289
930,0.00040378869354107394,9.400719974263921e-06,0.00010304339230060577,7.335883472529836e-05,8.95051045359807e-05,2.3257918655872345e-05,6.710028517385724e-05,1.7435553450174902e-05,1.329183578491211e-05,0.00047137663729729384,0.00037244953954573834,0.00032480666413903236,0.00018813817594831583,0.00034920314250294626,0.0005167517811059952,2.0914594897086802e-05,0.00017259409106739829,0.0004526916891336441
931,0.0005992111901510361,0.000294250336763998,0.0003400668501853943,0.00014459256498410011,0.0004967284519447959,0.00020134542137384415,3.6461592442171495e-05,2.332779433427074e-05,3.9633363485336304e-05,9.839720157861498e-06,0.0011566321726039497,0.0006502307951450348,1.7781798755958644e-05,0.00039459743169040044,0.0008575264364480972,3.996528104877051e-05,0.00047172710567868967,0.0007057152688503265
932,0.00025929559606478747,0.0001349990541995652,0.0006417017430067062,0.0004677599101418628,5.6434456757140095e-05,0.0007001040503382683,0.0001127458512377253,1.2089823838548012e-05,4.4170767068862915e-05,0.0003627129959271058,0.0003071407325723752,0.000354766845703125,0.000326681109948726,0.00012721743444377327,0.00026546232402324677,0.0003220752872427901,0.00011106664372981592,0.0006649941205978394
933,0.00016105664434215572,8.594255487325356e-05,0.000631256029009819,0.0015858731731965559,0.0004766225037399416,0.0004869624972343445,6.347528719216969e-05,2.218369976826444e-05,1.3552606105804443e-05,0.0008808824121279979,0.00012938469976815636,0.00014124764129519463,0.0005552363724185272,0.0007042868805631625,6.687454879283905e-05,6.724112038825059e-05,0.0002254956386860893,0.00025435909628868103
934,8.596237212195323e-05,0.0001248648797864127,0.00010650977492332458,0.0006184826841498514,4.90377974093556e-06,0.00028260890394449234,3.0893896790841827e-05,3.76389006548827e-06,3.959983587265015e-06,5.484960798160521e-05,0.00018088262103119895,0.00019794469699263573,0.00018932465827031786,0.000641582012138037,4.713796079158783e-05,0.00017512105467462624,3.604026175989261e-06,0.00029543042182922363
935,0.00020084806306135128,3.109885639764748e-05,0.0001098737120628357,3.371149537131912e-05,6.926155772883982e-05,2.2946856915950775e-05,1.3207563628263308e-05,1.9509672758810485e-07,3.7513673305511475e-05,0.0001710561372556818,0.0004028081316024626,0.0003706859424710274,0.00019224700987648113,0.0003587278773503136,0.000536816194653511,0.0002360850537689585,8.89935249035606e-06,0.000557534396648407
936,0.00034096368237572505,4.666533319729396e-05,5.1701441407203674e-05,0.0003421044959135283,0.00021781948738611168,7.634144276380539e-05,3.655243867459711e-05,4.6197550093464695e-06,3.3229589462280273e-06,0.00028131842501036286,0.00013263871034927682,0.00010395562276244164,8.646283928871734e-05,5.162816727079592e-06,0.00013535283505916595,0.00045959572975268204,2.1112088715195126e-05,3.3235177397727966e-05
937,0.00025409364372380727,1.4896393125841262e-05,5.9138983488082886e-05,3.42307955238097e-05,1.6803349850009336e-05,2.4849548935890198e-05,1.1500929077496586e-05,2.7276453422602105e-06,6.094574928283691e-06,4.107155701874032e-05,5.9900718581577805e-05,2.2134743630886078e-05,3.669195670984171e-05,0.0002599246034812614,6.128102540969849e-06,7.91264079876286e-05,6.468009453612297e-05,0.00031309761106967926
938,0.00010357276268907478,1.20848466323778e-05,2.2569671273231506e-05,6.508818670189487e-05,9.118494977128702e-05,7.722526788711548e-05,4.2621786492827093e-05,6.7810486601557404e-06,1.952052116394043e-06,0.0003675762734005883,0.0002985048343834215,1.9890721887350082e-05,2.185625043417405e-05,8.756199233744474e-05,0.00014006905257701874,0.00010650958919078413,9.344393257165393e-05,8.734501898288727e-05
939,3.1991113807999794e-05,6.993994598688061e-05,0.0001886524260044098,0.00028515007481097476,0.00010926144208520464,0.0003166627138853073,1.8569824435571425e-05,2.4835864114102066e-05,3.5762786865234375e-07,0.00022222037555538754,0.0004315785422214849,0.00011220667511224747,2.8701314068707573e-05,0.00012752449186513408,0.00025059841573238373,0.00041826504482661564,0.0004582647809929716,0.00023749656975269318
940,0.0002897122154656151,4.034206364429693e-05,0.000222083181142807,0.00023013741078335703,0.00016632561877007526,0.00033556949347257614,6.405623371849578e-05,1.30628791089524e-05,4.317611455917358e-06,0.0003965704157448541,0.00036341627921741837,9.441142901778221e-05,4.774078688286887e-05,3.5657323797668936e-05,0.0001732446253299713,0.0005958553798166843,0.0003215445846152451,3.8905069231987e-05
941,0.00016179168632139695,0.00017727713373551224,3.509223461151123e-06,0.00017687840022249934,8.178534102283586e-05,0.00024321489036083221,5.681664351523882e-06,3.147863041593965e-05,1.3008713722229004e-05,4.574923879449577e-05,0.0006744268431003592,0.00022986717522144318,0.00027075504438127396,0.0004446690030763239,0.0005126819014549255,0.0005477762700244748,0.0005323269199104495,0.00038249045610427856
942,0.0003786026417363225,6.889199561873477e-05,3.018975257873535e-05,2.111156996109642e-06,9.221766957726377e-05,3.951322287321091e-05,3.0134133770322313e-05,8.07393272483697e-06,1.66185200214386e-05,0.0001155940841938291,3.83973454961134e-05,0.00018023839220404625,0.00025600914775482375,0.0005696740255915853,8.361786603927612e-05,9.582043177738808e-05,0.00017136512241357899,0.00032657012343406677
943,0.00047162186794599825,0.00010446526616623292,0.00015767663717269897,0.0003016112679157523,0.0001714395636789462,0.0002308487892150879,2.0700494338431533e-05,1.0003301735204929e-05,1.492723822593689e-05,0.0008149068666356424,0.00035592095837651966,0.00019858358427882195,0.0004794476252103219,0.0004117790708504255,0.00010964460670948029,0.0006182090953572306,0.00023760417253818056,0.0001976117491722107
944,0.00018716920180325558,4.644962162212579e-05,7.337145507335663e-05,0.0002018072638431262,1.6936858075605743e-05,4.844646900892258e-05,5.759179895111974e-06,5.801507630694147e-06,1.2189149856567383e-05,0.000227234742602625,0.0002573875460173333,9.51085239648819e-05,0.00019809416049648698,7.559113213551939e-05,0.0001518595963716507,0.00013506017418288274,5.683393133634404e-05,0.0002504643052816391
945,8.44904764167459e-05,4.44678127412973e-05,0.00027070939540863037,0.00017972285497448726,9.414554320878732e-05,0.0002672942355275154,8.091868856188386e-06,5.803367503746373e-06,1.9684433937072754e-05,0.000317662694636317,0.00021709973283504103,0.0001055118627846241,0.00046673523539263184,0.00010507449491185816,8.976459503173828e-05,0.00048755463600930193,0.0001818830264155996,0.0002972651273012161
946,0.0004263888032332436,0.0001773268680374182,0.00027034245431423187,0.00015490401724242708,0.00026537606144938844,0.0004151454195380211,3.740602788757791e-05,1.6317635857471995e-05,2.086535096168518e-05,0.00037028543358279264,0.00022615238578943542,0.00048311054706573486,0.0007358801247733943,0.00030315150243563453,0.00026013515889644623,0.00040283094087298355,0.00027486721584525295,0.00043485313653945923
947,1.076936002830653e-05,1.52814846281768e-05,0.00012213177978992462,2.6542319022687666e-05,0.00010692571622094096,5.8232806622982025e-05,1.424759982607618e-05,4.29281755355386e-06,2.7507543563842773e-05,4.948251659633862e-05,0.0003166049063886081,0.0002919253893196583,0.00014356479274303668,0.0001206766455529723,0.00036872178316116333,5.046033889150037e-05,8.340821298115017e-05,0.000696323812007904
948,1.2409723089773506e-05,7.544475697146905e-05,0.00017998367547988892,0.00067198167147281,0.00016630313968494376,0.0002259267494082451,1.1651814854202885e-05,1.7579294353286092e-05,2.991408109664917e-06,0.0006443965292893122,0.000515531153792409,2.285931259393692e-06,0.0007910088714326718,0.0003345967891463589,8.858554065227509e-05,0.00035415420146314713,0.000322428910626605,0.00023025646805763245
949,2.7934032105950135e-05,0.00017306951324732103,0.00012030266225337982,0.0002910781044267452,0.00010127148352759296,3.400538116693497e-05,3.2667371238949416e-06,1.1715318655552932e-05,2.7593225240707397e-05,0.00010996898133927568,0.0002210648094691653,0.0002617286518216133,3.4149579163200716e-05,0.000265466151838787,0.0003624074161052704,0.00015781152344740423,0.00023540942359583442,0.0005743112415075302
950,0.0001955552131872873,0.00022928487414962742,0.0003414880484342575,0.0002493227738379067,0.0001619781769242809,0.0003511141985654831,1.211028965881003e-06,1.0321388400638893e-05,4.0028244256973267e-05,0.0005162425710068669,0.00014954930767058922,0.0001543806865811348,0.0002460893979522871,0.00030004823456788315,0.00018787570297718048,0.00022699084409918968,0.00026223418171056334,0.0006354637444019318
951,0.00034094916902691064,0.00024867405765027426,6.126053631305695e-05,4.0124250816162e-05,0.00018294504300164424,1.488998532295227e-05,2.0843785530187328e-05,5.744131278192979e-06,3.866851329803467e-06,3.8540524626637374e-05,0.0005220776730007273,0.00013156281784176826,3.3558061243096904e-05,0.0002932567896245016,0.00017606839537620544,8.586691149312098e-05,0.00021525595797185562,0.00014275126159191132
952,0.00018838733825547738,7.46608106082236e-07,0.00032402388751506805,0.0006479807891535683,0.0001530579098649766,0.00016550347208976746,3.2445172135353584e-06,2.6594547979996242e-05,1.6827136278152466e-05,0.0002507014270342056,0.0006888027271993585,0.0002142544835805893,0.00011250402128872017,0.0011158052507632236,5.2558258175849915e-05,0.00042364596681448985,0.00030227575170133775,0.00011640973389148712
953,4.334147941570388e-06,0.0001891164838906667,3.046169877052307e-05,0.0002559001484520873,0.00019729514340370222,1.7144717276096344e-05,1.6196291875212807e-05,2.104569789448431e-06,5.457550287246704e-06,0.0002837241265193635,0.00029409486786992345,1.8380116671323776e-05,0.00015384905049098396,0.0002827971912126234,6.740912795066833e-05,0.00012444975068609532,6.19992295627092e-05,0.0001085139811038971
954,0.00014031675500061902,5.481687505243249e-05,0.0001921374350786209,4.1990418142123787e-05,7.148531140572373e-05,0.00011252425611019135,1.3560625158124187e-05,2.0894812018457717e-05,2.440810203552246e-05,0.00041153734258686514,0.0006118648870047441,0.0002805441617965698,0.00024471615672873315,0.0002805026690179957,0.00039469264447689056,0.0002032604719962583,0.0003333639142471048,0.0004213079810142517
955,0.0006377741960275768,0.00010963456110468436,0.00017466209828853607,0.0004498611970689126,0.0003106927631808913,0.0003548627719283104,2.384058877646228e-05,3.140726787315769e-05,7.603317499160767e-06,0.0010690097665937287,0.0005805337596738597,8.343346416950226e-05,0.0007492207684765273,0.00035622540430995005,0.0001732315868139267,0.0006965865746417776,0.00041981950308813895,0.00041473284363746643
956,0.0007929881950196616,4.7936481162202255e-05,0.0002131890505552292,0.0009839512669105738,1.5993386699064e-05,0.0001279544085264206,6.934106105393328e-05,8.39561283320152e-06,2.183765172958374e-05,0.001191408951794884,1.8384750943720163e-05,0.0003409702330827713,0.0010232956063395554,0.0003719694652228947,0.0004348289221525192,0.0005505078888398962,0.00022075870851921003,0.0008265078067779541
957,0.0002072412755855929,4.9210255428262795e-05,0.00012533552944660187,0.00014697756182749377,3.962766471770837e-05,0.00011204462498426437,1.0420858070679315e-05,4.7808741456612566e-06,3.91155481338501e-07,0.0003374503573896487,0.00014032945288019322,3.934232518076897e-05,0.0002088655666502015,3.501642562454485e-05,2.5097280740737915e-05,2.6455090625071565e-05,4.213744638604036e-05,0.0001779850572347641
958,0.00013133536728320017,4.9285252639239e-06,0.00020504556596279144,0.0002512807082726415,0.00014526461731925733,0.00022154022008180618,4.896051891761441e-05,5.429826957094753e-06,2.4009495973587036e-05,0.00018170728024501093,0.0001036349718148491,0.00038747210055589676,0.00015780827272267317,0.00013612043458506584,0.00037718378007411957,0.00011450876855143011,0.00010493512888371664,0.0005241371691226959
959,0.00026226098844163437,3.625938367161907e-07,1.3502314686775208e-05,5.454782268478342e-05,0.00012644835176464642,5.4545700550079346e-05,1.4179073320944383e-05,1.0401482962855198e-05,1.0654330253601074e-05,5.843607664356154e-05,0.0002293367950915448,2.753082662820816e-05,6.449532329182162e-05,0.0001814061340374741,4.2067840695381165e-05,0.00032092619282336754,0.00011072753962383317,2.008862793445587e-05
960,0.0003543486900833004,0.00015261445871000978,0.0002740323543548584,0.0002869717408199718,9.578875825999936e-05,0.00036251917481422424,3.32694623938843e-05,9.387134113311192e-07,6.42240047454834e-06,8.89453615342678e-05,0.0003976685653861098,1.4191493391990662e-05,0.00020086697096750872,1.780731937939782e-05,8.499808609485626e-05,0.0002591204245115386,6.8955679154818206e-06,2.5872141122817993e-05
961,0.0004977262712815567,0.00012535766196857673,0.00027418695390224457,0.0005900116105265613,8.286439119564379e-05,0.00029176007956266403,1.2070457503659399e-05,1.1219586221014469e-05,2.4624168872833252e-05,0.0006022483447134103,3.7477278995654006e-06,0.0002925959415733814,0.000558065964865892,0.0006860211780460382,0.0002392735332250595,2.9959430465215098e-05,0.00021011960766385493,0.00045356713235378265
962,9.51628417714262e-05,0.00028959057229823934,0.0002254527062177658,0.00015441760214300604,0.00010324646010028207,0.00020686164498329163,4.627337912036823e-05,3.09257186393826e-06,1.3612210750579834e-05,0.0003597842008895291,0.00012419916021515903,0.00014205556362867355,7.863067792490686e-05,0.0005461940338859373,0.00014539994299411774,5.306711790134533e-05,0.00017486176355248004,0.0005017835646867752
963,0.00042182920307305694,8.156223717864161e-05,0.0002686716616153717,0.0007384576270857285,8.090591293889726e-05,0.00026545673608779907,3.873637764608209e-05,1.0124274473090333e-05,1.722201704978943e-05,7.933128716598736e-05,0.0003825011930182545,0.00018452433869242668,0.0003287121715927349,0.00010200927008090221,0.00020824000239372253,0.0003661536029575252,0.0002799205509730375,0.0003994535654783249
964,0.0007559492625039965,0.0001099887021245756,0.0004826672375202179,0.00036127709415591236,0.0001470498151273196,0.0005079684779047966,5.3939492906834516e-05,8.540379906624412e-06,5.075708031654358e-05,0.001105710751619346,0.0003436761542644426,0.0004675700329244137,0.0008333658211278766,0.00017569676397895077,0.00042880140244960785,0.0006447822935195247,0.00015224865024192694,0.0008428040891885757
965,4.596120884733934e-05,7.2154000775072336e-06,0.000314345583319664,0.0001570746739533585,3.229073487111961e-05,0.0003331182524561882,1.9425289153354036e-05,4.1577604810048505e-07,1.749396324157715e-05,0.0001404141533011688,0.00021926866660964411,7.357820868492126e-05,0.000352763073837456,0.000227983995491959,6.667710840702057e-05,0.0004380935915086759,8.75571199419889e-06,0.000146498903632164
966,0.00028949302175226843,0.00018002132811553023,0.00018664821982383728,0.00026635506552527555,0.0002386380682496414,0.00035406555980443954,3.126861831921797e-05,2.2162370679867276e-05,2.5305896997451782e-05,0.00032146393050012934,9.285543183697176e-06,0.00017136754468083382,0.00042256584087933813,0.0002553702226463315,3.5872682929039e-05,0.0001803988801765688,0.0003191274957015412,0.0002797413617372513
967,0.0004023724868661288,0.000341099933696961,0.000476030632853508,0.0003711485026407363,0.0003684979153223966,0.0005878722295165062,7.3657965636598e-05,1.857005662327842e-05,3.8214027881622314e-05,0.0005900617908112804,4.448521311491149e-05,0.00029214099049568176,0.0004685911352659694,0.00020798185975451182,0.0001314263790845871,0.0006712633441778304,0.00041246261147944926,0.0004726927727460861
968,2.5049633566254226e-05,8.461049794017753e-05,5.862675607204437e-05,0.00024785763919671355,0.00012686506792344496,5.257129669189453e-05,4.466198077269709e-06,1.030667584651316e-05,3.356859087944031e-05,0.00029774536256454986,6.7195598598968065e-06,0.0003390130586922169,5.376295261851072e-05,0.0002941268863934938,0.00037075765430927277,0.0002236782814468985,0.0002110092717287522,0.0004703886806964874
969,0.00018065129050549855,5.935435046454385e-05,4.716217517852783e-06,0.00026566728663640626,6.259391961293756e-05,2.287793904542923e-05,1.644059592258336e-05,1.5154181701847874e-06,2.9578804969787598e-06,0.0002707776272076884,8.924064233915147e-05,3.091571852564812e-05,0.00029641231148995473,0.00013067270124470821,2.569146454334259e-05,6.91266662716239e-05,3.244363904181605e-05,0.00019453838467597961
970,0.00022466584491455388,7.35658466668801e-05,6.91879540681839e-05,1.4218839941279593e-05,0.00017322720844958547,0.00015808828175067902,5.267410214700521e-06,1.1106109860955712e-05,2.092123031616211e-05,0.00012485915326261587,0.0001724496201647857,0.00032866327092051506,0.0004028231293297796,0.00014498012977935334,0.00019147805869579315,0.00023422502043632387,0.00019847850816028662,0.00030301883816719055
971,7.993828838888384e-05,4.2449182544573166e-05,0.00016232207417488098,0.00017488115447926444,0.00014246103210854844,0.00017171166837215424,1.879952475835646e-05,8.03251210394762e-06,1.0460615158081055e-05,0.0002232753656939146,0.00024054167859818842,0.0002113906666636467,0.00017673798297489218,0.00026614755920127166,0.0001847967505455017,1.9419813523630092e-05,0.00020616816973155483,0.00014658458530902863
972,0.00022473081918367166,3.4605468209863294e-05,6.185844540596008e-05,0.00011987623671295966,6.43683853868253e-05,9.194295853376389e-05,9.109314013516778e-06,1.6346010314849217e-06,2.6810914278030396e-05,0.00010096215667589059,3.9314602570970913e-05,0.00045622512698173523,3.4073213120169865e-05,0.00047521111264341685,0.000392155721783638,0.00038890712991554444,7.62137750220035e-05,0.0005262326449155807
973,5.9130219756023394e-05,7.919456704588712e-05,2.232380211353302e-05,0.0002149907639370091,0.00014917625996543546,3.899168223142624e-05,1.975833424480017e-06,7.403426365065226e-06,2.3487955331802368e-05,0.00024891550413276564,0.0004833310480525238,0.00034370599314570427,0.0003711364532322653,1.3230854364812764e-05,0.0002553500235080719,0.00046582431028147075,8.88111615991137e-05,0.0004428848624229431
974,6.537002202322562e-05,5.339798599569151e-05,0.00021209195256233215,0.0001316120927773029,1.267397196197742e-05,0.00025124475359916687,2.687866989850747e-05,2.166293147909653e-06,3.4574419260025024e-05,0.00036619316924538237,0.0001551819218122627,0.00039905915036797523,0.0003726132205611743,0.0004997159653969737,0.0003696996718645096,0.0005276563929677847,2.9012067580571482e-05,0.0005862712860107422
975,0.0001747517182828645,3.977227939221464e-05,2.2009015083312988e-05,0.00011217893836192039,8.302931091569432e-05,6.255041807889938e-05,2.535561049230202e-05,5.098634140058428e-06,1.3634562492370605e-06,0.00029330170837331415,0.00029351325058660227,0.00010143686085939407,0.00030435355874985914,3.8586373847245004e-05,0.00015319325029850006,4.8017259999894035e-05,4.325621974128613e-05,0.00012299790978431702
976,0.0005370152870121797,0.00024313259247612726,0.00020151026546955109,0.0010147545715874784,0.00015214251273046667,8.488073945045471e-06,3.5698349031540455e-05,1.406986865779415e-05,1.932680606842041e-05,1.2107064002203627e-05,0.0002739749535965383,5.5009499192237854e-05,0.00021353743475725773,0.00017041092714289129,0.00035119056701660156,5.075649132690874e-05,0.0001655912371096406,0.0003667473793029785
977,0.0005133490174441258,0.00010051104441303679,0.0001342426985502243,0.0005051865542207573,0.00019164281301375236,0.00018658675253391266,5.4034821815983e-05,2.5682836978623957e-06,1.0907649993896484e-05,0.0005375651344668442,0.0002575189700471589,0.00011913571506738663,0.0004432233366891136,7.735516009195476e-05,0.000141805037856102,0.0003163756525718653,0.00019765377109372262,0.0004901066422462463
978,0.0004279939827947915,7.869543428409495e-05,0.00014909356832504272,0.0004336939866086409,0.00018878156494533602,0.0002201152965426445,2.2239567901840424e-05,4.804263963852258e-06,7.1749091148376465e-06,0.00047186703532249574,0.00020412655204798263,0.00015572132542729378,0.000559429015918822,6.231786280740809e-06,0.00011183507740497589,0.00045294322887709515,0.00018508580448590994,0.00015181675553321838
979,0.0004400568923462467,8.941599889593713e-05,0.00011060014367103577,0.0005256358540478567,2.3818944022063748e-05,3.6036595702171326e-05,1.3395926305150019e-05,5.576837053406598e-06,3.1739473342895508e-06,9.961284704937401e-05,0.00019541283738163523,5.821092054247856e-05,0.0004547360415560475,0.0001882534626796769,0.00017609074711799622,0.00019810013630572332,1.3484049975580337e-06,2.0734965801239014e-05
980,1.7677922265049717e-05,2.4270775794671406e-05,0.0001656562089920044,0.00044915154350448627,2.0982477066597283e-06,0.00010439567267894745,2.5377647605309694e-05,1.6755354157664375e-07,2.78279185295105e-06,0.00019673422424232312,8.02052557435512e-05,4.605622962117195e-05,5.9103618159486726e-05,8.547579619337664e-05,4.194676876068115e-06,0.0004129625125021408,7.336212041745074e-05,0.00012625940144062042
981,0.00016779781736167565,0.00018157747525888654,9.129568934440613e-05,0.0005232891240696952,0.00018780990358750055,0.0002880683168768883,3.9276296831688984e-05,1.176742215552775e-05,3.94769012928009e-05,0.00012447064440378186,0.0003343362706545866,0.0003785211592912674,0.00012944275126974825,0.00016925614442710006,0.000103021040558815,0.0005382548208488214,0.00017312811688822982,0.0007180161774158478
982,0.00038553665972285156,9.883717493838762e-05,0.0001867450773715973,1.2462133065008207e-05,0.00018959359440928053,0.0003308132290840149,1.9262545790516006e-06,2.2353180968901236e-05,4.4673681259155273e-05,0.00017814993931941636,0.00026559584830460753,0.00023051677271723747,0.0005040594569680201,0.0003616958545000822,9.954161942005157e-05,5.4071654910503586e-05,0.0002174191022704247,0.0007363595068454742
983,0.000258246749602023,1.2007395394572629e-05,0.00015092641115188599,1.802458319095923e-05,0.00020708033617419103,0.00011279899626970291,8.434880034010293e-05,7.249353442395764e-06,3.195181488990784e-05,0.00013130730158282533,0.0003111118822150469,0.00014798995107412338,0.0001461522528685838,0.000326202294954751,0.00019232183694839478,0.0001117168573079863,0.0002212103949004833,0.0007894299924373627
984,0.00023405776237153675,2.6596267338203916e-05,6.630271673202515e-05,0.00019210638285319104,8.301080289564375e-05,0.00011266861110925674,9.295328588501336e-06,9.536303723374452e-06,2.3540109395980835e-05,0.0005230580381689054,6.647722733889305e-05,0.0003619203343987465,0.0004904857009307567,0.00018355432297692022,0.00031040050089359283,0.00017180449566456257,0.0002568828005978449,0.00028396397829055786
985,0.00042101073503697517,1.8938745101369087e-05,2.8362497687339783e-05,0.00022534803893084487,0.00019504096569953472,0.00011117756366729736,4.3935882587069555e-05,2.7859583458401255e-06,1.7162412405014038e-05,5.760905265944638e-05,0.00048318695028116976,0.00041629141196608543,0.0002482851042536621,0.00019616716512067117,0.0002950914204120636,7.40838625168383e-08,3.836491493066849e-05,0.0005303211510181427
986,2.518879985263789e-05,4.611489070504432e-05,0.00020936690270900726,0.00018908456495747572,7.882163781013085e-05,0.00015685148537158966,3.6540700531755704e-05,5.706630113909905e-06,2.8293579816818237e-05,0.00014891153990956307,0.00026688426514254876,0.0004884838126599789,6.502987328890764e-06,0.00039899530666571287,0.0005628280341625214,1.79666914305876e-05,0.00016972593907019218,0.0007619801908731461
987,0.0004286505759412834,4.936027183756464e-05,0.0001102108508348465,0.0002801128794357871,0.00011116978014653542,5.333591252565384e-05,1.0378526180526357e-05,3.850631981155029e-06,2.5600194931030273e-05,0.00013843584257983155,0.0003631020103966251,0.000501902773976326,0.00010794270543042217,0.00019890435580487836,0.0005790740251541138,0.00025606115947224284,6.869510658263911e-05,0.0006220266222953796
988,0.00011671033536297948,9.936563646648772e-06,0.00018578022718429565,5.1200049077798626e-05,0.00010809510242201434,0.00010035745799541473,1.5167196403669328e-05,8.707869859002479e-06,8.624047040939331e-06,0.00020327844817058516,0.00020864571004618887,7.227156311273575e-05,3.1460699539909154e-05,0.0003610530241174338,2.133101224899292e-05,0.00012688839255411977,0.00019947797182283053,0.00010291673243045807
989,0.0002963439719453481,6.66145752749904e-05,2.1841377019882202e-05,0.00035344540302706395,0.00013194328116259563,7.807929068803787e-05,1.2375404729992809e-05,1.594281773532923e-05,3.1329691410064697e-06,0.0001919362406642977,0.00018471405796953444,1.9898172467947006e-05,0.0004256042014517958,0.00021007432417088912,0.00010408274829387665,0.00021460930408020995,0.0003651872669453507,0.0001217518001794815
990,0.00025209522419381014,8.887976468048217e-05,0.00021291710436344147,9.112314561438017e-06,0.00018841487160925485,6.239674985408783e-05,4.226451358118645e-05,1.4813685557860286e-05,1.73225998878479e-06,0.00021459794786572728,0.0002135147819752395,0.0001289891079068184,0.00018270226852878935,0.00017164070119920702,5.260482430458069e-05,7.781724642394461e-05,0.0002002618999062955,0.00017708167433738708
991,7.452873425146944e-05,0.00014745160133217833,9.86102968454361e-05,0.0005106421926791699,5.417500746334597e-05,0.00012996699661016464,4.207934389358417e-06,6.227088892894273e-06,1.315772533416748e-05,0.0002870876464934058,0.0002591816520090412,0.00020460458472371101,0.0003344643913618245,0.00025523129679596093,0.00016362592577934265,0.000485024901579062,6.342326148530558e-05,0.00016686879098415375
992,0.00025294782685640615,0.0001947188901864072,0.0004350263625383377,0.00012682248102081906,0.00031376104966558335,0.00028020236641168594,1.5443730166521397e-05,1.1004546156395938e-05,5.773082375526428e-05,0.0004484793425142686,0.0005713575819762881,0.0005725827068090439,0.0006050016633719346,0.0003803921096735708,0.0007645674049854279,0.00042842795338413064,0.00015258126505313455,0.0008052568882703781
993,0.0001959009945918383,0.00016301457485635648,7.539242506027222e-05,0.00019901764410702738,7.681363156497242e-05,0.00017182156443595886,2.2372827318635144e-05,7.412737693261555e-06,2.499297261238098e-05,5.0274672743252924e-05,0.00018377440100400544,0.00035984814167022705,9.536118610813105e-05,0.0002103219926566386,0.00022682547569274902,0.0004090410410036993,0.0001065854206884348,0.0003130529075860977
994,8.243214229149143e-05,0.00013944815054501777,0.00014715269207954407,0.0001419975605357754,0.00015183742751676346,5.119107663631439e-05,2.2499115731907174e-05,6.566098925107856e-06,1.1309981346130371e-05,1.933763147084211e-05,0.00028744616095197767,0.0003339010290801525,0.0002732397714274304,0.00026834643231761837,0.0005875192582607269,0.0002959204295694684,0.0001143720710772636,0.0006005484610795975
995,0.0002512488478179503,9.353381333612742e-05,0.00028447993099689484,0.00017207900063806458,3.757190936896915e-05,0.0003429921343922615,3.309625269123234e-05,1.5857913314629418e-06,3.246963024139404e-05,0.0006977670213367815,0.00019355145751472763,9.033223614096642e-05,0.0003203996802893794,0.00027777420742813516,0.0001689903438091278,0.00048309308269628426,5.2245541037155424e-05,0.00027359649538993835
996,0.0004279975261348157,8.66972977735525e-05,0.0002041943371295929,0.0001943090802190156,0.00016558156161518636,0.00018814019858837128,4.010525459860123e-06,1.130099744004083e-05,2.0153820514678955e-06,0.0005623606530211628,4.804411579029111e-05,0.00023207766935229301,0.0004522247922323641,0.0006272992652137724,0.00018416717648506165,0.00018662942081393297,0.00016538304329547643,0.0001306980848312378
997,6.0169394154471756e-05,3.0688065374588624e-05,0.00015809573233127594,1.0555770251774454e-05,0.0002451375010647412,0.00011499226093292236,5.101523691888876e-06,8.763408364364416e-06,1.3750046491622925e-05,0.00015951545738661366,0.0002050068606740188,0.00034110434353351593,0.00018977785669573033,0.00045163700927434644,0.00028153136372566223,0.00028674229109354465,7.05442982072528e-05,0.00035633519291877747
998,2.5181301187546246e-05,0.0001112785107760389,0.00010120123624801636,0.00034697932450532265,8.180782614089846e-05,0.00014169048517942429,3.811679777931433e-05,1.6576015004451158e-06,8.627772331237793e-06,0.00016947433188450878,0.00019325995800348328,0.00029249023646116257,0.00024950236213946986,6.801669526710838e-05,0.00019718147814273834,0.0001761507917169558,4.488654854880453e-05,0.00044690631330013275
999,0.0001295436078464357,0.0001965933145374743,7.256492972373962e-05,9.97036503576354e-06,0.00012684023321050258,0.0001233033835887909,1.549195799175132e-05,1.5123004232493829e-05,6.444752216339111e-06,1.4005310472992027e-05,0.000405320268642366,0.00013185665011405945,0.0002780475346948891,3.263619285766295e-05,0.0001843813806772232,8.171346391824819e-05,0.0003192745872376418,0.00023395195603370667
1000,0.0002258271832289993,0.00015557989234768477,7.578916847705841e-05,0.0003395896421010125,0.0002461572007681559,0.00011964142322540283,5.1845129091898645e-05,8.894748109217329e-06,1.4204531908035278e-05,0.0001439521557685397,0.00027403348706779573,0.00047507742419838905,0.00021547195468328562,0.00019276772987885174,0.00016712956130504608,4.814591939997226e-05,7.497176307628972e-05,0.00031358934938907623
1001,0.0006169674627667932,5.5697140136413276e-05,3.3173710107803345e-05,0.00010039443895611122,0.0003024429666886076,1.3675540685653687e-05,1.7560427248096075e-05,4.358482831713726e-07,4.631653428077698e-05,6.549486049878261e-05,0.0007232971797070942,0.0005418318323791027,1.9501213594688704e-05,0.00024974563434428804,0.0005502495914697647,0.0001954431900950404,3.414531676946761e-05,0.0008690934628248215
1002,7.03770377104701e-05,5.1749631351759307e-05,0.00014379806816577911,0.00017441597616595084,1.303239554179339e-05,0.00026318617165088654,2.8765493826672303e-05,2.8446562528725754e-05,1.5869736671447754e-06,6.136674699257216e-05,0.00040855101089150997,0.00014343485236167908,0.000180615513715357,0.0004403836722136692,1.957640051841736e-06,4.6341110045061695e-05,0.0003977653363581232,3.227032721042633e-05
1003,0.0006857177906018225,6.0760330995723866e-06,9.148009121417999e-05,0.0008427789633389526,2.7782993123351418e-05,0.00016575027257204056,6.0439148843165896e-05,3.495881423123785e-08,8.869916200637817e-06,0.00018842943180726046,0.0004046370614327957,0.00014326535165309906,0.0005278587534349455,0.0006801302967193029,0.00024354085326194763,0.0009034652657162467,5.084091874291846e-06,0.0002909824252128601
1004,3.606445709027073e-05,0.0001491625670457207,6.871484220027924e-05,9.122739207924335e-05,0.00029341595512755517,8.494127541780472e-05,7.691012658654281e-06,2.098853636089623e-06,1.3403594493865967e-05,0.0001303174697963455,0.0003183334555234771,0.00012198230251669884,0.00015244169708207578,0.00020367888912258166,0.00016156025230884552,0.00021663901003776687,0.0001267018256586802,0.0002553388476371765
1005,2.875078352430893e-05,0.00012136062253298788,9.803473949432373e-05,0.00013761747703978922,6.923120381223391e-05,0.0001235920935869217,4.330020432104231e-06,8.57777474063369e-06,5.97536563873291e-06,0.00020893896083318264,0.0002130030926500992,7.816869765520096e-05,3.693084424517823e-05,0.000142132759470592,2.1783635020256042e-05,0.00019817836364760533,0.00013365581835350984,0.00013180077075958252
1006,0.00023096059762604815,0.00014871098553755763,0.0001156385987997055,0.00015471359103434723,5.1362169313722006e-05,6.347056478261948e-05,7.256706916827782e-07,2.9210691741960153e-06,1.0404735803604126e-05,7.065560544092242e-05,0.0003648861676205928,0.00011392123997211456,0.0002269366299943315,6.652816600145536e-05,5.300343036651611e-05,0.00031064611963116384,2.810100980723748e-05,0.0001119803637266159
1007,8.776491554354782e-05,9.957263837390845e-06,0.0002668667584657669,6.479827606500899e-06,7.5522188669775725e-06,0.00027410872280597687,4.356843735175628e-05,1.48793960723188e-05,2.337247133255005e-05,0.00028089039390548354,0.00011690310761901246,0.00032336311414837837,3.73042334728263e-05,0.0002846802434868772,0.0003091469407081604,0.00011421248418683194,0.00030699373616832615,0.0002850368618965149
1008,0.0004973983558594769,1.7047107343487466e-05,6.748922169208527e-05,0.0004057852888691843,1.7487563290775193e-05,6.424542516469955e-05,3.1549023842699156e-05,1.0366820661455176e-05,2.026185393333435e-05,0.0003780809472022223,0.0001663847288296133,4.184199497103691e-05,0.0002561343528972304,0.00019616566666204142,3.478303551673889e-05,0.000896500832933661,0.00017541505687570028,0.00016165152192115784
1009,0.00010910845800053692,8.389573863150368e-05,3.962591290473938e-05,7.75181418918025e-05,2.1545889750382297e-05,4.6601518988609314e-05,5.246874389259332e-06,2.5286521532280268e-06,2.380460500717163e-05,0.00020902001219982869,0.0008450312982090577,0.00036624958738684654,7.69909897138793e-05,9.69013288727033e-06,0.00036159344017505646,2.2390501785291006e-05,4.341815346989297e-06,0.00013971514999866486
1010,7.52236550342067e-05,4.090105390836679e-05,9.94652509689331e-07,0.00010532318870189183,0.00019656843035307375,3.69977205991745e-05,5.511006167514126e-06,4.439100300883663e-06,1.8984079360961914e-05,0.0003083093124471581,0.0003040948125546186,0.00026540085673332214,0.00022658988890568443,5.987169882203276e-05,0.0002139601856470108,0.000392691719588778,7.801648688078588e-05,0.00034447014331817627
1011,0.00027589109139641854,9.546648046206488e-05,9.676255285739899e-05,0.000342045052466905,0.00014799610741939376,9.179767221212387e-05,7.80727388175785e-06,2.7890312383220452e-06,1.8671154975891113e-05,0.00011939470984871636,0.00010059981106873284,8.724909275770187e-05,0.0004971010019578642,0.00014332409587772613,8.72202217578888e-05,0.00019450086016761792,3.618668650908624e-05,0.0004549529403448105
1012,0.00017615789235808643,4.328803737322848e-05,0.00012606941163539886,0.0003190662689982193,8.38739212689274e-05,0.00018446054309606552,2.9432260521163045e-05,1.9475502292265858e-05,1.1477619409561157e-05,0.0001625274890549866,0.00043965793226893174,6.646290421485901e-05,1.0017922080718389e-05,0.0003701598550724123,3.339163959026337e-05,2.6333035609782396e-05,0.0003386572359042675,0.00015399977564811707
1013,0.00013731799466414063,7.219329298574495e-05,0.00022130273282527924,0.00010750244972572431,5.149158271891552e-06,0.00027362722903490067,2.3042286238946635e-05,1.344697649554986e-05,2.234429121017456e-05,7.287034419710403e-05,0.0003435152444592818,1.3348646461963654e-05,2.255215912876085e-05,0.0001426238875929728,6.295926868915558e-05,5.1497658957594394e-05,0.00017837378229183104,0.00025762245059013367
1014,0.00017044571467243752,6.0317416263708235e-05,0.00014013424515724182,3.2480404864421164e-05,4.664905515235074e-05,0.0002988232299685478,2.836909879292207e-05,1.2732754032273143e-05,5.401670932769775e-07,0.0004292914611786075,0.0005820926011426905,0.00012044701725244522,0.0002030770971795659,8.372608689723171e-06,0.00036218948662281036,0.0004134895699109964,0.00020510629799716865,7.231160998344421e-05
1015,0.0004998833349222909,7.870239054253228e-05,5.774758756160736e-05,0.00022388741439616222,4.1627414403794943e-05,0.00011574011296033859,2.38640506973805e-05,3.8089683556360217e-06,5.62518835067749e-06,0.00038543087322943925,0.00019154639651818017,4.848698154091835e-05,0.0003976782328120043,0.0003680360997311682,0.00016204454004764557,0.0006543120394567337,5.526780648835647e-05,8.529610931873322e-05
1016,0.0002445555765510088,0.00010098910776121586,0.000234140083193779,0.0004245310399097896,8.663443274721516e-06,0.0003537368029356003,1.6505622873872264e-05,1.2973815111346149e-05,1.8186867237091064e-05,0.00039289113986984425,0.00015531340581932673,0.0001765834167599678,0.0005869161147288582,0.00010345116324403554,4.9484893679618835e-05,0.00038637781502259827,0.00022717410582218794,0.0003131646662950516
1017,0.0004806066105633583,6.853492661970662e-05,0.00019250251352787018,0.00015802279031935929,2.419431074464351e-06,0.00016016513109207153,3.9761215831915844e-05,1.1239715473167818e-06,3.5762786865234375e-07,0.0001617915155750771,0.0002913966083472608,0.00022169016301631927,0.00032390387609583515,1.532780435534349e-05,0.0001857168972492218,0.00026126240506754717,1.1174728541112067e-05,5.530007183551788e-05
1018,9.663448010061026e-05,5.8097509363880945e-05,0.00012001022696495056,5.198909231561577e-05,4.1059434460130606e-05,0.00010409299284219742,3.528880233173194e-05,5.161636573265075e-06,1.4688819646835327e-05,0.00011911695363821251,3.3943398320274154e-06,0.00020406395196914673,6.352356366132184e-05,0.00024156100344044536,0.00020647048950195312,0.0002361631731637448,8.410161350377171e-05,7.236562669277191e-05
1019,0.0002987885421251446,4.721042075432613e-06,6.290897727012634e-05,8.933338965552706e-06,1.8696789303249833e-05,7.075536996126175e-05,3.12223630507414e-05,1.673174612218777e-06,3.0919909477233887e-06,4.530141550566913e-05,0.00022782673663933328,0.0001302775926887989,0.00010079476537362686,8.120383776080708e-05,0.00012164749205112457,0.0002403179763918184,3.955054052831933e-05,0.0001586172729730606
1020,0.00021261907082806286,8.717948408229828e-05,4.659593105316162e-05,0.00011753924352558842,5.7440600583540113e-05,1.701153814792633e-05,1.2481515149828995e-05,1.5781580928403774e-06,1.017749309539795e-05,0.00048126120473387934,0.00011585755466956421,8.753500878810883e-06,7.626598559737352e-05,2.4772554916127967e-05,4.439800977706909e-05,0.00039859124675536983,1.048346217670873e-05,6.104074418544769e-05
1021,0.0004600857752484755,2.2466176993588688e-05,7.520616054534912e-05,0.0006968019487997024,0.00010474369624694294,9.094085544347763e-05,9.946981879312491e-06,4.972622126825973e-06,1.2334436178207397e-05,0.00037343995773692074,6.561353494984046e-05,1.876475289463997e-05,0.0006118975322330494,7.126614229458275e-05,2.7941539883613586e-05,0.0002714187618073627,0.0001780336452633785,3.7923455238342285e-05
1022,0.00013672907854081484,6.499259400535862e-06,0.00014761090278625488,0.0002529296112591256,2.809044471478034e-06,0.00018098950386047363,8.484579453318236e-06,5.596125132336207e-06,2.168118953704834e-06,0.0003143851501157813,0.00027129882504935837,3.291573375463486e-05,0.0003314064991811194,7.139867059985025e-05,5.715712904930115e-05,0.0001276108279847643,0.00016276367811131343,0.00011030584573745728
1023,0.00010513631043194971,1.926292186956932e-05,5.007162690162659e-05,0.00010261388845385355,7.863637562691844e-05,0.00011661648750305176,1.1903937019891106e-05,7.1712046771674025e-06,2.9005110263824463e-05,4.00326884113511e-05,0.00024956338619823437,0.00045519787818193436,2.671755290326039e-06,0.00029894641401076276,0.00037517957389354706,0.0002634342163767289,6.530239372493779e-05,0.0005846936255693436
1024,0.0001637902026234428,5.009200156663035e-05,0.00013795681297779083,2.530864037253444e-05,6.698494466488708e-05,0.00041460245847702026,1.5774718945454902e-05,3.0366421484232485e-05,1.5262514352798462e-05,5.253497465995682e-06,0.00041190704339030826,0.0002847719006240368,0.0002570655375984804,0.00013068708348759096,9.408965706825256e-05,8.020730863142478e-05,0.0004747944089263448,0.00014896690845489502
1025,0.00030590213483314144,9.254587244282575e-05,0.00010512396693229675,0.0002474852734284799,0.0001389967135379533,6.565451622009277e-05,1.582820848637298e-05,1.585565523192379e-05,4.395842552185059e-06,0.0004772433713071539,4.5699696118901845e-05,0.00010243896394968033,0.000436359632177058,0.00021756456740050327,0.00017859414219856262,0.00041553049380638196,0.0003485567061620905,0.00032831355929374695
1026,0.0003409184855754921,6.214794394075046e-05,0.00013753585517406464,0.00016718623268331678,4.512381609566435e-05,2.0442530512809753e-06,9.970709964078617e-06,1.7262751729192225e-05,2.164393663406372e-05,0.0007445428789561587,7.020457225274251e-05,0.00010625552386045456,0.00046718223402018866,4.816536900241128e-05,0.0003007408231496811,0.0003550457667129969,0.00031917673093337373,0.0003751758486032486
1027,0.0003158465208010358,6.540031148256908e-05,4.958920180797577e-05,0.00018566607936389146,3.2616274252487976e-05,1.630745828151703e-05,1.7812261017482664e-05,3.111206691914104e-06,4.809349775314331e-06,0.0005140981999449679,0.00016123113050837273,7.682712748646736e-05,0.0004604435155942388,5.2551365737459055e-05,0.00010207295417785645,0.00011571241318103498,6.025187877765209e-06,0.00021008960902690887
1028,0.00023660220715651659,0.00019295656662335348,0.00020391494035720825,0.0005093544074066952,0.00011361401271552454,0.00019746366888284683,1.6289071550186843e-05,2.464023470683061e-06,2.25752592086792e-05,0.00034312186793018784,5.838769396895177e-05,0.00017637759447097778,0.000393148384198197,0.00022214961128203675,0.0002089422196149826,0.00014842401591280696,2.5748156137359035e-05,0.0003372803330421448
1029,0.0002745732644452714,5.2045101094262e-05,0.0001959577202796936,7.86233406312592e-05,1.301147740563266e-05,0.0002455739304423332,7.181896276515012e-06,3.347675354203666e-06,7.934868335723877e-06,0.0002930312576779198,0.00017006647313363987,0.00014401180669665337,9.925564965904132e-05,0.000175058411024602,3.3546239137649536e-05,9.772439425967394e-05,3.368149208865176e-05,0.00014047883450984955
1030,0.0013497669295700482,0.00012542645858674983,0.0001717880368232727,0.0013709822339465355,0.0007689178441363693,0.0001600431278347969,0.0001003856159154503,1.2678588330012003e-05,2.3934990167617798e-05,0.00040157462015030787,4.104064853287237e-06,0.00046549318358302116,7.970455622566264e-05,6.132946151517216e-05,0.0004338100552558899,0.0003868483103924847,0.00021238285411098734,0.0006282348185777664
1031,0.0007767559272272573,1.431862080049709e-05,0.0008576586842536926,0.0006993014805021375,0.00011090309142307297,0.0008733635768294334,0.0001785964283435304,2.8453813089460243e-06,8.730217814445496e-05,8.322871256014053e-05,6.0553164056065256e-05,0.0005999188870191574,6.794740517403197e-05,0.00032071924737760507,0.0005707750096917152,0.0003642188425846127,6.207968540433359e-05,0.001267092302441597
1032,0.0004939677897177336,0.00014034043759048737,0.00020336546003818512,0.0007822697588907718,0.00026883014291801885,5.5149197578430176e-05,0.00011050363968877729,3.0207333914771244e-05,1.296401023864746e-06,0.0006602193828205982,0.001377638879928901,7.600756362080574e-05,0.00045885121766764403,0.00015851057418782635,0.0004532104358077049,0.0005153959731714619,0.0005368660714227952,0.0001046694815158844
1033,0.00033041131276542735,5.605848526431603e-05,0.0003815907984972,1.4022903099500383e-05,6.129094326225507e-05,0.0006494112312793732,3.134831162319822e-05,2.4183846701917667e-05,4.708766937255859e-06,0.0003076326072979918,0.0003437760408499732,2.6281923055648804e-06,0.0004162716108958575,0.00014682566125510943,0.0003778543323278427,0.0001894897721767541,0.000526042130341877,0.00032144784927368164
1034,0.00013861899687611645,3.3028036390481824e-05,0.00012608058750629425,0.0003748863572950317,2.515710018725567e-05,0.00014232192188501358,9.173028161460484e-06,2.8215724919272017e-09,2.0731240510940552e-05,0.0002197576550786451,1.2749147514333481e-05,0.0001130690798163414,0.00014157969507369583,0.0001971401027557121,0.00012842565774917603,0.00019022734122112195,1.0624905344116392e-05,0.0002488046884536743
1035,0.00013243936538683,0.0001744571099182371,0.00013273023068904877,0.00016694020415609911,7.907146781318056e-05,3.307219594717026e-05,2.060717115070533e-05,5.029396889359413e-06,1.4096498489379883e-05,0.0004480609240559569,0.000262568560924277,0.00011201808229088783,0.00045547769568303476,5.7967341928404775e-05,0.000200735405087471,0.00021860549322416656,6.54589936627363e-05,0.00034578703343868256
1036,3.5177281648535175e-05,7.349674597671718e-05,0.00022358447313308716,0.00010582098269872053,5.8025651655389116e-05,6.393156945705414e-05,5.1445200947254285e-05,1.6615604361913585e-05,4.474818706512451e-05,0.0005890334819320386,4.126134746421095e-05,0.00033352943137288094,0.00016480060951426512,0.00010629603363933662,0.0005759112536907196,6.23832464132501e-05,0.0002565390335168248,0.000832732766866684
1037,0.00023075115737594687,6.2699354229298065e-06,0.0004192497581243515,8.592735601278823e-05,0.00012390537090424883,0.0003758454695343971,6.795076762211236e-05,5.454084344156014e-06,6.287917494773865e-05,0.00044174402328299445,0.00027282166204293384,0.0004546903073787689,0.0001368445124418638,8.663862012918411e-05,0.0005858168005943298,0.00012333577295342568,0.00016932981790983292,0.0010587554425001144
1038,0.00017322743778791505,3.282153605944568e-05,0.00010366179049015045,0.0001667149768805054,0.0001390923936455575,0.00013438519090414047,2.4119237803942734e-05,5.3666689124819665e-06,2.7768313884735107e-05,0.00043505835504770163,0.00048183456850096895,0.0003073667176067829,4.8488020654435804e-05,8.930581583631303e-05,0.00030333176255226135,5.03019855499498e-06,8.316670359050787e-05,0.00031406059861183167
1039,0.00016417866843315698,0.00013173132004532656,1.589953899383545e-05,2.2283634227057703e-05,5.189049389107969e-05,0.00010741222649812698,5.138327546927099e-06,1.9178155552058984e-05,1.4141201972961426e-05,9.065815135340938e-05,0.00040777626873447076,0.000208267942070961,0.00036549695611050315,0.00022045225610185445,0.00040049850940704346,0.0002180202021889177,0.00026561995843623135,0.00025377608835697174
1040,0.0002075197707515769,3.495210069109564e-05,0.0001795683056116104,0.00018253135931445286,6.125150259089079e-06,0.00015012547373771667,1.3235973242943164e-05,3.6700792070175695e-06,1.981109380722046e-05,0.00010238974087554975,9.710494793027658e-05,0.0001675821840763092,0.00017145597338477647,0.00020366371604413347,0.0001922864466905594,0.00029465316674973097,1.667219437694739e-05,0.00042184069752693176
1041,0.0002592311669252362,0.00013192776286716223,0.00021085329353809357,0.00044446188412450294,5.7861833122611894e-05,0.0001730574294924736,2.6112452569122813e-05,2.298852050580018e-06,9.417533874511719e-06,6.207636297904384e-05,0.00029159120893927637,3.978237509727478e-05,0.00035227626345284146,0.00035503602440235815,5.112588405609131e-05,0.00034126288093780377,3.4769066431177e-05,0.00011400878429412842
1042,0.0002633179680301412,4.781587244949426e-06,4.513934254646301e-05,9.132651420595828e-05,0.00010376371122007913,2.4138949811458588e-05,1.0476462319001373e-05,3.021682557305134e-07,6.243586540222168e-06,1.9627104019107056e-05,2.726035075052008e-05,0.000135091133415699,0.0004203888911346043,0.00034035394660239873,0.00012257322669029236,0.00010980943221655659,3.788426192347441e-05,0.00016732513904571533
1043,0.00026595091247881564,0.00012422823662227092,0.000411059707403183,6.992759214324851e-05,5.2002742760091925e-05,0.00039396435022354126,4.255060677483581e-05,1.1774560917747565e-05,4.130229353904724e-05,0.0006651141151452905,9.857787701447046e-05,0.00018115108832716942,7.152000349375243e-05,0.0002317571525451475,0.00018431991338729858,0.00033114039950352114,0.000193576452118812,0.0008677616715431213
1044,0.0006587196677301926,0.00012741725391296824,0.0002791844308376312,0.0006443584594220397,9.86292239308316e-05,0.00019501056522130966,1.0063020832241573e-05,1.8709792092432877e-05,2.8833746910095215e-05,0.0015118871462815736,0.0005701699525599846,0.000250781886279583,0.0002708123822844355,0.0001632483045916188,0.00038136541843414307,0.0002444875346752362,0.00034591141799190234,0.0005051977932453156
1045,0.00018173945032311234,2.528307468840224e-06,6.91041350364685e-05,0.0005075979876430908,7.497951743790782e-05,4.502385854721069e-05,5.68800184417087e-06,8.016475529577316e-06,2.0232051610946655e-05,0.0013485422140364078,0.0004122742047091704,4.0172599256038666e-05,0.000538591635733332,6.236431070463268e-05,8.72202217578888e-05,0.0005062265635916718,0.0002392922184383181,0.00011142715811729431
1046,0.00035705558332072007,2.818934669704398e-06,0.00026645325124263763,0.00010504712273855243,8.675987541373678e-05,0.00024196039885282516,5.193538921735054e-05,2.1326434626166985e-07,1.5266239643096924e-05,0.00019560775026147836,4.230467288345724e-05,2.145254984498024e-05,5.3620583808852706e-05,0.00019836692742746485,6.045214831829071e-05,0.0001294789058972623,2.323092523915521e-05,0.00019159168004989624
1047,0.00012178680879522397,3.151380957872735e-05,0.00025064684450626373,0.00020418750063978808,3.112231587984807e-05,0.0002851337194442749,3.337862265681037e-05,6.189891692869693e-06,3.0100345611572266e-05,0.0002817198935635007,0.0005471410683033431,0.00035024015232920647,0.0001202123510302272,1.0692796731638643e-05,0.0003174133598804474,4.366221539742199e-05,8.807788102540084e-05,0.0005180239677429199
1048,0.0001458669982121047,1.4494088906146646e-05,3.524310886859894e-05,0.00012215079659814998,2.365075170198891e-05,8.197873830795288e-05,9.857680489559068e-06,8.285384082096442e-06,7.137656211853027e-06,0.0001432629142652797,0.00046160821756691117,2.8831884264945984e-05,0.0004789955069312013,2.259120804257858e-05,1.6417354345321655e-05,0.0006839756087020366,0.000131568066486544,8.42604786157608e-05
1049,0.000362420859699647,2.7935887955850974e-05,0.00037720799446105957,0.0003652736772345594,1.999273553178818e-05,0.0004923148080706596,2.351603161513359e-05,1.729083303235392e-05,3.949552774429321e-05,0.00026497495248346825,0.00046868551808704195,0.00017743371427059174,0.0008905167796301183,0.00012921469183021714,3.24007123708725e-05,0.0006534883595444296,0.00032539345677228687,0.000568978488445282
1050,0.00024032515590048653,2.775909488193784e-05,5.7559460401535034e-05,0.0002767631395759196,9.507080526816383e-05,7.073674350976944e-05,3.231321667509189e-05,4.973729306909265e-06,1.4860183000564575e-05,0.000692541405164171,0.00021230216848105998,0.00018448010087013245,0.0004914237983140307,0.00014109279738823768,0.00018300861120224,0.0006025157144579074,8.907582056657051e-05,0.0004537850618362427
1051,0.0005281969710314999,1.039509228791674e-05,0.00027162767946720123,0.0007037548118671161,2.5347662897991924e-05,0.0002790940925478935,1.6954572875590296e-05,1.0831606386603682e-05,7.573515176773071e-06,0.00014119084748871746,0.0006350424694654411,0.00010347366333007812,0.0006779727444665706,0.00017509236434429254,0.0001330804079771042,0.0008342955197419566,0.0002954779714225246,0.0001013725996017456
1052,0.0001888103053674789,6.262123497323413e-05,6.19012862443924e-05,0.00019295466539925865,1.3475524501226077e-05,4.813726991415024e-05,4.2523284740671186e-06,9.443152404892564e-06,8.09505581855774e-06,0.0001984946494511114,0.0001806381247934849,1.932494342327118e-05,3.0308033618850483e-05,5.332626816740085e-05,0.0001774188131093979,9.060391305126814e-05,0.00011650781394093729,0.00011336430907249451
1053,5.393101202209871e-05,6.162379796311596e-05,0.0002607163041830063,0.0001704596057908736,4.6602286950275795e-05,0.00030016712844371796,9.731756937915795e-06,4.112286385387753e-06,2.9865652322769165e-05,0.00012292734141571005,0.0002332351506714736,0.0003454051911830902,0.00023528031040845332,0.00015596503449439615,0.00029597245156764984,5.1074412200369235e-05,7.031650614498092e-05,0.0005734935402870178
1054,0.00026981501763007065,8.466190520443895e-05,4.274584352970123e-05,0.00017254878672269547,1.2844497954127287e-05,7.31293112039566e-05,1.7243290340670028e-05,3.1561276713481384e-06,1.862645149230957e-07,0.00011894617442127775,7.846793697177668e-05,6.463378667831421e-06,0.0002389270420793399,4.6157362329485654e-05,5.738250911235809e-05,9.37999855089855e-05,7.879546282834465e-05,0.0001064687967300415
1055,0.0001713876670918213,0.00013358634245849363,0.00040922313928604126,0.0005275543806357169,0.00040601118773288605,0.0004581240937113762,6.061495958929915e-05,3.1776809932327656e-06,3.170967102050781e-05,6.518119665066546e-05,0.00030883088245897694,0.0001247785985469818,3.2648090616649306e-05,3.0512897878944706e-05,8.072331547737122e-05,0.0002026321795625119,7.151834442506791e-05,0.0007389038801193237
1056,8.494233884358271e-05,0.0003403610827972352,0.00013934262096881866,0.0005775681437239361,0.00010712143552496847,0.00024035386741161346,1.8033363308743097e-05,1.3480231935040794e-05,1.8931925296783447e-05,0.0006742280982768856,0.00025219322794636095,0.0003148033283650875,0.0003224559525409204,0.0003130234290507558,0.00014943815767765045,0.00014526498023972878,3.596737864494659e-05,0.0004748329520225525
1057,5.370001856472295e-05,8.203989162379813e-05,0.00013586506247520447,0.0002454560633290276,6.71683434391307e-05,4.5007094740867615e-05,1.648044222971566e-05,3.5536191726535764e-06,1.198798418045044e-05,0.0003819922120903846,0.0008440759403330819,2.8454698622226715e-05,0.0001643358758551261,0.00017320063740490152,0.00014959648251533508,1.6445978197360267e-05,0.00010870540465159756,0.00022571533918380737
1058,0.0003028123063107818,0.00013852491646585557,5.4717063903808594e-05,0.0008112481076311268,0.00013938828481385723,8.4657222032547e-05,3.324111838571599e-05,4.239588627007011e-06,1.85258686542511e-05,0.00037882164703048615,0.0007221791958667637,8.136359974741936e-05,0.0005186736018670951,0.00012511760043066103,1.3614073395729065e-05,0.0003334304819422873,0.00015159374405963877,0.000379905104637146
1059,0.0006969602875559894,2.355458153279963e-05,8.688494563102722e-05,0.0009056457291215375,4.470146919212728e-05,3.327988088130951e-05,5.680871274855309e-05,1.7124460981005627e-05,2.397969365119934e-05,0.00016874069064712338,0.0003675270765025329,0.0003295382484793663,0.00043690028932037717,0.0003822221706257442,0.0002422817051410675,0.0005378006675252067,0.00033414052290260676,0.0005114879459142685
1060,0.0003013091453264727,0.00022966704015594044,0.000182395800948143,0.00023742642456996144,9.844120605330409e-05,0.00010727811604738235,1.3357078152793564e-05,7.183224414327198e-06,1.6476958990097046e-05,0.0001306411245957928,0.00039838865610732077,0.00010079238563776016,1.3018992259278273e-05,0.0005032997081088064,0.00023574009537696838,0.00041227434549601094,0.00018836357462784573,8.615851402282715e-05
1061,9.147550576724117e-06,0.0002167493217349152,3.590621054172516e-05,7.340401111537165e-05,8.825946445471106e-05,0.0001366846263408661,1.3882396585011142e-05,7.364071837897982e-06,1.4193356037139893e-06,0.0003587430125285007,7.774783432362709e-05,0.0002598199062049389,7.785541445334832e-05,6.594878686866021e-05,0.00038841739296913147,5.7941883215728573e-05,0.00011054949803512848,0.00026422180235385895
1062,2.3002130725091607e-05,5.289997157684884e-06,0.00024159252643585205,0.0002602217976159643,8.093365587778789e-05,0.00021906476467847824,3.0831802405963116e-05,8.240146813056357e-06,4.7869980335235596e-06,0.0005276528214285259,0.00028160284740408326,0.00012345938012003899,0.0001317947725824331,0.0002869663478782328,0.00013511255383491516,0.0001452710703881699,0.00019580722099271988,0.00027795881032943726
1063,8.111623828911674e-05,6.950850297677072e-05,2.699345350265503e-05,6.576835328564457e-07,0.00012651183988025144,4.0386803448200226e-05,2.1998301648448043e-05,4.8492938775623884e-08,1.5694648027420044e-05,2.9611311307936594e-05,0.0001185908178833947,0.000197527464479208,0.0002657871969493075,0.00016124350508784496,0.00021408125758171082,7.18155550265831e-05,6.058421229681796e-05,0.0002696644514799118
1064,0.0005735018679686593,4.249030765231948e-05,5.529634654521942e-05,0.00021705613770318932,1.1749861706714798e-05,0.00010624341666698456,2.5124834370440427e-05,1.2383520423735282e-06,1.856684684753418e-05,0.0003575454181196924,1.0091021827522695e-05,0.00041907932609319687,0.00015840040041367742,3.979870994146387e-05,0.0004883632063865662,0.0008545816815516138,7.74410400858766e-05,0.0007158946245908737
1065,4.129505788830201e-05,0.00012985492707727822,6.411224603652954e-05,0.00019981300963876902,9.429875388604347e-05,0.00028986856341362,1.0385585131628822e-06,2.342021991513137e-05,2.035871148109436e-05,7.546252116824581e-06,0.00023070527985816908,0.00035783974453806877,2.5683385563607386e-05,0.0007346310127497417,4.186853766441345e-05,0.0003045629262032057,0.00040985719227667333,0.00031700730323791504
1066,2.5963384486918373e-05,7.074605806851875e-06,0.00013558939099311829,0.00014545161368431647,2.303308640269272e-05,0.0001628464087843895,7.2123948058576415e-06,2.2860615375497936e-06,1.6219913959503174e-05,0.00041057291335870605,6.0773867502014745e-06,5.4712872952222824e-05,0.00010153584692507156,0.00010127380314401031,3.5529956221580505e-05,0.00019985579979370227,5.9978597665408945e-05,0.00019155442714691162
1067,9.035035615105602e-05,6.747184785053234e-05,3.762170672416687e-05,0.0002588969038508776,4.5691387633519515e-05,9.155180305242538e-05,4.2646281163485206e-05,3.2034497129392134e-06,2.86102294921875e-06,7.699606631933475e-05,0.0003380313423926376,3.1911302357912064e-05,0.00023565132734508498,0.00014629934583490836,0.00011241249740123749,5.718506391844125e-05,0.0001045832022605088,0.0001287609338760376
1068,4.622026248189692e-05,6.403058641606812e-05,1.591816544532776e-05,0.00020703836957679245,3.9009233906942e-05,0.00012508127838373184,2.0264112116476565e-05,1.1821602163984875e-06,3.900378942489624e-06,0.0003143768672313474,0.00022641599491841913,8.610915392637253e-05,6.763095183631718e-06,0.0003334005710110711,4.627928137779236e-05,0.00037649958861998845,5.1072649286238586e-05,9.394250810146332e-05
1069,0.00036069174495033385,9.220687229951133e-05,0.00043046101927757263,0.00036069097164290187,0.00012215041602606225,0.0003632986918091774,3.166986297988353e-05,5.2255615281126145e-06,4.420429468154907e-05,0.00027787874404032464,0.00018171819355234514,0.00023937970399856567,0.00012562794359606555,0.0003588534675609753,0.0003065895289182663,0.0002555986076582806,0.00017228240700983485,0.000698259100317955
1070,0.00020868477034349797,0.00012490404418730172,0.00039848871529102325,0.00032847281072068135,4.573982810745364e-05,0.0004348447546362877,1.4720658505015458e-05,1.1628732016344748e-05,1.7397105693817139e-06,2.8454455888615726e-05,0.00021146200330079967,0.0001760902814567089,5.395812757481855e-05,7.540641192311723e-05,0.00014060363173484802,0.00029928900062883845,0.0002672019520938672,7.0873647928237915e-06
1071,0.00027599073172307476,4.009326004770705e-05,0.00010089948773384094,0.00014702369796293357,3.0163934317463392e-05,0.0001234970986843109,1.2303176128436455e-06,3.8319917327945575e-06,5.718320608139038e-06,5.957554293584133e-05,2.01466515906204e-05,0.00013272976502776146,0.00013000240793410722,2.792187759794243e-05,0.00010195188224315643,6.588444383651137e-05,8.088519147263565e-05,2.2044405341148376e-05
1072,0.00013749993725951926,0.00015892871840679848,0.00033498555421829224,0.0006884564674566468,0.00014439105397180685,0.00024367216974496841,1.0651836524107339e-05,7.107405757679312e-06,1.3321638107299805e-05,0.0002851463451327835,0.00012806134702798844,0.00023904768750071526,0.00027706877787962714,0.0004732044892224799,0.00011555664241313934,0.0003994989663908266,0.00011081494189526392,9.67755913734436e-05
1073,0.0009393239192729969,0.0003183481764870745,0.0004839785397052765,0.0005794421095934588,0.00020540215271262763,0.0004056217148900032,6.616253597514429e-05,8.497832536451993e-06,2.407282590866089e-05,0.0010793858662332956,0.0001313670992986321,0.0001172390766441822,0.00035943482823956596,0.0009246839979637558,0.00022800453007221222,0.00023416739466389225,0.00020815135909424062,0.0007948558777570724
1074,0.0003099267229139807,3.651151563174512e-05,0.00035635754466056824,0.00048705597366827114,1.7036747748395975e-05,0.000325838103890419,4.6608567572978266e-05,1.2289235570522687e-06,5.0321221351623535e-05,0.0009042405946287635,2.0776352819135147e-06,0.0006117196753621101,0.0008718092467544097,2.592941807163726e-05,0.0006296150386333466,0.001030289507899157,1.2478085423216906e-05,0.0007195901125669479
1075,0.0002701988559350582,1.0697433562811137e-05,0.00016124173998832703,0.0003774077031470646,0.00011036571475430551,0.00016931165009737015,1.277188454590697e-05,4.816327119749192e-06,8.217990398406982e-06,0.0008647431903101577,3.9436667671095826e-05,0.0003525707870721817,0.00017830759025228016,4.163762509201349e-05,0.00030632689595222473,0.0004644736562213758,0.0001203198353879921,0.00039638765156269073
1076,0.0004435813009017048,1.7946582304386588e-05,0.0003351029008626938,0.00029522290788312755,0.00013375543935219628,0.0002127205953001976,1.2507276029839753e-05,9.317002720660942e-06,2.8479844331741333e-05,0.0011405999209950224,6.196651215559235e-05,0.00027522118762135506,0.0004662880695594923,0.0001002083902799239,0.0004724077880382538,0.00037274906079734493,0.00011405477133128589,0.0007906351238489151
1077,0.0005092569661597907,0.00013242742489140424,0.00017969869077205658,0.00017167157332274863,0.00022089546903634322,2.551265060901642e-05,3.6308016928675996e-06,1.7263505260824066e-05,2.5678426027297974e-05,0.0008681226132281894,0.00027064459047109607,0.0003370665945112705,0.0003098009554664133,0.0003340828767655589,5.050376057624817e-05,0.0007516446134204213,0.0002643000557323791,0.00018453411757946014
1078,0.00039428908542334107,8.639020727395016e-05,0.0001299772411584854,0.0004944302237870069,2.928051811158447e-05,0.00020266324281692505,7.044565113308032e-06,1.538529992836592e-05,2.1494925022125244e-05,0.0003638542971284575,0.0008888436106984782,0.0004034140147268772,0.0007626213097895046,0.00029791175870331685,0.0005187671631574631,0.0004067113616917639,0.00040083338931590565,0.0005169790238142014
1079,0.00035699356735240106,8.762487924035903e-05,0.0001810062676668167,0.00013564731248362494,0.00010841277874908128,0.0002320464700460434,1.2843427329732593e-05,5.40920416495865e-06,7.7076256275177e-06,0.00010502982420505791,0.00035112883858930133,7.237493991851807e-05,0.00021372099167125957,0.0002389670651775297,0.00010279566049575806,0.00014984371905119032,2.7714812872094152e-05,0.00010867789387702942
1080,0.0001544822765498638,0.00018741652541751433,0.00021244771778583527,2.8080642042072057e-05,1.2258124709927515e-05,0.00026183854788541794,3.1873501406470134e-05,4.591460330699527e-06,1.8388032913208008e-05,5.242650649249503e-05,1.3647452251172587e-05,0.00022005848586559296,6.638271631098647e-05,6.637649363564965e-05,0.0001554526388645172,0.0001919758709201802,3.033807618865042e-05,0.0004597790539264679
1081,0.000446629656159353,1.7507596307825973e-05,0.000269964337348938,0.0005458707412264036,1.7536227111088903e-05,0.0003764983266592026,2.596265455463362e-05,1.2855927792488004e-05,1.5739351511001587e-05,0.00032265340829441824,0.00032819554865849004,7.764482870697975e-05,0.0002526685318500338,0.0003518527958027047,7.791630923748016e-05,0.00022503129709081082,0.000248734306081147,0.00010340288281440735
1082,0.0002329039715516651,0.00011760072765519547,8.093565702438354e-05,0.00016401736366972175,0.00011851823376688234,0.00016318075358867645,3.6783332835953544e-05,2.684831733187291e-07,1.265108585357666e-05,0.000326486163543277,0.00011071679327594175,9.98140312731266e-05,0.0005207521402179893,7.480057190475606e-05,1.2565404176712036e-05,6.556357330958495e-05,7.026833454331846e-05,0.00023571401834487915
1083,0.0001939807239986352,0.00016252159433274502,0.00015526637434959412,0.00028061889131278384,1.9717491532032783e-05,0.0002261316403746605,2.132732112542987e-05,1.6747621267952347e-05,1.150369644165039e-05,0.0005694787501798471,0.00018395027375053136,0.00021669361740350723,0.0004155972696615884,4.0074374662066314e-05,0.00011040642857551575,0.0002492718257769144,0.0002888872219306039,0.0001946818083524704
1084,7.249053767482971e-05,2.1071711387401354e-05,0.00015223026275634766,0.00024162769676039364,5.202960587098737e-06,0.000364561565220356,3.569497316652931e-05,3.239143916854408e-05,4.000961780548096e-06,0.0006112243666216571,0.00014620997281118708,0.00011874455958604813,0.00020359575285990028,0.00027253616417349455,0.00014253705739974976,0.00025143576529909617,0.0005155462789660122,4.746764898300171e-05
1085,0.0008749012574383735,0.0005182492193153421,3.137998282909393e-05,0.0008263394850761413,0.0003084533336439703,5.6298449635505676e-05,4.8163689632027204e-05,1.3918764391674223e-05,2.0459294319152832e-05,0.0005639646303686047,0.00034261618380326125,0.00013182265684008598,5.219992013984209e-05,0.00027210745376369735,0.00025593116879463196,0.0004900314129554773,0.00015134142265560424,0.0005778055638074875
1086,0.00013257911472862316,0.00014595096619684014,0.00042674504220485687,0.00015084049149441392,0.0002790465264956611,0.00031010527163743973,4.6165924195380736e-05,1.8144353248028587e-05,5.453452467918396e-05,0.00024506091514142625,0.0009605073510032397,0.0006930702365934849,1.605423141369522e-05,0.0001906736721476697,0.0009107664227485657,0.00032682994951627187,0.0002619446894057166,0.0010275840759277344
1087,4.138344711154818e-05,0.0001031605412104529,2.6151537895202637e-05,0.0002881800177117616,0.00030720288800262577,9.332969784736633e-05,7.031433279442757e-05,7.100996286878202e-06,6.15045428276062e-06,0.0006046809409338827,0.00026680536127512283,0.0002446584403514862,0.0005089085527937437,0.00031455760474397715,0.00012106075882911682,4.0305708022936315e-05,0.000198644964736365,0.0008782073855400085
1088,0.0004827633006226073,0.00018236666393394926,0.0002735983580350876,0.00010547171210782691,0.00012485575611177746,0.0003348933532834053,1.4500731531487052e-05,3.524768189703013e-06,5.252659320831299e-06,0.00036889065206481553,0.00029993487738435437,0.00018380675464868546,0.0002419804633213979,0.00036211216422118997,7.865019142627716e-05,0.00017491747834486038,8.680863401766548e-05,0.00014716945588588715
1089,0.00034485797264026397,2.645504085723588e-06,7.901899516582489e-05,3.3089898977003984e-05,3.19507248630127e-05,0.00013415981084108353,2.856809419276435e-05,2.3122758161968956e-06,2.335384488105774e-05,0.00045921382417572765,6.738582162775508e-06,0.00017301412299275398,0.00027099075216927004,0.00027919201477518557,8.030980825424194e-05,0.00021133472298306977,4.0820152372732926e-05,0.0002434253692626953
1090,0.00031230066533889655,2.5286002018891363e-05,0.0003327149897813797,0.0004483332221165981,6.689576163093278e-05,0.00046305544674396515,8.249683787606502e-06,1.9912774194616152e-05,5.070120096206665e-06,0.00024097058273758742,3.625266147343903e-05,6.311340257525444e-05,0.0003305524084763478,0.00032354749654081236,0.00021601654589176178,0.00046003199447289256,0.0002665137556007134,0.0001666545867919922
1091,0.00014845992359671656,0.00010796563472459039,0.00012049078941345215,1.328615233163466e-05,0.00015879259211012617,0.0004305141046643257,2.6350008008357503e-05,3.288528403151106e-05,9.529292583465576e-06,1.6880879374833735e-05,0.00026423124905579354,7.711630314588547e-05,0.0003207741362137445,0.0005457927604570964,0.00034338049590587616,0.000731989435044017,0.0005393552734075657,0.00010922364890575409
1092,0.000788899806121568,0.00019848589806527317,0.000404922291636467,0.0009028789767841217,8.73808067169933e-05,0.0005166176706552505,6.775060421570708e-05,8.946343622710275e-07,5.640089511871338e-06,0.0011197329688185514,7.439159234712278e-05,0.0003983424976468086,0.001331703572062623,0.000604183157178001,0.0005318243056535721,0.000855445881762229,0.000123279332682618,0.00041852332651615143
1093,7.754419736688556e-06,0.00010935317834555314,0.0002346280962228775,0.000259068255286779,7.297626368945112e-05,0.0005298862233757973,5.1427297836895494e-05,2.4786730061086186e-05,1.788884401321411e-05,0.00015468878425606292,0.00019185115906318606,0.00011941278353333473,0.00047740182043079504,0.00037391481375963556,0.0005076192319393158,0.0004423379461467869,0.00026968976623400337,0.0005770046263933182
1094,9.644578867677722e-05,1.775851267957207e-05,2.5294721126556396e-05,0.00013356135520641021,4.2294409166601654e-05,0.00010575633496046066,1.83452152835821e-05,6.527967538310416e-06,9.335577487945557e-06,0.00012550764947044657,0.00022189958012153177,0.0001368052326142788,2.205118087143798e-05,9.252747347598608e-05,2.7999281883239746e-05,0.0006105679950474674,4.439765076507188e-05,4.965253174304962e-05
1095,0.0007259321345896436,0.00012427254425159337,0.00021943449974060059,0.0008694139210002616,0.0001798907325760088,0.00017402414232492447,4.606957967639297e-05,4.28041581266355e-06,3.0700117349624634e-05,0.0007605403410268496,0.00011904080448182225,0.0006334870122373104,0.000452877382019809,0.00027871605613987577,0.0007036477327346802,0.00022950818350497837,7.97140246981444e-05,0.0008521154522895813
1096,0.00040818406879639113,0.00010008042040553916,0.00011732988059520721,0.0003143047137900562,0.00010283915935337465,0.00011807959526777267,2.0837273352345212e-05,2.2315928083324783e-07,1.971423625946045e-05,0.0006171307321782282,0.000436911777962512,0.0002050069160759449,0.0002335955698629516,0.00024262191882704412,0.00021681562066078186,0.0001304548523218263,0.0001294076798965954,0.00018167123198509216
1097,0.0010749146615994798,0.00015031236307354312,0.00012354739010334015,0.0011246259664276087,9.893494688226895e-05,0.00022894889116287231,5.713917196407438e-05,1.3380569235776256e-05,1.5273690223693848e-05,0.0014706316997479818,0.0012606777537911562,0.00049205357208848,0.0010128378725087622,4.5983544565801615e-05,0.00034886598587036133,0.00014763999322783827,0.00027400767630781503,0.0007878690958023071
1098,0.0004793595880227819,6.7385649924534e-05,0.00026541948318481445,0.0003270676694315522,7.938088577500932e-05,0.00024104304611682892,3.3215113290145995e-05,2.2566857390553426e-06,9.473413228988647e-06,0.00020977695692640796,3.903830031556921e-06,4.606880247592926e-05,6.319978674881876e-05,0.00016686280432614414,9.657442569732666e-05,0.00020505102891826832,2.6152769424379885e-05,0.0001776237040758133
1099,0.0008234531799099776,0.0001141667853214283,5.607679486274719e-05,0.0005874397106475082,0.00012470022598310218,1.3556331396102905e-05,4.81585267740163e-05,3.3750857201795582e-06,1.2271106243133545e-05,0.00042700343779256134,0.00036854724667152033,0.0002619619481265545,0.0007258735551603224,0.0001030601734226741,0.0002239365130662918,6.859264118802555e-05,6.600620325639475e-05,0.0002962537109851837
1100,0.00016251205214644349,0.0001244948507794115,0.0001878645271062851,0.0006221723552997521,0.0004159516840116402,0.00017422344535589218,1.8990652911835687e-06,4.7136842312835506e-06,9.138137102127075e-06,0.00034625483586965544,0.00019930222258855712,0.0003760112449526787,0.00030464881459037196,0.00021936913476545278,0.00033668428659439087,0.0003100150452070849,0.0001306994343052044,0.0005832444876432419
1101,0.000678350191637811,0.00018014268891198074,3.471970558166504e-05,0.00025060905208404427,0.00022339757407633873,3.148708492517471e-05,2.4834679539753948e-05,2.778785290151204e-06,1.922622323036194e-05,0.0005094638854688249,0.00013072328185116666,0.00015888549387454987,0.00039076474383420434,0.000600585754172215,0.0001868605613708496,0.00033302686670258486,6.553428835640029e-07,0.000245092436671257
1102,2.7439459648503917e-05,1.2045182032020124e-05,0.00026835501194000244,0.0001901169465070851,0.00021267436660403136,0.00017641950398683548,3.1177588354247554e-05,7.289244719568995e-06,2.6501715183258057e-05,0.00041839409394250904,0.0007150585984331617,0.00029205018654465675,0.0001567379994824175,0.0006102496068771633,0.0003800857812166214,7.761042195941759e-05,5.4807311903173894e-05,0.0007831156253814697
1103,0.00042298859290135216,6.090222171790949e-05,1.8116086721420288e-05,0.0004431968538897435,0.000276897264872171,5.97052276134491e-05,2.248717545379371e-05,2.345003357624026e-07,9.16793942451477e-06,0.00028152893261380874,4.7402539283550316e-05,0.00021326402202248573,0.0002334618173488734,6.956042791773226e-05,0.00015990249812602997,0.00030554924946571416,1.838085600354769e-05,0.0005361922085285187
1104,8.175031819274148e-05,2.900786770338934e-05,0.0001748260110616684,0.00023717336916612153,5.74083797295552e-06,0.00018963124603033066,8.495599373639987e-06,5.0312910504818516e-06,3.6284327507019043e-06,0.00034915050058634267,0.00030661139065828874,0.0001332075335085392,0.0005496815013994322,0.0004574614461089234,0.00015399418771266937,0.0002276250202868646,5.23233644362138e-05,0.00015327520668506622
1105,0.0004993132528225419,0.00011331929364294391,0.00013135746121406555,8.170078866939767e-05,0.00020653944024513413,4.1765160858631134e-05,5.837913812951033e-05,2.5274643863196743e-05,1.341104507446289e-06,0.00019131190655627406,9.389018762345075e-05,4.3188221752643585e-05,1.1152561103483505e-05,0.00019695770769971588,0.00012054666876792908,0.00021542253121181743,0.0005688844023539856,0.00014185532927513123
1106,0.00035065361124783645,8.031552714085968e-05,1.4398247003555298e-06,0.00021541971231917034,0.00042712872097318624,0.00017128325998783112,1.9788773000690985e-05,3.432600727922876e-05,3.181770443916321e-05,0.00025766211130322236,0.0005916667194080655,0.0006054784171283245,0.00034918264301246615,0.0006156577605649673,0.0003984440118074417,0.00035938179112326996,0.0005983672423163118,0.0007998552173376083
1107,0.00010607414465782505,7.970561745219637e-05,0.0002001505345106125,0.00011199708700451727,9.402383558193908e-05,0.00017740298062562943,4.1151494778681255e-05,7.023634599250634e-06,1.857057213783264e-05,0.0006634334559686567,0.00012828681848436885,0.00012268545106053352,0.00021992922155565642,0.0002788228231466669,0.00014809519052505493,0.00031499839046600364,5.041072208178399e-05,0.0003443509340286255
1108,0.0002625758205567763,0.0006048126201943678,0.00016669370234012604,0.00045209293680605056,0.0003040006508277966,0.0002472205087542534,2.000537229557807e-05,2.4287757855506655e-06,2.6617199182510376e-05,9.701531324617096e-05,0.0005486639176220387,0.00014312611892819405,9.146932245129857e-06,0.000325037901341467,1.6748905181884766e-05,0.0002646724187429228,0.00020990184306191734,0.0005376264452934265
1109,0.0006439836079885908,0.00016570025271886446,7.585063576698303e-05,0.0001583502248254931,0.0004160821451888244,0.0001652901992201805,3.1727699034181725e-05,1.4843487691671396e-05,6.642192602157593e-06,0.0010501402180065206,0.0005352571536847359,0.00022726692259311676,0.0005379385846271956,0.00025712147704034377,0.0001270938664674759,6.255899557644495e-05,0.00021144803295052028,0.0004544779658317566
1110,8.798316970293207e-05,0.00022722928222832645,2.2785738110542297e-05,0.0002065342137253512,0.00011553169648100339,0.00012444332242012024,4.965379352303741e-05,8.65210354596916e-06,2.1103769540786743e-05,0.0007094206321475449,0.0006365171867354844,0.0005448595620691776,0.00014121523005483638,0.0001054836730451543,0.00037386082112789154,0.0006107173976664382,7.722855681853782e-05,0.0006616730242967606
1111,0.0005250062778376641,0.00021327664571357818,0.00016640499234199524,0.00038784921705743713,3.648758300051763e-05,0.00010628160089254379,2.334287473710825e-05,9.873032901306332e-06,3.2354146242141724e-05,0.0003717549077091181,5.8668974083422865e-06,0.00016484735533595085,0.000582338394567325,0.0001313539000464825,0.0002054404467344284,0.0002391642818526385,0.00016323821056954402,0.0005976483225822449
1112,0.0008598690842358814,5.3491191865175786e-05,0.00042886100709438324,0.00010564331863108234,9.950624521641235e-05,0.00032880157232284546,7.275434068246787e-05,9.9858533590218e-06,2.119690179824829e-05,0.0006775619909184932,0.0006084989668396976,0.000234934501349926,0.0004145288883250914,0.0002434014308853906,0.00013360194861888885,0.0006551434795304678,0.0002212230440439833,0.0002684853971004486
1113,0.0003835740880848565,4.3281194783473254e-05,8.855760097503662e-05,0.0004969229767743388,8.951478205549215e-05,8.830893784761429e-05,2.1351966574888886e-05,1.0682962510826606e-05,5.062669515609741e-06,0.0006742623668964665,8.327044553946283e-05,7.800478488206863e-05,0.0006669537613345489,0.0001666201790968408,7.563643157482147e-05,0.0006378649805927894,0.0003338350616414014,0.00028325431048870087
1114,0.00022528633153438837,5.1195961772436405e-05,0.00015342608094215393,0.00014206975154733292,2.1817099740112367e-05,0.00011726748198270798,7.794718409386003e-06,9.482300057973587e-07,9.514391422271729e-06,0.00045688013472119926,0.00019273126767546667,0.00014309817925095558,0.00019276565312524585,0.00011707198153694878,9.534880518913269e-05,0.0003404441761577781,1.7408665442177063e-05,3.530643880367279e-05
1115,0.0002422061547048826,0.00031354634715993757,0.0002872757613658905,0.0005081310661042143,5.3678412180620944e-05,0.0003088945522904396,3.170223101452499e-05,3.008768144942926e-06,4.478171467781067e-05,0.0008438690508314056,0.00013261934801854502,0.0004018307663500309,0.0008194232778530597,9.331720721196188e-05,0.00036758556962013245,0.0005407430928335566,9.655448436857866e-05,0.0005829334259033203
1116,0.00027238919874345013,0.00016548066945790835,6.905943155288696e-05,7.413383209999014e-05,3.210990459479382e-05,1.916196197271347e-05,2.4336823871280028e-05,3.861889976284477e-06,1.12876296043396e-06,0.00013859345470003392,0.0001167011114460853,0.00012018950656056404,3.570367325199386e-05,0.00013130750678195732,1.1362135410308838e-06,0.00013036211865069536,1.9181847819876863e-05,0.00017866678535938263
1117,0.0001362636379053095,4.6816816997898025e-06,0.0004375278949737549,6.983496391048394e-05,0.000209866761438509,0.0003083702176809311,2.9171739044576983e-05,2.3484200264614185e-05,2.6945024728775024e-05,0.0005533427339236285,0.0005062922442566412,0.00014479085803031921,7.519585976509258e-05,0.00031637545441079787,0.0003229249268770218,0.0001407862766188428,0.0004844306354155649,0.0004075001925230026
1118,0.00013594047028293865,5.39542481962918e-07,0.0001663658767938614,0.0001504606849067336,0.0001718150274409025,0.00015649385750293732,2.1975500616637153e-05,1.054028591484157e-05,1.6674399375915527e-05,0.00010670698219186758,0.00015457768974345282,4.3309759348630905e-05,0.0002009961448773412,5.872304853774685e-05,9.565800428390503e-05,0.0004700717417313316,0.0002625531375457131,0.0004472266882658005
1119,6.747657282196728e-05,2.2881623570489285e-05,0.00038072653114795685,0.00039987391836796005,0.00010195785032018553,0.0001455415040254593,3.6220751535028656e-05,2.34638979073143e-05,2.545863389968872e-05,0.00017498878282821984,0.000403660124386411,1.3540033251047134e-05,3.636960187093641e-05,0.00019025332118852156,0.0003141406923532486,6.41133639432967e-05,0.000347521648726222,0.00039567239582538605
1120,0.0003351730548570159,2.504115317062544e-05,0.00015985779464244843,0.00014133636422000717,3.9866120213335327e-05,0.00025571510195732117,2.6194098527373977e-08,1.2742012949209028e-05,2.5890767574310303e-06,5.53324883305617e-05,0.00042337615873614537,6.240000948309898e-05,7.5660816369199635e-06,0.00022712987329088705,5.747564136981964e-05,0.00029378541218461063,0.00024029083133160836,0.00011083483695983887
1121,0.0003004122702099099,6.130869055834265e-06,8.835643529891968e-05,0.00013585112811580202,2.731249981396608e-05,9.035319089889526e-05,2.9600682528876585e-05,4.346556625373305e-06,1.2889504432678223e-06,0.0003589285745764226,0.00015509137422766578,2.1847430616617203e-05,0.00031033077110537155,3.1024281453954916e-05,2.8209760785102844e-05,0.00018573729953078044,2.9320183433628744e-05,9.839609265327454e-05
1122,0.0003045484162361445,0.00013162306998910564,6.783194839954376e-05,0.0001299790284245289,0.00023384964718416515,0.00012861471623182297,3.0437437641443396e-05,1.0468566221603264e-05,2.4352222681045532e-05,0.00014167079755232626,9.488525836163358e-05,0.00020383717492222786,0.00035060112205219374,3.471660181899108e-05,0.0003058724105358124,7.660839011738863e-05,0.000268444664701991,0.0004606228321790695
1123,5.311794003548531e-05,8.416039916236961e-05,4.994682967662811e-05,0.00016545238925928796,3.20978358392017e-05,1.3416633009910583e-05,1.6282586474496846e-05,5.899235671483595e-06,3.3155083656311035e-07,0.0005923161903074736,7.373697320656875e-05,0.00015851343050599098,0.00023545086829128425,0.0002187301736354466,0.00020008161664009094,9.528423740715053e-05,6.11987801150092e-05,7.4356794357299805e-06
1124,0.0005350171048739277,2.514067596844083e-05,1.5109777450561523e-05,8.568261314023662e-05,4.841387091638824e-05,0.00011547282338142395,2.9834605359373156e-06,1.1072492928956758e-05,2.269446849822998e-05,0.00018990066683605145,0.00012355230079240387,0.0006387224420905113,0.00015174934618011893,0.0004080361983957604,0.0005300026386976242,0.0004739101605046314,0.00017261195732815732,0.0005112681537866592
1125,6.827369485917778e-05,0.00010954359059950347,8.552521467208862e-05,0.0005311096372970919,1.539577156099009e-06,0.00014822278171777725,1.950140183951815e-05,6.649293125123848e-06,1.181289553642273e-05,0.00012658656031326598,0.00032318619291217543,0.00023114774376153946,0.00014496060951131595,0.0003274396859976377,0.00015658512711524963,0.00010877369797554493,8.770311051318341e-05,0.00032348930835723877
1126,0.0010993011557467874,0.00036142595909460437,0.0002267751842737198,0.0005398121323594435,0.00027016792323977454,9.088777005672455e-05,3.0826113669116945e-06,1.1448973985667132e-05,4.071742296218872e-05,0.0006872472272349689,0.0007745233132881585,0.0001079365611076355,0.0006498278222698273,0.0001983721810747685,0.00026959553360939026,0.00010372891504240034,0.00010960091761119325,0.0006488524377346039
1127,0.00017552875781022548,0.00022468742673392023,7.928349077701569e-05,0.00032559344793219036,0.00071668846447848,0.0003030775114893913,3.0402248568395587e-05,2.0825459106860308e-05,3.5353004932403564e-06,0.0008926119038699526,0.0007432651833749679,5.6430231779813766e-05,0.0007023980327764828,0.00017914036887456408,0.00021729432046413422,0.0011961663970576353,0.00038250444416282683,0.0001838989555835724
1128,0.000543577872596207,7.93494444247464e-05,2.684071660041809e-05,1.4413376102348496e-05,0.0002659639084092551,1.6889534890651703e-05,1.5678214979967728e-05,3.587658078044306e-06,3.7848949432373047e-06,0.0008802479300859534,0.000746524126880449,4.197005182504654e-05,0.0003723397978978721,0.00034952976150231727,3.696419298648834e-05,0.0009454922678614475,6.811028147087408e-05,0.0004692692309617996
1129,0.00015817710287037434,0.00016323607596060996,0.00017211958765983582,0.00028646085358380313,0.000151191378230376,0.00018758326768875122,6.276995328795797e-05,9.740681825731777e-06,2.4974346160888672e-05,0.000518824044522706,0.0004829318169220706,0.0002179909497499466,3.107628370638271e-05,9.955662766060469e-05,0.0001749172806739807,2.2438820118375613e-05,0.0001675479319917829,0.0006282515823841095
1130,0.00021079280885788476,5.9210412561690184e-05,0.00040926411747932434,0.0003798455975964343,0.00019432483617935412,0.0003722384572029114,2.0018948344587006e-05,7.143291110942246e-06,4.435330629348755e-05,0.0005545874559546166,0.00015577241218685256,0.0004015369340777397,0.00010054454883953734,0.00039145818919319314,0.00045847706496715546,5.856661873268609e-05,7.808132704323345e-05,0.0008733589202165604
1131,0.00028180099715956197,0.0002198640486812918,0.00015675649046897888,8.665838315084773e-05,8.654278877178595e-06,0.00016025081276893616,4.201195866052401e-05,3.656731982706104e-06,5.584210157394409e-05,4.18043042195726e-05,0.0004196968662855821,0.0004101446829736233,1.301562369024345e-05,3.994580384872326e-05,0.0004297960549592972,0.00016875014208936334,0.00013379237548610118,0.0009964723140001297
1132,0.00034751437955005127,0.00023753464009088066,3.6116689443588257e-06,6.743304297700259e-05,0.00015966934773977565,0.00022146385163068771,2.5120891890129463e-05,2.3298908139549827e-05,3.750994801521301e-05,0.0004609048638087865,8.374462654501397e-05,0.0003291764296591282,3.7901396920322905e-05,0.00037987570897159845,6.344728171825409e-05,0.00021933150162889437,0.0004628530897169761,0.00040207430720329285
1133,0.0002214967831173087,8.95800558332882e-06,3.6096200346946716e-05,0.00024615569721755937,5.3190370284141725e-05,5.77140599489212e-06,6.323655613394222e-05,7.2832905725597925e-06,9.86829400062561e-06,8.443488588119608e-05,9.617453093951206e-05,2.1575018763542175e-05,6.039506665196648e-05,0.00024884921578406313,1.8844380974769592e-05,0.00028987328683460767,4.5615759590791893e-07,0.00023110955953598022
1134,0.00020932297192487181,8.148114497739598e-05,0.000159338116645813,9.754600205867658e-05,3.669107655263765e-05,0.00026216357946395874,1.4531774918851229e-05,2.3126984922407787e-05,3.6522746086120605e-05,0.0004984046586047619,0.000531536874784834,0.00047791795805096626,0.0003207650068137585,0.000284978523506476,0.0006001647561788559,0.000197478522328709,0.00042347420190428503,0.0006459392607212067
1135,0.00013597722174743532,3.301297182597279e-05,0.00011924281716346741,0.0001288545135216118,0.00017409225104405776,0.00018523167818784714,1.5087064556721513e-05,1.4503564688942653e-05,1.2032687664031982e-06,0.00017741644839709692,7.897845258145186e-05,6.346125155687332e-05,0.0001604768845775567,0.00026461147932876905,1.6262754797935486e-05,0.00018915304088307217,0.00036168713673253097,0.00023599714040756226
1136,0.00034035737384841003,0.00022221347187560345,9.65408980846405e-05,0.00021294707217051068,0.00017215437457694313,5.60712069272995e-05,3.35851427054612e-05,8.404518034651467e-06,5.669891834259033e-06,0.00012896383507826625,0.0003115638632022327,9.878445416688919e-05,3.2527147453803584e-05,0.0003552317612409081,0.00011377967894077301,6.68018650712976e-05,5.8156854563694294e-05,0.0003298856317996979
1137,0.00020589311791746612,0.0002979706195261646,3.2413750886917114e-05,9.798552066236921e-05,3.414245950025124e-05,0.00024312734603881836,1.841542042120732e-05,2.1417364749098467e-05,6.649643182754517e-06,7.061430876727226e-05,0.00040962377818060114,0.00011867564171552658,0.000381032757774985,0.0005199345687552613,0.0003853552043437958,9.371620109194234e-06,0.0002964136523861058,0.00020186230540275574
1138,2.461654636996824e-05,6.92792404185516e-05,0.00025955401360988617,9.351151188558005e-05,6.212932939833257e-05,0.00010756310075521469,3.283055239126573e-05,1.1906928324744229e-06,2.4732202291488647e-05,0.0003469553000522846,0.00031725292713016134,0.00010144058614969254,0.00037975673836879165,0.00025252627839259315,0.0002458430826663971,0.0002659174355001681,0.00014810848968337814,0.0003791786730289459
1139,0.0003256447836025578,4.316018944434952e-05,5.677714943885803e-05,0.0001411406837826118,0.00016147974326206904,4.307553172111511e-05,2.432386857360337e-05,1.1109927300361963e-05,1.796334981918335e-05,0.001182345298145357,0.00031709322034071535,0.0002658604644238949,6.882142521194567e-05,5.5549862334754174e-05,0.0002623125910758972,0.0005212901079445775,0.0002646338120765486,0.0005551334470510483
1140,0.0005665951751100545,0.0003055490373910924,0.0001813247799873352,0.0005303095050947365,0.0004757594299079765,0.0002601286396384239,1.8403411637345907e-05,1.6840123673431476e-05,1.8037855625152588e-05,0.0008203851276372826,0.0005013325642240218,0.00018119113519787788,0.00017599792372995082,0.0003403674931011652,4.4966116547584534e-05,4.0300251382768826e-05,0.0003663320757172246,0.00042211078107357025
1141,0.00012964267412585162,6.579786922959047e-05,0.00015610642731189728,0.00039209405511952955,1.6440690369472905e-05,0.0002009943127632141,1.855951978671326e-05,2.0126272469468947e-06,9.04873013496399e-06,0.0008123457593882388,9.708364522459378e-05,0.00031552743166685104,0.00037445893200012403,2.4400973385733937e-05,0.0002191532403230667,4.8409413962891e-05,3.214446279795752e-06,0.000425092875957489
1142,0.0004043651079095323,4.145693545305057e-05,0.0001933220773935318,0.00023369462676194053,6.10936363216949e-05,0.00019311532378196716,2.2855955910767653e-05,7.726510759506087e-06,1.701340079307556e-05,0.0007672926665948099,0.0002802002447310492,4.2397063225507736e-05,0.0003086288548381777,0.0002399595781102902,6.7390501499176025e-06,0.00041848717956760595,0.00015997413191928475,0.00015173107385635376
1143,7.742619353057201e-05,0.0002652361774267073,0.00012747570872306824,0.00042459153556601015,3.2135078878472306e-05,0.00026299431920051575,2.192859929658203e-05,7.436151032626714e-06,1.2703239917755127e-06,0.00037869312998006777,5.0986001934240355e-05,2.849893644452095e-05,0.0002615650321108748,0.00013129839161910885,0.0001237373799085617,0.0005545982934987148,7.412512638690916e-05,1.30385160446167e-08
1144,0.0004226822448152451,0.0002304539651310708,0.0002208426594734192,0.0004758197468288511,5.897461024181871e-07,0.00032061152160167694,5.356212498971308e-06,9.2796356763404e-06,1.9039958715438843e-05,0.0009047274388770815,0.00036513015791776043,2.1283980458974838e-05,0.000211895603309184,0.0002326661706105581,4.274584352970123e-05,0.00033763223745045257,0.00021158296301410431,0.00011574104428291321
1145,0.0003947032537706674,5.769811960834939e-05,9.411387145519257e-05,0.0001914448599737717,1.1715932974949717e-05,0.00014560017734766006,1.1680642531684132e-05,1.2149403479443143e-05,1.4174729585647583e-05,0.00043637434167785594,0.00019529554688117734,3.47355380654335e-05,0.00021688717914242206,7.996466541755447e-05,2.173706889152527e-05,5.346627263566606e-05,0.0003133175262965589,4.048272967338562e-05
1146,0.00017221622701740769,1.4452808774611386e-05,3.2879412174224854e-05,5.351728255270638e-05,5.491423366618675e-05,3.562029451131821e-05,2.3849144625935625e-06,2.0431111615831386e-05,6.705522537231445e-08,0.00011190028101623617,5.913799307944584e-05,6.3516199588775635e-06,0.00035347554966273786,2.223569194583115e-05,7.560104131698608e-05,0.0005874495795269719,0.000369846032775744,0.00018413551151752472
1147,0.0001749819075400616,5.796202213105561e-05,0.00019686296582221985,0.0001531632216794504,4.846683626439502e-05,0.00014073029160499573,1.4702789094747995e-05,1.6586032501544282e-05,2.2627413272857666e-05,0.00010009297348291535,0.00036057278984977237,0.000302847009152174,0.0001866529379994375,4.2791848317987394e-05,0.0003514457494020462,0.0005282763904372878,0.0003356292495943422,0.0005219392478466034
1148,6.8356315412188e-05,0.00017088262860674372,0.0005890801548957825,2.086250297461678e-05,0.0001508931919293119,0.0005771229043602943,8.008644211876179e-05,1.2142829084530122e-05,6.70216977596283e-05,0.00029372234905078454,0.0005840235963513393,0.0006850138306617737,0.00010723712090640602,0.00015624525814523886,0.0006653983145952225,0.000254243102811913,0.0003718475418777144,0.0012628864496946335
1149,0.0002459552305534157,7.466176168653346e-05,0.00046300701797008514,0.0001252636184441297,2.8890594585145174e-05,0.0006324974820017815,2.8325480886286572e-05,3.88965161294305e-06,4.8547983169555664e-05,8.046427000002465e-06,0.0004925087140468729,0.0005271811969578266,0.00046347542353210314,0.00013848130641086302,0.00030452385544776917,0.0003710122251630865,1.640666906642732e-05,0.0006435643881559372
1150,0.0001481638549996056,0.00020360254021391244,0.0005716755986213684,7.478838198544946e-05,1.9793917984227416e-06,0.0005216086283326149,5.060813813767551e-05,2.287132038214187e-05,4.301592707633972e-05,0.00019206219505725486,0.0009538374003464703,0.00033683376386761665,0.000521774404078662,0.00028761035836946496,0.00038235634565353394,0.0005243770385573443,0.00041934891621017364,0.0005181785672903061
1151,0.00016541733132956205,0.00023528865363725907,0.0003243759274482727,0.0006320748190476039,0.00016709806822168966,0.00012469105422496796,4.8163982217052856e-05,6.413572316557137e-05,8.307397365570068e-07,0.0005084504830066977,0.001533267079594558,0.000328755471855402,0.0006557404563613256,0.0007873327638826654,0.000272924080491066,2.604334663594554e-05,0.0010601866936343698,5.0146132707595825e-05
1152,0.00011284497733540788,0.00025591166802214904,0.0011095888912677765,0.0006329097791571286,0.0008024545887580642,0.001287892460823059,0.00021587982183697042,1.4207158077676838e-06,0.00012752041220664978,0.000515872832647507,0.00035542121972908375,0.0010078023187816143,0.0002661574480197909,0.0005483059579715743,0.0006398577243089676,0.0007970522605195984,0.00013466480696774571,0.002309512346982956
1153,0.0016013469193946472,0.00026102086988500847,0.0004133172333240509,5.378622470643413e-05,0.000797468127648554,0.0008087428286671638,0.00017212788222676322,2.608450572201917e-05,5.47356903553009e-05,0.0004465998548582456,0.00011181392099174348,0.0008108699694275856,0.00027513305429102686,0.0007194664270661587,0.0001966729760169983,0.0005408847597962729,0.0005017841629316143,0.0012995284050703049
1154,0.0001480178128445142,0.00012308389225986274,0.00016538985073566437,0.0005776556989978282,0.00013860836560988105,0.0005935681983828545,5.286748648869466e-05,4.5999752567920434e-05,8.568167686462402e-07,0.0011249257015979452,9.61121121045988e-05,0.00029438547790050507,0.0010794515472511285,0.0006078105974159816,0.00020051747560501099,0.000676795205220071,0.0008388748034693048,0.0002129785716533661
1155,0.0011037104864345532,9.999116488530052e-05,0.0004888437688350677,0.0008999056474300882,0.00026720664857404416,0.0008091246709227562,4.71143521388398e-05,2.324251834783528e-05,1.5545636415481567e-05,0.001318679851861751,0.0017444551088349608,0.00010012276470661163,0.0006617565900188388,0.000182492730989664,0.0005511511117219925,0.0002979618777601001,0.00030587330581337974,0.00011754035949707031
1156,7.021423144412675e-05,0.00012016154961660627,0.00015578977763652802,0.0002022189129415597,0.00011501015346197449,0.00012604426592588425,3.9668839269662096e-05,5.1021056901075484e-05,1.1786818504333496e-05,0.00043825438421964125,0.0006795599814821765,0.000476812943816185,0.00031190672856827584,0.0004847112368296762,0.0008738059550523758,0.00022594194448541383,0.0008597893395859268,0.0007480941712856293
1157,0.0003750714650886944,0.00012417036693502734,0.000129038468003273,7.959216666415803e-05,0.00035153754300419615,0.0002906918525695801,3.406227180035443e-05,2.945164050350104e-05,9.04873013496399e-06,0.0006187488336004687,7.454506889083279e-05,0.0002792235463857651,7.676631479462681e-05,0.0004663624329109377,1.1455267667770386e-06,0.00030543471519720033,0.0006043064075409426,0.0002847723662853241
1158,0.00025699508023269146,7.069075012120299e-05,0.0003630630671977997,7.352040971488061e-05,0.0001751626394087373,0.0004990901798009872,1.5091153206119728e-05,3.5400802771633016e-05,4.37125563621521e-05,0.0008226222670931621,0.0007771702437424713,0.0008186213672161102,2.019712298055587e-05,0.0007067812669458683,0.0005964003503322601,0.0004868197680420183,0.000533655465877237,0.0007611513137817383
1159,0.000586233882127904,5.900916302602893e-05,0.0002569518983364105,0.0006220735198452232,1.099358197851133e-05,0.0003186408430337906,3.4851041538747074e-05,4.080615966645584e-06,2.5235116481781006e-05,0.00028053776251750484,0.0008342942295960012,0.0002944227308034897,0.0005157983125911869,5.08764824395172e-05,0.00022117793560028076,0.0003326523522213798,3.8881858342897785e-05,0.0003190077841281891
1160,0.000997453215807853,0.0002995588259721363,0.0002136528491973877,0.000558040732532808,0.00017760199117012113,0.0002836128696799278,2.6104092743653787e-05,1.1427301709404365e-05,1.228228211402893e-05,0.0007317703324833391,0.0007752706366894943,8.82195308804512e-05,0.0006554191230479928,0.0002240075995811018,1.5409663319587708e-05,0.0004545434805991455,0.00016993426470706188,0.00013615190982818604
1161,0.00026040746634843626,0.0003403394990045723,3.152713179588318e-05,0.0005537205956080843,0.0001210542393833558,1.2042000889778137e-06,2.668093156235271e-05,1.1901829341145055e-05,1.3232231140136719e-05,3.4900127856257734e-05,7.63678456516953e-05,0.0002697315067052841,2.556024148847591e-05,0.00022305055002671062,0.00029201433062553406,0.00013882915298557563,0.00026215661967891185,0.00047171860933303833
1162,3.729116934722554e-05,0.0002486706268768693,0.00015196017920970917,5.3131351355220624e-05,0.00012109832073852606,0.0002899942919611931,3.1199107244854474e-05,2.9071902444491185e-05,2.4531036615371704e-05,0.00016601450930280037,0.0006976726251438289,0.00030135829001665115,0.00021029887478102305,0.0009021934660229242,0.0001128166913986206,0.00023628751632209788,0.000537477539537078,0.000376727432012558
1163,0.00031377962655312897,9.650001378551376e-05,0.0002910476177930832,8.739801617362042e-05,5.447090451212236e-05,0.00013694632798433304,1.9949510485556612e-05,1.152016072662233e-05,2.6326626539230347e-05,8.094340914457931e-05,0.0003961772119360149,0.00037228409200906754,0.00011472294549079443,0.0010911723162402957,0.0005496479570865631,0.0005447686307736288,0.00015317875901420773,0.0006514079868793488
1164,0.0001488244666026789,4.166801999165928e-05,3.8178637623786926e-05,0.00014974272131353106,0.0001291474860767479,5.717761814594269e-05,3.624814960693362e-05,3.667954135317254e-06,5.472451448440552e-06,0.0003064150965899487,0.00010856532285832832,6.791297346353531e-05,0.0003188033892699421,0.0005526165121547653,0.0001849886029958725,0.00024200952676678433,3.653517153675255e-05,5.15766441822052e-05
1165,0.0002254605505627033,4.0671760090996156e-05,0.00020728446543216705,0.0004344350368210431,7.556845419722652e-06,9.820796549320221e-05,2.380356097267909e-05,2.6641148068400956e-05,3.455206751823425e-05,6.897208476869254e-05,0.0009384469898464087,4.293397068977356e-06,0.00036838445553165344,6.441573645485366e-05,0.00043067149817943573,0.00043383217471770763,0.00036097970987727587,0.0006368346512317657
1166,0.00020342423610263116,0.00032551378820234664,9.336881339550018e-05,0.0006260814633184675,6.947784467709398e-05,8.474662899971008e-05,1.1068757536678714e-05,5.255704752476229e-06,1.7471611499786377e-05,0.0004151148700812374,0.0001573804723134023,0.00023099873214960098,0.00014345462252836338,9.206721703571355e-05,0.00024587661027908325,0.0004896935702104754,0.00012309592947459293,0.0003761798143386841
1167,0.0005481979001662196,1.8346760248626887e-05,0.00012533552944660187,0.0007626725628463171,9.45828826396343e-05,0.00015091802924871445,3.1735029673652174e-05,1.2072878662155962e-06,4.739686846733093e-05,0.0008146797784867599,0.0001638385956293023,0.0007339790463447571,0.0007043068865210528,6.322836396666781e-06,0.0007048752158880234,0.00041018434700931805,4.881974136224619e-05,0.001172289252281189
1168,0.0002614196492293497,0.00019925505975789196,4.277937114238739e-05,0.0001576150027977341,4.241551761305015e-05,0.00014979857951402664,1.942033715974026e-05,5.798304499214039e-07,3.907829523086548e-06,0.0002275944150308129,0.00013264259555711283,0.00022133905440568924,4.127757684317668e-05,4.175227111376939e-05,6.721541285514832e-05,7.276434980132973e-05,0.0001524192364667793,2.7749687433242798e-05
1169,0.0002486789441380338,0.0002786172341734533,5.904585123062134e-05,0.0004997082970394501,0.0002744741528208708,0.0004625171422958374,2.175717830822134e-05,4.292058796941318e-05,7.80448317527771e-06,0.00036179398155838927,0.0011561729051270675,0.0005435468629002571,0.0004192558372167893,0.0005026676430649052,9.801238775253296e-06,0.0011227074270884763,0.0007777964707043859,0.00017600879073143005
1170,0.00044621690893102695,0.00012038745358912764,3.131106495857239e-05,0.0004551053467659466,0.000132524530470534,1.405365765094757e-06,1.1892200414993087e-05,7.809856084836924e-06,3.625452518463135e-05,6.73177861165164e-05,0.00018758790298296912,0.0003808988258242607,0.0006423159357744485,0.0005499442517869005,0.0004009045660495758,0.00013972634137265905,3.408669460912804e-05,0.0009399764239788055
1171,0.00039995003769073556,7.163804601171414e-06,0.0003143623471260071,0.0008415872003265656,0.0001993889878482355,0.0003004586324095726,1.4374354053853233e-06,2.3856038770920336e-06,4.2576342821121216e-05,0.0005518968402708907,0.0005105716312953645,0.00033522024750709534,0.0005455895121345145,0.00018898377476898529,0.00038318149745464325,0.00010148672144733029,1.8176236600987022e-05,0.0003422647714614868
1172,0.00024055447763191018,0.0001878437565244022,0.0007145702838897705,4.662509129851888e-06,4.8620500778771836e-05,0.0008048685267567635,4.3292288396269e-05,2.1895013766336886e-05,4.017725586891174e-05,0.00039737460637137567,6.955357981231619e-05,0.0002387138083577156,0.0007326652304059655,0.00014545694114979218,7.709302008152008e-05,0.0005670969193922737,0.0003260249691695496,0.0005173608660697937
1173,6.797316419573929e-06,7.697885508719735e-05,0.0004268418997526169,6.135101742407723e-05,0.00020262434562912102,0.000562623143196106,1.5152079531047594e-05,1.0031822027362493e-05,6.259605288505554e-05,0.000109733765902148,0.0008604138369606926,0.0007803691551089287,0.0004526114580861579,1.467120441493372e-05,0.0005846675485372543,0.00013844798991721752,6.75105660091456e-05,0.0010665617883205414
1174,0.0009355897994266504,0.00019956351031841235,0.0004095491021871567,0.0008496139759332916,2.826694095613494e-05,0.0004643825814127922,5.199020467628462e-06,7.284362850903275e-06,2.311915159225464e-05,0.0013024465572130106,7.271456790004793e-06,6.951205432415009e-05,0.0007959780804463606,3.526267750065398e-05,0.00014862604439258575,0.0009434959992222769,0.00014810380244992954,0.00014862045645713806
1175,0.00044915760145283756,9.115768020585488e-05,0.00021777860820293427,7.769796351377034e-05,0.00012936216426465141,0.0002186959609389305,4.085585332436192e-06,6.745551491625862e-06,3.645196557044983e-05,0.0005189861475572571,0.0002558364578667746,0.00019722990691661835,0.00047375161316629,0.00042620092943141535,0.00023570097982883453,0.00113024437454462,0.00019907741396884247,0.00022379308938980103
1176,0.0006101206532454218,2.1038714667492853e-06,9.680725634098053e-05,0.00040097247415896153,4.064217756983429e-05,8.652918040752411e-06,1.9128146156593973e-05,1.4262898119957223e-05,6.027519702911377e-06,0.0008124184465677781,0.00025569908191729745,0.00011689309030771255,0.0008262248941762196,0.0003686436320137973,3.2860785722732544e-05,0.00042742229721706715,0.00014715692671959414,5.6352466344833374e-05
1177,0.00014949709607174622,0.00014144459735603368,0.00011090561747550964,9.499841608764936e-05,1.9603491664420963e-05,7.657986134290695e-05,5.065499559895985e-05,1.6932140628939042e-05,4.667788743972778e-06,3.8774583753939385e-05,0.00022453402236561476,0.00018069148063659668,0.00024735028913654145,0.00029812122873501545,0.00012051500380039215,0.00027872386496841095,0.0002129842319206557,0.00018334388732910156
1178,0.0005977288511164469,0.00041014721115833,5.323626101016998e-05,0.0011973115803964873,0.0005317064043901809,0.00020533986389636993,8.376351140633106e-06,2.130001229442473e-05,5.048513412475586e-05,4.436670994165115e-05,0.00023943178744544047,0.0005229925736784935,0.0005308154376420238,0.0002416641499849645,0.00028447993099689484,0.0003008580925795701,0.0002910104432927614,0.0007492713630199432
1179,0.00018140743720174157,0.00042495663454315824,0.0002391524612903595,0.0005721450967748481,0.00012712719677062875,0.0001587076112627983,9.587124526323418e-06,1.2819194710548426e-05,3.584474325180054e-05,0.00012419670398113036,0.0007032209060487543,0.000370243564248085,0.0007684946156370914,4.5685954825069874e-06,0.0004814472049474716,9.890887226360334e-06,0.00021042780758033335,0.000741325318813324
1180,0.0008097012333757592,0.0001329260773831227,0.0005163438618183136,0.0010623512307276484,0.0006363661965372233,0.0002519581466913223,2.7696306433250967e-05,1.2119585592311076e-05,4.053860902786255e-05,0.00036034467226735145,5.626122641767817e-05,6.75935298204422e-05,0.0003160350703847181,0.0001401046996012123,0.00026834942400455475,0.0004263623834269148,0.0001282605098416236,0.0007262043654918671
1181,0.001097877344215431,0.00017348337840568037,0.00022714212536811829,0.0006998210377719416,0.0006522079639983379,0.00043058115988969803,3.4592564961150735e-06,5.533227334501899e-05,0.0001247115433216095,0.0004246228465446117,0.0014062240399860884,0.0007113311439752579,0.0007937180882770373,0.001251274798585049,0.0016568750143051147,0.0006540655184687771,0.0009677090441045488,0.002203740179538727
1182,0.0003759665755743574,0.0006201917080494411,0.0011623837053775787,0.00028468353941790703,0.00057880766695418,0.0011064549908041954,0.00023169293093582358,1.8220758887944237e-05,6.411224603652954e-05,0.0024449997221668435,0.00015166790890482756,0.00015338696539402008,0.0022349682529589354,0.0005344192854808971,0.00024109147489070892,0.0023000486877867987,0.0002191053986602843,0.0007219724357128143
1183,0.0001458947829368895,0.0003213257793209974,0.0010195821523666382,0.00013895128323250516,0.00042775045769833167,0.0010528722777962685,0.00016413214283066135,2.8844152140582017e-05,9.274482727050781e-05,9.366618754094724e-05,0.0005615274815182758,0.0007534055039286613,0.00039156263984352346,0.0003597729405283995,0.0006493143737316132,0.00032546625592277945,0.00044674258125083216,0.001881169155240059
1184,5.8450753178174164e-05,0.0002379064547895493,0.0008495841175317764,0.0003730140126005088,0.0004395403634198068,0.0009244978427886963,0.0001197035441776427,9.127339388232086e-06,8.005276322364807e-05,0.0011443237209359802,0.00023743135798928033,0.00045391498133540154,0.0007994460900454387,9.768100933984364e-05,0.0003017932176589966,0.0012055562361962535,0.0001183036858572635,0.0011758878827095032
1185,0.0006049719200025006,5.49899624187819e-05,0.0002300497144460678,0.0005164729539841595,0.0002462685446267786,0.00039535481482744217,3.7154568335633076e-05,1.7125478121686336e-05,1.4137476682662964e-05,0.00020994986997138754,0.0002668336124840853,0.00026561692357063293,1.4888233560425568e-05,0.000542565551929601,0.0004540812224149704,0.00011755377017300117,0.0003750487274226978,0.0005401745438575745
1186,0.0008591445974309581,0.0003540642570307971,0.00020403414964675903,0.0013151203767236413,0.0001626946555642085,0.00021014828234910965,4.588519543689308e-05,5.86854005995203e-05,1.5098601579666138e-05,0.0006450145104968663,0.0008936002965617626,0.0005232007242739201,0.00016199939815801645,0.0003837500154935253,2.8310343623161316e-05,0.00023047619479929504,0.0007132779576861578,0.0003168545663356781
1187,0.0014011519425779356,1.2420071121507087e-05,3.131292760372162e-05,0.0004829774316757185,0.00017695069097857508,0.00015903916209936142,2.236907626587681e-06,2.6850208483650078e-05,3.594905138015747e-05,6.673628026024336e-05,0.0006908688716701847,0.0005296156741678715,0.0002828129442457167,6.478819143670295e-06,0.0002887807786464691,0.00017864241255327595,0.0005721293016061838,0.0007343143224716187
1188,0.000703012115550683,3.0743923929103106e-05,0.0005285441875457764,0.00036902807533283066,9.64342939589434e-05,0.00035353656858205795,6.27946208622901e-05,1.30611164273391e-05,6.891787052154541e-05,0.001000979265434243,7.978812076162023e-06,0.00043511297553777695,0.0008893150967873992,0.00021482435868896282,0.0006459085270762444,0.0013254786418180342,0.00019922042128366242,0.0010344088077545166
1189,3.423093611576444e-05,0.00022620341718510018,1.1920928955078125e-05,0.0001427699265258292,0.0003155011563013392,0.00017326418310403824,1.9740230729236793e-05,1.7450723395023263e-05,9.123235940933228e-06,0.0008881757571617549,0.00019990968136336662,2.4031847715377808e-05,0.0015044127541605917,0.00045243817762104926,0.0002779439091682434,0.0009893187032173067,0.00023104358989668207,0.00029174238443374634
1190,0.0002409864629152464,0.00032765131232904976,0.0002271551638841629,0.0006085952291394192,0.00012246315667322968,0.00037032924592494965,6.373468672274223e-05,1.823525319296195e-05,8.766725659370422e-05,0.0008419998263530654,0.00034548251151150094,0.001016063615679741,0.0017427426713106514,0.0010222588214289056,0.0008457191288471222,0.0011709730429349252,0.0002492992314251097,0.001365605741739273
1191,0.0007170534209258034,0.00020965702302311665,0.00039827264845371246,0.0005067867716888885,4.1185068025022253e-05,0.0002520466223359108,5.962413696449821e-05,7.422021224091154e-06,2.372637391090393e-05,0.00024557073124416295,0.00013744179001702606,3.364216536283493e-05,0.00052003386304246,0.0003771997878602232,0.0002327263355255127,0.0007439950133296958,5.7573542249656634e-05,0.0004252977669239044
1192,0.0009107571886183274,0.00014959162690356478,0.00020164437592029572,0.0002677737625966514,0.0003973742932577018,0.00010327715426683426,1.75550259985148e-05,3.5639206859011544e-06,1.1004507541656494e-05,0.00011953148853834084,0.00016548158070811558,0.00031716981902718544,0.0005753635476583308,8.889134438219357e-05,0.00021153222769498825,0.0003401723962909442,0.00023403768881965874,0.0005271434783935547
1193,0.0011817201554854273,5.326196590165616e-05,0.00019827857613563538,0.0008967013007433883,3.985704635753318e-05,0.00016228388994932175,9.944297901935337e-06,8.339459497641328e-06,2.0440667867660522e-05,0.0006924350766565751,0.00046336865072840044,4.452187567949295e-06,0.00046413899148950444,0.00031730317850239484,1.7908401787281036e-05,0.0009143455530322142,6.341705026121323e-05,0.0005271006375551224
1194,6.2484058928447e-05,0.00027348019986147415,0.0006117019802331924,0.0007907455017660131,0.0001385062293196085,0.0005527306348085403,1.5083125943679901e-05,8.649181232490283e-06,4.120543599128723e-05,0.0010074018408762486,0.0002064826503553538,0.000173147302120924,0.0005607671469009534,0.00034045431380868435,0.0002293083816766739,0.0005786136552707599,0.00012626822807900763,0.00043174996972084045
1195,0.00019477944134270453,0.0001614363017099149,0.00024906545877456665,0.00058292257429024,7.30052262246858e-05,0.00025221146643161774,4.0331120548874055e-05,1.4977242987137033e-05,9.857118129730225e-06,0.0006605370992707749,0.0007531749334088109,8.157268166542053e-05,0.00059283505092253,0.00036495002255787154,8.39894637465477e-05,0.0006719534249294279,0.0002671274024307613,2.9884278774261475e-05
1196,0.00033557144907017666,3.095203015248196e-05,0.0001926189288496971,4.391545103946126e-05,9.698728564741868e-05,0.00031440798193216324,3.630546103324146e-05,1.009078283857991e-05,3.055110573768616e-05,0.0001731220746168799,0.00015913165595803774,0.0007159621454775333,0.00034196388597033944,0.00019305648825915928,0.0005532680079340935,0.00010629321190794294,0.00020448772761206754,0.0009512472897768021
1197,0.0003872222252041396,0.00022409557610681557,0.0001072986051440239,0.00021751750911276624,3.5968401255678795e-06,6.0753896832466125e-05,3.239622496357432e-05,1.5352778019649626e-05,4.86224889755249e-05,0.0001790788313136421,0.0003615218413118501,0.00042168283835053444,0.0005347806649277781,0.00022347295735622788,0.0006545651704072952,0.0006566186021940423,0.00030478706356453465,0.0008775126188993454
1198,0.0006499915709474308,0.00027052320708530544,7.484760135412216e-05,0.0004062105213847589,7.757755556834361e-05,4.7149136662483215e-05,6.414439794910111e-05,1.841952499303406e-05,3.3486634492874146e-05,0.0006352035332102407,7.085183441361137e-05,0.0007497887127101421,0.00031194159531426624,0.000192579946170314,0.0005836831405758858,0.0008815939519249416,0.0002900233839829222,0.0008883289992809296
1199,0.000899352439987261,0.00021348186939500885,0.0005767466500401497,0.0001946889223854581,0.00016504270704111035,0.00034558866173028946,2.1213780191015053e-05,1.7334504025877493e-05,6.53676688671112e-05,0.000708526040274729,0.0001985392192723895,0.0004702531732618809,0.0008249400949492114,0.00011618193412553379,0.0007722694426774979,0.0008279618682737466,0.000275142410962121,0.0012305155396461487
1200,0.0009802173691501048,4.395491944985189e-05,0.00017456896603107452,0.00046602089795000357,2.3471362555198272e-05,0.00029617827385663986,3.0036169573624885e-05,4.570384937415783e-05,1.6186386346817017e-05,0.0008910950384527216,0.0008616820250430465,0.00010679522529244423,0.0009295831756359063,0.00023933691489158929,7.823668420314789e-05,0.00035429966720618156,0.0008121891526991169,0.00026237964630126953
1201,0.0001719839448412197,0.0001980148426342157,0.00035886652767658234,0.0004952455513073523,0.00019602589528406114,0.00016717147082090378,5.952969135927799e-06,2.6689367934757953e-05,3.2033771276474e-05,0.0004936304663896718,0.00037891582670016716,3.703217953443527e-05,0.0005356036535468928,4.572817271416077e-05,0.00020034890621900558,8.803238068316732e-06,0.0004830940582680916,0.0004666745662689209
1202,0.0010182686037204514,4.591364273663287e-05,0.0005991365760564804,0.0008707281210785511,0.0002421166514470774,0.0005014277994632721,1.2834799149609097e-05,1.302876832138069e-05,3.1441450119018555e-05,0.0014842778918410238,0.000290516833437178,0.00017583603039383888,0.0007527257706891888,9.415980449834632e-06,5.361158400774002e-05,0.0012507092764071637,0.0001343476454257874,0.000142732635140419
1203,0.0003626064245311478,0.0003932487463817816,0.0003770291805267334,0.00020546286063577446,1.8614372419376718e-05,0.00020248442888259888,4.0907080839647225e-05,2.374471401993814e-05,4.984810948371887e-05,0.000585197834708312,0.00043184318814105255,0.0003543701022863388,0.00027845848534684137,0.0005399755425272192,0.0005955323576927185,0.0007346457470611967,0.0004785372911909735,0.0007816068828105927
1204,0.0005864126751368437,0.0004432309409780552,0.0004152432084083557,0.00012096495468405521,3.860237839379069e-05,0.0005284314975142479,3.176408250576447e-05,9.32330504075957e-06,6.915256381034851e-05,0.0001827112150939031,0.00018915497384012353,0.0005804616957902908,0.00020628772336016288,0.0002162745634133427,0.0004330882802605629,6.249685362919033e-06,3.2963328359751284e-05,0.001113777980208397
1205,0.0005331732850088339,0.00022746313089285278,0.00020736455917358398,0.00013758010093506412,0.0001727648364596747,0.00010772328823804855,4.189650988211183e-06,1.3520820481618349e-05,2.810359001159668e-05,0.0003194686086275822,5.792019353881295e-05,0.0003986670635640621,2.810782577726545e-05,0.0006225262561570973,0.0005337940528988838,7.790696602172353e-05,0.00021160382995094075,0.000779908150434494
1206,0.00011526278086922137,5.571203696840346e-05,0.0002917386591434479,0.0004151336630085073,2.921938155855605e-05,0.00042567215859889984,4.384745136590783e-05,2.0777352983029885e-05,5.580112338066101e-05,0.0004601145971174503,0.00012557564726377313,0.0007155328057706356,2.2728265031704553e-05,0.00025857534495408313,0.000593145377933979,3.739428867569061e-05,0.0002741614231422801,0.0007499754428863525
1207,0.0008127570318279126,3.373433522995198e-05,0.0005506332963705063,0.0009343217090514722,3.958009872401941e-05,0.0006207264959812164,0.00011292433663066814,9.92760586163502e-07,0.00011186674237251282,0.0001821507490837454,0.00039830148004064286,0.0013905218802392483,0.0004894097102991907,0.00029210174091565816,0.0012931721284985542,0.0003237517805231016,2.6848592288738343e-05,0.0020153243094682693
1208,0.0013386069789098481,0.0001779593629576033,0.00012170523405075073,0.0004734335328288597,0.0001268948762998788,9.774230420589447e-06,1.2338583418992563e-05,1.055113085039294e-05,1.34296715259552e-05,0.0003361080813693157,6.95510158324475e-05,0.0005089449696242809,0.0007286807755162439,0.00019754365272748806,0.0003341156989336014,0.00011631942935891315,0.00021012985825195202,0.00035863742232322693
1209,0.00045320377524410427,8.883125712003809e-05,0.00012486055493354797,0.0006852302937767063,7.362546903201539e-05,0.00029889214783906937,2.8829628948266045e-05,3.294309955191978e-07,2.641230821609497e-06,0.0005289634866510601,0.00038437054536003684,8.110888302326202e-06,0.00037446195845147745,0.0007311254285824603,0.00027677789330482483,2.4877588565008768e-05,9.424109241878628e-06,4.906207323074341e-05
1210,0.0004233628238070192,0.00010052845575033928,0.0001376532018184662,0.00045246051725576775,2.8957936343970703e-06,5.974620580673218e-05,2.2591142499559652e-06,1.8351369860578797e-05,3.1828880310058594e-05,0.00027270677283709743,0.0002864031436063258,0.0004473789595067501,1.6164159338569184e-05,0.0013730695188705205,0.000555647537112236,0.00021911702693741542,0.0004658488355315984,0.001050412654876709
1211,0.0003818831677691731,0.00023168176310039285,9.175948798656464e-05,0.00016958613995184113,0.0002550906334748554,0.00019022822380065918,4.465322409653166e-05,7.03500275374897e-05,3.3155083656311035e-07,2.9597782211801538e-05,0.0015243464882865182,1.4415010809898376e-05,0.0003743096554905262,0.001483211293279333,0.0003358451649546623,0.0007760980020234121,0.0013376749873863763,0.00036026351153850555
1212,0.0005826046930519913,0.00024162810451819686,1.3299286365509033e-05,0.00033180469694009396,0.00029915052631235284,0.00021842122077941895,3.090754544601143e-05,3.6336322687874996e-05,2.119690179824829e-05,9.236785015556692e-05,0.0015336676176703548,0.00039004767313599586,0.00015440909301989159,0.0007037608762944757,0.00015100371092557907,0.0005125087649670568,0.0006366070766286747,0.0004908274859189987
1213,0.00020221392328693966,0.0004441156694852087,3.596767783164978e-06,0.0002432492717389101,0.00011765398375606848,0.0002039531245827675,8.904864164340637e-05,2.7882900802608302e-05,1.4171004295349121e-05,8.25047715359295e-05,0.0009447152991587521,4.118448123335838e-05,0.0001376658974016759,0.0001185623722190117,0.0002463655546307564,0.00015197872504674192,0.000547780125346585,0.0007978957146406174
1214,1.5703515420253944e-05,0.00012633450493637968,3.1404197216033936e-05,0.0001741197531780342,0.0002697263764958324,0.00014328770339488983,6.542592899686298e-05,8.506885006175796e-06,8.191913366317749e-06,0.000479686667206769,0.0008878207674412816,7.601175457239151e-05,0.00020413733511435994,1.632867868407717e-05,0.0002518957480788231,2.89937915873284e-05,8.420715289178711e-05,0.00021436996757984161
1215,0.00016221402500517235,0.00020763289307375657,0.00024590082466602325,0.0003330656761816875,0.00010425880166113274,0.00015194900333881378,3.0127298216633264e-05,3.957934082011354e-06,3.222748637199402e-05,0.00016432398608612342,0.00014703527308295578,0.0001833396963775158,8.84601818159636e-05,0.0001398043107013261,0.0002737380564212799,0.0007811884908238143,9.788204750949166e-05,0.00047800689935684204
1216,0.0006166660363557258,0.0005251385664415097,0.0005882084369659424,0.0012464823726553026,0.00010193712773982552,0.0006691105663776398,4.795018455090033e-06,7.917021856502799e-06,3.8154423236846924e-05,0.0008196000093585731,0.00013787548086574564,0.00018920190632343292,0.0010247568041430732,0.0004377064209211412,0.0001399889588356018,0.0010610947595558196,0.00012730777602402467,0.0006060265004634857
1217,0.00028667212696770195,6.68205552209998e-05,0.00010735355317592621,0.0005461707881923156,0.00019218566948950994,1.4008954167366028e-05,3.6820356771650326e-05,2.397944608865531e-05,1.4446675777435303e-05,0.0008633861840332824,0.00027084582035374893,0.00010623643174767494,0.00021440540426134747,0.0005043348473496197,7.773470133543015e-05,3.0017384938796354e-08,0.0004603274951898821,3.854930400848389e-05
1218,7.663732773623144e-05,3.683361007761343e-05,5.7425349950790405e-06,0.000765544788177891,0.00026459768383613885,0.00021585635840892792,6.134472046511602e-05,1.9926618206367037e-05,5.2560120820999146e-05,0.0008348907776893899,0.0005179779625050299,0.0003566369414329529,0.00033106786077852224,0.00026732004941585133,0.0006792545318603516,0.00027072810852935003,0.0005128567854369194,0.000998353585600853
1219,0.0005331957100323664,0.00029941577519337903,6.824545562267303e-05,0.00037037995594099704,8.293548754318911e-05,0.00017048511654138565,9.563026810892675e-06,2.0823965801858844e-05,8.471310138702393e-06,0.0006459684075369454,0.0005572291731613666,0.0001018717885017395,0.00024482391413349625,6.638941969326628e-05,0.0003030160441994667,0.0003655030475307186,0.00032154928188813867,0.00020279735326766968
1220,0.00015933075371214744,4.101895280268775e-05,0.0003357604146003723,0.00018950383145666105,1.530388109993383e-05,0.0004121987149119377,3.591065093903542e-05,5.364987992852025e-06,2.0440667867660522e-05,0.00026432909510273883,4.046567482322849e-05,5.498295649886131e-05,0.0007440891442676845,0.00021299993644840684,7.152557373046875e-06,3.280163407820558e-05,1.3837133886458394e-05,0.0003698337823152542
1221,0.00034652407204452396,0.00024023930141746364,5.017779767513275e-05,0.0002930694900864089,4.1282501416418926e-05,5.159527063369751e-06,2.2098701006648472e-05,7.166892782867239e-06,2.300739288330078e-05,0.0005003935295419815,0.00024034271312153854,4.48678620159626e-05,0.0007305498776831038,0.00023898185757245324,6.0160644352436066e-05,0.0006312795419383399,0.00014083074422189916,0.00040976330637931824
1222,0.0009835044713146363,0.0003765861662433957,0.000558704137802124,0.0009411642129347336,0.00019039737162801842,0.00036859698593616486,2.6481230155014912e-05,2.5584669941674664e-05,3.9692968130111694e-05,0.0012814581412648601,0.0003268896154566617,0.0001871604472398758,0.0012975252318329078,0.0007512130356148936,7.98376277089119e-05,0.0014659330742479992,0.00048540667608907954,0.00043971091508865356
1223,0.00044848653447163156,0.00034517283651921624,0.0004946645349264145,0.0005585271471257869,0.00018930299895341535,0.00021779164671897888,2.1825014539768317e-05,3.9250021061997746e-05,3.883242607116699e-05,0.0006623208895369243,0.00047189072185335745,2.6941299438476562e-05,0.000505771105868455,0.0004131993515126865,0.00039064139127731323,0.0005840830535704666,0.0007801709453690991,0.0004835929721593857
1224,0.00021844146245403318,6.116617183008627e-05,0.00010675378143787384,0.00011022383154336846,0.00013697560739580478,0.00027406681329011917,2.024987017443247e-06,2.866721679391042e-05,1.7628073692321777e-05,3.792221127756068e-05,0.0005159416267826178,0.00011015916243195534,0.0005877903016586195,0.0002437840900061279,0.00011771451681852341,0.0008035450066427863,0.0004993200535875989,0.0002062041312456131
1225,0.00020130158652865993,7.284661516385182e-05,6.747245788574219e-05,0.00019436796101331144,2.732135692677662e-05,5.929730832576752e-06,1.4845317883390927e-05,6.261945655659925e-06,1.1730939149856567e-05,0.0005550727974927977,0.0008441979053441379,8.195219561457634e-05,0.0003249587778858948,0.0002870717536407226,5.757622420787811e-05,4.847993730958122e-05,8.159708605736705e-05,0.0002355724573135376
1226,0.0003072608410078781,7.051109520792714e-05,0.0001612100750207901,3.959712685289163e-05,0.00012080386970374224,0.00028070714324712753,5.885919696864417e-06,6.5573902574504045e-06,1.0591000318527222e-05,0.0002745678807649504,1.0284102934937644e-05,0.00010570371523499489,0.00036210241123241227,0.00020587756319364464,4.917103797197342e-05,0.0004204246018330027,7.079018753048533e-05,1.4359131455421448e-05
1227,8.057005292780306e-05,1.5366451848609908e-05,0.0004520472139120102,0.0003967493693835117,0.00011815030600372325,0.00043234415352344513,2.7434489527324718e-05,1.2946121957523081e-06,3.3661723136901855e-05,6.787778745964701e-06,0.00015650510028798054,0.0002329191192984581,0.0005837169399745545,0.0006317370722420113,0.00027620792388916016,4.208983034478808e-05,7.739946361778709e-05,0.0006524641066789627
1228,2.9467154618254e-05,0.0001637094206694903,0.0002774633467197418,6.285065207425888e-05,3.244627464086408e-05,0.0002868138253688812,4.463824840973338e-05,1.105269936990986e-05,1.4062970876693726e-05,0.0003393856366918496,8.08799533145721e-05,5.7866331189870834e-05,0.000298766211726767,3.862300852044975e-06,3.923196345567703e-05,7.841904889116513e-06,0.00017125668813680953,0.0002704411745071411
1229,0.00014418140860814055,9.107116014751837e-05,3.6014243960380554e-05,0.00013118450332809395,0.00018099862314260862,6.651971489191055e-05,3.1804265760519354e-05,4.574990662238685e-06,1.1965632438659668e-05,0.00010903130489423041,0.00030487734886231604,0.0003845980390906334,0.000330834216980172,0.00026599322299848335,0.00039531663060188293,0.00023714592322077177,5.061928574790625e-07,0.00042127445340156555
1230,6.219320153943997e-05,5.071626269539248e-05,0.0003509167581796646,0.00028277408052530817,0.00020236332906503618,9.814649820327759e-05,1.8102816301204458e-05,3.394584890078437e-05,2.7399510145187378e-05,8.305091878739457e-05,0.00036657112338209924,3.0578114092350006e-05,8.067315070157954e-05,0.000591697529203055,0.0004187757149338722,0.00012986414434126847,0.0004942169382560844,0.0005669519305229187
1231,0.00011344517077722938,0.00016043088596017982,0.0003594588488340378,0.0002671416252559289,0.00013656121247479155,0.0002782847732305527,2.2630090675507947e-05,9.881641729657473e-06,4.498288035392761e-05,0.00019744550133962702,0.00045398494774290254,0.0005666953511536121,8.005482143666476e-05,6.61896665269425e-05,0.0007527517154812813,2.493763633584778e-05,0.0003188496070322226,0.0010077953338623047
1232,8.188274038894994e-06,4.982205778041038e-05,0.00016098469495773315,1.3898699237124834e-05,3.569230981661023e-05,0.00020917970687150955,5.413662567143457e-05,1.0501993713603807e-05,1.426786184310913e-06,8.409708921551518e-05,0.0006727657469152229,3.25334258377552e-05,0.00019487586275650226,0.00010499056191346987,8.067674934864044e-05,0.00028686751976730873,0.0001818934232038251,0.000405728816986084
1233,3.619811779168036e-05,2.2445182221133425e-05,0.00015562772750854492,0.00015185870862517714,2.6597294044614778e-05,0.00014915317296981812,2.4293393093500343e-05,3.8612564602638014e-06,3.235042095184326e-05,2.8997920389101095e-05,0.00016646438737299984,0.00039046816527843475,6.623007802432357e-05,0.0004814183147105744,0.0004198634997010231,0.00023478840637730647,5.424677639770392e-05,0.0003899484872817993
1234,0.000458115790171576,8.140102235988655e-05,4.1192397475242615e-05,0.0001629640922810871,2.7306115759351268e-05,2.62334942817688e-05,3.271222085097711e-06,8.117663798505505e-06,1.2539327144622803e-05,0.00013245150505307446,0.00013137524520129978,0.00020280713215470314,0.00015613546838098846,0.0002627247734038572,0.00021687056869268417,0.00019008965661113097,0.00017764330235750525,0.0001558121293783188
1235,0.00021398981093942449,4.219118355412027e-06,0.0004365071654319763,0.00044967607411303123,0.00015914917464907724,0.00021944474428892136,2.3587353573410394e-05,1.4403254948825578e-05,2.5853514671325684e-05,0.0007351318657573824,0.0003179295001453225,0.00016580941155552864,0.0004383408875042183,0.00029729026377119105,0.0004302496090531349,3.2592000044351366e-06,0.0003181885672754823,0.00035030022263526917
1236,0.00018865068911334826,0.0005236271060986911,5.6684017181396484e-05,0.0005307800039359989,4.4042407728143995e-05,0.0001843627542257309,1.6938976794493577e-05,1.934748934985151e-05,6.183981895446777e-07,8.550014206840095e-05,0.00022184698418212245,0.0001997114159166813,0.0004086758213395908,0.0008604755156397005,0.0004941662773489952,0.0008473079037147058,0.0004490578385217131,0.0003334321081638336
1237,0.00022073379823180084,9.805753674742637e-05,0.00010677799582481384,0.00021393230508942596,3.605047603828099e-05,0.0001700902357697487,7.643869412553989e-06,1.0797877368295418e-05,8.016824722290039e-06,0.00022945959145416472,0.0004310871610441261,0.0003014868125319481,3.465652173109679e-05,0.00012756195478178314,0.000385800376534462,0.0006893745948932939,0.00017753069765756926,0.0003535076975822449
1238,0.0003308142036218542,0.0005327923213183476,0.0004759393632411957,0.00019330455554343595,0.00016951540664109782,0.00037469901144504547,3.8130631817828026e-05,1.6195484198914026e-05,3.282725811004639e-05,0.0003602566434269261,0.0002806800029245271,0.00031958427280187607,0.0011092958278106219,0.0010753070322080255,0.00042460113763809204,0.001062658267894201,0.0003795825439007576,0.0005854498594999313
1239,0.00010180103261467344,1.9035880783387776e-05,0.00045919232070446014,0.0003814608363281735,4.8754110763295916e-05,0.0004830705001950264,1.4152939703183237e-05,5.612658251344599e-06,5.525723099708557e-05,3.726623917446603e-05,6.346010416127118e-05,0.0006122277118265629,0.0010344219822709388,0.0005240077262290317,0.0005996646359562874,0.00046217844707163724,2.496332819006304e-05,0.0010170266032218933
1240,0.000438001263318874,2.4546615666035804e-05,0.00017491914331912994,0.0002874750241287499,0.00018043514344957823,9.78466123342514e-05,4.526582665686021e-06,1.7142603975465283e-05,3.21120023727417e-06,0.0005743057264615548,1.7840197874610664e-06,0.0001063118688762188,0.0001150342442744201,0.00029377951356998264,1.6809441149234772e-05,0.0005684833998816086,0.0002748223898102059,0.00010110996663570404
1241,0.0003009015234506224,8.927002394893205e-05,8.762627840042114e-05,0.00048450427553421715,3.4918645763073325e-05,3.9390288293361664e-05,1.4328934875696905e-05,1.3644775322677527e-05,8.23289155960083e-07,0.0002452789188718413,0.0003592872759068874,0.00033498043194413185,0.00012577104723066057,4.850796303831548e-05,0.0002813925966620445,0.00024208346987908413,0.0002732467793899636,0.00020496174693107605
1242,0.00028238455316488553,9.898403966367847e-05,0.00014035403728485107,0.00018012720961461948,0.0002965612768529441,0.0002032620832324028,1.055994470854256e-05,1.1560761670357514e-05,2.522394061088562e-05,0.0005386773858072486,0.000375355698895935,0.00011414103209972382,0.00032689634862469175,0.0002457526744448352,1.162756234407425e-05,0.00013517792667941397,0.00014624568152054977,0.0001693442463874817
1243,6.033156817139562e-05,0.00014269918482021776,0.00016492046415805817,0.00028982541437228004,0.00015594212344961084,0.00015051383525133133,1.75358842914395e-05,2.581920967283753e-06,3.636255860328674e-05,0.0005076889162437398,0.0008616777721511398,0.00040445243939757347,0.00041713484782142374,0.00028058068285121904,0.0004612961784005165,0.0003380725042796684,0.00011503172737599432,0.0003979615867137909
1244,0.00044741204477236063,0.0001411767070733025,0.00011246837675571442,5.8504205824802535e-05,9.384093203950589e-05,0.00011743791401386261,1.5240716683389416e-05,4.437866349067503e-06,4.399940371513367e-05,0.0004586639868240233,0.0006903674774768748,0.0003108489327132702,0.00021983120033436387,9.041246303555239e-05,0.0003013908863067627,0.0006258458473406281,0.00011975088119696095,0.00030271708965301514
1245,0.0004699730976751165,0.00015137370177196324,2.2972002625465393e-05,0.0009149363550546574,0.0001435928076467738,2.3886561393737793e-05,2.659217479005979e-05,8.222531313958545e-06,1.3187527656555176e-06,0.0005398136495757822,0.00026026329567531425,3.0500348657369614e-05,0.0004717164677944946,2.2423692717966903e-05,5.367211997509003e-05,0.0005187870504099468,0.00010059761867763084,4.435703158378601e-05
1246,0.00014834634464042096,0.0004196549635362909,6.114877760410309e-05,0.00044357176777637397,4.738202444939596e-05,8.792988955974579e-05,1.4380130892790999e-05,6.974292999688617e-06,3.170222043991089e-06,0.0002838198472669279,0.00023474104312998928,9.75998118519783e-05,0.00038588728864684396,8.031360912773983e-05,0.0003118440508842468,7.427106691565433e-05,0.00016249594602391407,0.00024003908038139343
1247,5.4225090585599545e-05,0.00016128758084162434,0.0002755559980869293,0.0005173335252337541,0.00022354846685761556,0.00041218753904104233,4.4088464793989174e-05,2.9386180787909985e-05,4.5690685510635376e-05,0.00035088623831068533,0.00018918069438786378,0.0005420972593128681,4.838388967966234e-05,0.0006590457217077739,0.00038336869329214096,0.00072707831217797,0.0004588605486050227,0.00045101530849933624
1248,0.0006293707911719515,7.448414208358761e-06,0.00020322948694229126,0.0007686243263979042,8.484309593538575e-05,0.00013658404350280762,6.598658692400297e-05,4.242152242451397e-06,2.1554529666900635e-05,0.00048345848936159896,0.00042664704967020073,0.0002056565135717392,7.9983684075427e-05,0.0008315648938296595,0.0003116438165307045,0.0008784414943555918,6.984469759588156e-05,0.0007511191070079803
1249,0.00040864764949131993,0.00012795649298680267,0.0005881749093532562,0.0002804218706312783,0.00015652862678447454,0.0005622096359729767,3.2666916435164506e-05,1.439034147790604e-06,4.595145583152771e-05,0.0006626963557981869,9.298594590840398e-05,0.00023324182257056236,0.0005879776262959907,0.00045635400150709216,0.00029921066015958786,0.0008232675522062971,6.198938975659173e-05,0.0008024610579013824
1250,0.0005961831506944015,4.588842344017616e-05,3.234110772609711e-05,0.0004188918713586842,0.00014655398328169283,2.2084452211856842e-05,4.8151113975785156e-05,1.3205844250270679e-05,8.23289155960083e-06,0.00019931783680764148,0.0003837207182107241,0.00022026244550943375,3.276535235000044e-05,6.0507450630312154e-05,0.0002988986670970917,0.0001597488743474984,0.0003372977981963513,0.0002571716904640198
1251,0.00032567345991878216,0.00042684010021783875,0.0004011504352092743,0.0008634386541012951,0.0001770274702158174,0.0003635166212916374,8.30993485079548e-06,1.103703713952321e-05,1.5124678611755371e-06,0.0001942212822705347,0.00029126184463593857,0.00023137126117944717,4.6037257892636574e-05,0.0010325328275224074,0.0002028290182352066,0.0004694113317249837,0.0002941037684824552,0.0002304408699274063
1252,0.00015149342625352114,5.14445725590916e-05,0.00021141394972801208,3.511011839109346e-05,0.0001282938634441476,0.00025343429297208786,4.217406995555943e-05,2.6624078594632804e-06,1.9565224647521973e-05,0.00016585741484261007,0.00012553328177689754,0.00012417510151863098,0.00011973771730977578,0.00022935717920577817,7.168017327785492e-05,0.0001808242977396346,8.292347997847574e-05,0.0003709029406309128
1253,0.0001652792779683332,3.171378381770437e-05,2.4393200874328613e-05,0.00014081189746946443,1.3659333711543709e-05,7.729977369308472e-06,1.1934026908660966e-05,2.645914453019071e-06,1.0095536708831787e-05,0.0004491061103295557,0.0002402628783016031,7.836567237973213e-05,0.0004836593477977186,1.45816451684877e-05,0.00011348817497491837,0.000718564531407534,0.00010274079266100675,0.00014541856944561005
1254,0.00026195356487090926,7.809760209397804e-05,0.00010611489415168762,0.00028389634196347713,7.490490196194674e-05,3.148801624774933e-06,2.269394265668606e-05,3.668271352117933e-07,1.9781291484832764e-06,0.00012195171785701897,0.00014790918091980854,0.00010681012645363808,4.925604865299582e-05,0.0002540369330363279,1.9125640392303467e-05,0.00022531802745792695,6.805612094866118e-05,2.4203211069107056e-05
1255,0.00048308325059535917,1.827066882733111e-05,0.00020026415586471558,0.00019792398071388773,3.9974735564642094e-05,0.0002641035243868828,2.67076015847377e-05,1.0690957714449894e-05,1.609697937965393e-05,0.0006592971287906757,5.675279329472871e-07,0.00022599799558520317,0.0009519096667701538,1.6150318846091388e-05,0.0001436294987797737,0.0004308455648127374,0.00018539261256073775,0.00020628981292247772
1256,0.0002289256720382632,0.00012078289210951457,0.000154837965965271,0.00011512721562388639,3.3609484035520415e-05,0.00018353387713432312,5.11239477029822e-05,3.349646823854824e-06,1.0211020708084106e-05,3.642104434682658e-05,0.00039661433065752566,0.0001360350288450718,2.8492643807137563e-05,0.0001538260830457501,6.877072155475616e-05,0.0002276007235857136,3.0964260768415186e-05,0.00038316845893859863
1257,3.737868692391122e-05,6.29658835164873e-05,0.00043186359107494354,0.00013205086735536276,0.00015790357690928514,0.00033598393201828003,5.6673939073579455e-05,1.420793342734759e-05,1.86040997505188e-05,0.0005496146458682655,5.727843026182705e-05,0.00019398052245378494,0.0003978903116667043,0.00023856727542731146,7.799826562404633e-05,0.0005017540616391314,0.0002619293869475358,0.0003118794411420822
1258,0.00036157450919055423,0.00035044765234546263,1.6641803085803986e-05,7.823521061348093e-05,0.00013749143235565822,0.0001703556627035141,1.3662482474592619e-05,1.0626561557435226e-05,2.5268644094467163e-05,0.0005814332237991937,0.0008017356470553516,0.00023297639563679695,0.0006599777127799106,7.999353953486166e-06,0.0003999723121523857,0.0004794962774880007,0.0003168891613013827,0.00045757368206977844
1259,2.5851489995162846e-05,0.00018712838176803553,0.00022496655583381653,5.235772374422021e-05,8.637068667572897e-05,0.00021117273718118668,1.3104631912331383e-05,4.718693464416659e-06,1.0021030902862549e-05,0.0003504938094179011,0.0002332390133500742,2.8810463845729828e-06,0.00029115618197600446,3.5088789051358066e-05,1.708138734102249e-05,0.0004020557686510162,0.0001294905066815278,0.00017011165618896484
1260,0.00010279757211957563,0.00010757971848002548,0.00011623091995716095,0.0003805190524198421,0.00013487002352413277,0.00015176273882389069,1.2976817259230389e-06,1.854410045374743e-06,2.2239983081817627e-06,0.0002345762612554203,0.00011703600116239055,0.00014091189950704575,2.0481151890419658e-05,0.00028840156606693007,6.550736725330353e-05,0.0003866799655308506,1.6377244351354833e-05,0.0002755001187324524
1261,9.367227303008763e-05,0.0001618349628853162,0.00016288738697767258,0.00017991647985185488,0.00010989730048566529,0.00011343508958816528,2.5147972072396205e-05,1.8974446666338626e-06,1.7035752534866333e-05,0.0002790828873818624,0.00018309556243512742,8.946144953370094e-05,0.00013056528747858176,0.000499582917837537,0.00016531441360712051,2.6420482695188596e-05,9.488587376000474e-05,0.000401865690946579
1262,0.00017316248127308143,8.937563619227165e-05,0.00027945637702941895,0.00022485316180775872,0.00014195122450964826,0.00022599473595619202,3.2042114636691987e-06,1.0606898614604196e-05,2.366676926612854e-05,0.0001692672086738567,0.0003745303142260112,9.527057409286499e-05,0.00015884042500442785,0.00014152202962247618,0.0001757340505719185,0.0001639005858333209,0.00021499187474550464,0.000359242781996727
1263,0.00030209340159444154,0.00012558713675803537,5.562417209148407e-05,0.0003792891477010091,0.00010864416271682761,2.834852784872055e-05,6.023891883345789e-06,5.529180545486324e-06,2.0675361156463623e-06,0.00010151569861488463,0.0002744033412699007,8.130911737680435e-06,0.00035102651037631494,0.00039879224266959473,5.162972956895828e-05,7.218180507939653e-05,3.5906551553357285e-05,1.1416152119636536e-05
1264,0.00020060947751111835,0.00011118224404933763,6.237998604774475e-06,2.38780243255049e-05,5.33343989238301e-05,0.00010739825665950775,2.2293937224429627e-05,1.4723380796765554e-05,9.015202522277832e-06,2.325515974657688e-05,0.0002452088132737784,0.0001761498861014843,0.0001646979876110538,0.0003837532756827203,6.172433495521545e-05,0.00019983715747856623,0.00019161507060437913,5.2656978368759155e-06
1265,0.00028629825358360284,8.748347118973238e-05,8.566118776798248e-05,5.405757548115897e-05,0.0001345358158209159,0.00011768285185098648,2.739622101124127e-05,7.616042077380428e-06,8.773058652877808e-06,0.00036930566420133315,0.00019559049070224516,0.00019092485308647156,0.0002906220531635195,9.1180477917608e-05,0.00024325121194124222,0.0002598142936346415,0.00011936753018909271,0.0002811010926961899
1266,0.0004907263233133868,0.00020606752379812715,0.0003836415708065033,5.659877285814352e-05,7.373395108510247e-05,0.000382469967007637,3.3175508139996965e-05,5.58886137892148e-06,1.749396324157715e-05,0.0004186946757306076,1.754236054010705e-05,8.741999045014381e-05,0.0001217721387530013,4.104822540932501e-05,7.404293864965439e-05,0.00021287086864962834,0.0002232738809669274,1.950189471244812e-05
1267,0.00019028732144472926,0.0001817076127243536,7.586274296045303e-05,0.0001673054280498798,5.125638856024947e-05,9.650364518165588e-05,1.0132958261736824e-06,6.716194260081472e-07,1.2230128049850464e-05,0.0001376950741987376,7.730031608104565e-05,0.00013688206672668457,0.00037793118883679144,0.0003230726090973357,0.0001008724793791771,0.00010184700289156412,3.106895775851007e-05,0.0003187023103237152
1268,0.0003830266920937797,0.0004007341925547532,0.00023239757865667343,0.00047759462587443346,3.7738236171779016e-05,0.0003351690247654915,1.7130745471261727e-05,2.307660439200207e-05,2.2899359464645386e-05,0.0009042385446132728,0.0002442142559992283,0.00014980044215917587,0.000712071137910053,7.597235289559176e-05,1.8493272364139557e-05,0.00028290808618364194,0.0004449573367152626,0.0002794656902551651
1269,0.0007143407834443588,0.00030430795174395814,2.276245504617691e-05,0.0004510492667609972,0.0001623162562367636,6.112083792686462e-05,1.6570068073514313e-05,9.304099533196698e-08,1.704692840576172e-05,0.000378531345346822,0.00014099828188299246,0.00037673860788345337,0.0005076662751198058,0.0005399087933131846,0.00039742235094308853,0.00027872708007126157,5.983669719887563e-05,0.0004246514290571213
1270,0.0009870982051484456,0.0001003371297743881,8.508842438459396e-05,0.0005317876527273502,0.0003356843734870184,0.00022471696138381958,5.041661563154158e-05,9.992919422727089e-06,4.8857182264328e-05,5.7626340644351126e-05,0.000490906510486111,0.0007413267157971859,8.893561513312331e-05,8.76930462018477e-05,0.0005795583128929138,2.6370867901970296e-05,2.93853103292864e-05,0.0010737497359514236
1271,0.000496167561800806,0.0004998617287035392,0.0007171444594860077,2.2071397098866186e-06,0.0003397055406694008,0.000612935982644558,5.143546713694269e-05,1.322427246059103e-05,7.264316082000732e-05,0.00017499994670745755,0.0003856816194561935,0.0005724560469388962,0.0003817488657894691,0.00021749699980551027,0.0006838021799921989,0.0006392739107455025,0.00020736082754461288,0.0010911524295806885
1272,0.00023558190187325523,3.056464805243839e-05,0.0003377404063940048,0.0004320570144610292,9.955729528783597e-05,0.000389711931347847,4.1563442005494375e-05,1.2645676137032795e-05,2.9888004064559937e-05,0.00038046136051986257,0.00012346566098107165,0.00026753125712275505,2.64348590356539e-05,0.0003805181260509681,0.0002459520474076271,1.48858817686226e-06,0.00027576850383274204,0.0005967039614915848
1273,0.0005194857508011436,2.8097763506981094e-05,3.8683414459228516e-05,0.00047300399933107584,0.0001348657065518323,8.099619299173355e-05,4.550506459189384e-05,7.69993706507344e-06,1.0278075933456421e-05,0.0009417484675908472,0.000321227712881296,0.00011760648339986801,0.00044713578555298505,0.00045237215837966305,0.00013118702918291092,0.0003469698700338808,9.14762296384819e-06,0.00023915618658065796
1274,0.0005123514000167639,0.00014557291373654135,0.0003746766597032547,2.548083258085976e-06,7.678690012244763e-05,0.0002282075583934784,2.961030699215675e-05,2.0618761083159628e-05,3.083422780036926e-05,0.00010767439398032264,0.00042455020360718937,6.72684982419014e-05,9.108004629046484e-05,0.00011659935164235954,0.0002556312829256058,0.00013364377224148183,0.000385015243605534,0.0006630029529333115
1275,0.00018095549840507763,0.0003393380544616416,0.0005173385143280029,0.0002778158208849857,7.150851215624587e-05,0.0004917234182357788,3.2315619835902865e-05,1.1253708760158984e-05,2.8770416975021362e-05,0.0005924344618154082,5.676103563861251e-05,4.537869244813919e-06,0.00037796570625246717,0.00018975945032249572,5.253497511148453e-05,2.8348800119842865e-05,0.00011327487836213998,0.0004240330308675766
1276,0.0005002506837016446,2.2052427714573664e-05,3.9808452129364014e-05,0.0007519199504302659,0.0001597938141595541,3.775302320718765e-05,6.853798301369347e-05,7.667190402671107e-06,1.8943101167678833e-05,0.00030310080214564217,2.3830100324952197e-05,0.0002390630543231964,0.0007698584529105129,0.00025941968803813373,0.00029484741389751434,0.0005295900657428798,8.499106140404632e-05,0.00043178535997867584
1277,0.00025879113327527403,0.00024079074694847644,7.189810276031494e-07,2.5944996756802063e-05,0.0002691938495674971,8.307397365570068e-05,8.009735601602341e-05,8.577192011777202e-07,3.096833825111389e-05,0.00015240719375166079,0.00029569112223042093,0.0005572340451180935,0.0006896523874559413,0.0004646490411329418,0.0003509409725666046,0.0002954415624479567,0.0001440982313514489,0.0010625813156366348
1278,0.0009588165836866419,9.149328464962136e-05,0.00032391585409641266,0.00028439398223362167,0.00034970695304679597,0.00011375267058610916,6.996624810682618e-05,1.0984519923440145e-05,4.315376281738281e-05,0.0007356736744281445,0.00011653531451005089,0.00016661547124385834,0.0007074830845918423,8.511868834643402e-05,0.0004595974460244179,0.0010698061761655886,0.0002321745922369313,0.0008295942097902298
1279,0.000973165147464719,0.0001110264515424425,0.0002982579171657562,0.0013251263146158154,0.00025570062207110403,0.00023131072521209717,4.438447366781478e-05,2.0958402705095573e-06,1.49458646774292e-05,0.0012041677261414863,0.00024234370937245564,1.3465061783790588e-05,0.0005917747213657204,0.000646438978489889,0.00012507382780313492,0.0009012314541148592,0.00014071970547432228,7.937848567962646e-05
1280,0.00042958060472911286,8.00773052255753e-05,0.00021882355213165283,0.0005848700582542915,5.354049305142383e-06,0.00012751668691635132,8.474698155544816e-05,1.4709366951074464e-05,2.2839754819869995e-05,0.00044226916324725807,7.916658104897834e-05,0.00029563531279563904,0.0002662885910553747,5.371296634576472e-05,0.0004131617024540901,0.000376621981249492,0.00034168946054683597,0.0008603781461715698
1281,2.0151155380634944e-05,8.777238154922609e-05,0.0004073251038789749,0.00012230777182312136,8.820211069107686e-05,0.0003052474930882454,4.4850264695577013e-05,1.6692320316532856e-05,6.24433159828186e-05,0.0004937217611234307,4.9318836349010464e-05,0.000646030530333519,4.880789231426208e-05,0.0002796855238824704,0.0007883608341217041,5.108096382591687e-05,0.0002439066189073788,0.001440979540348053
1282,0.00039967498298315585,9.174041105900616e-05,5.17331063747406e-05,0.0005045940728191645,8.168212290077595e-05,2.5882385671138763e-05,9.277698819996905e-07,1.7355853903431185e-05,2.4944543838500977e-05,0.0008379614330252111,0.00024037438470767697,0.00024291500449180603,7.503719880984361e-05,0.0005009817004438706,0.00034738145768642426,0.0008221876683901785,0.00024362107700079405,0.0004777088761329651
1283,8.500000233892246e-05,4.283662659698359e-05,2.119690179824829e-05,0.00011600963880488424,8.252103493406812e-05,0.0001520588994026184,1.7646100870089693e-05,2.2098502648251923e-05,6.008893251419067e-06,4.043317668486757e-05,0.000518108777093039,3.141304478049278e-05,0.00042413717771588866,0.00015268669142572133,0.00014708470553159714,0.00025275364852286875,0.0002870890553502009,4.511326551437378e-05
1284,0.0003583856995641177,0.00017585538355557526,0.00018221326172351837,0.00041533987536970796,9.634050293689037e-05,0.0003406275063753128,2.820351013221173e-05,1.8452993849782493e-05,1.1790543794631958e-05,0.0001540988813508587,0.00021795731050083117,0.00013869162648916245,0.00040107334790001614,0.0004606637194222579,7.41463154554367e-05,0.0001536711098803767,0.00029431740866433555,7.008574903011322e-05
1285,0.0002287398905840149,0.00010070727069278265,8.854828774929047e-05,0.00015510434355081593,6.034431975535798e-05,0.00016447342932224274,1.7017461127455044e-05,4.68669392910358e-06,1.1920928955078125e-07,0.00024043428471320905,0.0005057185974748774,4.7283247113227844e-06,0.00021565739807218043,0.0002709352423918947,0.00011783558875322342,0.0004727356932019422,6.804663900608805e-05,0.00011336430907249451
1286,0.00026421269319089336,0.00032786577540762016,0.00036928802728652954,4.486360129260514e-05,5.581809533359433e-05,0.0003726501017808914,3.4993882794279174e-05,6.491933740778453e-07,2.4273991584777832e-05,4.182838853325488e-05,0.00035986207046578844,0.00029392726719379425,8.076381189370263e-05,5.35999369061374e-05,0.0002714404836297035,0.0003066579007168224,0.00018010916261548653,0.0004958305507898331
1287,0.00031893332198162927,0.00012521149175426585,0.0002865046262741089,0.00046458868311646806,0.00016321105531182448,0.0002602171152830124,5.623521432795986e-05,4.378396727463684e-06,2.113357186317444e-05,0.0001472906185697176,0.00039496835020387533,4.4430606067180634e-05,0.00018392203002545737,2.5791211180688223e-05,4.936289042234421e-05,0.0005769163335882788,9.65480328338781e-05,0.00018719956278800964
1288,0.00045689241286459015,1.3028793408812606e-05,0.0005430988967418671,0.00033011670335905685,9.99758111115169e-05,0.0005158372223377228,5.63240100305909e-06,6.369696034110549e-06,2.6952475309371948e-05,0.0002786667548130839,0.00043737170537078846,0.00011837948113679886,0.0005279865857346633,7.317289580742459e-05,0.00012939516454935074,0.00016237135768673583,0.00022468294933663396,0.00029364414513111115
1289,8.233308684735263e-05,3.8174854325303403e-05,4.9384310841560364e-05,0.0002436841978394888,8.329276870503236e-05,5.2315182983875275e-05,3.153415632954626e-05,7.515491618107807e-06,1.0892748832702637e-05,0.0001602739236874623,0.00048035902663794844,0.00026548001915216446,0.0005783108128537967,0.00024160593513878476,0.00028619542717933655,0.00020705892077352295,9.266224983678698e-05,7.482245564460754e-06
1290,0.00010799339183362178,6.185550125748993e-05,0.00031472742557525635,9.61806509734292e-05,7.912996403029726e-05,0.00028571300208568573,1.3499831689559386e-05,1.7930517896108363e-06,5.0473958253860474e-05,0.000406315684411962,0.00028823755783363714,0.0006548292003571987,0.00043564529796634444,2.191418202726267e-05,0.0007075797766447067,0.00030398122847360987,5.312203017728348e-05,0.0010410435497760773
1291,0.0003152915474048529,0.00011144712821921018,0.00014276057481765747,0.0008424895712214192,0.0002886918464163196,9.829457849264145e-05,9.867529483986379e-06,1.937401629744371e-05,2.03549861907959e-05,2.155863593082674e-05,0.0005668876972031792,0.0003305780701339245,0.00035368304669596007,0.00017784973113291538,0.00039742421358823776,0.00017115355355065698,0.0003967602726024193,0.0005255620926618576
1292,0.00018677831586534632,1.3022957817875047e-05,6.227567791938782e-05,0.0003945714311170412,2.1619745435130788e-05,4.692003130912781e-06,1.8243802385495972e-05,1.24205127709099e-05,1.2263655662536621e-05,9.967339750720228e-05,3.7716449172872646e-05,0.00029976852238178253,0.00016116006859807908,0.00020784145215155952,0.00037223566323518753,0.00041482746870843967,0.00022308558790799966,0.0005159433931112289
1293,0.00025412837126453924,4.399571607200531e-05,7.052533328533173e-05,0.0008185014816480263,0.00014806440500624365,0.00013883598148822784,2.882969950632891e-05,8.634539894802461e-06,1.0468065738677979e-05,0.00013756612875347185,6.851217039777202e-06,0.00028875283896923065,0.0004814496801250623,9.014109382531055e-05,0.0003303131088614464,0.000394891610890874,0.0001325627433888931,0.0006079636514186859
1294,8.76954399782609e-05,5.966574317380069e-05,0.0003090016543865204,0.0004988322574951826,1.968846466866847e-07,0.0002748686820268631,2.677719809447872e-05,1.562997259520302e-05,9.04873013496399e-06,4.287453329405999e-05,0.0004595126485522488,0.00018469803035259247,6.752024688307101e-05,8.112322554780504e-05,0.00015707965940237045,4.9746862282373794e-05,0.00033975950116321013,0.0002753753215074539
1295,8.249480297373157e-05,0.00011978119018942954,0.0002853255718946457,9.513538097975782e-05,1.037877479870275e-05,0.0002509085461497307,1.0205063884407423e-06,7.53672320694251e-06,1.2911856174468994e-05,0.0004272137158607414,0.00025538607506207095,7.885228842496872e-05,0.00037898580705886253,5.4283580744655946e-05,9.871460497379303e-05,0.00037474515147364884,3.641147746308998e-05,0.0002997014671564102
1296,0.0004308807703868739,0.0002913852931646019,2.1977350115776062e-05,0.0005049941942890102,9.658576878265879e-05,3.227312117815018e-05,2.228063341857059e-05,7.088321932612442e-06,2.7567148208618164e-06,5.8372849735033316e-05,1.8170087922937672e-05,3.470107913017273e-06,0.00010541614406675559,2.4075819727010367e-05,4.383642226457596e-05,0.0004052330712843999,4.668142800908111e-05,2.72504985332489e-06
1297,0.0001410825839424923,2.6381544348634545e-06,6.870925426483154e-05,1.0165754050633913e-05,0.00010071687285875472,2.7381815016269684e-05,3.996356688561534e-06,3.958866130754986e-06,2.047419548034668e-05,0.00012924699856629862,0.000473679204874726,0.0002203076146543026,0.00027866760476441543,0.0005050722644128099,0.00034360773861408234,0.0005018545343205283,8.386356786601289e-05,0.000680508092045784
1298,0.0002181865761065882,0.00019949189163823502,5.461648106575012e-05,0.0004991917651246958,0.00011922442075927228,7.411465048789978e-05,6.322868881385516e-05,1.1264997670928597e-05,1.0654330253601074e-05,0.00015331284046575522,4.212169587271275e-05,2.8491951525211334e-05,0.0004922809229525593,0.0002808554323833652,0.0001624198630452156,0.00029253775135976157,0.0002432137966959444,0.0004099644720554352
1299,0.00045145974099761177,4.7498465018953884e-05,0.00046098046004772186,0.0006215835437041878,0.00010445790979826675,0.0005505243316292763,1.4817436374924345e-05,4.972838683277563e-06,4.5437365770339966e-05,0.00048807388436993004,0.00018558572947938862,0.00031749997287988663,0.0007376093098581671,0.00029726419128853557,0.00022948812693357468,0.0004665655639997379,9.465341558752109e-05,0.0005560703575611115
1300,0.0005420077514512456,0.0005937604056470008,0.00019045546650886536,0.0007217815063432498,0.0005206780102550851,0.00022234860807657242,9.831329958211524e-05,1.0257028127228906e-05,2.7477741241455078e-05,0.00017205650581006426,0.00011819435679021051,0.00040620192885398865,0.00011060036250547245,0.00016576980635340036,0.0003362353891134262,0.00018833879520302466,0.00014369077751551391,0.0005117151886224747
1301,1.5102622630325246e-05,0.00014609675750028653,0.0005124080926179886,0.0009003942209271643,0.00040022925622293024,0.0006651338189840317,6.680423550343637e-05,2.1531960229090232e-06,5.918368697166443e-05,0.0010809883219153188,0.0003186320688997185,0.0005346601828932762,0.0012218366410934045,0.00015686264128841887,0.0003122035413980484,0.0010743604123178985,4.9399162777278086e-05,0.001016700640320778
1302,2.6579384457797728e-05,7.086625627777954e-05,0.0001227259635925293,0.0004985968259016149,3.744360556641804e-05,9.7593292593956e-06,0.00010710075288130651,9.332832193672614e-06,3.727525472640991e-05,0.00043414838948596657,0.0004968477920654843,0.0003420775756239891,0.0006817308850779746,0.00010750021742894633,0.00044305436313152313,0.0007688238788665369,6.280324436292936e-06,0.000737309455871582
1303,0.00042986270266771875,0.00036419737266717156,0.00014109350740909576,0.00021529731206006153,9.574073013163958e-05,0.0003755837678909302,2.4123358132940864e-06,2.227606441551752e-06,1.767277717590332e-05,0.0002603623311535769,5.403746273331678e-05,6.467103958129883e-06,0.0001259642236541153,0.00010148337360200987,0.0003523249179124832,0.00047189276863365825,0.00022816001689341878,0.0001831594854593277
1304,0.0005745493355975712,6.729571844193982e-05,4.749186336994171e-05,0.0004062951762784234,8.377402606584566e-05,0.00011391658335924149,5.2124338425000444e-05,1.0154172564558845e-05,3.2298266887664795e-06,0.0004559273518795065,0.0003568255043256488,1.8887221813201904e-05,1.771382083717854e-05,2.2347294644467497e-05,9.419955313205719e-05,1.061245726682869e-05,0.00020586493121834207,0.00026799924671649933
1305,0.0003781166177923706,0.0002383771965927435,6.623007357120514e-05,0.0004199321224845065,0.00021991629627811718,4.6479515731334686e-05,2.302212901999362e-05,6.745470419741522e-06,2.1222978830337524e-05,0.001105156320981085,0.00015239955181425846,0.0002552405931055546,0.0008608925537673395,0.00031285377685155366,0.00021744053810834885,0.000231320653221595,4.119007247859602e-05,0.00044762715697288513
1306,0.0002921262043748263,0.0001480385711154046,3.910064697265625e-05,0.0005714730328249956,8.132346675514615e-05,0.00012682005763053894,1.937102283865351e-05,1.6104988592652368e-05,1.3198703527450562e-05,0.0008749713981703183,0.000505417252898599,9.543169289827347e-05,0.0007189145581044942,0.00019453558069708332,0.00014069955796003342,0.0007849654453274679,0.0002770875120922771,9.236671030521393e-05
1307,0.00037349054884792954,8.993393258271629e-05,0.0002946630120277405,0.0002464874590892979,0.00012736510942590665,0.0002990877255797386,7.721825622612408e-06,5.566960362565114e-06,3.2417476177215576e-05,0.0004991029222895099,0.0005014686256042677,1.161918044090271e-05,0.0001897459184284217,0.0004114049780514946,3.482028841972351e-05,0.00041751809955187236,8.879083038166452e-05,0.0005293712019920349
1308,0.000132618192102113,0.00021741510333780564,0.0002651400864124298,0.0003085722180802275,7.125614716364456e-05,0.0003410130739212036,2.747336750776909e-05,1.2375250434864486e-05,2.92360782623291e-05,0.0008139766276710481,0.0006386698374403615,9.921658784151077e-05,0.000391570111884329,0.0002512162390182586,0.00015634670853614807,0.0005714800751110694,0.00027662652336598453,0.0002636965364217758
1309,0.00026131958074490647,0.00026809769795340527,3.199093043804169e-05,0.00032027336858468647,7.015875257469772e-05,0.00010726414620876312,1.1336790637540492e-05,2.792153217413525e-06,1.6208738088607788e-05,0.0003935260175467331,0.00027046992271407416,2.9562972486019135e-05,0.0006157353204936794,0.0001920024551865171,7.517542690038681e-05,0.0001574633342986409,1.3945546518054353e-06,1.7780810594558716e-05
1310,0.00011873034419276896,0.00011974530016117119,4.34238463640213e-05,0.00022758159485053442,0.00012776783904821024,0.0001434236764907837,2.3277664081481145e-05,7.401526639606252e-06,1.5087425708770752e-05,0.0004222720296049448,0.0004336476880770629,1.0396353900432587e-05,0.00036925180228948584,1.5747509071756954e-05,0.00015841703861951828,0.00016845505977239328,0.00012360356460339,0.0002017151564359665
1311,0.00015577611442711692,0.00014558933497926807,0.00036898814141750336,0.00033455702287106537,4.3511953509996204e-05,0.0002908241003751755,3.1981422154795866e-05,7.497302668654435e-06,7.655471563339233e-06,0.0004180024493289497,0.00031804719615863286,0.00015152199193835258,0.00045666717358693043,0.0001040009586525878,6.290804594755173e-05,0.000128552440320312,1.86534585766944e-05,0.0004551149904727936
1312,0.0010961558949304645,7.857616272321372e-06,0.0007596705108880997,0.0010376874151817178,0.00010772344708221901,0.0007261121645569801,1.177700970936453e-05,4.979006279481825e-06,9.98079776763916e-05,0.0012091488857358945,0.000591365298133889,0.0005775541067123413,0.0010172439346457923,0.0003796079955118298,0.000598689541220665,0.0009334576234677761,9.959351109503113e-05,0.0012638643383979797
1313,0.0005143396116253918,0.00029368724277599456,0.00016204267740249634,0.0005707455123337563,0.00012250411870148512,0.00021218694746494293,1.1183836980671949e-05,9.352108934990492e-06,2.672150731086731e-05,2.7382908151310503e-05,0.00017053644564375692,2.9834918677806854e-06,0.00021023964968173992,0.0005175773913190414,3.5014934837818146e-05,0.001116746690506376,0.00014713765473083236,0.00034478865563869476
1314,0.0007462238713670244,4.972321354703921e-05,0.00044075585901737213,0.0009265841299414129,6.334618869140857e-05,0.0003753276541829109,5.949974715167838e-06,1.720647672866075e-05,5.187094211578369e-05,0.0013408781782910384,0.000447318521442204,0.00017854338511824608,0.0005711867552484345,0.00012280998713568025,0.000306474044919014,0.0010085605314758272,0.00022807365128411743,0.0005745459347963333
1315,6.854574874122499e-05,9.980724164040597e-05,0.00026822835206985474,0.0003451846959204308,0.0002681001780784273,0.0004511019214987755,1.4853721781086723e-05,1.2463905897237317e-05,5.926936864852905e-06,0.00024196811426009657,1.9482410772084235e-05,7.758103311061859e-05,4.1163580108097286e-05,0.0004598595924010414,0.00016102846711874008,0.0007289072328048596,0.0002994862666381281,0.0001490619033575058
1316,0.0002831310579591989,3.769395050882279e-05,0.00018198229372501373,0.00018368313785244172,0.00030331502492180265,0.000433935783803463,2.1113705222845086e-05,2.01995778760873e-05,1.290440559387207e-05,0.000172011072820763,1.1696527117709132e-05,0.0003493991680443287,1.084658142022632e-05,0.0003902498744448868,2.957414835691452e-05,0.0001512344846905933,0.00043308880543052944,0.0001751203089952469
1317,0.0001722863022704385,7.935511880710622e-05,6.440840661525726e-05,0.00013403377108862913,1.1774600189445872e-05,0.00010933354496955872,2.6200682145116963e-05,1.3407021820382634e-05,7.543712854385376e-06,0.0001250697089787839,4.1151087959039045e-05,0.0001263543963432312,0.00018167109174500873,0.0004304645666742858,0.00016898289322853088,0.00028382821468406205,0.00023441833395723005,0.00018449686467647552
1318,0.0005581297810014624,8.042454525891349e-05,0.00020325183868408203,0.0002698361409360639,0.00011249829688406154,0.00021355599164962769,2.462315148986892e-05,2.727619706651774e-06,3.684312105178833e-06,0.00022678979412975309,0.0006677128202475999,0.00015747128054499626,4.063609445326133e-07,0.00016097325108475544,0.00016417168080806732,0.0004711357950281936,3.816155154745364e-05,0.00024241209030151367
1319,0.00035929281927422896,6.185580075777908e-06,8.939765393733978e-05,0.00044816619680064507,0.00014753096495467855,3.86824831366539e-05,1.638832559437177e-05,5.282370201849652e-06,9.197741746902466e-06,0.0002787121297333356,0.000592060924296478,0.00024080416187644005,0.0004515030089938532,8.807668507166896e-05,0.00013827253133058548,0.00020917148613883163,0.0001447279220861339,0.00025475025177001953
1320,0.0006600417150064014,0.0001727541604812713,0.000239543616771698,8.822136867224495e-05,0.0001492612425051526,0.0002188645303249359,1.4569837604254052e-05,1.9292677846620703e-05,2.639368176460266e-05,0.00026985466486822984,0.00026516570417788043,0.000313750933855772,0.0003869384323765407,0.00011364441248231869,0.00032632704824209213,0.0006564573081471459,0.0003355101675452561,0.0005038324743509293
1321,0.00011619272417173754,0.0001223808757141627,0.00036122649908065796,0.0001992119631956668,9.837814986090807e-05,0.0003699278458952904,8.279189035368881e-05,1.1010168308537346e-05,6.730109453201294e-05,0.0002976682902761235,0.0006463198417829066,0.0008533508516848087,0.0004536606550107347,0.001006405617514642,0.0008023176342248917,0.00026639866183089667,0.00042266075005076634,0.001448512077331543
1322,0.0004522622581145941,1.7146473799262846e-05,8.482113480567932e-05,0.00013060592097963175,0.00012035599732338961,8.60951840877533e-05,1.5210705415984183e-05,1.362714133356811e-06,3.562122583389282e-05,0.00037274073405230146,0.0006861334010278552,0.0005663018673658371,0.0003189724122042159,7.619116999087877e-05,0.0005542347207665443,0.00081394889229916,3.0176737684867866e-05,0.0007902961224317551
1323,0.0005070837752069873,0.0005845302708473339,0.00026206858456134796,0.0002797336510831083,2.8609861315018192e-05,0.0003237202763557434,3.05504364430699e-06,4.807354510957492e-06,1.9785016775131226e-05,0.00017969779879165038,0.0005967771406930819,0.00018376531079411507,2.3843472439985525e-05,0.00027332983537685027,0.00013490300625562668,0.00031617321024901557,0.00013850846357964935,0.0003733653575181961
1324,4.379584594468855e-06,0.00026159096621491615,6.665289402008057e-05,0.00016660735979430463,5.5069560903019815e-05,0.00011208653450012207,7.394486786450709e-05,2.3215621208197337e-07,1.5269964933395386e-05,5.087306189142937e-05,0.0003396745578040303,0.00014785490930080414,0.00022164630649716688,0.00026875944451767997,4.630349576473236e-05,0.0003070006647533374,4.974361422870402e-05,0.0003664400428533554
1325,0.0001459430930657868,1.2758176855139775e-05,0.00015713274478912354,0.0004138016450187937,0.0001049969330724626,0.00018753577023744583,4.857561837781632e-06,1.1875833285497086e-05,2.3756176233291626e-05,0.00014717029768507306,0.0004367104753438267,0.0003300439566373825,0.00024201392880802974,0.00023910001225780492,0.0003013424575328827,0.000182126977356728,0.0002242534274093204,0.0007619969546794891
1326,0.00045525712942290353,0.0001449584187917033,0.0003557354211807251,9.343949269012553e-05,0.00016239778088149304,0.0003340281546115875,5.8792813765017396e-05,1.2686848951519577e-05,6.910413503646851e-06,0.000280315147990734,0.00015182741223693924,4.282640293240547e-05,0.0003148146819026004,0.0007195948135606395,4.246830940246582e-06,0.0008556241374025608,9.380317030474594e-05,0.00045034661889076233
1327,0.0009380296391252457,0.00011185247282142693,0.00011827237904071808,0.00129381218733772,0.0005612558953381856,0.00011952407658100128,4.441856538996321e-05,2.4344653961128884e-05,6.32070004940033e-05,0.001031931744891204,0.000931593072202315,0.0007403302006423473,0.001661794378825826,0.00032434662139048734,0.001092761754989624,0.000589203490997614,0.0005726606311375372,0.0013210121542215347
1328,0.0006969478274264362,0.00017267068584747927,0.0004310142248868942,0.0008648906502545101,0.00017800686652262587,0.0002532973885536194,1.848623739851042e-05,2.33458919021354e-05,3.228709101676941e-05,0.0006808005183349813,6.80547596691311e-05,0.0002997135743498802,0.0007179494719981305,0.0002822430988081784,0.0005502123385667801,9.866851401660326e-05,0.00040102012879824483,0.0007876046001911163
1329,0.0003073447683391989,0.00014246796131871936,0.00020679272711277008,0.00023396545847055583,0.00020366902761605188,1.597590744495392e-05,6.560480944071967e-06,2.2078770540801332e-05,2.5149434804916382e-05,0.0009307129559695954,3.305839425361834e-05,7.772771641612053e-05,0.0009156402888942927,0.0005272759928462503,0.0002266671508550644,0.0007369280865905381,0.0004170846991223831,0.0005309246480464935
1330,0.00039551323406347705,1.98396498367788e-05,5.4504722356796265e-05,0.00012210318014875543,8.951021322785302e-05,1.4982186257839203e-05,3.836589269156157e-06,1.8032240879907457e-05,1.4331191778182983e-05,0.0005184157137670398,7.912351234062864e-05,6.981566548347473e-05,0.0006220246745150815,0.00037424742440618497,2.449285238981247e-05,0.0011691903301785933,0.00029217112673723955,4.75272536277771e-05
1331,0.0001999196850210605,0.00012193179065199747,4.508160054683685e-05,0.0005132744486595758,0.00018151938018117278,7.762201130390167e-05,6.911227353624191e-05,6.8728577256775905e-06,8.963048458099365e-06,0.0001397031224293771,0.00014539772585413224,2.1595042198896408e-05,0.001105080638384645,7.698228090156911e-05,4.712771624326706e-05,0.0005431584178398896,3.8411238504610506e-05,9.843893349170685e-05
1332,0.00025074051674990605,0.00018701904689785026,0.00020283274352550507,7.479086867362428e-05,0.0003821292540736841,0.00018568988889455795,4.813740749375073e-05,4.326583665684928e-06,2.5704503059387207e-05,0.00028106812808199877,0.0002342530137047355,0.0002946336753666401,0.0006887789979442283,7.482869158143696e-05,0.0002913959324359894,0.00019305252687470964,6.802658586184049e-06,0.0006175898015499115
1333,0.00021002509086642807,8.385190944817933e-05,1.1062249541282654e-05,3.9807088876991914e-05,0.0002654306479320384,6.629899144172668e-05,6.5592198687305925e-06,2.067080576972631e-06,5.491077899932861e-06,0.0002637230196708279,0.00020994962918159665,0.00017707329243421555,7.794039601573266e-05,0.00029794846033489794,8.793268352746964e-05,7.316372605953303e-06,7.82012545258795e-06,0.00013876520097255707
1334,0.0005131594728768757,0.00035625729141442256,0.00012448057532310486,0.0008059029877965085,0.00083894954634188,0.00017989426851272583,5.459002880498984e-06,1.0445262801778155e-05,9.454786777496338e-06,0.00037821011315603004,0.000228755888517361,0.00012100581079721451,0.00037535098184314497,0.00018544205011886486,4.1561201214790344e-05,0.0005485172423628504,0.00012020990868581195,0.00010026060044765472
1335,0.0002084685504264161,0.00023387703245584743,0.0002735331654548645,0.00011600725157960567,0.00021427171966764344,0.0002502705901861191,1.1904475679287707e-05,1.7597678232492793e-05,2.7913600206375122e-05,0.00015563539283057481,0.0007136064552178342,0.0003677224740386009,0.00016937399805588838,0.0003529705621513092,0.0003920849412679672,7.44447692234973e-05,0.00035766239239198166,0.000692274421453476
1336,2.415961446196324e-05,8.75921348492889e-05,0.00020475685596466064,1.6097567191522555e-05,0.00017746227177876592,7.57584348320961e-05,3.010825428964234e-05,1.4390227700976322e-05,4.427880048751831e-05,9.784811233286284e-05,0.0005838809117160101,0.00028209295123815536,0.0001154933489954657,8.814131991274898e-05,0.0004614265635609627,0.000674129699491155,0.0002418184530466154,0.0006451960653066635
1337,0.00022732816506103315,9.856279042236293e-06,0.00026459991931915283,0.00036327030286960327,0.00013039217569658923,0.00011707097291946411,8.154537176081195e-07,1.019598830476697e-05,1.7385929822921753e-05,0.0004219899248190523,0.0001648692667692922,0.0001359749585390091,0.0008770627465575914,0.0002997700662805518,0.0002884985879063606,0.00042596447611112365,7.716501912905828e-05,0.0001903194934129715
1338,0.0004983394821078957,8.91886354481633e-05,8.444860577583313e-05,0.00048512927889049484,9.705422256110763e-05,6.612110882997513e-05,4.300016012460939e-06,1.7297536089696175e-05,7.364898920059204e-06,0.0005015409517484942,0.00043026427733115075,1.915404573082924e-05,0.0004139648934028267,0.00035466153909382084,0.00022813491523265839,0.0007618654740932096,0.00031599955660998637,7.226318120956421e-05
1339,0.000512530071360498,0.0001089421402769887,3.102421760559082e-05,0.0008155891093511447,0.00021505220738487,0.00019804947078227997,4.908474020471655e-05,2.671386525075661e-05,8.881092071533203e-06,0.00045482486590360527,0.0006686240717338546,5.906121805310249e-05,0.000383297990167189,0.00015962717564033807,0.000264621339738369,0.00025660427986975987,0.00043076336765086876,7.878988981246948e-07
1340,0.00024101519880072308,0.00017630933406780763,0.0001682434231042862,0.00040338244688954694,5.4499225269209056e-05,0.00017710495740175247,3.581991250715087e-05,9.467865667594556e-06,2.4586915969848633e-05,1.8549853612381817e-05,0.0003065426880895644,0.00010113511234521866,0.0003205213093421949,0.0001021779523313407,8.981768041849136e-05,0.0006859554967898474,0.00022865958223830876,0.00040224194526672363
1341,0.0002770662808751073,0.00011527112681083279,0.00015858933329582214,0.00011757698077356771,3.5730945172802314e-05,5.860254168510437e-05,6.25774473556398e-06,2.4431486326789167e-05,6.966292858123779e-06,0.00020169306714726276,0.0002964087702031423,0.00024351896718144417,0.0005549057271077018,0.0001277760656098019,0.00013315770775079727,0.00028696780728235116,0.0004173517457408023,0.00027894601225852966
1342,0.0005005218106713394,0.00014713762669047586,8.101016283035278e-05,0.0005633538469468902,0.00010722375082094712,0.00018697045743465424,1.0475531069531474e-06,2.68629013724952e-05,8.25151801109314e-06,0.00018023022245973463,4.451232406138539e-06,0.00022930698469281197,0.0003797342387968916,4.5413632362163725e-05,0.00010237190872430801,0.00032933629777684437,0.0004547592995628926,3.992393612861633e-05
1343,0.00048313456163597,0.0001620365541231232,0.00010196864604949951,0.00027033803922284216,0.0001853193850864729,0.00011522043496370316,1.1257336753932659e-05,3.997269503930583e-05,2.7529895305633545e-06,0.0004081882427420386,0.00026329816540892476,0.000235843937844038,0.0004580853152875569,0.00040768501662880735,2.4942681193351746e-05,1.3204986422599152e-05,0.000663383727187359,0.00011751055717468262
1344,0.00044849601121009497,0.00011854491707994144,0.00010891444981098175,0.0005581205132905859,8.032362120010197e-05,0.00014207325875759125,5.774232143752542e-05,2.4887696460700764e-05,1.2814998626708984e-05,0.0002350550302024773,0.00031231266564220317,9.148381650447845e-06,0.00015604015707958163,6.966727113214e-06,0.00029590725898742676,0.0009178484635047612,0.00036835914533896695,0.00021073035895824432
1345,0.00037619527263522967,0.0001583029828822989,0.00020251236855983734,0.0008207571009041931,0.00014833470685977554,0.00011580344289541245,6.276358802631207e-06,5.460791007832469e-07,4.2226165533065796e-05,0.000644299466848422,3.92731815134148e-05,0.00042778998613357544,3.530740626532525e-05,0.00021420207795633597,0.0005471557378768921,0.00028073148099186374,1.8339490359635738e-05,0.0005734097212553024
1346,0.00032212490087739354,4.770695459132418e-06,0.00025651417672634125,0.00024270392758904413,8.801791671925532e-05,0.00024255458265542984,2.7620472073075844e-05,1.80310825322104e-06,2.335384488105774e-05,0.00013496494600033493,7.397129387407692e-05,1.355540007352829e-05,0.00036546656753651263,2.3200072658866033e-05,3.896281123161316e-05,0.0003884198352493984,4.305626001877873e-05,2.3348256945610046e-05
1347,0.00044227212054527565,0.0003136174905294317,0.00028860196471214294,0.00015600928437695116,2.6118673442102752e-05,0.00022408831864595413,3.922807833494496e-06,7.84198597481977e-06,3.7554651498794556e-05,3.88505729913835e-05,2.516623067200935e-05,0.00024935556575655937,0.00017656768300679249,3.9268682088276774e-05,0.0003592297434806824,0.00016649254224060384,0.00014922017868469924,0.0005117077380418777
1348,0.00038767156383558155,7.826150487724726e-05,0.00015871040523052216,0.00016532338127968338,0.00023885628315237217,0.000218220055103302,1.2913619638326573e-05,6.5061126143708264e-06,2.6207417249679565e-05,0.00021997898196088328,3.174729587673841e-05,0.00020612822845578194,8.911937356233246e-05,5.7301493169351764e-05,0.00014010630548000336,0.00023153156800923003,6.72730709510485e-05,0.00039773620665073395
1349,0.00020308161418713944,0.00012401973354400284,0.00010793842375278473,0.00046308682743100016,4.616739275523779e-05,2.8396956622600555e-05,7.225560115023399e-07,2.086059490799888e-05,3.546476364135742e-06,0.00018438139663619346,0.00029790257604750403,7.010623812675476e-05,7.727467089764517e-05,0.0003515632842302843,9.307637810707092e-05,6.55500565882039e-05,0.00036205683423701576,0.00016892142593860626
1350,0.0002480302420139052,8.172777097431583e-05,3.937631845474243e-06,0.00021052233407178877,9.6942454838881e-05,0.00024690665304660797,2.6935517600428296e-05,1.7976068064785855e-05,1.6957521438598633e-05,8.534029281814792e-05,0.00018870391050026386,0.0005230973474681377,0.00030612851760332405,0.00017334421844369605,0.00020365417003631592,0.0003740881766559623,0.00023980004583679798,0.0004720110446214676
1351,0.0005695100758295463,2.6065668125897085e-05,0.0003550667315721512,0.00050066680711916,0.00013449141813828489,0.00037407316267490387,7.501911496897093e-06,4.239333982635667e-06,2.2448599338531494e-05,0.00018196986425182693,0.00015380986073069286,0.0002903500571846962,0.0002871335738743319,9.236438053511833e-05,0.0002818359062075615,3.628905267918925e-05,0.00014725002469822938,0.0006911065429449081
1352,0.00019989483136061137,0.00017738288988857626,0.0004144497215747833,0.0003493000504365268,0.00012864388017279002,0.0002929270267486572,1.6064688725699397e-05,1.5000703054296243e-05,1.528114080429077e-05,0.0007276779783896292,0.00024549496791121533,0.0002339603379368782,0.0006624370016053011,0.0005675392760177839,9.900983422994614e-05,0.0004365488306897203,0.00022263278285333983,0.00038876570761203766
1353,0.00040829552886186005,0.0001731758384377058,0.00027037225663661957,0.00026721828080801535,8.323052812029066e-05,0.0003494778648018837,4.631436131668706e-06,2.1322030074685415e-06,8.560717105865479e-06,5.861794967432221e-05,0.0003547888371428845,2.852547913789749e-05,0.00011160682855647364,4.329903747031863e-05,6.283354014158249e-05,3.187189410364111e-05,8.42158445481557e-05,0.00023398920893669128
1354,0.0003208419300829435,0.0001352364847514824,0.0004137307405471802,0.00017360412922555468,6.530975929425545e-05,0.0004337504506111145,5.76176370120883e-05,4.751805780756351e-06,2.8118491172790527e-05,0.0002644986257552273,0.00028975906469969753,4.906347021460533e-05,1.3677891950891752e-05,8.977822589410767e-05,9.053386747837067e-06,0.00019847068637174337,0.00010641627872782361,0.0007939022034406662
1355,0.0002716630981029755,4.635830398839677e-05,0.0001325942575931549,0.0002886373466001596,0.00011933994663923184,0.00032868608832359314,5.498012265189173e-05,1.5022528736918241e-05,1.5560537576675415e-05,0.0005005010866700049,7.581856513568658e-05,0.0002664383500814438,0.00044068381578019067,1.7048776266233995e-05,7.934868335723877e-06,0.0002604991401561618,0.0002984961129967323,0.0002841409295797348
1356,4.927250733909039e-05,0.00011954450237184472,0.00031564198434352875,0.0003905719184577605,7.39694304783163e-05,0.0006611496210098267,6.187225978639826e-05,2.9031096366773502e-05,1.364201307296753e-05,0.00016761803216751303,0.00019088334424910425,0.00022910023108124733,5.49161968823042e-05,5.386379377956413e-05,0.0002807844430208206,0.00034065309308636826,0.0004693894767275591,1.4174729585647583e-06
1357,1.2725355626186374e-06,0.00011269001895134259,1.9399449229240417e-05,5.677645973151124e-05,0.00015389234314221178,0.000271601602435112,1.7494200644774943e-05,3.461437909009111e-05,5.97536563873291e-06,0.00021497855290456003,0.0002354419993549628,0.0002377089112997055,0.00012969070039688113,0.0003399507524548505,9.996164590120316e-05,0.0007577203793966425,0.0005618853329663609,7.202848792076111e-06
1358,0.00032336049398205835,4.278005125542966e-05,0.00014937669038772583,0.00025778622983528565,0.0001391386066584184,4.734564572572708e-05,1.5064597185778655e-05,2.08132438104465e-05,1.3150274753570557e-05,0.00034678304782086167,0.00034156800060664017,0.00018530664965510368,0.0004685014425230838,0.0001421600230760746,0.00041433144360780716,0.0002485723238786208,0.00037080367718356905,0.00030369311571121216
1359,2.9448165001499937e-05,0.00012270121837279838,0.0006098244339227676,0.00020394397449931267,0.00013003847940099011,0.0003682700917124748,1.4868685115314653e-05,3.309371820147864e-05,4.44948673248291e-05,0.0003835684612235879,0.00011434548742530332,0.00016220007091760635,0.0003403779204494556,0.00020113373596734527,0.0005018310621380806,0.00027679068162317355,0.000505369863055407,0.0005690287798643112
1360,0.0004771163215550739,0.00018162012729796076,0.00026209279894828796,0.0004944936016126056,8.035743528740993e-05,0.0001318231225013733,5.3202357714903295e-05,1.7787745931972777e-05,6.705522537231445e-06,0.0002704663249449152,0.0004922974912641501,0.00029560457915067673,0.00040780899735956555,6.704623479862615e-05,0.00012781843543052673,0.0005046147203911222,0.00025263050502469936,0.00010403245687484741
1361,0.00032154863666886135,9.181779712864879e-05,0.00018020160496234894,0.00021928020456433994,1.4624971588769048e-05,2.9670074582099915e-05,1.377234614827888e-06,1.7269895567645095e-05,2.0191073417663574e-06,0.0003146179510015723,0.000455423844344896,0.00027620187029242516,0.0003008447457529956,6.112708508079767e-05,3.926549106836319e-05,0.0003035840306447879,0.00030977638663628494,0.0002890340983867645
1362,4.695764220832843e-05,5.6213920633610415e-05,0.00012613087892532349,0.00021109160617280298,9.028851283256548e-05,6.237439811229706e-05,5.003136968431687e-05,2.898975391133461e-05,2.8215348720550537e-05,0.0003835887851593722,0.0005158270453301528,0.00011156639084219933,0.00043835982853526745,9.25286379529662e-05,0.0003690328449010849,0.00040364669017595167,0.0005633151585407673,0.00047270767390727997
1363,0.000790009614505538,9.439538017595728e-07,0.0006184950470924377,0.0003320337965722203,1.315946608973148e-05,0.000609247013926506,1.7281038015563854e-05,1.1635699532403648e-05,4.3760985136032104e-05,0.0005456918213024159,0.0004635583317347189,0.0002647838555276394,0.0006948287000737435,0.00012013125163074997,0.0002944543957710266,0.0006413047138831007,0.00029941737267312994,0.0007560215890407562
1364,0.0007572995911069164,6.663659079978249e-05,0.0002745073288679123,0.00014970882424082677,5.524597785020943e-05,0.00019027478992938995,3.119363814678769e-05,1.5535833082541868e-06,8.326023817062378e-06,0.0004770679188534632,0.0003972003579135949,0.00033625541254878044,0.0009185093437545089,0.0003010331663984185,0.0002066614106297493,0.0005099546522600862,3.493642084642645e-05,3.248825669288635e-05
1365,0.00044845688100328407,0.00021923950890196872,0.00013774633407592773,0.0001125720387264717,0.00022786187066146588,7.981434464454651e-06,3.990458921561933e-05,2.244177441793082e-05,3.3233314752578735e-05,1.785984518010153e-05,0.0005666558383434842,0.0002877283841371536,0.0002068213777826483,0.0003849191814090311,0.0004694610834121704,9.005379195631269e-05,0.00043786481810135017,0.0007087327539920807
1366,1.0070468540707145e-05,0.00028264789032733315,3.7146732211112976e-05,0.00013412253660412266,0.00018082264554105873,0.0003610234707593918,3.353450288831952e-05,2.5691055791993633e-05,2.380087971687317e-05,0.00030367057689638377,0.00026249705736756945,0.0005228351801633835,0.00031912796653979503,0.00032890584727070585,0.000119037926197052,0.0004437794948162488,0.0003311064797643249,0.00020583905279636383
1367,0.0002591320944477088,0.0001607893482786539,0.0001296699047088623,0.0002937262201452018,7.433332735624909e-05,0.00013376399874687195,4.171390590738608e-05,2.03027099002738e-06,1.7601996660232544e-05,0.00039070435120919234,2.623980421347788e-05,0.0002744831144809723,4.113731807996179e-05,0.0002102660342005562,0.00027758628129959106,0.000163964768371605,5.801697272576206e-05,0.0005646087229251862
1368,0.00028514121358851063,0.00014778602615591815,0.0001712702214717865,0.00035992904414344773,0.00040359782154487933,0.00032267719507217407,1.567546901800297e-05,1.347901519457807e-05,3.1385570764541626e-05,0.0003906008243487469,0.000344179055112033,0.00032050861045718193,0.0005970424558938842,0.000292232920986471,0.00012991111725568771,0.0007483594821349193,0.000208184523634896,0.00029048696160316467
1369,4.328291413881191e-05,2.7679039574235453e-07,0.00012326985597610474,0.0007981010635413482,0.00020532125266384607,8.925981819629669e-05,5.8033526474403005e-05,1.0021726562719309e-06,2.0157545804977417e-05,0.0002845660334893224,0.0007368198560967418,1.948932185769081e-05,0.00034412075627157646,3.286679573561574e-05,9.407941251993179e-05,0.0003713192640896201,6.538175818601374e-06,0.0005004815757274628
1370,0.0006014189825213484,0.00019470236463023025,0.0003940258175134659,0.0006881297770898465,9.940580429875986e-05,0.0006270920857787132,2.423770226390315e-05,2.1952661550059304e-05,2.0109117031097412e-05,0.0001266761551169393,0.00025346972275840096,0.00011312868446111679,8.978622932852287e-05,5.118990132914683e-05,0.00019474979490041733,0.00016562137866124593,0.00047964221440419466,0.00020030327141284943
1371,0.000214987730967231,8.948427976226275e-05,0.0005936119705438614,0.0003051413143155407,0.00023135376043541267,0.0005957251414656639,6.684154574341898e-05,2.300930730447944e-05,7.316470146179199e-06,0.0009039289407857809,0.0001369752947668751,0.0002935738302767277,0.0008013916420062245,0.0005460346874364176,0.00027769990265369415,0.0006043856696384131,0.0002509253490806298,3.456138074398041e-05
1372,0.00024864952813193064,5.912955635092865e-05,0.0003794487565755844,0.000880400399302747,0.00013320877626644967,0.0003126012161374092,6.678192262995e-05,3.773292584673322e-05,1.12093985080719e-05,0.00012628819287080484,0.00028841360359398854,0.00034966086968779564,0.00034834600270237936,0.0006050943803934984,0.0002856450155377388,3.289528386013485e-05,0.0006405007885859574,0.00019139796495437622
1373,0.0008394142074939215,0.00021727702303020804,0.00015770085155963898,0.0005740858593701464,0.0002432637762109606,8.708331733942032e-05,9.606955420950886e-05,3.451210747325371e-05,1.0330229997634888e-05,0.0003946953082676202,8.597520170613993e-05,0.00021586613729596138,5.0619998549453205e-05,8.732547189798864e-05,0.00011868216097354889,0.0004307172148565741,0.0005971310591677183,0.0002469327300786972
1374,2.328105283908033e-05,0.00047286745482681,0.0002901647239923477,0.0002631420568293824,0.000230555038624021,0.0005293479189276695,1.5165184085157851e-05,2.901630895452156e-05,1.6149133443832397e-05,0.0007290064325191498,0.00016804746894023836,0.00023434823378920555,0.0008646053673033033,0.00010440903883443889,9.516347199678421e-05,0.00014584726134989068,0.0004077526046822183,9.500980377197266e-05
1375,0.00020065699986622498,9.183491974727037e-05,0.000757334753870964,0.0007459826920761803,0.00011267309070317477,0.0008976180106401443,1.6050818814847614e-05,7.525184568645503e-06,4.8857182264328e-05,0.0005523077859634351,0.00017769554880479876,0.0006227195262908936,0.0005284988516289224,0.00024796853847956074,0.0003450317308306694,0.00046761952256146877,8.507389090927318e-05,0.0010148156434297562
1376,0.0001033875660854805,0.00033158147113442407,0.00018400326371192932,0.00044176272124984983,3.6095439882394276e-05,0.00032146740704774857,1.8360506044874658e-05,2.2982949497975204e-05,4.731118679046631e-06,0.00016950496802284332,0.0009332819588032393,3.7822406738996506e-05,4.368435031058826e-05,0.00032149795510926296,0.00019004754722118378,0.0008233520680145379,0.00039589576632915145,0.0002880450338125229
1377,0.0001984602526753365,0.0002540007419330713,0.0002680998295545578,0.0002570197150421477,7.311550509459669e-05,0.00030295271426439285,3.285267511473483e-05,1.0615901791429785e-06,5.856156349182129e-06,0.0002085872950403772,0.00015895126096247825,0.00016487622633576393,1.8404515065698068e-05,0.0005725831208934148,0.00024145562201738358,0.0007125934072702844,0.00011924877031036125,7.494352757930756e-05
1378,0.0003961683585657766,0.00016320438724936118,0.000638594850897789,9.532747895286964e-05,9.458895385212537e-05,0.0004413798451423645,8.09167172978291e-06,3.143283511890748e-05,4.114583134651184e-05,0.0008310492348272414,0.0003715162935749791,1.0433141142129898e-05,0.0005019012349578994,0.0006523714326268429,0.00022976286709308624,0.00027701796934376244,0.00039074938996115464,0.0007491093128919601
1379,0.0006056952063504678,3.490351177400444e-05,4.763901233673096e-05,0.0004711116610777444,5.9923685840818086e-05,0.00012843776494264603,1.2698277619248993e-05,1.026566493373131e-05,3.08305025100708e-05,0.00021626367413563052,0.0002978781147164808,0.0004798709414899349,6.264067036540477e-05,0.0006532388637258309,0.0003861263394355774,0.0003803318147909962,0.00019409951326365,0.0005319807678461075
1380,6.722252489502201e-06,7.98458703102356e-06,0.00019744224846363068,0.0005161907399930249,5.619001105960919e-05,0.0003124270588159561,5.04310093126098e-05,9.890245797392018e-06,4.035234451293945e-05,0.00031770160154905025,1.0280637358854594e-05,0.0004308135248720646,0.0001177987084221288,0.0006647406722034427,0.0003449786454439163,0.00042056324361150477,0.00017780763914959814,0.0006548315286636353
1381,0.00033117963439111,7.551187313778462e-05,1.2492761015892029e-05,0.00012156156290236975,0.0001152488829759303,0.00012199301272630692,1.9432332269784386e-05,1.6911340479915625e-05,2.30446457862854e-05,5.497726292730265e-05,0.0004861567219973939,0.0004970859736204147,4.3455762742186654e-05,0.0001357286584809242,0.0006458507850766182,0.00026774549367256095,0.0003824621604343551,0.0006022881716489792
1382,0.0009200535788540382,1.1218432667360612e-05,8.269213140010834e-05,0.0006302189660294666,1.6208219232285298e-05,4.170369356870651e-05,2.8848324585642807e-05,8.400104825765568e-06,6.012618541717529e-06,0.00042509862335537996,7.388849090127908e-05,0.00016181543469429016,0.0006865447361403682,0.0003063564658009818,0.00029937364161014557,0.0010296220105014686,0.0001911548298134686,0.0005097538232803345
1383,0.0005878101642469574,9.097621648102364e-05,3.6153942346572876e-05,0.0007407718308433259,0.0002346000458678145,0.00019609369337558746,2.3757681743013723e-05,1.6349913533256124e-05,1.3891607522964478e-05,0.0005611759499101615,0.00026523944533345806,0.00014634989202022552,0.0006280269847890596,0.0005649137662530959,8.106045424938202e-05,0.0010083185140803974,0.00039681065376943707,2.668425440788269e-05
1384,0.0003084792991846358,0.00017234980524302376,0.00041812099516391754,0.0008965434942768413,0.00016313176950656996,0.00013354048132896423,2.5891737827956826e-05,3.563661984773729e-05,1.389533281326294e-05,0.0005942719810594077,0.00045663741241852573,0.00010330090299248695,0.00031291412583370204,0.0013397407800045495,0.00028741732239723206,0.0001243812166007996,0.0006339561433357128,0.00045904144644737244
1385,0.0002472157603024966,1.6423167239799918e-06,4.489719867706299e-05,0.0002549440214694859,3.235548102747954e-05,0.00012005120515823364,1.929001964211252e-06,9.72006723638525e-06,2.05114483833313e-05,0.0003167531627148862,0.0003264100433973821,0.0003206445835530758,0.0003297163622487942,0.00026372842933827106,0.00046256184577941895,0.00012082386212844409,0.0002236993918098562,0.00047679245471954346
1386,8.578379927000335e-05,0.00015973331739877264,0.00017690099775791168,0.00034248205780680607,4.4321529064954984e-05,0.00011209771037101746,5.041445351246579e-05,9.144819500191224e-06,4.712492227554321e-05,0.0007751643402015562,0.00041583872863554944,0.0002901502884924412,0.00037099348776394037,2.0880765204817076e-06,0.0004138750955462456,0.0012534757535390406,0.000131588485634878,0.0007524807006120682
1387,0.00023118229777842336,7.939202442014057e-05,0.0005432423204183578,0.0002650011624688031,1.484098352932603e-05,0.00035485439002513885,1.8081147761417338e-05,2.850874360395381e-05,5.4545700550079346e-05,0.0005687337158298139,0.0008681246879081311,0.00016693118959665298,4.5933377274279263e-05,0.0002290515458777606,0.0005023721605539322,0.0008964883881426022,0.00040667241566562026,0.0008678305894136429
1388,0.00048017288540819214,0.00015469648890442667,0.00018172524869441986,0.00045265337893746205,0.00023031279314866815,5.456805229187012e-05,2.7991012915826174e-05,2.7023649947921155e-05,5.825236439704895e-05,0.00046873260924656934,0.0005585291801702419,0.000342679675668478,0.000388371067721785,0.0003167223942350181,0.0007044132798910141,0.0005201124200010232,0.00046334006630674787,0.001087350770831108
1389,0.0004146524606285368,9.299446044344975e-05,8.250214159488678e-05,0.00025569866889928183,2.228546949929397e-05,0.00024028588086366653,5.063023276459175e-05,2.2825411436924216e-05,3.2782554626464844e-06,0.00023198237180657721,0.0007189206138727075,2.9896851629018784e-05,0.00013520727827324996,8.27811373960291e-05,0.00046369992196559906,0.0007413510330531725,0.00031878193847204896,0.00011919252574443817
1390,0.00012181692374743647,8.237387649350641e-05,0.0002062879502773285,0.0005637831580748154,0.0002795995520865936,0.00032323505729436874,3.715052482188702e-05,3.3890215394216964e-05,6.790086627006531e-05,0.00025599854687992363,0.000608058863872489,0.0009404406882822514,9.266498669024958e-05,0.00024362731785837477,0.0015595639124512672,0.00030055691399119566,0.0004986617104549822,0.0016812365502119064
1391,0.0004329942878408405,0.00010928274463564355,0.00022116675972938538,0.00018621336188782978,0.00015133792197797105,0.00013516750186681747,3.5430691708446954e-05,1.14674960331407e-05,9.939074516296387e-06,1.8720555659337834e-05,0.00027907272787720816,0.00016313279047608376,0.00024051091983572082,0.00011600344675074051,7.41817057132721e-05,0.0003872960817126181,0.00038826251750725786,0.00010957755148410797
1392,0.00010381365684763999,1.1277060162597635e-05,4.056654870510101e-05,8.095541619521085e-05,4.251502999205736e-05,5.44404610991478e-05,2.7547156974255804e-07,5.172825578903212e-06,3.369152545928955e-05,1.893267333162585e-05,6.641999865567016e-05,0.0005121813155710697,0.00024995643306176263,0.00019655293539218993,0.0006389375776052475,3.766410920402752e-05,0.0001624721204310526,0.0007296968251466751
1393,0.00041584337762222423,0.00011672410989947354,0.00011113286018371582,0.00022802080300131367,0.0001658973266693113,0.00014866981655359268,1.4651788566886342e-05,4.150984207354795e-06,3.0357390642166138e-05,9.424231785139237e-05,0.00025098666870179004,0.0005206647329032421,0.00033458386185061806,0.0001517831861099113,0.0004716441035270691,5.44187476075042e-05,3.946947062862319e-05,0.0005513466894626617
1394,0.0004995890677149256,7.721977637683078e-05,4.4032931327819824e-05,0.0002856229859464904,8.353531165281036e-05,0.0001988690346479416,2.6929299943670784e-05,1.2799128717298726e-05,6.765127182006836e-06,0.00030826229799069127,0.0002514776044824224,0.0001003672368824482,0.00034938807870590893,0.0002838804577318006,0.0002330448478460312,0.0008552746266724254,0.0003400511908127745,0.0005910675972700119
1395,0.00043752293322817104,0.00027138571290461627,6.348453462123871e-05,0.00030922775514329037,0.00020419030412672373,6.269477307796478e-05,1.535096476576632e-05,2.34060793475883e-06,1.6473233699798584e-05,7.83798580524242e-05,0.0004333317138954934,0.00024642469361424446,0.0003997909202389932,0.000381058609755177,0.00037324801087379456,0.0001565750887309869,3.636832905525196e-05,0.00037557631731033325
1396,8.919630010927049e-05,8.616452383884698e-05,4.186853766441345e-05,0.00021247927581082016,5.680419386637839e-05,1.0572373867034912e-05,1.7532242476072865e-05,4.063047882034388e-06,2.0109117031097412e-05,2.399313315648577e-05,0.00033557153520729494,0.0001605902798473835,0.00021704129709150533,0.00010605677549951203,0.00020883604884147644,0.0002679030924257475,3.4662422434930326e-05,0.00030375830829143524
1397,9.454080338462678e-05,2.7495650560545315e-05,8.264556527137756e-06,0.00015228441841215468,9.93865609008951e-06,2.3292377591133118e-06,2.1628481120810825e-05,9.034084093449538e-06,1.1499971151351929e-05,2.1907354206165963e-05,0.00010376194752611395,7.99819827079773e-05,0.00011675618372752883,0.00014625464298278004,5.261693149805069e-05,0.0003472759807328085,0.00019585740118208475,0.00017478875815868378
1398,2.224273759227069e-05,0.00011947908984400249,0.0001586340367794037,0.00036280002087697716,0.00014150964618326808,0.00010542571544647217,9.947004359840347e-06,9.424862291198578e-06,1.5929341316223145e-05,1.3293328531852056e-05,0.0007711436998895441,0.00021528219804167747,0.0001611099104763397,0.00022789096506076537,0.00015018228441476822,0.000130866996656126,0.00016870967233754974,0.00015662983059883118
1399,0.00024098186348800454,0.00012175562335221476,7.369555532932281e-05,0.00010334922802585078,4.007154573706581e-05,0.0002561500295996666,1.9383849259311733e-05,1.4039049096256227e-05,2.5033950805664062e-06,3.929556714457605e-05,0.00026086287836640104,0.0001652226783335209,0.00022131851416699877,0.00019440848674124114,8.612871170043945e-05,0.0004057155086444053,0.00022730176710926073,1.3314187526702881e-05
1400,0.00013304797975520477,0.0001486259043365669,5.058199167251587e-05,0.000456735387977969,0.00014425389255397908,0.00015408359467983246,4.243201111566765e-05,9.14553106883475e-06,2.216547727584839e-05,0.0005895391553168705,0.00045569533726708134,0.00045335572212934494,0.00040541670608347513,0.00036438064914409013,0.00034000910818576813,0.0006059798391366278,6.085582552171724e-05,0.0005480647087097168
1401,0.0006214589024121503,1.8815858994193635e-05,0.00018668174743652344,0.0008021108017163131,3.674525058674008e-05,0.00010834727436304092,9.395891327813877e-05,3.610912542324502e-06,2.1122395992279053e-05,0.0007616281626195015,0.0002517900780318605,0.00022705784067511559,0.00081057265631794,7.49019403412654e-05,0.0001779794692993164,0.0009416440264748416,0.0001943495473719862,2.7466565370559692e-05
1402,3.569794130557635e-05,7.410309615939192e-05,4.3762847781181335e-05,0.00045445447697738117,8.636943885446252e-05,0.00013536307960748672,7.004348174510962e-05,2.4564277640709608e-05,1.4487653970718384e-05,0.0001498738511358788,0.0003469262230595266,0.00020469166338443756,9.600657596769979e-05,0.00019288694793038325,0.0003537368029356003,6.466480470912472e-05,0.00026269336148752875,0.00021250545978546143
1403,0.0003905979323646641,0.00010101418725584621,0.00024387799203395844,0.0002522990801736569,5.113984112199016e-06,0.00037022121250629425,1.9188748754412482e-05,9.862069347579133e-06,1.249462366104126e-05,1.7417266392316666e-05,2.7724734536306583e-05,6.839819252490997e-05,0.00018401996432806933,0.0003617047414760828,0.00010463781654834747,0.0002280294254332349,0.00020939391242567017,0.0001203734427690506
1404,0.0006103039638644253,0.00040248962068968955,0.0003384202718734741,0.00037443614004399606,7.49469705145292e-05,0.00037501193583011627,1.0111224975149768e-05,9.092946514582248e-06,9.149312973022461e-06,0.0006895512216912175,2.8888838179731702e-05,0.00011132517829537392,0.00043882688103841216,0.0005334022174835126,0.00019073486328125,0.0009006644355368243,4.3950477980794767e-05,0.00013588927686214447
1405,0.0007631785700369931,0.00020637353091328137,0.00024031475186347961,0.0008715545279953663,2.595578700474027e-05,0.00015376228839159012,3.337529923365737e-05,8.940387720177503e-06,7.327646017074585e-06,0.0008366847396300281,0.00032607189067034026,0.0001839296892285347,0.000437345811049622,0.00012307007284799443,6.117299199104309e-05,0.0009738069844543729,1.1954738087896141e-05,8.653663098812103e-05
1406,0.00028276608918506585,0.00027382294013539657,0.00016470067203044891,0.0004771165115074333,5.7467829946911825e-05,0.00012400373816490173,1.9109316048371294e-05,7.054796652787945e-06,5.44227659702301e-05,0.000802827829838107,0.00018930475118026507,0.000478377565741539,0.0004452498147542727,0.00012221079791639722,0.0005445219576358795,0.0002560889158368662,0.00010503948634900222,0.0010571759194135666
1407,0.0006037973181027417,0.0002131530532706212,0.00013093091547489166,0.00041972643589410774,0.00012896543028294988,5.388166755437851e-05,1.5636257124158198e-05,1.2541889327063517e-05,4.366040229797363e-06,1.869489023240134e-05,7.324757954364769e-05,0.0003588409163057804,9.2975123059863e-05,0.0003238939207638146,0.0002869917079806328,0.0005314010244295009,0.00023897846918172032,1.0790303349494934e-05
1408,0.00027571966795439384,9.50171338782585e-05,0.000255778431892395,0.0001887913610887082,4.801236936366818e-05,0.0002789106220006943,2.978714808379683e-05,1.6945854618940267e-06,2.954155206680298e-05,0.0001819564511129218,5.144120950410086e-05,0.0002061440609395504,0.00014882358509721305,0.0001751697828920179,0.0001631593331694603,0.00011513231743476293,0.00014778424031422661,0.0006540771573781967
1409,0.00011362512337100006,0.00014575249329147263,0.0001734904944896698,5.510693641072595e-05,3.0145743997695568e-05,0.00018748734146356583,4.165042962743157e-06,6.283990964043294e-06,1.1026859283447266e-05,0.0002444549933459106,1.0574394440084067e-05,7.528997957706451e-05,7.075054812623327e-05,0.00015589356937016977,3.9093196392059326e-05,0.00045921620327873947,8.091121949792453e-05,0.0003575291484594345
1410,0.00030183533498988335,6.405465832643245e-05,0.00019931234419345856,0.00032400713761401856,5.111349946515173e-05,0.00027392245829105377,1.0511580539707827e-05,7.3548014258711936e-09,9.268522262573242e-06,0.0005807632971319004,0.0001153691404724641,8.451752364635468e-06,0.00039902675164558976,3.067256022510831e-05,9.275879710912704e-05,0.00053764337969614,5.867702879314325e-05,7.818266749382019e-05
1411,0.0007368430156908939,6.928604112134418e-05,0.00012681074440479279,0.0004799021870791481,3.079953595296059e-06,0.0001419978216290474,1.8055226759371157e-05,1.1390163440360866e-06,1.2505799531936646e-05,0.0005883604485015376,9.598840813709875e-06,0.000280200969427824,0.00035264245172143827,0.00020236640888883148,0.0003185039386153221,0.0006126482418248869,3.68482140938025e-05,0.0003589056432247162
1412,0.0003598143183441427,6.22758850904008e-05,4.32915985584259e-05,9.388340681841523e-05,1.0085550079561717e-05,7.875729352235794e-05,1.8963861589707878e-05,2.6545988931551663e-06,1.422688364982605e-05,5.168505582055227e-05,5.027412529191172e-05,3.8133002817630768e-06,8.463520295935723e-05,0.0004160307339797116,5.3250230848789215e-05,0.00018422421451366744,4.828344040129669e-05,7.836706936359406e-05
1413,0.0003087820568762334,5.068448354800248e-05,0.0003435220569372177,0.00022625628348810212,3.565105036714561e-05,0.00032452773302793503,6.919676216473464e-05,2.605167587540558e-06,2.605840563774109e-05,0.0003890903469721263,0.00011167393510879559,7.404480129480362e-06,0.00041189521790568895,0.00016885258759456734,6.263144314289093e-06,0.0006543845294883499,7.712125700778082e-05,0.00044615380465984344
1414,1.0729472487314151e-05,0.000205588505448058,0.00015421397984027863,4.196294343415674e-05,4.1710138621933734e-05,8.029583841562271e-05,1.9407643794294716e-05,1.8644424740924784e-05,5.3122639656066895e-06,0.0003334733016074898,0.00018860515313014886,0.00029621273279190063,0.0001630042733769821,0.0004787688940881517,0.00023412145674228668,9.262497452111607e-05,0.00027002897428264616,9.004771709442139e-05
1415,0.00019774282926900144,0.0001587185483197702,7.759220898151398e-05,5.16412267767552e-06,0.0001465911594370102,2.0271167159080505e-05,2.6932054102778158e-05,4.30646610497193e-06,5.278736352920532e-06,0.00010768280686557219,0.0003092156976455332,0.0002689729444682598,2.94284936319944e-05,0.0007574870625281262,0.0002152714878320694,0.00034024258700698917,6.66377079405027e-05,0.00011125393211841583
1416,9.701601924180792e-05,0.00022832163113229234,0.00021860748529434204,0.0005415672378485115,8.141103940492375e-05,6.412435322999954e-05,2.36848009850521e-08,2.5230929847360785e-05,2.9392540454864502e-05,0.00036198052353952903,0.0005439521529020733,0.0001369914971292019,0.0005149725911915148,0.00011046322389963309,0.00033599790185689926,0.0009204897604464801,0.0004798115020100968,0.0002734307199716568
1417,0.00010264441074400721,0.0003506930160881126,6.641820073127747e-05,0.00031422075034753805,0.00010624955422763871,3.2063573598861694e-05,1.3459912738185767e-05,1.899526049580543e-05,6.254762411117554e-06,5.105009957176443e-05,0.0001589103632487071,3.11373732984066e-05,0.0003913504636599008,7.44805727004999e-05,7.299613207578659e-05,0.00037351975971819384,0.00027761793229315324,0.00016640126705169678
1418,0.0004290871477803243,0.00024652093940286807,0.00022600777447223663,0.00030926101552401775,0.00016340302949504476,0.00027146004140377045,2.264205806864865e-05,4.430765557437684e-06,3.4652650356292725e-05,0.0007811475643563215,0.00046637741358035445,0.0003507533110678196,0.00030199834400115866,0.00019857954615205842,0.00033025722950696945,4.7740825383058016e-05,8.142110058720863e-05,0.0004120338708162308
1419,0.0002285422747254212,7.765477145990976e-05,9.774789214134216e-05,0.0003799175803206739,0.0002679607415569177,7.192883640527725e-05,8.646521049388359e-05,1.521661137948748e-05,1.8961727619171143e-06,0.0001889924237845897,0.0004025742447980804,0.00016625551506876945,7.515613607551874e-05,0.00014041995713192507,3.435276448726654e-05,4.167217898504161e-06,0.0002483572744738736,0.0005288310348987579
1420,0.00015881600085977665,8.732517730229705e-05,0.00010596774518489838,0.00022878632795976517,1.9634389911555444e-05,3.86582687497139e-05,3.550039576367958e-05,8.239989390279178e-06,1.0054558515548706e-05,0.00025839148098687204,0.00030611924890591724,8.884165436029434e-05,0.0002862553147237046,0.00035106898467814063,0.00012422353029251099,0.00016480759557196967,0.00016437980910658824,0.00045128166675567627
1421,0.00017437655095424442,0.000206180767458871,0.00023007020354270935,0.0002631212384863607,6.732132759229223e-05,0.0001183822751045227,3.287200397652547e-05,1.5250735509926149e-05,1.411139965057373e-05,0.00014327578767822646,8.308634503246398e-05,0.00038318801671266556,0.00020309143914833128,0.0004786608515562063,0.00025597773492336273,8.902454621087519e-05,0.00026115846972736903,0.00015315599739551544
1422,0.00020788227275336801,2.6551613461881646e-05,0.0002685878425836563,0.0001642884556971036,0.00014062499068961953,0.00024098437279462814,2.0700085880957092e-05,9.165838278247704e-06,4.1954219341278076e-05,0.0003336358696245795,0.00031495934308341245,0.00029304903000593185,0.0002202268946981667,0.0002261030725506756,0.00029778387397527695,0.0005031742790471416,0.00011307917743011084,0.0007541198283433914
1423,4.3582166805972156e-05,0.00012502675099883287,0.0002853143960237503,7.342938844782931e-05,9.210943798162313e-05,0.00014415569603443146,2.7891281748654295e-05,1.947187924686343e-05,5.078315734863281e-05,9.411376479054323e-05,3.481570726268646e-05,0.0003324626013636589,0.0002056939322246515,0.00019692628711607402,0.0004672147333621979,0.00028814471116225815,0.0004089796226922713,0.0011606588959693909
1424,0.000649450039454838,5.465505591769476e-06,0.00020291097462177277,0.001058294413211272,0.00022732019753125138,0.00038617663085460663,6.095697280735987e-06,1.6655379193881124e-05,2.181529998779297e-05,0.0007146785757323609,0.00036681184905917874,0.00025076791644096375,0.0009495990206857818,2.8629979291362045e-05,5.7466328144073486e-05,0.0010142577235108807,0.0003094060943148718,0.0001560840755701065
1425,0.00016784330245731005,0.0003695190809245921,0.0002192482352256775,0.0007608066480094405,0.00032047307208661613,0.00016694050282239914,8.328932347174967e-05,5.883948410030345e-06,3.4518539905548096e-05,7.853023544074356e-05,0.0002372203478420501,0.00013337098062038422,0.0001017119736726746,0.00013002465257793208,0.00019947439432144165,0.00046156003427330616,0.00011644162710661154,0.0005582496523857117
1426,0.0004609178716530882,5.439791854978948e-05,0.00039704516530036926,0.0005965885180465313,9.220025442824992e-05,0.0005231490358710289,2.406730745709712e-05,1.788936195080764e-05,2.894178032875061e-05,0.0003589654206192783,0.0002231142068997577,0.00011462392285466194,0.0006972407771788508,4.8048183222616087e-05,3.984197974205017e-05,0.0009303794073163285,0.00027487976675290987,0.0004347600042819977
1427,0.0007674284227218442,0.00036040937968844985,0.0002487674355506897,0.0004904942244626093,4.03284480145448e-05,0.000287436880171299,3.280001418487499e-05,6.3424871474193015e-06,4.3995678424835205e-05,0.00011034662699961617,0.0006180814933929232,0.000209796242415905,0.0005795737691613873,6.055492429539455e-05,0.0001767156645655632,0.00042375159134605545,0.00010191810068837549,0.0005976781249046326
1428,0.0006362877994045696,2.575119679853674e-05,0.00016589462757110596,0.0011225580365434584,1.5603233456094184e-05,0.00025216396898031235,8.898942033046253e-05,1.5943916187674155e-06,8.270144462585449e-07,0.0006146042028600945,0.00022584037535971352,0.0004387432709336281,0.0007498291759523296,0.0005227523218844198,0.0004952810704708099,0.000801565984775765,0.00030946159111503585,0.0005912762135267258
1429,0.0007194877594758342,0.00023346395802899614,0.00039022043347358704,0.00038622261867730934,0.0002184518898653183,0.0005324957892298698,5.3580750146782485e-05,4.645375598416037e-06,4.5455992221832275e-05,0.0006444911196801378,0.00018117037914460593,0.0007100654765963554,2.67637670139792e-05,0.0005360032214276889,0.0005598384886980057,0.00038031796095230885,8.685542551696047e-05,0.0010273046791553497
1430,0.0005657856401416195,0.00015777637833109398,0.0001642070710659027,0.00020073071129676767,0.0001612917861163743,3.326777368783951e-05,0.00012037905301225116,3.0397288029051063e-06,4.908069968223572e-05,0.00041075746407993885,0.0004677761255684615,0.00016117282211780548,0.00010162933574990596,3.412263481668981e-05,0.00040925946086645126,0.0003212884090220136,6.402027698953518e-05,0.0012135691940784454
1431,0.0002059439400705354,9.085854789246672e-05,0.00028422847390174866,0.00020936915851127447,0.0005002321783050268,0.0002699056640267372,1.945374501852691e-05,3.4333653379959184e-06,3.598257899284363e-05,0.0002229775387162236,0.00013685156852374925,8.688168600201607e-05,0.0001363630529207932,4.066572038955579e-05,0.00017985887825489044,0.00038259120501249466,3.2537075024626286e-05,0.0005477704107761383
1432,0.00042964010254452345,6.976176516786115e-05,2.6207417249679565e-05,0.00025193701637779564,0.0001493644310340131,2.1807849407196045e-05,3.599117365651189e-05,8.36708701159889e-06,9.074807167053223e-06,1.2046355116104857e-05,0.0003805519095337259,6.369315087795258e-05,6.902219450698188e-05,0.00025221218299300435,2.259388566017151e-05,0.00026209473276250783,8.228412464188206e-05,1.8279999494552612e-05
1433,0.0006780567039710167,8.14298795176853e-05,3.9400532841682434e-05,0.0004605893842522246,0.00017017734215755628,4.489067941904068e-05,2.5638732841507667e-05,1.0262619744667509e-06,1.1809170246124268e-06,0.0003973880690530951,0.0002639229174203825,0.0001699770800769329,0.0006843337456397536,9.897745498649302e-05,0.00013149622827768326,0.0011432347419201572,1.3859661176715554e-07,0.0004127882421016693
1434,0.0009055748866881735,8.355948867051419e-05,0.0001443866640329361,0.0007446734169380131,0.00011526044240693645,5.676131695508957e-05,5.745658668244655e-06,1.0038254365913289e-07,2.0265579223632812e-06,2.093759474919299e-05,0.00034340998163781555,0.0002255667932331562,0.0007298710018951299,0.00019232471210179833,7.93086364865303e-05,0.00038310203670324783,9.514347176029642e-05,0.00020207278430461884
1435,0.000705313258821394,1.0418162552962296e-06,0.00017734989523887634,0.00048294035524330814,0.00011584536590468833,0.00021098554134368896,2.5261580471221817e-05,3.5755917605460744e-06,2.468004822731018e-05,0.000875344865051822,5.751984551605194e-05,0.0001973835751414299,0.000539782748888426,2.7416645929752986e-05,0.0001776842400431633,0.0007371963326164022,0.00018349813465148163,0.00010180845856666565
1436,0.0004430314567760718,2.346520316063097e-05,0.00016229413449764252,5.6397621977538615e-05,4.286595846990024e-05,0.00022281799465417862,2.26106274424636e-05,6.693115775949698e-06,2.3230910301208496e-05,0.0005265241643407914,0.000489290373959915,0.00020931847393512726,0.0006790793755108299,0.00011913231065709129,0.0001157587394118309,0.00017421938220826827,0.00011542116381415765,0.00034827180206775665
1437,7.299419164108478e-07,7.65168217308973e-06,6.250850856304169e-05,9.677526278256687e-05,0.00010601951265657925,7.824786007404327e-05,1.7070355171325616e-05,1.0982775782910985e-05,9.350478649139404e-07,0.00037016930075713106,0.0006261714907734584,7.108878344297409e-05,0.00011023924371807159,0.00029818634066267405,0.00011050794273614883,0.000259954082323266,0.00031384152132829524,0.00015869736671447754
1438,0.0001579094284294702,5.261051208355766e-05,0.0001589301973581314,0.0005041166317857337,5.229494930057699e-05,3.550015389919281e-05,4.356841832270017e-05,1.949937528083253e-05,1.2803822755813599e-05,0.0001395145783918278,0.0003983064469043132,8.222460746765137e-05,0.00019734203550514362,0.0005089909864914588,9.34898853302002e-05,0.0002289816068696826,0.00033740682042990994,0.0004802737385034561
1439,1.5985666478271487e-05,0.0001771905171490465,0.00022343546152114868,0.0005070458692653934,4.8807979444290966e-05,0.0002560187131166458,5.009397601972963e-05,4.1130905925725395e-06,1.4949589967727661e-05,0.00016348837403422356,0.00011714204784411819,6.160745397210121e-05,0.00015118622957847883,1.8219280379396657e-05,3.15764918923378e-05,0.00013730074576726037,5.585023301894927e-05,0.0005680583417415619
1440,0.00039478108662506506,7.713155165958718e-05,0.00024005956947803497,0.0007111400008820989,0.0001330217394347015,0.00018370244652032852,2.1079497468401778e-05,7.639739333809275e-06,1.4651566743850708e-05,0.0010704447828937674,6.05600113785798e-07,0.000543876551091671,0.000729775681696368,0.0002356234746767015,0.000490809790790081,0.0012011916086363539,2.930355844079323e-05,0.0006590839475393295
1441,0.00034315381928777533,5.452330849283274e-05,6.724335253238678e-05,1.9465341631386135e-05,0.00019331509282213832,8.711684495210648e-05,3.335652821463697e-06,1.7753210248382524e-05,1.3813376426696777e-05,0.0003488714218541633,0.0002832983282276755,1.6205012798309326e-05,5.6973029439702505e-05,0.000515711961890767,0.0002287076786160469,0.00012132928390728992,0.00034505318197066044,0.00037984736263751984
1442,0.00014413243262931252,8.23052474004625e-05,0.00013881921768188477,0.00042288225926788436,9.939216945985957e-06,4.890467971563339e-05,2.0108440457014196e-05,1.0486786381222924e-05,7.659196853637695e-06,0.00032671143162131544,0.00024850282043536315,0.0003606388345360756,0.0004518149495430501,0.00023023848765854268,0.0002829916775226593,0.0002046661213091494,0.00016724655228469824,0.00026838481426239014
1443,9.264415800858128e-05,0.0003040908414777069,0.00017458386719226837,0.0002899734204091786,0.000185828248981338,0.00018777232617139816,3.8343192707308155e-05,8.55615046494861e-06,4.788488149642944e-05,0.00013084145858215102,0.00012442567143760436,0.0005727242678403854,7.549727488663505e-05,0.00010411269112020963,0.000589326024055481,0.0004349577846424757,0.00020350217611412452,0.0009333938360214233
1444,0.0003015648739931598,0.00026000407037756607,4.538893699645996e-05,0.0002968301190271333,0.00011881517948329409,0.00016217119991779327,1.8130988925436214e-05,6.192212133100498e-06,1.4815479516983032e-05,0.0003653657395642773,0.00016945867382216206,0.0002191290259361267,0.00040894758707150924,5.3712526155033635e-05,0.0004342794418334961,0.0001112035396929334,4.418712834433798e-05,0.00023387186229228973
1445,0.00010396689827550654,9.075661818602754e-05,6.853044033050537e-05,3.026037894288125e-06,4.821002028733423e-07,1.1242926120758057e-05,3.590213047998704e-05,2.0094995381657863e-05,3.401562571525574e-05,0.0001276157611722062,0.0005686746862717668,0.00029454100877046585,0.0001530882687496432,8.750641135699816e-05,0.00039688777178525925,2.3250486462927933e-05,0.0003127727460258776,0.00038332119584083557
1446,9.840639477362578e-05,0.00012037655623624646,0.00015405379235744476,0.00012876918011008043,0.0001374100801668464,9.912997484207153e-06,3.636884949571005e-05,2.041534313922675e-05,1.4692544937133789e-05,3.101737329498644e-05,0.00021645585010370005,7.51209445297718e-05,0.0001437789642238646,0.00010588626199034903,0.00028687436133623123,0.00028962142400412727,0.0003077392207492084,0.00028918683528900146
1447,8.04970867401833e-06,0.00036306395032264724,6.791763007640839e-05,0.0004902195582337232,5.835612999164491e-05,0.00015165377408266068,8.728568908319273e-06,9.640267691000113e-06,1.0468065738677979e-06,0.0002582698443757414,0.00019194633614598444,0.0001771361567080021,0.0005622052179340697,0.00047803849061162085,0.0002899058163166046,0.0007810396452321566,0.00016821727759349508,0.00031494908034801483
1448,0.0002133956100856399,5.516754868072418e-05,5.731917917728424e-05,0.00025883657180048036,9.225699248202601e-06,4.9105845391750336e-05,1.2327742663981872e-05,4.577587640245133e-06,2.164393663406372e-05,0.0003103096548704998,0.0003917062756765566,0.00011560693383216858,0.0004143635035913501,3.3637877169003655e-05,0.00014386139810085297,0.00045448688354829403,0.00012125869864004248,0.00018770433962345123
1449,0.0002250782188465278,0.00018530039048831465,9.724684059619904e-05,0.0002962352683155006,9.344803904919388e-05,3.8557685911655426e-05,1.6148664711911065e-05,1.7618737687799795e-05,6.780028343200684e-07,0.00048697219708428163,0.00024595051119293,0.00010315515100955963,0.00010833304664593923,0.0006745167911979544,1.2742355465888977e-05,0.0003262292900560182,0.00031043776419159563,0.00011961348354816437
1450,0.0006162696157516329,7.276409561894279e-05,9.195879101753235e-06,0.0007136107471212988,7.417274322211662e-05,2.8493814170360565e-05,7.136482710226079e-05,1.6363800751180348e-07,2.2564083337783813e-05,0.00025048897651017143,0.000375193322168732,0.0003583156503736973,5.7423555391664105e-05,0.0002538529458822915,0.0003722570836544037,0.0002213149613348453,5.134976876986115e-05,0.000384453684091568
1451,0.00025125603326831003,0.00018820871108351026,0.00037132948637008667,0.0008971586813558141,4.334247099735747e-05,0.00035760272294282913,1.895770867091015e-05,8.977167269535644e-06,4.7437846660614014e-05,0.0005438573295476201,0.0002227969234998156,0.00019125966355204582,0.00028079167631200885,0.0002411158252293398,0.00019845180213451385,0.0004884569330987354,0.00017348797987953163,0.0004904512315988541
1452,9.626333059296888e-05,0.00011203008326355485,0.00011486932635307312,0.0002940390421142802,0.00016004373266200259,0.00017890427261590958,2.0377416096110934e-05,1.0130003974622294e-05,1.775100827217102e-05,9.142414348638217e-05,4.315083502882261e-05,8.570123463869095e-05,7.689294564350302e-06,7.004715185833163e-05,0.00017990730702877045,0.00030262583492562944,0.00019752674079709896,0.0001924559473991394
1453,2.3937727659836816e-05,1.572622629667647e-05,0.00015444308519363403,0.00016517857776914002,2.2186575965331412e-05,6.278138607740402e-05,1.0520026889029171e-05,1.790872283740784e-05,9.052455425262451e-07,0.00014651794786554873,8.020361441496426e-05,0.00040345778688788414,0.00024882494593959914,4.506153797964249e-05,0.0002833958715200424,0.0006128059917684114,0.0002676195714061292,0.00027257949113845825
1454,0.00028959028616816485,0.00010742499271950909,0.00010859966278076172,0.00032905430025798044,0.00030820798135211894,0.0001347474753856659,1.3060624821838868e-05,9.866195700664309e-06,1.1809170246124268e-05,0.0005469129997822952,6.372121524009233e-05,0.00037289829924702644,0.00016131298997631993,9.475499820722072e-05,0.0003908984363079071,0.0006323348862792844,7.169613136318552e-05,0.0002757366746664047
1455,0.0004629055996907272,1.2738722345098652e-06,3.518722951412201e-05,0.00046646980066587795,0.000415944239873952,0.00029923487454652786,2.966637385404952e-05,2.3556772451237403e-05,2.0526349544525146e-06,0.0003378260847467368,0.00028746005910100514,3.390945494174957e-05,9.802515425298697e-05,0.0006360269852927758,0.0003363005816936493,0.0005548505840465012,0.00043640525940690303,0.00016051717102527618
1456,0.0002989479986989091,0.0002613063343922112,0.0003764890134334564,0.0003328817876554896,0.0001020260355385702,0.00045586563646793365,1.9951494995047378e-05,7.684377004858311e-07,5.498155951499939e-05,0.00038026755791956135,0.0002710012406717671,0.0002753748558461666,7.774115212919042e-05,8.367322613212977e-05,0.0001453254371881485,0.0008679099556392067,6.045367183758581e-05,0.0007514264434576035
1457,0.00032020769192560306,0.0002134560818772141,0.00011119991540908813,0.0002976728483058133,6.300411403927647e-05,6.775651127099991e-05,3.9500363296517474e-05,2.0639071941786326e-05,4.958361387252808e-06,0.00016159294584636164,1.4303601639883978e-05,0.0002901037223637104,0.0005125047488100803,0.0005793215377978694,0.00026459433138370514,0.00013995546402498227,0.00022470370478861953,0.00021751411259174347
1458,0.00010108525909981181,3.868292091565098e-05,7.886812090873718e-05,0.00046836392888414957,2.4069094379890882e-05,5.875527858734131e-05,1.0322345379520231e-05,1.2280013297369429e-05,3.2726675271987915e-05,0.00015335533385608946,5.6227468520318735e-05,0.0003019394353032112,0.000350265115441159,0.0003430473046608165,0.00029809027910232544,5.8249251460584794e-06,0.00021136703904763542,0.0002713482826948166
1459,0.0002189166826475769,0.0001878849456958126,0.0002396814525127411,0.00021621865836372878,8.437294386064859e-05,0.00014694314450025558,2.1157302542705245e-05,2.877046889290932e-06,3.296881914138794e-05,7.626744101342509e-05,0.00018977544026236443,0.000276386272162199,0.0002418945951854351,0.00018450719151056477,0.00039471033960580826,4.170355539731552e-05,7.751438580222599e-05,0.0007578916847705841
1460,0.00015975017860443697,8.467732837070738e-05,8.590333163738251e-05,0.000217000422317995,2.173926258757647e-05,0.000103045254945755,3.665794664693342e-06,8.253933744275534e-06,4.295259714126587e-06,1.5087403575475555e-05,1.4190299800161121e-05,4.1911378502845764e-05,0.00011771748797013981,0.00016441903155049037,3.40072438120842e-05,4.320623722270378e-06,0.00025612933914635934,5.117245018482208e-05
1461,1.309868782969903e-05,0.00012310318300850012,0.0003233160823583603,0.00026060896311987103,0.00017639791919916645,0.00040508992969989777,3.524662152033439e-05,8.652210564328504e-06,3.229454159736633e-05,0.00031028958235734816,0.00026879682289307483,0.0003374260850250721,0.0001340037991002102,2.9921987176440012e-05,0.00020807329565286636,1.909888365500545e-05,9.856234710663332e-05,0.000541001558303833
1462,0.0004342915771406858,0.00019393705012206094,3.798678517341614e-05,0.0005339708799568382,7.334915128800329e-06,7.298402488231659e-05,4.5664884393281646e-07,3.803807058430208e-06,6.973743438720703e-06,0.0005540062830342724,3.032685489688658e-05,8.652918040752411e-05,0.0004170051008418607,0.0003520640976358465,0.00012404564768075943,0.0007120749868506637,0.00015417005533868884,0.0002101697027683258
1463,0.0011944723337953267,0.00022499086871505605,0.0003584790974855423,0.0016049578558510191,0.0001936048160604241,0.000416426919400692,6.082609444283717e-05,2.7147905736584193e-06,2.6553869247436523e-05,0.0011355057828662252,0.00018471278746600567,0.0003386600874364376,0.0010769371089304064,0.00017189080931797468,0.00036020204424858093,0.0021785423804538684,4.358108411239674e-05,5.441717803478241e-05
1464,0.0012750032707882497,3.0555468937577823e-06,0.0002836473286151886,0.0015974672612130147,0.00013536101403175196,0.0002517895773053169,6.21152275437891e-05,1.3685964268466983e-05,3.55839729309082e-05,0.0016156432993716108,0.0010604069823918483,0.0002155844122171402,0.001418898691303891,0.00015195716471664428,0.0001253066584467888,0.002388634194514544,0.00034412306184494756,0.00010936520993709564
1465,0.00122980361443438,0.00013095828195696518,0.00015695206820964813,0.0016976171606534474,9.649392712529972e-05,6.462354212999344e-05,8.009036843224446e-05,9.515935631029988e-06,4.317238926887512e-05,0.0015048150491923928,0.0007284408027733724,0.0001703435555100441,0.0015443707480714136,0.0002734131166531491,0.00033851712942123413,0.001920667404610471,0.00023035103419552158,3.4514814615249634e-06
1466,0.0009063312490909109,0.00015449393516177648,6.13778829574585e-05,0.0017240862529294965,0.00013114937979635463,1.3187527656555176e-05,2.2335808018050102e-05,1.659493003865252e-05,1.4320015907287598e-05,0.0016452432181678217,0.0003056532869541301,8.743256330490112e-05,0.001110223087235962,9.835452903732625e-05,4.4208019971847534e-05,0.0008309436868321751,0.00032052054515051623,0.00035072118043899536
1467,0.00016833233447365037,4.210728957039153e-05,0.00013845600187778473,0.0008840767517773324,0.0003801421664416278,3.5669654607772827e-07,6.48741029220419e-06,3.880415570690747e-05,3.0659139156341553e-06,0.0006851509846605153,0.0004076173356693316,2.3484695702791214e-05,0.00043877299067390796,0.0002793345900215134,0.00012505147606134415,0.00025867125972844907,0.0006200977574675835,7.353723049163818e-05
1468,0.0007050263901320908,2.29122477861457e-05,2.0714476704597473e-05,8.62801944505609e-05,0.0002161263094775205,6.621517241001129e-05,1.2621579175626715e-05,2.96070400829494e-05,1.813843846321106e-05,0.00035253275321159294,0.000523327259106289,4.930654540657997e-05,4.459103575493728e-06,0.0002849369960688866,9.333528578281403e-05,0.0005780773936228389,0.0005528417331088394,0.00019234418869018555
1469,0.0006333503602820173,0.00013888359694189806,6.758794188499451e-05,7.692762918332097e-05,0.00011989215061988107,0.00019468553364276886,2.816123936916909e-05,1.1239828710990908e-05,7.670372724533081e-06,0.0005044891981192401,0.00017366165075231171,4.475703462958336e-05,0.00013714307551165872,8.360695622284392e-05,0.0002175215631723404,0.0003607001282193434,0.00025949422954551354,0.00022373534739017487
1470,4.8244092091920265e-05,8.403723640849209e-06,5.529448390007019e-05,0.00020979761095064886,2.2198345506908856e-05,2.8431415557861328e-05,5.843852994354311e-05,4.743002216289088e-06,1.7210841178894043e-06,0.0005799549852154862,1.8800820845057964e-05,0.00035413866862654686,0.00021730928987413745,0.0002631808179507228,0.00032205134630203247,0.00020180393981439337,0.00018607384963981698,5.698949098587036e-05
1471,0.0005054471046878617,0.0002791559495552605,0.00012369640171527863,0.0005321082321186887,0.0005174383331239575,1.7872080206871033e-05,6.886003809089027e-05,2.935622370350919e-06,3.174692392349243e-05,0.0008343452931217493,8.733956353218497e-05,6.859609857201576e-05,0.0005730186754894645,0.00013421342707664596,0.0002553854137659073,0.0010193598626924427,1.756532364312509e-05,0.0002793930470943451
1472,0.00010916103107738717,0.00024687687603031083,0.0006034467369318008,9.393345421697397e-05,0.000124130474987931,0.00038133375346660614,2.1787055722460175e-05,2.4313372763510362e-05,7.80448317527771e-05,0.0008148940129991539,0.0006526134687738494,0.0005751354619860649,0.00015029669627458775,0.00026417025938438657,0.0008506281301379204,0.0004254292088365641,0.00033655094268066586,0.0013549532741308212
1473,0.0003095466213338255,1.127429875427341e-05,0.0003906935453414917,5.9075274372072384e-05,6.003964589376687e-05,0.00023139175027608871,1.994815467316023e-05,1.5753967041143638e-05,6.734207272529602e-05,6.010675777369523e-05,0.000275971600932734,0.0006001554429531097,0.00013284862231670302,0.00024281859405128267,0.0007748296484351158,0.0002655561661490946,0.0002492459479794904,0.0013435538858175278
1474,0.0009383355786444919,0.00014982970970936482,0.0007769446820020676,0.0010363043595312815,0.00023833656093759717,0.0005112811923027039,6.299643462744434e-05,2.8162768211597937e-05,8.691474795341492e-05,0.0016874806640684858,0.00044778701305423635,0.0007683555595576763,0.0012177721180205575,0.00037483322774899824,0.0011163828894495964,0.0015425132203336633,0.0004111216467596636,0.0015309695154428482
1475,0.0009681888707660097,0.00021640952434155702,0.0002919379621744156,0.0007161593934600086,0.00028926358361810317,0.00022407528012990952,0.00010697337349654772,7.900175647766977e-06,1.3183802366256714e-05,0.0012307033309034016,0.00046046874741115934,0.00012707849964499474,0.0007024986235012742,0.0002089091140547207,0.00019350741058588028,0.0011792539204782682,0.0002223016277343188,0.0005048401653766632
1476,0.0002819447162175637,9.16500876795047e-05,0.0005358457565307617,1.1306623339021882e-05,8.293888961711723e-05,0.0005353707820177078,6.179966981624367e-05,1.2140535480732132e-05,3.768503665924072e-05,0.0006563410401483893,0.00023030103371758648,0.00018310965970158577,0.0001687020655987831,3.3649286278365775e-05,0.00023144949227571487,0.00032313896971750133,0.0001887341972986161,0.0005792267620563507
1477,0.000322987512932707,4.685619958155404e-05,0.00018163584172725677,0.0005208339985375982,7.924569547793775e-05,0.00023398268967866898,2.326993504142734e-05,1.7627243938679138e-05,2.7310103178024292e-05,0.0002555355959552724,0.00010338288791090361,0.00029396917670965195,0.0004779061836843873,0.0001266653826498959,0.0002604890614748001,0.0001483121403284826,0.00024255737069281587,0.00042045116424560547
1478,0.00041888102109503833,0.00016418991864919352,0.0004962552338838577,0.0004453080035444895,0.0002617449944243913,0.00044955965131521225,3.3925068134406725e-05,4.487824393971775e-06,4.376843571662903e-05,0.0009215287167686909,0.00030611800248478427,0.00027689430862665176,0.0008892649659455881,4.737911069841241e-05,0.0003972463309764862,0.0008792629957584674,0.00022706950321830718,0.0006421562284231186
1479,0.0005663985224453605,0.00021548154237835404,0.0005387328565120697,0.0005138333245042898,0.0002241356602526029,0.0004409467801451683,2.944943731050982e-05,2.4118343761958408e-05,5.431473255157471e-06,0.0009895478537960828,0.00015902750422461254,0.0002686651423573494,0.0004522307021861821,0.0001236606430493857,0.00011569913476705551,0.0012136113979676344,0.0003565241936019578,5.9857964515686035e-05
1480,4.293374700585495e-05,0.00010190339332159098,4.274025559425354e-05,6.765293250231286e-05,7.881455476459881e-06,0.0001094769686460495,7.63450593437194e-06,2.413575874690211e-06,4.284083843231201e-07,7.037180208152582e-05,0.0004133291948331466,0.00011328468099236488,0.00011639057716310297,6.514673070442609e-05,1.9253231585025787e-05,0.00014753192258720738,9.034980055336143e-05,0.00013525225222110748
1481,6.775092318259124e-05,0.00013141044821942532,0.0002716146409511566,0.0003273909580523843,0.00035966505928585954,0.0003075283020734787,3.860518010563238e-05,2.4063694416979814e-06,1.556798815727234e-05,0.0002197523636057741,0.00037571627942192126,7.929373532533646e-05,0.0001227122211908821,1.559495850081763e-05,2.9424205422401428e-05,4.149428440150538e-05,4.734268710546684e-05,0.00037344545125961304
1482,0.0006532932211998077,0.00012323132802305806,0.0001553371548652649,0.00036317102050560657,3.1214558722601066e-05,0.00015233177691698074,3.211972251455919e-06,1.4220182452059655e-07,1.4182180166244507e-05,0.0007229126457682367,6.446686349582259e-05,4.785042256116867e-05,0.00028857446958251154,0.00015621019357353605,7.740501314401627e-05,0.0009046254306801782,7.346787132831746e-05,0.0001543927937746048
1483,0.00030423169589778587,2.8256551339572028e-05,0.0005520377308130264,0.00026569991371781787,0.000158352100278477,0.0005654385313391685,9.732223138780513e-05,3.921943670317932e-06,4.007667303085327e-05,0.000707154913610078,0.0005044247334614615,0.00013428786769509315,0.0006012858286313927,0.00012675252782864618,0.00010542478412389755,0.0007760687630288254,0.00013801796090005813,0.0007612090557813644
1484,0.00036146193988417785,3.2641634190970492e-06,8.803792297840118e-05,5.347241877212694e-05,0.00025816383106625276,7.9350546002388e-05,9.77639015525486e-06,5.126981065597296e-06,2.7816742658615112e-05,0.00022240902911634108,1.2230618553696337e-06,0.0003587189130485058,0.0003980803132813959,0.000122018512236928,0.000559038482606411,0.0005153195647101538,5.374696629247347e-05,0.00041849352419376373
1485,0.00016166921786016364,0.0002494247595312901,0.00018785707652568817,0.0005612582452096948,0.00016848785797669505,4.274025559425354e-05,3.43415956963241e-05,1.5309638005817474e-05,1.3094395399093628e-05,0.0007137785027272331,0.0006965643957282039,0.0003498871810734272,0.0004957655940280165,0.00021378344582881348,0.00017615500837564468,0.0007630426483139496,0.0002150299441050895,4.4289976358413696e-05
1486,0.00014170276388271452,0.00021972777046242245,0.00037492625415325165,1.2937730880652198e-05,0.0002799108082808949,0.00017358269542455673,4.3021975117069414e-05,2.2907335114737354e-05,2.6609748601913452e-05,0.0006209503056484045,0.0004508449894653002,0.00010252371430397034,1.760191071259465e-05,0.0005088161847456411,0.0003836853429675102,9.391919312151664e-05,0.00046270128519589233,0.0007055830210447311
1487,0.00046851907414176275,9.280898646465974e-05,1.0482966899871826e-05,0.0006204381010978394,0.00045212054469519203,1.1133961379528046e-05,1.9162191803007156e-05,5.907684118933469e-06,1.1108815670013428e-05,0.000543678691638419,0.0003182143683904473,0.0001952596940100193,0.00029909484916793017,0.0002484050782904264,0.00018218345940113068,0.0008072486761618591,1.5050795952584184e-05,0.00031097978353500366
1488,0.0003281818728081559,5.820720842671448e-05,0.00028657354414463043,0.0005628954336368008,0.0003538753325584322,0.0003869105130434036,5.401684777495662e-05,2.046301562127356e-05,2.576783299446106e-05,0.0010218269399243085,0.0005794440609412504,0.00020019803196191788,0.000774316639237077,0.00033113982924537835,4.7312118113040924e-05,0.0009033642411901688,0.0003318479562517823,0.0004910342395305634
1489,3.7396551233068176e-05,4.139675571910792e-05,0.00016818195581436157,3.669224617271205e-05,0.00014405026992676817,0.0003432100638747215,2.271984222262588e-05,4.128951897356889e-07,1.1499971151351929e-05,0.00019781503907627396,5.639605193377001e-05,7.34361819922924e-05,0.00032245747584760953,0.0002570088881141616,0.00026291701942682266,9.369036857367896e-05,4.995430799962369e-05,0.00029232725501060486
1490,0.00020712507674357228,0.00013655478015518405,0.00034677237272262573,0.00045330733843833293,0.00018107550145639653,0.00021388288587331772,3.704012690838518e-05,4.604094558920114e-06,3.6519020795822144e-05,0.0005167830680641305,0.00033692529795707055,0.00012948177754878998,0.00030380373517177595,0.00016356570522751274,0.0002939002588391304,0.0007058844312402834,0.00010328384639116638,0.0005513262003660202
1491,0.0004950910633940014,0.00023870533843238853,0.0005564261227846146,0.0003028191133686159,5.023359215560255e-05,0.0005510877817869186,2.4334528673607483e-05,4.888257022818703e-06,6.391853094100952e-05,0.00046537866011424345,0.00040640847782847517,0.0003703860566020012,0.00040783631439414436,0.0004485371207072625,0.00041390303522348404,0.0003657212426573797,0.00018371572953800562,0.0009667482227087021
1492,0.0002374204162781529,2.171126046661767e-05,0.0005810484290122986,8.227587066639286e-05,0.00010732971279743889,0.0006868196651339531,4.652315845148601e-05,1.543057138646861e-05,7.30752944946289e-05,0.00015057115452274394,0.0003332873539029571,0.0005400641821324825,0.0005688598462834371,0.0005240995776069936,0.00039835646748542786,0.00018725653422554944,0.0002165539087871718,0.0012615863233804703
1493,0.00023212381134454785,4.6174568616330625e-05,0.00025297701358795166,1.5761453085447186e-05,2.8344619199031917e-05,9.97353345155716e-06,1.338565626000758e-05,2.3683074615888592e-05,2.2020190954208374e-05,0.0004166985889537955,0.0006162913798410108,8.204532787203789e-05,0.0004920101797819543,0.0001095675605195974,0.00043150875717401505,0.00021136101342092428,0.00040087431658028874,0.0005162786692380905
1494,4.999073502652551e-05,7.596594606591386e-05,0.00012447498738765717,0.00029137633061121493,0.00014938653583965872,0.0002063130959868431,3.069435401906705e-05,8.379025443618982e-07,1.6611069440841675e-05,0.0002624639923023281,3.876235130572531e-05,0.00017017638310790062,0.0003593268905533048,0.0004599025031100934,9.767245501279831e-05,0.00010294276674127634,8.308307834362268e-05,0.0002553388476371765
1495,0.000508017330855523,4.245875489048562e-05,0.00035366974771022797,0.00026820574293374977,0.00010807836824282616,0.00045763980597257614,2.368128059737455e-05,1.1639511660124996e-05,2.565234899520874e-05,0.00048600746824269125,0.0006419837256281744,0.00028529996052384377,0.0004001502769943599,0.0003492684435866464,0.00011970195919275284,0.00042782111918271415,0.00013831079531472466,0.0004448220133781433
1496,0.00017200573262039776,5.8099706212722674e-05,4.336424171924591e-05,0.00016646831274742813,5.822413952366254e-05,9.171757847070694e-05,6.0086016883606486e-06,3.720968047404632e-06,4.854053258895874e-06,2.203446921383856e-05,0.00034967619432214186,7.680058479309082e-05,1.7655895695314894e-05,0.00010830279234581505,2.5344081223011017e-05,3.353488794569093e-05,7.82966002072609e-05,0.00011374056339263916
1497,9.049944577541047e-05,0.00025934496891576175,2.964399755001068e-05,2.1927233641805266e-05,0.0003049434273391244,1.6685575246810913e-05,4.536636912248239e-05,5.294585933594484e-07,9.104609489440918e-06,0.00011816685464918764,2.7030386318439847e-05,0.00023271190002560616,0.0002778925446765418,0.00032041248743874817,0.00022686459124088287,0.0003332295944157848,2.7011656989381697e-05,0.00025415606796741486
1498,0.00012111129673940402,0.00043380236665324645,0.0002164691686630249,5.8691177039785214e-05,0.00014256529175993293,0.00043587759137153625,2.605776125976997e-06,3.785621383477786e-05,1.582130789756775e-05,0.0001242164613897978,0.0008652170353662045,0.00022490601986646652,0.0004111881487040975,4.1593175500734964e-05,0.0005650594830513,0.0003542082516570233,0.0005550963857862967,0.00041208788752555847
1499,3.4613625039189855e-05,0.0003328912590486559,9.341724216938019e-05,0.00011662062773847015,0.0001638299925794673,0.00020741485059261322,2.0216842698803084e-05,1.795661748186519e-05,4.597008228302002e-06,2.2749101417238182e-05,0.0003824832252679808,9.822286665439606e-05,0.00026619270499256276,0.00028263669740350925,0.0002703489735722542,0.00011305578547510242,0.0002926947075734751,0.00022727064788341522
1500,0.0003962842525015997,0.00013110158623804574,0.00010578334331512451,0.00020967596247574438,0.00014569125886270892,5.932524800300598e-06,2.8399156830252043e-05,1.2674517338740702e-05,1.7255544662475586e-05,0.00012170457841970128,0.00020499210620088248,6.830226629972458e-05,0.00016354197356557854,0.00042809016378423173,0.0002492060884833336,0.00013570483517597043,0.00012498399872736335,0.00028372369706630707
1501,0.0005227587263914452,0.0002462310593785849,0.000324128195643425,0.0008537143040875245,5.688079003607349e-05,0.00026332493871450424,7.535758545909252e-05,2.003762336833838e-06,4.6625733375549316e-05,0.000297004412798757,0.00019061053687949303,0.0003219521604478359,0.0007368699727393901,9.877058972768138e-05,0.000391179695725441,0.0005633464806466537,9.34780291394887e-05,0.0009076520800590515
1502,0.0005289487178770924,8.860030920578021e-05,0.0001360122114419937,0.0002276090296701866,4.513348705813269e-05,0.0003412095829844475,5.698847234038816e-05,1.683408567382976e-05,1.1295080184936523e-05,0.0004388788598651827,0.00020658817928217305,0.0001292242668569088,2.885627445799177e-05,6.282991209674224e-05,0.00012237019836902618,0.00029167249437878073,0.00023069484773427865,0.00022863969206809998
1503,0.0006881237537640916,0.00013468214476256707,0.00025976262986660004,0.0004992234044136762,0.00010540836634263459,0.0001928582787513733,4.602499525596833e-05,4.858373375404433e-06,4.365295171737671e-05,0.0003640148734820048,4.269589603580343e-05,0.0005712942220270634,0.0006959199423118012,0.00024929696793069694,0.0006142156198620796,0.0006607141500248603,1.3721962042129512e-05,0.0011116266250610352
1504,0.0003303365714617673,0.00010216772568758317,7.006525993347168e-05,0.0001976722440304307,4.365800805201242e-05,0.00011781975626945496,3.796604191937114e-05,1.8677086057867468e-05,2.8137117624282837e-05,4.6612219266897736e-05,0.00011885764722392722,0.00028765155002474785,2.4240199284250585e-05,0.00011504918165325395,0.00021299440413713455,6.472326575085452e-05,0.000208282777931397,0.0008162111043930054
1505,2.4555705724557675e-05,0.00011264148828154727,4.212185740470886e-05,5.1284366942558335e-05,7.046977356741854e-05,8.761230856180191e-05,4.985064407485307e-07,2.5214326028172524e-05,7.741153240203857e-06,0.0002330851834561054,9.166249174549085e-05,1.7178244888782501e-06,0.00015774333038139077,2.630483303023637e-05,0.00017292331904172897,6.735715599806569e-05,0.0004228060431116648,2.7125701308250427e-05
1506,0.0004231437135930327,1.5984803097238154e-05,2.9109418392181396e-05,0.0005133259101120918,8.663379189539563e-05,9.74256545305252e-06,4.958866199765259e-05,4.276196726303756e-06,4.056841135025024e-06,0.000572459052963617,0.0002073846929137313,0.00022335490211844444,0.00021107886697652178,7.62000663265712e-05,0.00012372061610221863,0.000930590454662511,4.346582017952273e-05,0.0003865119069814682
1507,8.477751439658898e-05,2.5875385726622374e-05,5.963444709777832e-05,9.588606557141277e-05,5.4513648742732235e-05,9.09632071852684e-05,2.8128003717983047e-05,1.898089164164619e-06,1.1496245861053467e-05,0.0002688456670354722,9.597079335593728e-05,0.00010003102943301201,0.00037699563941023806,0.00035336637473559057,6.120465695858002e-05,9.880899818662248e-05,5.322972239669294e-07,0.00022403337061405182
1508,7.58319893352788e-05,5.838619747660506e-06,0.0002025943249464035,0.00023297749502347587,8.157505473664617e-06,0.0002956995740532875,1.7314381787007435e-05,8.98394376297679e-06,1.6734004020690918e-05,6.295847317935865e-05,0.00018820589096861517,5.675433203577995e-05,5.755298761957184e-05,0.00027320458699319275,6.217509508132935e-05,8.25711962229303e-05,0.00012102033881202304,0.00023875199258327484
1509,0.0003319352353122196,0.00013343330497431194,1.2641772627830505e-05,0.0005856359811437506,0.00016717436478765058,0.00013871118426322937,5.7221938297482774e-05,9.804271859526945e-06,1.405179500579834e-05,0.0004778434162919232,0.00029087682317956165,7.878988981246948e-06,0.0005140601792668897,0.00012387738127913814,0.0002321796491742134,0.0010194912904523123,7.401368670021356e-05,8.740648627281189e-05
1510,0.00039970156891282194,0.00016962465134867308,0.0003252048045396805,8.670270211287578e-05,1.831583202341336e-05,0.00032854732125997543,1.4001144585697178e-06,7.291048741826312e-06,5.610287189483643e-06,8.437630133328877e-05,0.000572342071533942,0.00012625986710190773,0.00042771787576714737,0.00020380250182018209,3.433600068092346e-05,7.136701792981315e-05,0.0001065796426859486,0.0003071185201406479
1511,0.00043018314374419775,0.00012652545740418977,0.00018400326371192932,0.00011007216092767669,0.00010157430831986627,0.0002841278910636902,4.124492590777511e-05,9.210366423047342e-06,7.253140211105347e-06,0.00030099742586203737,0.00010168495567311475,0.00018586264923214912,0.0005393882140976719,4.9367555480166886e-05,2.4223700165748596e-05,3.1319234125470885e-05,0.00016678648195633632,3.458932042121887e-05
1512,9.960658071302142e-05,0.00013963363625145442,7.416307926177979e-05,0.00020788510176214525,9.012609264885674e-05,9.384844452142715e-05,4.972313989264239e-05,3.704565121098128e-06,8.266419172286987e-06,0.00014773800862225017,0.00034549446345628204,0.0002656765282154083,0.0002150268348853207,8.450841140475451e-05,0.00027173198759555817,6.01320771262126e-05,3.931532540537262e-05,0.00014973245561122894
1513,0.0003991974276936483,9.092262051239516e-05,2.3234635591506958e-05,0.00019742040338484312,1.0118302903004694e-06,3.251153975725174e-05,7.176308206142262e-06,7.321921704118647e-06,6.4820051193237305e-06,0.0002940289144947872,0.0002963812533294044,9.396346285939217e-05,0.00010895088676976528,0.0002484033237919528,5.367770791053772e-05,0.000428304821480624,7.888611936776764e-05,4.593841731548309e-05
1514,0.0012121526990668263,6.072666062649154e-05,0.00035697221755981445,0.0009421238483788008,0.0001863795311837571,0.00040931813418865204,2.8959954312310007e-05,1.1430128390120249e-05,1.7017126083374023e-05,0.0008993377502401201,0.0002714628966895283,6.920145824551582e-05,0.0005664060416082362,0.0002854176083623636,2.660602331161499e-05,0.0008269359326806835,0.0001515344460209945,0.0002483632415533066
1515,0.0001238559189093852,0.00022501281881135912,0.00016316957771778107,0.00031876017308624105,0.00010491197805992392,5.920790135860443e-05,4.800837403246688e-06,1.4929723690800868e-05,4.095211625099182e-05,0.00028019966264457297,0.0003711409252489181,0.00035040127113461494,0.0005911332092103788,0.00022804640440354448,0.0004713311791419983,0.0005160315813807215,0.00022016583696780022,0.0006540901958942413
1516,0.0003872343840006093,0.00011122921792312487,0.0002244841307401657,0.0007776215829951166,0.0001556159205026511,0.000406716950237751,2.9855855674252446e-05,1.1330110899504683e-05,1.953914761543274e-05,0.00042319978650678935,3.1707610280082288e-06,0.0002592778764665127,0.0004244459740303519,8.951988176566367e-05,2.8088688850402832e-05,0.0003506267652029771,0.0002467667671307294,0.0002602729946374893
1517,0.0004037787398352144,0.0001309913719291303,0.0006887484341859818,0.00011627186819712643,4.483544425648578e-05,0.0008177002891898155,9.190497515508544e-05,2.14072464751004e-05,0.00011216476559638977,0.0007557692386465642,0.0004967659743209535,0.0010854178108274937,0.0008481955182590845,0.00028785257226123656,0.0008677151054143906,0.0007699858916621893,0.0003888139001356934,0.0020703915506601334
1518,5.4016822113242546e-05,0.00020887553162686132,0.00014488957822322845,0.000319756469504065,0.0002509138348850068,0.00035209208726882935,1.990412288258199e-05,3.6765911544460917e-05,2.7373433113098145e-05,0.0001744427173568236,0.0004928902614710282,0.0004960931837558746,0.0004444281652432741,0.0004667378553888414,0.00019328761845827103,0.00045526593307942953,0.0005361942444009043,0.0005096383392810822
1519,0.0004902053662172584,2.5264794723169753e-05,0.00048414431512355804,0.00018874721483311263,0.00014610551918934137,0.0005284380167722702,5.085855952737667e-06,9.74067245462383e-06,3.89590859413147e-05,0.0006776180275572946,2.4486889464887807e-05,0.00046341121196746826,0.0005160958878683702,5.393387051060017e-05,0.00038984883576631546,0.0009762208421573992,0.000228838938722737,0.000781666487455368
1520,0.0004987553389554367,0.00010890762503792603,0.0002939365804195404,0.0002592676130424021,1.1234247180028772e-05,0.0003380896523594856,1.2191986296618967e-05,5.178684727408884e-07,4.429742693901062e-05,0.0005567265429518992,0.000811077991974829,0.0004770830273628235,0.00025371739571268537,0.0002670294785413578,0.0004270123317837715,0.0005547136589533486,5.8704973066314725e-06,0.0006285719573497772
1521,0.00017395912994837281,6.886490034545278e-05,6.727874279022217e-05,0.00015072595012988188,0.00027521669355402845,1.3101845979690552e-05,2.9809154759401907e-05,8.237196901566255e-06,1.7449259757995605e-05,6.780461770422574e-05,0.00031320993283567855,3.9567239582538605e-05,0.000684360656928909,0.00018354671222797075,7.16187059879303e-07,0.00011667341852791835,0.00016676658331538606,0.00013914890587329865
1522,6.578369936519057e-06,0.00011884524399774152,0.00030142441391944885,0.00017303357115150408,0.00025653563037402946,0.0002725478261709213,3.778752395912008e-05,9.416819501342484e-06,1.0102987289428711e-05,0.0003445683968405361,0.0003478487015357301,0.00012306077405810356,8.144826311318187e-05,0.00043715588782223397,7.843319326639175e-05,0.00024693181873619574,0.00015643835031486746,0.0004168841987848282
1523,0.0002826042506149651,0.00023655928850931096,3.437325358390808e-05,0.0004150348852286767,0.0001516024596293769,2.983957529067993e-06,9.347532949890644e-06,1.0759953451110757e-05,1.879781484603882e-05,0.0006456244120396359,2.2833822903210732e-05,0.00032299524173140526,0.0006468306676508245,0.0002274498380533986,0.00027273595333099365,0.00045491956077794993,0.00021083313283415915,3.125518560409546e-06
1524,0.0001754329768388213,0.0002659986085258442,0.0001741591840982437,1.7574935305630923e-05,1.8970920129882107e-06,0.00010575167834758759,1.7476381262933327e-05,1.1873879500399619e-05,4.403293132781982e-06,0.00034541325683645763,0.0003265242791731099,1.21360644698143e-05,0.00017340023230610901,0.0002968448026105762,7.16065987944603e-05,0.00014693938635942927,0.00020481288022404336,0.0002598334103822708
1525,0.0005444125642604797,0.00010363238315191925,0.00029280222952365875,0.0004587928306402367,7.098385528440596e-05,0.0003054281696677208,1.2165402528463432e-05,6.438359556085421e-06,2.9813498258590698e-05,0.0002014397360855097,0.0001069361482702938,0.0002812342718243599,0.00044315310564956023,4.388807962329988e-07,0.00022257305681705475,0.000504616178634204,8.788722132086271e-05,0.00045995786786079407
1526,0.00023172635660072272,0.00024122952120454386,0.00042474083602428436,1.3673770932670637e-05,3.8006954699923434e-05,0.00046685896813869476,2.6035176912839186e-05,8.515176618920399e-07,3.19555401802063e-05,1.8624203488720736e-05,7.815926790303435e-05,0.00022769905626773834,0.00010199020306714268,4.174465155364071e-05,0.00012856628745794296,0.0005813292532817482,3.3396256453866596e-05,0.00046315230429172516
1527,0.00022245842781508374,0.00018355169472170085,0.0005088746547698975,0.00014301722991719168,0.00012141762744573292,0.00041577592492103577,7.062496718982132e-05,1.5147070853335212e-05,6.898865103721619e-05,0.00010697334668691161,0.0005290118047291542,0.0005245152860879898,8.210631474098173e-05,0.0002714574686518527,0.0006348947063088417,0.00035459484733632585,0.0003739124384134294,0.0014367252588272095
1528,0.00035531993166071363,0.00016284406599386889,0.000293537974357605,0.00026604316752881774,1.4983909610528923e-05,0.0004089735448360443,1.2236149098808491e-05,2.009072880864728e-05,5.019828677177429e-05,8.051478339446416e-06,0.00035602449060983393,0.0006301947869360447,0.00042787416225342767,0.00017126644062624707,0.0004352377727627754,0.00015748384425912088,0.00022198867353944753,0.001018645241856575
1529,0.00010180549124988447,0.00010136887787247709,6.94766640663147e-05,2.4547550343187452e-05,3.587141593619156e-05,0.0002062106505036354,3.6361413468504605e-06,1.7233452441090956e-05,2.347305417060852e-05,5.390599205476465e-05,0.0002869891504371641,0.0004022144712507725,0.00024998388939877214,1.2751521470101557e-05,0.0002220654860138893,8.924102005367085e-05,0.00028023082852842926,0.0004224870353937149
1530,0.00033287233024932583,0.00012009586590518845,0.0003127586096525192,0.0001648382170893331,0.00025125896422334773,0.00037508271634578705,2.033424167854729e-05,9.230522900813731e-06,3.026425838470459e-05,8.296670155030772e-05,0.0001364745727658323,0.00028988905251026154,0.00015312062984071395,0.00011398789154545147,0.0002049654722213745,0.00045365960174928444,0.00017912502998635935,0.0005247797816991806
1531,2.004177157423348e-05,5.267624390892928e-05,0.00020528025925159454,0.00020664977301612653,0.0001360835454780468,0.00029248837381601334,1.2209431862192713e-05,1.1289400112135745e-05,1.7505139112472534e-05,0.00038300189685731845,8.14948261491158e-05,0.0003560367040336132,0.00011721842296077978,0.00024198887537344935,0.0002165166661143303,6.940048172163205e-05,0.0002531101456398604,0.0004415009170770645
1532,0.00011675507978320399,0.00016601407049182323,0.00023418664932250977,0.0005017597209773933,0.0005986065621941712,0.00027264561504125595,5.525484610472732e-05,4.911161948096556e-06,1.1596828699111938e-05,0.00034672110051539584,0.00010636458235021434,0.00022530462592840195,0.00023039329532296982,0.0002102485167029232,0.00017089396715164185,0.00025445855371358794,5.852659669355713e-05,0.00028999336063861847
1533,2.268467739928448e-05,8.115141835034895e-05,6.100162863731384e-06,0.00017287248542838252,0.00017130283137096677,2.3068860173225403e-05,4.321643122702501e-06,3.2574252432308187e-06,6.724148988723755e-06,0.00017099515331422954,0.00019128614115832693,1.0256189852952957e-05,0.00022930969847816118,6.53755727939749e-05,2.9743649065494537e-05,0.000390060658281427,4.2240296392473745e-05,3.668852150440216e-05
1534,0.00014837346252577488,0.00025344635383795985,5.069933831691742e-05,0.00047167363765673875,0.0001504243424541203,9.025260806083679e-05,1.451422636129275e-05,1.4970318192452097e-05,1.3459473848342896e-05,0.0006889844127491856,0.0001271358416082488,0.0003451774828135967,0.0004537703925248243,0.00021200640805569756,0.00015606358647346497,0.0011052266594813454,6.0929655818197856e-05,0.0005704257637262344
1535,0.000331648409781643,0.00015411810753782756,0.0003486648201942444,0.0008210853833692106,8.742178355922517e-05,0.00031282100826501846,2.5670090287486028e-05,7.5708126134420685e-06,3.851205110549927e-05,0.0006700964149544131,0.00019405399693284836,0.0002294960431754589,0.00018728668602541187,0.0001940620203322689,0.0002847379073500633,0.0006294311577559053,0.0001622660487070656,0.0005429647862911224
1536,0.0004579597627526605,1.7667484293382163e-05,0.00015144236385822296,0.00044585079806142014,9.006055731040213e-05,0.00030316878110170364,9.236569103034803e-06,6.916680697579723e-06,3.8236379623413086e-05,0.0003189512030957048,2.0820793767979684e-05,0.00030458904802799225,0.0002376948519354355,0.0003257116653386134,0.00010968837887048721,0.000620993818831711,8.533605728085203e-05,0.00036315247416496277
1537,8.94477364161983e-06,0.00017591339150726734,6.686151027679443e-05,7.334724248206359e-05,0.00011696393979336236,0.00012898258864879608,2.2859182485049714e-05,7.305869925996024e-06,8.471310138702393e-06,6.211563548580434e-05,0.00011614731978100423,5.840510129928589e-05,0.0001841754016769781,0.0001474006244878874,0.00018436182290315628,0.0002620369430965386,7.883741134647078e-05,2.728961408138275e-05
1538,0.00036787744505592523,6.47611048467979e-05,0.00042317062616348267,0.00022800889994935292,4.8862661845942845e-06,0.00045635830610990524,3.0811572695459144e-05,4.2708256989461854e-06,2.4568289518356323e-05,0.00041233054577412276,3.655436866317058e-05,0.00029244227334856987,6.083422162460328e-05,0.00014870147709036136,0.00028043240308761597,1.1903247454869703e-05,9.134498111012038e-05,0.0006730500608682632
1539,0.0005979739983252019,9.789225623419232e-05,0.0008010882884263992,2.53697850975676e-06,7.602828932581213e-06,0.0008884575217962265,7.421008742411993e-05,1.4665110194411616e-05,7.612258195877075e-05,0.0005084963610339222,0.00018584834339350348,0.0006855716928839684,0.0005109705398380765,0.0001386257908089182,0.0005622515454888344,4.324159162463759e-05,0.00016596139202471397,0.0016219373792409897
1540,0.00034735039800710965,4.825768357514734e-05,0.0004110652953386307,0.0003530291227367144,8.254312557932561e-05,0.0004871077835559845,5.506186408325148e-05,5.816964424352187e-06,6.51143491268158e-05,0.0005531852495296447,6.9696537652944035e-06,0.00047588953748345375,0.0006087701598944673,0.0001641456370226925,0.00035872217267751694,0.0006104006999006484,0.00017317734939268498,0.0010149776935577393
1541,0.0003241214338371712,1.7465843349627475e-06,0.0005498453974723816,2.9343187915739644e-05,3.22525910912419e-05,0.000476260669529438,7.495514770723515e-05,4.181223643054508e-06,4.5981258153915405e-05,0.0001279094999181163,0.0001845197960151576,0.00022979779168963432,0.00010147520558743961,0.0001016555880590693,0.00034194905310869217,4.1260210572630074e-05,4.582883097807924e-06,0.0007933322340250015
1542,0.0009429153085058484,0.0002159548369762357,0.0003413967788219452,0.00040993957869261965,7.391990617465483e-06,0.00039697717875242233,3.286153638490212e-05,5.319025096203593e-06,4.158541560173035e-05,0.0004990404236588503,0.0003056215618018679,0.0001622326672077179,0.0007031057102277194,7.891465306490708e-06,9.223353117704391e-05,0.0006273041185053396,0.00013891051113011296,0.0005324743688106537
1543,0.00017163131911585028,0.00014969414086111674,6.330013275146484e-05,3.112876191040115e-05,2.8594906326718378e-05,1.8141232430934906e-05,1.598584900658513e-05,9.36785585216207e-06,2.0042061805725098e-06,3.231472924598855e-05,0.00016613463874809442,4.8393383622169495e-05,4.4724289728376165e-05,1.4493090354002897e-05,2.5947578251361847e-05,0.0002067526331017977,0.00013077899805342443,2.333708107471466e-05
1544,4.828203909021389e-05,9.094184640517922e-05,0.00012493319809436798,0.0001861331451290249,7.83196637223621e-05,4.40794974565506e-05,1.3433603031015942e-05,9.68856534418487e-06,1.9419938325881958e-05,0.00010404902541265304,0.0007182960677558289,0.00026722438633441925,5.14516585179009e-05,0.0001857513252069877,0.0003855973482131958,0.00015424904853211796,0.00013102868766855236,0.00048176757991313934
1545,0.0012639022027661762,0.00019295854197565188,7.05476850271225e-05,0.001131623518086211,1.575146736866942e-05,0.0003734929487109184,7.971348595353471e-05,7.086826404275747e-06,1.2557953596115112e-05,0.0004301409430390174,0.0002725679294221933,3.7727877497673035e-05,0.0005957024548157996,0.00020307131513104537,0.0004091169685125351,0.0004054808184732195,0.00012583774986190885,0.00017562322318553925
1546,0.00044081850002292144,7.340044329780943e-05,0.00015882961452007294,0.00011396989259589152,5.0917838064334225e-05,0.0002003014087677002,2.0600289495882954e-05,7.726870815483742e-06,1.0348856449127197e-05,0.0005228797194933438,0.00047415231971339317,0.00024708500131964684,0.0001609237748056297,6.801455346558405e-05,0.00019983109086751938,5.480393662271599e-06,7.735395818498324e-05,0.000377872958779335
1547,0.00018670644762418254,0.00018356703303672173,5.91818243265152e-05,0.0007202876980245132,0.00024648156986255276,0.00010275188833475113,2.8640745681651758e-05,8.117286680712891e-06,5.5693089962005615e-06,0.00013152838777104325,0.00047805957461836274,0.000233539380133152,0.00011553676653858203,0.00012300760480305623,0.00013898778706789017,0.0005812774502265694,6.928030641144452e-05,0.0002339668571949005
1548,0.0005071722630338588,9.54932850705352e-05,0.00040459446609020233,0.000884074559406256,4.737513509797675e-05,0.00038049835711717606,7.701932960438307e-05,3.945381210111211e-06,2.164393663406372e-05,0.00012278312766682287,0.00033158916688139084,0.0003742612898349762,3.769961701435842e-05,0.00013552792035620084,0.000374404713511467,0.0006728358727993156,1.0108693552158404e-05,0.0005465354770421982
1549,0.00021703050924874734,1.7631750705873056e-05,7.962994277477264e-05,0.0006529235628597307,0.0001752834908325708,0.0001199701800942421,4.2351707630252505e-05,1.8535295623485406e-05,2.812594175338745e-06,0.00048568912286636734,0.0007717975672500918,0.00024018390104174614,0.0001935688224674742,0.00032937483579969715,0.0001376606523990631,0.00034717471674786116,0.0002852478020553429,0.0001382734626531601
1550,0.00043500287453893116,3.3516405277440875e-05,5.125999450683594e-05,0.00045553100723789985,1.508089753644512e-05,0.00012388546019792557,1.513654417526801e-05,2.829627858468107e-05,3.3676624298095703e-06,6.116630360987474e-05,0.0003696507195056903,1.84718519449234e-05,0.00019203306353585137,0.0005819522672873938,0.00016409624367952347,0.0001676480987572726,0.0005001445172337672,0.00027857720851898193
1551,2.6392520823884102e-05,0.0001315814768846381,0.00022634118795394897,9.817929760400079e-05,0.00014167974825576857,0.0001530991867184639,7.874602615530121e-06,4.162334398131518e-06,9.994953870773315e-06,0.0002847732742155412,0.0005797718328511975,3.878120332956314e-05,0.00011181204529392419,0.00014249921524600237,5.166139453649521e-05,0.00010986335058138508,7.026066477675702e-05,2.0233914256095886e-05
1552,8.348480497850919e-05,0.00020541497544575987,0.0003651082515716553,0.00020908639575287213,0.00010874225965615616,0.0002438826486468315,4.351988069561594e-06,2.008864508635589e-05,4.256144165992737e-05,4.120975476676336e-05,0.00019885398633840562,0.00025709718465805054,0.0001927449186528013,0.00021989336514919439,0.00040274951606988907,2.317783094979431e-06,0.00037647651235869425,0.0008895415812730789
1553,3.8372642784736954e-05,7.313623445811407e-05,0.0001823529601097107,0.0004653389608010733,0.00013834890779166817,0.0003917096182703972,4.4308121435706824e-05,2.7080776191642608e-05,3.533810377120972e-05,8.129493845067393e-05,3.684474062200238e-05,0.00037959590554237366,1.2272444061309229e-05,0.0002171138287519539,6.659608334302902e-05,0.0002954284285625053,0.0004489204672682434,0.0005002710968255997
1554,0.0001246045336541629,0.00013544477043123462,0.00024327822029590607,0.00016735066527889808,0.00012488765467238983,0.000128207728266716,2.4168564510556115e-05,1.6220330920744966e-05,3.238767385482788e-05,0.0002815342964718054,0.00010502950395824273,0.0002416614443063736,0.00021734054821441473,9.580780744131503e-05,0.000410616397857666,7.781890744212872e-05,0.0002931564243844973,0.0007230788469314575
1555,2.119805117811735e-05,8.534398718540795e-05,7.771328091621399e-05,0.00038422835011059364,0.00017373078548235318,5.805306136608124e-05,5.245497682401096e-05,1.4069172165680059e-05,7.778406143188477e-06,5.364872209744076e-05,0.00019482212107100466,0.0002468177117407322,6.520356499582769e-05,0.0002789715131110669,0.0002360595390200615,0.00012629454994586564,0.00028246018811762565,0.00033627450466156006
1556,0.0001727679779053859,0.0001205361288018382,2.2234395146369934e-05,0.0002977671907249818,2.567907443941364e-05,9.149033576250076e-05,9.262942842480637e-07,1.3647348810603651e-05,6.865710020065308e-06,0.0003878514154611046,0.0004764612653965633,0.00010142847895622253,0.00034611593905052584,0.0001276005960641896,7.615983486175537e-05,0.0003088936594135283,0.00011682603958323122,5.248934030532837e-06
1557,0.00017094515309484803,0.00020544487260447733,0.00011520087718963623,0.0003954389258904317,9.468351652430068e-05,8.876435458660126e-05,9.14585586736516e-06,1.7116518357262892e-06,5.424022674560547e-06,5.669984403379458e-05,0.00021639050800791038,0.0003689778968691826,0.0002784496323645358,0.0001452758181243151,0.0003501866012811661,0.0008239354895113182,1.4213200270537032e-05,0.00023580342531204224
1558,0.0003319155259503964,0.00022312098576178496,0.0003288630396127701,0.0003296640762962544,9.922365054416266e-06,0.0003216918557882309,2.0421050415019015e-05,4.280551877168374e-06,1.636520028114319e-05,0.00010401733568109195,9.818210158695634e-05,0.00010869838297367096,1.5692550727766652e-05,4.750156731701122e-05,7.869116961956024e-05,0.0004063952095365586,4.588993848845917e-05,0.00010113231837749481
1559,0.00024836700866340267,0.0002286645415494823,0.00013344921171665192,2.4478874540115325e-05,0.000268689743596541,8.06264579296112e-05,1.3153779399498189e-05,2.310669337366074e-05,6.373971700668335e-06,0.00037756135198520335,0.00014987459164934186,0.00015507079660892487,0.00027207443376459084,0.00028189520837621634,9.531527757644653e-05,0.0005281681026423624,0.00024959717756468935,0.000241938978433609
1560,0.0003346897165233953,0.00012310470186720213,0.0002026725560426712,0.0006846077406348072,0.0001938882855771623,7.800571620464325e-05,3.507568826395871e-05,7.751987897795755e-06,2.0779669284820557e-05,0.00032612022300161636,0.0006396626405935357,0.0002764035016298294,0.00010815944777069209,0.0001223542113555319,0.00044121406972408295,2.705570784278244e-05,7.714746144963508e-05,0.0005383100360631943
1561,0.00012383478051897212,0.0004371606153675857,4.908069968223572e-06,0.00014821256043569264,9.92665882446099e-05,8.50781798362732e-05,4.915416142725615e-06,1.815036845093771e-05,2.7880072593688965e-05,0.0001924790530959397,0.0003256447414967181,0.00010416842997074127,1.3705868323846127e-05,0.00021963089502171837,0.00028475280851125717,0.00016079540651195434,0.00043793614657635163,0.00046261027455329895
1562,0.0002603360572990959,0.00013035966030709722,4.606321454048157e-05,0.00024174203694743435,0.00013767149303893153,0.00018521863967180252,3.103009051021004e-05,2.5671947127557594e-05,3.526732325553894e-05,0.0005720686577313089,0.00012603915054981013,0.0004662293940782547,0.00014319007270802153,0.0004144875048358518,0.000313720665872097,3.890844315110331e-05,0.00028042496314688477,0.0006972905248403549
1563,6.918956388177189e-05,5.160174282424837e-05,3.399699926376343e-05,6.0057524058299006e-05,9.906630971512342e-05,4.241522401571274e-05,3.683606198028391e-05,2.451143246481836e-06,2.0463019609451294e-05,0.00023825267138948003,0.00027780329231199413,0.0002538594417273998,0.00013441185218152074,4.150010991891412e-05,0.00022233184427022934,0.00014726634583744902,5.6057023883450754e-05,0.0005318652838468552
1564,0.00033562791595154184,6.0681882073441995e-05,0.00011782348155975342,1.7176139929797607e-05,5.262596938935757e-05,0.0004510609433054924,3.212031844564145e-07,1.486027966531825e-05,3.5565346479415894e-05,0.0007458531629128962,0.00010717551568548839,0.0005604880861938,0.0004704847100092113,0.0003644747186691173,0.00011665839701890945,0.0003706820821519907,0.00022962439228885363,0.00041397660970687866
1565,5.5931371084852466e-05,4.094573807942453e-05,4.6079978346824646e-05,0.0002166073358458448,0.0002114817597867677,6.216578185558319e-05,2.3967204361199576e-05,1.589791988418582e-05,1.5437602996826172e-05,0.00016365034973417347,0.0006347278547448459,0.00019819336012005806,0.00018848131242236998,0.000365364113039314,0.00019703246653079987,9.339904846628055e-05,0.00026009142565178167,0.00020088441669940948
1566,0.00046805428416922534,3.309884051631504e-05,5.605816841125488e-05,0.0004021799021946687,0.0002255200996625767,3.415253013372421e-05,1.4263416021093045e-05,2.6377766915847405e-06,2.4437904357910156e-06,0.00013317409862029228,0.00018365310114094174,0.00010624527931213379,0.0003051832679625971,0.00033308528658298336,9.867269545793533e-05,0.0006629109042235737,2.6266396008068835e-05,4.241243004798889e-05
1567,0.00015394332392981713,4.720232980726449e-05,0.00020058825612068176,0.00019536009926710007,2.513734362503267e-05,0.00022931117564439774,2.6296605954033783e-05,2.4915096308976772e-06,1.864507794380188e-05,5.024398229100391e-05,2.7522677269423146e-05,3.198022022843361e-05,0.00016973913734659452,0.00023938018398666702,1.0554678738117218e-05,3.617773916186895e-05,3.963141521143472e-05,0.00030090101063251495
1568,0.00041954410599312486,1.5273025229769338e-05,0.0004458203911781311,0.0006444577947675167,3.6021793172122396e-05,0.0004933392629027367,1.7872799061631472e-05,8.792066229493223e-06,4.5239925384521484e-05,0.000473003741679745,0.000242861689741955,0.0003223721869289875,0.00031753483135181504,0.00014277838617478972,0.000260000117123127,6.489201417492207e-05,0.00011288534078915217,0.0009221136569976807
1569,0.00046458463577191134,8.08495046307825e-05,0.0001674983650445938,0.0004081566481122789,0.00014540818791727514,0.0002438100054860115,1.6741341657369735e-05,9.524471638843336e-06,4.733353853225708e-05,0.0002541779317385279,0.00012192976889965207,0.0008416548371315002,2.9971409776605173e-05,0.00030179141448322816,0.0006961235776543617,2.524858879793257e-05,9.752715225940997e-05,0.0012405049055814743
1570,0.0004199614790887374,0.0001506561428254137,0.0005296654999256134,0.0006755741186943165,0.00013895226618557827,0.00042996834963560104,3.226292286873968e-05,1.0791428813990405e-05,3.246217966079712e-05,0.0008098182174661878,9.35057354642943e-05,0.0002131890505552292,0.0005737245518374484,0.00022822389443965738,0.00031195487827062607,0.001139554494737599,0.00016407272983279264,0.000514758750796318
1571,0.0006671897556324302,4.434422600212151e-05,6.786733865737915e-05,0.0004192885895738241,5.4444621503248886e-05,8.610542863607407e-05,1.6715557076630097e-05,8.952655037117434e-06,3.419443964958191e-05,0.00022857933099003358,0.0002265132774603787,0.0002949228510260582,0.0002603760134021055,0.00010502684458852177,0.00026146695017814636,0.00074999958832625,3.0724625855226353e-05,0.0004863254725933075
1572,6.173326432998283e-05,5.917840898726767e-05,0.00019958242774009705,0.00017102871880486648,0.00017685669522650438,0.0001518530771136284,3.452859575234571e-05,8.078011189423208e-06,2.4646520614624023e-05,5.646378141251074e-05,0.00022613556020929793,0.0002661217004060745,7.399019785757355e-05,0.000272175221661574,0.00033307820558547974,0.00015447116707476005,4.8892340110538723e-05,0.00033929385244846344
1573,8.172462684558068e-06,0.00016874978424117823,1.1585652828216553e-05,5.27842220115482e-05,9.04308396645695e-05,4.486553370952606e-05,3.0398554717921827e-05,3.7617264227740588e-06,1.099705696105957e-05,0.0002836092129296641,0.0003127189171870312,0.0002423953264951706,0.00019741543599528788,2.377998218135169e-05,0.00032150745391845703,0.00022605222983293483,0.0002064507910717571,0.0003627706319093704
1574,2.672552631013958e-05,0.00014644179378678693,0.00013845600187778473,1.9886695870538484e-05,3.216328512077246e-05,0.00018470827490091324,3.5010305829513005e-05,9.970910026730175e-06,2.857297658920288e-05,0.00020983099778663916,0.00010618384429341571,0.0002844403497874737,0.00033155458701245033,4.212448897051094e-05,0.00023043714463710785,0.00010386142314683378,6.058675154256045e-05,0.0007957462221384048
1575,0.0003193156434230515,2.7758780421188733e-05,0.0001604706048965454,0.00015248441073012486,6.215078678326394e-05,0.00019957218319177628,1.2044052377601505e-05,1.269824542049795e-06,2.703070640563965e-05,0.000129677713999507,0.00037379872788810553,0.0002620220184326172,0.0002172244296633763,5.1954422351053325e-05,0.00022630393505096436,0.0002690367233334767,0.00013616461098620546,0.000238051638007164
1576,0.000178994891355172,0.0002860908290396591,0.000169241800904274,0.0001471929570404651,0.0001150724696679685,0.00024049729108810425,1.4720429915874786e-05,1.4166785370702201e-05,3.664568066596985e-05,1.1923815371364666e-05,8.497924024878506e-05,0.00023434916511178017,5.479787002267422e-05,0.0003350327880371137,0.0001326967030763626,9.138331124025623e-05,0.00017652537757817388,0.0005587805062532425
1577,0.00022490173804419478,4.72655893768506e-05,0.0002290327101945877,0.00026320820492799213,3.9466236287859224e-05,0.00037768762558698654,3.7087617297490785e-05,1.8952515736031387e-05,3.0327588319778442e-05,0.0003690309439558781,2.9648202992921258e-05,0.0003990023396909237,0.00016269217698762495,1.3469829019004814e-05,0.00016367342323064804,0.0004013437192865177,0.00024606448530561063,0.0007752217352390289
1578,0.0002610451699063404,9.013134607232728e-05,2.4588778614997864e-05,0.0003676873794150881,2.151521077510196e-05,0.0001590261235833168,1.2473750769103828e-05,1.3942448224969371e-05,1.0427087545394897e-05,6.708682130075749e-05,8.365696840557935e-05,0.0002249954268336296,0.00026801653936087133,0.00021155497284364513,4.686973989009857e-05,0.0003822770447001467,0.00019316213541967393,0.00034575164318084717
1579,0.0005924986898840634,0.0001021834222856774,0.0002879127860069275,0.0005339336158715485,2.293233328353947e-05,0.000215139240026474,2.2848520936431804e-05,3.1849991745892467e-06,4.3857842683792114e-05,0.00037569809868462367,1.9542149994694613e-05,0.00040988391265273094,0.00037527615853698293,0.00017709324204197643,0.0004758024588227272,0.0006561336309553745,0.00010815431976747732,0.0007516667246818542
1580,8.060757108419025e-05,3.029414001047212e-05,0.00020170211791992188,0.00012423119909726887,5.9915266501057995e-06,0.00023434776812791824,2.6831190516055786e-05,5.913054204747105e-06,2.7436763048171997e-05,0.000243326778000999,4.1626603299732556e-07,0.0002975268289446831,0.00014434297797895346,0.00019324005489716745,0.0002670297399163246,0.0002883395712630077,3.2441443724749025e-05,0.00044041313230991364
1581,0.00013677534389450186,0.000138137142046732,0.00012940168380737305,0.00020671904819770381,6.500167044296012e-05,0.0002191103994846344,9.726674947800606e-07,9.262820821745216e-06,3.729015588760376e-06,0.0005077390080419769,0.00033658944040106803,0.00012335693463683128,0.00028988561914358724,0.000181133695715624,1.6237609088420868e-05,6.513958504816841e-07,8.729639156939036e-05,1.4901161193847656e-07
1582,0.0001438536818701014,6.541852725804737e-05,0.000142563134431839,0.00038910624814934847,0.00010031309654505438,9.72924754023552e-05,1.0250628528496453e-05,3.8221856644910564e-06,5.532056093215942e-06,0.0003862146111220932,9.313511148149878e-05,6.426218897104263e-05,0.00046874355649786925,7.338482712244271e-05,1.2421049177646637e-05,0.0004954746944502708,3.632963521181011e-05,8.05482268333435e-05
1583,0.0002985423271247428,0.0002738381494926355,0.0001392848789691925,9.650770046187862e-05,9.629880045516903e-05,0.00012126192450523376,7.790308919610953e-06,4.6141770308543925e-07,8.463859558105469e-06,0.00010141377767645954,4.534534629805492e-05,0.00024636974558234215,0.00014133609037916828,0.00017596843222929953,0.00023834127932786942,0.00016184683359429797,0.00011967438223994473,0.00017400085926055908
1584,0.00015430214217267146,2.7119860095386333e-05,0.0003269631415605545,0.0005528943728682761,6.476189147236466e-05,0.00033751409500837326,4.0662571909695286e-05,1.1247787737792025e-05,3.5569071769714355e-05,0.0004630453281746494,0.0006199010134963351,0.00032306089997291565,0.00030105250955810015,0.00018647463610155582,0.0003537749871611595,0.0005193573645883576,0.0002978340553860155,0.00047593750059604645
1585,1.707197480872724e-05,1.926295476172707e-05,0.000171709805727005,0.00011514191849457123,4.764036413119899e-05,0.00022641383111476898,1.9244554478558412e-05,2.9881450125645572e-06,2.4322420358657837e-05,0.0001545878536553802,0.00036422349751324273,0.0001379069872200489,3.590913028085618e-05,8.042596397197718e-05,8.623115718364716e-05,7.697904884435003e-05,3.130402217460006e-05,0.0002687852829694748
1586,0.0003162790153376921,0.0002768677124534123,0.0001514814794063568,0.0002703605484153382,0.0001060957812080883,0.00010235607624053955,1.4631924894734777e-05,1.411521249292016e-05,7.364898920059204e-06,0.0003432767668304082,0.0002762891450514629,0.00010291719809174538,0.0003016876051579187,0.0004358403338889337,1.2596137821674347e-05,0.00023755972888128696,0.0002577598333956977,0.00010271742939949036
1587,0.0005809154284293072,0.00019349832509712658,0.0004885010421276093,0.00046754815342760214,2.383549733669596e-05,0.00048646796494722366,3.5902801769887444e-05,7.603264660662433e-07,4.180148243904114e-05,0.0008621471399203745,8.770516596326439e-06,0.0002767760306596756,0.0006478386275062809,8.126519161411397e-05,0.00030391477048397064,0.0003737787486349231,3.3012309248636046e-05,0.000498821958899498
1588,0.00010024081104464955,0.0001819358433354512,6.47958368062973e-05,0.00019868067946990364,2.7185471552376023e-05,2.8398819267749786e-05,6.933654635825348e-07,1.4377922917443845e-05,3.3676624298095703e-06,0.00012519337823731214,7.656437428250201e-05,7.62217678129673e-05,0.0002529472788695142,0.0002914385758873983,5.68293035030365e-06,5.0754322035079236e-05,0.00032649745868082447,8.277781307697296e-05
1589,4.491163946593324e-05,0.0003686932715062097,0.00015850551426410675,0.0006603923078450369,3.3911352138073225e-06,0.0003054030239582062,1.1405676015936728e-05,1.3027365209072926e-05,9.305775165557861e-06,0.00023292009207893927,0.0004395056720311735,0.00023748958483338356,0.0002601195749631219,0.00026196025174599763,3.2211653888225555e-05,8.5366952387117e-05,0.0001566804962077912,0.00016220472753047943
1590,0.00019945955484011735,2.563323434818729e-05,0.00024129636585712433,0.0001410834721183446,7.826051489297561e-05,0.0003076018765568733,2.0013796070781492e-06,4.475583230982485e-06,2.7514994144439697e-05,0.0001463043019310356,0.00012114613535210011,0.00038331886753439903,0.00018185373509542468,0.00012419211550964912,0.0003520110622048378,0.00024156874515476878,7.340724779699576e-05,0.00015800446271896362
1591,0.00017814411074110192,5.46569775731684e-05,3.974325954914093e-05,0.0002663770194647752,3.987744044149644e-05,8.609145879745483e-05,1.907109411570379e-05,2.683317813491088e-06,8.940696716308594e-06,0.00013997292402065376,0.00014732037082713922,2.367282286286354e-05,0.00031751419988235163,5.359917595157415e-05,4.8597343266010284e-05,0.0005005205935669776,5.470858752355985e-05,0.00033384375274181366
1592,0.0004651294632822406,0.00014660874771920546,5.862489342689514e-05,0.00046946664788262427,4.2822048386619016e-05,3.105774521827698e-05,5.462501597600436e-05,1.923149496013503e-05,5.260109901428223e-06,0.0002501100323919342,0.0001977285731912179,0.0002548452466726303,0.0005133914687782404,0.00010933923527555595,0.00013163965195417404,0.00010010947834748762,0.0003362406896315253,5.088001489639282e-05
1593,0.0001895272970873635,3.8377919749435496e-07,0.00015817955136299133,0.00036980963630835195,5.2331164064344654e-05,0.00017500203102827072,3.323757706497586e-05,1.8917811090746455e-05,1.3191252946853638e-05,0.00033272974794698595,0.0003379691640354107,1.8026214092969894e-05,0.00011252751384115134,0.0004371386247225516,3.7954188883304596e-05,0.00027560942665572075,0.0003403446834703127,0.00030190683901309967
1594,0.0003375770607123296,8.325340023833394e-05,2.6766210794448853e-06,0.0003573896619727679,7.35454344942231e-05,4.8745423555374146e-05,1.5052993384955665e-05,1.125954319134662e-05,3.0882656574249268e-06,0.0009251743165769877,6.758931245280653e-05,0.00034235604107379913,0.0005546466005761641,7.730393677382943e-05,0.0003631049767136574,0.0007801228104593882,6.470007158675996e-05,0.0005536433309316635
1595,0.0002609228786998735,0.00012496303221076407,0.00036138109862804413,0.0004500718763608691,1.2615852611069095e-05,0.000464743934571743,4.5190126944646275e-05,1.713790066486167e-06,3.0025839805603027e-05,0.0003285073765281754,7.012303718779284e-05,0.0001735505647957325,0.0003281333008283427,0.00037865670638664167,6.373319774866104e-05,0.00022083056603264262,6.358727008528957e-05,0.0004933644086122513
1596,7.732619640987703e-06,5.968739264110637e-05,0.0001049283891916275,0.00015184067040580063,4.0664595733388986e-05,3.49339097738266e-05,4.8253250637069964e-05,2.8274403964992758e-06,7.871538400650024e-06,5.2512320520142763e-05,0.0003177785701866595,0.00022792257368564606,0.00018896936672532783,0.000589375746311821,0.00015104468911886215,4.5604080279648684e-05,3.2010759131902156e-06,4.053488373756409e-05
1597,0.00025144116815767337,9.135005453867612e-05,1.5020370483398438e-05,0.00034542928414166285,8.863006068699636e-05,2.744607627391815e-06,1.8551966603712333e-05,1.5255200743548888e-05,2.6453286409378052e-05,0.00014587293074558305,0.0003807674797771457,0.00030156085267663,0.0003316187410720012,1.755111758268077e-05,0.00024924054741859436,0.0001759937359241126,0.00020675721624779063,0.00041504576802253723
1598,0.0003252984614971477,3.816676195705568e-05,0.00012357905507087708,5.235030832106968e-05,0.00010248535210257911,0.00022798031568527222,1.8683065472886035e-05,1.1224963439218812e-05,2.3212283849716187e-05,0.00020095023878842488,0.00022731827356510526,0.00019520334899425507,0.0003826583513752424,7.589348191848824e-05,5.718134343624115e-05,0.00024054693643058012,8.360792627608825e-05,0.00041223131120204926
1599,0.00010956094961588059,0.0001049112282074556,0.00013665296137332916,0.00020790918363675082,1.1048518249612976e-05,0.00021263118833303452,1.5929332821658718e-05,7.1452813611375815e-06,6.463378667831421e-06,0.00028286991469679557,0.0001595954290369503,4.643900319933891e-05,0.0002833528382523709,5.382348234819409e-05,0.00012612435966730118,2.1931907574657128e-05,0.0001596803621325294,6.671808660030365e-05
1600,4.451281543897678e-05,2.1773566282301537e-05,0.00021475553512573242,9.489142067234391e-05,8.190196075994263e-05,0.00018773693591356277,1.554303875931501e-05,4.680096403103236e-06,1.9568949937820435e-05,0.0005805775152910586,2.3577840141029982e-05,0.00021050963550806046,0.0005168117831158836,7.208921827103754e-05,0.00029292330145835876,9.135187140893453e-05,2.9263741346360894e-05,0.00013757497072219849
1601,0.0004836105151058423,0.000350554253288303,0.0002740975469350815,0.00019909173010446146,0.00016491485052034724,5.763303488492966e-05,7.879984882701481e-05,3.04511965943927e-05,3.141164779663086e-05,8.398182364798001e-05,0.00046937702626848044,4.4345855712890625e-05,0.0001373298383538224,0.00042838506629798087,0.000323430635035038,0.00039194830372199507,0.0004689096619861152,0.0009236298501491547
1602,0.00027128803985736194,0.0001578913429710789,1.8320977687835693e-05,0.0003348143552741184,7.703846602405764e-05,0.00012598931789398193,3.218801021890455e-06,1.520830388251947e-05,4.361942410469055e-05,0.00022513829428559562,0.00013808349506520823,0.0006487937644124031,0.000344444890463369,0.0003593162004212058,0.0004897657781839371,0.00013841166355516021,0.00019871830194023547,0.0008801352232694626
1603,0.0001581742245910095,2.6748758646943926e-05,0.00014438293874263763,0.000605367723767139,0.00010346842630182262,0.0001529427245259285,2.1653016167761524e-05,4.151104592410668e-06,1.5188008546829224e-05,0.000175664460659683,0.00016554115059321667,0.00018310872837901115,9.942493726182444e-05,9.838582342896335e-05,0.00013417191803455353,5.572091559175041e-05,4.3287092715688785e-05,0.00021848082542419434
1604,0.00031617122626437233,0.0001641934287637363,0.00023696571588516235,0.0007694838988858144,8.843251856037113e-05,7.888302206993103e-06,1.862809067282485e-05,2.3604919169398133e-05,7.711350917816162e-06,0.0005145046448768037,0.0001931980133386274,0.0003482336178421974,0.0004362985568210631,4.02055718801593e-05,4.6377070248126984e-05,0.0004742146620419496,0.0004781236681840797,4.012696444988251e-05
1605,0.00021713849623651582,0.00013152725637132975,6.262212991714478e-05,0.00017018510190165703,3.6332195770504006e-06,3.225449472665787e-05,2.6139972876596668e-05,8.583026643073323e-06,1.4591962099075317e-05,0.0003860482701635026,0.00018040245429078172,0.00010612234473228455,0.0001758405898105858,4.122442488296851e-05,0.00017113331705331802,0.0002220212950287681,0.00023572646290852955,0.00013356655836105347
1606,0.0001926230790224026,7.96360415183002e-05,0.0003917329013347626,0.0003537437339020122,0.00011604560127864011,0.0003196755424141884,7.143350764570941e-05,4.926379905638889e-06,2.0205974578857422e-05,0.0003754384887960788,5.3353533258630736e-05,0.0001717633567750454,0.0002537551760704998,0.0003118924293319218,0.00012576673179864883,0.0005540766857316248,0.00014402017143788116,0.0003765057772397995
1607,0.0005135632178941141,4.721807302002223e-05,0.0001706928014755249,0.00018158561235349924,4.727007794050678e-05,0.0002424204722046852,5.999740165175266e-06,1.3349177428233629e-05,1.1175870895385742e-07,0.0002842377618558073,6.610399115904164e-05,2.713361755013466e-05,0.00019215142492502724,0.0004932950802827019,0.00011450331658124924,0.0007065757049477539,0.00017561977609587345,0.00011106394231319427
1608,0.00011923160942917121,0.00011654562023108786,6.888061761856079e-05,0.0004934898180624231,6.105531328504457e-05,1.1459924280643463e-05,5.890297391451978e-05,1.6607456382498713e-05,1.6920268535614014e-05,5.0117736691515646e-05,6.270999207245997e-05,0.00025700172409415245,2.609343726746316e-05,0.0005922078693716346,0.00012745242565870285,7.157460094889267e-05,0.00026636779992076504,0.00042002834379673004
1609,0.0007101490329901594,0.00029048776704254306,6.018392741680145e-05,0.0002717014425193398,0.00018760735557013866,2.533942461013794e-05,3.0829141629528864e-05,5.596451006351913e-06,5.517154932022095e-06,0.0004558601131200435,0.00040660389475415115,0.0002561025321483612,0.00025494202076142836,0.0006370491500030696,0.00014084670692682266,0.0007282154068945501,8.791229702536339e-05,0.0006608832627534866
1610,0.000557818205761465,0.00031742623350260873,5.081482231616974e-05,0.0007292264277500154,0.0002432584536497459,0.0002248985692858696,6.85559149292414e-05,2.7547066522650614e-05,4.4971704483032227e-05,0.0007208924030877306,0.0001106003335102565,0.000658178236335516,0.0006820942745449782,0.00046102763983360204,0.0002511264756321907,0.0009503654642849524,0.00043477779175569997,0.0010499414056539536
1611,0.00015641106768106428,2.9346545241986516e-05,2.5719404220581055e-05,7.222076513667408e-05,0.00034364398872601537,0.00020085740834474564,2.7436012769301715e-05,3.2266774130585785e-05,1.858919858932495e-05,0.0004652534147593923,0.0006254355396970376,0.0001710718497633934,0.0004518820523636835,0.00034700355358128,0.00013596005737781525,0.0002448958374034471,0.0005417308880651169,0.000296223908662796
1612,0.0009036470658420337,0.00015883950733679847,0.00033401697874069214,0.0007024887080687714,0.00022059578095963428,0.0001840861514210701,4.6157783320703236e-05,9.068013224634917e-06,4.400312900543213e-05,0.0009373436648843075,1.53130527419873e-05,0.00018944451585412025,0.0006833499589317671,0.00011088547899809967,0.00039122719317674637,0.0010674764376204793,0.00018608505522948668,0.0006929170340299606
1613,3.4462768869730764e-05,4.8363853509543475e-05,0.00017079338431358337,0.00018231063040158313,0.00021953361130341853,1.4944002032279968e-05,5.433270902020955e-05,2.0839270193063054e-05,1.1317431926727295e-05,3.0513944686227923e-05,9.564840503969996e-05,0.00023781321942806244,1.579365665409227e-05,8.386463129717373e-05,2.1154992282390594e-05,0.0004512507349900552,0.0005175715692181237,0.00018966197967529297
1614,0.0005628105864313171,0.00012465031532987725,0.00028068944811820984,0.00042918150333606797,0.00022742009771271887,0.00027895160019397736,6.30251878812639e-05,1.389037246136266e-06,2.4713575839996338e-05,0.0003355200363550498,0.0002212783016836209,3.6461278796195984e-05,0.0006810588668478001,0.00016864339665334863,3.989227116107941e-05,0.0003885337335516048,4.962252242220015e-05,0.0005153939127922058
1615,0.0009579391093156725,0.00018154660486303584,0.0005780924111604691,0.00042353853217021176,0.00015208199839388328,0.0006240811198949814,9.562969333792512e-05,1.2795208067730162e-05,4.9173831939697266e-05,0.0017752349609975598,0.00014347110319644363,0.00023405253887176514,0.0010699041595582104,0.0001482033486472946,0.00013977102935314178,0.0007642037529467793,0.00021250545504743028,0.0007203351706266403
1616,0.0005435312430634998,8.540593307565861e-05,0.00024746544659137726,0.00024553611522104557,0.00011587422508418932,0.0004094848409295082,6.039949212656784e-05,3.3633100380042204e-05,2.1677464246749878e-05,0.0007658216434468235,0.0011555887436234535,0.00015114620327949524,0.00015834507990721003,0.00045533901477984653,4.3150968849658966e-05,0.0008293040075062486,0.0004000955313407887,0.0004817657172679901
1617,0.00042860339809611125,0.00031228633641431844,0.0003587789833545685,0.0005269723644424212,0.00010521863356752897,0.0003574276342988014,5.068202183519145e-05,1.0197909132187485e-05,4.398822784423828e-05,0.0006890582925638544,4.279852096070874e-05,0.00022327527403831482,0.00034659655607101325,0.0002164625658865743,0.0002771327272057533,0.0013758230694020934,5.561943010227478e-05,0.0004826448857784271
1618,0.0006648643361338302,0.000500391122858098,0.0009107897058129311,0.0006963268956655111,0.00029313448964914807,0.0007711229845881462,3.096143406404808e-05,3.6217762379895605e-06,6.789341568946838e-05,0.0008804354709066181,0.0001395196486245892,0.00014467444270849228,0.0006179216071734578,5.899892009955665e-06,0.0003570541739463806,0.0013493907843373787,0.0002623697332108949,0.0011678822338581085
1619,0.001229178859197974,0.00028617456896481985,0.0007553445175290108,0.0005990923542903148,0.00011114637999421959,0.0007223626598715782,4.4620950794665645e-05,7.5165330916906374e-06,4.4718384742736816e-05,0.0004686365305448803,0.0001230989908934041,0.00021033547818660736,0.0006183909476164956,7.079904350379071e-05,0.0002585751935839653,0.0007467221856506945,0.00018437307663060967,0.0009689461439847946
1620,0.00017784457471313464,5.3651555073728346e-05,0.00010526366531848907,0.000380173639390205,4.5389468134777317e-05,0.00018398649990558624,3.1429483461305197e-05,1.0164949664578536e-05,7.923692464828491e-06,3.885489856678137e-06,0.000281802336444259,0.0002434602938592434,0.00017757444539179268,1.8300228544834707e-05,0.0001423647627234459,0.0007175116938416548,0.00018672465349393354,0.0001667998731136322
1621,0.0008808997261331025,1.2799862992442235e-05,0.0001897476613521576,0.0009204910377455106,9.852019637036566e-05,0.0002690143883228302,3.213278718642611e-05,1.0807998970141681e-06,2.9187649488449097e-05,0.00044011667745912086,7.69802930022101e-05,0.00034381449222564697,0.0007006226349332012,7.261921590818315e-05,0.0002715541049838066,0.0008972930082579156,9.033047021486836e-05,0.0003995969891548157
1622,0.0006016915293290404,7.131966678356264e-05,0.00011769495904445648,0.0009022652978299961,0.00013672398204925967,0.00010194070637226105,4.12082481341617e-05,2.0535045286364413e-07,1.2073665857315063e-05,0.00027724827869095303,0.00079767588626449,0.00039427541196346283,0.0005318085267242284,0.0004579077382157598,0.00040841754525899887,0.0003779201341206351,6.015855158666289e-05,0.00022345595061779022
1623,0.00026974901144123653,5.7264750355418004e-05,7.012858986854553e-06,0.00019349447614547266,0.00017034048933389084,4.2980536818504333e-05,6.7450781190813575e-06,8.156930268027915e-06,1.4964491128921509e-05,0.00014145371442385313,0.00020849048401889309,0.00015411106869578362,0.0001999693739462155,0.00027206197194409865,0.00011807400733232498,0.00020443942385800495,0.00010649544120431426,9.781308472156525e-05
1624,0.0003450622668281361,1.3346287391618333e-05,0.0002266373485326767,0.00015213995719585982,0.000166040857721355,0.00029828306287527084,2.2291915270089557e-06,1.4089493811549384e-05,3.170967102050781e-05,0.00016212801257427245,0.00028426462315819107,0.0002422099933028221,0.00020285627068419854,0.00029521139524532614,0.00016169995069503784,0.0001464700393796481,5.5247434082431046e-05,0.0004092808812856674
1625,0.00021991426637958666,8.359035334621831e-05,0.00014439783990383148,0.00011688230526703258,4.4748364299348337e-05,4.531443119049072e-05,2.3788081885911527e-05,1.0962797847781e-05,1.8071383237838745e-05,0.00042362859181672985,0.0005344800033845604,2.897903323173523e-05,0.00013953326769214347,0.0001273129506302595,0.00012652110308408737,0.00016483601272548887,8.831101765650537e-05,0.00032895058393478394
1626,0.0003423225152767717,6.973069886604885e-05,0.0002880636602640152,0.0005460658487464187,0.00014341864853351094,0.0001683095470070839,9.85239280724276e-06,1.7925754618188807e-05,4.83393669128418e-05,0.0007313154835924401,1.231534195539341e-06,0.0004319632425904274,0.00046730486438731345,0.0001553975706669701,0.0005766293033957481,0.0002390522091166858,0.00024007827139425376,0.0007251109927892685
1627,3.440555966494063e-05,7.554087044669977e-06,2.7788802981376648e-05,0.00014086254094031192,1.3402017190959625e-05,6.231758743524551e-05,4.0545962028066054e-05,6.430718546657807e-06,1.5389174222946167e-05,0.00029897151046277826,0.0001999558272344215,0.00030937837436795235,3.797518802341193e-05,0.0003440587569221512,0.0001791045069694519,0.0005200914086982422,0.00011937655766921552,0.0002493560314178467
1628,0.0006480504827465483,0.00014397074220658113,3.744475543498993e-05,0.0002891057278267134,0.0001400787740090878,1.412816345691681e-06,8.371105406215079e-06,3.6101469634280004e-06,1.8388032913208008e-05,0.00018861736525692396,0.0001667242338713945,0.0001323297619819641,0.0003063736836757397,1.679257966343689e-06,0.00016431044787168503,0.00034305571494444576,4.036266683630878e-05,0.0004912726581096649
1629,0.0001793059750806597,3.675055878355968e-05,0.00012568943202495575,0.00020138751330575633,2.4638212207411803e-05,0.00012655369937419891,1.9661823025774947e-05,1.1545307349505288e-05,3.590807318687439e-05,8.159806239117773e-05,0.0005688864370864966,0.0003283354453742504,5.4680721543368116e-05,4.293883885408273e-06,0.00029414892196655273,0.0004228630651983145,0.00016406250741046562,0.0009467601776123047
1630,0.0003391248435890559,3.403776077980786e-05,0.0002766866236925125,0.00028138605192155886,0.000261706091039704,0.00017465092241764069,3.0344020756873508e-05,1.3414311086849969e-05,2.980232238769531e-07,0.0003837223591558053,0.00012448000643801305,0.0002434845082461834,0.0004325218271219178,0.00019164917212170784,3.013666719198227e-05,0.0005214177083014415,0.0003154702460659957,0.00021671690046787262
1631,0.00018109063865180686,9.181986021247757e-06,0.00013092905282974243,0.00022263162482970278,9.64898652141069e-06,1.4174729585647583e-06,2.0221413446805392e-05,1.7526109305171598e-05,1.0516494512557983e-05,0.00013289335347910214,0.00016956785960105247,3.349129110574722e-05,0.0003327779874316428,6.004132596388462e-05,0.00025102589279413223,0.00030277199512579456,0.00035743584197254694,0.0002050735056400299
1632,0.00015096232502630202,9.152590257909335e-05,1.5273690223693848e-07,0.000156317834525882,2.7642321306389078e-05,4.6510249376297e-05,3.6519773820905405e-05,4.017658865750301e-06,3.263354301452637e-05,6.365878093284039e-05,0.00019727848797999187,0.00024261651560664177,0.000612407019827621,0.000545295859514499,0.00021690037101507187,0.0003842872013922749,3.569374794808698e-05,0.000561147928237915
1633,0.0004196130433218592,0.00015139987394153717,0.00016503594815731049,5.525675503453842e-05,6.802076212303679e-05,8.632522076368332e-05,1.894329278422091e-05,1.3121145853793072e-05,3.523007035255432e-05,6.325429522104076e-05,8.479315531656484e-05,0.0003328588791191578,0.00040255974073422074,0.00032517326728856433,0.0004049669951200485,0.00020882121694637545,0.00018495609424006194,0.0007316246628761292
1634,0.0006534275823798369,3.4724312054174034e-05,6.193853914737701e-05,9.268014688465498e-06,1.9386609181281517e-05,6.828829646110535e-05,2.2009993100475037e-05,5.647343857339312e-06,1.3377517461776733e-05,0.0005205166311232634,5.810647575450745e-05,1.900969073176384e-05,0.00027762255255252277,7.43429862192016e-05,8.535012602806091e-05,0.0007504103189494571,0.00012075608839784077,0.0003652423620223999
1635,0.0006576557262359811,9.505825735355716e-05,0.00027744658291339874,0.00041133084261858743,0.0001235246231377045,0.0003378158435225487,2.3744636778646327e-06,6.487998092322774e-06,2.997368574142456e-05,0.0004370525495793337,0.00041911576764695063,0.0005218060687184334,0.0006185103654342272,0.00010709806029232313,0.0005004126578569412,0.0006962553847198183,9.199289448522975e-05,0.0004479270428419113
1636,6.11525842041799e-05,0.00010429637870020686,0.0003214087337255478,3.4647213035934876e-05,0.00022529753579076175,0.00015920493751764297,5.70286183851007e-07,2.8249960528499343e-05,1.2423843145370483e-05,1.7068263616942803e-05,0.0008581404465536693,0.00014484208077192307,0.0003877361414658803,0.00030272127053665096,9.37730073928833e-05,0.00013461594379701736,0.0005158770251216509,0.0001726597547531128
1637,0.0003860889591455058,0.00011097095386899264,8.813850581645966e-05,0.00010079269557192183,0.00030261856860636094,3.2500363886356354e-05,4.830123808421266e-05,2.054241773367493e-05,2.843514084815979e-05,0.00022054976787612424,0.0006810874313268461,0.00046238116919994354,0.0004827851700389407,0.0002932818985231095,0.0002707038074731827,0.0003040109388260104,0.0003990252963357796,0.0006502252072095871
1638,9.455214742433438e-05,3.534517140019178e-05,8.74493271112442e-05,0.0005425621677092457,3.6855161725468655e-05,6.893090903759003e-05,3.495316662422386e-05,2.622527500691519e-05,2.2318214178085327e-05,0.0004212471617315444,0.0008629881400287684,3.8378406316041946e-05,0.0002924040542517381,0.0004123775114907545,0.0002572815865278244,0.00011921038320014676,0.0004928667364211495,0.000570712611079216
1639,0.0003381258384239083,6.577841455514266e-05,2.9606744647026062e-05,0.00041467232438902046,0.00023763968126645427,3.386195749044418e-05,4.3615707463057207e-07,1.569930349007236e-06,1.7881393432617188e-07,9.987604003279527e-05,0.000282184223082696,0.00020836340263485909,0.00034072566189129183,8.103190925295295e-06,0.00010652560740709305,0.0003812368160229229,2.610462632848809e-06,0.00020859204232692719
1640,0.0002953997452517648,0.0001195475666739658,3.516674041748047e-06,0.00021676880462970227,7.11305484298666e-05,5.705561488866806e-05,2.5401184371075247e-05,1.115661298528971e-05,1.5616416931152344e-05,5.312202046331427e-06,0.0001222763000161206,0.00038543064147233963,3.240370818674565e-05,7.428767250124146e-05,0.00027245841920375824,0.00024436348091602667,8.679153397693484e-05,0.0004895459860563278
1641,6.0301937586840215e-05,7.014515336807581e-06,9.501352906227112e-06,0.0003157628288943809,6.665926104691342e-05,8.208025246858597e-05,3.353629735589926e-05,7.861298342242578e-06,3.4049153327941895e-06,0.0001575852672290462,0.0002107070394681207,0.00011923117563128471,6.613859875002903e-05,0.000303403539484607,4.5282766222953796e-05,0.0001847136222084267,0.00013234332373576914,0.0001152772456407547
1642,5.887204386573197e-05,6.0901491450240236e-05,6.043538451194763e-05,0.00011402282728377455,6.576466178534468e-06,0.00014260783791542053,8.212282634600249e-07,1.0594856909819958e-05,1.3280659914016724e-05,0.0003163166831480074,0.00039138295311633847,9.2298723757267e-06,0.00023146280839261846,0.00011000021694845818,6.539188325405121e-05,0.00021734848629728631,0.00011499484828896012,0.00028850696980953217
1643,0.0004815718782249512,5.8803057564719985e-06,0.0003961380571126938,0.000487243941833429,3.981810803309685e-05,0.00038155168294906616,9.95796839120544e-06,1.1059702626421242e-05,3.372505307197571e-05,0.000603705975039337,0.0009299213732342979,0.00015147821977734566,0.0006806361485666573,0.00026920691947369263,0.0001555122435092926,0.0006275885074845111,0.00031261893592819147,0.0004457589238882065
1644,0.00039372724543988713,0.00022508075399149674,0.00013993866741657257,0.00042539875549116313,0.0002551208597504663,0.00029030442237854004,2.1185734759459826e-05,2.9653511893081778e-05,4.338473081588745e-05,0.00019057675585573697,0.0008542673816111512,0.00043878937140107155,0.0002953497557499768,0.00017720380159879506,0.0002448931336402893,0.00010016091196984878,0.0004546485239815667,0.0008379295468330383
1645,0.00012352662364381595,6.488656904171317e-05,6.008893251419067e-06,5.862486203365991e-05,9.854394580529821e-05,0.00013732537627220154,2.716295851289824e-05,9.956838154845642e-06,2.382323145866394e-05,0.00044518863069270553,0.00053716990480452,0.00047903135418891907,0.00010111877583898754,4.028302838434555e-06,0.00030809827148914337,0.0009034612535182285,8.344406688419112e-05,0.0007525589317083359
1646,0.0003727934552589518,0.00013345831430108118,0.00016288086771965027,0.0008788577387393998,0.00020204462890255695,0.00014969613403081894,2.583961374026493e-05,6.106652771491997e-06,2.127140760421753e-05,0.0007676086976643737,0.000965830851072047,2.4178531020879745e-05,0.0005674333046512825,0.00017401604381473562,2.2220425307750702e-05,0.0010962783890803574,0.0001398095965752348,2.5784596800804138e-05
1647,0.00018962921354662154,0.00011579791592461128,7.060263305902481e-05,0.0007168973215206376,0.0001238531096051966,8.319597691297531e-05,4.7961164057138544e-05,1.3230991197074648e-05,6.314367055892944e-06,0.00014404201408237116,0.0004365531418850724,0.0002155005931854248,1.091697793678681e-05,2.220450060723758e-05,0.00021975766867399216,0.0005661693474855456,0.00011332600071649844,0.0004048626869916916
1648,0.00011196641543839703,1.0120264473258145e-05,0.0002225460484623909,0.0005538439046623989,5.104699226447795e-05,0.00012257788330316544,2.7139454134366206e-05,1.7547658964998372e-06,8.735805749893188e-06,0.00016345154075797508,0.0003488622154656229,0.00015949271619319916,5.2234601517722745e-05,2.5249169999172483e-05,0.000321890227496624,0.0004802045800006427,0.00013189631201201459,0.0003986973315477371
1649,2.7166975554313022e-05,0.00019447565776454373,8.083600550889969e-05,0.0003347804006683247,0.0001337855833475378,8.476991206407547e-05,1.3572135559232132e-05,7.37695558423253e-06,8.948147296905518e-06,0.0002922475359305732,0.00013536585161839226,0.0001221718266606331,0.00016785419416144587,3.736543020741237e-05,9.505171328783035e-05,0.0004745780515376663,0.00017788460972783908,6.325915455818176e-05
1650,0.0002275953134242975,7.086979560371603e-05,0.00026563089340925217,7.652715073812322e-05,0.00013218901154564422,0.00027274899184703827,2.0075978772463726e-05,2.102153764282661e-05,2.364814281463623e-05,0.0005196123191733015,0.0001789336921690296,0.00015557697042822838,0.00028827060783015446,5.044959106187755e-05,0.0001635933294892311,0.00036100828822721587,0.00038278794491574536,0.00019932352006435394
1651,0.00013006461002308678,0.00018403886938517938,0.0001513911411166191,0.00013123597580078084,0.00017850794128619965,0.0003115730360150337,3.60123209638772e-05,2.0759293571953716e-05,3.412365913391113e-05,0.00038573423472836044,0.00020830176407833634,0.0006578252650797367,0.0005038815809966235,0.0003321048929911252,0.0004314715042710304,0.0003611654539723286,0.0003081889284110434,0.0006745662540197372
1652,0.0004214378712454614,0.00013399383345293406,2.931244671344757e-05,0.0001901867347598868,1.1465696083561017e-05,7.3052942752838135e-06,1.7225679599736782e-05,2.2750147503987524e-06,5.532056093215942e-06,0.0002952467867997355,1.512205152508217e-06,2.9189512133598328e-05,5.908640783826302e-05,5.637687064590294e-05,1.0183081030845642e-05,5.922779870798367e-06,4.718785753687199e-05,1.6128644347190857e-05
1653,0.0005959714993334503,7.789007098622791e-05,1.3762153685092926e-05,0.00033920708079879236,2.2205443215513737e-05,5.673617124557495e-05,4.016563598673896e-05,8.713671327470755e-06,2.7142465114593506e-05,0.0006400680854694724,0.00018998702242606358,0.0003812462091445923,0.00029247222315298416,8.51602367581486e-05,0.0004069702699780464,0.0008640215092425296,0.00013587089211964352,0.0007393993437290192
1654,8.630402571169205e-05,0.00010630766103255154,0.00015631597489118576,0.00035885090064417813,0.00016219770250468224,0.00019357167184352875,2.0455950989357527e-05,7.77725682535237e-06,2.3767352104187012e-05,0.00038190718450289984,0.00034255828101645985,0.0003900560550391674,0.0005262879703325923,4.971243749450627e-06,0.00041960831731557846,0.0008058473776054731,8.254236641939798e-05,0.0006231348961591721
1655,0.00013985082251724568,0.0001427071876701838,2.3348256945610046e-06,0.0005565964890374003,0.0002841740280376051,3.309082239866257e-05,2.5650256317353085e-05,9.905490456490356e-06,3.4786760807037354e-05,3.2881265213668964e-05,0.00035192761816741497,0.00039231032133102417,0.00011385294204485641,0.0004196075582394605,0.0003969883546233177,0.00022363194129432218,0.0001417098272384308,0.0005861483514308929
1656,6.754765285560405e-05,2.1864839578052825e-05,0.00022680312395095825,0.00016764076202294143,0.00022030063939906808,6.550457328557968e-05,1.3058444892371027e-05,1.033494328679988e-05,4.269927740097046e-05,0.00016159911734935084,2.305545287029087e-05,0.0002511097118258476,0.0004371165054512377,0.0001771664755924364,0.0004486115649342537,1.9903927837572333e-05,6.205250444413397e-05,0.000560147687792778
1657,2.159209722837896e-05,2.8323841396768468e-05,0.00020558945834636688,4.6279455322345564e-05,0.00012396336037986608,0.0002616550773382187,5.042116729241097e-06,7.465629607662457e-06,2.9377639293670654e-05,0.0003397467749308297,0.00014213983665225388,0.00024384073913097382,0.0004464978314298318,0.00029679933695471797,0.00017083436250686646,0.0001321778929342654,0.00018678554410558358,0.00043638795614242554
1658,0.00026895926961974237,0.00020899945468397588,0.00021084211766719818,0.000327987987073855,0.00018124422196260856,0.00011044740676879883,0.00010741595735983163,1.5713461153046837e-05,2.796575427055359e-05,0.00019104897714790348,0.0001308882064205083,0.000345081090927124,4.946646273491784e-05,0.0003727650398817478,0.0004652254283428192,8.69718666882402e-05,0.0002129552764029135,0.0008686129003763199
1659,0.0005453643150821752,7.491455852146056e-05,0.0001425463706254959,0.00016585670558803833,0.00019123106181960156,0.00019739102572202682,8.578937085692781e-05,5.813037831047018e-06,3.7591904401779175e-05,0.00023889524934748996,0.0004155677268333838,0.0002712281420826912,0.00025231294932735737,0.00032525087171826617,0.00015573203563690186,3.544208102088109e-05,0.00010374960395158339,0.0006509590893983841
1660,0.00014990094839575918,4.3120519947217884e-05,0.0003103669732809067,0.0008948318625763702,1.6061061146144945e-05,0.0005463603883981705,1.1975720092377226e-05,3.619707475572935e-05,2.9906630516052246e-05,0.0002178091077700145,9.940309691282984e-05,0.0002978304401040077,8.99265490591078e-05,2.8857058417042225e-05,2.1101906895637512e-05,0.0003221912038098296,0.0006333863013817751,0.0005185566842556
1661,0.0006335510107468717,8.346218246907053e-05,0.00041259080171585083,0.0003922297904102867,9.443194223760637e-05,0.0006171530112624168,7.654577054155495e-06,3.0090092934210652e-05,2.290681004524231e-05,0.00031178852751254094,0.0001731466739790105,2.0017847418785095e-05,0.0004730252005439167,4.535157655366842e-05,0.0003019804134964943,0.0009200499165139264,0.00023419471013312598,0.00017005577683448792
1662,0.0006882591618303235,0.0002480609833228238,8.445978164672852e-05,0.0007670655999798409,6.494711681375581e-05,6.869807839393616e-05,1.9289569011936986e-05,3.2082972607752266e-05,2.1383166313171387e-06,0.0002946468360669613,0.0010658650250381305,0.0002110237255692482,0.00023511878345358617,0.0006605660138997611,2.631358802318573e-05,0.00016427423854115109,0.0006136292631445436,7.125362753868103e-05
1663,9.654507723388939e-06,7.718990453190952e-05,0.000147378072142601,0.00020157808793977439,0.00021396618248650107,3.4543685615062714e-05,1.8881047281500002e-06,3.336739564052194e-05,2.49519944190979e-05,0.00013794353721402475,0.000844937645349611,0.0003357906825840473,0.00021281692065186486,0.0008975166262875818,0.0001181894913315773,0.00012525455932627105,0.0004573361913813214,0.00037260912358760834
1664,0.0006590526437345173,0.00026358835774061354,6.004795432090759e-05,0.00025182843576480873,0.00012707192274811,2.3608095943927765e-05,1.1325709042961027e-05,9.419566392059649e-07,2.0701438188552856e-05,2.4830004218351354e-05,0.0004763415266638635,0.0002088150940835476,0.0001839198199996006,0.0002754368690799057,0.0002278108149766922,6.97242212296112e-05,4.0731206862905725e-05,0.00032557547092437744
1665,0.0002586230962625252,0.00011238420547654907,0.00014747120440006256,0.00021200255241553279,0.0001303816616601318,0.00018694251775741577,2.8955843928268193e-06,5.192993532689822e-06,4.794448614120483e-06,0.0002577051041800643,1.851182546488972e-07,1.5320256352424622e-07,0.00040294656557987585,9.808517452612048e-06,7.599126547574997e-05,0.0005202791776521831,6.019308409224364e-05,0.00014874711632728577
1666,0.00019998806712502593,6.568220712331943e-05,6.50119036436081e-05,0.0006718213930000244,0.00019943885556936505,0.00014595594257116318,3.331763646969438e-05,1.2836033744296539e-05,9.834766387939453e-07,0.00017723700844356205,0.00034364736039858845,5.0448812544345856e-05,0.0005268336898470172,0.0004107164612540577,0.00016052182763814926,0.0009452532797597224,0.00022011895075674769,4.880130290985107e-07
1667,0.0004979826912514251,0.0002956744022213839,0.0003323592245578766,0.00027205282934814057,1.6675664846210053e-05,0.00029286742210388184,6.258325347076495e-05,5.368372276961923e-06,3.7688761949539185e-05,0.0005144143925485262,0.00028710183704367537,0.00028294138610363007,0.0004121379536039943,7.018156427072639e-05,0.00027662888169288635,0.0002259080486588516,5.117050894595625e-05,0.0005625598132610321
1668,0.0007614298403015723,0.0002615709402175939,3.505870699882507e-05,0.0016236644524518645,5.134999515899602e-05,5.079153925180435e-05,1.5760747906547537e-05,7.178472706553633e-06,2.650544047355652e-05,0.001234865453062714,0.0005486320652166657,0.00019064173102378845,0.0008461429939091158,0.0005031910344765432,0.00023762695491313934,0.0008619907197174037,4.1262390759683534e-05,7.99521803855896e-05
1669,0.0002897447314130913,2.4733829648418415e-05,0.0002168063074350357,0.000623225460796531,6.856746686652315e-05,0.00011507794260978699,3.7643546389812266e-06,1.8129540419831256e-05,4.807114601135254e-05,0.0007319024573954197,0.000768014710164508,0.0002815225161612034,0.0004113814277658945,5.7795258878497874e-05,0.0004530176520347595,0.0007403444815251847,0.00022131213318343605,0.0005906764417886734
1670,0.00045783793126390193,6.301060061953204e-05,0.00012360699474811554,0.00026065169509133235,1.787214985039809e-05,1.970399171113968e-05,1.63588700669709e-05,1.018292193959386e-05,3.061443567276001e-05,0.00037570691329566475,0.0002116008650960427,9.252550080418587e-05,0.0005018355965267784,0.00010155508807034239,0.00025677960366010666,0.0007221031589064175,6.958657182599276e-05,0.0002932492643594742
1671,0.00015492034800836108,6.552318754064063e-05,0.00021927431225776672,0.00012744538544114115,5.442335439799148e-05,0.00023804232478141785,3.104083337732502e-05,9.70209697963081e-07,4.3414533138275146e-05,0.00014135337936152514,0.0003685702756703532,0.0005821757949888706,4.931678451142174e-06,1.1195099186719903e-05,0.0005635926499962807,0.0001127207117262996,0.00014135244497705084,0.0008884575217962265
1672,0.00011908247728917298,2.0541459993944633e-06,6.70459121465683e-05,6.543237502418253e-06,7.49899749580181e-05,3.023725003004074e-05,2.447785381769381e-05,1.4282249430290343e-05,1.6432255506515503e-05,4.226156651447599e-05,0.00031641283520547625,0.0002271723933517933,0.00018681363250845628,0.00018930034476045618,0.00010494235903024673,0.00030144216013988645,0.00014119023785499896,0.00033268705010414124
1673,6.216501017487774e-05,9.300287806605911e-05,2.0992010831832886e-06,7.754380072277911e-06,6.994503053823001e-05,0.00012682564556598663,7.6021901183314505e-06,1.9119807448767737e-05,7.715076208114624e-06,6.63089288337887e-05,0.00030054006293566554,0.0001508425921201706,2.5108251308969542e-05,8.284658154407085e-05,2.9974617063999176e-05,0.00021644486239935645,0.0002874325295485775,1.3723969459533691e-05
1674,0.0002720564680283727,2.6034265462365064e-05,0.00012920983135700226,0.00013417662539411124,0.00010444626635803742,0.00011099223047494888,7.441092508473496e-06,1.042544120284422e-05,8.743256330490112e-06,0.00024377876371026175,0.00014991934742398377,7.178587839007378e-05,0.0002738863515854423,9.852131132611838e-05,9.566638618707657e-05,9.942184820349587e-05,0.00014356029119816545,0.0001975465565919876
1675,5.253337040017625e-06,2.9601141923456253e-05,0.00019477494060993195,0.00014956733826892998,1.3279312327668658e-05,0.00027561187744140625,1.1440737078179455e-05,1.028664833855155e-05,1.5255063772201538e-05,0.00027658431089777613,0.00026811153713460906,9.059300646185875e-05,0.00011518758470586976,0.0001701404079434872,4.625879228115082e-06,0.0008348914027393461,0.00020476464353228613,5.6551769375801086e-05
1676,8.575399595434074e-05,1.3475537035512186e-05,8.113682270050049e-06,0.00015819273647678378,2.9318764393517632e-05,7.149670273065567e-05,9.899547968187164e-06,1.5946354540579267e-05,1.1473894119262695e-05,0.0003811078081711883,0.00024372651326632494,8.484069257974625e-05,0.0002195637830010727,0.00041519557511774177,0.00015349127352237701,0.00010542737267960067,0.0003182642672801342,0.00023933127522468567
1677,0.0006810486001405242,9.219713933483406e-05,0.000263923779129982,0.00031310363508940675,3.0264582910423388e-05,0.00024416856467723846,4.753943050303869e-05,4.768511747775062e-06,2.345442771911621e-05,7.100204819381062e-05,1.7570964026963898e-05,9.902520105242729e-05,0.00018708640846516744,0.00020050459062777304,0.00011485535651445389,0.0003277654934956409,8.628750894100826e-05,0.00043544918298721313
1678,0.00025655770699009595,1.2674432192220225e-05,9.036436676979065e-05,6.485256944431528e-05,9.962599086657878e-05,0.00023294053971767426,1.6449855661614457e-05,1.4238270265853176e-05,1.9885599613189697e-05,5.085874804357238e-05,1.3456655087458469e-05,0.00026418641209602356,0.00026129799209498317,0.00013983837769046895,9.964685887098312e-05,0.00020576045897918727,0.00010014950197505083,0.0003285631537437439
1679,0.00041658347487058545,6.114518055947912e-05,2.1006911993026733e-05,0.00010757400473092316,6.264321581375687e-05,7.325876504182816e-05,1.0500315106614505e-05,1.4138368229990464e-05,1.2584030628204346e-05,0.00022699636997187966,0.0001323925993840444,0.00015191547572612762,0.0003988322817766732,9.417204423258982e-05,0.00026468653231859207,0.00021152633659746178,0.000258148721253227,0.00034780241549015045
1680,0.0003837213074903423,1.7872071249432075e-05,0.00018944405019283295,6.226592735378289e-05,0.00032064121626795145,0.000169483944773674,1.658013402161887e-05,1.9140128939437208e-05,5.815178155899048e-06,0.00021186352428145816,0.00015056255927781842,0.00020811846479773521,0.00024228473813502072,0.00015764205741950615,0.00022573955357074738,0.00039599831071915337,0.00028564465559634267,2.9783695936203003e-06
1681,0.00042330855275807266,6.9330949297286e-05,3.1091272830963135e-05,4.6773771273544984e-05,0.00021854591681243554,0.000253467820584774,1.434887155451689e-05,1.2154393687655723e-05,1.376122236251831e-05,0.00025312909934151195,0.0002687897893183938,2.8103124350309372e-05,0.00024475996520142984,0.00023631201666534166,0.0003087669610977173,0.0005568439357450383,0.0002014868403207061,2.652406692504883e-06
1682,0.0003943965406078692,5.553800582689186e-05,1.3122335076332092e-05,0.0006884668525225235,0.00012812702937207293,0.00010117795318365097,4.456908142285755e-05,4.4769576688745427e-07,2.405792474746704e-05,8.122055661133332e-05,0.00033211134013651916,0.0004335748963057995,0.00018093787946768525,0.0005143817129529688,0.00031253695487976074,7.680892986997034e-05,0.00019903762730327096,0.0006387718021869659
1683,0.0004552933893115646,0.00018057015470053853,0.00015747547149658203,0.00019340891935569482,0.00026398694292037103,7.97593966126442e-05,5.5702252063902224e-05,1.335761247036498e-05,9.741634130477905e-06,0.00038977344682064596,0.000536186004004173,0.000336554367095232,4.3579477571525915e-05,2.462229502585289e-06,0.00024501141160726547,0.00020081834987906166,8.150852308848149e-05,0.0003431495279073715
1684,0.00019195336134178453,0.0003043506082581922,0.00026261061429977417,2.2705320305155263e-06,0.0002074403723654368,0.00018136575818061829,2.1096436436043517e-05,8.965418206544366e-06,2.691894769668579e-05,0.0006268753149660244,0.00023558770496875242,6.698491051793098e-05,0.00010232628944917277,0.00012357913322035008,0.00014952104538679123,0.0001243022284248274,5.734785486244051e-05,0.0005311407148838043
1685,0.00019141677298287196,4.6716125863138086e-05,0.0003085937350988388,5.297419576263951e-05,0.0001504341563121521,0.00027074385434389114,2.555495051689144e-05,8.234383252632839e-06,5.1721930503845215e-05,0.0006221287186995716,1.0613876643479625e-05,0.00034894421696662903,0.00024828171221859263,0.00014741741393503593,0.0004078969359397888,0.0005306615130380443,8.73430026889551e-05,0.0008471440523862839
1686,7.631866787177755e-05,0.00012191576233358883,0.00015914253890514374,9.509366659395113e-05,0.00015447692416434983,6.638374179601669e-05,8.446875118701958e-07,5.233344261754949e-06,1.6838312149047852e-06,0.00031383291783994294,7.517573118327042e-05,0.00018515530973672867,0.0001650493792589719,6.067817967038425e-05,6.693229079246521e-05,0.0004096031175824244,5.794482427742831e-05,0.00012562796473503113
1687,0.000370893630969385,5.163094403628013e-05,0.0002030450850725174,8.727333781369251e-05,0.00012559394196541215,0.00014142971485853195,4.447903256075622e-05,7.4702671748672804e-06,1.5888363122940063e-05,0.0004982595946120688,0.0003661443801753761,2.7361325919628143e-05,0.0005725993846828203,0.00013048343131976184,2.9670074582099915e-05,0.000887050383337834,0.0001927387422988175,0.00017072446644306183
1688,0.00010793749951319709,0.00017184936458467664,0.0003274381160736084,3.945120414354519e-05,0.00020361414274731524,0.00029288139194250107,2.6390920482115277e-05,2.4941619384506253e-06,1.6827136278152466e-05,0.00020529509642715216,1.1435945569931993e-05,1.3957265764474869e-05,0.0006161023914473124,0.0002840309194615427,5.711894482374191e-05,0.0006087202676696157,6.929058103183339e-05,0.00018948502838611603
1689,0.0002017088041732229,6.63749898332476e-05,0.0002781655639410019,1.026932550998727e-05,0.0001331710402506167,0.000393635593354702,3.2339475346903485e-05,2.506142938783751e-05,1.6450881958007812e-05,0.00047880188402771306,9.60359116011153e-05,8.272193372249603e-05,0.0007624845316791529,2.6541378436155394e-05,3.9715319871902466e-05,0.0003506276927592866,0.00033236902240744125,0.0002377033233642578
1690,0.0008885588395200067,2.0653225700304617e-05,0.0007664971053600311,0.000397429714555822,0.00010500558193347886,0.000893808901309967,4.2495258929485524e-05,3.00624870982983e-05,6.160885095596313e-05,0.0012990665556487507,4.187861098443185e-05,0.00033788662403821945,0.0007861219266639963,0.00013576866598467158,0.0002134609967470169,0.0011105369793330822,0.00036488156867703694,0.0007500294595956802
1691,0.000857354659789783,0.00011375939063896362,0.0004591420292854309,0.0002108091814539692,1.275263319672898e-05,0.00046627502888441086,1.722058178334901e-05,7.4536881918256135e-06,3.312155604362488e-05,0.0010549838253298693,8.473155632917478e-05,2.0182691514492035e-05,0.0006173163280405458,2.0550816942317002e-05,7.931236177682877e-05,0.001166164661545177,1.4286563338343494e-05,0.00022218190133571625
1692,0.0005867483173130073,3.482448226401619e-05,0.00012083165347576141,0.0002791186067881979,0.00026434348636964616,0.000382009893655777,4.848578028705114e-05,3.6039191184116144e-05,2.1152198314666748e-05,0.0008320242276613626,0.00024456167205876705,0.0002869493328034878,0.00042023245295637335,0.00036792493114396266,3.5502947866916656e-05,0.0011730165219244193,0.0005985535780938175,9.66005027294159e-05
1693,0.000756399808390304,0.00017521002473860556,9.333901107311249e-05,0.0004533262773963598,0.0002400870510882655,0.00019538216292858124,2.6914954227864538e-05,4.313755832276308e-05,1.181289553642273e-05,0.00027075512241003796,0.00041745862099972636,0.0003414819948375225,0.00047830442971685816,0.00023140248174978797,3.29604372382164e-05,0.00042407603697819374,0.0007107822910032927,0.00013574399054050446
1694,0.0004827151740335739,3.219055213020752e-05,5.7443976402282715e-06,0.00019474482377764002,0.000541768124514324,0.00021940842270851135,3.1480413847061184e-06,4.060975636367269e-05,2.043694257736206e-05,0.0002820246932056514,0.0006210356195938752,0.00041094282642006874,0.000717311795119871,0.0002007701855225967,0.00014088023453950882,0.0006042906845074025,0.0005059915530296749,0.0002839434891939163
1695,0.00039342825950586247,6.337793832360966e-05,0.00047014839947223663,0.00010201974960750981,0.0003843244798041705,0.00033451709896326065,7.35833563387956e-05,2.4531283396398307e-05,7.831305265426636e-05,0.0004439371164498135,0.0008168279058865316,0.00041539035737514496,0.000343796245478839,3.59688596730072e-05,0.0005938895046710968,0.0003224554435972693,0.0004105566037167982,0.0012765489518642426
1696,0.00045578267691383234,0.0002178984651503707,0.0006338730454444885,0.0001271912470561659,0.0003089372303057107,0.0006292648613452911,8.469072010272236e-05,3.1354847839212613e-06,5.857646465301514e-05,0.0003245989683198919,0.000151314649206237,0.0001830458641052246,0.0003903984282095513,0.0004203550546548439,0.00023651309311389923,0.0005310680834040571,6.754155818867319e-05,0.0009480733424425125
1697,0.000141318072337554,0.000327616491036041,6.883405148983002e-05,9.131597881201214e-05,0.00010978933841293559,0.00017256196588277817,3.8925137194837506e-05,2.9009976207607134e-05,3.635883331298828e-06,0.0003358836080239458,0.0005246913179858814,0.00029433658346533775,0.00023050915392400229,0.0005061354085208261,4.909001290798187e-06,0.00019214129614522624,0.00040382739094749556,0.000241156667470932
1698,0.00025788080976156535,4.300119261026886e-06,0.00024112500250339508,0.00019003758685280647,0.00011394805248342299,0.0001842370256781578,3.725497572945949e-06,5.851526785502774e-06,1.8555670976638794e-05,4.408211348277957e-05,0.00036108449555369293,1.3491138815879822e-05,0.00010256278388505458,0.00020069024592642842,0.00010316073894500732,0.0007557283448637042,1.3501536442344503e-05,0.00017559155821800232
1699,4.385148549281015e-05,1.6128576659796973e-05,0.0003022802993655205,0.00034034251093109646,7.648883743968313e-05,0.0003006402403116226,7.323948749602197e-05,4.120471500623085e-06,1.0203570127487183e-05,0.0003038448115935122,0.0005035430926586953,0.0001563848927617073,0.00045701025850353183,0.00027174997894861136,0.00017355848103761673,0.00022846735959256015,0.00012099043868186998,0.0001262407749891281
1700,0.00017673873871461299,3.228301925567445e-05,0.0002331119030714035,0.0002390606808142931,2.5581120146032227e-05,0.0002150256186723709,1.1708372935851502e-06,9.919242461403329e-07,2.1070241928100586e-05,0.000126854238707369,0.0004583610689985543,0.00010978942736983299,0.00027029926198807175,0.00012309831760271006,0.0001142006367444992,5.542548989656559e-06,3.119524319139533e-05,0.00016822665929794312
1701,0.00014620293624278968,8.037780943210421e-05,5.693454295396805e-05,0.00011870915136850957,7.41175272564662e-05,1.5810132026672363e-05,2.6110133801727706e-05,1.4552808007191461e-05,4.32133674621582e-06,0.000187639119162461,0.0005837023773026945,3.974093124270439e-05,4.6835496292696455e-05,0.0005253961867028485,6.857886910438538e-05,0.0006904656813587207,0.00021388805928491267,3.877468407154083e-05
1702,6.540529983338483e-05,5.780095000236865e-05,0.00010132603347301483,0.0001491714375101011,1.9060941656785096e-05,0.00024314690381288528,8.548562484148384e-05,5.787621002674133e-06,1.901760697364807e-05,0.0006105128901133516,0.0003629622122473253,0.00024581048637628555,6.831567499951396e-05,2.297864648109077e-05,0.00011979881674051285,0.0005713368527046903,6.403366167074057e-05,0.0007527153939008713
1703,9.310911799648158e-06,6.191143787734332e-06,0.0003792494535446167,0.0003518680993851303,4.6546374478276253e-05,0.0004150988534092903,6.643287432840823e-05,6.714513898099751e-06,4.176422953605652e-05,0.0007653894416226464,0.00015365575438577167,0.0004749847576022148,0.00014990974836491533,0.0004083100273815782,0.00044841691851615906,0.0003736981672404216,0.0002191697854693076,0.0012300852686166763
1704,8.32589721912469e-05,6.760331825948415e-05,0.00012636277824640274,0.00028587525883681797,1.2015167806609522e-05,0.0002499455586075783,7.85799434376358e-06,7.784395572986848e-06,2.5365501642227173e-05,0.00016333669280151064,0.00024909414465425217,0.0003489479422569275,0.0005324726686577325,0.00013960475215175558,0.0001693563535809517,0.000508539398961505,2.653808070343308e-06,0.00023956969380378723
1705,0.00011949990207149597,0.00017479425478966748,9.61199402809143e-05,0.0004510179362579164,0.00025645473293709267,3.627873957157135e-05,5.44473772974563e-06,1.0708040111160819e-05,1.4599412679672241e-05,0.00031220966883398205,4.879454316619736e-05,8.763046935200691e-05,0.0002879566185114979,8.916400422247228e-05,1.606438308954239e-05,0.00015627077069793605,0.0002344876667190257,5.5264681577682495e-06
1706,9.857363826511201e-05,0.0003441706318238376,0.00022213999181985855,0.0005291179642661348,0.00022263442224887062,0.00023489072918891907,3.797098947870732e-05,3.9468973416159495e-06,4.260987043380737e-05,0.000776601015493178,6.635804325945405e-05,0.0004459894262254238,0.0006253256568228421,0.0003909737032941618,0.0004186974838376045,0.0007994721917061742,5.038949721929489e-05,0.000982547178864479
1707,6.1580315822235e-05,0.00010746417029453698,1.3066455721855164e-05,4.5504568235196774e-05,7.127306542248357e-05,2.7033500373363495e-05,1.354332468395808e-05,3.1838362921630427e-06,2.1867454051971436e-06,0.00036847755667167303,7.67627261166054e-06,9.65646468102932e-05,0.00016127778098699863,0.0001047856860895667,6.045866757631302e-05,0.00036082556145994316,5.120486503286219e-05,5.8848410844802856e-05
1708,0.00010330027055563407,0.00012682457077353368,2.707168459892273e-05,0.00019222976224898825,5.95048037032031e-05,0.0001213178038597107,1.5895424647615827e-05,1.1843143190481487e-05,2.4959444999694824e-06,0.00034988714243729124,0.0002013447930306056,5.4067932069301605e-05,3.271880920593939e-05,0.00010663053294734937,6.811879575252533e-05,0.00038565186629754833,0.0001296814052700393,0.00016156397759914398
1709,0.0006383769502591868,1.6857603279647054e-05,7.330439984798431e-05,0.0003124688122496111,0.00022261221702548142,0.0001992480829358101,1.771847803508711e-05,1.9192236995690015e-05,5.750730633735657e-05,0.0006817751715638976,0.00021781891832542422,0.0005105864256620407,0.00043167396749985154,0.00015733820254810668,0.00034298282116651535,0.0012584620497650134,0.00020567835567081479,0.000725114718079567
1710,0.000339928853112903,0.00013677339671487598,8.963607251644135e-05,0.00042908264159649545,0.00015411472006555613,0.00018065515905618668,5.1211558636368726e-05,1.928252604993573e-05,5.142390727996826e-05,1.8329722573165452e-05,0.00047299297635719495,0.0008753701113164425,0.00042104829749838035,0.00045252478923635264,0.0007237959653139114,5.4981128507880506e-05,0.00015530803415592098,0.0009746551513671875
1711,0.00010302860035198147,0.00014240057817992494,0.00048042088747024536,0.0005497634574691684,7.855027301916298e-05,0.0005384916439652443,2.2675705404295518e-05,7.864788125485668e-06,3.4846365451812744e-05,0.0005790544382102414,0.000174067702642694,0.0002963063307106495,0.0006178628996104246,0.00020875719073864055,0.00020054075866937637,0.0005138028841663311,9.572604319482703e-06,0.0006099063903093338
1712,0.00029552712684646765,0.00019736779660936565,0.00013877451419830322,0.00013451284575403955,0.00020742825807931395,0.0002247309312224388,2.087786916795363e-05,1.830734723471891e-05,1.8268823623657227e-05,0.0003281931493067103,0.00019949765491292237,0.00021891016513109207,0.0006027413614979465,0.00046652082922273366,0.0001636231318116188,0.0004581285077691344,0.0002829794693544208,0.00010667368769645691
1713,2.186145630876657e-05,0.00010893659275192438,0.0002235565334558487,0.0002901589148083389,6.30829722466815e-05,0.00017963070422410965,6.813159371624883e-06,2.143159570054665e-05,7.178634405136108e-06,0.00010561590259301756,0.0005210991461778933,0.0003000563010573387,9.126186980856765e-05,0.00038657459274198114,0.00023260712623596191,0.00016832105311151424,0.0002453448486836266,0.00014882907271385193
1714,0.0002880802690658213,4.082820508520893e-05,0.00014439411461353302,0.00018033220646207493,2.1330723791318507e-05,7.769186049699783e-05,3.97338053097062e-05,2.968316304062372e-06,3.135204315185547e-05,0.00018071584315790257,0.00019885639221465384,0.00024670548737049103,0.0002719323907197091,0.00031758818768652317,0.0003742137923836708,0.0003211557225119843,4.621765896367473e-05,0.00031570903956890106
1715,6.71905836685388e-05,0.00019125196229582628,0.00020700134336948395,0.0001681051785260429,1.0528715016906026e-05,3.295391798019409e-05,2.4745454510269327e-05,3.106207815031423e-05,9.864568710327148e-06,1.8217290289876398e-05,0.0004552932906679158,0.0001354934647679329,0.0006789815609857253,0.000497600371854267,9.957421571016312e-05,0.00042556639197968704,0.00043752346583240086,0.0002332255244255066
1716,0.00035165691640552665,3.946298037961482e-05,0.0001368001103401184,0.00022885713165324284,9.995515289046991e-05,0.0002145851030945778,2.4255967150343255e-05,4.8982792388882306e-06,5.2638351917266846e-06,4.01791215922237e-05,0.00030788921683266163,2.3507513105869293e-05,0.0004037798497329992,7.946317127135658e-05,0.00010860525071620941,0.00042090697727523163,4.284891666046092e-05,0.00010884366929531097
1717,0.00013880820020878426,0.000398440106089009,0.00033540651202201843,6.091228300794671e-05,0.0002585266101576625,0.00029500294476747513,2.92866507570419e-05,2.9931888555026942e-05,3.889203071594238e-06,0.00033568730472434416,0.0004080265374436301,0.0002824971452355385,6.62921519323928e-05,0.0007308810047810359,0.00023000594228506088,9.440927461432103e-05,0.00039242405502161806,0.00019502080976963043
1718,9.508064542702865e-05,0.0004221804323908708,0.00016548112034797668,0.0002912502953335838,0.000266683512138096,0.00021325983107089996,4.6871742153346135e-06,2.469160378351079e-05,4.6566128730773926e-07,0.00021588706946387703,0.00016101940208489846,7.329089567065239e-05,4.986553157944329e-05,0.0006621392226783956,0.00012973323464393616,0.0002569866248132435,0.00042394201061031304,0.0001827869564294815
1719,0.00015610588789012614,5.181353349377818e-05,4.8704445362091064e-05,0.0002636913498941934,6.521744240974015e-05,1.872330904006958e-05,1.2609339923592977e-05,9.831828171894962e-06,7.264316082000732e-06,0.0003399346488415361,8.705174585166287e-05,2.826657146215439e-05,0.00025299246335597214,0.00016706157936094077,4.6945177018642426e-05,0.00024048563563672243,0.00017744796124866298,0.0002780109643936157
1720,9.562939852428287e-05,9.222362920904836e-08,5.4230913519859314e-05,0.0001452036627275083,2.7413445412408782e-05,5.043763667345047e-05,9.436414784784464e-06,1.1395749511753967e-05,1.601874828338623e-05,0.0001076857214282051,0.0002930417454700199,0.0002753250300884247,0.0001981163821154902,0.0005872906952530642,0.00030005164444446564,0.0002324354139094098,0.00012823856517024494,0.00034018978476524353
1721,0.0002873291513363352,3.7527495597624444e-05,0.00016153044998645782,0.00017054537611771448,2.168438963052674e-05,0.0002144407480955124,9.108064852204195e-06,2.5803629680751575e-06,6.727874279022217e-06,0.00048322207544156115,3.5011433982726214e-05,0.00017214380204677582,4.9512802908588394e-05,0.00010187880857412748,0.00023719854652881622,0.00015377908837660437,4.472215191283699e-05,5.7796016335487366e-05
1722,0.00016679282831963405,0.00017359538502520477,0.0003713611513376236,0.0005598797528524047,0.00012964014928082065,0.0003415253013372421,1.434924331612103e-05,3.4199551227849555e-06,4.1350722312927246e-05,0.00017492501880200795,9.960310268199851e-05,0.00024297088384628296,0.00018412541366717716,0.00036766959351768047,0.0002749357372522354,0.0001698895507358522,6.860490210157215e-05,0.0008059889078140259
1723,0.0003360299942935657,0.00016111173437520152,0.0001979619264602661,0.0007045889494506768,0.00010396961562404716,0.0002165473997592926,2.7965145453274012e-05,5.634042457013295e-06,2.278760075569153e-05,0.0003927451457738096,0.0005233799221178587,0.00018298951908946037,0.0005532725665664817,0.00011778792765389928,0.00019756052643060684,0.00021598806524047998,0.00016343135366030104,0.0004494078457355499
1724,0.00042339393648427315,0.00017483298543167006,0.00015242211520671844,0.0005864883557171879,6.133725628641035e-05,0.00022495165467262268,4.452183942312178e-05,2.6157894893941895e-06,1.1648982763290405e-05,0.0007016172491124129,0.00011920150671258095,8.145580068230629e-05,0.0005239217410946684,0.00011674945082811722,4.105549305677414e-05,2.925164314107609e-05,0.00010950266994708482,0.0002751573920249939
1725,0.0003329034874568898,0.0001514098786730353,0.00037567876279354095,0.00043522613942460764,0.00010268961338650434,0.0005352059379220009,4.491594960670531e-05,2.1894255067381446e-05,7.88271427154541e-06,0.0006956732275997801,0.00032036607108419657,0.0004223557189106941,0.0008908363271373926,0.00021536715560124126,0.00014445465058088303,7.665766110381833e-05,0.00043996895510057567,3.7692487239837646e-05
1726,0.0007010213803565202,0.00014288749670900505,0.00016448833048343658,0.0005128255303462753,3.1791104426234784e-05,7.153954356908798e-05,1.4154170774719615e-05,6.631122163753395e-06,8.840113878250122e-06,0.0008666631878784942,9.717716268634047e-05,0.00018394924700260162,0.0008762844235341155,0.00020259690072723172,0.0001080092042684555,0.0007820963531638414,0.00010493879135425703,0.0005008075386285782
1727,3.099287983701626e-05,0.0002848232179058878,0.00027639977633953094,8.865578039149447e-05,4.256879158543586e-05,0.0002340385690331459,7.583601706285734e-06,8.93725663953036e-06,1.6339123249053955e-05,0.0004667771482428501,0.00021257897406205817,1.6954727470874786e-05,0.000373037596741288,0.0002681275699997106,7.085967808961868e-05,0.0004629816206581372,0.0001451058983654302,0.0006044507026672363
1728,0.0008945821263689341,0.00020235150979574373,0.00041029229760169983,0.0007175804276306902,9.243834575661455e-05,0.00023347418755292892,3.259124214215724e-05,2.0972707669540875e-05,1.6730278730392456e-05,0.0005011597002460011,0.00023603106824111875,0.000242594163864851,0.0003730892279248249,0.0003847025298652773,1.8863007426261902e-05,0.00026605790797837314,0.0004451283438095255,0.0002189241349697113
1729,0.00030515736469188814,9.229840572065259e-05,6.020441651344299e-05,0.00012673999603088348,0.0002388587246475657,2.1729618310928345e-05,2.918405219952229e-05,5.146950879612931e-06,2.678483724594116e-06,2.5619269145571444e-06,0.000634873112719668,0.0002274857833981514,0.0001456444253792738,0.00026970654672091657,0.0001430744305253029,0.0001396510077694424,8.810240033399128e-05,0.00011220388114452362
1730,0.0002951425805564484,4.06157317773756e-06,0.0002454537898302078,0.00036705014958822446,0.00011265568611773524,0.0002743164077401161,8.32694494335446e-05,7.574812906187343e-06,4.166364669799805e-05,0.00024496949898913933,0.00017349364513539328,0.0004125242121517658,0.00043296003207125844,5.263856642185802e-05,0.0003625480458140373,0.0005604847754544229,0.00022176181693458683,0.0005638971924781799
1731,0.0004178133341783269,2.4473291757722698e-05,0.00023405440151691437,0.00039226251996363204,3.194926262209061e-05,0.0002741236239671707,5.9131940742224165e-05,7.721148771611163e-06,2.0723789930343628e-05,0.0001512965324296095,0.0003707816476304013,0.00010703084990382195,1.1333883887368335e-05,0.0002089640939108607,6.380490958690643e-05,0.00023691481845500295,0.00013797700017447422,0.000353790819644928
1732,0.00040746560542755106,5.265713928908483e-05,0.0002453736960887909,0.00020348660921583328,3.700374894499703e-05,0.0002221725881099701,6.341877189385177e-05,6.698492158053538e-06,3.221631050109863e-05,0.00039238553320992964,6.482209623635826e-05,0.00019709207117557526,0.00037701530899295066,0.00023307119292786602,0.00019113998860120773,0.00046214366085717273,6.627099607037397e-05,0.00035599246621131897
1733,2.9009342672928207e-05,1.2941940384710027e-05,7.803365588188171e-05,0.00010894949178691382,5.749929596792977e-05,0.00014790333807468414,5.418197843360534e-05,1.767247631996843e-05,2.7682632207870483e-05,0.00047512942521658885,0.00016101168206562183,0.0005270969122648239,0.0004981435130082534,0.00020362433600698213,0.00038359127938747406,4.525657442239206e-05,0.0002553582732853013,0.000507846474647522
1734,0.0002401057643426352,0.00015418863845464634,0.00013550370931625366,0.00031366418785015726,0.00015048707676857884,2.9882416129112244e-05,5.1648602270514335e-05,3.815905437224657e-06,2.3499131202697754e-05,9.606852425428358e-05,0.0005110179825614306,0.00036182859912514687,0.00029519475223173386,0.00034908827093304076,0.0004835575819015503,9.643978264489705e-05,0.00013322733010750695,0.0003342200070619583
1735,0.0006473393151782969,3.901986440827537e-05,0.00026964396238327026,0.00015683579174408102,9.545768878068892e-05,0.00020286906510591507,3.448504231390835e-05,1.0758065354294819e-05,2.318248152732849e-05,0.0005985769704445337,0.0002764789071067128,6.127636879682541e-06,0.00025413275183745754,0.0006084617519592425,6.898213177919388e-05,0.0010096389397663275,0.00013047759944563413,6.753392517566681e-05
1736,0.00043521325828461965,5.3584412956088345e-05,0.00018986687064170837,0.00013514698540481596,2.446089791694611e-05,0.00021250639110803604,1.2145855889338433e-05,1.2083976595691766e-05,1.066550612449646e-05,0.0001784809265582693,3.1139730405672916e-05,4.2881350964307785e-05,5.72462326951656e-05,0.0001052116458201309,8.415058255195618e-05,5.897857704637022e-05,0.0001567578111316397,0.00024931319057941437
1737,0.0003510026612044137,0.00011544246650622633,0.00019450485706329346,0.00013206129397777544,0.00021611178609449652,0.00023604370653629303,8.1239123577527e-05,3.0144199422250592e-06,7.4766576290130615e-06,0.0005676772636367539,0.0004690052244428755,4.452420398592949e-05,0.0005492761158529258,6.482240009439075e-05,8.278805762529373e-05,0.000644007675120406,3.565550332131767e-05,0.0002435576170682907
1738,0.00010251410591098631,0.00010769889196678845,1.3645738363265991e-05,0.0004080493121406126,0.0002435089718475468,1.654401421546936e-05,1.1955695911072817e-05,6.291282654431285e-06,1.0401010513305664e-05,0.0007888577327161139,0.0006909659683223546,0.00019700359553098679,0.0003607679872356939,0.0001220223934167465,0.00016487669199705124,0.0010554345908602991,5.179029632321891e-06,0.00016872957348823547
1739,0.0003068625441836753,0.00011818535921417558,0.00027265213429927826,6.677430751035607e-05,0.00012223137205959536,0.0002270760014653206,6.190025793944773e-05,1.0725248985964824e-05,4.890561103820801e-05,0.0001499170587283133,0.00031975835608812064,0.0005652033723890781,0.00027297997742452285,6.554471981251586e-06,0.00064842589199543,7.676110456511509e-05,1.705610947621769e-06,0.000969231128692627
1740,0.00042248059149553596,6.220377748325859e-05,0.00025632046163082123,0.00017136593180799853,0.00016275819378921974,0.00023577362298965454,7.192981175711648e-05,3.7817369749188184e-06,5.986541509628296e-05,0.0003201597301436404,0.00018140724029073324,0.0006416691467165947,7.6760287235203e-05,0.00039864866988554085,0.0006714770570397377,0.00015267859709525156,9.369676475302034e-05,0.0012947730720043182
1741,0.0004406734991673211,8.257957005035343e-05,0.0001505240797996521,0.00038498138724965547,0.000195103144685755,0.00019166339188814163,3.365469925705605e-05,1.0851489173563725e-06,2.224370837211609e-05,9.319478372032952e-05,0.0002958331942488554,0.00031638704240322113,0.0002375034832459294,0.00024948758862482906,0.0002255123108625412,9.508828382626122e-05,3.347269149329979e-05,0.0006752721965312958
1742,0.0002986173289904054,0.00017332564310649015,0.00013608112931251526,0.0002565093578934946,0.0002105492930670437,8.398666977882385e-05,4.500435885132839e-06,9.154975682626964e-06,2.008303999900818e-05,0.0008838725163708289,0.00016016063278399828,1.3511627912521362e-05,0.00010479663119156157,1.3438350081790978e-05,0.00011043250560760498,0.0006015034460271074,9.5102353328224e-05,0.0005123838782310486
1743,0.0003996824818382899,7.235410616795307e-05,0.00030501000583171844,0.00038559703692249425,2.673075634966951e-05,0.00013946834951639175,1.4841395891800058e-06,1.835448479049187e-05,2.0984560251235962e-05,0.0002907110451369904,0.0002303650163877069,0.00011932244524359703,0.00020056572649149174,0.00033222215590991006,0.00037375278770923615,0.0005851284912347654,0.00015454714955878343,0.000630432739853859
1744,0.00013139515317825423,0.00016543948187767304,0.0001434963196516037,9.993725613134663e-05,2.902601286092904e-05,8.36281105875969e-05,2.4747786019475512e-05,3.892449714578208e-06,1.204758882522583e-05,0.00038169658421573216,0.0002758017822614006,7.14263878762722e-05,0.0001222287535327521,0.00021294218823398117,2.2253021597862244e-05,0.000244699984033786,2.266650816017124e-05,4.023313522338867e-06
1745,0.0005873987872063446,8.040799358601664e-05,6.603077054023743e-06,0.0002836691068996561,0.00013553691334283746,2.776551991701126e-05,4.2250757605596934e-05,3.1883081455687376e-06,1.7978250980377197e-05,0.0005336691925667547,0.00023752870119513741,0.00025422824546694756,0.00014854121244543828,0.0005176419150088075,0.0002576066181063652,9.15763835801775e-05,0.00014969473953508304,0.00010810606181621552
1746,0.0006673940585670418,1.3327902415222886e-05,9.234994649887085e-06,0.0001101717089505988,9.128387672170321e-05,1.1778436601161957e-05,1.8330359102518984e-06,5.9656989808503334e-06,8.326023817062378e-06,0.00020005870264636072,0.0005010146017184886,0.00024760467931628227,2.8549277301767595e-05,8.939870348884105e-05,0.00025152135640382767,9.606820255955717e-05,0.0001008633602324182,0.0002746041864156723
1747,6.507133068629767e-05,6.08062632738611e-05,4.754774272441864e-05,6.593979891521273e-05,4.296530455394701e-05,3.856141120195389e-05,2.2968833330895555e-06,4.112028447631746e-06,2.5331974029541016e-07,0.00021156184342038808,5.816916684524276e-05,4.465319216251373e-05,0.00014853218845477245,0.0002313526783552164,3.450177609920502e-05,0.0004546034273151811,3.0015463563955874e-05,0.0002055130898952484
1748,0.00014514666285470046,5.954350738562875e-05,0.00029251910746097565,0.00036970228507895997,0.00023726225646130555,0.0001793568953871727,1.9046817244241024e-05,1.256413003605111e-05,4.045665264129639e-06,0.0004068637932937713,0.00014353984998824454,0.00048671290278434753,0.0005676736324962128,0.0005745214512637778,0.0003260541707277298,0.0003388798538581095,0.00021214054983444836,5.11854887008667e-06
1749,7.681605573678363e-05,0.00013146754649625766,0.00032773613929748535,0.00013199681370719418,8.719516570375799e-05,0.00035108532756567,1.3815702589703785e-05,8.109241696450573e-06,1.671537756919861e-05,0.0004207628883021314,0.00013154552707398542,2.091890200972557e-05,0.00030539596753824394,0.000345119125957985,5.218200385570526e-06,0.00016906903015784236,9.408617873658646e-05,0.0003124866634607315
1750,0.000289652502912352,3.8150134155676835e-05,7.024966180324554e-05,4.714840418655608e-05,1.9575930286376553e-05,5.0487928092479706e-05,8.988636083905738e-06,1.0970323105141829e-05,2.2351741790771484e-08,0.0003746151465747749,0.0002889322114484963,2.514570951461792e-05,0.00018757072577407774,4.777015327728576e-05,6.479863077402115e-05,0.00042705029130093997,0.00018455530662100754,8.151121437549591e-05
1751,2.25098209507002e-05,0.000321736471924107,0.0003399290144443512,0.00026557283627265393,2.8218078788239814e-05,0.00045258086174726486,5.25767302184052e-05,6.770422307605462e-06,2.767890691757202e-06,0.00039021808206872455,0.00013661454389388844,7.81896524131298e-05,0.0001104490684833842,0.00022866390534683964,2.2522173821926117e-05,0.00029778568633045954,0.00018996156861115533,4.001520574092865e-05
1752,0.00017269533020300432,2.36598630978177e-05,7.391907274723053e-05,0.0002010581760787944,5.857783196982699e-05,7.908511906862259e-05,1.9956133951396643e-05,8.746238652916779e-06,9.961426258087158e-06,0.00029871765313374543,0.0003338909734155737,3.0668452382087708e-06,0.000376315092063928,0.00019404499448407234,1.3511627912521362e-05,0.0005820022218476217,0.00016820932421323515,4.474073648452759e-06
1753,0.0003602629956196701,0.00011352412324791908,1.2854114174842834e-05,0.00016613543755215898,3.9034679703897623e-05,1.545622944831848e-05,3.8981435053729585e-06,4.667207354111286e-06,1.6089528799057007e-05,0.00030129446551113714,0.0007308659432716039,0.0002559707500040531,0.0004974057955748484,0.0001422666806528937,0.0002992730587720871,0.0002744981247465583,4.120166907822104e-05,0.0001984480768442154
1754,0.00013048557837391783,4.853240685096655e-05,0.00011890009045600891,0.0002705005590629278,0.00010639344403760853,0.00017699599266052246,3.28492377894736e-05,1.5820034887588526e-05,2.2564083337783813e-05,8.835772030466038e-05,0.0002131115369295028,0.00032126763835549355,0.00011577234849559359,0.00016653827267001584,0.0003896178677678108,0.00025094033391953596,0.0002866004636746036,0.0004622228443622589
1755,3.988610645604129e-05,9.764291272846073e-05,7.724016904830933e-05,0.00012842642411944882,7.572978085760088e-05,4.5661814510822296e-05,4.104502133192231e-06,1.2840680736837199e-05,4.716217517852783e-06,0.00010477449402650219,3.023256777769101e-05,0.00027388008311390877,0.00015602200211597972,0.0002944380130229553,0.00010730326175689697,3.034025426257303e-05,0.00017812183106759652,9.191781282424927e-05
1756,0.00022699490506329634,0.00012182617883336674,2.92118638753891e-05,7.460311448298507e-05,2.8434248558997094e-05,5.45550137758255e-05,3.336886915862418e-05,7.556834067404586e-06,2.209097146987915e-06,0.0001598897286600176,0.00026628684818118947,1.831725239753723e-05,0.00034741129977172713,0.00021384478195875592,7.173605263233185e-05,0.0004107736861299893,9.350570924629951e-05,0.00013601593673229218
1757,0.00038791353805407713,0.00019015398922437796,0.00017410889267921448,5.147412911354898e-06,6.951807255304102e-05,2.9723159968852997e-05,9.207543594954432e-06,2.01110457978055e-05,1.333281397819519e-05,0.0003391573939783704,0.00016777692193030436,4.6131666749715805e-05,0.00044457615553954166,0.0003870909473390159,0.00024263467639684677,7.498502022321163e-05,0.0002692809934867705,0.000240398570895195
1758,0.0004322001748697235,0.00021217016374663195,0.0001343507319688797,4.231288997402771e-06,0.00013647200679865051,2.182088792324066e-05,1.0159204638222202e-05,1.7455343630023404e-05,5.725771188735962e-06,0.0004575130610783712,0.00010100964501678911,9.873416274785995e-05,4.154003103952475e-05,0.00032783802649095917,4.390254616737366e-05,0.00038483482198067853,0.0002449492954569501,3.047659993171692e-05
1759,0.0005184986416566922,5.342672468906101e-05,2.8407201170921326e-05,0.0002125107283611205,2.9450644361550538e-05,2.4782493710517883e-05,7.159979017332119e-06,4.9315521673417e-07,5.900859832763672e-06,0.00030240426010377797,0.00017681577796672954,0.0001588691957294941,0.0004974961370722425,0.00021660570893701145,0.00016947370022535324,0.0004720311134580324,3.957983729952971e-05,3.694556653499603e-05
1760,2.500727355192467e-07,0.00012875773870385868,5.3396448493003845e-05,0.0003316301341742961,1.9158534581488473e-05,4.07705083489418e-05,1.7981537286788224e-05,7.522516027858831e-06,5.170702934265137e-06,0.000246423449098615,0.00016242860766495226,4.163011908531189e-05,8.392717015150153e-05,0.00016893631702609088,5.261693149805069e-05,0.0003942685026620818,9.298347317698505e-05,3.6777928471565247e-05
1761,0.0003378355496121005,2.524410595771548e-05,8.42418521642685e-05,0.0003480612010350326,0.00012181252114461597,2.0600855350494385e-05,3.623404419142266e-05,4.155274881560917e-06,1.7173588275909424e-06,0.00010553303046748064,1.3570329871114006e-05,3.723893314599991e-05,0.0005162164588566054,0.00013708125076924288,5.1110051572322845e-05,0.0002307393226751442,0.00015524399751507337,5.752965807914734e-05
1762,0.00039621731804539984,5.4096955000058206e-05,0.0002963896840810776,5.139541206861109e-05,1.201073268654318e-06,0.0002986229956150055,6.913599648784505e-06,1.0039862384637432e-05,2.8718262910842896e-05,3.676939978086713e-05,0.00017227313841361447,0.00022468436509370804,0.0001599584925775499,0.00020502663080005853,0.0002078711986541748,0.00017798824259007695,8.158246110137948e-05,0.0005769096314907074
1763,2.4487546577578456e-05,4.000186152787119e-05,6.669759750366211e-05,0.0001556529522883654,0.0001057727531095301,0.00014448631554841995,3.627813798180897e-05,9.09271735720894e-06,5.129724740982056e-06,0.0001380496857560226,0.00032059362816672793,4.75151464343071e-05,0.0001749073987812877,0.0005306882515300863,4.6805478632450104e-05,0.0001308208961922075,0.00018610768823938868,6.502494215965271e-06
1764,0.0004158629019525295,2.704412487388244e-05,0.00021044909954071045,5.7732658400075354e-05,7.65998975682039e-05,0.0002428349107503891,3.865091954633609e-05,2.4451728042849084e-05,2.5466084480285645e-05,0.00017447814932879113,0.000998132716731985,0.0003180648200213909,0.0002429324405714417,0.0004613240052282336,0.0002900790423154831,0.0002917686489641025,0.00036335589467885974,0.0007571801543235779
1765,0.0004489335843705783,0.00016618150663863865,0.00033624283969402313,4.3553277337265994e-05,0.000260425236643682,0.0003227619454264641,4.078606871669825e-05,1.2481936576174421e-05,4.347413778305054e-05,0.0001897893452201399,3.6013811329643763e-07,0.00036355527117848396,9.863975013356396e-05,3.935368625744215e-05,0.0003644311800599098,3.312763728743895e-05,0.00012823111889918686,0.0008277334272861481
1766,5.5192760558986365e-05,0.0001093007498473332,0.00043508410453796387,0.00010081277980429626,1.5421662575173384e-05,0.00030052755028009415,6.884487739270383e-05,5.766771607112662e-06,2.580508589744568e-05,0.00016615455038263005,0.00013178358352430863,5.8372970670461655e-05,9.210440257086117e-05,0.00037139988752516936,0.00012882240116596222,0.00015595746675953204,0.00010081466050878077,0.00048558786511421204
1767,0.0004300485860498915,0.00010466332936943587,8.624978363513947e-05,0.0003504150920932425,2.474516621573178e-05,1.8520280718803406e-05,4.867178330465391e-06,1.0848387631673872e-05,2.3204833269119263e-05,0.00046351394869888207,0.00021558015954629972,0.00023864908143877983,0.00018405259316504885,0.0002781517932122467,0.0003504715859889984,1.020474206797628e-05,0.0001650997500510145,0.00034261494874954224
1768,0.00019525880817755636,1.9430844078228288e-05,6.797723472118378e-05,0.0001423571344356389,3.714867326245694e-05,4.045851528644562e-05,2.1849095722129008e-05,4.748185184169163e-06,3.505498170852661e-06,8.756762371969762e-06,0.00012720711312109306,0.00010420195758342743,8.386722794290202e-05,0.0004769332608014036,6.828922778367996e-05,9.444002191863476e-05,3.96721472460896e-05,7.254816591739655e-05
1769,0.0004056023953676047,5.273152086175681e-05,3.701820969581604e-05,0.00028546388441755277,6.302467386113883e-05,7.434282451868057e-05,3.1623083390795725e-05,4.971676871546324e-06,6.809830665588379e-06,0.00010641402055489024,2.18172701995506e-06,5.6333839893341064e-05,0.00017702683882708792,0.00010789454723484845,2.2563152015209198e-05,0.0005043890550475716,6.209001263185639e-05,7.706694304943085e-05
1770,2.593421932724216e-05,1.669164307346871e-05,7.38631933927536e-05,0.00019489755024428013,0.00017199665486662685,4.813075065612793e-05,4.071854403070452e-06,7.842681663320717e-06,6.690621376037598e-06,0.0003470032937825801,7.645154526156328e-05,7.378682494163513e-05,0.00010712611478898293,0.00013108139034183688,0.00010808557271957397,6.224193623768914e-05,0.00015499383601393774,0.0002651643007993698
1771,0.0003614387744499403,0.00015013427416694577,4.113093018531799e-05,0.0002200828744682859,0.0001686190354654761,5.0555914640426636e-05,8.049277317654507e-06,7.724832369289565e-06,1.9807368516921997e-05,0.00020056832067867625,0.00022503284129706674,0.00012420723214745522,0.0003611726878009064,0.00036580759149523745,0.00023598689585924149,0.00021643062866621987,0.00018106309984870436,0.00017512403428554535
1772,0.00028793440224350597,5.813983755098562e-05,3.5917386412620544e-05,0.000242632513297647,0.00010730770470287684,7.136818021535873e-05,3.0406439773290883e-06,2.7076772181703354e-06,7.148832082748413e-06,0.0002709212070946404,9.16113322872239e-05,6.789620965719223e-05,0.00029992227314855346,0.00012347781009733327,5.983002483844757e-05,0.00036959896949692594,3.18636710907854e-05,3.1422823667526245e-05
1773,1.007427517975279e-05,1.887892116435655e-05,0.00010175444185733795,0.0001038679172432333,3.916388278077387e-05,4.860851913690567e-05,1.8351081764299976e-05,4.404179040816414e-06,2.481415867805481e-05,0.00010506990855360665,0.0004898695230133657,0.0002879984676837921,0.00040305338508776767,0.00011783733676709596,0.0003626001998782158,0.00018422710292359534,7.416605632241426e-05,0.00044127367436885834
1774,0.00018609943890654512,5.147113099974662e-05,3.460608422756195e-05,2.4929977459911545e-05,2.200117577758412e-05,9.02712345123291e-05,4.923084104269636e-05,8.382412193259046e-06,1.6283243894577026e-05,0.00014086952952463427,9.99817124824054e-05,0.00011717062443494797,0.00014840360322995738,1.3551069794462411e-05,0.00020727980881929398,1.539851238069323e-05,6.473709583911837e-05,0.0003018788993358612
1775,0.00031500490544458803,4.495318668668036e-06,0.00012291409075260162,0.00024989602633933294,5.696693321819574e-06,6.831064820289612e-05,2.2816820321168788e-05,7.179770561463981e-07,4.343688488006592e-06,0.00020552826582358186,0.00043025322071318234,0.00015305401757359505,0.00016507675573293468,3.0266816540492486e-05,0.00010126922279596329,0.00018085102694101463,2.6760188287126147e-05,0.00010541267693042755
1776,0.00012539772556376116,5.27658740401421e-05,0.00016975030303001404,0.0003709139751070928,2.1867911696830944e-05,0.00029659364372491837,1.0408193460709203e-05,9.65459267061083e-06,2.7552247047424316e-05,0.0002705133415288191,0.00033413409944058753,0.00027470430359244347,4.6383585371387315e-05,7.748678738793077e-05,0.00012097228318452835,5.445108817697664e-06,0.00013276351786549456,0.0005001965910196304
1777,0.00010040301504811444,5.671690083813505e-05,6.582215428352356e-05,3.2371028190689155e-05,6.222579203853801e-05,5.96633180975914e-05,5.540187768240251e-05,6.870892148325126e-06,5.8747828006744385e-06,0.00011282910647281152,0.00010676593175426574,8.571986109018326e-05,5.025995455529286e-05,1.0499040950691374e-05,0.00010262150317430496,0.00018388416640174876,9.183371137692735e-05,0.00021131709218025208
1778,7.825858356398652e-05,6.877794174176e-05,0.00025331228971481323,9.822211063356678e-05,0.00012642688224070997,0.00017999112606048584,9.406543780029683e-06,6.390675940178719e-06,1.823902130126953e-05,5.5070944491864005e-06,0.00014631179491661483,9.058602154254913e-05,0.00020801490438211723,3.926388052662502e-05,0.0002190740779042244,0.0005624886754946878,5.7514371614891466e-05,0.0003725644201040268
1779,0.0002351709545999614,0.0001261085978691498,0.00023838505148887634,0.00028634382242719025,4.023121586989656e-05,8.08369368314743e-05,1.91890400965105e-05,2.1601891743357866e-05,3.98978590965271e-06,0.00020691978786073484,0.00039862084519297347,4.8189423978328705e-05,0.0002351163085202862,0.0001517801929826791,0.0001446641981601715,0.0003115529186513699,0.0003671391990085898,8.414685726165771e-05
1780,8.150736625175958e-06,0.0003032086608712632,5.425885319709778e-06,0.0004490309619875482,4.65731730279334e-06,6.479024887084961e-05,3.405731460960973e-06,6.415695666164389e-06,2.5741755962371826e-05,0.0004227245027199622,0.00022254181851003724,0.0004550786688923836,0.0002786597255225176,0.0005961864376516357,0.0004040980711579323,0.0007983486242961191,0.00011048480643171057,0.0003639720380306244
1781,0.00030126093157260836,1.6531147005678648e-05,0.000132070854306221,0.00013875087834874789,0.00011130809022536284,0.000167149119079113,3.1976041058317736e-05,3.420776973444531e-06,2.5387853384017944e-05,1.7604200098983447e-05,9.985773275227039e-05,0.00031153252348303795,0.0004426889310806953,0.00041557764504437933,0.0002675708383321762,0.0005068222641721187,1.5351734908625528e-05,0.0007070619612932205
1782,0.0006365150210055903,0.00015126827261092296,0.00012511759996414185,0.00010262519380217772,2.2421539397059903e-05,0.00012667104601860046,1.2176999173375141e-05,3.344384686814481e-06,2.995133399963379e-06,0.00013094786742740006,9.369215309933815e-05,0.0002050790935754776,0.0005592928697324279,0.0001456119928445257,0.00017395708709955215,0.0007405246131773624,3.8892857485610735e-05,0.00014498084783554077
1783,0.0006389034535288635,1.530289566411755e-05,0.0006039682775735855,0.0007279187230136708,0.00017054030678083365,0.0005043642595410347,2.1885078557474028e-05,9.312424093985984e-06,4.289299249649048e-05,0.0006500516682824975,0.00038349386840205724,9.787920862436295e-05,0.0007547429611391293,0.00019585927837626263,0.00025162193924188614,0.000881590646765934,0.00013063434695954716,0.0009084995836019516
1784,0.00018985484724237667,4.9096299295225965e-05,0.00014412030577659607,0.0005192973689825686,5.59172580151604e-05,5.932711064815521e-05,2.71847427923827e-05,7.477618686565829e-06,1.2405216693878174e-06,0.000745159850656818,8.555113759163568e-05,8.305255323648453e-05,0.00032007703001279975,0.0002686373169384672,2.715829759836197e-05,0.0004113786667424568,6.196996408605777e-05,6.172992289066315e-05
1785,0.0003944814356889176,2.0348180327610377e-06,0.0001906324177980423,0.0005015985154909475,6.000940599930338e-06,0.00021790526807308197,5.723496168803799e-05,4.81059991877422e-06,3.845617175102234e-05,0.0005065653055182778,8.547215106311651e-05,0.0003569559194147587,0.00034778227659848504,8.55711243721996e-05,0.00028125103563070297,0.00019923818802677906,6.977682810414311e-05,0.0008701030164957047
1786,0.00016455814603380525,1.3960384260120612e-05,0.00011105835437774658,0.0001844809594546415,7.201814803892148e-05,7.792003452777863e-05,1.5162902327291866e-05,1.432239819996431e-06,2.63899564743042e-05,0.00010665857309047344,0.0001118927854027521,0.00022672070190310478,1.1942096004316505e-05,0.00013685372327809295,0.0002494249492883682,5.25718045124024e-05,1.9859661187619088e-05,0.00045342370867729187
1787,0.00037412153734138476,0.0002770665354336725,7.545202970504761e-05,0.00017234221183533294,0.00029760372818577255,0.00011273380368947983,7.0886544943585955e-06,9.89094225338483e-06,2.3029744625091553e-05,0.00012578653186022526,0.0004184709386055932,0.00026693427935242653,0.00010333526837487395,0.00024173111159887795,0.0003391290083527565,0.00022222546262773424,0.00016467951504258935,0.00030116550624370575
1788,0.0005754462001748423,0.00014454757819522615,0.0003078039735555649,0.0006001326715704552,9.967601453579611e-05,0.0002031112089753151,5.8655235280877585e-05,1.0021090630880328e-05,4.507601261138916e-06,0.0006251767135382474,1.8056211768931185e-05,0.00033386657014489174,0.0005039876474995097,0.0003151629544075295,0.000203792005777359,0.0008224264789689906,6.543868283659902e-05,6.460770964622498e-05
1789,0.0002267829523566467,0.00013764640799534406,0.00014166533946990967,8.96627972418601e-05,0.0002734029711404587,0.00011780112981796265,3.220090599124342e-05,1.798463765239548e-05,5.666166543960571e-06,0.0006818377596086306,0.00022403543300694023,0.0001695435494184494,0.00016775038005412135,0.0006436115395307279,0.00013259798288345337,0.00029722037178819827,0.0002582444151806272,0.00024546124041080475
1790,5.843920522854984e-05,2.8132007706533485e-05,2.933293581008911e-05,0.0003971363188437216,0.00019712702878718624,4.8683956265449524e-05,1.6940180582805664e-06,2.262612769758491e-06,9.499490261077881e-06,2.4446833271615787e-05,8.658815898171524e-05,0.00014169374480843544,0.0003799571003269553,2.6716452592889794e-05,0.00021499674767255783,0.00019237423933030073,7.78979634055519e-05,0.00019360892474651337
1791,0.00023155101281546742,5.253715098884476e-05,0.00022405385971069336,0.00010061474115845292,0.00012708327010994142,0.00023452192544937134,3.452928692596058e-05,1.163846547605756e-05,1.1805444955825806e-05,5.495313376764621e-05,6.199515590865623e-05,0.0001301201991736889,0.00011641924834675244,0.00042946245646917347,0.00015479326248168945,0.00010350611360970818,0.00015746276455300481,0.00040530599653720856
1792,1.4886763472901632e-05,5.537702597633101e-05,0.00031727738678455353,8.94441857116901e-05,0.00013044901249812182,0.0003235861659049988,1.1141675533975215e-05,8.057626705036723e-07,5.7034194469451904e-06,0.00013811866000860984,0.000605646455677053,0.0002421666868031025,0.00024269629508916202,0.0006491528781594098,0.00022349879145622253,0.00012443904442843712,7.334501308400507e-06,0.0001394897699356079
1793,6.260256955173404e-05,3.935758632739664e-05,3.9715319871902466e-05,4.298321083003043e-05,3.0206901669230235e-06,6.810296326875687e-05,3.0146443129959802e-05,1.1259783849999023e-06,3.0547380447387695e-06,0.00016065400250872552,6.071258738714336e-06,2.7237460017204285e-05,2.971903065381032e-05,0.0006905717311252342,1.9203871488571167e-05,0.00013850190032371756,2.1742342607624504e-06,4.179775714874268e-06
1794,0.00030331847857911765,3.3726716993382616e-05,2.0170584321022034e-05,6.360782866002279e-05,3.448703185027907e-05,5.0834380090236664e-05,4.633977389642725e-05,4.603478257012711e-08,2.905726432800293e-06,6.480500374154985e-05,0.00035833527547857874,0.00014578131958842278,3.674537664119515e-05,0.00034281305627091585,0.00010830629616975784,0.00018053048338306787,4.4226105028237483e-05,0.00021787360310554504
1795,0.0004305557925285003,7.820686619423173e-06,5.3474679589271545e-05,0.00010289028800784805,2.609753205633225e-05,3.1597912311553955e-05,1.4455722755379874e-05,8.059394291161717e-06,2.08243727684021e-06,0.00018024695721340078,0.00018617553582930824,3.1439587473869324e-05,0.00024832932236927563,0.0002835133678863594,2.158805727958679e-06,0.0003606699519416168,0.00013523861077824328,0.00016972050070762634
1796,0.00018682817766890736,4.744868845183575e-05,9.375065565109253e-05,0.0001349142463323988,2.8266019990990515e-05,9.453948587179184e-05,5.6401076530893796e-05,1.2885146418144125e-06,3.663450479507446e-05,0.00010962096129384091,0.0002389996389002766,0.000479069072753191,0.00034971594997271205,0.0001293029044162515,0.0004879087209701538,0.0002785959825882256,5.824579805249058e-05,0.0008901245892047882
1797,0.00010239751657949159,0.00010506256018458573,0.0002360064536333084,3.5293288998816674e-06,7.825314190086641e-05,0.00024500489234924316,2.3319532583450375e-05,1.573289154375838e-06,2.481788396835327e-05,0.0001901521789233196,0.00031772821349145,0.0001698387786746025,2.91159191345286e-05,0.00024467034226053133,0.00018060579895973206,0.00012344778151757163,6.983433440563985e-05,0.00029898062348365784
1798,0.00037933101515771894,0.00017691075403182197,0.00024480558931827545,6.741350340422336e-05,0.00012618557353120258,0.00029498711228370667,6.050284717581608e-06,8.411249933981332e-06,2.779066562652588e-06,0.00019994023987809917,3.695737424857376e-05,0.0001319567672908306,0.00020554259393479324,4.725653031476332e-05,0.00019007548689842224,0.0004382569085841226,5.755405607591087e-05,0.00012044981122016907
1799,0.00045418776167742425,5.126995843484153e-05,8.510984480381012e-05,0.00027209111238825356,2.5584388654100593e-05,4.7205016016960144e-05,3.7232350348307547e-06,1.5734823919532205e-05,2.845749258995056e-05,4.266888029945404e-05,0.0002320855054323695,0.0002575954422354698,5.1646175514355463e-05,0.0004999235942441498,0.00046710390597581863,1.3451166146510873e-05,0.00019465173151248134,0.0006639100611209869
1800,1.7692631461146968e-05,3.9975999475860835e-05,0.0002937726676464081,0.00018738932976895828,3.851801430907256e-05,0.0002950187772512436,1.5170395247525795e-05,9.241945824238376e-06,3.4481287002563477e-05,0.00034398960796419575,0.00024149880792362355,0.0003507481887936592,0.00011522521071401226,0.00021431558250742389,0.0003849547356367111,0.00022399613883999914,0.00016325449354727233,0.0007336176931858063
1801,0.0005262935877947683,0.000146213868052969,9.40077006816864e-06,0.00011087542116722249,7.670592442089383e-05,8.258968591690063e-06,3.616618390362564e-05,1.2990828635965558e-05,2.1867454051971436e-06,1.8094216635733407e-05,0.00072218222083624,0.00015916721895337105,0.0002938523438650448,0.00012789920248134148,0.0001653674989938736,0.00023138842194100895,0.00022954111250975823,9.734183549880981e-05
1802,0.00014534591721962475,6.600188877898053e-05,0.00020565837621688843,0.0002442199117276139,2.827335959894317e-05,0.00029069092124700546,1.0614827744975797e-05,1.0205829785642543e-05,5.7891011238098145e-06,0.0003613473309072718,0.0003945296401985862,0.00011437339708209038,0.00015411436673651302,0.00015915997722445313,1.3892538845539093e-05,0.00034172655734016066,0.00014841707446079828,0.00014660879969596863
1803,1.9000253245693433e-05,0.00013815653602804526,0.000321023166179657,0.00029430262863000545,1.3046111395732113e-05,0.0003766687586903572,2.4955344914640368e-05,4.048603548830582e-06,3.574788570404053e-05,0.00033267834269952445,4.734836393499586e-05,0.0003415062092244625,0.0003660528243943778,7.271040895368702e-05,0.00026987772434949875,0.00032468468064345,2.505203119115146e-06,0.0006755869835615158
1804,0.00022979816827280175,5.4256931325238206e-05,1.0132789611816406e-06,6.816867485984202e-05,6.300431281722543e-05,7.058773189783096e-05,1.3203526724899634e-05,1.1891423020036845e-05,1.942366361618042e-05,9.959023144993917e-05,0.0006065645464640862,0.00036451779305934906,8.259456148565492e-05,0.00021748834117325463,0.0004744129255414009,0.0003363079645683775,0.0002368393241548184,0.0004616156220436096
1805,9.98445501687456e-05,9.541300330278765e-05,0.00013094022870063782,8.655517377513522e-05,5.957828323214717e-05,0.0001474432647228241,9.058186545563007e-07,4.046655874702051e-06,9.857118129730225e-06,0.00012402538649913808,0.00027131511574141065,0.00023488886654376984,3.0598254567471006e-05,4.5703248186926976e-05,0.0002083228901028633,0.00021476897824293517,0.00015987990725592656,0.00028736330568790436
1806,1.7738728223484768e-05,2.332832163346593e-05,1.955963671207428e-05,0.00013862074511110378,5.608615994152216e-05,8.81589949131012e-06,4.3457225471901784e-05,5.541500143153963e-06,8.825212717056274e-06,0.00023224191773366099,0.0006397118612317815,0.00028184661641716957,9.155068340785388e-05,6.938536956109173e-05,0.00030478835105895996,3.8186275327117825e-05,0.00015159120197557815,4.746951162815094e-05
1807,1.445266213857821e-05,0.00010839709265948391,4.832446575164795e-05,0.00018916271252507333,0.00019963712321914226,7.420964539051056e-05,1.2441553175717227e-05,1.9574628405207494e-05,1.4118850231170654e-05,0.00026248827453159707,0.0004975619688195598,5.085580050945282e-05,0.0004776336194977082,0.0004671247574472327,0.00020271074026823044,0.0001224300899614339,0.0003895673576934239,7.30268657207489e-05
1808,7.207682297161178e-05,0.00010058116487856456,0.0002452041953802109,0.00014147616821068298,0.0001720470783261492,0.000415898859500885,1.5097738281193498e-05,1.532082068963147e-05,3.7707388401031494e-05,8.868590115566899e-05,4.930015401546223e-05,0.00039597880095243454,3.095365688549068e-05,0.0003645639900101798,0.00017930008471012115,3.732504982686957e-05,0.0002768616514115217,0.0005313586443662643
1809,0.0002928075506197225,6.521408807551657e-05,5.768612027168274e-06,0.0003386871552047699,0.00015619618735593713,6.115436553955078e-05,9.039007831879858e-06,6.291154710258559e-06,5.334615707397461e-06,0.00028717672885929246,2.961107338875918e-05,1.2439209967851639e-05,0.0002033455785975108,5.9942155161599175e-05,6.000790745019913e-05,0.00021284147669745068,0.0001422153807478458,0.0001189112663269043
1810,1.7372079638033888e-05,0.00013923287713450694,0.00024192780256271362,0.00014396941055151713,6.6497908368119e-05,0.0002971850335597992,2.3398240481201787e-06,7.442280304620417e-06,2.0775943994522095e-05,0.00012280972992476102,0.00023807096796946842,0.00022711744531989098,3.998120789541759e-05,3.061892519425069e-05,0.0003188280388712883,0.00010985572357433138,0.0001791147286840048,0.00027005746960639954
1811,2.188703923391988e-06,2.863226412818526e-05,0.00019506551325321198,0.0002596793892999244,7.183564592773764e-05,0.00020751729607582092,1.067028790568969e-05,2.3609354074735633e-06,2.4024397134780884e-05,2.5517069440997298e-05,0.0001700619493774022,0.0002864920534193516,1.2017461514038374e-05,2.056612155805146e-05,0.00029361993074417114,8.646953262081425e-06,4.412052480866693e-05,0.0006430298089981079
1812,0.0005675156820695859,2.1144106196586965e-05,3.421679139137268e-05,0.0005155070691699737,9.779549033249804e-05,2.469681203365326e-05,9.64739410346839e-06,7.0948231432549705e-06,4.4405460357666016e-06,0.00028120201475750894,0.0003013034292108016,8.172821253538132e-06,0.00010047783683585221,0.0001217126229697621,1.866184175014496e-05,0.00015537196813644738,0.00010575532318538201,0.0002522692084312439
1813,0.00014976360699683888,0.00014520382653944452,3.3328309655189514e-05,8.037611476607864e-05,0.00010742019442292958,0.0001351442188024521,1.9728479938025192e-05,2.5294028161812867e-05,6.746500730514526e-06,0.00047510036490865104,0.0006405292717540784,0.00012558326125144958,0.00047824253299363906,0.0003870287341993864,0.0003414098173379898,0.0008107855850010004,0.0003852265085419939,0.00036109425127506256
1814,0.000754769090068455,0.00012694606485683796,0.0004752110689878464,0.0007329678885378554,0.00010341092646173194,0.0004867175593972206,3.913951566268323e-05,8.42894848901508e-06,5.631148815155029e-05,0.0005410323757467222,7.202799943552274e-05,0.00036504771560430527,0.0008091586372261511,0.00024708575338318675,0.0003604525700211525,0.00021565065037981723,0.0003020441364993791,0.0011900793761014938
1815,0.00036589922020432986,7.12809459568059e-06,0.00023626349866390228,7.095026879597177e-05,1.950947148365162e-05,0.00020657479763031006,1.7845333181224637e-05,1.6118126466314062e-06,5.9194862842559814e-06,0.00013911151901545293,0.00023722945434420661,9.697303175926208e-05,0.00014832105678529162,8.767801264603081e-06,6.200559437274933e-05,0.00013162733347840683,4.11538289184412e-05,0.00021091103553771973
1816,0.000216013218214281,2.2584982483142557e-05,1.8581748008728027e-05,0.0005564633217991916,0.00010874211644980661,6.291549652814865e-05,2.868547563971216e-06,8.471921439294136e-06,2.4538487195968628e-05,0.00039757019009524497,0.00020320978363402853,0.0003742808476090431,0.0004033649361508268,0.00018379007089569174,0.0004031974822282791,0.0005559976296848068,0.00013468821803496074,0.0006325915455818176
1817,0.0005283252823349849,7.307403713634544e-05,7.908977568149567e-05,0.00016439535760710833,3.950106016800681e-05,1.479312777519226e-05,4.525609518008997e-06,1.5503017837185658e-05,2.51084566116333e-06,0.0001816192549931872,0.00016872865113100322,0.00021393224596977234,0.00015961116841752,5.0698293441227976e-05,9.129103273153305e-05,0.0004650347663912868,0.00018550675184627122,0.00015716813504695892
1818,6.785189879722486e-05,5.100017183676947e-05,0.00010930374264717102,0.0008147645597884889,0.00022498703856085878,6.315205246210098e-05,4.5042558619692516e-05,1.4273468206613756e-05,3.511086106300354e-05,0.0008206936380130009,0.00014909947150995584,0.0004790439270436764,0.0003317072167914048,0.0003187088194165112,0.0005805855616927147,9.994902682008977e-05,0.00022323332232103595,0.0005936697125434875
1819,0.0005732036667521201,0.0001751013592017278,0.00024280138313770294,0.0010191293879395352,0.00021365739296257472,0.000291530042886734,3.257899469851465e-05,6.205993641505677e-06,1.728534698486328e-05,0.0005244921138244235,4.257410180170257e-05,0.0002738684415817261,0.0007354661706128751,8.238520292109044e-05,0.0002782372757792473,0.0009582165733081627,7.392329786601488e-05,4.324130713939667e-05
1820,0.00031084380511456344,0.00011695092992464878,0.00016153603792190552,0.0003405944187233889,9.996771067101798e-05,0.00021599885076284409,2.956755862761236e-05,1.5031273770013914e-05,1.0505318641662598e-05,0.0003381508067593353,7.086983571224365e-05,2.0450912415981293e-05,0.0002563422198927773,0.0002436215227338591,5.76777383685112e-05,0.0006664181485304399,0.00018487390499493002,0.00013283640146255493
1821,0.0006443116969270107,5.7173718425382325e-06,0.0004136115312576294,0.00021049252251870154,4.354338417250636e-05,0.00042470358312129974,5.1421165877391095e-08,4.0982931198938225e-06,3.75211238861084e-05,0.00018141140293800873,0.00012561020329140277,0.0003187875263392925,0.0005918773086992651,0.0001933685361847036,0.0003306698054075241,0.0005184536510565441,4.366366970284287e-05,0.0006115306168794632
1822,0.0004978181484597416,0.00011689136271635092,0.00013167411088943481,0.00024197994486326035,7.502167766099826e-05,0.00024825241416692734,2.7482536311145347e-05,8.266023782526775e-06,2.915412187576294e-05,0.0003848221566413179,0.00012849792231625634,0.0003296593204140663,0.0004511386954964558,0.00019995426381530512,0.0001889299601316452,0.0003514207521997659,0.00011543460357222798,0.00029876455664634705
1823,1.4355159436596487e-05,0.00014241474276529761,0.0002468349412083626,0.00013771866668411958,3.7196635379217746e-05,0.00017269421368837357,5.506972140419293e-05,1.1620858137239816e-05,3.392621874809265e-05,0.0002673731667635071,0.0004725300813347086,0.0003378000110387802,9.08256904376542e-05,0.00010415966750038086,0.0004324018955230713,0.00013161382533205535,0.00021091749518827377,0.0006605572998523712
1824,0.000401634484625199,4.653655017986674e-05,0.0003062887117266655,7.366613899272012e-05,6.299017035609616e-05,0.00023288466036319733,5.1858170353313165e-05,2.3237952104755233e-06,4.528835415840149e-05,0.00031518370498202775,0.0003829492466546139,0.00042141834273934364,0.00032716877149913115,0.00013243949282585113,0.00051143579185009,0.0003975093961333387,5.8603970308889614e-05,0.0007448438555002213
1825,0.0006426723244936927,0.00011579368237075657,0.00015390291810035706,0.000575801820811378,8.015623812356043e-05,5.6655146181583405e-05,2.421565104822332e-05,4.183683992027131e-06,9.298324584960938e-06,0.0007246637317305515,0.0004891742210575145,5.2283983677625656e-05,0.00043686380549104453,0.00040947298854865366,9.917095303535461e-05,0.0005943441835102592,4.374750440177752e-05,0.00019618310034275055
1826,0.00015323983216981862,9.412770337087831e-05,0.0001983456313610077,0.0003680176514557626,3.038613674815477e-05,0.0002338029444217682,6.191793584414858e-05,8.971134090081357e-06,5.40614128112793e-05,0.00035384174978546346,4.7638068234136244e-05,0.00043188733980059624,0.0003973243637318269,0.0004794202928022212,0.00039792805910110474,0.00014808469376212385,9.635594394740571e-05,0.000872807577252388
1827,9.918739753289607e-05,0.00015885220828509156,2.9967166483402252e-05,0.0005134842862628136,0.00012566493725053862,9.536277502775192e-05,7.171734537142482e-05,6.1658464119295105e-06,2.9001384973526e-05,0.0002229779052344838,6.927535767180942e-05,0.00039805006235837936,0.00040271780733103224,0.00035505355517210374,0.0002906881272792816,0.0005047869525907633,0.00010864142040835009,0.0004177764058113098
1828,0.0006127026337052061,0.00013775954436229948,0.0002546114847064018,0.00025691304590304276,7.737088749975793e-05,0.0003672707825899124,2.4300490988896778e-05,7.925220213322393e-06,2.362951636314392e-05,0.000785395067707334,9.382144591077446e-06,0.00039612269029021263,0.00037139288090558276,5.50283894446002e-06,0.0002373838797211647,0.00031761023721058046,0.00012413292800334333,0.000723985955119133
1829,0.00044401009634972843,3.543868958480467e-05,3.5241246223449707e-06,0.000531037573046067,0.0002269308277831547,0.00018794089555740356,1.5015326862473019e-05,1.3357848375498949e-05,2.4944543838500977e-05,0.0009066081737150872,6.303220066276871e-05,0.0005979142151772976,0.0002113416439683269,0.0002798746253367783,0.0003299359232187271,0.0007698482178326305,0.00024644591998866996,0.0006424188613891602
1830,0.0006949159345817496,1.6904790657006757e-05,0.00030311383306980133,0.000688885237902559,0.0001648960445375311,0.00023374147713184357,8.366694487799836e-06,6.278770988292276e-07,2.3387372493743896e-05,0.0006624453972171734,0.00026428503554517396,7.342081516981125e-05,0.00044925365761008806,0.00019614977808818032,0.000177883543074131,0.0005222846692670702,6.342355558578566e-05,0.00044202618300914764
1831,0.00019935136181289947,9.102446540379394e-05,0.00015033036470413208,0.0005507260584188267,0.00010227769884563545,1.6160309314727783e-05,7.474303575005781e-06,1.647652904241271e-05,9.961426258087158e-06,0.0007567956172433027,0.00031199985041970024,0.0002629747614264488,0.00028487225487244805,0.00024462085939434483,0.0004123291000723839,0.0009883484606171278,0.00030942242590516374,0.0005073118954896927
1832,0.00010960587303515679,0.00017241703601584418,0.0002324264496564865,0.00024491702397348714,6.517070327971553e-05,0.0002679266035556793,1.918143361097531e-05,1.242746678673922e-05,9.275972843170166e-07,0.00038858512173323145,0.00017332193727567086,2.9255636036396027e-05,0.000434415238836916,2.687844462730127e-07,1.3650394976139069e-05,6.965221962623724e-05,0.0001364637725912842,0.0002241041511297226
1833,0.00010238882846674846,0.00026835131903048953,0.00028002262115478516,7.181819368651254e-07,0.00020163434399331562,0.0002115899696946144,1.2742301492157243e-05,2.178405549716129e-06,9.59634780883789e-06,0.0003455580326994778,0.0002589864410540432,9.243981912732124e-05,0.0003642762205235406,0.0004700096929814157,0.0001906091347336769,0.00037631742015137304,4.777446258978288e-05,3.0191615223884583e-05
1834,0.0003152012942379545,0.00023024424754726838,0.00032594986259937286,0.0001094608744778014,1.802714192750826e-05,0.00022795423865318298,2.2532733341308273e-05,3.6773622348162515e-06,4.652887582778931e-06,0.00016528175549529456,0.00019532040862339783,3.7322286516427994e-05,2.129162556605002e-05,0.0004263219531799693,0.00016106851398944855,0.0002806350713370487,3.601186909101689e-06,0.00027164630591869354
1835,1.3028385974944712e-05,0.00011910189609399754,0.0001630689948797226,4.744280264687428e-05,5.9582158905325394e-05,8.191633969545364e-05,1.5266906188259738e-06,3.722600006761563e-07,4.481524229049683e-06,3.808633890241275e-05,0.00019973397208574578,5.132146179676056e-05,0.00013030824772235217,6.752451015599667e-05,0.000123538076877594,0.00021013661412716544,0.00013060276388603825,4.805624485015869e-05
1836,0.000308982813846323,0.0001256731965512889,4.0879473090171814e-05,5.561920559404854e-05,5.5438559931491466e-05,6.182491779327393e-05,7.162412718393976e-06,3.1831743210232466e-06,1.1786818504333496e-05,0.00013804774223200034,0.0002443983074155581,1.2088567018508911e-05,0.0001930912131014456,0.0001650940282096683,1.6372650861740112e-05,0.00022685584079049081,6.984932565029002e-05,0.00010248459875583649
1837,0.00016207375233276422,5.6915759344369765e-05,0.0001124851405620575,0.00018613308537643314,0.00019714457880783132,3.675650805234909e-05,1.1559180900851118e-05,2.7871029836041466e-05,1.7952173948287964e-05,0.0002932598522613905,0.000562829615413922,0.0002017216756939888,0.0003804010835284366,4.01590934637798e-05,1.0650604963302612e-05,0.00010085817470809055,0.00036203282075353456,0.00032292865216732025
1838,4.7545111987262745e-05,0.00021419699217962995,1.7765909433364868e-05,5.2489494415330906e-05,0.00014602568689026096,0.00015854276716709137,1.7646761018504792e-05,2.2811206009093975e-05,1.8093734979629517e-05,0.00025672413401700567,0.0006261646337546237,0.00027264608070254326,0.0003384615815215375,2.565642979815777e-05,0.0005207378417253494,0.0005518471160791683,0.0003532048364780164,0.0005939975380897522
1839,3.511296330792335e-05,8.28815937856768e-05,4.3742358684539795e-05,0.00010373350111389512,2.7018103562294338e-05,0.0001539783552289009,1.4246265527527793e-05,1.647121335513163e-05,1.862272620201111e-05,0.00010898632335583358,0.0003843592575280552,5.997903645038605e-05,0.00020821053900248188,0.0001827155946561576,0.0003028819337487221,0.00035546686671611427,0.00028537463448119124,8.66968184709549e-05
1840,0.0003273433704754358,0.00018543984405437405,8.734501898288727e-05,0.00024395002544208566,0.00012825518129340463,5.213543772697449e-05,4.631117758054602e-05,1.8926674607314727e-05,2.680346369743347e-05,0.0004469777458523533,0.0005985704785348434,0.0003097602166235447,3.612045816088483e-05,0.00016179057554983542,0.0004914263263344765,4.366932077939922e-05,0.00025979517534003953,0.00027678534388542175
1841,0.00016061832499579543,6.776414829671659e-05,1.8851831555366516e-05,3.624630553764052e-05,9.73416924791616e-05,4.390161484479904e-05,1.769606206540597e-05,4.427856364443866e-06,1.7590820789337158e-05,8.350111916756442e-05,0.00021774823543426608,0.00041401898488402367,0.00018079868591952541,2.6322034531664484e-05,0.0003640260547399521,0.0004790735317734274,5.216729775807394e-05,0.0005377642810344696
1842,0.00011696618850255691,0.00012356621949056318,4.0706247091293335e-05,0.00012096648759668538,1.6856587553286395e-05,5.1067210733890533e-05,3.419287093128949e-05,3.4773383240867305e-06,3.3192336559295654e-06,0.0002057054682870485,0.00023765251951916866,0.00020652124658226967,5.230365073236043e-05,0.00014392640087983188,0.0002568410709500313,9.282320539039102e-05,5.259986905023842e-05,4.762783646583557e-06
1843,7.42430262623689e-05,2.0898093680339624e-05,1.6067177057266235e-05,0.0003339446850691985,5.6078415934184e-05,8.299015462398529e-06,9.09659640019149e-06,3.6848633506666745e-07,9.94652509689331e-07,3.875034814128375e-05,8.578284015410553e-06,0.00014808960258960724,0.00022992540959999863,0.0003206643578784543,0.00012914370745420456,7.571253815197299e-05,1.0735620429703704e-05,8.990056812763214e-05
1844,0.00016021348371347832,5.552878908210088e-05,4.59086149930954e-05,0.000468531735461436,1.9534476144313084e-05,7.87852331995964e-05,5.484402904494534e-06,4.683871258388903e-06,1.1548399925231934e-06,4.407921748036947e-06,0.0004729099343115453,4.6659260988235474e-05,4.6011191502132176e-05,7.63636548556379e-06,1.029670238494873e-05,0.0003515280736180737,0.00013226795878270095,0.00010078586637973785
1845,0.00016168200009994416,0.00013594778868069798,3.79905104637146e-05,0.00032782739946633777,0.0001707804823178477,3.7357211112976074e-05,1.2604014653673501e-05,8.85621666326655e-08,8.665025234222412e-06,0.0002545409376038116,0.00010497592850779863,5.4535456001758575e-05,8.759898381509312e-05,2.2122248993342725e-05,8.716434240341187e-05,0.0006109749340163229,9.211787643856849e-05,6.105378270149231e-05
1846,0.00014768721294861065,4.251880691175103e-05,0.0001478642225265503,0.0002827400679133868,0.0001372748666106649,0.00020573660731315613,3.7160183678670855e-06,1.2371988159433464e-05,1.2487173080444336e-05,0.00017957949693565844,0.00041569772570380914,0.0001126839779317379,0.000301846131395625,0.00013781579109920297,1.0577961802482605e-05,0.00020659992973795505,0.0003023355266116995,2.1455809473991394e-05
1847,0.00029738100283351054,1.6923145954313157e-05,0.00022699404507875443,0.0005767543797321889,3.521506858128465e-05,0.0001568906009197235,1.868481671697328e-05,2.7813677271716153e-06,2.8431415557861328e-05,0.0002230976154156683,0.00022826474128257584,0.00026449328288435936,0.0003297953113958335,0.0001691586826985808,0.00034899916499853134,0.00011821953003218755,6.923513959510713e-05,0.0006431601941585541
1848,0.00037538670959190445,6.806659590403649e-05,1.2014061212539673e-07,0.0004367545800317424,7.267707492809167e-06,0.00014225207269191742,1.8995580807926876e-05,6.374246403098192e-06,3.0156224966049194e-05,3.7118320891482703e-05,0.0005034979219514513,0.00030303793027997017,0.0002490583071853708,0.00017651190457140808,0.00046880170702934265,0.00018530225755028495,1.996429834630331e-05,0.0005092509090900421
1849,8.913576695572523e-05,8.201382035117125e-05,6.885454058647156e-05,0.0003165138942552298,6.739562739182733e-05,0.00015212316066026688,7.582385161079147e-06,7.696884337267981e-06,1.056864857673645e-05,0.0003383274510695561,7.539946380313162e-05,3.958307206630707e-05,0.0005773884419808251,0.0002968209132887048,7.767975330352783e-05,0.000497894681518618,3.227505840631105e-05,1.7954036593437195e-05
1850,0.00044675568682957245,3.0239627715672457e-05,0.00020046718418598175,0.00025215230987594983,0.00024736724982014555,0.0002552224323153496,2.2682120695005636e-05,2.1038999057549712e-05,9.98377799987793e-06,3.0251158922078858e-05,0.0004651007400525639,2.5402754545211792e-05,0.000164025126820469,1.2282749149741118e-05,2.5617890059947968e-05,1.176181983519875e-05,0.00041139536757332784,0.00015670061111450195
1851,0.0003226438218505573,5.497182331306444e-06,0.00013475120067596436,0.0001477635320151216,2.2993745882313177e-05,8.165184408426285e-05,1.9536915217242823e-05,3.3642613778443395e-06,9.175390005111694e-06,4.351063832859492e-05,2.991752988992097e-05,5.972059443593025e-05,0.0005336099871371819,0.00022982704310473,0.00013465993106365204,0.0002817446455689321,1.583688790773516e-05,7.933005690574646e-06
1852,8.413154047084981e-05,9.228406253932245e-05,0.00021102465689182281,0.00042768121555547545,1.84302013647962e-05,0.0002760598435997963,1.0499747219746766e-05,1.3062271659625667e-05,4.172325134277344e-06,0.0006209251539486538,0.00021116238006312765,3.9326027035713196e-05,0.00012251536943988506,6.835244292589804e-05,3.041885793209076e-05,0.00015280069324893897,0.00016939840474403632,0.00014516711235046387
1853,0.0006961889576130864,7.884870036774239e-05,0.00011397339403629303,0.00022949980275702164,1.0540286444909314e-05,5.173683166503906e-05,3.945872748328978e-05,1.0519291979950809e-05,6.831809878349304e-05,0.00024232610492366802,0.0001755246505619132,0.0007747355848550797,0.0004726909075246366,0.0005396577449686031,0.0009180130437016487,7.974301668650652e-05,0.00020008082982232722,0.0015048831701278687
1854,0.0008906544204288491,3.398245180397802e-05,0.00046317651867866516,0.0005929287226538182,0.00010125287892799595,0.0005436455830931664,2.458898137516069e-06,1.4603351139595992e-05,7.963553071022034e-05,0.00029509435352507996,0.0002318851453380899,0.0008575534448027611,0.0010245344219298458,0.0005135996198208925,0.0007946938276290894,0.0007583466255795535,0.00017625265858331463,0.0013672895729541779
1855,0.0010309378607920167,9.795022083554025e-05,0.00047567300498485565,0.0008993425794177889,2.0534260390555475e-05,0.00040797144174575806,1.2267556218428788e-05,3.3013840137737296e-07,6.103143095970154e-05,0.0004403452604050534,0.00019309008726481336,0.00038416869938373566,0.0009469836114523039,0.00021065984412503222,0.0004841657355427742,0.0009965175645261781,0.00010385396948259587,0.0009763538837432861
1856,0.0006311532126438979,5.933057554949675e-05,0.0003112051635980606,0.0010110583984870303,1.4680745713181731e-05,0.0003619324415922165,7.712487390948777e-06,7.591047438831769e-06,4.7538429498672485e-05,0.0008674776852765353,0.00019842733921235367,0.0004483228549361229,0.0008856815888227537,0.00045572080450212785,0.00040761567652225494,0.0004453353992322495,0.0001528869429849311,0.0007890146225690842
1857,0.0002533135710308526,0.00033245707457898663,0.0009265914559364319,0.001297512800216935,0.00013060553283837997,0.0011315802112221718,8.76424669309598e-05,2.2223079221691633e-05,8.785724639892578e-05,0.0006098528675857473,0.0006450445264187046,0.0008126604370772839,0.0005967940562845303,0.0003487369000704302,0.0004179123789072037,0.0009406711118540856,0.00044779666012362794,0.0014338064938783646
1858,0.00024960482810743034,0.00024420534784902123,0.0003862660378217697,0.00037380969479960946,4.918789955275435e-05,0.0004006866365671158,6.516931254311499e-05,9.682772790960679e-06,4.795193672180176e-05,0.0004584316041023606,7.202036729941907e-05,0.00031298771500587463,0.00034304195536136173,3.866037630447308e-05,0.0002889372408390045,0.00047298629006384263,0.0001362060012374943,0.0007586479187011719
1859,0.00044666142904012385,0.00022898406372307695,9.985826909542084e-05,0.0003293270886523675,0.00035766600301817206,0.0001441575586795807,1.4648217223698148e-05,2.2942699679519697e-05,2.0969659090042114e-05,0.00022901845552265876,1.9775776540727208e-05,0.000517397653311491,8.553531787719448e-06,0.0007317563961135205,0.0001589469611644745,0.000480868495677661,0.00031794143501577554,0.0005021225661039352
1860,0.0005805064079916072,0.0005177860261214827,0.0005700066685676575,0.0010848839189123993,0.000443630455469194,0.0003626896068453789,1.6680225101860582e-05,2.9720220447644412e-05,4.8201531171798706e-05,0.0009783174778406761,0.00022293741769428138,0.00012211082503199577,0.0006970442920732622,0.0003157292394686505,0.00034008733928203583,0.0005869801842116051,0.00034931521189712246,0.000651942566037178
1861,0.00011479053954756291,5.776698548443787e-06,0.00022910349071025848,0.00030393881798038147,5.708979840350972e-05,0.0002601034939289093,2.0765728218040402e-07,1.8752874953928671e-06,3.863498568534851e-05,0.00013208706502056133,0.00018357234313397947,0.000434796791523695,0.00022965165851891733,0.0004761642658535348,0.00041668955236673355,0.0001325519421157828,1.4476131539964063e-05,0.0008547883480787277
1862,0.0001315821727274208,0.00019963467719009975,0.00013881735503673553,0.0009183459226318469,0.00017183583524877505,7.88811594247818e-05,6.319737451324775e-05,1.629545768378458e-05,9.24617052078247e-06,0.00015010933099776635,4.8765210932333325e-05,8.233543485403061e-05,0.00032001467038457465,0.00037319739535250293,0.00021026097238063812,4.3398205234607135e-05,0.00023652042473677921,0.00030960142612457275
1863,0.00046151681995942884,0.0003758572546448853,0.00011885352432727814,0.0007847850059383571,0.00023872735408993206,0.00011663045734167099,2.397158422604885e-05,2.3575681071197558e-05,7.4729323387146e-06,0.0003107979254739768,0.0003362240734171365,0.00010823598131537437,0.0004258223754789736,0.00037751933411188723,0.0001828530803322792,0.0009344751827339015,0.0003738916735757467,0.00018567591905593872
1864,3.9058432044311586e-05,3.534433987865265e-05,0.00010011531412601471,0.00010220641741748304,0.00015036715460762032,1.7466023564338684e-05,5.6069164733121846e-05,5.104962916255328e-07,2.5130808353424072e-05,0.00033684147946271004,0.0001238905066317797,0.00013425853103399277,9.118627489770881e-05,0.0005040877124962741,0.0003251824527978897,0.00027962137226578143,3.844192632977868e-05,0.0005159769207239151
1865,0.00017547452816656095,0.00017918113644619857,0.0005917409434914589,0.00011907493888521636,4.8160299574429716e-05,0.0005732681602239609,5.620579253920108e-05,6.560973482571428e-06,3.193318843841553e-05,0.00028694722115035765,0.00038291766412934525,3.55718657374382e-05,0.00017091856925334492,1.9384392753438173e-05,4.519987851381302e-05,3.4998319632495445e-05,0.00023388684400022126,0.00047396309673786163
1866,0.0002565948250987937,0.00011872561537663168,9.669829159975052e-05,0.00041049009805547987,4.8767852933704475e-05,0.0001140981912612915,5.377481510471238e-06,1.0994913735428314e-06,1.7881393432617188e-06,0.0005612128984124054,1.7657868068343685e-05,0.00018802983686327934,0.00038953984504272454,0.00035845831001644207,0.0001732073724269867,0.0005189729192106862,1.3610309971710463e-05,0.00024254806339740753
1867,0.000561075968130334,0.00012004376173196246,3.3000484108924866e-05,0.0002361746224231187,0.00047292918111349613,1.704227179288864e-05,4.3376124863356985e-05,1.1508378091435682e-06,4.258379340171814e-05,0.00040480931715178303,0.0002141494500251112,0.00048268726095557213,0.00016041719047422964,0.0002515991387995707,0.0005129845812916756,0.00017242284082014114,3.1087992873737175e-05,0.0009928755462169647
1868,0.0005442965916970383,3.3984393168342425e-05,0.00030952878296375275,0.0003934492527759986,0.00016925550918242896,0.000186968594789505,2.2219002942925822e-05,7.542233294011418e-06,5.338340997695923e-06,0.0002690155339137995,2.6251781675916408e-05,0.00012661470100283623,0.0003779090205137392,2.4840699809295513e-05,2.062041312456131e-05,0.0006063502433071022,8.14368174146679e-05,0.00011947751045227051
1869,0.00041409028744415766,6.404598815506687e-05,0.00010696053504943848,0.0005365087442288086,3.063670182146955e-05,9.387731552124023e-06,5.136374548469699e-06,1.257137760641517e-05,1.3541430234909058e-05,0.00033188381774244824,0.00033167018827050254,0.00012535369023680687,0.00023211502681556861,0.0002736367005585494,0.00023972243070602417,0.0002252291947538454,0.00020624838563659646,0.0002630259841680527
1870,1.878329289495273e-06,0.00010114049422529914,0.00040626153349876404,3.7367167782187405e-05,6.829009285952078e-05,0.0002299342304468155,4.513891129660601e-05,9.27954463086824e-06,3.609806299209595e-05,0.0004851542101257239,6.974121689108659e-05,0.00027782050892710686,9.591047998788738e-06,0.00017129032268731886,0.000484660267829895,0.0005273129566744084,9.476189404420549e-05,0.0007004886865615845
1871,0.00015495190002857984,2.37003066894427e-05,6.95008784532547e-05,0.00015873887957194854,6.252960567913052e-05,0.00011279620230197906,3.938223132964741e-05,1.0964537402470206e-05,1.9125640392303467e-05,0.0004395586113477845,0.0001619411691041045,0.00028766971081495285,3.709001579754734e-07,0.00025097258152294993,0.00039170775562524796,0.00026136166020535034,0.0002015757751042662,0.0004187971353530884
1872,2.8055669696644414e-05,0.00020533992817371033,0.0004124622792005539,0.000417005241388102,3.3412293932794795e-05,0.00029303599148988724,4.2521432598469425e-05,3.8522944755507585e-06,2.3797154426574707e-05,0.00014313618120614935,5.8730874358356444e-05,0.00018248287960886955,0.0002285107828946531,7.029984362121738e-05,0.0003012698143720627,0.00018059740005640923,0.00010483209005236922,0.000569511204957962
1873,0.0004931776158102058,0.0001508488113594192,7.337890565395355e-05,9.687429646336454e-05,0.00012485776857697542,2.619996666908264e-05,6.598706900626597e-06,1.097800105898019e-06,2.2880733013153076e-05,0.00012221126491984702,7.914227744960228e-05,0.00046534091234207153,0.00015094561716415267,1.726428357444118e-05,0.0005083177238702774,7.971819222091225e-05,4.1814192018346796e-05,0.0006632637232542038
1874,0.0005951120941403848,3.007537031199381e-05,0.00015417300164699554,0.00029515800436562267,8.234505276420723e-06,0.0001395735889673233,2.2174256852653534e-06,3.2069148069307704e-05,1.6238540410995483e-05,0.00035944403829228644,1.8197209109491186e-05,6.001768633723259e-05,0.00021663783593285635,0.0005426945863317607,0.00030641164630651474,0.0008083566989757207,0.0004810283286458116,0.00027663446962833405
1875,0.0003363832150075907,4.413198124756865e-05,1.9686296582221985e-05,0.00015608126123109467,0.00013543468790597202,0.00018032174557447433,4.175674902258744e-05,1.622737572236745e-05,1.2408941984176636e-05,0.00031134911526504994,8.940899380522477e-05,0.00034670066088438034,0.0002709614153069001,4.2208212897555664e-05,0.0005792351439595222,0.0005059570994171148,0.00025955891568542333,0.0005496777594089508
1876,0.0003199278515084586,8.243786931872582e-05,0.00015355274081230164,0.00019406094012573705,0.00027570776936147734,5.1353126764297485e-05,3.597797273663557e-05,1.7435720272275415e-05,3.740191459655762e-05,2.241325504327707e-05,0.00018108232135435887,0.0008584088645875454,0.00012180019231144978,0.00045723960958678894,0.001022842712700367,0.00011895363946423654,0.0003738099745243476,0.0010149218142032623
1877,0.0009566944089262341,7.496507254283608e-05,1.167692244052887e-05,0.00046730215603386915,0.00010792998219524147,5.619041621685028e-05,1.9339235399630506e-05,7.473653921362617e-06,4.234537482261658e-05,0.0003045182246793482,0.0003926555316936392,0.0007654563523828983,0.0004500648192809348,0.0002944250438792831,0.0006941352039575577,0.00011313997810247223,0.00023288494269086725,0.0008309409022331238
1878,0.0005530998434561535,6.219552191432873e-05,7.122382521629333e-05,0.0001672548135444457,3.292349750484008e-05,0.00012882519513368607,1.0075697536957029e-05,1.614082223374549e-05,1.1369585990905762e-05,8.453343957944004e-05,0.0006099469908270733,0.00011784303933382034,0.00035775933124954085,0.000427194224462725,0.00042086653411388397,0.00038371947565796205,0.0003016414767351792,0.0004949718713760376
1879,0.0001452318403749736,5.513345458215205e-05,0.00012177787721157074,0.00011183216319220202,4.259729502111356e-05,0.00010285712778568268,2.4817475067962294e-05,2.617049167759713e-05,1.4156103134155273e-05,6.385442213791004e-06,0.000297839556077123,0.00014094961807131767,0.00025509262160673674,0.00038302107529975676,0.00043913163244724274,6.969736370354696e-05,0.0003809675320082702,0.0004193224012851715
1880,0.00036331306282996745,6.771392354395361e-05,0.00031653977930545807,0.00028964312709327256,0.00017368486644919745,8.659996092319489e-05,4.3055885668163985e-06,2.193076768339014e-05,3.1892210245132446e-05,0.0007104976806043689,8.925730520305264e-05,0.0001454707235097885,0.0007136342010827385,0.0003446424445583719,0.0004120189696550369,0.00028935293481985314,0.0002999304447635978,0.0006965659558773041
1881,0.0005879021872793461,0.0002611982762126923,9.939633309841156e-05,0.0003896894848424426,2.359759834731634e-05,7.619615644216537e-05,1.7166332556876884e-05,3.240550994698058e-08,4.507973790168762e-05,0.0004948239299609053,0.0005832935602004125,0.0005179992876946926,9.502954514295503e-05,3.255592726970208e-05,0.0007460610941052437,0.0003014691632613198,4.032003784472035e-05,0.0011914782226085663
1882,0.0006859442269762372,0.00032458184351131375,0.00026541389524936676,0.0004012609846969911,6.733806638595935e-05,0.00032212864607572556,6.070143276068474e-06,1.6978180546000417e-05,5.105510354042053e-05,0.0006064468115826033,0.0008288446297915475,0.0007217330858111382,0.0003656003150327297,0.00019416345803037818,0.0006863316521048546,0.0004491462950548808,0.00016930282798793828,0.0010248180478811264
1883,0.00019736833701199108,0.00011544591749441252,0.00018318556249141693,0.00016257462589221172,3.9866467764004127e-05,0.00011537130922079086,5.806910378797908e-05,1.0915055790844505e-05,2.2679567337036133e-05,0.00022496217147381647,0.0004954374792542557,0.0001220949925482273,0.00012049242618876466,0.0001391105750830346,5.1130540668964386e-05,0.00010657805041663915,0.00014334570081383016,0.0004148092120885849
1884,0.00014981690402385284,2.2536579841317406e-05,0.00013354793190956116,0.00043621962783103874,8.0206137387559e-05,1.3957731425762177e-05,2.387508301981804e-05,1.779671092712635e-05,2.598389983177185e-05,0.00011701504910098526,8.916689931977306e-06,0.000206782016903162,0.00020666174813936677,6.51677677088909e-05,0.00034312158823013306,0.00035853301694088735,0.0003053159992182572,0.0003347955644130707
1885,0.0004120690337017091,3.0406648402550585e-06,0.00024041533470153809,0.00044211474712634036,2.187410602039197e-06,0.00022353604435920715,3.6125977050998834e-05,2.1824895131917956e-06,5.710870027542114e-06,0.000523512160967507,0.00019783686379239163,0.00022816145792603493,0.0007358725771065278,8.257101796271815e-05,0.00020783953368663788,0.00030072098486524923,4.2091120393335235e-05,0.0004075057804584503
1886,0.0007046847148356045,0.00015339703063533064,0.00029571354389190674,0.0008458461885816615,0.00014536390728723397,0.00016958359628915787,2.0720888664149326e-05,2.2529634406840728e-05,2.7507543563842773e-05,0.0007057338190392948,0.0004455981118398483,8.398760110139847e-05,0.0005480383599645866,0.0005467632143440863,0.00023500900715589523,0.0006240518295187736,0.00035030226017922043,0.00019841268658638
1887,0.0004420370518707223,2.4436400409694192e-06,0.00024374015629291534,0.00028054921652585774,1.1821944802887369e-05,0.0002890154719352722,2.4098734253311105e-05,1.9580658939378917e-05,3.168731927871704e-05,0.0006469322469719874,0.00033755477210362095,0.0003794068470597267,0.00047172407094416,0.0001744537383351584,0.0003033773973584175,0.000490883902202699,0.00036823096795659746,0.000699412077665329
1888,9.062132980053317e-05,0.0001776441173752391,0.00020831730216741562,0.00041929840938624563,2.5421074794074877e-05,6.008893251419067e-06,1.4129609487116904e-05,4.8308001360552566e-05,3.516674041748047e-06,0.0001814678799336028,0.0001470168920979717,0.00039638299494981766,8.66229180772754e-05,0.0008024839824744591,0.00014253519475460052,0.0006769788836917812,0.0006440217941985054,2.434477210044861e-05
1889,0.0005000211357474443,0.00016510804387329103,6.363727152347565e-05,0.0007075471525367222,0.00027683351724416133,0.00010190624743700027,2.9129664392365043e-05,5.135300080359414e-05,3.2220035791397095e-05,0.0008952989423307439,0.00047369514788327127,0.00010169856250286102,0.0006485933766662844,0.0005021781221042215,0.0003808094188570976,0.0005625941186135908,0.0007605198114040701,0.0005510170012712479
1890,9.752013923794434e-05,0.00011286500583056192,1.3688579201698303e-05,0.00029591508863553717,0.00019800265076867427,0.0002682683989405632,2.7168047063742817e-05,4.599427898404566e-05,9.030848741531372e-05,0.0002863841564423597,0.001345100839150029,0.0009581088088452816,2.9268447029884292e-05,0.0006511399047773661,0.0014058174565434456,0.00019195359969850778,0.0008130347881676811,0.001968948170542717
1891,0.0005484765240771211,4.897943269717084e-05,0.00027196574956178665,0.0004801923122610685,0.0005097564816725526,9.726360440254211e-05,1.4927618597507936e-05,4.395486076612409e-05,8.624047040939331e-05,0.00039875713845401173,0.0011792138615552908,0.0007513244636356831,7.244098151373835e-05,0.00031993103944841575,0.0012984070926904678,0.00020113413613845332,0.0007446102981344231,0.0017174892127513885
1892,0.00031673414855228066,8.248888754342279e-05,0.00014881882816553116,0.0011165132795439292,0.0001185986357838606,0.0001405114307999611,8.701771845051956e-05,4.01755966391356e-05,0.00010251998901367188,3.6009558464278335e-05,0.001588958113442368,0.0012445338070392609,0.0005887652470510096,0.0003305119041848714,0.001657489687204361,0.0005425382197446205,0.0007256031337042317,0.002190530300140381
1893,0.0006476485768080464,0.0001814292856477176,0.00010495632886886597,0.0006813082667189302,1.762567180825167e-05,0.0002570096403360367,3.6304272403713325e-05,1.3970257368701956e-05,6.070360541343689e-05,0.00023636295956329378,0.001061777510833077,0.0010499758645892143,0.000831497939417794,0.0006407376642110219,0.0012987563386559486,7.962686495308069e-05,0.0003501406903047462,0.0013706386089324951
1894,0.00020366430162499505,5.108682531509284e-05,1.3775192201137543e-05,0.0003608024372694224,2.5626243755141886e-07,2.5235116481781006e-05,2.2722329498556237e-05,4.633206847771748e-06,2.2824853658676147e-05,0.0005301724093661475,5.398592282176984e-05,0.0003224671818315983,0.0006946289639526287,0.0005271351108223736,0.0003437260165810585,0.0002814182369973717,6.75574713638119e-05,0.0006448067724704742
1895,0.0004282355370329727,2.9569115201667773e-05,1.5393830835819244e-05,0.00046540013376863976,6.073227297922687e-05,3.6803074181079865e-05,2.470019967337929e-05,9.434663006781968e-06,1.1753290891647339e-05,0.0006003957194180426,0.0002144443679754915,0.00020125461742281914,0.0005043213502387012,0.0002563255544417928,0.00015376415103673935,0.000512996545926514,0.00024196378768926406,0.0004531070590019226
1896,0.00010260136036735479,1.0691274620708291e-05,0.00017669238150119781,0.00011072273277647204,4.015920876392076e-05,0.00014451052993535995,3.635158585788348e-05,7.088165199088713e-06,1.634657382965088e-05,4.591576388890406e-05,0.00030477308432145384,2.406863495707512e-05,0.00013514938911589336,0.0002473614491062155,5.377084016799927e-05,2.632424532730826e-05,4.558031587498235e-06,0.0002968963235616684
1897,0.00017463064481655632,1.6676659051320653e-05,2.434849739074707e-05,1.7247598105021855e-05,2.068512821147908e-05,5.7966448366642e-05,3.174809133361933e-05,4.574395446433873e-06,7.275491952896118e-06,3.4734624097393363e-06,0.0003864927374442606,4.878966137766838e-05,0.00032013679920957216,0.00028781529024571664,9.506940841674805e-06,6.231478854853978e-05,4.090911572293687e-05,0.0001314859837293625
1898,0.0008573714425299528,7.265124405268081e-05,0.00027416180819272995,0.0003079589188189902,3.64155571803311e-05,0.00026205554604530334,1.7609513618729172e-05,7.758066856518222e-07,1.4360994100570679e-05,0.000688156894707595,0.0001136724143029691,4.399940371513367e-05,0.0006920942147176229,1.870802401305119e-05,4.750210791826248e-05,0.00041858975491734784,8.603909648660646e-05,0.00010182894766330719
1899,0.0004101828573888078,6.889699583129474e-05,0.0002896944060921669,0.00032458736909386776,5.222798046603666e-05,0.00021291989833116531,1.3922408520100973e-05,8.169668151963264e-06,1.8790364265441895e-05,0.00032012426554155204,0.00014605749012621544,8.57766717672348e-05,0.00047859429302858636,0.000500388529667245,1.7333775758743286e-05,0.0002730631139090667,8.110057655109568e-05,0.0003110412508249283
1900,0.0007936649886667035,0.00010838468041071692,0.0003507714718580246,0.0007025001887963345,4.8382716253948105e-05,0.0003050481900572777,3.860963406494139e-05,1.1090162843366128e-05,2.063065767288208e-05,0.00032923911016345675,0.0005568418006096365,0.00013588136062026024,0.0002676179261619782,0.0003478656055485689,7.454771548509598e-05,0.00042935188907275434,0.00014250444224116546,0.00024853646755218506
1901,0.0001867909710339677,0.0004289971910038104,4.7334469854831696e-05,1.3782163831008165e-05,0.00020540429529688348,2.287607640028e-05,5.0401844253073966e-05,1.825527106711581e-06,1.5635043382644653e-05,0.00037587394767048254,8.049557411375641e-05,0.000306843314319849,0.0003529134035744341,0.0004154736489800359,0.0002928758040070534,5.619895500907912e-07,3.495778450230205e-05,0.0003383476287126541
1902,6.91887081874093e-05,0.00020027261819571818,9.576976299285889e-05,0.0001163892226869051,7.575371787083354e-05,9.184703230857849e-06,4.7934863435204755e-05,2.6849600068105462e-05,5.130842328071594e-05,0.0005310790362216822,0.0011386960190799891,0.0004933062009513378,0.00041436568747006686,0.00027443559328236417,0.0006696758791804314,0.00025516409486991964,0.0004685621337737183,0.0009415559470653534
1903,0.00020960771108595455,6.233753043499018e-05,0.00033378880470991135,0.00025047298378920446,6.414528633746225e-05,0.00033851247280836105,2.0948161206079535e-06,3.2911388501364594e-06,8.250027894973755e-05,0.00017279203486555983,0.0006920310842033761,0.0008855266496539116,0.0002970184400127446,7.158559522236346e-05,0.0009354818612337112,0.00032195715809124614,0.00011814909385277246,0.0014025643467903137
1904,8.149508755112e-05,2.950801095125133e-05,0.00012953858822584152,5.677687311007873e-05,0.00012986176380236011,0.0002020346000790596,9.320838682167279e-06,1.2586255988958957e-06,5.889683961868286e-06,0.00025601738658234674,0.00013649537275084445,2.9274728149175644e-05,0.00029360076101785093,0.0002270798674553834,6.81467354297638e-05,0.0005902428478073984,7.410692570453646e-05,2.5101006031036377e-05
1905,0.00043448620533798055,0.00016650158223723358,0.00024560093879699707,0.00022731098566106112,0.00020341515431335916,0.0002779727801680565,3.0799646903190495e-05,6.39308154148986e-06,5.996227264404297e-05,9.588529386811429e-05,0.0010636423655637425,0.0005234316922724247,7.887445791507353e-05,0.00030486989894886254,0.000553780235350132,0.0003396128149449895,5.7703139904639184e-05,0.0010479949414730072
1906,0.00036146221445346183,9.442586951244683e-05,0.00027792155742645264,0.00043423442989976024,7.950161378351972e-05,0.00026786141097545624,5.748015456316646e-07,5.8373419835580816e-06,2.4430453777313232e-05,0.0006309211459998021,0.0007585544277439529,0.00037044472992420197,0.0007889363349669609,4.029693594655853e-05,0.0003377450630068779,8.502734140666823e-05,8.687661732670153e-05,0.0004554726183414459
1907,0.00017814861573792196,5.958831717843213e-05,0.0001217452809214592,0.000539228865640215,9.750657506664082e-05,0.00011123344302177429,6.287359774204138e-07,1.4720842551337694e-06,1.5042722225189209e-05,0.0001086777509928527,0.0003699862420140365,0.00013437867164611816,0.0005553687198318891,5.854223974133266e-05,0.000127449631690979,9.828765283420582e-05,1.3714827320722087e-05,0.0001763422042131424
1908,0.0007267817070713278,8.484354465052024e-05,6.603728979825974e-05,0.0003019317932592136,0.00032606911681982986,0.00018238183110952377,1.9538914052638634e-05,1.861860094280873e-06,2.285093069076538e-05,0.00011152023583207993,0.0004355219391298515,0.00022531673312187195,9.279352304610022e-05,1.7042375556400313e-05,6.730668246746063e-05,0.0006666961601137222,4.140067873732375e-06,0.0002623293548822403
1909,0.00011721001976837397,0.00014016247850749675,8.341111242771149e-05,0.0001966603363944136,4.553904945491308e-05,6.433948874473572e-05,9.024065497774576e-05,1.3810857228563692e-05,6.884336471557617e-06,0.0002530995119349455,0.0008496641756958537,0.00033478904515504837,0.00016286840713104767,0.00015546095070414004,0.0003498513251543045,0.0005048764010384399,0.00022882156619675326,5.5398792028427124e-05
1910,0.0003251893254238164,0.0001899382672259746,0.00020303577184677124,0.0003493347012026998,0.00011529628992574398,9.424984455108643e-06,5.598331740326937e-06,7.715251054825302e-07,2.032145857810974e-05,5.8123709275700874e-05,1.8407877490064783e-05,7.80029222369194e-05,5.659032711845258e-05,4.337474864141502e-05,0.00037407688796520233,2.0998138843264513e-06,5.369332955140575e-05,0.00031738169491291046
1911,0.0017490590563488534,0.0006476713721187133,1.0441988706588745e-05,0.0011127633716142837,0.00034796254690612136,0.00014049187302589417,0.00011538911881875044,1.380246443957343e-05,4.9427151679992676e-05,0.0009645202372960682,6.227428411521158e-05,0.0009503345936536789,0.0006745440458691548,0.00027734085025097124,0.0007424456998705864,0.0013838192713008513,0.00011372140089935603,0.0013895146548748016
1912,0.0008666066298919223,4.809669087613502e-05,9.497255086898804e-05,0.0005389071580919197,8.124410067870264e-05,3.838632255792618e-05,8.253503925350139e-05,2.6395470981282207e-06,1.0650604963302612e-05,0.0003739106991361568,2.3456345269658174e-05,2.9834918677806854e-06,0.00044511676529755684,0.0007640301253020072,7.98618420958519e-05,0.0001454401553091511,0.0001127973604798261,3.777816891670227e-05
1913,0.0003914430620735321,0.00014978095559385965,8.524209260940552e-05,0.00027766878048338106,0.00017203550589867111,3.5247765481472015e-05,3.31583580133292e-05,6.877312752741967e-06,7.0892274379730225e-06,0.0004307522970433547,0.00020619346265571964,6.192876026034355e-05,0.00011402618850039903,1.123452566611366e-06,9.181350469589233e-05,0.0005681426364898268,0.00016948576507587292,0.0004111137241125107
1914,5.037575096904223e-05,0.0001735462542510717,0.0001820344477891922,8.715771742788536e-05,0.00028848547046520304,0.0001759938895702362,6.468880075544484e-06,4.2767996676306135e-06,2.0831823348999023e-05,1.0320248843412316e-05,0.0003646214608529763,0.000414922833442688,9.62120325494753e-05,0.00024313587610232112,0.00042845122516155243,0.00026527288970870644,2.8107921571113997e-06,0.0006203167140483856
1915,5.8037600276672485e-05,4.4705533477455706e-05,2.208910882472992e-05,0.0001417101557982664,0.00022107587238515136,8.300133049488068e-05,1.5008716157605823e-05,6.764024629711931e-06,2.24187970161438e-05,5.316288745414732e-05,0.0005007128461936711,0.00024514924734830856,0.00012532604057663432,0.00022816449434092181,0.0003876844421029091,8.427724341511511e-05,0.00010732415490823273,0.0006258469074964523
1916,0.0008226523706264255,3.0659104141225746e-07,0.0003104899078607559,0.0006095960189078514,7.604231316523172e-05,0.000250866636633873,2.470665142012378e-05,1.1528082208540121e-05,2.9299408197402954e-05,0.0004840264469478939,0.00020080489081523295,9.94950532913208e-05,0.00039456729516192113,7.41721776075302e-05,0.00017751473933458328,0.0003923583988245105,0.00025007370586435824,0.0005673225969076157
1917,0.0001906740014787911,0.00019076761696981692,5.7173892855644226e-05,9.931591997862366e-05,8.107786998687305e-05,3.4440308809280396e-06,2.295397448894357e-06,1.537334099075251e-06,3.7848949432373047e-06,0.0002018975053669353,0.0004852298037529984,6.0177408158779144e-06,3.3997421137590966e-05,0.0001070897445389768,7.05718994140625e-05,1.5226523978950635e-05,4.4664079537995796e-05,6.588920950889587e-05
1918,0.00015067994444573074,2.4266172169551403e-05,0.0003234054893255234,0.00025263899047663074,6.559286528940583e-05,0.0003176676109433174,1.1176940359815951e-05,2.207303309375067e-06,3.17208468914032e-05,0.001047454607342263,0.00014359080497684112,0.0002733650617301464,0.000660875012369111,2.6414840833967335e-05,0.00027666520327329636,0.0005535844308339755,2.4965562844311145e-05,0.0003495253622531891
1919,0.000516789732208145,9.466728809174804e-05,0.00019630417227745056,3.6355467353421655e-05,2.7380219459478827e-05,0.0002261986956000328,2.1653768357370734e-05,2.177351796914316e-06,2.1029263734817505e-05,0.0003424451287588892,4.728987871645274e-05,0.00027163419872522354,3.2455070880066383e-05,2.45128555619728e-05,0.00022635608911514282,0.000285397929583292,2.292216288566143e-05,0.00031860172748565674
1920,0.00033727674444354594,0.0001467354847344074,5.1917508244514465e-05,5.214757873564513e-05,2.249165013126081e-05,7.422175258398056e-05,2.5194740603353902e-05,4.555272998777067e-07,7.599592208862305e-07,0.00018246114224755583,0.00013106233533361628,0.00010425690561532974,0.00013804515704067544,0.00037696777572407067,9.266845881938934e-05,0.00010384150929648728,2.5463449571033053e-05,0.00028238445520401
1921,0.0002984285641336182,0.00010182717684685538,4.618987441062927e-05,0.00011889168408855955,1.2162237734723857e-05,3.5176053643226624e-05,3.036950675076519e-05,6.710718712611501e-06,4.94346022605896e-06,4.4212044933295e-06,0.00010463453675551432,4.408974200487137e-05,0.00031116616724666257,0.0001650317641862173,4.20520082116127e-05,8.12241350290066e-05,0.00012988240079525593,0.00025389157235622406
1922,0.00011230471187757829,0.00018683119559013972,0.0002917349338531494,1.097422301374329e-05,4.7985210547104445e-05,0.00035190116614103317,1.5624183565441166e-05,1.2119630760962122e-05,3.517046570777893e-05,0.0003995000347519623,8.404203864699478e-06,0.0004865434020757675,9.494049253606918e-05,0.0006159145599460743,0.0003707669675350189,0.00025259086346834936,0.00025794072875667297,0.0003220830112695694
1923,0.00021213856387364283,8.731835953306594e-05,4.4133514165878296e-05,0.0001878935563446732,0.00011857208088428967,0.00034602638334035873,5.4395116672718846e-05,3.9622128336839644e-05,5.6438148021698e-06,0.00037782487825374633,7.411651932549834e-05,0.00037761684507131577,0.00022273673255661375,0.0002145650460583584,0.00015179533511400223,6.659632843658558e-06,0.0006693363469351919,0.00015262700617313385
1924,0.00024293444109846352,8.143893916436051e-05,2.673175185918808e-05,0.000184587872951128,0.00018129158618250887,0.00040405336767435074,4.457856444328202e-05,3.2946517561435176e-05,2.2176653146743774e-05,0.0007707506154500526,0.00023654417707733022,0.0005319551564753056,0.0006624034488413588,0.00015744343269649685,5.3184106945991516e-05,0.0007303903579645998,0.0005530592864644059,0.000245705246925354
1925,9.231933701950301e-05,0.0002277536573575059,0.00011828914284706116,5.222889160813593e-06,3.270816754994549e-05,0.0001822635531425476,7.603698362662267e-05,4.7596080764535694e-07,1.0397285223007202e-05,0.00034601098912756534,0.00014426076247137792,0.0001398255117237568,0.0002853089349458965,3.594157191754224e-05,7.96634703874588e-05,0.00013566031165856973,4.29872080500663e-05,0.00033417344093322754
1926,0.00020564818333808355,0.00012071787495766817,0.0002508386969566345,0.0002181843289758012,0.00024610060056706046,0.0002433639019727707,1.6092954978525614e-05,5.0816995088363674e-06,1.574680209159851e-05,0.00013428765590248193,0.00011027102683143497,3.258790820837021e-05,0.00025706669028274787,0.00038033982795065285,1.0792165994644165e-05,2.0009290433470328e-05,1.3754772414225833e-05,0.00038990937173366547
1927,0.0005581756502071322,5.24770723130813e-06,0.00014288071542978287,0.0004244585577072718,0.00011674549248041552,0.00022393278777599335,7.576583875107054e-05,3.7793424322312037e-07,3.024563193321228e-05,0.00047321786988083203,4.7304305941194e-05,0.0005192039534449577,0.0005755471410155144,0.00032953179970992424,0.0006025349721312523,0.00039220704488115987,3.8914044540303006e-05,0.0008714590221643448
1928,0.0001891655039982787,0.00014352771606805648,5.144346505403519e-05,0.0001331496856957909,0.00022612117319473213,0.00025307200849056244,1.4830198313248166e-05,2.2255537602856542e-05,6.798654794692993e-06,0.0002236620133752032,0.000637803013129136,0.00013390230014920235,0.0004031873187120699,0.0006647741284221027,0.00043404195457696915,9.452811971244479e-05,0.00034506635714662975,0.000250745564699173
1929,4.508881108049312e-05,0.00015702634933185272,0.0001198742538690567,2.8025899525593867e-05,0.0003765871329303033,0.0001386469230055809,5.437026278781558e-05,3.0252528019412408e-05,9.883195161819458e-06,9.703288155302192e-05,0.00041952362023215534,6.604520604014397e-05,0.00012926544068059265,0.0003129097791114456,0.00038075074553489685,4.8585231136044627e-05,0.00040384545642694475,0.00026546791195869446
1930,0.00020966518416194735,3.508201228196242e-05,0.00010406598448753357,4.74604784833077e-05,0.0006636443897207883,5.613267421722412e-05,1.2373924009788373e-05,2.925503719537954e-06,1.3154000043869019e-05,0.00052440242165884,0.0004678942871688477,0.00028031039983034134,0.0005797028630471351,0.00014165012219366155,0.00024051126092672348,0.00041882862562922507,1.8959054216132268e-05,0.0002634972333908081
1931,0.0003642504355424736,0.00010841849327632158,0.00010566413402557373,7.001668379137682e-05,0.00017254370695519994,3.2568350434303284e-06,8.045425204012552e-06,7.615052253305511e-06,1.2781471014022827e-05,0.0007964648713781192,2.0251004729215927e-05,0.0003610174171626568,0.00043170856513061184,3.266040033141418e-05,0.0002720896154642105,0.00038489488809531625,4.567127335970353e-05,0.000557776540517807
1932,0.00036141662675866215,0.00016117637455053194,0.000403393991291523,0.00021148251282943065,0.00015057877589975954,0.0003666868433356285,5.6200114902815734e-05,2.008446173564849e-06,2.5957822799682617e-05,0.0011543293227938428,7.489464337868956e-05,0.00010192440822720528,0.0012417792848082587,0.00045527306584076943,8.127652108669281e-05,0.000789298808500899,7.840121940797494e-05,0.00020038336515426636
1933,0.000552127910713282,0.0001674767748389011,0.00044273678213357925,0.00014607701762109349,0.00017686227660012807,0.00045143626630306244,9.321886135853566e-06,5.542177229635138e-07,3.068894147872925e-05,0.0004016042207742182,9.468996729369156e-05,0.000203064177185297,0.000741988261728152,0.00032064496252852404,0.0001949882134795189,0.0005350311209419978,4.7960230928997816e-05,0.00029106996953487396
1934,6.264223516802558e-05,9.211713269220018e-06,2.965424209833145e-05,0.00018906019015919873,0.0002351777466320093,0.00012718699872493744,4.782807677313969e-06,2.7453186083123394e-05,5.0067901611328125e-06,0.0003394856867363766,0.0005411052999707011,4.571257159113884e-05,0.00020112639135808075,6.220087069416444e-05,5.7367607951164246e-05,0.00037758515316022034,0.00054959945392811,8.517690002918243e-05
1935,0.00021589648045948484,9.834951709785517e-05,0.00010342802852392197,0.0002121336326046247,1.127659967144548e-05,0.00020128581672906876,1.4238239346032328e-06,1.156725929715198e-05,1.0922551155090332e-05,0.00017100435706937644,0.00046219524768779247,4.891818389296532e-05,2.3837098206289098e-05,0.0002840450539922969,0.00010088738054037094,9.698699797369703e-05,0.00017021493555470328,0.000227244570851326
1936,0.0001392868428526789,0.00011862399133283699,0.0001145796850323677,5.78067999273818e-05,0.00020520082468740777,0.00011611077934503555,2.6904626703684945e-05,7.059058861090604e-06,2.775341272354126e-06,0.0004515021405527009,0.0006092564860089855,0.00018018484115600586,0.00023338832996570857,4.770994383008001e-05,0.00015358813107013702,0.00039551776001484074,9.563351328361995e-05,1.8570572137832642e-06
1937,0.0003815062530449359,3.24550265892419e-05,0.0002180393785238266,0.0006956257877807209,9.097177318312041e-05,0.00025898218154907227,1.725479220551253e-05,1.2511270160263507e-06,1.0579824447631836e-06,0.0005069548039795674,0.0006329641858208723,0.00016153929755091667,0.0006218683395831787,5.095963721345881e-05,0.0001872451975941658,0.00028628459492321956,0.00010211039138529297,3.720633685588837e-05
1938,0.0014528659838880381,0.0005627937791136232,0.00028876401484012604,0.0004776613084510606,0.0006576585512280547,0.00025354232639074326,1.630723063690727e-05,1.2142285234370445e-05,6.1009079217910767e-05,0.0005102838621987987,0.0002548819809273725,0.000422661192715168,0.0005557711035620583,0.0002806077743784628,0.00048278365284204483,0.0005664934792943832,0.0002662150776533319,0.0009940806776285172
1939,3.258826660031133e-05,4.740554336920069e-05,2.5954097509384155e-05,5.0582609744789786e-05,7.650779138196687e-05,2.8694048523902893e-06,2.7185943332829268e-05,3.0048467946745556e-06,1.4137476682662964e-05,0.00016469472145312636,0.00019558648176089266,8.160388097167015e-05,0.00025820592593835123,0.00010505244478975842,3.9272941648960114e-05,0.00023447216807040427,0.000106285898465815,0.0002967566251754761
1940,0.0002567483205196397,1.179898903886506e-05,0.00014211144298315048,5.1762053937934316e-05,0.0001376717538938213,0.0004084259271621704,2.2170366245488973e-05,4.460141317426999e-05,2.4527311325073242e-05,0.00043208549571148447,0.00020348966817253233,0.00036688707768917084,0.00015572600381609514,0.0006493714954886841,2.106558531522751e-05,0.00014843488414187367,0.0007660991718924509,0.00038860738277435303
1941,0.0008431679382153168,8.263455546919304e-05,0.00029272865504026413,0.0003884838199039592,0.0001639423518062129,0.00038035493344068527,3.6924894323036445e-05,2.491731165597279e-05,2.7038156986236572e-05,0.00035531626568263697,0.0006285757896264121,4.336470738053322e-05,0.00017748087829562442,5.057096474522446e-05,0.00010650046169757843,0.0005124741179948489,0.0005872348346052329,0.0004493873566389084
1942,0.0011540030056712697,0.0001992783335793731,0.0003233030438423157,0.000838638617974577,0.00011968591548054686,0.00023966748267412186,4.40925248985629e-05,3.6584998800955667e-06,9.480863809585571e-05,0.001239690958902695,0.0003765943722870216,0.0008681025356054306,0.0011296592037303294,0.00045635634037263437,0.0009869802743196487,0.0010317387791180799,3.7375067775433785e-05,0.001434825360774994
1943,0.00020192302148670793,0.00018908824730260593,0.00022480078041553497,0.0002697458445558437,0.0002369536216689644,4.277750849723816e-05,1.6529687800479267e-05,2.878454511335768e-05,1.8615275621414185e-05,0.00011282406462563566,0.00041815071285373345,0.00043511344119906425,0.00018610582602841819,0.00031941925528806633,0.00022688601166009903,1.0270214042817916e-05,0.00031845528247084753,0.00022736191749572754
1944,0.0007470150539623938,0.0002714891233746887,0.00023781787604093552,0.0002754062620986958,0.00010020460973335366,0.0003386707976460457,1.6455665916679726e-05,1.3925348735131728e-05,5.436316132545471e-05,0.0010770099487988627,0.0002848877921957857,0.000864492729306221,0.0008856396980423675,0.0003908639605166367,0.0007212180644273758,0.0008920242192818617,0.00018797722355637196,0.0007658302783966064
1945,0.00020915037446624096,0.00010161754763553937,0.00018507707864046097,0.00026249906401340506,9.918073025927052e-05,0.00028084125369787216,6.388958682467666e-05,1.1790534735851214e-05,1.2237578630447388e-05,0.00021799240457022473,7.514684182301917e-05,2.9179267585277557e-05,0.00011584398698884224,0.0002785387013006235,0.0001606447622179985,0.00042442392787545025,0.00016933687435684644,0.00034564174711704254
1946,0.00038121158306482494,0.0001442826086146265,8.240807801485062e-05,0.0005606249677943403,4.829124053587833e-05,0.00014102458953857422,1.1043082101138899e-05,1.1215079210566024e-05,2.921372652053833e-05,0.0007041812854978319,0.00036721359721458846,0.00016994774341583252,0.000632791578615996,0.00013955964789892292,0.00011578202247619629,0.00034422613700377247,9.663851839939071e-05,0.0003500841557979584
1947,0.00011879529196461014,2.473045690363357e-05,4.8939138650894165e-05,3.064095713338488e-05,3.3501981493468114e-06,7.612165063619614e-05,1.5462337923460856e-05,2.3267796634490138e-06,5.584210157394409e-06,0.00011941546001371928,0.0005087702880250955,2.1280720829963684e-06,3.879776213325248e-05,0.0002786380832840128,9.211711585521698e-06,0.00015153223913308422,8.514874661737053e-05,0.00025913119316101074
1948,0.0001182686680583217,8.490719209400602e-05,0.00019479170441627502,0.00015078827265543882,0.00024104758195095388,0.00016944855451583862,1.2231676867563435e-05,1.7812994958735272e-05,5.003064870834351e-06,0.00011903438983672243,0.0001771934814421422,8.922023698687553e-05,1.0221063926410534e-05,1.844840318089916e-05,5.653034895658493e-05,0.0001262015259884397,0.000217522863817661,1.8868595361709595e-05
1949,0.0004062852926556143,5.7906252191361474e-05,8.473452180624008e-05,0.0004617353222596682,3.3684569527545755e-05,5.4659321904182434e-05,3.610735149209114e-05,1.187890154489711e-05,1.3630837202072144e-05,0.0009869334546725311,2.1301332050992217e-05,6.587337702512741e-05,0.0006789764886371147,1.14861861499789e-05,0.00013300590217113495,0.0006794762007211186,0.00011538157656290626,5.340948700904846e-05
1950,8.080244373377676e-05,4.87668238961618e-05,0.0002591051161289215,0.00010782463831028599,3.7596001699113923e-05,0.00011653173714876175,7.313391271123598e-05,1.8341539532273194e-05,3.932788968086243e-05,0.0007289085044086263,0.00019206806679137461,4.649581387639046e-05,0.0007879179364615602,0.00013394590670478754,0.00028958171606063843,0.0008818706414641664,0.00038691704181169524,0.0005467627197504044
1951,4.88241554604113e-05,6.035777528080877e-05,0.0004192730411887169,0.00011853127623558113,8.988333077500008e-05,0.00029364973306655884,4.154813565808435e-05,2.0885446939445632e-05,3.248453140258789e-06,0.0002719134997703071,2.660076685964685e-06,0.00046133436262607574,0.0004668133823552273,0.0004784456370460731,0.0002866610884666443,0.00043400741025395595,0.00047433446606225983,0.00021620839834213257
1952,7.701090144189571e-05,8.600955672563582e-05,0.00010440405458211899,0.0005954226028461462,0.00018471336681365885,0.00025709159672260284,3.032566450933069e-06,9.20681014871525e-06,8.340924978256226e-06,0.0007028247886794459,0.00017874293268301672,2.1797604858875275e-05,0.0009184731592598444,1.280424042932396e-05,0.00024145003408193588,0.0005608418874581411,7.247636602225951e-05,0.0002546031028032303
1953,7.966597929251473e-05,4.4148745451895455e-05,0.00011240318417549133,0.00033673932690413133,6.377606295668997e-05,3.481190651655197e-05,0.00011543597263008118,6.435064594064637e-07,3.1925737857818604e-06,2.8544194948923463e-05,0.0003797341121354117,0.0003885091282427311,0.0004562422081653833,0.00013355089146572033,0.00029692426323890686,9.611189730196479e-06,1.2530464007169673e-05,3.40193510055542e-05
1954,0.0003314788293571902,4.279837627111857e-05,3.202073276042938e-05,0.00029026526777278794,6.836286147083107e-05,1.0404735803604126e-05,8.486377634223281e-05,4.712182539627543e-06,1.6745179891586304e-05,0.00010375122299956241,0.00013699537969642794,1.2664590030908585e-05,6.929468017027873e-05,0.00038275111416048377,5.418434739112854e-05,0.0004969333608228488,0.00010179887687286789,0.00022015348076820374
1955,6.502254865063672e-05,0.0001403069097647494,0.00021555181592702866,0.0001013299926088812,0.00010656409951633264,0.00024638883769512177,9.799302992710181e-05,8.731591209839434e-06,5.539506673812866e-05,0.00014164978610509138,0.00037832674033641545,0.0005755596794188023,0.00011056532355563364,1.6854380856988482e-05,0.0005170674994587898,0.00026618025058919303,0.00027711600867020084,0.0012262910604476929
1956,0.00018618689831341462,5.792893428227877e-05,0.00036516226828098297,0.00018757223354054497,5.432907679234211e-05,0.0005036294460296631,2.6141777194579885e-05,1.730392909246657e-05,2.7708709239959717e-05,0.0002494148088312692,0.0005141054531454456,0.00043580448254942894,0.0002612328336918657,0.00011150926081169438,0.0001909155398607254,0.0005632017664543576,0.000354743982238356,0.0006571207195520401
1957,0.00040906909498160393,0.00016037053715721103,0.0005411114543676376,0.00039734572323033013,0.0001317105009207148,0.0005303043872117996,1.5695780058761974e-05,4.762110783719173e-07,2.6267021894454956e-05,3.38425369794948e-05,0.0001430185799870462,0.00010402826592326164,0.0007850152567720203,0.0004800561521901142,9.837187826633453e-05,0.0009293611239276911,9.28233573094378e-05,0.0006773006170988083
1958,1.036624314736112e-05,0.0002093437605928429,3.064516931772232e-05,0.00041724545458284024,0.0002121404992000836,4.0790997445583344e-05,1.6108968992078337e-05,1.2851992962445912e-05,1.950189471244812e-05,3.2365177131635225e-05,5.130138565997977e-06,4.397239536046982e-06,0.000203281863549995,0.00043933859852257964,0.00010161567479372025,0.0006622956087438403,0.00023926004550696954,0.0002758614718914032
1959,0.0005064800954786564,0.00011789989687303881,0.00021918956190347672,0.0002961627456066346,0.00010602355898983729,0.00023254379630088806,7.839908797741858e-05,3.664397510630326e-06,2.5313347578048706e-05,6.419324981021823e-06,0.0004124631037648735,0.00025929044932127,0.0006453567413586547,0.0002811029336249535,0.00027126818895339966,0.0003555078951167634,0.00011499627143296207,0.0006696917116641998
1960,0.00012767195755639116,5.315011611703793e-05,3.762170672416687e-05,0.00034747188737029033,6.348622943861196e-05,2.4502165615558624e-05,3.8095000506156024e-05,1.7723986175452585e-06,5.807727575302124e-06,6.77850642002431e-05,8.229419893351214e-05,3.9008911699056625e-05,0.00013169218062518417,0.0004653994764112594,4.986859858036041e-05,0.00038923097741913604,7.015067470398859e-05,0.0002559591084718704
1961,0.0007733063730059192,8.226394344553953e-05,0.00022673141211271286,0.00041175228969254907,2.950202661722648e-05,0.00039357133209705353,9.60661463600479e-05,1.603184365040855e-05,3.6541372537612915e-05,8.594021854049783e-05,0.00020714185037425809,0.0002978104166686535,0.00010689878831991739,0.000450613139709944,6.0517340898513794e-05,0.0003135903946372698,0.0003378455107996177,0.0007947776466608047
1962,0.000585386524678419,0.00012082230073459654,0.0002601929008960724,0.000261737588262298,0.0001051991404787643,0.00034257303923368454,1.658909109083888e-05,1.6760444792203715e-06,2.7857720851898193e-05,0.0001772838198784571,1.2032647981517763e-05,0.00015946431085467339,7.177882660532042e-05,6.170848194275366e-05,5.4486095905303955e-05,0.0007350185905302675,0.00011997914120792132,0.0004281681030988693
1963,1.3893852019358777e-05,0.00013785438193228416,0.0002635270357131958,0.0002653540094827572,0.00032579930622729514,0.00026048440486192703,1.7805128590394487e-05,6.5129069656692015e-06,1.362338662147522e-05,0.00038082585200624464,4.2457782957118495e-05,0.00018116040155291557,0.00012315422398480325,8.457669853228003e-05,0.00018798653036355972,0.00019260323989298,3.3809818897686736e-05,0.00017608702182769775
1964,0.0005311761106332885,0.00040403599386277383,0.00024363864213228226,5.570697132473157e-06,0.000537017260983895,0.0002424260601401329,4.904101119309126e-06,8.628693741236874e-06,1.0099261999130249e-05,0.0006152364465263072,0.0004033664480585855,5.1927752792835236e-05,3.829193221338567e-05,0.00023048006786404243,5.6937336921691895e-05,4.853729475812196e-06,9.72150958524192e-05,0.00019915029406547546
1965,0.0007225494693706563,8.322710370070943e-05,0.0004315655678510666,0.0001960836287033807,5.062150320831252e-05,0.0004554176703095436,5.965375012617277e-05,2.465045865346425e-05,1.8831342458724976e-05,0.00018273632724452593,5.801706341796581e-05,2.181297168135643e-05,0.000754531884308296,0.00037030048506371885,3.059394657611847e-05,0.0004948006318586939,0.0003155683835589316,0.00026689842343330383
1966,0.0002953694497271758,0.00011842664680056583,0.00028869882225990295,9.91459796705757e-05,5.097297185189392e-05,0.00024358928203582764,4.222520409686431e-05,2.2788097863416738e-05,1.8823891878128052e-05,0.0008156908215586622,3.1951674986555045e-05,0.00010840827599167824,0.0006379030835554356,9.593204979995232e-05,0.00012139789760112762,0.0005105900912743266,0.0003869452678246302,0.00018332339823246002
1967,0.0003802848752983007,9.422547586681457e-05,3.765709698200226e-05,4.869053653522304e-05,7.02907888390919e-05,7.67754390835762e-05,1.1957536741536573e-05,9.16950043417528e-07,1.691281795501709e-05,3.740008506109005e-05,0.00012044303015687485,9.66670922935009e-05,0.00013378870051936054,5.632013690197099e-05,0.0001462288200855255,1.3457764200280886e-05,6.518868630868077e-05,8.879043161869049e-05
1968,0.00025067750269719413,5.6334614542803696e-05,0.00021454133093357086,0.00013458011890639388,2.65936727521926e-06,0.0002804463729262352,2.1005425963772223e-06,1.2421508680750173e-05,1.3791024684906006e-05,0.0004351582241182983,0.00023987200585926655,7.023243233561516e-05,0.0003242648169575202,0.0001994108482470322,2.177152782678604e-05,0.0003816222370464084,0.00022457002514237115,0.00013493746519088745
1969,0.00011205223091344252,0.00021209202079321143,0.00010476727038621902,6.668540542632828e-05,0.00011339809922992702,0.0001288391649723053,1.65501753651362e-06,2.800860770390797e-06,3.555417060852051e-05,6.85348827783594e-05,2.9227807127260585e-06,0.00033878348767757416,0.0003535059795208295,0.00041046988101598597,0.00028959009796380997,1.9065721775124445e-05,3.828327010384214e-05,0.0003858208656311035
1970,0.00020270980918198067,1.3657812529301039e-06,0.00016566738486289978,0.0002639804060291656,9.648997217130695e-05,0.00021142233163118362,1.079122807385105e-06,1.0168226071044333e-05,4.880130290985107e-07,0.0004760403155275733,0.00035959556174860324,0.00023282459005713463,0.00032061463956317704,0.00032781582091012326,0.00025709159672260284,0.00042711797710745514,9.635267102704216e-05,0.00032176822423934937
1971,0.0002139374038078179,3.63464307103524e-05,0.00024453550577163696,0.00023434302976213517,4.684543851730255e-05,0.00021439790725708008,5.9489651996575896e-05,3.5605772780759274e-06,2.5101006031036377e-05,0.00030234995140926424,5.6307005289683854e-05,0.00011839251965284348,1.4449643431391213e-05,0.00017918019131610632,0.00015556253492832184,0.00019810975014780685,1.1710530766709942e-06,0.000497991219162941
1972,0.0005486979325897423,4.774564778498719e-05,0.00012121908366680145,0.00010849484886309158,0.0002964066497079358,0.00017557665705680847,1.7409442838551767e-05,9.402445229416963e-06,2.329424023628235e-05,0.00016624123449077155,0.0001311749701937981,0.00041285110637545586,9.685510193316316e-05,0.0001673136463800351,0.0003222711384296417,0.00017263770145209412,4.0895795512790184e-05,0.0005986317992210388
1973,5.099079706152865e-06,0.0002014937453272865,2.492964267730713e-05,0.0001981271232466414,1.2724415623121405e-05,6.318464875221252e-05,2.7932163937529828e-05,2.1785050128597205e-05,3.129243850708008e-06,0.0002564776660451684,0.00022271777424883593,7.674843072891235e-05,0.0004365328172048766,0.0006450387242487934,8.286908268928528e-06,0.00032276176818826774,0.000322952170864331,8.391775190830231e-05
1974,0.0001902643211583177,0.0002764610924713279,8.810311555862427e-05,5.864491463322685e-06,5.586072005934334e-05,2.1848827600479126e-05,9.349308887313806e-06,3.2540148647860036e-05,1.1458992958068848e-05,0.0003736468612302035,4.907642428095271e-05,0.00010478775948286057,0.0004793357579311458,0.0007037451840912028,5.0992704927921295e-05,0.0003885147507758646,0.00045143809490864016,0.00010081753134727478
1975,0.0018199430710177378,0.0007277604166155138,0.0002872273325920105,0.00020936217834770232,1.626332519544596e-05,7.340963929891586e-05,6.101245044890305e-05,2.4431472287930007e-05,6.740912795066833e-05,0.0005491409342329306,0.00012344069358037613,0.00041374005377292633,0.0009533071140142013,0.00047744653357959313,0.000689161941409111,0.0008486725458013988,0.0002672396539128846,0.0012178588658571243
1976,0.00034037914610370035,0.00030468305699462087,0.00011236593127250671,0.000576766353862862,0.00032294452300557844,0.0001102052628993988,3.5618920720039554e-06,1.4093665225620752e-05,2.3581087589263916e-05,0.0006533969152010682,0.0006053957341771998,5.075102671980858e-05,0.0008716846917953269,0.0006306270785605105,9.093619883060455e-05,0.0006887855182248492,0.0003398818594531096,0.00017979368567466736
1977,0.00041598173285942175,7.447703979657216e-05,0.0003241905942559242,0.00023384723071916136,9.914361322736417e-05,0.000289267860352993,4.241312734346546e-05,2.285440248128083e-06,5.089491605758667e-05,0.0004451782402257465,0.0002836993586059697,0.0003054453991353512,0.0004068204256878899,6.535170451268599e-05,0.00039827916771173477,0.0004915215709469789,9.495562137902015e-05,0.0007093362510204315
1978,4.7125326843588944e-07,0.0001240275301440108,0.0003186408430337906,0.00016211397812546102,0.00021822112441161404,0.00039379019290208817,3.4672312933187524e-05,1.1808459084270795e-05,3.0044466257095337e-05,0.00037713753738866096,1.626505709113879e-05,5.9850048273801804e-05,0.0006176260362659586,6.251640948626291e-06,0.00014181248843669891,0.0008295229810742211,0.00012265899537385744,0.0001632794737815857
1979,0.00019187932167771815,5.7761737806565766e-05,4.87547367811203e-05,5.028741961371486e-06,6.0277923665235517e-05,0.0003219563513994217,1.3175158572898554e-05,2.6258037352803608e-05,1.547113060951233e-05,3.671530812955626e-05,0.00019515666279564664,0.0004312405362725258,0.00020879570893163335,0.0001632898032572147,0.00013201124966144562,0.00026340262543730897,0.0003106156063236252,0.0003918353468179703
1980,0.00026893831378840827,9.951201673807572e-05,7.127411663532257e-05,0.00012548624661926078,2.2808786252916102e-05,7.108133286237717e-05,4.488677820005393e-06,7.561861588516682e-06,8.121132850646973e-07,5.576510159173431e-05,0.0003031508722759965,2.7480535209178925e-05,0.0005327367288113505,0.00012036769240115694,0.00011451635509729385,0.0002534351590939288,0.00013087106275868308,0.00022855214774608612
1981,7.676084708940767e-05,2.8335254257660925e-06,3.2784417271614075e-05,1.3350969257086565e-06,0.00014274836242034877,1.609884202480316e-05,1.8047657760322106e-06,1.1137617810909025e-05,2.820417284965515e-05,3.4536844276247813e-05,0.0005656793040842573,0.00038966163992881775,0.00019624076914885602,6.501411827872228e-05,0.00044423341751098633,0.00020182766286511167,0.00021098023604510137,0.0006047599017620087
1982,0.00012967151069785687,0.0002413682836570931,9.083747863769531e-05,0.0002811164854159831,0.0001490337236206285,0.00018036272376775742,1.8711888137607977e-05,2.9349623655878262e-05,5.807727575302124e-06,5.706111934646041e-05,0.0001586597737475784,1.2288335710763931e-05,9.9469054936005e-05,0.00026494953022770246,0.00014147814363241196,0.0002109562364213391,0.00045440650183859593,0.0001490972936153412
1983,6.460091107611532e-05,9.030010954810125e-05,0.00046924035996198654,0.00013000859001231768,7.177474773514478e-05,0.00040725991129875183,6.027528471375977e-05,1.196165998366939e-05,3.5740435123443604e-05,0.00017661072380797949,0.00021386513238238342,8.508330211043358e-05,0.00016133936717177555,0.00012701275653576385,0.00014308933168649673,8.62156723340779e-05,0.00016175451520074845,0.000525766983628273
1984,6.809823090504763e-05,0.00018486280509874553,0.00015833787620067596,0.0005095510299011341,0.00010375742152359327,9.338371455669403e-05,1.5824021407427266e-05,2.053590918847149e-05,3.505870699882507e-05,0.0002925283946729612,0.00022334832975463847,0.0005107657052576542,0.00045833195805816684,0.0004345223889866377,0.0006097881123423576,0.0002194872856517427,0.00036176340325646227,0.0007538348436355591
1985,0.0005074660954043492,5.231766992482706e-05,9.260233491659164e-05,0.0005416967329805178,4.8958159943025825e-05,0.00015046726912260056,4.47132152093261e-05,3.78007071017805e-07,5.766749382019043e-06,0.0006370350412297915,0.00018129440994738705,0.00019516656175255775,0.0005525670915340619,2.421828281987115e-05,0.00012115668505430222,0.0004869590470391316,1.4773574331798309e-05,0.000396043062210083
1986,0.00021771601529424478,5.487106857448437e-05,5.009118467569351e-05,0.00015181852849764643,4.928690710249983e-05,2.106092870235443e-05,2.2475100746795554e-05,1.435430247403492e-05,9.775161743164062e-06,1.4203240338156453e-06,9.315236686115169e-05,6.647221744060516e-05,0.00010237029988492685,8.134519813487659e-05,3.947783261537552e-05,0.0003510936120202923,0.00020846566638649255,5.8360397815704346e-05
1987,0.00013012541695403557,7.28188510839417e-05,0.0001288279891014099,0.0003261606623780333,9.531937132119944e-05,8.35862010717392e-05,2.6823061999869252e-05,2.101509602406293e-06,1.2908130884170532e-05,0.0003291861788596029,0.00011854562171766114,0.00034915655851364136,0.00016109466229960456,0.0003416281451095633,0.00027943216264247894,0.00037179894875211117,0.00011403297116395136,0.00040185824036598206
1988,0.0002227146078583736,3.405850725953993e-05,0.00023113004863262177,6.96967170762397e-05,2.721720910798045e-05,0.00016588624566793442,2.6690028427119386e-05,6.3173333518816216e-06,1.0617077350616455e-06,3.579961621945349e-05,0.00013515560664163068,0.0002198498696088791,0.00010206529980576196,0.0002265160131899105,8.207745850086212e-05,3.233360577514777e-05,0.00013547001483698272,0.0001753494143486023
1989,0.00027091547912362623,4.712314973589343e-05,0.00020603183656930923,0.00013148115374675418,3.609458372215435e-05,0.0001986417919397354,7.75032596231004e-06,4.349767591971276e-06,1.265108585357666e-05,0.00047400772776307054,0.00010495535202244277,5.683396011590958e-06,0.0006092883961412027,6.266875132582977e-05,4.925113171339035e-05,6.454084393436865e-05,6.316885386907674e-05,6.620213389396667e-05
1990,8.670486146396261e-05,0.00019081640877176287,4.906952381134033e-05,0.0004577376102665315,3.3129393102002136e-05,9.418930858373642e-05,6.004409398662966e-06,6.9165874983949166e-06,1.773238182067871e-05,0.0004590230954568675,3.741333782363021e-05,0.0003603566437959671,0.0002465383230982193,7.398121376520073e-05,0.0004317956045269966,0.0005355322326388579,6.852972809823568e-05,0.0005133803933858871
1991,0.00029288995795785644,0.00014051467131067155,0.000180036760866642,0.0002375542172967232,0.0001760896828589993,0.00034567248076200485,1.3334004341680056e-05,2.667787746820857e-05,2.687796950340271e-05,3.559793906252051e-05,0.00020339211492530207,0.000375417061150074,0.0004749080869495548,0.0001761608166915632,0.0001300005242228508,4.8726858999897926e-05,0.000284888393773693,0.00041254423558712006
1992,0.0002605903182699293,0.00014842628641670297,0.00021387171000242233,0.00016537487563043907,0.00015619235426440545,0.0003643631935119629,2.6327098358171902e-05,1.2859073892316684e-05,1.5545636415481567e-05,0.00022233198289331457,3.1103612172699024e-05,0.00029697641730308533,0.00013653250706445463,0.00010213843983115922,0.00010329019278287888,0.00047137528355548075,0.0002399213404499674,0.0002380814403295517
1993,0.0003286718181007703,3.7606577351897985e-05,6.66491687297821e-05,0.00034441117035516333,6.212853107828015e-05,2.9552727937698364e-05,5.410629732468392e-06,1.2254149972752595e-05,3.5241246223449707e-06,7.754871061396718e-05,0.0002903622167912817,0.00012946128845214844,0.0005684971271763817,0.0003480854686016832,6.212573498487473e-05,0.0004552522084210475,0.0001498711198600674,0.00016220659017562866
1994,0.0003917914215425672,0.0002367681302122178,3.6930665373802185e-05,3.865379148998427e-05,0.00023139415336032726,0.00015770085155963898,8.553668044176954e-06,2.865488113550866e-05,1.985207200050354e-05,0.00028340167603385646,0.0006565823450377303,4.6401284635066986e-05,0.00016815004188153182,0.0004885630282078883,0.00029020197689533234,0.00012085895059466001,0.0004312089645349144,0.0002971496433019638
1995,8.915589057999218e-05,0.0002811595865668051,0.00014104973524808884,5.7856215145035694e-05,0.0002486993219967433,4.263501614332199e-05,1.6238053953765083e-05,2.0642209693786935e-05,6.854534149169922e-06,0.00014484463178524032,0.00012839196724814816,0.00034777913242578506,0.0001721117666151767,0.0003163452159024062,0.000258750282227993,0.0009043738104126953,0.0002914247841536103,3.0837953090667725e-05
1996,0.00024622599813822754,8.35749570939591e-05,1.656077802181244e-05,0.00022439513944612355,3.0152956829378186e-05,1.2116506695747375e-06,1.2828056551162509e-05,8.660041129275402e-06,8.959323167800903e-06,0.00035476384413482553,2.4206793892783685e-05,0.00027779024094343185,0.0004295387763291886,0.0002813254758188728,0.00026110652834177017,0.0007069741629856796,3.074764260475697e-05,0.0005003530532121658
1997,0.0007232079867571656,0.00034306899623907927,0.00016248971223831177,0.0005576241238746532,0.0002868776483806179,3.866851329803467e-05,4.260415532602625e-05,7.848650324529223e-06,5.4508447647094727e-05,0.0007476242222825141,0.00029814549902546644,0.00032031023874878883,0.0006649785279249226,0.0002272430237032809,0.0005030957981944084,0.00017119182198294114,1.2938986390960763e-05,0.0005387421697378159
1998,6.900315021445003e-05,0.0005859941557551408,0.00011915527284145355,0.00015170199123216987,0.00022637031960702839,0.00011283718049526215,1.396289424708888e-05,3.433473523826048e-05,6.393715739250183e-05,0.00011602481670279496,0.0003733382571329963,0.00043097324669361115,0.00018347008686074584,0.00030057094393040606,0.0007181260734796524,0.0001192978787117327,0.0004712346322882418,0.0012991540133953094
1999,0.0001061706825734865,0.0005034041982437711,0.00017526280134916306,0.00012684303499801985,0.00017540726462171932,2.012774348258972e-05,7.5667840352695165e-06,2.987237729818544e-05,3.100186586380005e-05,0.00011721679348786207,0.0004511062922987752,0.00013540172949433327,0.00026664138539489457,0.00033927786919697375,0.000356270931661129,0.0005657872794813945,0.0003885199840584618,0.0006914436817169189
2000,0.00015662023443926976,0.0002711875256970614,0.00019430648535490036,0.00010264931535980404,0.00014359986957239446,0.00037946272641420364,5.679682801570246e-06,2.036444008438889e-05,1.8090009689331055e-05,0.00044995800955408005,0.0002718335327581839,0.00028567714616656303,0.00010079167255823418,0.0003089128374228166,6.416719406843185e-05,0.00023923999539707252,0.0003110651007227367,5.6976452469825745e-05
2001,0.0005206238545711894,0.0001503615124965746,0.00028597842901945114,0.0005879606595570741,0.00016599664757484603,0.0005503213033080101,3.1229715966515914e-06,2.598175569153247e-05,2.4531036615371704e-05,0.0009758674629372355,0.00014211401118171402,0.00021884171292185783,0.0006242815903720472,0.0004912464388033971,0.00015465915203094482,0.0011511848464998697,0.0005287052987851485,0.0003738477826118469
2002,0.000529837020807708,4.87014467866545e-05,0.00014435872435569763,0.0003268580555791101,6.004520557856968e-05,0.00016221962869167328,2.3774630409359107e-05,8.992954629845427e-07,2.2269785404205322e-05,0.00042529962254680975,0.0003571566161884518,0.0002880445681512356,0.00023984533624397952,3.109092858861323e-05,0.0002523427829146385,4.0085009152757145e-05,1.300478043191923e-05,0.00014827214181423187
2003,0.0001340721765996783,1.6350238699145564e-05,0.00017580948770046234,3.827934891162399e-06,7.273694759122803e-05,0.00012687873095273972,1.5121453583509178e-05,1.3584137859574854e-05,2.744048833847046e-05,7.498836067293402e-05,0.00026786633945175,0.0001508002169430256,6.299948125018662e-05,0.0003601074043765029,0.00020383205264806747,0.0006366577777897897,0.00025261635384084095,0.0005148779600858688
2004,9.134659323942196e-05,9.634520962236923e-05,5.033239722251892e-05,3.573358815880945e-05,0.0002164521269111333,0.00011149421334266663,1.3412982641800367e-05,5.525588053272024e-06,3.077089786529541e-06,0.0001394028328708663,0.00011896493521073442,5.587609484791756e-05,0.0003984342898150084,7.408665705005771e-05,0.0001245317980647087,0.00019732215310405699,0.0001323729032281385,0.0002742670476436615
2005,0.00020230433668227965,0.00010769578946563663,0.00014656595885753632,0.0001273912489288126,0.0002499103109438912,0.0002131238579750061,6.300771325562678e-05,7.277977462209241e-08,2.3130327463150024e-05,0.00041560637429566283,0.00024234466896789347,0.00020726770162582397,0.00033465916067354495,0.0003383208230131919,0.00012560654431581497,0.00040330348858766407,3.2042368998657506e-06,0.00040076859295368195
2006,0.0001126538118178394,0.00020459875814424905,0.00022564828395843506,0.0006949843169607173,0.0005302634631308319,0.0003661252558231354,9.450943832492106e-05,1.0107730455231217e-05,1.817941665649414e-06,0.0001053037765701842,0.0005783664944054578,7.103336974978447e-05,7.69452013904548e-06,3.900627218767633e-05,0.00027362164109945297,0.00019043380857555747,0.00022578512688137264,3.528408706188202e-05
2007,0.00014169009005185473,0.00010209888098784009,4.948396235704422e-05,0.00042124542359837924,0.000408101621395502,5.976855754852295e-05,1.2203842034293547e-05,2.347479525501852e-05,1.6316771507263184e-05,0.0003845112297877623,0.0002758156188997843,1.2839678674936295e-05,0.0004512655482710043,0.0006461651854440462,0.0001444583758711815,0.00044735198033560297,0.00033298282217510133,0.000186210498213768
2008,0.00011382844132715175,0.00011830012267772388,9.267870336771011e-05,8.950126934702263e-05,0.00019163925984034408,0.00010628532618284225,6.173003375029365e-06,1.2489247471397184e-05,2.2631138563156128e-05,0.00010684965618670828,0.00015781538303247244,0.00027545448392629623,0.00024660615162176713,0.00033141636839492325,0.0003046086058020592,0.0004773781165521851,2.0568744387303856e-05,0.00044294074177742004
2009,6.467097225933138e-05,1.1139911406207736e-05,0.00016588997095823288,0.00037509422744569365,0.000164256723098586,8.328445255756378e-05,2.3728267349944904e-05,2.392420890859055e-05,1.7799437046051025e-05,6.81073480065103e-05,0.0005906010226275696,3.524264320731163e-05,0.00044137405653446593,0.0006334728886655261,0.0003263261169195175,0.0002043226707118262,0.00018485896664975805,0.00035335496068000793
2010,0.0003064116127309696,0.0001404371398728982,0.0002500675618648529,0.0004321900692203229,5.943853497459434e-05,5.5653974413871765e-05,5.385853766547155e-07,8.703064402012899e-06,1.2882053852081299e-05,0.0005978483629212328,0.0008003993337403828,0.00018128519877791405,0.0006302271827791917,0.00021790544413244697,0.00010440405458211899,0.0002459264544827644,5.119556455813849e-05,0.0003490578383207321
2011,0.00032147781105160145,2.6026430465411754e-05,0.0003440491855144501,3.3162674483569465e-05,0.00011912633929189037,0.00021652411669492722,5.219427154106067e-05,1.3806969369048135e-05,3.363192081451416e-05,0.0003434491599388356,0.0002148976189131832,0.00022193975746631622,6.393199685635065e-05,0.00026473181237286064,0.00041752588003873825,0.0005335288100725977,0.00020272610929900937,0.0005903001874685287
2012,0.0016825861767387346,0.000461100627687408,0.0005164826288819313,0.000734263434087834,0.00026374702815299897,0.0005173217505216599,2.7726999735118094e-05,8.51067954338162e-06,6.895512342453003e-05,0.0008553604291411249,3.90756587723487e-05,0.0005422970280051231,0.0007379365412185368,0.0003845241620563447,0.0005801310762763023,0.0011676541559012266,0.00010124238221740495,0.0010060220956802368
2013,0.00040864100295104344,5.6480053099178945e-05,0.0001363717019557953,1.0277155620477818e-05,0.00017523917522701757,0.00021399464458227158,1.4805177375048356e-05,1.5450808652231625e-05,2.9962509870529175e-05,0.00038147158974652373,0.00011532350306651257,0.0004944507963955402,0.00045571425837670487,0.0005233330820724295,0.0003899708390235901,0.00021458118014927585,0.00018508188912171736,0.0004273541271686554
2014,0.000140135817458642,7.555833963001843e-05,0.00011874362826347351,0.0003340547642879249,3.215141436286803e-05,0.0001588268205523491,1.1864550807405214e-05,5.570456791093546e-07,1.4543533325195312e-05,3.625707072987816e-05,0.00034804313979049095,3.71844507753849e-05,0.00022448890875287342,0.00014974964430657448,1.4175660908222198e-05,0.000329497035766374,4.284796557735629e-05,0.00029984861612319946
2015,0.0001522459605876464,0.00013291628540278155,2.1152198314666748e-05,0.0002510202456717098,9.091811143792025e-05,4.831142723560333e-05,1.14153290600022e-06,5.149966712102595e-07,2.853572368621826e-06,7.075137790295283e-05,0.0002476431457445402,0.00015353970229625702,0.0001481631769593983,6.762469644449459e-05,3.833044320344925e-05,0.0001798146462588246,6.982995119091812e-05,8.356571197509766e-05
2016,0.00024531382572381966,9.466024919171923e-05,2.606026828289032e-05,0.0001773132191992821,9.183238761644591e-05,3.149546682834625e-05,8.220197031444734e-06,3.88870682234779e-06,4.198402166366577e-06,0.00014884814343087138,0.0004334168857895032,8.538318797945976e-05,0.00045200956345634036,0.0003884228996539861,9.667128324508667e-05,0.00010163258489212512,8.570969092353518e-05,3.6446377635002136e-05
2017,0.0005823653380833543,4.2471067809649043e-05,7.545016705989838e-05,0.00030097450930414993,6.757223451545405e-05,0.00010093115270137787,4.5471710524524686e-05,4.724791725059757e-06,1.593679189682007e-05,0.000248703518116275,0.0006157401333076462,0.0002138097770512104,0.0005386208869375686,0.00025893263908068065,0.0002552466467022896,0.0003529411841886043,0.00014548578999715352,0.00031724944710731506
2018,0.0004229629875009411,0.00011495999490623507,4.5248307287693024e-05,0.00015887087737063987,0.00019159452189976972,9.573716670274734e-05,1.5953519205592556e-05,2.882473930878465e-05,4.820525646209717e-06,0.0006275184211574497,0.00016053374527685849,8.701113983988762e-05,0.0003896568333838085,0.0002894133923337511,8.135475218296051e-05,0.000212447502515839,0.0005523218973070929,0.00025827810168266296
2019,0.0006762066407642875,4.179382591217029e-05,0.00015716813504695892,0.00017402318241944992,0.0001959017665534267,8.02166759967804e-05,9.744978003890445e-06,8.18467980989192e-06,2.0597130060195923e-05,0.00031134317732410544,0.0004289722072296845,0.00012766988947987556,0.00017575856593694816,0.0005457911974535989,0.0002353200688958168,0.00047024267807260767,0.00022343527730009187,0.0001545008271932602
2020,0.000883097190990334,0.0006434888112096526,3.1251460313797e-05,0.0006141346879950521,0.00016088986647676273,0.00016962923109531403,4.729848656036262e-07,1.7333026546056387e-05,6.545335054397583e-06,0.00013770473877007527,0.00043174006171114304,5.858438089489937e-05,0.0004999264904180373,9.894054298909341e-05,0.00012671668082475662,9.15089383076162e-05,0.0003572076454298849,2.584792673587799e-05
2021,0.00015989343445241277,2.0125064786366553e-05,0.00011375732719898224,0.00011071802432535693,0.00011521626099384938,5.39952889084816e-05,3.768108591043623e-06,1.0540716488265382e-05,4.231929779052734e-06,6.671945444930438e-05,0.0001056251726635829,0.00016647204756736755,0.00023239225687606002,8.71353024577276e-05,7.534027099609375e-05,0.0002828463389535629,0.00011474603197490774,0.00015241466462612152
2022,0.0003635081557943204,2.5074797851618036e-05,8.743256330490112e-05,0.0002524121371216548,5.9484163826173386e-05,0.0002074670046567917,2.094782203277204e-06,1.2155046684722082e-05,8.083879947662354e-07,0.0007244868855417474,0.000310791806312119,4.566367715597153e-05,0.00038185874468248115,9.100019330989667e-05,0.0001378050073981285,0.0005307777700139238,0.0001370942371936388,0.00015852786600589752
2023,0.0004113700956265426,7.293343923409079e-06,0.00017595477402210236,0.00046192739650663395,0.0001453922797699271,0.0001558437943458557,3.908242858014464e-05,6.496920282613068e-06,7.577240467071533e-06,0.000639290009795096,0.00021938494217252358,0.00019348040223121643,0.0003667059389718119,0.0005936471261389284,0.00019261427223682404,0.0003528215935270085,0.00011114634081322954,4.7383829951286316e-05
2024,0.0004394893740467115,7.164776721740526e-05,3.7278980016708374e-05,0.0002936328780223235,0.00020307473429658982,4.974193871021271e-06,2.813309530438554e-06,7.5809172552249865e-06,2.462044358253479e-05,0.0003222109691427,0.0001644430025566218,0.0002715825103223324,0.00038341679103141846,4.5163838062099726e-05,0.00035053491592407227,0.00014872099231041935,0.0002409837313436594,0.00038871169090270996
2025,0.000345147195785267,0.00029141599879448435,5.32492995262146e-05,0.0006056655802223337,7.65309927843634e-05,7.473677396774292e-05,5.0714878402980876e-05,1.0913657547326466e-06,1.878291368484497e-05,0.0006079541889177642,0.0005424821375828656,0.00023252051323652267,0.0006653873754070561,4.457474731300176e-05,4.9845315515995026e-05,0.00024410643573438695,8.47844417797717e-05,0.000309942290186882
2026,6.362996996822634e-05,0.0001420716603174471,0.00014776922762393951,9.515181821061203e-05,6.852108933011469e-05,0.0001072445884346962,2.5213219707869577e-05,6.204364759331352e-06,2.1941959857940674e-05,0.0003643913371460805,0.00011812598179848643,4.24911268055439e-05,0.0003349278156174751,0.0002777038900937702,9.379815310239792e-05,0.0002000528684371894,0.00011989341252122664,0.00047942064702510834
2027,0.0003410579788995366,0.00019553156354100432,0.00018881447613239288,0.00036257825204201455,0.00011818454091856376,4.592817276716232e-05,2.269501730965337e-05,1.7556398215668183e-05,3.245845437049866e-05,5.783886416844963e-05,0.0006658067404042636,3.272527828812599e-05,7.069623142165471e-05,0.00043166605676892705,0.00018946174532175064,0.00023729743072012366,0.00037781842084522177,0.000627586618065834
2028,5.0412561340584805e-05,2.2404449428907458e-05,8.803233504295349e-05,1.0918723168454325e-05,2.1418716600669907e-05,6.588641554117203e-05,3.443463054656794e-05,1.863731390131006e-05,4.548579454421997e-06,0.00011295729149893297,0.0003958853540964591,0.00016875378787517548,1.7582549635630773e-05,0.000219090198678374,2.3669563233852386e-05,0.00023032788796326087,0.00026459286653762737,0.00011789239943027496
2029,0.0005832340951030246,6.0607196805138874e-05,0.0002864627167582512,0.000673111579934535,9.604381910335164e-05,0.00028200726956129074,1.7474746156804707e-05,5.167278993425083e-06,3.9715319871902466e-05,0.0006101663403157986,0.000490178535523321,0.00039990153163671494,0.0006375926859319703,0.00012802691052975212,0.00044412072747945786,0.0009376665751930358,2.5427403601289283e-05,0.000509629026055336
2030,2.9680735998127705e-05,2.5384308262554195e-05,0.00014232564717531204,0.00025270965307983007,3.120324699559113e-05,0.0002508601173758507,2.701183375910729e-05,4.993589352423862e-06,2.7127563953399658e-05,0.00016558455374907077,0.0003213859783266701,0.0002951454371213913,0.00032252892374412534,0.0001827060928930313,0.0002057170495390892,0.0002293619849443318,1.3224813673041319e-05,0.0002576187252998352
2031,4.4096786609548744e-05,0.00011227995392057086,0.00017525255680084229,0.0001034612882460928,0.00024315224046535938,0.00011269468814134598,2.3288227519640062e-05,3.364415260407932e-06,5.334615707397461e-06,5.837113137957539e-05,0.00023385040751209424,0.0001318538561463356,1.4808635596372244e-05,0.00017874575046041008,8.51871445775032e-05,0.00019560759637643477,4.110883461890327e-05,1.8363818526268005e-05
2032,0.00036750154672002266,5.009652816788043e-05,2.7952715754508972e-05,0.00020320247325082696,9.241371590571965e-05,4.257075488567352e-05,2.835912604342433e-06,3.37899223048989e-06,3.3229589462280273e-06,0.0007041785751681212,3.487779199531221e-05,2.399645745754242e-05,0.0007673880140995071,0.00030734868439443244,1.2870877981185913e-06,0.000269795179113852,1.4004921667604836e-05,8.60355794429779e-06
2033,0.00011067855742952215,0.00010622675670558801,1.5595927834510803e-05,0.00039057460583859227,5.989522961835983e-05,1.2098811566829681e-05,2.5455196323366167e-05,2.654591873706884e-07,1.4182180166244507e-05,3.292797898483968e-05,0.00021593251267535557,0.00018757907673716545,2.9676632037650696e-05,0.00024117716066189218,0.0001836773008108139,0.00022188779995113705,2.8195327912186943e-05,0.00043797679245471954
2034,0.00010695283007967904,0.0002159996800187372,0.00016060099005699158,0.00026816685888841896,8.155915216942478e-05,0.00037208758294582367,6.98384016887578e-05,2.42555135835619e-05,2.9802322387695312e-06,2.495856066327129e-05,0.00019236824859293622,0.00010077748447656631,0.00017084929969785057,0.00024585153192018677,0.00021072663366794586,0.00016684668699831762,0.0005118808137450012,2.9336661100387573e-05
2035,7.282232351862872e-05,0.00010408594284330719,8.741393685340881e-06,8.984282052372505e-05,1.4951128600764613e-05,0.00013141613453626633,1.6782319835739398e-05,1.958833125958212e-05,1.998618245124817e-05,0.0006462081339730502,0.00019703710465565627,0.00041281990706920624,0.00025494266797038145,0.000281876707870634,0.00021419674158096313,0.00038877151890620576,0.00029363353977423373,0.00033352896571159363
2036,7.992254914908348e-05,0.00022100402146621803,0.0001225639134645462,0.00035845275701457124,5.994507325127532e-05,6.134621798992157e-06,1.8142344072966804e-05,1.494775740703972e-05,9.100884199142456e-06,0.0003176685709178062,0.00015266024596743283,7.734820246696472e-05,0.0002623086028190058,0.0005648942767132042,0.00024841446429491043,0.0002806329914566419,0.00014853191627308554,0.00041726604104042053
2037,0.00046994217838865204,0.0004998790363414975,0.0007438510656356812,9.887815324402527e-05,0.00021048546863960613,0.0008453885093331337,0.00014184782113308737,3.174498404974078e-06,9.001791477203369e-05,0.00019949024063330156,4.689715374350811e-05,0.0009306562133133411,0.00019734164552123734,0.00025353454906756195,0.0007236050441861153,0.0002762042240807838,0.0001667286449872369,0.0017688721418380737
2038,0.001312602195589499,0.000225445135867499,0.0003190618008375168,0.00018926535451309345,0.0008048288690358368,0.0007847659289836884,0.0001477724998116478,5.022189636648519e-05,2.5503337383270264e-05,0.0002493114061825896,0.0011141824606971315,0.000740682240575552,0.00011037556421343575,0.0006983188312560465,4.8587098717689514e-05,0.0012256036531500258,0.0009463018049985523,0.0010760147124528885
2039,0.0008109171697603806,0.0003788384861370224,0.00030213408172130585,0.0011581051572422674,2.4956591941658474e-05,0.00037809740751981735,8.385021855435333e-05,4.474405589630862e-06,5.736947059631348e-07,0.0009689132065065359,0.00011864569910913919,0.0001773531548678875,0.00022688677364895993,0.000569572198499374,0.00012795999646186829,0.00016243756353004346,9.627777793300152e-06,0.00024487078189849854
2040,0.0004299090778018405,9.739474300745829e-05,0.0005232077091932297,0.0004999456541394526,2.4391936698727607e-05,0.000577080063521862,1.68267736096097e-05,1.2985477746706641e-05,6.865710020065308e-06,0.000856192074359316,0.0007037771676449631,0.00031715258955955505,0.0008458808705658766,0.00028829703695570225,0.0003664931282401085,0.0016799020508072027,6.1722120838879e-05,0.000531855970621109
2041,0.0005280867913005777,5.866987701638737e-05,0.00019609741866588593,0.0004789428969473736,0.00019865082587468622,0.00037468038499355316,3.497875039915575e-05,1.3058735929164216e-05,2.026185393333435e-05,9.036670114678791e-05,0.0009929191897984427,0.0003349892795085907,0.0004831334437153667,0.0001185714876522706,0.0006033368408679962,8.270775270857733e-05,0.0002507173278288727,0.0005345847457647324
2042,5.23569700552895e-06,8.611751100495377e-05,0.00018697232007980347,0.00013291716204588688,2.315363877703619e-05,3.287196159362793e-05,5.397441303209641e-05,1.6093100968966488e-05,2.7973204851150513e-05,0.00022137827453404257,0.0003797381004016012,0.0001484248787164688,0.00020852480583731514,0.00041065908678802193,0.0003136582672595978,0.0001857757641999802,0.0003005757695837951,0.0007054843008518219
2043,0.0007181013916850165,8.160836200258106e-05,0.0001529492437839508,0.0007430394217537856,4.411831202091529e-05,0.0003677336499094963,1.0457786939793018e-05,2.7774789453853792e-05,1.4182180166244507e-05,0.00037953747967495177,0.0006182686020329287,0.00021235179156064987,0.0006002676698799725,0.0005426130549473253,0.0005104625597596169,0.0006747849939192918,0.0004983342965784385,0.00036210566759109497
2044,4.073874071380823e-05,0.00019695282423901755,0.0002232622355222702,0.00018328933579996043,0.00018708524322685535,0.0003736773505806923,5.5316655193036676e-05,1.3414458251138428e-05,3.2275915145874023e-05,0.0002589319174597787,0.0006543289384120798,8.854921907186508e-05,3.9747802171238855e-05,0.0003736761873666984,0.00014245696365833282,1.2366305070704575e-05,0.00018693855214996745,0.0005691573023796082
2045,0.00012265379935721965,2.1979098848233514e-05,0.00011926516890525818,0.00024382819869957217,1.4379216991083216e-05,0.00021507218480110168,9.72117960656993e-07,2.9663162294104673e-05,1.12093985080719e-05,0.0001708117423579597,0.00026339218073625353,0.00031113438308238983,0.00010335925165742832,0.000541380178035171,0.00016120076179504395,0.00024316573403471153,0.000541966853423571,0.00013338588178157806
2046,0.00020802562871535812,5.7682562720047514e-05,4.159100353717804e-05,0.0004184196077773872,0.00014062293609865342,0.0001378888264298439,1.3982137252165419e-05,1.4500061934401049e-05,3.511086106300354e-05,0.00037799555187248424,1.3941424909028055e-05,0.0003234315663576126,0.0003133750508682448,0.001004385717470014,0.0001799343153834343,0.0003852410201382328,0.0002311848807043642,0.00038968026638031006
2047,0.00015653409800697737,2.1859878813340616e-08,3.783963620662689e-05,0.00023627692862678018,0.00016722614899771643,2.0168721675872803e-05,1.9906545189079736e-05,1.0940063940391691e-05,1.2449920177459717e-05,6.28444848538301e-05,0.00011635719175365905,0.00020104367285966873,0.00014544307889569064,0.00038748893071834795,0.00011222716420888901,6.457539046902938e-05,0.0001672190961469755,0.00010110810399055481
2048,0.0004898134713463981,1.4732272790755202e-05,0.00013330206274986267,7.605795124067394e-05,0.00010569914121971377,6.718747317790985e-05,8.198232664426847e-06,5.092750043340097e-06,1.4569610357284546e-05,0.0004320754615967787,0.00012340699243396092,1.079123467206955e-05,0.00021238429638464895,0.00010263439360244653,9.646732360124588e-05,0.0003886994679875577,6.11539661904241e-05,0.00012894906103610992
2049,0.00023360203547061198,5.023528961381821e-05,6.0284510254859924e-05,0.00021236760997568604,7.987323463762991e-05,9.463727474212646e-05,1.761616333260073e-05,1.000709596370164e-05,8.07642936706543e-06,3.399990588472124e-05,0.00026248524076480373,0.0001652901992201805,3.938897585749335e-05,0.0001165782245103747,0.00023416895419359207,0.0001653576679290225,0.00022444943900454609,0.00010376051068305969
2050,0.0005213004421767281,6.196315341048392e-06,7.125921547412872e-05,0.0003087531478111055,7.568997118375526e-05,9.965989738702774e-05,3.1636996295951805e-05,2.490043142989681e-06,1.2464821338653564e-05,0.00028016376968355294,0.0002024390933172554,0.00018683914095163345,3.295124911610603e-05,1.8441209702690226e-05,0.0002672327682375908,0.00010101088115282986,2.3984552876867016e-06,0.0004113540053367615
2051,0.002049296051788302,0.00029926259492655746,0.0004948396235704422,0.0013499260269728697,0.0010914563641722594,0.0013507399708032608,0.00017898336886144547,5.419909733618772e-05,4.135072231292725e-06,0.00028381795347863503,0.001039328131637339,0.0003583775833249092,0.0003165632994303752,0.0007846728342704376,0.0008940687403082848,0.00040163417816538316,0.0010917601087557256,0.00020946376025676727
2052,0.001123955655639261,0.0004691824296902333,0.00018228217959403992,0.00103340052049479,0.00016126870270838367,0.0003809332847595215,0.00016931224511837657,1.73696886408087e-05,1.5955418348312378e-05,0.0006877464394937083,0.0006365866231424003,0.00028128549456596375,0.0006545879107850705,0.0007652651385839024,0.0005690818652510643,0.001019807919284882,0.00027366117340854937,0.0005249008536338806
2053,0.0005903812691613053,0.00014581596389279944,0.001284601166844368,0.0012700186003548886,0.000516689283591009,0.0011657020077109337,9.088430841229511e-05,3.0337119703589994e-05,9.539350867271423e-05,0.0006092124015101424,0.0009083210847441736,0.000798393040895462,0.00027683447579571197,0.00019138855619767886,0.0008377917110919952,6.736518473421382e-05,0.00018856117551483385,0.0018261298537254333
2054,0.0005105198593794991,2.0280711402486523e-05,9.996630251407623e-05,0.0004275319781431308,2.9425516673991375e-05,9.88515093922615e-05,1.9366615341225718e-05,1.1161566418906553e-05,1.3716518878936768e-05,0.00018067751465886128,0.00020573726938124398,4.3169595301151276e-05,0.0004396267641519347,0.00026844205448289804,6.98314979672432e-05,0.0004040367659581823,0.00025593478455669845,0.0002916306257247925
2055,0.00025821480716116396,3.9635163640503596e-05,0.00020430702716112137,0.00027334387445548947,2.364180291095433e-05,0.0001477254554629326,6.791765272608045e-05,4.009471925044421e-06,2.551823854446411e-05,0.00023301735402059265,0.00021285023905703165,0.0001349826343357563,0.0004837831567606199,1.2449084510694763e-05,0.00021526124328374863,0.0005233400851411274,0.0001131784268059554,0.0005212817341089249
2056,0.0006545586214934673,4.133024066521607e-05,8.45734030008316e-06,0.00025728633235438947,0.00026329858071049914,2.804212272167206e-06,5.455709919877788e-06,1.1101866205101367e-05,1.6961246728897095e-05,0.00014373474814799447,0.0001567814730237399,0.0003248038701713085,0.000305275348387854,1.2489702471172454e-05,0.0003637252375483513,0.00041022933209869383,9.380314961986679e-05,0.00016818195581436157
2057,0.00036306287952898864,9.088607534081874e-05,9.229779243469238e-05,0.0002394518819581748,0.00015760027362429763,6.872136145830154e-05,1.258769984624486e-05,8.409100723148159e-06,1.6402453184127808e-05,0.00011581839759000623,0.00014725707861815845,0.00033462466672062874,0.000249476036705068,0.00041803952567512695,0.00031583476811647415,0.0003385459057973772,5.156345036609958e-05,0.0004950892180204391
2058,0.0007240222735555857,6.783808526292928e-05,0.00026692263782024384,0.0002456161325611883,0.00021735605054994458,0.0002095922827720642,6.6854081859357706e-06,1.7377666381702484e-05,7.517635822296143e-06,0.00036075336643044686,5.786147907323874e-05,0.0001091579906642437,0.00037798369368410856,0.0004589319972915472,4.848930984735489e-05,0.0002065935138990671,0.00022833466232735286,6.996467709541321e-05
2059,0.0007177012418215917,0.0005653698297745577,0.00016808230429887772,0.0004653675494283027,0.00031786528485982027,0.00017868075519800186,1.599493602488615e-05,7.305497564383126e-06,8.068978786468506e-06,0.0002097617638917304,0.000282673234681341,0.00015428662300109863,0.00020570036679812276,0.0005079103888040448,0.0001341402530670166,0.00018728755471139613,0.000197592241213922,0.0002188459038734436
2060,0.000522098213624908,1.262269165061558e-05,0.00021712668240070343,0.0002761828861577026,4.5331753352272075e-05,0.00025350693613290787,1.4762856645911954e-06,9.893903826209047e-06,2.0802021026611328e-05,0.00040607178941186317,0.00011235842158065917,0.0002093939110636711,0.00048108153407368237,9.32686330774174e-06,0.00014573615044355392,0.0001958199727204457,8.788090243605322e-05,0.00044658780097961426
2061,2.356221689968352e-05,2.8991411093554076e-05,0.0001532742753624916,0.0002846296125785519,0.00012115686588571456,6.81951642036438e-05,3.023300328511974e-05,4.025981666691027e-06,3.3564865589141846e-06,6.951488546043383e-05,0.0003491203878043733,6.522191688418388e-05,8.954285972052889e-05,0.00013094954626920174,4.03551384806633e-05,1.691275426288219e-05,2.031656161187445e-05,0.00018570385873317719
2062,0.0003165227348307931,0.0002782388711052679,3.543402999639511e-05,0.0002728038273813044,9.057385156539463e-05,0.00010180845856666565,3.870484337831388e-05,1.4880510477075968e-05,2.0526349544525146e-06,8.255216050148673e-05,0.0007435921282008401,0.00014390144497156143,0.00026006925032914796,0.00011671129431519225,0.0002769455313682556,4.987823910285183e-05,0.00025451035443822476,3.442727029323578e-05
2063,0.0002995746197274468,0.00013084844289580622,7.435772567987442e-05,0.00017684497388564813,0.00021919183899771558,3.8941390812397e-05,4.5350412109452024e-05,1.1736722715030112e-05,1.0486692190170288e-05,0.0002662057393393452,6.872239527496576e-05,7.618218660354614e-05,0.00038846416156530783,0.00020163097818811163,1.4670193195343018e-05,0.0008783803017042568,0.0002334820889645789,0.0002024862915277481
2064,0.0005696682453408125,6.013007592704789e-05,3.7754885852336884e-05,0.0005078631622161961,0.0001557186405790542,4.8640184104442596e-05,1.053761116150305e-05,1.4941769410181487e-07,2.6710331439971924e-06,0.0006307786580329183,0.00027132960745857027,0.00011681672185659409,0.0009414232813965834,0.00011150486961074291,0.00023950915783643723,0.0008994661896760958,2.9487568020347688e-05,4.417449235916138e-05
2065,1.4083947734652713e-05,3.6091769241609895e-06,6.628315895795822e-05,0.0004374149080883377,8.274782212453619e-06,0.00013518333435058594,2.810350937827895e-05,9.666254051541711e-06,1.0408461093902588e-05,0.0002707103360895663,0.00025476277947704407,0.00012648478150367737,0.0003109188424940956,1.1580821131597363e-05,0.00021709967404603958,2.6956871749389544e-05,0.00015060669676312047,0.00023133307695388794
2066,0.00023861301524112644,4.313228567712213e-07,7.192883640527725e-05,0.0001295856592073985,0.0001284489970173712,0.00015024375170469284,1.3553963746913353e-05,3.7292481211014146e-07,3.7141144275665283e-06,5.3773884030119956e-05,0.00013818610948659188,0.00011850008741021156,0.00015068501902387732,0.0001914010785595381,0.0002582985907793045,0.0003179742070449354,7.117918306697411e-05,0.00025147758424282074
2067,0.0012241638484741246,0.0005629997618400301,0.00016705412417650223,0.0002009621018112112,1.1931213461612716e-05,0.00010970234870910645,2.8900980300814588e-05,6.315226010357249e-06,3.242865204811096e-05,0.0002350606479557399,0.00037457245747903045,0.00020493660122156143,0.0005813496491625381,0.00035490698714005925,0.0002674004063010216,0.00034608365348487435,0.00011912977254227228,0.0006103180348873138
2068,0.00028180133379004935,5.133639938917009e-05,7.18235969543457e-06,6.651004030421015e-05,0.00017838471375331358,0.00014093145728111267,3.3113854024678646e-05,3.358882149241487e-05,1.3843178749084473e-05,0.00020247856914908102,0.0006718240995685493,9.958166629076004e-06,0.0003419361702214907,0.0005672197445433895,0.00022002682089805603,0.0003056201377716894,0.0005242884889208096,0.00024729780852794647
2069,0.00017171289859720107,0.00015962453009391725,0.00029567349702119827,0.00010244177836600532,0.00010182128099540944,0.00022579170763492584,4.368649214728064e-05,8.894528868151814e-06,4.7460198402404785e-05,9.304382292761593e-05,0.0002186810004206688,0.00035736244171857834,0.0002297925122144301,0.0002810334688932263,0.00043610576540231705,5.3391133384372846e-05,0.0003227723021673387,0.0010212436318397522
2070,9.361094214112298e-05,2.3785437253072417e-05,2.3142434656620026e-05,7.4326662530543874e-06,2.2939990251300696e-05,6.69499859213829e-05,7.351986517139739e-06,6.2085292982238e-06,2.1964311599731445e-05,0.00020076588487254188,0.00034174759985269865,0.0005243462510406971,0.00035486456509443987,0.0005182940906790987,0.0004373537376523018,0.0005033747540935662,9.512593559029767e-05,0.0006147455424070358
2071,0.00024575532691167856,5.445086297301699e-05,0.00010301079601049423,0.00015717674997663134,1.2431860673175338e-05,0.0001104697585105896,8.43914086283773e-06,7.40320429186707e-07,3.125518560409546e-06,0.00012132425010641379,3.021625930203775e-05,8.649798110127449e-05,0.00021877471109338353,7.675507893400643e-05,0.00011369306594133377,0.00036232464814128784,3.068855506288201e-05,9.528547525405884e-05
2072,0.0002744919763470466,5.3995095467315735e-05,0.0002722572535276413,0.00013421222466390714,1.644120762944387e-05,0.00019220542162656784,2.998347910782191e-05,5.986398323226108e-06,2.8558075428009033e-05,5.2586020951039814e-05,0.00015227273814208409,0.00028913049027323723,6.758371376605621e-05,2.9755645034736794e-05,0.00037594232708215714,0.00041220578104994576,2.2721802211207037e-05,0.0007538013160228729
2073,0.00018784277494098,1.6187434316916605e-05,2.1687708795070648e-05,0.00014745270873584015,0.00012298062403881885,3.930181264877319e-05,1.848077034283073e-05,1.6431875856437093e-05,2.3853033781051636e-05,3.053749343545631e-05,0.00029037372797755673,0.0005086017772555351,0.000166802055922316,0.00018764758387274788,0.00040904246270656586,0.0002312644232186356,0.00013164045049749232,0.0003341585397720337
2074,4.842385531624027e-05,0.0001349127537314601,0.0001619141548871994,3.506987227139269e-05,1.5065534070268782e-06,0.00020234286785125732,8.798798700852817e-06,1.1189636899929054e-05,1.619383692741394e-05,0.0002301496454289731,0.00010369877378318265,0.0002264152280986309,0.00017074084837227776,0.00013496242990000337,0.00027799513190984726,0.00035345958441648784,0.0001424932588258484,0.00044061988592147827
2075,0.00021517719244230904,0.00011583138187298836,0.0001379856839776039,2.0153693150920526e-05,6.475064593151544e-05,0.00010409485548734665,2.8940581922314024e-05,7.7752252036048e-06,1.7192214727401733e-05,0.0004348980668284069,0.0002787610728684012,4.3676700443029404e-05,0.0002897176618164715,6.542842537624396e-05,0.00010932423174381256,0.0002583194962599289,5.438646315916902e-05,8.200854063034058e-05
2076,5.6966028707639005e-05,0.00012685365788168632,0.0002153553068637848,0.0004089755943703227,0.00017374188772406943,0.0002876846119761467,9.267162003986917e-06,1.0499881154467827e-05,5.114823579788208e-06,0.0004530723547720855,0.0002905286511322991,0.00012635905295610428,0.00024144805506957912,0.0004835154873294861,0.0002032071352005005,0.00032587276449691505,6.455521070358392e-05,3.970786929130554e-05
2077,4.435644082304013e-05,1.9225197748246048e-05,5.515199154615402e-05,0.0001818185060295796,7.050401242408855e-06,4.578009247779846e-05,2.545654577109681e-05,1.1769923298959872e-05,6.4373016357421875e-06,0.00037554981592330394,0.00018757081090296085,1.3695098459720612e-05,0.00010728652849373299,0.0002799726294683974,0.0001238156110048294,1.6212437144474956e-05,0.00014841083332462791,0.00022759847342967987
2078,0.0005696302884754811,9.413743640029545e-05,0.00010651536285877228,0.00025585353367421626,4.313147579861759e-05,3.3833086490631104e-05,8.711920286338243e-07,2.321001268838557e-07,1.6763806343078613e-07,0.0005825783039936083,0.00011640664566529846,0.00024119997397065163,0.0001591376536019956,0.00023391365186795077,0.00015614274889230728,0.00040651570368435697,1.6835592521399767e-06,0.0001418590545654297
2079,0.000655044633942517,4.913518856088789e-05,0.00029584113508462906,0.0008530023093283323,3.401169736824e-05,0.00024978723376989365,1.883540139486703e-05,6.9454150038147965e-06,1.7277896404266357e-05,0.0008710757966712418,0.0005761589764700717,0.00024172058328986168,0.000508851221471901,0.0002981748236067609,0.00019670184701681137,0.0009142665551110096,1.1565171689960699e-05,0.0002032145857810974
2080,1.757476516733858e-06,2.6007986014400103e-05,0.00011922791600227356,5.534602410151024e-06,0.00023874073727219933,0.00015730783343315125,5.1027904508499713e-05,2.2511454964708718e-06,3.964826464653015e-05,0.00022430770276535283,0.00016405269049833693,0.000428210012614727,7.507572407208785e-05,0.00040731203618013176,0.0003711562603712082,0.00045660980480211055,6.584261700768798e-05,0.0008008964359760284
2081,0.00025454548291757584,3.015491778243784e-05,0.00010078307241201401,8.513920688252297e-05,3.850021307767737e-07,0.0001906808465719223,1.1266145509303618e-05,4.246442856152858e-06,1.5579164028167725e-05,0.0001941090738457607,0.00010692357064537306,2.202112227678299e-06,0.0005574259820177591,2.675067721595592e-05,0.00012137740850448608,0.0001271064990819859,2.3433529447339924e-05,0.00024983659386634827
2082,0.0005974731727704796,0.00012222903553518738,0.0004990193992853165,0.0002836474370923048,3.8241258692693625e-05,0.0004988471046090126,7.219490355368091e-05,5.571014210873368e-06,3.201887011528015e-05,0.0007033694348009822,0.00015880804863548786,0.00022931024432182312,0.0006640424084285446,0.00010932461849586309,0.00018136203289031982,0.0009284609483384276,1.3487093401699096e-06,0.0003195200115442276
2083,4.3703379160722755e-05,5.07408508011592e-05,0.0001928824931383133,0.0002331153926443258,0.00015192713713363046,5.718600004911423e-05,5.113736439324272e-05,6.241888458744112e-06,4.43682074546814e-06,5.891846386923971e-05,0.00029957460677807607,0.00013849791139364243,6.708461988037817e-05,0.00038306866502766865,9.772274643182755e-05,0.00021299323808265935,0.00010464095847621292,0.00026252493262290955
2084,0.00013549989940787877,0.0002862561224332358,0.00016837753355503082,0.0004595175703070442,2.6776760371351876e-05,8.182041347026825e-05,6.135567910867633e-05,1.609791405357444e-06,8.888542652130127e-06,0.00013402979972840234,0.0006092161061405504,0.00020781159400939941,0.0005465493774245711,0.00029011981421431243,8.956249803304672e-05,0.0003484469192637507,9.108844005557143e-06,0.0001247655600309372
2085,5.992299434778858e-05,0.00023045335846903423,0.0002097487449645996,0.0001272623668043399,0.00024926946308629835,0.0004267096519470215,6.270512712877076e-05,2.0472709108020027e-05,1.0479241609573364e-05,0.0001580692231110542,0.0007188919356905382,6.891274824738503e-05,9.733229511349473e-05,7.350569330005427e-05,0.00021995045244693756,0.0002476909927929538,0.00027241649995457355,0.00045081228017807007
2086,0.0005584379155317426,9.765781257964345e-05,0.00021970923990011215,0.00018451132778089796,9.602920385931926e-05,0.0001120278611779213,4.400652968814325e-05,8.371013716243925e-06,1.6771256923675537e-05,0.0001397440614825246,0.00015009200326948635,4.934193566441536e-05,8.410860223746763e-05,4.991810987800202e-05,0.00017120596021413803,0.00013705296051572113,9.154416527411453e-05,0.00036954693496227264
2087,0.00015234728899747585,0.00011158547328906504,0.00017802603542804718,0.0002201467447324329,3.141362882383078e-05,0.00030058715492486954,3.648835021553831e-05,1.673227230000198e-05,3.7357211112976074e-05,7.11075898394975e-05,0.00014647518666709158,0.0004233126528561115,0.00020667413338029683,0.00042887545520076467,0.00027582887560129166,0.00012259506284803545,0.0001063230092812114,0.0005819164216518402
2088,7.02026752455176e-05,1.339212266114262e-05,4.794914275407791e-05,3.1843085945629235e-05,0.00015581775904276174,6.243586540222168e-05,4.890724006697926e-05,2.471611373565624e-05,4.316866397857666e-05,0.0001710453427005154,8.669822579818187e-05,0.000603958498686552,0.0003583449763753105,0.00020472746065897107,0.00047279801219701767,0.0003786747059873752,0.00032441121096857956,0.0006185099482536316
2089,4.1491734488516285e-05,0.00024392587289030765,8.445605635643005e-05,0.00018479366778596795,5.209900552018143e-05,2.1237879991531372e-05,0.00011390925504650533,2.3743330986135207e-05,1.607462763786316e-05,2.6000353823177336e-05,0.00020503076575471152,0.0003182021901011467,0.0002354451563428006,0.00029955645283566076,0.00014873873442411423,0.0005300201121048453,0.00029543324269729575,0.00034695304930210114
2090,0.0005354325490520423,0.0003112600045187819,0.00014623068273067474,4.6330681441136834e-05,0.00018679470075685933,0.0003255801275372505,5.932474556038722e-05,2.3965596408570783e-05,2.191215753555298e-05,0.00032090539423028364,0.0004591145527519172,0.0003024628385901451,6.59856470859449e-05,0.0003523465765498772,3.21241095662117e-05,0.00046390449961961067,0.00033738115391957445,0.00015640072524547577
2091,0.0005706832566326758,0.00023873780750532925,3.127753734588623e-05,0.0003448616891579964,0.00015147125870479047,0.00015607941895723343,7.11238390189925e-05,2.1067523122285554e-05,9.685754776000977e-08,0.00039936845497359763,0.00044914027829475595,0.00014476850628852844,0.0002671154634895506,0.00019783426845629976,7.511861622333527e-05,0.0005813911730573329,0.0003010008662487577,0.0003267284482717514
2092,0.00030587831645723096,0.0002580245772171967,0.00012857094407081604,0.00026714273798300603,2.4134516335171108e-05,5.0698406994342804e-05,1.8129783581307887e-05,3.876177173898804e-06,1.6022473573684692e-05,0.0005416522311253308,0.0005069660590123135,0.00019288482144474983,2.137565492262017e-05,0.0004874595688649577,0.00015537068247795105,0.0005218744537096309,4.3937887617275656e-05,0.0002869442105293274
2093,0.00040493562073085076,0.0004027064242928015,0.00010251905769109726,0.0003026282763937266,0.0005195197644641616,0.00020077917724847794,8.10641135741072e-06,1.2292130657347148e-05,1.4729797840118408e-05,0.0005079190815953233,0.00033954352929756876,0.00014196336269378662,0.0003350967538750943,7.56311633341375e-06,6.100162863731384e-07,0.0006009820511372055,0.00019765560355661932,3.99518758058548e-05
2094,0.00010910345076611816,0.00029639965080221,8.816178888082504e-05,4.524580385530108e-05,0.00024181320528766925,0.0002980763092637062,3.321764260738602e-05,1.5809274439221115e-05,2.360716462135315e-05,0.000342632828276318,0.00033588515942813146,0.0002961992286145687,0.00013372896854781102,0.0002074565251673141,0.0005892477929592133,4.76240961109764e-05,0.00031388486339669307,0.0005198884755373001
2095,0.00016412563259809998,9.336823019084547e-05,3.724917769432068e-05,0.0002977750073206026,3.445513686033824e-05,0.0001088632270693779,3.769274565408945e-05,7.958565904241078e-06,2.110004425048828e-05,0.0002966362618270352,6.736295520051727e-05,2.5482848286628723e-05,2.528708854111772e-05,0.0001204525437892151,0.0002408260479569435,0.00021729683893106921,0.0001305013280536848,0.000492902472615242
2096,0.0005006274784154635,0.00015977020002374068,5.2731484174728394e-05,0.0003242927766233944,2.888172256087021e-05,7.576774805784225e-05,3.3783889809150744e-05,4.424275528247621e-07,1.4387071132659912e-05,0.0002546232130621606,0.0005177081719621446,4.6547502279281616e-05,0.000481092862549104,0.0001792287159735964,5.7629309594631195e-05,1.66847651790758e-05,8.639342668967202e-05,0.0003088153898715973
2097,2.2368975443540218e-05,2.1529125216860484e-05,0.00019238237291574478,3.9006002754277125e-05,8.77890731362102e-06,0.00026419200003147125,3.788894845671749e-05,5.308008020354221e-06,1.1514872312545776e-05,0.0001706771775890764,0.0001255155379687456,3.924639895558357e-05,7.824323040556136e-06,9.320432435078532e-05,0.00010956265032291412,9.615048557592987e-06,0.00011124286971666252,0.0001953132450580597
2098,0.0005336989791353275,7.30929290744392e-05,0.00018528755754232407,0.00034921388338642056,7.406254049699412e-06,0.00010398589074611664,3.15566246170719e-05,6.744680542679002e-06,2.83755362033844e-05,0.0006496784579564652,0.00016875900792472087,6.0852617025375366e-05,0.0002927388966366268,0.00013819781773774173,0.00016477890312671661,0.0008017220831206817,0.00010138639366124268,0.00042243488132953644
2099,0.0003555218794443482,3.27766611184499e-05,0.00024366192519664764,0.000606166331312899,0.00020206899743192147,0.00021735019981861115,6.855864870100765e-05,1.1595652062068714e-05,2.024322748184204e-05,0.0007307464216149695,0.001024187652829002,0.00015502190217375755,0.000673151178371939,3.149950135197116e-06,9.82014462351799e-05,0.0009295054366523225,0.0001938008333727207,0.00040921568870544434
2100,4.626516201193531e-05,2.94417200267863e-05,6.091780960559845e-05,0.00014935869410204194,0.00015688368258701818,4.1962601244449615e-05,2.9387223172612845e-05,7.667472137600113e-06,7.599592208862305e-06,8.121952989119385e-05,0.0003903489048661321,0.00011460669338703156,4.134831632168767e-06,0.00010290839961116238,4.441104829311371e-05,0.0005602320815852047,4.35432544952357e-05,7.543526589870453e-05
2101,0.0004314807673610199,8.509424974085036e-05,1.8320977687835693e-05,0.0005748533415571577,1.6184153431297865e-07,5.554594099521637e-05,1.588822024332741e-05,1.141975071109651e-06,5.729496479034424e-06,0.0005127557978259201,0.00010619157430747511,9.365146979689598e-05,0.0008808361671885367,0.0003490469748838321,2.6226043701171875e-06,0.00018248659669076184,2.4636179795624324e-05,5.5830925703048706e-05
2102,0.0003889802291747041,5.2100475883300884e-05,0.00011050794273614883,0.000232226894741408,1.9372077817339517e-05,0.00013700127601623535,1.2629407107299373e-06,2.5621301349678044e-06,1.6242265701293945e-06,3.4360423875057222e-06,0.00011797184723392334,4.419684410095215e-05,9.985742059775982e-05,0.00013646284857652194,8.295942097902298e-05,6.896607767820084e-05,1.6566871818933862e-05,9.044818580150604e-05
2103,8.065084602046357e-05,6.412790470828808e-05,0.00012890901416540146,3.4917108537438346e-05,5.909317647247517e-05,0.00021050311625003815,5.632306836996989e-06,9.367748104882547e-06,1.9509345293045044e-05,0.00021046588781102604,0.0006246683502334274,0.0002995068207383156,8.171390081515573e-05,7.738765706023429e-05,0.00019746273756027222,0.0004960050056827814,0.00011912640588405965,0.0005152188241481781
2104,0.00023263214199689686,0.0001881269441872148,0.00031602755188941956,5.7184884121680435e-05,3.324235006674919e-05,0.0003361683338880539,5.697637633411516e-05,2.112852703656351e-06,3.0133873224258423e-05,0.0002760538123637163,0.0004128567201909447,0.0001470097340643406,0.000309089385928385,0.0001639441046104688,0.00011097360402345657,0.0004558483998801932,3.555804414636862e-05,0.000420592725276947
2105,0.00031396754567461493,7.177179499081796e-05,0.00013198237866163254,0.0001930515125443677,2.007192773588809e-05,0.00019637588411569595,3.898254263145183e-05,5.059470832116967e-07,2.0615756511688232e-05,0.00035352730065844884,9.875398081148762e-05,0.0002265656366944313,0.00025051696957940905,0.0002794614791670723,0.00013119541108608246,0.0002945493264716603,2.5046450645306584e-05,0.00020311959087848663
2106,0.0008965591870574302,0.0003971660317456556,0.00015017110854387283,4.400218794520239e-05,0.0002700106044898204,4.7859735786914825e-05,2.335389363552695e-06,3.172304111984797e-07,1.7724931240081787e-05,0.0006535304320218482,9.240789615618666e-05,0.0001664748415350914,0.0007414002576708323,0.00028806366683654244,2.956390380859375e-05,0.0007502755396965877,8.115778763917447e-05,0.0003932695835828781
2107,0.00026119574800503864,0.0004491333228509413,0.00017045997083187103,0.0004723944277776615,0.0002805016222917067,0.0003009289503097534,0.0001452379594418969,9.535881474727814e-06,4.215165972709656e-05,0.0006623107650235438,1.1896927450884276e-05,0.0003324216231703758,0.0005146548923848915,1.0284233366814749e-05,0.00017039384692907333,0.0009310370876020047,0.0001254014893834303,0.0004790406674146652
2108,9.423618118434285e-05,9.9846447058273e-05,0.00014572124928236008,0.0009033059006168936,0.00033937730053137244,4.588812589645386e-05,0.00010505327142021868,3.358738883204042e-06,1.9121915102005005e-05,0.0002494740266328621,0.0004959709752190428,1.267390325665474e-05,0.00021371322193525222,0.0001044807093501833,0.0001337910071015358,0.00011606716501372238,1.0321737597875774e-06,0.0005995873361825943
2109,0.00015024383786423068,0.00020151139906183016,0.0003982037305831909,0.00016591144086290643,1.4856987296484742e-05,0.00038305018097162247,4.130037262328398e-06,6.055753663428468e-06,4.505738615989685e-05,0.00028912109083603643,0.0010526369402834024,0.0004919739440083504,0.00011054426006679163,0.0004896908139184301,0.0005144430324435234,0.0004418416132718761,4.950661627060697e-05,0.000604674220085144
2110,1.7026341975756587e-05,0.00015936941077512173,0.00023775454610586166,3.581322380646901e-05,0.00023411872884742876,0.00024090055376291275,1.5151978231651639e-05,6.261496585092735e-06,5.140528082847595e-05,0.00025804621596295374,0.00035129954561698845,0.0005550566129386425,5.6247999350528266e-05,0.0002663409524383577,0.0005135061219334602,0.00024487444423482163,9.45482697871352e-05,0.0012029819190502167
2111,0.00026034121869666915,3.1879673071954356e-05,1.0853633284568787e-05,0.00017457110775946638,2.666055862199715e-05,5.482230335474014e-05,8.138678024393123e-06,2.644414362567909e-06,7.35744833946228e-06,0.0002816070179088165,0.00020941567051487725,0.00021817348897457123,0.0001107262147799215,0.00040398184619425473,0.00011327210813760757,0.000228474918746141,3.233341373152718e-05,0.00011041015386581421
2112,0.0002833083065022918,6.209757171964786e-05,2.4335458874702454e-06,2.049437910987828e-05,4.509681612649419e-05,6.132759153842926e-05,1.1817421324122196e-06,2.3681749262728907e-06,3.2063573598861694e-05,0.0002080072543713396,0.0001902396468989112,0.00018011918291449547,0.00016743205577469944,0.0002920115126039957,0.0003171423450112343,0.0008488268784181408,4.4601209778519224e-05,0.00040916167199611664
2113,0.0002576555660094987,1.521861490736895e-05,5.787704139947891e-05,0.0004065422227244597,6.0003728249498345e-05,5.426444113254547e-05,1.0745849309892752e-05,1.0755920892997805e-05,1.7214566469192505e-05,0.0003164051034701687,5.351332142255333e-05,1.462642103433609e-05,0.00034424402750585226,0.0003059141899389474,4.799291491508484e-05,0.0008946472272199357,9.774560646106517e-05,4.6875327825546265e-05
2114,0.0001248489059876151,1.4501459069209827e-05,0.0001997724175453186,2.1212962702479854e-05,0.00016943131229294958,0.0002498328685760498,3.7268966059196204e-05,1.8785869615397166e-05,1.6864389181137085e-05,0.00018560874690383422,8.98128282833463e-05,0.00012878980487585068,0.00048554976741961575,9.636317480236217e-05,7.088296115398407e-05,0.0003454711125308596,0.00014169656970405842,0.0001534838229417801
2115,0.0003835529768448781,1.593475571822628e-05,0.0001594293862581253,2.997074211835704e-05,0.00011855030617596504,0.0001986110582947731,6.543324850615852e-05,7.018328383489691e-06,1.5325844287872314e-05,8.694906163002336e-05,9.491005001367042e-05,3.062328323721886e-05,0.00010708042107171467,0.00033659227862872093,6.561633199453354e-05,1.9659030367935593e-05,0.00019610997999645365,0.0002642665058374405
2116,0.00026212836719625987,0.00014381909824808664,0.000210518017411232,0.00017582437202399992,0.0001329205616648621,0.00024779047816991806,1.3653798208751455e-05,3.8627898660509134e-06,4.6193599700927734e-07,8.560913301003392e-05,4.076047504489311e-05,0.00020145392045378685,9.981283170518163e-05,0.00019382279719858467,0.0002614818513393402,0.0004867100143370051,8.852873226328217e-05,0.00019102729856967926
2117,0.0001967615283826607,0.0002220136354720119,0.00016713794320821762,8.851697278756954e-05,7.717061671038902e-05,0.00031357165426015854,1.3724191526065521e-05,1.8573335672702877e-05,1.2874603271484375e-05,0.00011484622916509146,0.0003157023878693904,0.0002821325324475765,0.0004214540190479177,0.0004591402013534897,0.00011836085468530655,0.0003785034750872496,0.0003635381171476718,6.337091326713562e-05
2118,0.00017672404452680202,1.2961889173056934e-05,4.8683956265449524e-05,1.8168116422773162e-05,1.4023457910981862e-06,2.5406479835510254e-05,1.68623077415192e-05,3.421505757927163e-06,1.6976147890090942e-05,0.00014426039446442662,0.0004523865490852069,0.0002451515756547451,0.0003359562554262896,2.8784449285359365e-05,0.0002057161182165146,0.0003956932308927519,3.617372770637478e-05,0.0004949402064085007
2119,6.057112832430489e-05,1.622130292434909e-05,2.04453244805336e-05,2.7068722216402885e-05,1.8852114046962604e-05,1.3824552297592163e-05,3.003945692652346e-05,2.1263522419637595e-06,1.605600118637085e-05,7.327529949852085e-05,4.531164716371078e-05,0.0001043570227921009,6.536295929239488e-05,7.171354873187694e-05,0.00014438852667808533,0.00022434624074688103,6.331192687358822e-05,0.0004990305751562119
2120,0.0004735153640478412,0.00022993340884601074,4.073884338140488e-05,6.324139369204285e-05,3.243289606482194e-05,0.00016376283019781113,3.7321189682824885e-06,1.6901945800219657e-05,2.205371856689453e-06,0.0002763033056963904,0.00034314650591213414,0.0001844530925154686,7.206526995970353e-06,0.0002469374495135887,1.6666948795318604e-05,0.0004893348544601495,0.00035259933596910355,0.00010643154382705688
2121,0.0003978848579276467,0.00020339162373103972,0.00018807779997587204,2.1677231496708416e-05,0.00010688858228768625,0.00013065896928310394,1.7071751700695192e-06,1.6401002360955813e-05,3.231316804885864e-05,9.560439139827404e-06,0.0003086964506712614,0.00028395187109708786,1.627197520634449e-05,0.00026178927734847243,0.0003800811246037483,0.0002537783586407383,0.0002968213526470063,0.0004966035485267639
2122,0.0011874968820559523,0.0002694428463036365,0.00010352116078138351,0.001536054293278924,0.0003092835062534806,0.00025329459458589554,6.380528204833445e-05,2.4056205227996003e-05,1.7583370208740234e-06,0.0006352538174839578,0.0005144030202966082,0.00024364283308386803,0.0005590931964407769,0.0006502834345747457,0.00024201162159442902,0.0008049834243653298,0.0003031414134656435,4.2850151658058167e-05
2123,0.0006475812398678005,0.00020832722112594168,0.0005542291328310966,0.0004206766385489863,0.00013919936983773293,0.000730208121240139,0.00024846972821274474,2.37296190132197e-05,0.00012734904885292053,0.00039510665551657775,0.0004144644801832159,0.0014091376215219498,0.0002613191265426196,0.0004393022651127468,0.0011519333347678185,0.0004181996006047961,0.00017251720236676274,0.0025985781103372574
2124,3.351514692985502e-05,0.0004888351482031511,0.00041017867624759674,3.22318596751997e-05,0.0007208590367033842,0.00022200588136911392,0.00012344084496623137,6.7133888299195305e-06,7.653608918190002e-05,2.5743982846090918e-05,0.0001202850657273935,0.0006919251754879951,0.0004038501337318423,0.0009422946028753675,0.0008233673870563507,0.00021362226326832046,9.437192116492493e-05,0.0013569090515375137
2125,0.0004392273330256352,0.00011261637972032751,1.6888603568077087e-05,0.0010756748154055473,0.0005438055277681604,4.868302494287491e-05,5.348702111241006e-05,2.6213844675241835e-06,3.200024366378784e-06,0.0007920439641144333,0.00028613315897302316,0.00014889100566506386,0.000567697077400342,0.0007420281009337948,0.000178568996489048,0.0008716743767634705,1.8027701704993043e-05,0.00037773698568344116
2126,0.00044600829924498764,5.673385906214412e-05,0.0006012152880430222,0.0003986259839346279,0.00016432092781794305,0.0010280851274728775,0.00011262871291003312,5.108185184013946e-05,0.0001125335693359375,0.0005377455747911375,0.0006614035347671868,0.0011883503757417202,0.0006760171141884513,0.000590940602197939,0.0005235122516751289,0.0006332267433373229,0.0007888516563421596,0.002088993787765503
2127,0.0004407991774473957,0.0002011263844604698,0.0001188395544886589,6.859239570411457e-05,9.837959989274919e-05,0.00017829518765211105,1.1095721289489102e-05,1.5734522662941893e-05,1.7315149307250977e-05,0.001226476079803973,0.0005343248830663935,0.00015103863552212715,0.0005521325001061061,0.0003039704148612224,4.8150308430194855e-05,8.67292744556325e-05,0.00034159309958128013,3.614462912082672e-05
2128,0.00024076248280707757,0.0001705754814381906,2.494361251592636e-05,6.889270049176277e-05,0.00015880339741713642,0.0001898622140288353,1.2520623246388765e-05,2.5841946530651572e-05,2.2213906049728394e-05,9.727518085139719e-05,0.00031573662852438233,0.0003879200667142868,8.675590381482245e-05,0.0002574208912632797,0.0006887000054121017,0.00034900148339075954,0.0005289161197495219,0.000862395390868187
2129,6.824928096280103e-05,0.00022836935017526289,4.3285079300403595e-05,0.00015402453214991008,9.374265646563962e-05,5.9555284678936005e-05,2.0503853933376975e-05,5.287532413131789e-06,1.3813376426696777e-05,0.00011377257900253845,1.2667757366593979e-05,0.00016189087182283401,0.00034754998410400917,7.570325837922068e-05,0.00018823985010385513,0.0001139898596915212,6.345734375897208e-05,0.00022554583847522736
2130,0.0001623003736371531,3.4696660532348295e-05,0.00022004172205924988,0.00023804208372311952,0.00014722214057384317,9.603891521692276e-05,9.810828545082223e-06,1.6873064773301346e-05,3.701448440551758e-05,0.0003046610558376933,0.0005259268937437,0.00028601521626114845,0.0004894332814374125,0.0003836959897004291,0.000452997162938118,0.0002586662222066882,0.000359188590766963,0.0007314346730709076
2131,0.0002816355715687946,0.0004999949566578434,0.00010611116886138916,2.9632475811766645e-05,0.00019885777119551043,0.00010325200855731964,2.8431928702474935e-05,1.0196685389336942e-05,3.4186989068984985e-05,0.00027754353424692957,0.0001707320504031537,0.0005718176253139973,0.00012341852920488838,5.2948600935378426e-05,0.0005677668377757072,0.00059633734985301,0.0001290082426976119,0.0011250600218772888
2132,0.00020631700935323793,0.0007974893764251013,3.45911830663681e-05,0.0005753836777372956,0.0008512598224673165,4.503130912780762e-05,2.651185041708734e-05,1.9726377331606357e-05,2.0887702703475952e-05,0.00013708845978054052,0.00018513720419362917,0.00019910046830773354,0.0005972586751028935,0.0009018246436487583,0.00020403508096933365,0.00012639777924844386,0.00044452065388346333,0.00027590058743953705
2133,0.0002936341478124854,0.0002176288486579192,0.00020209793001413345,0.0004825812737387497,9.037636256679915e-05,0.00017654430121183395,4.606990538830007e-05,8.788866422262953e-06,1.6421079635620117e-05,6.113523755647832e-05,0.0004341277095355339,0.00017814012244343758,3.7169404607240164e-05,0.00018791037351975973,0.00017926190048456192,0.0001559531948608639,0.00012387006448819245,0.0004113856703042984
2134,0.00011729617486966326,8.884246082341979e-05,0.00018150918185710907,9.361234513034777e-05,3.8061421721323485e-05,2.7274712920188904e-05,4.961753997863305e-05,1.5068506099638135e-05,8.27014446258545e-06,0.000403107855452986,0.0004070270971099632,2.278108149766922e-05,0.0003286633268908823,0.00047773502325837783,0.000182286836206913,0.0002882142861736492,0.0002796310529418061,0.00019450299441814423
2135,0.00011374693506960298,1.8156695736903927e-06,0.000302719883620739,0.00013047844303466782,0.00016866546801343543,0.00015323888510465622,4.0034862510385585e-05,2.5849201567607104e-05,2.4572014808654785e-05,0.00017835908552740753,2.6412637312574205e-05,0.00010429229587316513,0.0003259403777901987,8.934146475447421e-05,0.0002525113523006439,0.0001675706246364317,0.0004242564488300387,0.0005054213106632233
2136,0.0005095220565829173,8.544628792658826e-05,0.00036936812102794647,0.00012023947221236064,0.0001770730953092603,0.0003454992547631264,5.475736897624095e-06,6.005448904434466e-06,1.0710209608078003e-05,0.0005384025121472763,2.2269569769368946e-05,0.00016337865963578224,0.0007333121327749159,0.00026034166418376775,0.00015451479703187943,0.0010328263752347189,9.34520031821446e-05,0.00015189126133918762
2137,0.0005071925885073436,0.00010723312866115636,1.8309801816940308e-06,0.0002049234153996271,0.0001219346684564783,2.3826956748962402e-05,1.6072175001645775e-05,1.1505825322839346e-05,3.1616538763046265e-05,0.00021830357554956936,0.000257239701845359,0.0004639001563191414,0.0008936529130126186,5.840141890409503e-05,0.0004301536828279495,0.00035831302290698086,0.00017687279757731302,0.000513153150677681
2138,0.0001015365526857992,0.00012925654412915266,8.234288543462753e-05,0.00037631668164195275,0.00014027004094558163,0.00018549803644418716,2.1921019196265504e-05,2.4455434242985803e-05,5.083531141281128e-05,2.0119375452584687e-05,0.0007397013752733703,0.0009875702671706676,0.0004215822311803563,0.0007321836055801702,0.000880206935107708,0.0004724175397083086,0.0003351464391737769,0.0010058972984552383
2139,4.955188015312584e-05,7.484094711338735e-05,0.00032912008464336395,0.00023040941268735737,1.201797794612297e-05,0.0002686474472284317,7.580373682743169e-05,2.0127389193254873e-06,4.494562745094299e-05,0.00025109462631695,0.00016904758285406912,0.0004533701576292515,0.0003208355707434857,0.0006125614383646789,0.0005407268181443214,0.0006554689662525981,1.8272267364890377e-05,0.0009942781180143356
2140,0.0009003973774880936,2.1443797382152824e-05,0.00011507049202919006,0.0005300480960046955,9.782833808957489e-05,0.00011161994189023972,2.225735183629049e-06,2.0338694805845624e-06,2.8487294912338257e-05,0.0008284033326090845,3.849462938304571e-05,0.00010502850636839867,0.001885029264071178,0.0005659105952601634,0.00013135652989149094,0.0009037815822958983,8.303663815078903e-05,4.729442298412323e-05
2141,0.0010450843423443212,0.0002826616438493662,0.0004191584885120392,0.0008293623782962972,4.102837074783719e-05,0.0005247211083769798,2.299681109306853e-06,1.5848357693785129e-06,4.558637738227844e-05,0.00017834653263650024,0.00037156456161228923,0.0007120314985513687,0.0003979655264484405,3.348576726166022e-05,0.0005111144855618477,0.0007328673754441739,0.0001101140484319231,0.00092322938144207
2142,0.00012622871540195202,0.00014213677967581453,2.3458153009414673e-05,0.00032749663777950633,0.0002157616388731992,2.4576671421527863e-05,1.940480242454065e-06,6.431468650902584e-06,1.076236367225647e-05,0.00022284396919182436,0.00017768368689765474,7.132627069950104e-05,0.0002051449055825716,0.0006738976656843788,2.7203932404518127e-06,1.0367751070827769e-05,0.00016974631739077872,0.00042925961315631866
2143,0.0008375132632002791,4.2966122067781415e-05,0.0004162415862083435,0.00037857417532438653,8.195153416237083e-06,0.0004328424111008644,9.758194686765309e-05,2.133027710869229e-05,3.9871782064437866e-05,0.0008899325219862975,0.000622585716003661,0.0001811445690691471,0.001660657039043098,0.0006755244709961902,0.0002059033140540123,0.0018854588291391527,0.0005455575074735913,0.000533178448677063
2144,0.0011218296140639988,0.00019310846187737055,0.0001750495284795761,0.0016748109854447524,0.0004762803385007612,0.0001300070434808731,0.0001427704519574042,3.1458443171829904e-05,5.605444312095642e-05,0.00012518497084729185,0.0013295320926201282,0.0007767854258418083,0.00020873507595176033,0.0009507946340450019,0.0005788803100585938,0.0008684308019898113,0.0006424492653598034,0.0015191901475191116
2145,0.00027366402778228327,0.00019496591889471906,0.00030436180531978607,0.0009742727542240148,0.00045510694351908604,0.0003244960680603981,3.883879853840144e-05,9.262740829220134e-06,1.590326428413391e-05,0.00016475608915167417,0.000697935260044899,0.00031733931973576546,0.0005417293757362385,0.0015256156393256507,0.00034284405410289764,0.00011088985555435249,7.24916748304355e-05,0.0002857036888599396
2146,0.0002939141567655096,0.00026917906144154416,0.0001958971843123436,0.0006801452970981864,0.0003358517971732075,2.743583172559738e-05,9.190919166485872e-05,3.921242273285778e-05,4.293769598007202e-05,0.00046503606270427433,0.0012418682706227258,0.0006157965399324894,0.0003241945424481557,0.0002511503007462477,0.0009689982980489731,0.0010307334870066909,0.0007375150648427555,0.0010035745799541473
2147,0.00019902086411204,0.0002673781528894359,0.0001795617863535881,0.00040285818690798114,0.00017835023071545442,1.9849278032779694e-05,2.2792539593478184e-05,7.295793391585113e-06,3.135949373245239e-05,0.00041291406293282595,0.0008655792844114232,0.0005574226379394531,0.0008180097753586607,7.959577044346772e-05,0.0007617752999067307,0.0010307657562567962,6.602649852587884e-05,0.0007306784391403198
2148,0.00021801632617036992,0.0001543230207604121,0.00027259252965450287,0.0006255686726547444,7.26071782788211e-05,0.0005085673183202744,8.017632436938676e-06,3.0593571200071166e-05,7.237866520881653e-05,2.954537566063342e-05,0.00046270134966616,0.0011620360892266035,0.0010084353643936561,2.1740096863828717e-05,0.0008412618190050125,0.0015766767771187573,0.0004290141043432824,0.0018557719886302948
2149,0.0010477469840105835,8.050404489901714e-05,0.00017386022955179214,0.0009341206438423788,4.714724438670964e-05,0.0005404655821621418,5.31524016674674e-05,3.326905942296649e-05,2.3156404495239258e-05,0.0002571941844360798,0.0004222632497155668,7.107038982212543e-05,0.0015362895385822167,3.7290583687045464e-05,0.0004150485619902611,0.00038095767746040843,0.0004100572172474684,0.00013387389481067657
2150,0.0006452130272284889,0.00021782023736155107,0.0008313870057463646,0.0005336752601515227,0.0005757246873229586,0.0011267191730439663,0.00017351914693594477,3.5363500534802144e-05,0.00010798126459121704,0.00031492175119569865,0.0004837645744012811,0.0013340134173631668,0.00047297180732989996,0.0009289825365250033,0.0008927155286073685,0.00014492361416867938,0.00039047804769432905,0.0024727359414100647
2151,6.158841093723e-05,8.132426977494958e-05,0.00011254381388425827,0.00021176055137116234,8.758372466082312e-05,0.00016046594828367233,1.0883212121295949e-05,6.0654929872331525e-06,5.153194069862366e-05,0.0010117150760697996,6.611136347178109e-05,0.000908438116312027,0.0010687315217529775,0.0005942293545722899,0.0008328119292855263,0.0015706774518312039,0.000224236268000097,0.0005690325051546097
2152,0.0002585752658729734,5.724396165581597e-06,0.00017543975263834,0.00018881437143462854,0.00012754480724912198,0.00021605007350444794,5.673548824459973e-05,2.876174013281504e-06,3.905966877937317e-05,0.0009180482725620193,0.000807316849055148,0.0008082869462668896,0.000169565845514294,0.0007756505084275007,0.0008440762758255005,0.0008932280117637248,0.00011303810700157013,0.0002888143062591553
2153,0.0008521886940341533,2.3360118190277057e-05,0.0002270229160785675,0.00020457792791703233,0.00028929415856507323,0.00022241286933422089,6.130036262744915e-05,1.1722437014855219e-05,8.355826139450073e-06,0.00032700539228325276,0.0007795072451657267,8.14562663435936e-05,8.892772475743715e-05,7.579998872539115e-05,7.82553106546402e-05,0.0007317152334226085,0.00018168279315235007,0.00047946907579898834
2154,0.0003945005392948231,0.0003977970372495143,7.036048918962479e-05,0.0007974390691030675,3.8420253229875384e-05,4.8131681978702545e-05,2.8405476839729604e-05,2.267758759788368e-05,1.553446054458618e-05,0.0002640327473376336,0.001160151511920074,0.00012549571692943573,0.0005633878453881608,9.505469129710009e-05,0.0003015529364347458,0.0005970760896241156,0.0003244626713274478,0.000395921990275383
2155,0.00013063745986734154,0.000231372851892786,8.68840143084526e-05,0.00028552851685707814,5.5348661325210075e-05,5.9742480516433716e-05,3.704293471181591e-07,2.9964766100259565e-05,9.208917617797852e-06,0.00033609334666848123,0.00016994852110428088,0.00014778412878513336,0.00029725461923010843,0.00046147868181557056,5.3328461945056915e-05,0.0007755532899151596,0.0005043729689880021,0.00011513940989971161
2156,0.0001507512859558885,0.0002064119840585847,0.0001036226749420166,0.00022813102178803613,8.279838127181124e-05,0.00021219998598098755,9.076157200414367e-06,4.815380748726412e-06,6.109476089477539e-06,0.0006965995401565644,3.2563532444011833e-05,0.00020761648193001747,2.5501963171969955e-05,0.0003324946981718528,0.00037521496415138245,0.00039407874453098457,2.4983512697196453e-05,5.158223211765289e-05
2157,0.0007464233309981833,0.00010406300632992416,0.00039203371852636337,0.00029844939806517035,2.6992508227151324e-06,0.0002933526411652565,1.6538793698091594e-05,2.3411804956680396e-05,3.731623291969299e-05,0.001021110409002171,0.0004994554164812759,0.00026778969913721085,0.00020056926442792167,0.0001511004222675416,0.0003799349069595337,0.0012463266167972442,0.00036782170941329455,0.0006733275949954987
2158,0.0003540380901265183,0.00012778920838526359,0.0003162156790494919,0.00022389972908505584,4.4192608170696285e-05,0.00032929424196481705,3.1701798782476226e-05,2.3405889615970188e-05,3.223121166229248e-05,0.00029764935628756595,0.00028054828222840583,0.0001280144788324833,0.00037710703770217624,0.0011631171850683929,0.00013547297567129135,0.0002281601510260578,0.0004026686568122592,0.0005885288119316101
2159,0.0004758499283508688,0.000543625697890654,0.0002607833594083786,0.00017863640367997424,0.0006306335716175469,0.00026998110115528107,3.9339180886582836e-05,2.55957418472027e-05,3.079324960708618e-05,0.0002690433820922711,4.44380628612101e-06,0.0005031256005167961,0.00014695976469593364,0.00047804963893598174,0.0004472341388463974,0.0002212825180663014,0.00038182248120807033,0.0007927455008029938
2160,0.00038621213752175476,0.00026169701334815415,6.84056431055069e-06,0.0001352549157779409,6.287069190969233e-05,5.284370854496956e-05,5.377588790466889e-05,1.2115743574154006e-05,4.979223012924194e-05,0.00015284703405035738,0.00022023780497380796,0.0005300713237375021,0.0003074380983468933,0.0004919823000482937,0.0006209937855601311,8.449745966729316e-05,0.0002302924272137557,0.0011969488114118576
2161,0.000740207488374986,0.0001586560775040033,4.262104630470276e-05,0.0006902243671604164,2.1019532895742016e-05,1.101754605770111e-05,3.280840300260053e-05,2.326664280945896e-05,1.5486031770706177e-05,0.001072480134139367,0.0005134539626852272,0.00011803954839706421,0.0008911577137770688,0.0002545703795242965,5.9674493968486786e-05,0.0005789160866797038,0.000486201297569289,0.0002985764294862747
2162,0.0005752395407482985,0.00013953332760979417,6.132014095783234e-05,0.0005967079574297068,0.00010960792921626758,0.0001498628407716751,2.183198305432711e-05,1.9497997490572176e-05,9.369105100631714e-06,0.0007951170468206425,0.0005443154277636128,0.00019486714154481888,0.0008992026406677012,7.07296523349138e-05,0.00035089626908302307,0.0004386904235267608,0.00043066985493981497,0.00030196458101272583
2163,6.878081342297226e-05,0.00026309247226056,0.00017568282783031464,0.0006194226661057622,0.00011456312022600085,0.00021683471277356148,3.30818364140794e-05,2.3033535670472817e-05,5.7853758335113525e-06,0.00039050725276974785,0.0005987226915442831,0.00012927665375173092,5.862558692151798e-05,0.0006576279466890128,5.453824996948242e-05,0.0009184557134257476,0.0005028558031609422,3.311969339847565e-05
2164,0.00040999504651791085,0.00022471036805519692,0.0002194708213210106,0.00016377433510930683,5.428515348985044e-05,0.00022477749735116959,1.715359700132056e-05,9.014620930385782e-06,7.5213611125946045e-06,3.916368122380831e-05,0.00017891981658242628,0.00026558595709502697,0.0007946502693007701,0.0004998850701212164,0.00027064234018325806,0.0004039900362407811,6.213156313070005e-05,7.996335625648499e-05
2165,0.0008102265060453695,0.00021227113232056422,7.374212145805359e-06,1.951282845315261e-05,0.00015787461958476773,6.749993190169334e-05,1.79069438444035e-07,1.977440133196285e-06,4.839152097702026e-06,0.0004965981939568098,0.00020725075867006337,0.00027245376259088516,0.00027609463739934614,0.00065566184213664,0.0001669684424996376,0.0011914307158289172,0.00013229885493633645,0.0004054233431816101
2166,0.0006959407116105126,8.243267657315201e-05,0.0002199895679950714,0.0011784697625790846,8.759822906052872e-05,4.420476034283638e-05,9.830207492567133e-06,9.832882311831869e-06,3.705546259880066e-05,0.00047366335045628816,0.0002744827067446831,0.0007155588828027248,0.0003483839570835451,0.00042383055420902593,0.000956980511546135,0.00019080504847929225,0.00028997344723700677,0.000772697851061821
2167,0.0007755900037873936,0.00015623463635187212,5.245767533779144e-05,0.0003362325725319859,9.024287217459723e-05,5.07943332195282e-05,6.555060952066066e-05,2.092730094182128e-05,4.712119698524475e-05,0.0006908460999666133,0.0001806372529642719,0.0007990526501089334,9.784517052781327e-05,4.4588022458543625e-05,0.0008738506585359573,0.0007893061018462155,0.0005929936382295543,0.000797731801867485
2168,0.00030863850636470014,1.1900564876713565e-05,0.00012948829680681229,0.0010586690641636864,1.7337696602913455e-05,0.00022036395967006683,1.3067436246405606e-06,1.5729524505693352e-05,3.0454248189926147e-05,0.00025857801938979075,0.00037577858893757254,0.00010823830962181091,0.00034103067860566383,0.0002502160677280256,5.178898572921753e-05,0.0009266292183445768,0.0002315242709243527,0.0004738159477710724
2169,6.182694982162507e-05,0.00012440419111283893,0.00027556996792554855,0.00029951036820283217,0.0001315638123391659,0.00019003450870513916,9.173677391305715e-05,1.206923149318841e-05,1.3966113328933716e-05,1.0622524915238074e-08,0.00027069231640904773,0.0007335226982831955,0.0008166450936968328,0.0007119686084960837,0.0006659096106886864,0.0002532476440738618,0.00020008095881845697,0.00012075155973434448
2170,0.00035782620361608786,3.138533023015408e-05,0.00031210295855998993,9.993973126441735e-05,0.00010004650506004881,6.688293069601059e-05,6.744961999780898e-05,2.500818817716675e-05,5.9507787227630615e-05,0.0009038477791154104,0.0002804953857249645,0.00043368665501475334,0.0005248276820289804,0.0003343657218560954,0.0007965182885527611,0.000613456277550023,0.0006222563230476406,0.0010887552052736282
2171,0.00041338369752783044,0.00016236711843563983,0.0002600308507680893,0.0002910318775109083,0.00012872930957004772,9.520724415779114e-05,1.701825746823482e-05,1.1927465129596198e-05,3.296881914138794e-06,0.0002917343690788943,3.4190042091139516e-05,0.00011060759425163269,2.5446005661039495e-06,0.000586593744689147,0.0003850264474749565,0.0003647364020791244,0.0002773868658738441,0.00013745762407779694
2172,0.00011697404088792385,0.00015256653964207043,9.477697312831879e-05,6.878612089933345e-05,4.427660034643857e-05,9.469036012887955e-05,2.0923194592514793e-05,4.146366561562473e-06,1.4960765838623047e-05,0.00031340059283201105,8.834047450687749e-05,0.0002920040860772133,0.0003999602584245643,0.00047007138920485483,0.0002388153225183487,0.00019811972900313224,1.3999660788549528e-05,0.0002389904111623764
2173,0.0004694769176371433,7.469081676026584e-06,0.0003115823492407799,0.00040439914836794266,2.121528792672564e-05,0.0002479869872331619,4.9517707100613095e-06,8.55842383288793e-07,3.256276249885559e-05,0.0005397205640293862,4.760788628620921e-05,2.5368761271238327e-05,0.0005189851498837716,0.00018111779282163967,8.162856101989746e-05,0.00032428731376710207,5.3908283002139165e-05,0.0005519017577171326
2174,1.937355388491324e-05,7.348440538521017e-05,4.209950566291809e-05,0.00033917331562248465,0.0001258560469313344,4.184991121292114e-05,2.2219422829313634e-05,8.926043799036367e-06,5.129724740982056e-06,0.00020732405257213593,0.0006167180065297165,0.0001958725042641163,2.370019625481945e-05,0.000145898742945013,0.00034424755722284317,8.875661581558836e-06,0.00016170295789767926,0.00011063925921916962
2175,0.00011172834375870744,3.3814510180391055e-06,0.00011271331459283829,0.00030090567844384686,9.614101264902863e-05,9.684823453426361e-06,2.112909939957705e-05,7.705889273411414e-06,4.932284355163574e-06,0.0008224470566795677,0.00032548513891946657,5.5392738431692123e-05,0.00023298019756493038,0.00024457385332586276,9.468942880630493e-05,7.822089305004054e-05,5.727416222610707e-05,0.00013013556599617004
2176,0.0008391435854601531,0.0006793924826490189,0.0004938375204801559,0.0014233456973114927,0.00024271503906368036,0.00048348214477300644,0.0001558054222409299,2.380902448266293e-05,0.00012020021677017212,0.00025856977537756787,0.0010023326917433517,0.0015160348266363144,0.0007436945756553875,0.0006801900652476413,0.0014801817014813423,0.001100089345722921,0.000452893796197628,0.002357048913836479
2177,0.001268292113614164,0.00013521767401204407,0.0006619198247790337,0.0003501083394122084,0.0002096326903842996,0.0005191350355744362,7.408762664712354e-05,1.3467985413580241e-05,4.041939973831177e-06,0.0005978010031985892,0.001199611218638326,0.0003690388984978199,0.0003353928542072504,0.0009661108076793254,0.000117485411465168,2.0302422321094582e-07,0.0002501358354493454,0.00047233887016773224
2178,0.0005788142799040275,0.0005075834130381686,4.022754728794098e-05,0.00021280022938516274,0.00010956549938814786,0.0002416493371129036,8.094207063115075e-06,3.5211079646751595e-05,1.457706093788147e-05,0.0007177215770887979,0.00032665851771595394,0.00039114756509661674,0.0009072249227028151,0.00013355134399346477,0.0006650174036622047,0.0009344925107053481,0.0005910091726226575,6.250850856304169e-05
2179,0.0005507436715940645,0.00010031461802256086,5.951058119535446e-05,0.0004449411967065442,3.97104248352001e-05,3.327522426843643e-05,6.61266953208197e-05,4.968266349025569e-06,4.4330954551696777e-07,0.0007870836494448391,0.001399000701506621,5.104951560497284e-05,0.0007135772084185948,0.00022550548614585705,1.6916543245315552e-05,8.546782762630656e-06,1.5784210657085115e-05,5.772151052951813e-05
2180,0.0004119871056976476,0.00027665216779578644,0.0002888226881623268,0.0005037293240147539,9.64035585226744e-05,0.00032475125044584274,7.178696997003561e-06,5.043173421114856e-07,3.9089471101760864e-05,0.0009159917133314543,5.39789822292594e-05,0.00047110719606280327,0.001033331260236317,0.0006342213771212933,0.00046753138303756714,0.0004628557384083465,8.29714561509029e-06,0.0010190699249505997
2181,0.0004535619768683413,2.7407415248550948e-05,4.289858043193817e-05,0.000443619726493219,3.164079875748668e-05,3.749597817659378e-05,5.7161428867554334e-05,1.666924935201969e-05,1.3113021850585938e-06,7.73410544813724e-05,0.000888718936367501,0.0001663779839873314,0.0003306190408103732,0.00023208077348665923,0.000304248183965683,0.0006974576724116388,0.00028334490038395103,0.0002755075693130493
2182,0.00021854184059072468,5.3554444456389155e-05,0.0004859277978539467,5.00981844215459e-05,0.0002720660249231899,0.00026905443519353867,1.1838612895932049e-05,5.097256323805736e-06,5.079805850982666e-05,0.00012416851487973002,0.00026618170248889766,0.0006363685242831707,9.249992384274819e-07,0.00013471292902578896,0.000938737764954567,0.0005106932457132618,9.775484385352029e-05,0.0007956735789775848
2183,0.000223503085582763,0.00017751138344311926,0.00014460086822509766,0.00022089622672102904,0.00011530477167986594,0.0003337860107421875,2.5211343925031493e-05,2.7974558063478838e-05,2.3424625396728516e-05,4.549109990360789e-05,0.0010779847786298244,0.0005019605159759521,0.0005992319355843795,9.465600066162552e-05,0.0007603904232382774,0.00026550409230211014,0.0005056833798728223,0.0006380435079336166
2184,0.0005915317929830743,0.0003611441177262184,0.000218220055103302,0.0009340734800371009,5.188458327768514e-05,8.44709575176239e-05,5.62397525344302e-05,5.891174267288481e-06,4.5787543058395386e-05,0.0006865390445763148,0.0007102287325814333,0.000524323433637619,0.0007092997934074891,7.169729415879705e-05,0.0006955396384000778,9.685167636691583e-06,0.00014420699614790464,0.00066366046667099
2185,3.2056044004080686e-05,7.692408319814534e-05,0.0005236472934484482,4.431312299775503e-05,0.0001577437876280341,0.0005228547379374504,5.033723499912532e-06,2.661529313149674e-06,5.402788519859314e-05,0.0003138062294475441,0.0005390281946009365,0.00043282145634293556,3.055281360284101e-06,0.00013628490020049094,0.00037365686148405075,0.0008143433888988805,4.913798721107622e-05,0.0008787624537944794
2186,0.00018757885982843836,1.0929552920771468e-05,2.537202090024948e-05,0.00025355715491968966,3.6190542446957324e-05,4.925951361656189e-05,7.002967346280212e-06,9.106513077106995e-06,2.028048038482666e-05,0.0007890078865750855,0.0005264589333337927,0.0005078781396150589,0.00047832193361867226,0.0003027146608583775,0.0004916805773973465,0.0008726182815997907,0.00021583309225654303,0.0003507304936647415
2187,0.00012123825204647665,2.492620397166051e-05,0.0006867339834570885,0.000791723048648732,1.750551717371457e-05,0.0008363043889403343,0.00011479417891496063,1.5023332509621042e-06,4.512816667556763e-05,0.00018043519353001802,0.0005494501265850271,0.00013761362060904503,0.00020468222923394896,0.00010275793619573398,0.00017689354717731476,0.0012348866687930393,4.833300642791312e-05,0.0009264834225177765
2188,0.0008727502344020865,9.971948940572586e-05,0.0005094325169920921,0.001143274445179962,0.0005047998713849158,0.00047877896577119827,2.6076077938136724e-05,1.6043451698566878e-05,2.0328909158706665e-05,0.001369664478261895,0.00028827330206954854,0.0008013518527150154,0.0012196790398920632,0.0011723049459520553,0.0007992973551154137,0.0009987260847800494,0.0002398462638217129,0.0005566328763961792
2189,0.0005738003204637937,7.587510994435873e-05,6.231013685464859e-05,0.0006409301441866466,0.0001595174262672694,7.605552673339844e-05,1.4009872444414179e-05,9.871752485721358e-06,2.4374574422836304e-05,0.0008367547421933574,0.0001838834533682901,0.0008023055270314217,0.0008370351721875835,0.0006161722927457043,0.0008428497239947319,0.00129285380111116,0.0001668487561894052,0.0012706760317087173
2190,0.00022475604412257322,6.322492887203893e-05,9.653624147176743e-05,0.00048467213767779127,0.00011406962621053271,5.573779344558716e-05,1.3505683490330767e-05,8.026691608231358e-06,3.1478703022003174e-06,0.00024242814724048656,0.0004068051309680104,1.7825979739427567e-05,0.0008403838705718092,0.0003018941583054803,2.3177824914455414e-05,3.0156603173625562e-05,0.00023215323382553242,9.037181735038757e-05
2191,0.0004329576502455773,0.00018314953437851417,6.797350943088531e-05,0.0011432510486392433,0.00014164626162296856,0.0001521967351436615,0.00011589401615628644,5.593039951525404e-06,7.4766576290130615e-06,0.0007293922269392544,0.00048330722963393913,4.8972200602293015e-05,0.00015312786879770335,0.0003846216882969107,6.887782365083694e-05,0.0003049743748401723,9.061772067518042e-05,0.0007402058690786362
2192,0.0004520793858237837,0.00025426340546291434,0.00037889182567596436,0.0008545038225966223,0.00023100819858367858,0.000177895650267601,5.521720364400594e-05,9.474359265345973e-06,3.067031502723694e-05,0.0012123584316720282,0.00014895066382935446,2.6689842343330383e-05,0.0009183709168445603,0.00020039638058455198,0.00028456468135118484,0.0016405138453128854,7.648520581734347e-05,0.00017678365111351013
2193,0.00034327928640748295,6.808743983425375e-05,0.00039939582347869873,0.0007890603282903752,0.0002586861860324925,0.00025257375091314316,5.5556272636866216e-05,2.8580132117802322e-05,5.7909637689590454e-05,0.00030837603340456987,0.0008355781337225643,0.0006358111277222633,0.000154337883028155,0.00016724847202008453,0.0008047455921769142,7.835923553528579e-05,0.00042445055603681017,0.0009223911911249161
2194,6.670341622223852e-05,0.00016263399677445695,0.00041941087692976,0.0001613976939049272,0.00011597197954792832,0.00038439594209194183,4.1385903292695536e-05,6.797198208472323e-06,5.9019774198532104e-05,0.0005286730211084695,0.0002608050958921998,0.0005034292116761208,0.000754083809815051,0.00013454033836909907,0.0005657896399497986,0.00048388425130507784,5.7637396803951815e-05,0.0008972529321908951
2195,0.0005869408159742823,0.00038875448737226564,0.0002507045865058899,9.594592344254471e-05,0.00010698804437447515,0.00022366084158420563,1.7954266417903944e-05,1.5332239164870046e-05,5.89713454246521e-05,0.0002982299266824223,0.0008031808747829133,0.00023426441475749016,7.33899608362093e-05,0.00034930665732531285,0.0003087865188717842,0.0009374161101550482,0.0003062486357924051,0.0007324051111936569
2196,0.0003108245226960682,8.317612152005868e-05,1.4194287359714508e-05,0.00013837855805591548,9.439747654926833e-05,0.00015579070895910263,1.0544965041067375e-05,2.230476299307487e-06,2.9917806386947632e-05,0.00040992611415714697,0.0004220312980619187,0.0012342878617346287,0.00018915665443797192,0.00041003217998072244,0.0010627750307321548,0.0019416437494797212,9.09351546176853e-05,0.001575252041220665
2197,0.00017258289838548158,0.0002172085783901552,0.00032546743750572205,0.0004981853858198465,9.620027866437397e-05,0.00029060710221529007,0.00014999116008516077,9.147877512678555e-06,6.560236215591431e-06,0.0003626239893847333,0.00013288953277512672,0.0007985224947333336,0.0004604891509454173,0.0012834575920173154,0.0007299846038222313,0.0012992399462025683,0.0001768494323283517,0.00042209401726722717
2198,0.0004634378314959525,0.00021917111103199674,4.6323053538799286e-05,0.0001470285299603885,0.00025113116410684436,0.0003216182813048363,9.361493214389213e-05,5.624385564288921e-05,9.022653102874756e-06,0.0012304336134831423,0.0015267241867456469,0.00017877155914902687,0.0010768181466283278,0.0009155061079000361,0.0002206927165389061,0.0008696433441479912,0.0008135991483427477,0.0005997214466333389
2199,0.0013496828018169787,0.00029684363761236024,0.0006516408175230026,0.0014652066451926599,0.00043321748162319235,0.0005603032186627388,6.151899816900057e-05,1.6078781945700563e-06,3.855302929878235e-05,0.001322220118124065,0.0020577871562575747,0.0003680777736008167,0.0015245629460396704,0.0004070550894399276,0.0005273157730698586,0.0003104857657268978,4.245721571852039e-05,0.0006816815584897995
2200,0.0019474623361869503,0.0002748993711294799,0.0009009409695863724,0.0015754661675506237,0.0007120579853204106,0.000575704500079155,1.3638538530369448e-05,4.197022198880603e-05,7.951632142066956e-05,0.0011394397321272398,0.0015939570638687645,0.00012877583503723145,3.674499194454561e-05,0.00047198632607620486,0.0005549201741814613,0.0004701903739698088,0.0004937323227640154,0.0012026485055685043
2201,0.0005671639358270086,4.515413499448645e-05,0.00014615803956985474,0.0003554932444704978,7.836533472791937e-05,0.00014947913587093353,8.221995441079141e-05,6.92716846364017e-06,2.41696834564209e-05,0.00014467822977215494,0.00023557112981044404,0.0002607535570859909,1.6912123854101457e-05,0.00018071018627721994,0.0002902550622820854,0.00011364448018005846,0.00013131403815726944,0.0007458794862031937
2202,0.00012550513605269487,7.74473766564851e-05,0.00042188819497823715,0.00015322568821174443,0.00015248375010419243,0.00039264000952243805,6.164383306662448e-05,7.291992772295777e-07,1.1529773473739624e-05,0.0003943443959067705,3.0488216512941646e-05,1.8611550331115723e-05,5.124776930864883e-05,0.0010486549492575992,2.221856266260147e-05,0.00016319769617800794,0.00018625474657936285,0.0003676842898130417
2203,0.0006947884609631721,0.0003090074985154477,0.00016018282622098923,0.0009049789011249532,0.00015062729739795042,6.502680480480194e-05,1.479057546042127e-05,4.411940888697312e-06,3.41758131980896e-05,0.0011349559818088079,0.0007176295199090993,0.00034298794344067574,0.00025932226805162883,0.00019801699529949784,0.00021873228251934052,0.000489633195841388,0.00018145527142292284,0.00038596615195274353
2204,0.000411772227180876,0.00013222709482381065,0.0003237966448068619,0.0006191175617819289,7.305996943425194e-05,0.00030073150992393494,5.147390547784875e-05,3.873229974475493e-06,2.5175511837005615e-05,0.0005438405772603405,0.0005249131751641004,0.00024938909336924553,0.0013126270289098851,0.0011893613074495275,0.00024445541203022003,6.090050786691781e-05,0.00018934851024344536,0.0004035141319036484
2205,0.0001925611122948756,2.3895381542637234e-05,0.00029156357049942017,7.510063719498583e-05,0.00021008697685417563,7.737986743450165e-05,2.811872467986358e-05,2.812491653777019e-05,5.200505256652832e-06,0.000207717751590758,0.0003770426191636034,0.0001322026364505291,0.00019057831740695863,0.0007630641029881986,8.701346814632416e-05,0.0004781492795432052,0.00043211366667177294,0.00023754872381687164
2206,0.0003559749718020644,0.00023380598756155002,4.770606756210327e-05,0.00022374692428872578,0.0003142527935690899,0.00010432116687297821,9.544153142428818e-05,1.338058908455838e-06,8.609145879745483e-06,0.0007897446481753834,0.000496883711455641,4.6564266085624695e-05,0.0006158192186093842,3.0601424846822545e-05,2.300366759300232e-07,0.00029700024169102,0.0001279624312926532,0.0005144402384757996
2207,0.0005339545620089009,2.3191416373750245e-05,0.0003240685909986496,0.0007738491235767947,7.765270010495068e-05,0.0005000662058591843,8.341290501890156e-06,7.830875116613192e-06,7.57463276386261e-05,0.0012597138537691205,0.00029328572359774846,0.0006624748930335045,0.0010066890156920777,0.0006812410223082134,0.0004919730126857758,0.0006149274504642088,0.00010346216634331967,0.0013304241001605988
2208,0.0008819550136850568,0.00021935253296855028,0.0006004497408866882,0.0007336394042074673,0.0002808649869653866,0.00048605725169181824,5.672179896153498e-06,1.886346109681962e-05,3.7670135498046875e-05,0.0010365493704245637,0.00015443934220325806,0.0001158243976533413,0.0010565003714879395,0.0007711788639780323,3.117602318525314e-05,0.0010501947167133596,0.000186059923055662,0.0003896765410900116
2209,0.000645811753867076,0.00010045572409060621,0.0006352365016937256,0.000790265625886924,5.718139056786961e-05,0.0005514584481716156,2.2080045292681774e-05,1.4465718730236315e-05,3.832206130027771e-05,0.0014435040403958654,0.00011601498922098052,1.8229708075523376e-05,0.001074255508387953,0.0007123317296040994,0.00014570727944374084,0.001035058125129884,0.0001913048620496953,0.0003418009728193283
2210,0.0005114877772604415,0.0002650824914297058,7.981900125741959e-05,0.0004726982159934112,0.000304063731878957,2.5804154574871063e-05,6.570272659647651e-05,1.1195276030600589e-05,2.3458153009414673e-05,6.344843470715289e-06,7.671310791836083e-05,0.00014991359785199165,0.00036719004388835463,0.000494326427248417,0.00011002272367477417,0.0007168458448278126,6.290363455982613e-05,0.0001208968460559845
2211,0.0003750453448629065,0.0001971055259797974,0.00010607298463582993,0.000589383126232218,0.00029570964847146913,8.437875658273697e-05,3.3567953690270824e-06,8.021027252483673e-06,6.854534149169922e-06,0.0003007391171069157,0.0008243933307214221,0.00011956179514527321,0.00012675012908508476,0.00016776667294912673,0.00011926516890525818,0.00034763744716911904,6.893838082777659e-05,4.6893954277038574e-05
2212,0.000638283925476088,7.516804851114695e-05,6.765499711036682e-05,0.0007041932953321117,0.00027570245980400657,0.0001529976725578308,5.7028944974257464e-05,1.4564224635015346e-05,4.8488378524780273e-05,9.239447577120974e-05,4.936271804031889e-05,0.0006413343362510204,0.000655428626291879,6.378719083310544e-05,0.0005273884162306786,0.00022193808346973598,0.0002614019711667335,0.0006927270442247391
2213,0.00030581854139369313,2.5043025683641612e-05,0.0003265282139182091,0.00036789101554217385,5.6098121931660166e-05,0.00026368722319602966,3.102329144528092e-05,1.077687094362136e-06,3.6638230085372925e-05,0.0008370091944870095,0.0005776295705021833,0.00030278507620096207,0.0005136028837295775,0.00047895665599350865,0.0003485996276140213,0.0006534590774372739,0.00011629120981251212,0.0006117597222328186
2214,0.0002770340834251789,9.540574047951084e-05,0.0003256825730204582,0.00018701713457208724,0.00019401840319131086,2.722814679145813e-05,3.840093851660738e-05,3.1521218325069136e-05,5.856156349182129e-06,7.531264244974023e-05,0.0004930336740667993,0.0005175094120204449,0.0008414608616700708,0.000914978664385644,0.0001573050394654274,0.0009481902433889078,0.0004458882392484407,7.352977991104126e-05
2215,0.00058732372586702,0.00010214648897050385,0.0001898501068353653,0.00048427823878141596,0.00014519385538707547,7.320474833250046e-05,1.4856189608889944e-05,2.4377134825108015e-06,3.5278499126434326e-06,0.0005509713846034436,0.0007440109829583361,0.00029576104134321213,0.0009538193053722083,0.00030715920533143024,0.00013572163879871368,0.0007844885224451981,0.00012156856137703932,6.452016532421112e-05
2216,0.0002489061094344408,0.0001396554593042082,0.0004356810823082924,3.260825607281914e-06,3.868034511161217e-05,0.0002636592835187912,5.909155957649348e-05,7.36015442544518e-06,1.8253922462463379e-06,0.00020325207522985111,0.00010010324111035113,0.00012768805027008057,0.00019792164271636992,0.00042606651533841355,5.217548459768295e-05,4.393526442381113e-06,0.0001469694373822973,0.0003883279860019684
2217,0.0005638863977874969,0.00017372377152104213,0.0002083759754896164,0.0005699165911466075,8.693102651898335e-05,0.0002329545095562935,8.191604817860305e-05,4.794531200038297e-06,1.862645149230957e-07,0.00031865949664661164,0.000266482226848358,0.0001562163233757019,0.00023981056967947723,0.0008158982316349567,0.00020748283714056015,0.0007569265592986818,7.391732644251511e-05,0.00041822902858257294
2218,6.7016744721842825e-06,4.592777223732039e-05,6.771739572286606e-05,0.0002045272389656766,0.00016491211072134498,0.00010960828512907028,6.988770804851677e-06,2.3612658582740646e-05,3.762543201446533e-06,0.0007378278835856455,0.00010727765155210678,0.00011533079668879509,0.00045134357485275556,0.000551807758047855,0.0003370335325598717,0.00010806143837333027,0.00036781579793252785,9.141862392425537e-06
2219,0.00038956634997844297,0.0001251659046356407,0.0003606099635362625,0.0001610764271851306,1.4104846262852355e-05,0.0004245331510901451,2.2292105489193914e-05,9.20497235662053e-06,1.9960105419158936e-05,0.00047605233765982136,0.00028535654113088366,5.5730342864990234e-05,0.0001208416473865298,0.0002983826598623937,0.00012863986194133759,0.0002599246331895233,0.00020250319686128913,0.0006565190851688385
2220,9.938791824540272e-05,0.00017884335625676165,0.0005000373348593712,9.67387306953088e-05,3.7530720112064625e-05,0.00039424188435077667,9.946105344731462e-05,1.0011631042466853e-05,6.907805800437927e-05,0.0005529123047958578,2.2026079802485443e-05,0.0006240247748792171,4.573569793792087e-05,0.0004410290750420341,0.0007098531350493431,0.0005417030525019795,0.00018866950220708736,0.001656513661146164
2221,0.0016364581762441655,0.0005631739375586663,0.0007677478715777397,0.001181023815249857,0.00038024012763379633,0.0009682541713118553,0.00026530221190077495,2.1667415448151962e-06,3.8061290979385376e-05,0.00035916260801599487,0.0007501645009859795,0.00036543095484375954,0.00043530996143288647,0.00010589710412767933,1.6922131180763245e-06,0.0007899296315043713,7.812925217260888e-05,0.0006769075989723206
2222,0.00021940942876889913,0.000267014322569141,0.000590907409787178,0.0003284915740213723,0.00016518984627185776,0.0007395222783088684,0.0002636248692499763,1.6382996669126793e-05,5.83156943321228e-05,0.0004605195161548892,0.0009128708137534428,0.00017980718985199928,0.00012653792516588436,4.029819567899842e-05,7.325597107410431e-05,0.0005077557817546319,0.00045046570119393857,0.0011023003607988358
2223,0.00019200643993468047,0.0008212666455706258,0.00020584464073181152,0.001961190712993069,0.00029787853209231954,5.318596959114075e-05,9.473205703757273e-05,2.9534437820651267e-05,3.4496188163757324e-06,0.0008688739408979906,0.001075781141119371,0.00027903029695153236,0.00041781394587137033,0.00026143297559783063,0.0005469219759106636,0.0017396907984537913,0.0006003773515609948,0.0006821323186159134
2224,0.0012963717168795047,0.00029330531077441033,9.382516145706177e-05,0.0006452533552479961,0.00012974918143100755,0.0003235386684536934,3.150596812732942e-05,2.494644692698617e-05,4.452839493751526e-05,0.0005268482107416844,0.00014428927309710626,0.0005591632798314095,0.0004475947600901392,0.0001555554387944226,0.0008568884804844856,0.0006169298885398966,0.0004959425575515562,0.0008921399712562561
2225,0.0005499206980883187,2.4204059958926605e-06,0.00030381232500076294,0.00017124082964899145,0.00019268819601182124,0.0003054291009902954,3.8784884360581334e-05,3.443692624852438e-06,2.0675361156463623e-05,0.0007486685129318854,9.967908769591832e-05,4.7806184738874435e-05,0.00037293741152819027,0.0002937708184397002,3.250874578952789e-05,0.000835793031674803,0.00011293624231134732,0.00017215870320796967
2226,0.00020796346935801624,0.00023438990503125978,0.00028111692517995834,0.00022718691325046558,4.002554375625092e-05,0.0002574678510427475,3.4608219245078897e-07,5.4936952091850025e-08,1.0035932064056396e-05,7.921648091342715e-05,0.0010092418773853182,9.286869317293167e-05,6.55975336907727e-05,4.181134093281941e-05,0.00016340520232915878,0.00026493182123735193,9.831461288564193e-05,0.00015999563038349152
2227,3.5063977436453064e-05,0.00046002388853069037,0.0001240978017449379,0.00020366007282079934,0.0001672896152039513,4.805997014045715e-05,8.758789317627955e-06,5.51961649878697e-06,3.3564865589141846e-06,0.00011588367242430786,0.0007596367609986124,0.00028868764638900757,0.0001270302484409902,0.0002406319787423665,0.0002603568136692047,0.0008319987610934665,0.0001040792787492216,0.0001967456191778183
2228,5.666445108652718e-05,0.000438113624525345,0.0002047484740614891,8.64331128888618e-05,0.00034823134737363773,3.519561141729355e-05,4.8512820131076453e-05,2.016188002798363e-05,4.7869980335235596e-06,7.012175515380692e-06,0.0005159510879139892,0.0002465457655489445,0.00019338117411180078,1.1727488248774315e-05,8.655060082674026e-05,0.00030342612959374793,0.00033237876694813297,0.0003537200391292572
2229,4.401880791037038e-05,0.0004342767117508986,7.230043411254883e-05,0.0002482521060491738,0.00012962823087812186,8.529331535100937e-05,2.665140497541338e-06,2.5026529455860272e-05,1.035258173942566e-05,0.0006165415400438412,0.0004151627975519587,0.0001535681076347828,0.0007204164835538929,7.611883331344257e-05,0.00032447371631860733,8.141601465694315e-05,0.0005441409202975658,0.000157797709107399
2230,0.0005125189041025047,0.00023392856093238865,0.0003634970635175705,0.000493777329511183,5.227712520045752e-05,0.0002969866618514061,0.00013242421645669362,2.8228427412871847e-05,5.2869319915771484e-05,0.0003655882315984349,0.00021796676848004348,0.00037987250834703445,0.0005787836559413562,0.00017378014013919377,0.0004353271797299385,0.0010088058067460326,0.00047916859072911523,0.0007522441446781158
2231,0.0006887068748398784,0.00028232026680595837,0.00032201968133449554,0.0010768806816593146,4.982075453977344e-05,0.00013259239494800568,9.054629616395311e-05,3.3637103257009703e-07,3.9555132389068604e-05,0.0007411942088039886,0.00026268607776796377,0.0004111751914024353,0.00045475429744099016,0.0001679856249624974,0.0006426610052585602,0.0004636584300412583,7.885719820092431e-05,0.0010516680777072906
2232,0.0004365885821240034,3.674606470014871e-05,0.0002973116934299469,8.643611209560587e-05,0.0001983878352585268,0.0003954153507947922,2.8869120025773118e-05,2.054559840290607e-05,3.3717602491378784e-05,0.0004630203783512754,0.00022649908262876994,0.000491543672978878,0.0009172603276242502,0.000377553275153035,0.000385921448469162,3.01755799644865e-06,0.00021944997686763716,0.0008111651986837387
2233,0.0003305246345833984,4.629215831272737e-05,7.397029548883438e-05,0.00022607976889044146,0.00016710336169970322,0.00010386761277914047,4.798319258106365e-07,2.1807003036901015e-06,2.0567327737808228e-05,0.0006783637551627392,3.4341581757059425e-05,0.00031504174694418907,0.0008132196390379653,0.0003053488942756817,0.000271565280854702,0.0009562935379407445,6.964788623327854e-05,0.0006811302155256271
2234,0.0006872418533836744,4.696425522104572e-05,1.4721415936946869e-05,0.00031052727208145947,0.000266672960355676,3.595557063817978e-05,1.1720791391162458e-05,1.3594682026038963e-07,5.804002285003662e-06,0.0005692437543630136,0.0004851828565735766,0.00029460061341524124,0.0007398608709198173,0.00012510011519726444,0.0002435203641653061,0.0008156260889380096,2.6382799236425447e-06,0.0002992488443851471
2235,0.0004921700924990086,0.00010254489675661643,0.0001474916934967041,0.00010837594904128389,2.8097478204366227e-05,0.00021997187286615372,4.054908959011047e-05,1.286171173390182e-05,1.1000782251358032e-05,0.00014032838484120957,4.2852617302822915e-05,0.0002696453593671322,0.0001625891057474016,0.00022428700898424747,0.0001636408269405365,5.485949432604276e-05,0.00016625001350518802,0.0002391468733549118
2236,4.246478505101625e-05,2.4768644634284853e-05,0.000173056498169899,5.551204278092525e-05,0.0002392763664936029,0.00013964995741844177,4.817433030725876e-05,6.437916650206565e-06,7.5660645961761475e-06,4.9887673955389955e-05,0.0004153246906374586,0.0002157054841518402,3.175494646345811e-05,0.00016098616815666406,0.0001736646518111229,0.00018426907389013092,0.00016816350693927076,0.00011488981544971466
2237,0.00023160296008019332,1.6610022609501313e-05,0.00017562229186296463,0.0003534433651939811,0.00011866872507074536,0.00019887089729309082,2.221842758774739e-05,5.899145975038771e-06,2.0969659090042114e-05,0.00024022916863385146,0.00014816991899600784,5.205627530813217e-06,7.347717492320327e-06,0.0003410065199834361,2.361554652452469e-05,0.0005015002917050371,0.0001079832542178246,0.00018647871911525726
2238,0.00010085902249694356,6.0458572467860655e-05,0.0001467457041144371,0.00040839010445963,9.647779651925092e-05,0.00010254886001348495,5.54472280431019e-05,1.0413088386515036e-06,9.126961231231689e-07,0.0004505060872769806,9.299121060092619e-05,0.00017800694331526756,0.00046732100585983316,0.00010904628387925497,0.0001333337277173996,0.00039505349815352475,0.00012582160086498963,0.0001456737518310547
2239,0.00048345019812252865,9.98281786356442e-05,0.00010218005627393723,1.0085404552634403e-05,9.296941746122014e-05,0.00010156817734241486,1.7529595424087274e-05,4.217532654011329e-06,1.3336539268493652e-06,1.674057817863117e-05,0.0001475036363119131,6.683496758341789e-05,0.00024794430064048467,0.00017393528529466296,7.407739758491516e-05,0.00020947108514945967,6.751671718474746e-05,6.522051990032196e-05
2240,0.00010664850082837962,0.00016183674717020965,0.00019066128879785538,0.000179952834248015,0.00013446904945156948,0.00026738084852695465,2.1153083064627543e-05,4.769265219388831e-06,2.3487955331802368e-05,8.688883489314791e-05,1.0644655572364381e-05,0.0002972749061882496,0.0003279933739206431,0.00018199929257589273,0.00018270686268806458,0.0002600204299700315,0.00014137639539745124,0.0005931127816438675
2241,7.743583732501558e-05,0.00017789219916620677,0.0001529902219772339,1.1588911927845613e-05,0.0001022626568370627,0.00011816900223493576,2.1160052222262207e-05,1.237326009326451e-05,1.2025237083435059e-05,0.0006470770811477233,0.0004519852328191132,6.36223703622818e-05,7.204055169308943e-05,0.0002871561807379838,1.7099082469940186e-06,0.0006478802276145279,9.333558856567704e-05,8.512288331985474e-07
2242,0.0002758481699741827,2.5216904722361044e-05,0.0002673044800758362,0.00040009599402410223,1.8304280402517414e-05,0.00023080315440893173,5.9984000155277606e-05,2.3212337448727484e-06,2.0753592252731323e-05,0.0007189033537397804,7.69034175239075e-05,0.00017948588356375694,0.0009269444702461049,8.491660593243355e-05,9.212084114551544e-05,0.0011723397562584947,0.000256543544846834,0.0002703014761209488
2243,0.0001885644686525495,7.786158160154669e-05,0.00024568382650613785,0.0005172714819440399,0.00017297577782506707,0.00021420791745185852,2.0430281468895167e-06,8.975140117594652e-06,2.5250017642974854e-05,0.00020178948325123847,6.319494865437286e-05,0.00035928189754486084,0.00018622061687631475,9.846389325073035e-05,0.0003675632178783417,0.0006695996719765229,0.00010205769811773638,0.0004612542688846588
2244,0.0011694860329024143,0.0008651939832970829,0.00024859048426151276,3.515038694651418e-05,0.00022080745384423991,0.0002456139773130417,1.2246155183319798e-05,5.142228836521427e-07,2.3204833269119263e-05,0.00024903414261037704,7.140540645336063e-05,2.902606502175331e-05,0.00021684223814508186,0.00038006385365840084,4.925765097141266e-06,9.06779051240425e-05,1.773192509199606e-06,0.0003667827695608139
2245,0.00045644863808309843,0.00039414027832959664,0.0006569148972630501,0.0004240507804964405,0.00017244482613207324,0.0005704956129193306,5.2692901428142216e-05,1.412348789813704e-05,3.590807318687439e-05,0.0005833677196935422,0.00021023796725041372,0.00044568534940481186,0.0004914590076479236,0.0003650879522282442,0.00034265220165252686,0.001275054164817463,0.00043014940563429645,0.00023406744003295898
2246,0.00010829393899770834,8.34551251964119e-06,0.00016140379011631012,5.560891398552481e-05,9.37085859300732e-05,0.0002071848139166832,3.467783722523564e-05,2.1991673497005412e-06,1.1991709470748901e-05,0.0001434099048879256,0.00035869376866715097,0.00015921937301754951,7.712584608014772e-05,8.160116515333951e-05,0.00010233279317617416,0.00017911209285315088,0.00010588152043410418,5.070120096206665e-05
2247,0.0001394086704086389,5.640719176824155e-05,0.00033583864569664,1.8819512617770928e-05,5.651962270359495e-06,0.0003452729433774948,1.9432813647574446e-05,2.6941566023301958e-06,1.8171966075897217e-05,0.00013860945250245005,0.00018268080349630872,0.00020062504336237907,0.00043656380197161504,0.00019798151896228966,0.00017043855041265488,0.00043355476767664713,6.92745962421245e-05,0.00041828490793704987
2248,0.0005694315021417956,0.0002774936388421599,0.0006467998027801514,0.0005398712333387484,7.734400905790723e-05,0.0006388677284121513,4.176176456727014e-05,3.8293383402990353e-07,7.138773798942566e-05,0.0005990263496595538,5.455827649090278e-05,0.00024350685998797417,0.0007912568460992503,0.00032596145407244245,0.00023694150149822235,0.0010528123785934485,2.7384559822866972e-05,0.0009073298424482346
2249,0.00023372056751148895,9.100561778363145e-05,0.0003280285745859146,0.0004404382268989454,0.00015288272716184464,0.00032321270555257797,2.6505657653488543e-05,4.577819608282251e-06,4.4815242290496826e-05,0.00044222907545669876,0.00014413173834921383,0.0002978937700390816,0.0004545446987991031,7.036040760348763e-05,0.0003122324123978615,0.0006723323421759242,7.576872269999049e-05,0.0005398951470851898
2250,0.0004271442978075052,0.00015280133924960165,0.00042205769568681717,0.00031054597153000463,9.856828983459756e-05,0.00045426003634929657,1.5678112135682556e-05,5.390670564580182e-06,5.344673991203308e-05,0.0002213254497893946,0.00042114469490975304,0.00033197924494743347,0.0004771443664708802,0.0003531470089118971,0.0002731243148446083,0.0007521643712350423,3.829486765148313e-05,0.0008258000016212463
2251,0.0001052770959450583,9.685013334848752e-05,0.0005049705505371094,3.003489362941869e-05,0.00044074389410669185,0.00029544439166784286,2.2591306703227676e-06,3.6775603639794684e-05,3.929436206817627e-05,0.00022958035868946014,0.0004480174588779931,0.0003953929990530014,0.0002808837996332719,0.0003247250179020493,0.0006268881261348724,0.0009225446721358166,0.0006416086948481739,0.0008692406117916107
2252,4.001782370575968e-05,1.886847985035911e-05,5.664955824613571e-05,8.58184473870316e-05,2.1717858944822477e-05,5.9567391872406006e-05,6.101644156200278e-06,5.859501314337033e-07,8.013099431991577e-06,0.0006833825951071265,1.3325964438010152e-05,0.00014963699504733086,0.0005778826639216417,6.01924847397628e-05,0.00015291012823581696,0.0006122808593500839,4.4578476128995584e-05,0.0002876054495573044
2253,0.00018524898852761984,0.00013851931254873703,5.5215321481227875e-05,1.5330095793214538e-06,6.442317556550406e-05,6.597395986318588e-05,6.881272725906343e-06,5.681802614092594e-06,3.993511199951172e-06,0.00024959042755677563,0.00047213668578965917,3.691250458359718e-05,0.00014566033238093412,0.0001302806287158259,3.809481859207153e-05,0.00032464724545427925,0.0001730550208529861,3.275461494922638e-05
2254,0.00046279555359786395,2.086568272479522e-06,0.0001967037096619606,0.00032950096763374737,0.00011907973306352418,0.00019756052643060684,2.191128356491233e-05,5.8810601495261e-07,8.083879947662354e-07,0.00012036958396241526,0.00012126368150758987,1.857895404100418e-05,5.877473090588892e-05,0.0001435857174015981,1.8073245882987976e-05,0.00025892589149423273,7.224741110827687e-05,2.6728957891464233e-05
2255,0.000222586770440944,6.503662150756512e-05,0.0002912525087594986,0.0007605006130778497,5.959096242806605e-05,0.00034655816853046417,4.2524893540171055e-06,1.0516482318393577e-05,4.7031790018081665e-05,0.0005683153442212902,0.0004233211458884792,0.0003425413742661476,0.0005462776159808475,0.0004888242021019763,0.0002751089632511139,0.0008355454320295441,0.00013757051037199645,0.0006636809557676315
2256,0.00027704279168230816,7.76900104738458e-05,0.00014648772776126862,0.0003927103709096963,3.5700494895294504e-05,6.649550050497055e-05,2.3098430106810453e-06,4.5006786957978596e-07,2.862885594367981e-05,0.00016043550351110825,0.0007872487086346205,0.00030482374131679535,0.0004593919912984773,0.0003339885634582769,0.0004298333078622818,0.0003469301565248162,9.183413467520572e-05,0.00019181333482265472
2257,0.000636194330330464,7.263502332248081e-05,0.0004743393510580063,0.0007565791500572377,0.00016104368253693283,0.0006270268931984901,4.029929874317141e-05,2.631282994946366e-05,5.867704749107361e-05,0.0015158664848199943,0.0002701286025430169,0.0003504478372633457,0.0013226078519490286,0.000302212183087517,0.00015022791922092438,0.0017784304045797283,0.00044285143196877604,0.0004932358860969543
2258,0.0002678765572116243,5.198310995253863e-05,4.58424910902977e-05,0.0005334491248737416,0.0002498677147471026,1.6140751540660858e-05,5.07230280580688e-05,2.5436466517624002e-05,1.2267380952835083e-05,0.00016269685316602778,0.00027042524527469414,8.203089237213135e-05,0.00012412648685547478,0.0007277454648276678,4.893448203802109e-05,0.000253579395847775,0.0005120682578509065,0.0002469215542078018
2259,9.316212070289986e-05,7.791875657192637e-07,0.00011023133993148804,0.0003240816589138579,0.00017179518717035103,0.00012041255831718445,2.3919044763001315e-05,3.5041986998219895e-05,2.236291766166687e-05,0.00013681209069955902,0.0004983793686140214,0.0004990585148334503,0.00018699006116071337,0.0007305930962570213,0.00012977980077266693,5.510270724431998e-05,0.0005733991572352548,0.00042471475899219513
2260,0.00021904747023104854,3.4178331695645936e-05,0.0002657845616340637,3.6701736341820945e-05,3.263115739841199e-05,0.00021779723465442657,1.0362277908152959e-05,2.991086740111769e-06,2.0053237676620483e-05,4.036038850854795e-05,0.00015680031743964956,2.0151957869529724e-05,7.657508067404617e-05,8.279849870413206e-05,8.262414485216141e-05,0.0005974738753406761,8.831827377082241e-05,0.00017722323536872864
2261,0.00040147601483582485,9.078968877643603e-05,4.600733518600464e-05,0.00023603460255125497,0.00013274750190866297,0.00012985896319150925,1.5054314288446419e-06,8.997074549892906e-06,2.0973384380340576e-05,6.233464423990864e-05,0.0002018182200952956,0.000403672456741333,0.00010290773191619362,6.736654302371206e-05,0.00026439595967531204,0.0004808849058946518,4.648885527248209e-05,0.0005733277648687363
